filepath,split,label,label_source,group_id,sha256
data/raw/Dataset/train/Normal/normal100.jpg,train,Normal,class_folder,unknown,ba0d97a49d9950cda80826f6206564b207344e086844fcaef17429e9bbbdb64f
data/raw/Dataset/train/Normal/normal101.jpg,train,Normal,class_folder,unknown,a3dede2aa96d8d38684e6772f20f1ea619a91784d980572bdf82b399bc359721
data/raw/Dataset/train/Normal/normal102.jpg,train,Normal,class_folder,unknown,604fe6f02a0d58f33abe9d80039fc8af73c803b797d8769a290251416c52eeac
data/raw/Dataset/train/Normal/normal103.jpg,train,Normal,class_folder,unknown,35db75e801886cc7dd76c34d7eaebe792cc79c22409a90ff4395baad43b831fc
data/raw/Dataset/train/Normal/normal104.jpg,train,Normal,class_folder,unknown,0feecf32282c7e177bbc3fdeeccabd8b5894f9e7c8d8c91e9fb33f148afb3d5a
data/raw/Dataset/train/Normal/normal105.jpg,train,Normal,class_folder,unknown,a998d8593951792df0d10a147e739a7046cc466c73309834c068c1fc8a45b2e7
data/raw/Dataset/train/Normal/normal106.jpg,train,Normal,class_folder,unknown,86124caf5991b2e7fd8e0dce1b7437a8acbda8a9abba721d21e4f15c8796e90d
data/raw/Dataset/train/Normal/normal107.jpg,train,Normal,class_folder,unknown,aa8af46597d0d9a19e24a2205fd3c3958a0c0f579ef3510ba4deb05875a4ef48
data/raw/Dataset/train/Normal/normal108.jpg,train,Normal,class_folder,unknown,3fbc7f260f1bd991809beb9299ff192acdd0ae32e23e09c5352750d339c278be
data/raw/Dataset/train/Normal/normal109.jpg,train,Normal,class_folder,unknown,6298ad7866ca5cd918843978df7771cca7a07f8da06fc941289a976cf4698027
data/raw/Dataset/train/Normal/normal110.jpg,train,Normal,class_folder,unknown,40d2fb0cddad752c68f6cb822f06c5b15cf52573918dfa1ef7a75f4e29104de5
data/raw/Dataset/train/Normal/normal111.jpg,train,Normal,class_folder,unknown,cfe5ca9a1a8107da12bca084d7a5e04aa68de2e5f7be4331dcfbfd803a1fdb92
data/raw/Dataset/train/Normal/normal112.jpg,train,Normal,class_folder,unknown,bdb589a059721e2cff2ceb9f058c72277b1f962ec521ecc27bcd809229b9973d
data/raw/Dataset/train/Normal/normal113.jpg,train,Normal,class_folder,unknown,56f8d0fa0802af839f3b06f2c96ad37059fa86f62e51691c2424de7a18b6eb42
data/raw/Dataset/train/Normal/normal115.jpg,train,Normal,class_folder,unknown,9975bbb31131459ab128d10482d7661ba4bec92c02441f5f90d022cfe514316d
data/raw/Dataset/train/Normal/normal116.jpg,train,Normal,class_folder,unknown,05801a1627c70e85690a566e6ece612e12aca84efa5964b9227d203e36e2fa39
data/raw/Dataset/train/Normal/normal117.jpg,train,Normal,class_folder,unknown,2b192310b1b7380c9803253515f13a6a371dd521c6103fe8da09f043f8c78dc7
data/raw/Dataset/train/Normal/normal118.jpg,train,Normal,class_folder,unknown,1d2df8792f58ea4d57b9195f4f7d8d3c3fdd89b45020f7950339738f0c0077c6
data/raw/Dataset/train/Normal/normal119.jpg,train,Normal,class_folder,unknown,e79fe3750dc2215b0ffc3a28ab8b5926af18e87d513a3475468d7dfcc6fd1a0c
data/raw/Dataset/train/Normal/normal120.jpg,train,Normal,class_folder,unknown,bb3e514648a32ff2ce04e38569ce4a591e3483531f3b79adf137e082437fb14b
data/raw/Dataset/train/Normal/normal121.jpg,train,Normal,class_folder,unknown,3809ce7c19bbfbc61e208d73c143ace1c1c345fe8e190d3def894120bbccd6d6
data/raw/Dataset/train/Normal/normal123.jpg,train,Normal,class_folder,unknown,9ee6507c4ab10da30eed7b4cbc9dcf78261b0ccc89015c8a15c9dbc4fb73196f
data/raw/Dataset/train/Normal/normal125.jpg,train,Normal,class_folder,unknown,6c0a1ea02490a451c500c4774da71752ac2a122adfbd68d3f60597f69c7c71d1
data/raw/Dataset/train/Normal/normal126.jpg,train,Normal,class_folder,unknown,ca98c656c2d7e11ee68e55ecbabc93f3dbfdf1a09c1d4d359a4464270f87ee70
data/raw/Dataset/train/Normal/normal127.jpg,train,Normal,class_folder,unknown,1165e85889c1eb9347087163b9180447891ebca41e1ad2c832ab98c26818a286
data/raw/Dataset/train/Normal/normal128.jpg,train,Normal,class_folder,unknown,b96ce804aca432d582d697f5e944259083ad86e1eaa207dd34db27db9dbb67e7
data/raw/Dataset/train/Normal/normal129.jpg,train,Normal,class_folder,unknown,ad6e350d6942e48f3ff3f38562a8aa262b0bf560afb5dd4d83073a7f49d92545
data/raw/Dataset/train/Normal/normal130.jpg,train,Normal,class_folder,unknown,086a5a232f7a69ab9f046b5fa2785782bb92ee92f709508da0784e4db638e741
data/raw/Dataset/train/Normal/normal131.jpg,train,Normal,class_folder,unknown,836fee14043b69009af676996eb49b73c1ac66c2cb74e55ff9d60324470be10c
data/raw/Dataset/train/Normal/normal132.jpg,train,Normal,class_folder,unknown,854b502a0e2257e66c25220d3d56d7b300d5f54e225a8c38a0d50f797dc9c097
data/raw/Dataset/train/Normal/normal133.jpg,train,Normal,class_folder,unknown,27233fc7c0e5b554e38c0ff59c5b2fd4ee9a723906a5bedc67e63e953c3ceb03
data/raw/Dataset/train/Normal/normal134.jpg,train,Normal,class_folder,unknown,a06d41537cf2d5401037aa81957741b40db3935516f6042f69fc37fb4c871e6d
data/raw/Dataset/train/Normal/normal135.jpg,train,Normal,class_folder,unknown,ff4b111e9c31b09078263faa92ecbad1f4cb0c24a98c597a1c8d4f21be6cc567
data/raw/Dataset/train/Normal/normal136.jpg,train,Normal,class_folder,unknown,8a9a334ef23d882b54cac9828b71cea598a6b41955e097f3ab0bb0d36fbd4ddf
data/raw/Dataset/train/Normal/normal137.jpg,train,Normal,class_folder,unknown,35e684a63dc57fab706bed3c97e311b2dfcfff027694be53ca8d0d2bcbaaf9ef
data/raw/Dataset/train/Normal/normal138.jpg,train,Normal,class_folder,unknown,0a96b3846c88e4f430b8f3cb2e003e4326ec48a5572cafdf30956490423474b6
data/raw/Dataset/train/Normal/normal139.jpg,train,Normal,class_folder,unknown,b6b3911cf509c431b8cf7c576a1154172650706fb01d032759f691fecc80d811
data/raw/Dataset/train/Normal/normal140.jpg,train,Normal,class_folder,unknown,031ee456e3a44a10e0d383f33d793ae1c6d649c6d1126f60614045568f3461d9
data/raw/Dataset/train/Normal/normal142.jpg,train,Normal,class_folder,unknown,3c5da64bfa11c2254da55c232f4457a137171c765b3f5741babf89d44222b98c
data/raw/Dataset/train/Normal/normal143.jpg,train,Normal,class_folder,unknown,94c9968135040de1989fd83d67ee32c8f9183669507cb44111662760ad8d74d3
data/raw/Dataset/train/Normal/normal144.jpg,train,Normal,class_folder,unknown,a38195d11101e7d36415f3e3ec900441ea14445a7ec2c1faabde4e2b45885ed3
data/raw/Dataset/train/Normal/normal145.jpg,train,Normal,class_folder,unknown,25fed9a53d0691d1d79b14dc04722f46bdaa13cee9e0277b33a7255a41e2188f
data/raw/Dataset/train/Normal/normal146.jpg,train,Normal,class_folder,unknown,80deeef15e3fc20412cf497b8d942d437ae24ffe8d32706eee10c577027097af
data/raw/Dataset/train/Normal/normal147.jpg,train,Normal,class_folder,unknown,54c916c5e71543136cb799b7a114f5650b5988ed775815b1b3b7cbd298c68a04
data/raw/Dataset/train/Normal/normal148.jpg,train,Normal,class_folder,unknown,8263451c26664f0437a30b2c59f80a23b3255010ea6ae9d835b3795542be03fc
data/raw/Dataset/train/Normal/normal149.jpg,train,Normal,class_folder,unknown,2dc2c3a0449153519ce6f112e3491a2423caffaaf300840e37c0fd740033064f
data/raw/Dataset/train/Normal/normal150.jpg,train,Normal,class_folder,unknown,a92b6ac9fbdcdddca1642e19106a0f8a2bc1e451a932c5828e3c02accb879753
data/raw/Dataset/train/Normal/normal151.jpg,train,Normal,class_folder,unknown,54c9e663921d365e4220e8f02855455e7ba3ec1413b114b9a2fb8b2bf6b5eef9
data/raw/Dataset/train/Normal/normal152.jpg,train,Normal,class_folder,unknown,d1b031f3aa881882c31105524b1644c94c31fd0e69c82d13b8951abd81acc436
data/raw/Dataset/train/Normal/normal153.jpg,train,Normal,class_folder,unknown,0fa4caf9e906a616725037c5bf754eefc1397273201eae704175e44eab4de3a5
data/raw/Dataset/train/Normal/normal155.jpg,train,Normal,class_folder,unknown,da316d87904f51c71334086e7185ae8f2b6c4aa47a2733ddd867fa6a5b094b80
data/raw/Dataset/train/Normal/normal156.jpg,train,Normal,class_folder,unknown,ca060b0205564b37acc94a09959ff5abbd229f5a8235a9f1fbc1b44e405f8c33
data/raw/Dataset/train/Normal/normal157.jpg,train,Normal,class_folder,unknown,6651555cc5cecc6e1ed177b66a52d1e8ff81cbc8a28f58c4b9f4fe2793f12e0b
data/raw/Dataset/train/Normal/normal158.jpg,train,Normal,class_folder,unknown,5161e2414bdf5fefcd1ff9293339a5d6e623ce013602abadbefe78ccc3e4c8bb
data/raw/Dataset/train/Normal/normal159.jpg,train,Normal,class_folder,unknown,954f73746e532055335a3aa895594b32c031fe05c6b6178e025d19d5efcff773
data/raw/Dataset/train/Normal/normal160.jpg,train,Normal,class_folder,unknown,622c60e4fa8cc8570177643a804350244183d47beffaa7256b460c4e49451b48
data/raw/Dataset/train/Normal/normal161.jpg,train,Normal,class_folder,unknown,09425dfbc2166476abbe2e8d51b82b022f33111099bf3765298208412cb70b07
data/raw/Dataset/train/Normal/normal162.jpg,train,Normal,class_folder,unknown,f17d87c72ab9a6135845d318df289fac36cf08e4d94da586331eab727a31a8bc
data/raw/Dataset/train/Normal/normal163.jpg,train,Normal,class_folder,unknown,6d3ff47ff98c6ddb3357648583385e20d750c1410c9f468afb61b268100c597f
data/raw/Dataset/train/Normal/normal164.jpg,train,Normal,class_folder,unknown,157a1fa9bc2820b8f49b5f6bad7d38f4c593ff1f2521c0bc6e506c3881d79866
data/raw/Dataset/train/Normal/normal165.jpg,train,Normal,class_folder,unknown,c9f94e728533394077ed669b36ef043ef4eba5d39c5809dd22e66e17674394ca
data/raw/Dataset/train/Normal/normal166.jpg,train,Normal,class_folder,unknown,02e608d87544a8631dbbfcae4752b67b4a64460b9922548c5dfe7d4854a89a8b
data/raw/Dataset/train/Normal/normal167.jpg,train,Normal,class_folder,unknown,0fb58541be5e27e710e26d0fa1b85065137a83e3e1b9030ba0e029b552e6a175
data/raw/Dataset/train/Normal/normal168.jpg,train,Normal,class_folder,unknown,21953df818de40a5edbe77fc16fd38c0d21bd7486b8833646ae88800dc66d4ca
data/raw/Dataset/train/Normal/normal169.jpg,train,Normal,class_folder,unknown,6380d36a45e901c19365a0d85d48a0a55a2a56b8db3c06a090f201806b51ef8a
data/raw/Dataset/train/Normal/normal170.jpg,train,Normal,class_folder,unknown,31d31cc9d1c7d61de8f3c4d27ff299c0ecfc2353f9698da68b874347bee943b8
data/raw/Dataset/train/Normal/normal171.jpg,train,Normal,class_folder,unknown,bfb0210bccc4768ca7c811c14ede29bc88662c9edcc6a1d1123865976eaa9b8b
data/raw/Dataset/train/Normal/normal172.jpg,train,Normal,class_folder,unknown,0b14a067b87e294622102229dad18444f06df1476a50a14862503f75f68481f0
data/raw/Dataset/train/Normal/normal173.jpg,train,Normal,class_folder,unknown,5ccdf5738461b949b2cf42104ddfd87d7527903e711ba006e7775285867c9932
data/raw/Dataset/train/Normal/normal174.jpg,train,Normal,class_folder,unknown,ca0646d3ee74b3d4c5749b72d6dfec474a0872f6f1b92498d336b2a9e16c03a8
data/raw/Dataset/train/Normal/normal175.jpg,train,Normal,class_folder,unknown,6bf4c08264d79354f8e6f4bb93fffb6f7ab22ad68a34ca5f6b4e34265524c55f
data/raw/Dataset/train/Normal/normal176.jpg,train,Normal,class_folder,unknown,7d13abb26f18eff11e11761364e3a61578025948918d33718ff3e4015e57d21a
data/raw/Dataset/train/Normal/normal177.jpg,train,Normal,class_folder,unknown,665e4538f04e55393429c471b36c971c5f62381b690d70eef736b8fd3481b237
data/raw/Dataset/train/Normal/normal178.jpg,train,Normal,class_folder,unknown,4fe3384d54584d42d362b60abc0519f4d4df0902b4d28ade0d31804bcbdbb3f4
data/raw/Dataset/train/Normal/normal179.jpg,train,Normal,class_folder,unknown,8ffb43b8c6afc8933c9c62038735747d0c303f60ba7803d720071134ddbd1c37
data/raw/Dataset/train/Normal/normal180.jpg,train,Normal,class_folder,unknown,8c8e34c714e6b530701b749b8bc6770e07f49b176aee433eee2ca4836981d5d4
data/raw/Dataset/train/Normal/normal181.jpg,train,Normal,class_folder,unknown,500dce0c45c89ce974dd5dfcdb75d787888a01205a050b04fdce953cec43ccd7
data/raw/Dataset/train/Normal/normal182.jpg,train,Normal,class_folder,unknown,3d36c36f0398562a3ba83eae878dd2fb27609e56a20050b5ce003604328d6052
data/raw/Dataset/train/Normal/normal183.jpg,train,Normal,class_folder,unknown,2d3a5668a2f48cb0b6fc793331253ff8ba01b50b15125aa82f975b497245b3d5
data/raw/Dataset/train/Normal/normal184.jpg,train,Normal,class_folder,unknown,2bcf36fece1a8c61b4ed017180e5ae1b5c33ec5eb5f8eaea9f1f9116dca6d090
data/raw/Dataset/train/Normal/normal185.jpg,train,Normal,class_folder,unknown,f8ae4edb0da897de6929f1c9d8500ac602f66bd8d6685a2a8e28cd13361212df
data/raw/Dataset/train/Normal/normal186.jpg,train,Normal,class_folder,unknown,c894e94c9abccdd9a8b0c08aff9adf8a75cc1b76d4c30af735b104e793113cef
data/raw/Dataset/train/Normal/normal187.jpg,train,Normal,class_folder,unknown,ddb29c9f22cd6467da2ef321e69634b6c59d49f6322bf755b31e624bed4dbaf1
data/raw/Dataset/train/Normal/normal188.jpg,train,Normal,class_folder,unknown,a295179223ba7a2144205cb93aae117870dc6db8cd651b9eb11bc00b0965e778
data/raw/Dataset/train/Normal/normal189.jpg,train,Normal,class_folder,unknown,4bc1c40a489bcdec5354b1347ab7a74195a727cfde51d40e9c7586e62f215fd8
data/raw/Dataset/train/Normal/normal190.jpg,train,Normal,class_folder,unknown,78eba6823b577f1a2d646e06f1f2b159580f22291e14b1c097ad9c7f9b29902f
data/raw/Dataset/train/Normal/normal191.jpg,train,Normal,class_folder,unknown,555f88cef1361119544fac9c77622375ada05958a809030f8953472698b59c56
data/raw/Dataset/train/Normal/normal192.jpg,train,Normal,class_folder,unknown,8a04a6e59925831d19130c9722d20140bcf18bf2f1daf0a79187a88e9ade238a
data/raw/Dataset/train/Normal/normal193.jpg,train,Normal,class_folder,unknown,61246224d6baef667614074e47abf9cd2ff3ac7337fd5f4fd83fd0f7519dcb43
data/raw/Dataset/train/Normal/normal194.jpg,train,Normal,class_folder,unknown,294c090178b69a69f8d569a907b43dc5907f934ea2f0fb5afb2536294fca87fd
data/raw/Dataset/train/Normal/normal195.jpg,train,Normal,class_folder,unknown,4cf646d985af32bebb3f8f0a8b00746bd94d58a8c1aaaf266987dd1ac10e3ab0
data/raw/Dataset/train/Normal/normal196.jpg,train,Normal,class_folder,unknown,4ff212756fd505428e7048927693baedb543ec885efb5bb300e80095c59242e1
data/raw/Dataset/train/Normal/normal197.jpg,train,Normal,class_folder,unknown,e893440b7a58414e3ac6414c0242949aba531063b1722cf03ee7ce20b54ab11d
data/raw/Dataset/train/Normal/normal198.jpg,train,Normal,class_folder,unknown,cebb98f3fdf0e7638213818e17d79107dfb6ec0d669a8a09e0faa05c329a29c5
data/raw/Dataset/train/Normal/normal199.jpg,train,Normal,class_folder,unknown,a57979045a3e35b7ffa03f5a5dfe0cfb1922fd594903364c8c796cfe5e5344c7
data/raw/Dataset/train/Normal/normal200.jpg,train,Normal,class_folder,unknown,fb860c171b05d80886bd44b27ce6fa1695a95909325139d15f90bdea1d15143f
data/raw/Dataset/train/Normal/normal201.jpg,train,Normal,class_folder,unknown,c28c425696adca15ca43339d92c3b5252596fdfb7d212225a4c004bdc0908264
data/raw/Dataset/train/Normal/normal202.jpg,train,Normal,class_folder,unknown,d9238b2c8674421f3c87c8fbb31eb4dd6523f0bf8a2caf8f6c3bf6654231bc23
data/raw/Dataset/train/Normal/normal203.jpg,train,Normal,class_folder,unknown,e9ff9fb9b8bb5510e2fa669496bd3f4eee3aa460eaaf7a08d374ed0f093128c8
data/raw/Dataset/train/Normal/normal204.jpg,train,Normal,class_folder,unknown,6de4aafaaaa1541d70e34a66c8a1455ef217f68a1977b59c28159cece345cddf
data/raw/Dataset/train/Normal/normal205.jpg,train,Normal,class_folder,unknown,a0f2a695ec9150fa325a6dd1858790fe5d58c0ec2c328864a2e62288fb84e16d
data/raw/Dataset/train/Normal/normal206.jpg,train,Normal,class_folder,unknown,f70f1c4a8edf3d6d22a21269f045eea3898ffe30bfe73a205263869375cacb03
data/raw/Dataset/train/Normal/normal207.jpg,train,Normal,class_folder,unknown,a1b8b2c4f44a3238828a1c53937408d7c851f52e8cc44690ffb626e53935f6d4
data/raw/Dataset/train/Normal/normal208.jpg,train,Normal,class_folder,unknown,33a17edeb3f84f3df760884ea946cb2ee1aa22763fc71f60726a15c00deaad1f
data/raw/Dataset/train/Normal/normal209.jpg,train,Normal,class_folder,unknown,895688da50e9382cf849cf77df73e570acfa5123230da6951520ab794cf43b7d
data/raw/Dataset/train/Normal/normal210.jpg,train,Normal,class_folder,unknown,d6b5fe552e51d435f7e1088a6b591206e6bc59215cc516da2e16141d270f1fe4
data/raw/Dataset/train/Normal/normal211.jpg,train,Normal,class_folder,unknown,789cf35b30dcb03f4fe0065e4dccf190301d09b6bfb05f226d22c7b6cb66764e
data/raw/Dataset/train/Normal/normal212.jpg,train,Normal,class_folder,unknown,73362e4b24a9880520c81d8fdde9a5877581c38dfaa37930d7bda43f3922d002
data/raw/Dataset/train/Normal/normal213.jpg,train,Normal,class_folder,unknown,7d378fbfcd62076e58ca6b1cf9503adaa2405312066f7641d5ab8b16c2fb6f98
data/raw/Dataset/train/Normal/normal214.jpg,train,Normal,class_folder,unknown,e783901646aaea4e404503dfd56e09040c4172437e04aa67ac2d70df5c8a71f5
data/raw/Dataset/train/Normal/normal215.jpg,train,Normal,class_folder,unknown,1db2aaa0c01be24d270658adcbbe7b5800b6dba4d8464cfe9184aaf67e134b71
data/raw/Dataset/train/Normal/normal216.jpg,train,Normal,class_folder,unknown,4d0b50a1fbfceae5dfb2c6e647d4a40768c6056d716e0a1ed1fc848d297ea2e3
data/raw/Dataset/train/Normal/normal217.jpg,train,Normal,class_folder,unknown,de76b5848cd4ed932ce20bc7ea01d43af14b113869bf944f753095ab4af039bc
data/raw/Dataset/train/Normal/normal218.jpg,train,Normal,class_folder,unknown,7aeb56393a7fbfa8fb1958833da7fed2049d30242bbff4ed00535a0eb468db0b
data/raw/Dataset/train/Normal/normal219.jpg,train,Normal,class_folder,unknown,5de8a45ef4090a2b4d023c2980b3973abcfe010b1833ec90143bfefc5b8f760d
data/raw/Dataset/train/Normal/normal221.jpg,train,Normal,class_folder,unknown,8febe73d0e5f7e46040b7f1fe25c94fb147a11461ab00bc9c188a03dc61d66d7
data/raw/Dataset/train/Normal/normal222.jpg,train,Normal,class_folder,unknown,f975b9dce183ec7d2e744b7ca48f046b3fb0681db15ec15208f509725ffee79e
data/raw/Dataset/train/Normal/normal223.jpg,train,Normal,class_folder,unknown,60d810198593cd716fac4e993b88e362abb22c9c1927313c1920eeba1104f45c
data/raw/Dataset/train/Normal/normal224.jpg,train,Normal,class_folder,unknown,dd245b33f89fc46efad099c4da895f60623a4ea0c2d76c80991ad9a6ee6748ca
data/raw/Dataset/train/Normal/normal225.jpg,train,Normal,class_folder,unknown,a8dd44c387ef449c32b4a5fdb0bc7f6ee7fad61dab355b57e5ddb1e9b649e7f3
data/raw/Dataset/train/Normal/normal226.jpg,train,Normal,class_folder,unknown,1e3bb6db15151e40f28f1648546c992226bac749a4089927207c06e14330b999
data/raw/Dataset/train/Normal/normal228.jpg,train,Normal,class_folder,unknown,1eb2457f403250d5423b8c83348feee02a74319436bb01e0cdf9395e0e8b04c4
data/raw/Dataset/train/Normal/normal229.jpg,train,Normal,class_folder,unknown,b9a2918a60789d51ce7381f0197f7591fb7e0062eb1b595217fcc762c62cc3cc
data/raw/Dataset/train/Normal/normal230.jpg,train,Normal,class_folder,unknown,67289f6a779918d156e0df1fedde849d63ac2b6eaaa641da2c95a76bfaabffa8
data/raw/Dataset/train/Normal/normal231.jpg,train,Normal,class_folder,unknown,313550812694861253a1036e8d5e1775240aa686901482093577557c742d647f
data/raw/Dataset/train/Normal/normal232.jpg,train,Normal,class_folder,unknown,df85a1f4ea4eb4cacd950f551ec81d576111aeac930c4bbdad1741183f9f7e5d
data/raw/Dataset/train/Normal/normal233.jpg,train,Normal,class_folder,unknown,d6c1d56444017424fca2ee1519ef51b6d5e22e747367611f8970c73f6db09ebe
data/raw/Dataset/train/Normal/normal234.jpg,train,Normal,class_folder,unknown,bd76d6b1c731addc0934811d43499b23236608922e274a93f70e926872c14871
data/raw/Dataset/train/Normal/normal235.jpg,train,Normal,class_folder,unknown,2eb65a3d77407849b96a2edbd2a7b779b0d98ad6b50c0748bee1b659c5eef60f
data/raw/Dataset/train/Normal/normal236.jpg,train,Normal,class_folder,unknown,b134fba4d0aef078edab9f4b6a4b05e00bbc4596e5712531d122716887203ada
data/raw/Dataset/train/Normal/normal237.jpg,train,Normal,class_folder,unknown,d20bcc5092e4bd061bec055abaa4ca66e7fd41aaee4c72d26f717d26a25f2279
data/raw/Dataset/train/Normal/normal238.jpg,train,Normal,class_folder,unknown,b9c8db0a3f566fb3e474b597fc6e858bafa36576a8f1ce969afc93b98b8a266a
data/raw/Dataset/train/Normal/normal239.jpg,train,Normal,class_folder,unknown,2c0ff746eebc32002d2b7673256fc6521310867bce1b64d48c21843ae3fccdbb
data/raw/Dataset/train/Normal/normal240.jpg,train,Normal,class_folder,unknown,79065bdf4d037deeb8e48d84557b71a10d081b0d1fc5215f35686de04dbadb4f
data/raw/Dataset/train/Normal/normal241.jpg,train,Normal,class_folder,unknown,faa7db506b73768c52618103a8b0089e63f2c4e8e939059a6798c0e8212b4f5b
data/raw/Dataset/train/Normal/normal242.jpg,train,Normal,class_folder,unknown,f232bb9b11982d30ce9e0e652dce3f06b906f54d6e1de1f1ccaa3b01a6f43b7b
data/raw/Dataset/train/Normal/normal243.jpg,train,Normal,class_folder,unknown,1632aac62d3150a771bed2c8f122f48734c0e6cd12b8d5d9ae93dd088d7476ee
data/raw/Dataset/train/Normal/normal244.jpg,train,Normal,class_folder,unknown,8491bbe2808ca7b14c88fdd3a1182acee0dc8ab602254433954ec7f00daf24b2
data/raw/Dataset/train/Normal/normal245.jpg,train,Normal,class_folder,unknown,2ba28e7fd3f2c1d88b24e659da445f0acc8e774921a20e24d5a96da4334d922d
data/raw/Dataset/train/Normal/normal246.jpg,train,Normal,class_folder,unknown,d1555f6b48cbcf356506fbbb1d353f69a410b098344cbf513f5b8738ab1a7eda
data/raw/Dataset/train/Normal/normal247.jpg,train,Normal,class_folder,unknown,daa59338a66234460cfa47cfd6dca8591155a016fc69b661f7ace85d63abfc2f
data/raw/Dataset/train/Normal/normal248.jpg,train,Normal,class_folder,unknown,6444401375e5cf6ea8ed0fbe422dd26ba978193de75508817f45467250581102
data/raw/Dataset/train/Normal/normal249.jpg,train,Normal,class_folder,unknown,c25b98f79d7d95410d6e38b4e9b6033389d66529b87896563b1a63bfecbba657
data/raw/Dataset/train/Normal/normal250.jpg,train,Normal,class_folder,unknown,6d0221f86388b06924b2a0b6f8f4258151e87e7bcb34cce33390635303faff5b
data/raw/Dataset/train/Normal/normal251.jpg,train,Normal,class_folder,unknown,d073faf8795f5baf20a20f0cba9490643a4cea5501a0ca6bb483ff973cb84db2
data/raw/Dataset/train/Normal/normal252.jpg,train,Normal,class_folder,unknown,4acc47ea4ce08d790a78a7135b87d88b42e7e6d4e3a8b55858cab9f1aeaff719
data/raw/Dataset/train/Normal/normal253.jpg,train,Normal,class_folder,unknown,e600fbbef3daab602e7957899fe2af9cc61f383bbcd963add3bef818f74c7752
data/raw/Dataset/train/Normal/normal254.jpg,train,Normal,class_folder,unknown,86348dace3ef100b99f72722cf56d411eebf2220964c7ece445652a5418268ac
data/raw/Dataset/train/Normal/normal255.jpg,train,Normal,class_folder,unknown,ba5eb4d9a95b6b203bdbbf6308c896146e71a251a0606eaf8cd158960c1a57fa
data/raw/Dataset/train/Normal/normal256.jpg,train,Normal,class_folder,unknown,3f79df2f125b3470b5b04138e7f05c802edcc644eb09bb9cc9222362e37f2447
data/raw/Dataset/train/Normal/normal257.jpg,train,Normal,class_folder,unknown,d1a7bfa6da4f1df43cd240c869d92384114ef9f21a4119099eb9d96cc3ff8f4f
data/raw/Dataset/train/Normal/normal258.jpg,train,Normal,class_folder,unknown,ba91ec40d11d07db5b432443bd72f322b64078c735e94bd038009ca160962207
data/raw/Dataset/train/Normal/normal259.jpg,train,Normal,class_folder,unknown,67b02528e9c616c6104a358b89d7c657a7cdacc8d7ed3f77bc047edfd6637f9e
data/raw/Dataset/train/Normal/normal260.jpg,train,Normal,class_folder,unknown,676787c26d73f4bd79f520f54717fa2992121431bef4fc532b9524aa4d0d6a81
data/raw/Dataset/train/Normal/normal261.jpg,train,Normal,class_folder,unknown,de6fd4e9f87c1b523701be2d4baf852373dad881b3551ea339dc035462760839
data/raw/Dataset/train/Normal/normal262.jpg,train,Normal,class_folder,unknown,9e91dae4b2e722dcc2ecdca3167018c85297211de115aa34268bce4dde5fbfc1
data/raw/Dataset/train/Normal/normal263.jpg,train,Normal,class_folder,unknown,84c8dd330ae0d378991d44f45fe1544f6235560ad58e736807fc55f97c33d500
data/raw/Dataset/train/Normal/normal264.jpg,train,Normal,class_folder,unknown,91908cb4c0cc231fea4a67fdf72fe8ffbe7cc0f3e96e34577566bc1a624b461f
data/raw/Dataset/train/Normal/normal265.jpg,train,Normal,class_folder,unknown,21300f52143a8a810a5b4e312fc38b979629f727da76f160424701e159b591f6
data/raw/Dataset/train/Normal/normal266.jpg,train,Normal,class_folder,unknown,beba0f413fe37cee94a81ba465144dca0e66d5d6805f816be3619ca861565113
data/raw/Dataset/train/Normal/normal267.jpg,train,Normal,class_folder,unknown,326fd461bbf11ad5481b9c16c5309a8095193c96ca52ba390bba5ec0e795b520
data/raw/Dataset/train/Normal/normal268.jpg,train,Normal,class_folder,unknown,296f9f91999a04acbcdd63a678363f190b92b5a62ee235676ab4d75617216da2
data/raw/Dataset/train/Normal/normal269.jpg,train,Normal,class_folder,unknown,9494d1257bb44868622eba9fca323e891498cdc4440415f8ccb04c228fc4781e
data/raw/Dataset/train/Normal/normal270.jpg,train,Normal,class_folder,unknown,3e767d49724b054c40e70286b5edfb93aac78cfd4344eac299eeccd92713c6ac
data/raw/Dataset/train/Normal/normal271.jpg,train,Normal,class_folder,unknown,87300372fae22f5f41274955834ef87578c8e82ef2c1469abb74f826458d33de
data/raw/Dataset/train/Normal/normal272.jpg,train,Normal,class_folder,unknown,753d63a767d803877e297834697a4ac16294d25237d1f5b28f55546622a8cc54
data/raw/Dataset/train/Normal/normal273.jpg,train,Normal,class_folder,unknown,0485f0695c2eb9d3e63ecaf248c414a2a7e23b8513ffa001a7b8852fb8a6d073
data/raw/Dataset/train/Normal/normal274.jpg,train,Normal,class_folder,unknown,a9cb7413b5cb1a84c1c6b11ddb3e5af16504a8fcf00b1aad6b4b2d4d4d432068
data/raw/Dataset/train/Normal/normal275.jpg,train,Normal,class_folder,unknown,c611b4eb9d190dfca1ccd76dbf4e1a90208c9d687d4b9a9a9d454af95cd97875
data/raw/Dataset/train/Normal/normal276.jpg,train,Normal,class_folder,unknown,65be46b12f4ec3766fae670c07896ee630dee561206d34dde4a0f192094e4bef
data/raw/Dataset/train/Normal/normal277.jpg,train,Normal,class_folder,unknown,60ebc9c470987e3bf58cc59671258c033b92db047ff41b71405424506c7b965d
data/raw/Dataset/train/Normal/normal278.jpg,train,Normal,class_folder,unknown,adbd804c47ff1840c4ff787b977426c1256888ecf3a9e8d9ed156b1cefc62327
data/raw/Dataset/train/Normal/normal279.jpg,train,Normal,class_folder,unknown,ca54a09aa15ebbbb17a84b93c93ecf8fdf404e893ec264aa3e0eb9b655250cbb
data/raw/Dataset/train/Normal/normal280.jpg,train,Normal,class_folder,unknown,c5bf6feb36303791e1ee136d185a336ae83075d675939dcad779fd80f8798f96
data/raw/Dataset/train/Normal/normal281.jpg,train,Normal,class_folder,unknown,e50e4184ad64781aea984b5b43630cc467fae6d6f7cd826eb133eaece8744a1b
data/raw/Dataset/train/Normal/normal282.jpg,train,Normal,class_folder,unknown,33148ee0356bcb7fcb2eeb8e4617e649f0db597e167b78e344cfc86a9ca3922a
data/raw/Dataset/train/Normal/normal283.jpg,train,Normal,class_folder,unknown,82f6aef06c2575b9e003bd83da01480e3c3499a09d752b362fee891ae802cc6a
data/raw/Dataset/train/Normal/normal284.jpg,train,Normal,class_folder,unknown,224d2904b87d1e3d45e0fce65763403842475b08d312a7cdf73e2147e40ec3ae
data/raw/Dataset/train/Normal/normal285.jpg,train,Normal,class_folder,unknown,49418e8efaa26771c5c26dc4dee7d68168b25e57bfdf02b88a482120de735fd7
data/raw/Dataset/train/Normal/normal286.jpg,train,Normal,class_folder,unknown,413467e27e6f3f321edcab09b5b2e2d13697dda10f8bbc13c9a061a91bf3b256
data/raw/Dataset/train/Normal/normal287.jpg,train,Normal,class_folder,unknown,ba016f0e3e7021ae9cb622e09a2470be52146fdae506353d6f19da502e62e8b8
data/raw/Dataset/train/Normal/normal288.jpg,train,Normal,class_folder,unknown,5e82cd008fe49c70212e7fb131276a34b7bef8a4e69f327f2eeb70f1ca93e228
data/raw/Dataset/train/Normal/normal289.jpg,train,Normal,class_folder,unknown,fe68dc5b3ea63ba6e197b89f0975973b23b75ca9647f6ab3af59e97e785469ee
data/raw/Dataset/train/Normal/normal290.jpg,train,Normal,class_folder,unknown,2758176ae8163a64c17259a7834994e0d42d9779d3407d692bf8125dd665985f
data/raw/Dataset/train/Normal/normal291.jpg,train,Normal,class_folder,unknown,6599c0ab52362a29042e45912311f24422c69936000b68ff76a4d40b1aedb411
data/raw/Dataset/train/Normal/normal292.jpg,train,Normal,class_folder,unknown,3c2601fee951defc9151c0f6939a056e6288d53ea5a6408b0acbe991c031d245
data/raw/Dataset/train/Normal/normal293.jpg,train,Normal,class_folder,unknown,9711fa1cd63c073d50104d6df0f1b32a9c31cb981fac67caa3416ae7bb693abe
data/raw/Dataset/train/Normal/normal294.jpg,train,Normal,class_folder,unknown,d694f1b8eb0a81fe61ec69494c47a5ea6be64461af24d4a09d337c2ca29b417e
data/raw/Dataset/train/Normal/normal295.jpg,train,Normal,class_folder,unknown,51d8676fad0054c18d3ed177e8b5530b7451b96b563e411892d5deb66a7dd052
data/raw/Dataset/train/Normal/normal296.jpg,train,Normal,class_folder,unknown,628c080798dd71792c2518408e000d21cf12c5ae96fea25f728dfc94f3e07b37
data/raw/Dataset/train/Normal/normal297.jpg,train,Normal,class_folder,unknown,b1261f095586c869ffc4d65a1d2c44892ef76353d706bd22d8f52c959899dae5
data/raw/Dataset/train/Normal/normal298.jpg,train,Normal,class_folder,unknown,de0679ae7b9acf04d6a48be6e6db601718061af86498958787bfab5a43943a53
data/raw/Dataset/train/Normal/normal299.jpg,train,Normal,class_folder,unknown,4cff7dd02a17a73d1831f8e5370a7ef7e6d69bcb569997be6c24f5692d89f56f
data/raw/Dataset/train/Normal/normal300.jpg,train,Normal,class_folder,unknown,732bd3c913de0c05946d058ed45d252a974f630aac929d54bd1c2d2feaf73e74
data/raw/Dataset/train/Normal/normal301.jpg,train,Normal,class_folder,unknown,590826b4d802a00ccf08de60d541579f06d972cc5285a6f829f69baf6d0ea85d
data/raw/Dataset/train/Normal/normal302.jpg,train,Normal,class_folder,unknown,432429022aa8bb2258854b81ebd3c1ea900b713267a9329c4ae23aefb5e0c2e0
data/raw/Dataset/train/Normal/normal303.jpg,train,Normal,class_folder,unknown,1b4b93fa2d4885ae472ba7a979466dbe81fd45165256981ff5951de8a1318af8
data/raw/Dataset/train/Normal/normal304.jpg,train,Normal,class_folder,unknown,48e19fcd2c88f5c07f4fb07b8f084b88691b64e5770c2d54bf65f016f5e0b176
data/raw/Dataset/train/Normal/normal305.jpg,train,Normal,class_folder,unknown,40d2fb0cddad752c68f6cb822f06c5b15cf52573918dfa1ef7a75f4e29104de5
data/raw/Dataset/train/Normal/normal306.jpg,train,Normal,class_folder,unknown,db0ca310980b0d3fd14641a54d227b52e24883b7e9cd7eb658955806fa1c54e6
data/raw/Dataset/train/Normal/normal307.jpg,train,Normal,class_folder,unknown,2343191ce5f7828aebef7dec3698092cd79b66224f68e876eda845d18e5818de
data/raw/Dataset/train/Normal/normal308.jpg,train,Normal,class_folder,unknown,9046a44c77416e5b13bae4ed746edb7dacac9db1afc38d25c93621109a83d0fb
data/raw/Dataset/train/Normal/normal309.jpg,train,Normal,class_folder,unknown,06df8f1727b30ef47cbf5d145d4603297ea752b006f8c3251defedfd4411b12f
data/raw/Dataset/train/Normal/normal310.jpg,train,Normal,class_folder,unknown,96dc281d14490c3b07c7b2b133e158a4241f97c792e07b28e14ee2733c859cd0
data/raw/Dataset/train/Normal/normal312.jpg,train,Normal,class_folder,unknown,49899eb98aa6df5dd518117fcf4716eb8f23ba8cbca5299840a97145658ddc28
data/raw/Dataset/train/Normal/normal313.jpg,train,Normal,class_folder,unknown,42e4525649f5b0dce47bc9137baad3ca53038978978c2fdbc7df1488e1d7e0ff
data/raw/Dataset/train/Normal/normal315.jpg,train,Normal,class_folder,unknown,bcb0e82481421d6f98ac59ee1dbaac8629c3d20153f8ad516e307d31bf818644
data/raw/Dataset/train/Normal/normal316.jpg,train,Normal,class_folder,unknown,d89b1df6bcfc1624b2570ac769ab43d4de90dca422a85471c4fa6ba321ce5d72
data/raw/Dataset/train/Normal/normal317.jpg,train,Normal,class_folder,unknown,4a0d1cb24a256e91d4a1227fb9dcba5553deea2a3fd7a7b4160436d25d99f331
data/raw/Dataset/train/Normal/normal318.jpg,train,Normal,class_folder,unknown,14200bad8871476a61559f36d60695fa4fb45fd66f2da905e4e936deccf0cbfb
data/raw/Dataset/train/Normal/normal319.jpg,train,Normal,class_folder,unknown,e6651b9fabcf4dfc62aa311ad0fa109d736a8fbc4193e17f6db40a5681dc828b
data/raw/Dataset/train/Normal/normal320.jpg,train,Normal,class_folder,unknown,ab859e89c29b6cbda645194af054fe443b99d92b34991066f5dd285c48b71921
data/raw/Dataset/train/Normal/normal321.jpg,train,Normal,class_folder,unknown,0b3cd408abac917d3bc20f906036e9a8c07bf6d60950ad345c8a6e3efc5ac274
data/raw/Dataset/train/Normal/normal322.jpg,train,Normal,class_folder,unknown,f1d281bf156a2d6aaab9db5bad0ca60f9fcedbacc1e45124e62c8e61339fda12
data/raw/Dataset/train/Normal/normal323.jpg,train,Normal,class_folder,unknown,f354ef4111b178245bafdb38c1be4443f207d46a8d0fa44ee342cb679762ef36
data/raw/Dataset/train/Normal/normal324.jpg,train,Normal,class_folder,unknown,5ecdfbec91a941f38a8e1de0b6ca34c26199a05d6045f7d045b026f3d2c8dab4
data/raw/Dataset/train/Normal/normal325.jpg,train,Normal,class_folder,unknown,7d340a60caea7fb0590834e7dd24d8e9b00809166f404c8ad146c8fc91623e62
data/raw/Dataset/train/Normal/normal326.jpg,train,Normal,class_folder,unknown,aab7b14f24434fb3fb3736a3226a7016b9f053bfbe3d35d07f36bd05c3ade143
data/raw/Dataset/train/Normal/normal327.jpg,train,Normal,class_folder,unknown,17d7f9959e32044948b7b108d6d2832029c71c79407e46907f6ea119b2c44407
data/raw/Dataset/train/Normal/normal328.jpg,train,Normal,class_folder,unknown,e594e39b0ccba0272e5c49d0d9de04a69be02eea9b2294ae96c575cf9b1448b2
data/raw/Dataset/train/Normal/normal329.jpg,train,Normal,class_folder,unknown,34975bba82d75569bea7193cb0d983e28965a46fe4bff48436246c80a923b6aa
data/raw/Dataset/train/Normal/normal330.jpg,train,Normal,class_folder,unknown,97941063faa96bc21be0d1fb946a1d799d53affaf39ba5e9da7fd97b7d92c921
data/raw/Dataset/train/Normal/normal331.jpg,train,Normal,class_folder,unknown,a4101774c801c21981d63c21fffb84922fe892b5a38bfcf094a1b04a92bc2e60
data/raw/Dataset/train/Normal/normal332.jpg,train,Normal,class_folder,unknown,5a89b890e6954efb47649606482fa6a116cb968a86028b0240978465ff3a2af0
data/raw/Dataset/train/Normal/normal333.jpg,train,Normal,class_folder,unknown,613458f34f4cfb46243f6408ba26bba732e03bb609a0afa24e272f54a35d5cd2
data/raw/Dataset/train/Normal/normal334.jpg,train,Normal,class_folder,unknown,6fc27afceded5d7fcd41a2398b960c30ade100a7276ab6d857d0b9264be2fd36
data/raw/Dataset/train/Normal/normal335.jpg,train,Normal,class_folder,unknown,96cc6edc0095c5a04ec8d519dc8f2212d995fc0f144200d3dbfa51fa46585e6b
data/raw/Dataset/train/Normal/normal336.jpg,train,Normal,class_folder,unknown,0d1beaa215421fdca6f5512b98599256b5e47bac220a601b706709688982e5b6
data/raw/Dataset/train/Normal/normal338.jpg,train,Normal,class_folder,unknown,4f05fa5f6772556e1f347d33712cd401137295a62669289d54f85575c8c64313
data/raw/Dataset/train/Normal/normal339.jpg,train,Normal,class_folder,unknown,d45fb32263db89b3be7f54decdc3518977a5b69533e864eeb2d4d2f1f7739ec8
data/raw/Dataset/train/Normal/normal340.jpg,train,Normal,class_folder,unknown,89a34bb597f79a4dc3cb13c0fdb1c57f6842a446c59bde73f6217119f7523c5f
data/raw/Dataset/train/Normal/normal341.jpg,train,Normal,class_folder,unknown,c1ce8216d4a9f8da03ad40775035c281a3420498095d7ef24c730d695036a8a4
data/raw/Dataset/train/Normal/normal342.jpg,train,Normal,class_folder,unknown,8266954ac3a591cee180582464f0751f8231cd4a63d6b541ab23e42d14d510a7
data/raw/Dataset/train/Normal/normal343.jpg,train,Normal,class_folder,unknown,c44fc6a8378f936c3837408baed24fcbe59bb7bdbebf0cacbd50b92e803ecbb4
data/raw/Dataset/train/Normal/normal344.jpg,train,Normal,class_folder,unknown,456b20204b2b3370df09af8ef49c344e941d50ea22803f374a9d5846fe5a800f
data/raw/Dataset/train/Normal/normal345.jpg,train,Normal,class_folder,unknown,bee5b84434eab2c74bed54c0e32dc590cfae6f1dfe1d2961b7fbc0a058f717f4
data/raw/Dataset/train/Normal/normal346.jpg,train,Normal,class_folder,unknown,4b1db55b3f1ff43222831ed607e3cf0ac33e6d5a2a7dcc19ded6466266c6a761
data/raw/Dataset/train/Normal/normal347.jpg,train,Normal,class_folder,unknown,9c37157132732a300a0060d74fd54d75758297bf77b8f22e2b3d86b5755deacd
data/raw/Dataset/train/Normal/normal348.jpg,train,Normal,class_folder,unknown,67d8628f0c2ed6f2fe58ad0736aa8b4d42664d821cc7266461cb24b52e617f98
data/raw/Dataset/train/Normal/normal349.jpg,train,Normal,class_folder,unknown,25142f7058bd1c0f36875e134bea830fd73bd2e380abddfbf10f27bfb0924759
data/raw/Dataset/train/Normal/normal350.jpg,train,Normal,class_folder,unknown,3ba9332d0fcd24cd5b222075e7eb04d7d4cc09eb3f01d8dc6f05006c3d225efb
data/raw/Dataset/train/Normal/normal351.jpg,train,Normal,class_folder,unknown,b4d4f61ca4753a620aad6dc5fc038f15bbc0281e2186a08a73f4b563ff51f7e2
data/raw/Dataset/train/Normal/normal48.jpg,train,Normal,class_folder,unknown,edde767bc4c7bddf90223d50ecb5642558f32d392923bb20fa449a31517ca427
data/raw/Dataset/train/Normal/normal49.jpg,train,Normal,class_folder,unknown,b9fb2330634e5a47e468de1b49023be37a41eaedb7aa63c5f73aef3c0264cb96
data/raw/Dataset/train/Normal/normal50.jpg,train,Normal,class_folder,unknown,8a8410c16e2744e67b47ffe0ceb8d1523287b8035fa928a3bfa38e1fed9977c1
data/raw/Dataset/train/Normal/normal51.jpg,train,Normal,class_folder,unknown,74c63e9cac973b57b717c317850345e14dc99c6cfb45a7402de7604c150b516f
data/raw/Dataset/train/Normal/normal52.jpg,train,Normal,class_folder,unknown,2af41ae09975c55864ea50fc6c3f8fbe95973e9e2c393327989b85d85d28e5e8
data/raw/Dataset/train/Normal/normal53.jpg,train,Normal,class_folder,unknown,a34ebef35c6d660fd395293909809f746e8c7ba7756288a3c2a3d70bd24e7afd
data/raw/Dataset/train/Normal/normal54.jpg,train,Normal,class_folder,unknown,b906f2f706c3a0fb56dbaa6cab56e14766a07ceeb618be3f085df779bcd15c82
data/raw/Dataset/train/Normal/normal55.jpg,train,Normal,class_folder,unknown,9c7aa26b14c09eb5f00e645b1067ffa4c0021e4b342a90b2df584887afa5841c
data/raw/Dataset/train/Normal/normal56.jpg,train,Normal,class_folder,unknown,9dcc8bf1dff2a10761da77c22d5c67b6c674d7a9f9645c3681956449a4469945
data/raw/Dataset/train/Normal/normal57.jpg,train,Normal,class_folder,unknown,9437627af453f1e0e39b9b98621bdc6a4ced1ef5f9846081fe46be5210eb8201
data/raw/Dataset/train/Normal/normal58.jpg,train,Normal,class_folder,unknown,551537df0bd090436e2fd5c89b4dbcbdaac3a7499a026c32bdb4aa5c93ca8a2b
data/raw/Dataset/train/Normal/normal59.jpg,train,Normal,class_folder,unknown,1cce02e71c29dc6c1c17f7f40b709182f89af12fae56d86aa596aa3d1caa5229
data/raw/Dataset/train/Normal/normal60.jpg,train,Normal,class_folder,unknown,3df22fb875119be55eab57f55f74e1f97d0d6627346ee0cc4f3b10c2ec2de4fe
data/raw/Dataset/train/Normal/normal61.jpg,train,Normal,class_folder,unknown,d580467868912d29ce349f7581d21ab5b3dcdb65c5df497f312c6dec97c15ca0
data/raw/Dataset/train/Normal/normal62.jpg,train,Normal,class_folder,unknown,ce7a27c43a748437359c77731a2f1d786e978ab33ffd171fc3b20dd955c0d6b5
data/raw/Dataset/train/Normal/normal63.jpg,train,Normal,class_folder,unknown,8ae9db6a27b82344b803c1a287a33075fa42f9ef12fab384e398f00865f07dab
data/raw/Dataset/train/Normal/normal64.jpg,train,Normal,class_folder,unknown,1579fbcf01f51edc7bd0255e78ea0d0905c4e65b742cece6286f0cc06bb96529
data/raw/Dataset/train/Normal/normal65.jpg,train,Normal,class_folder,unknown,3a17304375ce824e8813d7bf43af0eadf45795b28ba1922048ce65fe4e6186a1
data/raw/Dataset/train/Normal/normal66.jpg,train,Normal,class_folder,unknown,90e9549a65de0de2f69a3be5b6796c436b7e14cbae71103414c4ca4c0e0ae400
data/raw/Dataset/train/Normal/normal67.jpg,train,Normal,class_folder,unknown,6b8687088bcab0a5c5c9e2d3028ccc89771feaf022dc674a62b377ec448a2d4e
data/raw/Dataset/train/Normal/normal68.jpg,train,Normal,class_folder,unknown,4a9a502d4a1b1289a99bdf0a18b331127d256643499179994d81b2ffe91340ca
data/raw/Dataset/train/Normal/normal69.jpg,train,Normal,class_folder,unknown,b9f232b7b9b6988b2d36440f08ef958330407e0631060b5a4dce0143b7a6c5ea
data/raw/Dataset/train/Normal/normal70.jpg,train,Normal,class_folder,unknown,2689fa4aec9db89ffd86ea2eed40346306502ef2ddaccb101629ff025efa3de1
data/raw/Dataset/train/Normal/normal71.jpg,train,Normal,class_folder,unknown,ef731d775cd0ad22c1e873d5dd496a0ff6405c768893c92fa65c0931045c8a68
data/raw/Dataset/train/Normal/normal72.jpg,train,Normal,class_folder,unknown,29c27f613bfe1edcd201e26060f97b7a9c02c75c7d244e516de477343b5829e5
data/raw/Dataset/train/Normal/normal73.jpg,train,Normal,class_folder,unknown,063e9f7997d2c139553d458c404e3059b4d9700577b03b7a705c9821e0796049
data/raw/Dataset/train/Normal/normal74.jpg,train,Normal,class_folder,unknown,471b5ad006dfa2a60c00a5ac9af26ea7801cc19b1ad11491b862524c77ef2b45
data/raw/Dataset/train/Normal/normal75.jpg,train,Normal,class_folder,unknown,a022fbd34de54f6a2dd3c35f2c9322d2a540bb83cd491d613956e51b2e4772f3
data/raw/Dataset/train/Normal/normal76.jpg,train,Normal,class_folder,unknown,0dfda4cf41692982d392030e7a86fd7217fa9f31b375e1593c99004c3a93e4e0
data/raw/Dataset/train/Normal/normal77.jpg,train,Normal,class_folder,unknown,653996f0151b2bde8f5a626ba18b0f67acbfbd5c7d16cfae4e463ead5d21de4b
data/raw/Dataset/train/Normal/normal78.jpg,train,Normal,class_folder,unknown,4098aad1bab4f0d5ef50678be94238f9ed1279b9041ea835367b89a1df2a4295
data/raw/Dataset/train/Normal/normal79.jpg,train,Normal,class_folder,unknown,4e5c67f179ead1fcbf5e51932c3dba51a8d6e51e150ce87258d14e86df5da5d3
data/raw/Dataset/train/Normal/normal80.jpg,train,Normal,class_folder,unknown,f40442267bcba415384c9b6a58e2ff14fe2a3babffa81a4ce3b7937d34a8b5ee
data/raw/Dataset/train/Normal/normal81.jpg,train,Normal,class_folder,unknown,45935118bf8a32e1b9e84131f7ed4cb9aab7359155b5c3aa6c8a5a48a046fcf1
data/raw/Dataset/train/Normal/normal82.jpg,train,Normal,class_folder,unknown,ec6131ece43f1bae6d9aaec2e7c0d4b6954feeb2dcb55511d86e57d647967c4e
data/raw/Dataset/train/Normal/normal83.jpg,train,Normal,class_folder,unknown,8820f34b8bcd8495903936b28a15032493a9f095a92033c369a8e587cf7ca12b
data/raw/Dataset/train/Normal/normal84.jpg,train,Normal,class_folder,unknown,1c7f5cb8f2da2669e82753ec7ef1b5da4cc145fca21ebf4ba989d91d3802b93a
data/raw/Dataset/train/Normal/normal85.jpg,train,Normal,class_folder,unknown,74e08814094bf04de818acf3a8c55d30b681697427733336b107d44d6024e9e8
data/raw/Dataset/train/Normal/normal86.jpg,train,Normal,class_folder,unknown,6f678fbd871977b13463fdf71fa66729891016eea053fcd9da09c6873dfdbc1d
data/raw/Dataset/train/Normal/normal87.jpg,train,Normal,class_folder,unknown,31050d38d0c8eccb47501e91827cead7ae85e0bf8c750264e566b1773bbb4df9
data/raw/Dataset/train/Normal/normal88.jpg,train,Normal,class_folder,unknown,62270966bc3bcc090eb6846aecd78192af9fd33eb224f1c9d03a321a21ea350c
data/raw/Dataset/train/Normal/normal89.jpg,train,Normal,class_folder,unknown,3928627f04084e241fb553de20c46c1f3a7e418763abfeb04a405906f842c231
data/raw/Dataset/train/Normal/normal90.jpg,train,Normal,class_folder,unknown,bfe85badfadb81dbaa67743f530982a87bc90842cbab704afa06c369e50804c4
data/raw/Dataset/train/Normal/normal91.jpg,train,Normal,class_folder,unknown,1f8bb87cd47c388d178dbe076ad1d8199e01b9a341edd83fb3b6a4b33d5d0993
data/raw/Dataset/train/Normal/normal92.jpg,train,Normal,class_folder,unknown,178ce9b1cc5d8e7b39450d9eaa95c3f228f897f76dc3523ce0708f8148bef037
data/raw/Dataset/train/Normal/normal93.jpg,train,Normal,class_folder,unknown,4cfd6e56bae1a7ac174197ab5241b4f837d253309e042847d40f69f8e5b5aeca
data/raw/Dataset/train/Normal/normal94.jpg,train,Normal,class_folder,unknown,d454910fe5131c90577bd40b7b7bbe74e59f2eddb50ba7a8f2c6982119deca92
data/raw/Dataset/train/Normal/normal95.jpg,train,Normal,class_folder,unknown,6d9acf32797b2aa6abf6655d1ac0de2267a69d508ad2439c7abaa658f21873d1
data/raw/Dataset/train/Normal/normal96.jpg,train,Normal,class_folder,unknown,620cef0d9b051be4e0119b9f2ece1714478a51298abd7e7a1807708999ac001b
data/raw/Dataset/train/Normal/normal97.jpg,train,Normal,class_folder,unknown,e6d0b04e3b10d5616a39c28f6b16a6f289e1f415b3be83b0669abc58ad5beadb
data/raw/Dataset/train/Normal/normal98.jpg,train,Normal,class_folder,unknown,d224122e9724db798331be8b3e5c4ed9c92106b1855e79603f9e915de1a70ffe
data/raw/Dataset/train/Pothole/pothole0.jpg,train,Pothole,class_folder,unknown,83b3a49953f6ca7d7c61b91b5c140015ebd54e7d29bd93ae6bc204d9b0673bc9
data/raw/Dataset/train/Pothole/pothole1.jpg,train,Pothole,class_folder,unknown,4545e4ce0cdb82b71a3a71984f75ae8c1d1ff6cc4e07e3e82fb7151b9e29c922
data/raw/Dataset/train/Pothole/pothole10.jpg,train,Pothole,class_folder,unknown,a20d72e29e8b1594616986392f4d211ce78c3dceaf859408faf6f0ce116ad26d
data/raw/Dataset/train/Pothole/pothole100.jpg,train,Pothole,class_folder,unknown,30ea2b462f2b9bdff72f501a45e63d406c190a96da3878799d828b98d8f66101
data/raw/Dataset/train/Pothole/pothole101.jpg,train,Pothole,class_folder,unknown,66477ca39532b92dd9432e54d211a51761fa4cc181ca882a71f7c36a0a35af75
data/raw/Dataset/train/Pothole/pothole102.jpg,train,Pothole,class_folder,unknown,3c72a33cf6eb175848ced436eb88f37dfc1f5811c7e6b08e5d9b16cb41d63a0c
data/raw/Dataset/train/Pothole/pothole103.jpg,train,Pothole,class_folder,unknown,5d16c216962960dcd49d6a25d955b030b6054f5f615ba3a5456b2e39095dec95
data/raw/Dataset/train/Pothole/pothole104.jpg,train,Pothole,class_folder,unknown,3aef12b9cfe96e5445a296e0bb5d622ea403c4d02642b0f2e5b0ad7134507534
data/raw/Dataset/train/Pothole/pothole105.jpg,train,Pothole,class_folder,unknown,9ff6bda546f0ff0e0f02b0102f05f7a0417957bacf3deb3e09fbef491dc066cb
data/raw/Dataset/train/Pothole/pothole106.jpg,train,Pothole,class_folder,unknown,ff88557150af8a05ba6d5f37eec580a303bf2a4c20b366254b009b633d85cccf
data/raw/Dataset/train/Pothole/pothole107.jpg,train,Pothole,class_folder,unknown,e4c425492cabaccaae326e63af24b2f3a62b581e25f068b84caa32f44e720bb0
data/raw/Dataset/train/Pothole/pothole108.jpg,train,Pothole,class_folder,unknown,b3945e9693d9b33581e62bb05ee34e1c8123ae072aa950dbb25d1eae987e3a7c
data/raw/Dataset/train/Pothole/pothole109.jpg,train,Pothole,class_folder,unknown,0de578a30b8ba51d4ba809e862148841e68855e60ec84ab5a417ee9889839923
data/raw/Dataset/train/Pothole/pothole11.jpg,train,Pothole,class_folder,unknown,c2e182da40be462d659a25a19802092d3824b92db4ce7522d701139bd09f1133
data/raw/Dataset/train/Pothole/pothole110.jpg,train,Pothole,class_folder,unknown,9cbcab43938396ddcff9c80b6445ee98b7e893aaffb9a359310ead6d158bb5d7
data/raw/Dataset/train/Pothole/pothole111.jpg,train,Pothole,class_folder,unknown,8a5ef69a83a8f96d6c8d9ccd4ed0a1453c0b07dab87aedaa8fedf632fe98d6b1
data/raw/Dataset/train/Pothole/pothole112.jpg,train,Pothole,class_folder,unknown,159c5be9c584ad9b7fa074c2e65a374acf5420ab6f722eeda9668fa433c595c6
data/raw/Dataset/train/Pothole/pothole113.jpg,train,Pothole,class_folder,unknown,abaed391b5e7206a7cd378f9652be47daf8a8a69452532aa1396048db5011d37
data/raw/Dataset/train/Pothole/pothole114.jpg,train,Pothole,class_folder,unknown,739b2a220d3428bc07bda0b28d9311d7aa5f85890fbe4bdc86ada402f34856cd
data/raw/Dataset/train/Pothole/pothole115.jpg,train,Pothole,class_folder,unknown,22218476871bce78f4e7219b5d8625d3501e511d47593b5441693696801c47db
data/raw/Dataset/train/Pothole/pothole117.jpg,train,Pothole,class_folder,unknown,3f0f3db459653b4b72bc3b43987628e85222b901e3fc58f0c78c912477fd0552
data/raw/Dataset/train/Pothole/pothole118.jpg,train,Pothole,class_folder,unknown,be6bae27edef733e303e42caa7f7a184018093ef49c084a5470f804c7c309091
data/raw/Dataset/train/Pothole/pothole119.jpg,train,Pothole,class_folder,unknown,dfcec8b1606d137e1c044a79efbd69c6aa977a929cc8e6b599f5a187c7ef79ab
data/raw/Dataset/train/Pothole/pothole12.jpg,train,Pothole,class_folder,unknown,453cfe0971bd54c768bf80a61eb67a9d4f4e2aee5d21f3b0ad3016e07f5f8202
data/raw/Dataset/train/Pothole/pothole120.jpg,train,Pothole,class_folder,unknown,a3bec6977a2500751672f798242f68b556acaeae0e4d17594943e8607cec0d68
data/raw/Dataset/train/Pothole/pothole121.jpg,train,Pothole,class_folder,unknown,e3b2108d7926816a20203939c11ed1904744785455e6ba61a7e45788270cadd0
data/raw/Dataset/train/Pothole/pothole122.jpg,train,Pothole,class_folder,unknown,b2232dd5fae78858783f4be68a704815161fc03bf4e77306cc2e032ec8ab6b08
data/raw/Dataset/train/Pothole/pothole123.jpg,train,Pothole,class_folder,unknown,fb1ad682d75d60b98a1a1093e7cd22c74d318b7c0565b23ef61b841b548ce1ce
data/raw/Dataset/train/Pothole/pothole124.jpg,train,Pothole,class_folder,unknown,aad35d6bbc6730136fb480d1541e7c06885ba615e0a7a14e525f4f72e92f0d10
data/raw/Dataset/train/Pothole/pothole125.jpg,train,Pothole,class_folder,unknown,f6a81416745c67cf5e3a6193cab590e9bae5b32f59b27e23ecc404f009e52bce
data/raw/Dataset/train/Pothole/pothole126.jpg,train,Pothole,class_folder,unknown,7be13c917e0446ba9de0be9c6c3280fa0386a956386cdb16c5d1bdcbc92f3080
data/raw/Dataset/train/Pothole/pothole127.jpg,train,Pothole,class_folder,unknown,fadd5e9bd782a01a7fdb0617ee3880cd44b7e8a811522d9bdbec3873614d3403
data/raw/Dataset/train/Pothole/pothole128.jpg,train,Pothole,class_folder,unknown,2d045927a043f644c7637f6de14789919961178a6727281009546567b8f91758
data/raw/Dataset/train/Pothole/pothole129.jpg,train,Pothole,class_folder,unknown,2fbc488aeb947b1e70be2b6636af0b377214e35fec53050ee5314f170fcdee08
data/raw/Dataset/train/Pothole/pothole13.jpg,train,Pothole,class_folder,unknown,97cc5081bd35a1900162f2d2640818d8bc2dafd03eb6ff48f729e1ea9ba13466
data/raw/Dataset/train/Pothole/pothole130.jpg,train,Pothole,class_folder,unknown,7791d660b42f293d36d8e1f944ad6e29aa24c5a28d53e9e1ac4426c149afa197
data/raw/Dataset/train/Pothole/pothole131.jpg,train,Pothole,class_folder,unknown,87641fc392c20292a2520eb36e8936358f4ed5b14e2c08578efc1ae38ac5113b
data/raw/Dataset/train/Pothole/pothole132.jpg,train,Pothole,class_folder,unknown,2199833b24a8479128b8f55fe57208d3765d94c821cca95fc82aaa7d5c3a9515
data/raw/Dataset/train/Pothole/pothole133.jpg,train,Pothole,class_folder,unknown,95b11b87ebb31a39c8495885fdb6c75fd57a786052c2b76e6419ec287c2b6639
data/raw/Dataset/train/Pothole/pothole134.jpg,train,Pothole,class_folder,unknown,22f691d2cb9727d2384c2364793bdfcdf8b88fcecf76f49e23970adfc5925458
data/raw/Dataset/train/Pothole/pothole135.jpg,train,Pothole,class_folder,unknown,3667c7651806baf6749b611cdbd906d02dff61f589e91eca94270b7785f6665c
data/raw/Dataset/train/Pothole/pothole136.jpg,train,Pothole,class_folder,unknown,0308c5e40c8ce756a420df3291268c530ed6eb90d37a8ca00ef6e884f7b93b70
data/raw/Dataset/train/Pothole/pothole137.jpg,train,Pothole,class_folder,unknown,a6afd87e80db894b522f909146fb90361b79d4d16ac8fc0e96f7f4452af1af8d
data/raw/Dataset/train/Pothole/pothole138.jpg,train,Pothole,class_folder,unknown,3ba92df434948eea7d477569e15234681bd0c47f21886e64ca586cac148f113e
data/raw/Dataset/train/Pothole/pothole139.jpg,train,Pothole,class_folder,unknown,51d1a5aa703bb584048bb2cd2988c9abb9f558f5710c39adabe38aefaa3e5e6b
data/raw/Dataset/train/Pothole/pothole14.jpg,train,Pothole,class_folder,unknown,7bf232bc7f3b2164b51ef31b3dd285c4f825395e0eea2ad3b99fa79aa45e31b6
data/raw/Dataset/train/Pothole/pothole140.jpg,train,Pothole,class_folder,unknown,c7dca8fb352fecfe7afcc2706e0ec877da2e26332964aedb269a719f2944fec2
data/raw/Dataset/train/Pothole/pothole141.jpg,train,Pothole,class_folder,unknown,1327eb22ee6ec2a69908576c7be92018ece13261f3ba301273d15e858c401b7b
data/raw/Dataset/train/Pothole/pothole142.jpg,train,Pothole,class_folder,unknown,3fe9b292ab345f39be10062ec8c4cb4506f79145b4f37ae75baa743648dee22c
data/raw/Dataset/train/Pothole/pothole143.jpg,train,Pothole,class_folder,unknown,3687563c533968e6c24a663b89763dad69ddbcc34bfd27ae8752f28302401c30
data/raw/Dataset/train/Pothole/pothole144.jpg,train,Pothole,class_folder,unknown,50d4ebb7683c7768f2adc7a5d39860d85bf8c98004eaa9865906227afedd2015
data/raw/Dataset/train/Pothole/pothole145.jpg,train,Pothole,class_folder,unknown,e3221b4e516fe9a21b39b28c3db7e42afb507d2a5e291de444daab98fb6a6b08
data/raw/Dataset/train/Pothole/pothole146.jpg,train,Pothole,class_folder,unknown,934aef1dfd9bb1f08892492b8e56903c0b6ec4a347956db94e27e85af4e7210f
data/raw/Dataset/train/Pothole/pothole147.jpg,train,Pothole,class_folder,unknown,6e4a48a5a99c75d40b5c8592f015b6f751ceef8e4f47b118d79d351607665ce9
data/raw/Dataset/train/Pothole/pothole148.jpg,train,Pothole,class_folder,unknown,395d4b22d038576e35dab024ab3cf21e3232f5f69a42446a1fe48b00e6cbcbe6
data/raw/Dataset/train/Pothole/pothole149.jpg,train,Pothole,class_folder,unknown,6cfddab52254bf302729bb57a35880e8c61264052dd046628be8f976d18a351e
data/raw/Dataset/train/Pothole/pothole15.jpg,train,Pothole,class_folder,unknown,c049fb21567944824e27484d7639071631448c12bf2f4fb3d9b3324629ed24dd
data/raw/Dataset/train/Pothole/pothole150.jpg,train,Pothole,class_folder,unknown,3d0012c049f329d34ff0f81a7b116e93cbad7a12c2a122a7b6c2f55481c052b3
data/raw/Dataset/train/Pothole/pothole151.jpg,train,Pothole,class_folder,unknown,6774b22572ba09758cd3af67a769a827aa4ecf4a2b86b629962f20e8aa751a35
data/raw/Dataset/train/Pothole/pothole152.jpg,train,Pothole,class_folder,unknown,7a0dbbc540fde7b22dd656a95acd2201d41c4f7c95ce9c980383fcaa9532dbe2
data/raw/Dataset/train/Pothole/pothole153.jpg,train,Pothole,class_folder,unknown,261e11a30e7e0116fe45cee03d237fed6a734a0cfc48b9a34fc5a7e1840cd04f
data/raw/Dataset/train/Pothole/pothole154.jpg,train,Pothole,class_folder,unknown,8d1656c888d5b3acee5fe22525fa92f3d23f0ea95c7767f59be82c55269ad9a5
data/raw/Dataset/train/Pothole/pothole155.jpg,train,Pothole,class_folder,unknown,d7c0b9918b6c30751d73d449d33d17d03cc35e09371128b60a0a285254743d68
data/raw/Dataset/train/Pothole/pothole157.jpg,train,Pothole,class_folder,unknown,3846484ab09458efcb48251db073f7b3d95e7c5a3bf047eb25249c08d1e9a61a
data/raw/Dataset/train/Pothole/pothole159.jpg,train,Pothole,class_folder,unknown,5c966f37b46e779493e512557aa7d51b0a89ffaebe07870e851d28a8bd9aeba4
data/raw/Dataset/train/Pothole/pothole16.jpg,train,Pothole,class_folder,unknown,9715a77144cb751850ff9cd1f49faa0561b828ac69e3669dd8fe84056531fa14
data/raw/Dataset/train/Pothole/pothole160.jpg,train,Pothole,class_folder,unknown,7b1569b86b218f45ddbacadea059923f7c575699b22219f316c9adcecefdf765
data/raw/Dataset/train/Pothole/pothole161.jpg,train,Pothole,class_folder,unknown,8f554405e88d9509622bac7ea4893cb05e04322414c6b7eba6a94c8d72022e52
data/raw/Dataset/train/Pothole/pothole162.jpg,train,Pothole,class_folder,unknown,78d42f73e0139b5087d28207ada86c8ed64098966485a7c837304949512c2938
data/raw/Dataset/train/Pothole/pothole163.jpg,train,Pothole,class_folder,unknown,a859b99ac05b051245d4cdfceda4875b1d7e4fc13765d3b41358c6423f6f551a
data/raw/Dataset/train/Pothole/pothole164.jpg,train,Pothole,class_folder,unknown,4c2406aa753091638e33494517fbcc00a28f59b7b795709ee8d4ec120a0477fa
data/raw/Dataset/train/Pothole/pothole165.jpg,train,Pothole,class_folder,unknown,f7862ac597b1098c16c8ff9807704789fb731b2aee9f674e7426071acb9ba3da
data/raw/Dataset/train/Pothole/pothole166.jpg,train,Pothole,class_folder,unknown,1b740bc33bd68ade123c816c323900c188331534eb7adf1a580acd91999a3094
data/raw/Dataset/train/Pothole/pothole167.jpg,train,Pothole,class_folder,unknown,b516b3a9de3620a988a2f048ab837202481185ca123bc8cb9db3d0a30c959047
data/raw/Dataset/train/Pothole/pothole168.jpg,train,Pothole,class_folder,unknown,25c5515c7610239cae6c80d724fae77cf52eca3628027c76a4d8e145054db59d
data/raw/Dataset/train/Pothole/pothole169.jpg,train,Pothole,class_folder,unknown,332dbe57fa5e4a5782a53143265e385bc278d0883d237289d4036c831f3d51b4
data/raw/Dataset/train/Pothole/pothole170.jpg,train,Pothole,class_folder,unknown,7e397fbd5dfe485480fa2514c347ae2ac0215aa77d7bce6cb67f34b4c17d7d05
data/raw/Dataset/train/Pothole/pothole171.jpg,train,Pothole,class_folder,unknown,c0c45c49ddf6dfa087ba89e85c7f434c575f4da6f06fe82b36223227bcd0c595
data/raw/Dataset/train/Pothole/pothole172.jpg,train,Pothole,class_folder,unknown,dafa09e90539cf48ad546e4bfb86e7d15f244fab7793022f062ab6b81659e8bb
data/raw/Dataset/train/Pothole/pothole173.jpg,train,Pothole,class_folder,unknown,dc435969ef5f0dcb9f556712b0eb4dfd996eff5d38de45d9bd897d1ba2aa9215
data/raw/Dataset/train/Pothole/pothole174.jpg,train,Pothole,class_folder,unknown,64ff8d562aafbda4e81eb89cd3085109e46206243d71e54267ea51fa987bff06
data/raw/Dataset/train/Pothole/pothole175.jpg,train,Pothole,class_folder,unknown,d094566ad16023f12753ed64d662e1de17b8daf2e054e69a6251ad21ecd140fc
data/raw/Dataset/train/Pothole/pothole176.jpg,train,Pothole,class_folder,unknown,afd5da08a88b68fa8a5ed1ad62035648b56e4fa9434a6fc930d0d851b532b25f
data/raw/Dataset/train/Pothole/pothole177.jpg,train,Pothole,class_folder,unknown,918b881069558737f6f41e5a94285e8e28f42a4eb85ceebb565b203cb8df398d
data/raw/Dataset/train/Pothole/pothole178.jpg,train,Pothole,class_folder,unknown,fce0f642b7c70e83e30d57231c34f4fb4df9f76f63e173fa2253fb2c0b45f439
data/raw/Dataset/train/Pothole/pothole179.jpg,train,Pothole,class_folder,unknown,8f3f54979e0ed5cc66e705d785d85653910449ef62ef2698e969227a982b9eb6
data/raw/Dataset/train/Pothole/pothole18.jpg,train,Pothole,class_folder,unknown,bdfceb32ad43823d1accdc37e6199dd0612ff6cd3bfa39a838741b29199febad
data/raw/Dataset/train/Pothole/pothole180.jpg,train,Pothole,class_folder,unknown,343460563b4a82897968e5dd49a10845b8f578671d60b637c5a5cea1c874ead8
data/raw/Dataset/train/Pothole/pothole181.jpg,train,Pothole,class_folder,unknown,e1f5db4c961353fe59f92ad18d693cd616a1259b3991a37452922e272f84e839
data/raw/Dataset/train/Pothole/pothole182.jpg,train,Pothole,class_folder,unknown,9711eb8f94bc93ba5d2f88e1c91d85753ec0fda5bae26b3951645722e609578a
data/raw/Dataset/train/Pothole/pothole183.jpg,train,Pothole,class_folder,unknown,352ee35579fa9f8de18fe2e4f8eb4e5c5d3773173e4f0cd7400d0ba941d03e15
data/raw/Dataset/train/Pothole/pothole185.jpg,train,Pothole,class_folder,unknown,cf1d1a66e201ee5fe74bf27334c907fff46a2b3eedde46ff3c7c957fd5595f55
data/raw/Dataset/train/Pothole/pothole186.jpg,train,Pothole,class_folder,unknown,29f3f851284f473166a76edb1912f0f5deada82fe8fd52b13777cc3eca80c1a0
data/raw/Dataset/train/Pothole/pothole187.jpg,train,Pothole,class_folder,unknown,f6a81416745c67cf5e3a6193cab590e9bae5b32f59b27e23ecc404f009e52bce
data/raw/Dataset/train/Pothole/pothole188.jpg,train,Pothole,class_folder,unknown,053e55f185a59d331c0e705564f06b78b653d0e7f808ed98f05495044acd9e27
data/raw/Dataset/train/Pothole/pothole189.jpg,train,Pothole,class_folder,unknown,8f3031242dc757611b99045f88b8da1ab06914e728f2e12693cd20bea9199ec5
data/raw/Dataset/train/Pothole/pothole19.jpg,train,Pothole,class_folder,unknown,296963d038938502900ebad3786b0a0921705fb2dd586a6221c14890d48d74eb
data/raw/Dataset/train/Pothole/pothole190.jpg,train,Pothole,class_folder,unknown,a8620d01cabda69393502b7820e6bf154a3ec68694b184f9ce3f2a54608b10cb
data/raw/Dataset/train/Pothole/pothole191.jpg,train,Pothole,class_folder,unknown,b428dc330bbb549e2ac1cce4df7a48ff77602850d182c6fa886924f7abb0f12b
data/raw/Dataset/train/Pothole/pothole192.jpg,train,Pothole,class_folder,unknown,c69bda12c37a0c46b498d39f7bccb91f3d98ff09d1d64bb7f84245441a0e5e30
data/raw/Dataset/train/Pothole/pothole193.jpg,train,Pothole,class_folder,unknown,c4a141b5ff7c54f9ce34b3c97dd1b4434477248e2e4f4d741b64509c0e8044eb
data/raw/Dataset/train/Pothole/pothole194.jpg,train,Pothole,class_folder,unknown,b0f04f17842ca366c73e3bc1572e57aff43f1988c10df8bbc8cbb28dfaa50d33
data/raw/Dataset/train/Pothole/pothole195.jpg,train,Pothole,class_folder,unknown,f33606651e17a6cf24b51321892914902d1a10e7cbae2674d2aa9d1130ba899c
data/raw/Dataset/train/Pothole/pothole196.jpg,train,Pothole,class_folder,unknown,09369415d904880dd67fefd4e21369a59df3aa5d055532a21909713940a208d3
data/raw/Dataset/train/Pothole/pothole197.jpg,train,Pothole,class_folder,unknown,3a6afa4225f533be7fbbf7e20ded8d3e9171f78f2b1abdf6b4774e4607d57454
data/raw/Dataset/train/Pothole/pothole198.jpg,train,Pothole,class_folder,unknown,3d58da3eb68843ee42a246ce9fd88c031621967047d519cdf16e9246a6988069
data/raw/Dataset/train/Pothole/pothole199.jpg,train,Pothole,class_folder,unknown,cde9e1b4179c909df0e37b59075eee9a1bfd8e0c291b0ae1ee280606f29a953f
data/raw/Dataset/train/Pothole/pothole2.jpg,train,Pothole,class_folder,unknown,7cc2c1e7a362b41da1a5d209e001d379cc61431a2a05989cbe59af62de194ab6
data/raw/Dataset/train/Pothole/pothole20.jpg,train,Pothole,class_folder,unknown,2e00d7730be8c1208e3340e446a3b9e1f06c78ac7dab7683bb8a6c5770a1a0d8
data/raw/Dataset/train/Pothole/pothole200.jpg,train,Pothole,class_folder,unknown,ea70ad03fdd66c197aba0a4590ca738b7fc81e8ae05097b2eadb7143b5e202be
data/raw/Dataset/train/Pothole/pothole201.jpg,train,Pothole,class_folder,unknown,81ce24195e5c897b713b0b174a9f4ba1586ee167a46895a1f4c5fe16776ac8cb
data/raw/Dataset/train/Pothole/pothole203.jpg,train,Pothole,class_folder,unknown,7fb3412336e0dedc52033bc4055e553b6adee6616bb3b354a3b7eae6e18585bf
data/raw/Dataset/train/Pothole/pothole205.jpg,train,Pothole,class_folder,unknown,5c4205c5b5248fe5337590b196929a3b5866b9b8a82b380fb047efda4eab52d7
data/raw/Dataset/train/Pothole/pothole206.jpg,train,Pothole,class_folder,unknown,b902458e8cb9a31bca0ad3bb605f530231c365ed0dade9546a4941c3c5e5bc84
data/raw/Dataset/train/Pothole/pothole207.jpg,train,Pothole,class_folder,unknown,ef149525a2125627145844c7f1e3a4064f1520e834626e5c4c96e2982aec7157
data/raw/Dataset/train/Pothole/pothole208.jpg,train,Pothole,class_folder,unknown,2eb57257ff21894282c74a14e706e21276c5e1ab91e0072cc6c45db322fbd4aa
data/raw/Dataset/train/Pothole/pothole209.jpg,train,Pothole,class_folder,unknown,036a1eddc2dd49be08009a014dac91b1dd852d9e4804e1bad9dfd672d945a41f
data/raw/Dataset/train/Pothole/pothole21.jpg,train,Pothole,class_folder,unknown,9c7fb045d52c1a6cb649b2ce22c79f41fc74602a2e642f532843b57f2fed7ea7
data/raw/Dataset/train/Pothole/pothole210.jpg,train,Pothole,class_folder,unknown,c7fabf77741f4c53eab7cbed05f69eb8e4d24c90d81f54f6238572fd898352cc
data/raw/Dataset/train/Pothole/pothole211.jpg,train,Pothole,class_folder,unknown,84dc565a706df509df5ff95f12be126009af6e4f04d2a5762796f0adc92614ad
data/raw/Dataset/train/Pothole/pothole212.jpg,train,Pothole,class_folder,unknown,e115041547c56c039d7e2806e4763887ccfcf35a0db73cde9844e9ea1f114655
data/raw/Dataset/train/Pothole/pothole213.jpg,train,Pothole,class_folder,unknown,60dab83c5bb362f5c7422a42922fea542c55bf944e5b0d99013575ddfd594ce6
data/raw/Dataset/train/Pothole/pothole214.jpg,train,Pothole,class_folder,unknown,648172e2dc21b9a181e7796da0f79fbc05616a2dbf0ba92779006212bc8541b3
data/raw/Dataset/train/Pothole/pothole215.jpg,train,Pothole,class_folder,unknown,0f3828c1aeb71b4bee4e53fe83042bf084e7f669cd8c400fd446081c14e9358f
data/raw/Dataset/train/Pothole/pothole216.jpg,train,Pothole,class_folder,unknown,71d573bc1357e44ffeeb4e72cb65ba4b9bc2e324b58e0ffa7c2153664fcbb3a0
data/raw/Dataset/train/Pothole/pothole217.jpg,train,Pothole,class_folder,unknown,b5894d80f375abdb98d029da7c904457b2fecb15f3c5501a01edb06e8b92d7ff
data/raw/Dataset/train/Pothole/pothole218.jpg,train,Pothole,class_folder,unknown,43a089b557576940e96e2b219cde58f52a4addbbff4c3cc8b67ecf45edd101cc
data/raw/Dataset/train/Pothole/pothole219.jpg,train,Pothole,class_folder,unknown,2c9e8d005fcbe0b522f6e528c0eb2085374152222effb3a052d795f05547da1a
data/raw/Dataset/train/Pothole/pothole22.jpg,train,Pothole,class_folder,unknown,6998c31c70238b847c2ccea8ed0957a8572525a732413570aa6ea2988cb4cd82
data/raw/Dataset/train/Pothole/pothole220.jpg,train,Pothole,class_folder,unknown,89fe6967d5da6b838667be1118ef72f89cfcf87609f9ddf1a684f2bc402cc0aa
data/raw/Dataset/train/Pothole/pothole221.jpg,train,Pothole,class_folder,unknown,4215db0d7a5d474a080de013edf8363f811a11f716d8328d6bcdbc1ae7ba9f80
data/raw/Dataset/train/Pothole/pothole222.jpg,train,Pothole,class_folder,unknown,cc9c767a6b67f5ff4444e45d28847f3b843384f3a9e9ace928d05c76ef1410f2
data/raw/Dataset/train/Pothole/pothole223.jpg,train,Pothole,class_folder,unknown,434987b89077b655ab8bdf7beba1217c20969b6b84c1157f57c2d0f5961343c4
data/raw/Dataset/train/Pothole/pothole224.jpg,train,Pothole,class_folder,unknown,68fb8d875eb3dc87bcbcf385935048974b02b9e4da0ae8bc95d41dbd2eee141b
data/raw/Dataset/train/Pothole/pothole225.jpg,train,Pothole,class_folder,unknown,6ee099fe2318f1081db0e90ca8c75696c0ca3833879b0c71e95d80e605088260
data/raw/Dataset/train/Pothole/pothole226.jpg,train,Pothole,class_folder,unknown,9780bf723d4144fa6875344b3c5bf3f2ea440d159ba42cc5f302c9e0e5e1a4c8
data/raw/Dataset/train/Pothole/pothole227.jpg,train,Pothole,class_folder,unknown,1ede0c2c288c8436c9fe85a2538d83a41165020b7642c6caf0a172d72984a5fd
data/raw/Dataset/train/Pothole/pothole228.jpg,train,Pothole,class_folder,unknown,32a04f0a74be76362b5b24e62f3f693c60eee9287e43b9b2334f1911de280e4e
data/raw/Dataset/train/Pothole/pothole229.jpg,train,Pothole,class_folder,unknown,523eb99f3b840a98bcceb5bc66356ffc431e93b83b5e989f0df277e2122566a4
data/raw/Dataset/train/Pothole/pothole23.jpg,train,Pothole,class_folder,unknown,29697d9895d600d8a8dfe1b4692687a550ca26b01fe21979ae3631ef95592318
data/raw/Dataset/train/Pothole/pothole230.jpg,train,Pothole,class_folder,unknown,dc89f7cdf8561410412d782ef9f75151fa7b5d3aea310afec3a76c6a306696bd
data/raw/Dataset/train/Pothole/pothole231.jpg,train,Pothole,class_folder,unknown,eee863dea9d367699c5b7fe3d9943b438719c5df43f8f1f19cdd91e399d2712a
data/raw/Dataset/train/Pothole/pothole232.jpg,train,Pothole,class_folder,unknown,34a50db4a66e8da005c40efea0b2346a77d50628b4214eec0f1cf8cb56a330be
data/raw/Dataset/train/Pothole/pothole233.jpg,train,Pothole,class_folder,unknown,a1d2fb813671ca9c0c83a799854a6933ea381e8b103e503c8d43b452c6c387de
data/raw/Dataset/train/Pothole/pothole234.jpg,train,Pothole,class_folder,unknown,1732bcc2b0fd335d2d76adbe1ba515a4f67689f2ad9f0bdb0e9e8a894487abca
data/raw/Dataset/train/Pothole/pothole235.jpg,train,Pothole,class_folder,unknown,ffd1792c75c2ffbefa42cb7676e9e5f3c156b7a7fe7c67ffe57850f7f6438d48
data/raw/Dataset/train/Pothole/pothole236.jpg,train,Pothole,class_folder,unknown,81d9c92123f5415ddf01d1d112a96bd7f5cdea886f391c115ecf75b8c6ed61e4
data/raw/Dataset/train/Pothole/pothole237.jpg,train,Pothole,class_folder,unknown,49d574378974dd6e02ae02d50a8f68636fb09c9b13832ee1159314d5994500e3
data/raw/Dataset/train/Pothole/pothole238.jpg,train,Pothole,class_folder,unknown,fb5db2f6fba92e4beb1b3c3edcf5c597db4adc1d4c1c6ac217c306c3e711a828
data/raw/Dataset/train/Pothole/pothole239.jpg,train,Pothole,class_folder,unknown,71397b142962902cd5a4fcdc1cf4f18056620b4cc461e04031cfaff3ffbc5635
data/raw/Dataset/train/Pothole/pothole24.jpg,train,Pothole,class_folder,unknown,44f49e4fbdd08f6713eb27c3aad24a1865bff48e883e01d9f53426f7c4de8630
data/raw/Dataset/train/Pothole/pothole240.jpg,train,Pothole,class_folder,unknown,d75f8b9ca940854c371d1dee330f086360edffb4e5925eaeeeeaef8c9db24c1b
data/raw/Dataset/train/Pothole/pothole241.jpg,train,Pothole,class_folder,unknown,74bb3d79fe65269a2d892f0485cdc44216b973a4aa20d00a8722c0e31c83da12
data/raw/Dataset/train/Pothole/pothole242.jpg,train,Pothole,class_folder,unknown,ea0de2c64ea0e3361b97d52af639ebe3a4cba98632fff8137dc8cd4c9ee5bf8e
data/raw/Dataset/train/Pothole/pothole243.jpg,train,Pothole,class_folder,unknown,047c0bc4c21745007868a8c8a848cb7405ad7db1c7e729709e8c6f653c8d14e2
data/raw/Dataset/train/Pothole/pothole244.jpg,train,Pothole,class_folder,unknown,8432ee09b873820a1bd1fc54b6e0b2d834c326b0539f8b3dd050ed85cc45bda3
data/raw/Dataset/train/Pothole/pothole245.jpg,train,Pothole,class_folder,unknown,991851665be902a2a2f798855e169c58580ec4afcf3c3c255984056faf24b4a4
data/raw/Dataset/train/Pothole/pothole246.jpg,train,Pothole,class_folder,unknown,70de6a6a39d4560cfc3504ed93477293d8ab4587f189ac2599e41d86e9119ee4
data/raw/Dataset/train/Pothole/pothole247.jpg,train,Pothole,class_folder,unknown,3a475454c6d1504b64c695488cb1759dad4c56d9ac54ab27e954d9797edf87a4
data/raw/Dataset/train/Pothole/pothole248.jpg,train,Pothole,class_folder,unknown,484154e5aab824cd05ae47a747c94f5aedcb80db89338e7db1377746858bb54e
data/raw/Dataset/train/Pothole/pothole249.jpg,train,Pothole,class_folder,unknown,d1629c561e8ec2b1d3deb48e276e2e4738bbd438a3da1948f57fc613f6f684cd
data/raw/Dataset/train/Pothole/pothole25.jpg,train,Pothole,class_folder,unknown,d59b3f050d8f22e3e7df45311ffeaa027f1c6007ab4adfd94448da6c976f6b81
data/raw/Dataset/train/Pothole/pothole250.jpg,train,Pothole,class_folder,unknown,9a50dfee478cf7c6a4c787b3b3a78be69971b6ee97836b03f7f03515cb1dd9c8
data/raw/Dataset/train/Pothole/pothole251.jpg,train,Pothole,class_folder,unknown,91748e90249a19a29f02f20cac483b55a4aa56c0e57e162972bb541f74d08c9b
data/raw/Dataset/train/Pothole/pothole252.jpg,train,Pothole,class_folder,unknown,21472f83645b029591c2935f981c28f4ad9c44663f3a60a442678b88b9baacba
data/raw/Dataset/train/Pothole/pothole253.jpg,train,Pothole,class_folder,unknown,0236f588a153f42990485c081635d3ceba6770f8bd61dee6ccbf0de6a525a8e0
data/raw/Dataset/train/Pothole/pothole254.jpg,train,Pothole,class_folder,unknown,1f3b1157c2ecb2efbeaa7e121a0ce044cd3db7c07390e4c4a92b43f227784838
data/raw/Dataset/train/Pothole/pothole255.jpg,train,Pothole,class_folder,unknown,f21f4fe6615e3fa1774c55324fe99cd4db6ab41d6b88af964b6d45e14565c3af
data/raw/Dataset/train/Pothole/pothole256.jpg,train,Pothole,class_folder,unknown,9cea865f8ab1ba9480611ab55d545295e7b0478052c6c92624b0aea833edb9ad
data/raw/Dataset/train/Pothole/pothole257.jpg,train,Pothole,class_folder,unknown,a1cb7b5ceafe3adf9e2bfa506acdace10bf4b0ebb7d1093f76b2070bca0bfe60
data/raw/Dataset/train/Pothole/pothole258.jpg,train,Pothole,class_folder,unknown,acc6fcaab2e6cbf078acd63e77915db0c99924d1b4a59d760d9c7a660e941a6d
data/raw/Dataset/train/Pothole/pothole259.jpg,train,Pothole,class_folder,unknown,504d21b984a457dd3ab19005ee7766e5f1448633bfa53c6c153ebca54df4ad17
data/raw/Dataset/train/Pothole/pothole26.jpg,train,Pothole,class_folder,unknown,5b1ba30c4ce3ed8225bde0832e4c7cebb52b5f41d3149956118dd797eed6056f
data/raw/Dataset/train/Pothole/pothole260.jpg,train,Pothole,class_folder,unknown,230aa778830ea6c4701ce1d9eda3bf94c3b25eb65fdc521bbea5bf564e2cbce3
data/raw/Dataset/train/Pothole/pothole261.jpg,train,Pothole,class_folder,unknown,01abc3ad92bbb0a2eb730bedaf8c447a0f6ce2a3bf2ea2047626b3a884f000fc
data/raw/Dataset/train/Pothole/pothole262.jpg,train,Pothole,class_folder,unknown,c41b725232f9344e7bac7c6c6c6caee6b68dad509dd9a3aad1519443b80abad1
data/raw/Dataset/train/Pothole/pothole263.jpg,train,Pothole,class_folder,unknown,fdcfd2c64c19eb437fa3bd0add16f5fe24f5f078eeb3710abe31fd09b56ac2d6
data/raw/Dataset/train/Pothole/pothole264.jpg,train,Pothole,class_folder,unknown,8accd484771bb9d7efb7191124f54ea3756ee4e5d19ed1410ad9397bfd98a06b
data/raw/Dataset/train/Pothole/pothole265.jpg,train,Pothole,class_folder,unknown,ab9c980259c441d64148dbd5ad7e31f3d5b7d2ebab5cef36e998669218a008cf
data/raw/Dataset/train/Pothole/pothole266.jpg,train,Pothole,class_folder,unknown,d4cb3af9352f5713a650e2aafdb228e1894cc460e64ee9ef550df1468999ee94
data/raw/Dataset/train/Pothole/pothole267.jpg,train,Pothole,class_folder,unknown,22a6d806adeb22d1eefebc5cf307490d8af73e911c482d2c3c36071566cec66e
data/raw/Dataset/train/Pothole/pothole268.jpg,train,Pothole,class_folder,unknown,a3070548b3c8b1fe32d2636d20804bc2254920a541aa667ec7418193547ea7c1
data/raw/Dataset/train/Pothole/pothole269.jpg,train,Pothole,class_folder,unknown,4423bd24521c362a37cab7f05cb27f946dbe39e4bce66bd4e43f5aaed3eb5442
data/raw/Dataset/train/Pothole/pothole27.jpg,train,Pothole,class_folder,unknown,9eb53dde973abb9de28577ed157982f820021a4f598a9937120eed29edd51a62
data/raw/Dataset/train/Pothole/pothole270.jpg,train,Pothole,class_folder,unknown,8432ee09b873820a1bd1fc54b6e0b2d834c326b0539f8b3dd050ed85cc45bda3
data/raw/Dataset/train/Pothole/pothole271.jpg,train,Pothole,class_folder,unknown,eb6b7ff8618564faaec4180fe77b6c3217280b2c1fb7a3be6820723f7234bd57
data/raw/Dataset/train/Pothole/pothole272.jpg,train,Pothole,class_folder,unknown,a22c472c4e1692b00c77f5abe9bb9e2e05c5fe2b99dae2ea8549ed065ea47f5d
data/raw/Dataset/train/Pothole/pothole273.jpg,train,Pothole,class_folder,unknown,307832ffa507a3c5f281a98d33624f0810979a4b7189739258d84580426590a2
data/raw/Dataset/train/Pothole/pothole274.jpg,train,Pothole,class_folder,unknown,6e10b345244001a4a54fb0a3462cc6732f2ae04bfcecfc86e86c3912c7a60c8d
data/raw/Dataset/train/Pothole/pothole275.jpg,train,Pothole,class_folder,unknown,383f477bd2ee117603e17d01f59d4847d8b6195efe77e3d1bf6fd3fc4f5df4e1
data/raw/Dataset/train/Pothole/pothole276.jpg,train,Pothole,class_folder,unknown,373d70fde3ebb829f20bc7aa47df171cfbc6a9a207d82e6c7fd273fa2784c207
data/raw/Dataset/train/Pothole/pothole277.jpg,train,Pothole,class_folder,unknown,b89a2f240f28e66d652dd6fcdff51ae18a1f4f505bf972acbe7cc795c79714f3
data/raw/Dataset/train/Pothole/pothole278.jpg,train,Pothole,class_folder,unknown,f80b01929019bcc35bb3c9c8530510e9b474fc16fd45f004b66e658dfc71dcd2
data/raw/Dataset/train/Pothole/pothole279.jpg,train,Pothole,class_folder,unknown,70772d21d93aa6a19744cf7223b0785529a925b3cddfa5dfb594f5a344aabb2f
data/raw/Dataset/train/Pothole/pothole28.jpg,train,Pothole,class_folder,unknown,dda83a32cfe59d791f78ebb0eb02b8728fc4b9d32df034cda6f62745271047ba
data/raw/Dataset/train/Pothole/pothole280.jpg,train,Pothole,class_folder,unknown,294c9c20d3bcdba559d61516bb3196b088c67afad9e2a6b2e5477495fd4e34fb
data/raw/Dataset/train/Pothole/pothole281.jpg,train,Pothole,class_folder,unknown,a0be182c2075c576e5d39651ebc8648d0e5f48ff459d0b8322dc313af74816cd
data/raw/Dataset/train/Pothole/pothole282.jpg,train,Pothole,class_folder,unknown,cc422cacda88b7a57e797aba1cde0e173e93c860e597e4c29c78eb435f67714d
data/raw/Dataset/train/Pothole/pothole283.jpg,train,Pothole,class_folder,unknown,195e99dabd75bdcd1718f40a18be9dd4cff63aca36deefaf1878d0c999c1ce68
data/raw/Dataset/train/Pothole/pothole284.jpg,train,Pothole,class_folder,unknown,da77aa2ef2d3098916e7344d1888d3a71c239bf486bdbb7bb152d770f88d9ff4
data/raw/Dataset/train/Pothole/pothole285.jpg,train,Pothole,class_folder,unknown,700cb81450c6df407ed2e4141bb03bca69354ea48ffc6434be066d5c07a949b3
data/raw/Dataset/train/Pothole/pothole287.jpg,train,Pothole,class_folder,unknown,9333f5a3cbb333344e5f508c37eee3ee03f929448a8471a26524809f45455d3e
data/raw/Dataset/train/Pothole/pothole288.jpg,train,Pothole,class_folder,unknown,357ad4dab4232f2ae9abecb492902d4c6c872b4d6b1de540793249d7bfe2e890
data/raw/Dataset/train/Pothole/pothole289.jpg,train,Pothole,class_folder,unknown,d4fb083bd13b23bd414e0b1cf610fda2158aaa03792b7f56a59cf376edc7ee68
data/raw/Dataset/train/Pothole/pothole29.jpg,train,Pothole,class_folder,unknown,33b8993a5b0f2089ca69b5067b2abe096facadbdc5264fd730c8b659222bac89
data/raw/Dataset/train/Pothole/pothole290.jpg,train,Pothole,class_folder,unknown,8e7ce99bc19ac2e28420f817ca0835cb02b726c55109e6b25d9473a6bfcb3e40
data/raw/Dataset/train/Pothole/pothole291.jpg,train,Pothole,class_folder,unknown,1129c7448b554c89d3b4137f1a2aac3c2960029e00c0edf2dd4012063b5fe050
data/raw/Dataset/train/Pothole/pothole292.jpg,train,Pothole,class_folder,unknown,a805653888f42601750f4b68018efcc2db0e1373885342657e44fd5ccce61fa8
data/raw/Dataset/train/Pothole/pothole293.jpg,train,Pothole,class_folder,unknown,ad2c50c7dafa3377ff5e0c19d053d8fae7b986f3a19b951fad2e11485dc4d0c6
data/raw/Dataset/train/Pothole/pothole294.jpg,train,Pothole,class_folder,unknown,27de3aeacda687eaea99c796ee6ebbe360f7ce5ce18075475a1430fc66b2ecd5
data/raw/Dataset/train/Pothole/pothole295.jpg,train,Pothole,class_folder,unknown,0e664aa8d6ca98eef70658e1fadbdeabe2f7543f7bdb802d9d9244e1d320e8f3
data/raw/Dataset/train/Pothole/pothole296.jpg,train,Pothole,class_folder,unknown,f9e929d3820e8c86b1ea792571fa9bacc7499c777b4c23405693016294f955c7
data/raw/Dataset/train/Pothole/pothole297.jpg,train,Pothole,class_folder,unknown,c6d15b0580e0ce749488e2865d132f4cfaaa14f4d8668d9f362e429cc54c0f74
data/raw/Dataset/train/Pothole/pothole298.jpg,train,Pothole,class_folder,unknown,bb953207d89757d53bd1c85584788897f8f1cac84b26a2965ebc524562851ca9
data/raw/Dataset/train/Pothole/pothole299.jpg,train,Pothole,class_folder,unknown,33926ba3ae395beebcbd381743ddf52fdf4b6f3c2b037e4c4761d8a88011d6d1
data/raw/Dataset/train/Pothole/pothole3.jpg,train,Pothole,class_folder,unknown,04aa1d57a3a6c7b8a6c87bbfb628ade0212b5c9513d67f4a1e8dce53e509cd59
data/raw/Dataset/train/Pothole/pothole30.jpg,train,Pothole,class_folder,unknown,e6e3092cc4e241e80e2120650b2fbc674be5a4671618dd05c384fefb702d14a4
data/raw/Dataset/train/Pothole/pothole300.jpg,train,Pothole,class_folder,unknown,1a84b30ac98b5bb500e53f6bad6e69c2b4c563ecdf136c913e5e962bdbb26083
data/raw/Dataset/train/Pothole/pothole301.jpg,train,Pothole,class_folder,unknown,f5e1a31b1a0a3583181ca36435e79c0d20ba990ab0fed2e245ddede78a80364e
data/raw/Dataset/train/Pothole/pothole302.jpg,train,Pothole,class_folder,unknown,fff5320a7c86c2437c90a46d8d7a5583a5a591537530c1d37a4c1b3f2bbc6f7f
data/raw/Dataset/train/Pothole/pothole303.jpg,train,Pothole,class_folder,unknown,da7d080a63ef783a015a86487d03bba1e39990fb73ac4c4ca3c12891d7ec993b
data/raw/Dataset/train/Pothole/pothole304.jpg,train,Pothole,class_folder,unknown,6f334b2f1056c586915da5139d68fcf016c95b11a28f824774d17c17e279eeda
data/raw/Dataset/train/Pothole/pothole305.jpg,train,Pothole,class_folder,unknown,ccfb16773ccef771536da10a208e924bfa503aefc7b5014399352f2e0111219d
data/raw/Dataset/train/Pothole/pothole306.jpg,train,Pothole,class_folder,unknown,2751464f5a344654aacf9066f953703ed2ee8aa221d9eaebbcd41c42c0d3484c
data/raw/Dataset/train/Pothole/pothole307.jpg,train,Pothole,class_folder,unknown,58b5e15a8f429a5a886a5c34dae88d92bf39455329a652c8d7cf620fae1dbf89
data/raw/Dataset/train/Pothole/pothole308.jpg,train,Pothole,class_folder,unknown,4bb08f32ebea250adb56fa0d2778303b7df08bf51d8d950df3d1355aedb2d2cc
data/raw/Dataset/train/Pothole/pothole309.jpg,train,Pothole,class_folder,unknown,1338d90a1ceb5dc0972dc380312c3cb050688f2a152fa7eaefd7b0ead4860612
data/raw/Dataset/train/Pothole/pothole31.jpg,train,Pothole,class_folder,unknown,005d258e3f7309a27874d3e463f36be42f0c064274b4ab58d7233cac077801b4
data/raw/Dataset/train/Pothole/pothole310.jpg,train,Pothole,class_folder,unknown,ee1b568f013263c58671b8e115fa37c5d0f0a77ca92f4d2b5d2b6f5a24d3c859
data/raw/Dataset/train/Pothole/pothole311.jpg,train,Pothole,class_folder,unknown,2224f5d32614b944feebd50a6a8a9910becfc1b0436c947a79836d8d495d1764
data/raw/Dataset/train/Pothole/pothole312.jpg,train,Pothole,class_folder,unknown,81e07ec739a3bccec53cd2d5a34f56545d367fdb8a75bbab9a975e3d2cd2014a
data/raw/Dataset/train/Pothole/pothole313.jpg,train,Pothole,class_folder,unknown,3a93e36cdcfc11d96bb617a6ea3621537d1d94aa2cb76a2e6c33ae2e502db039
data/raw/Dataset/train/Pothole/pothole314.jpg,train,Pothole,class_folder,unknown,599f95370e2c2412a70e85dcf9c84810eb628a568126cdbaba3f929a11108305
data/raw/Dataset/train/Pothole/pothole315.jpg,train,Pothole,class_folder,unknown,dab14287b536d2875c4bef30b41a45b3e3c2a39163a28686ce663b069b9812d8
data/raw/Dataset/train/Pothole/pothole316.jpg,train,Pothole,class_folder,unknown,1e6fe43956d5da0b6bb6d2dccd5db4b8b4f6a4712d3b113ea61ed8d1b68909bb
data/raw/Dataset/train/Pothole/pothole317.jpg,train,Pothole,class_folder,unknown,7285ebc1dc83fc2cee48ab7123eb389114a07dbd296901b728ed25dde067a9c8
data/raw/Dataset/train/Pothole/pothole318.jpg,train,Pothole,class_folder,unknown,af1cb8b1cf2d78fef5d6a50509abf3dc1943e6f780813678fc71e60d077fe7d1
data/raw/Dataset/train/Pothole/pothole319.jpg,train,Pothole,class_folder,unknown,91748e90249a19a29f02f20cac483b55a4aa56c0e57e162972bb541f74d08c9b
data/raw/Dataset/train/Pothole/pothole32.jpg,train,Pothole,class_folder,unknown,ba79498801cd8d0e37f9c82d7e6a4aa5eb8fad6fa62f591ee61c3da9ce79328a
data/raw/Dataset/train/Pothole/pothole320.jpg,train,Pothole,class_folder,unknown,51182f545c668d66ee5048882eab6e3cd205924e2d0ac3d1c776a51a0c7a7c53
data/raw/Dataset/train/Pothole/pothole321.jpg,train,Pothole,class_folder,unknown,7321995d66419753e39db427bb469a146b7421ade5e2ed3ecb9ec52d2ba51035
data/raw/Dataset/train/Pothole/pothole322.jpg,train,Pothole,class_folder,unknown,66fda41492c68ebd6d4136609e2716f30428bb5060e34e0566e390ff618335bc
data/raw/Dataset/train/Pothole/pothole323.jpg,train,Pothole,class_folder,unknown,e8eddf4b50e2cfe41aac0c5536bad595590c6703d45e501e6b7761a57e1a7169
data/raw/Dataset/train/Pothole/pothole324.jpg,train,Pothole,class_folder,unknown,b4069318664ef7f2f1573e0521dbf5d065519e6ddb3a13b3ef9be8a962fcc92c
data/raw/Dataset/train/Pothole/pothole325.jpg,train,Pothole,class_folder,unknown,4b0e8911adbff2706e2f06603571acc9c81b81a115d324eca8cfdec5cf547163
data/raw/Dataset/train/Pothole/pothole326.jpg,train,Pothole,class_folder,unknown,32298aee98823454a3c79e8af257285d206d05e87bc20d3771ad2a00ad78a31a
data/raw/Dataset/train/Pothole/pothole327.jpg,train,Pothole,class_folder,unknown,adc3b27c020d18555d757cf8e26b71c7acca62db93b0159202d387267611478c
data/raw/Dataset/train/Pothole/pothole328.jpg,train,Pothole,class_folder,unknown,137a52c6d6a2991cec02f1e1bbeeb51f1ed80d05723b6cb6b82d88229c42a302
data/raw/Dataset/train/Pothole/pothole329.jpg,train,Pothole,class_folder,unknown,65c9e0583d4970f921e677f9a7a939a618c896460f7b8f87f916ef9293a6b18d
data/raw/Dataset/train/Pothole/pothole33.jpg,train,Pothole,class_folder,unknown,401c646fa885abe20c0b2de31aa38d36649d0c3a1a000ad8007a0974d6165ef8
data/raw/Dataset/train/Pothole/pothole330.jpg,train,Pothole,class_folder,unknown,67daaf5b62662a56a87ae4fd6ef71d5a34516e14e0937853871ce3cdf897809f
data/raw/Dataset/train/Pothole/pothole331.jpg,train,Pothole,class_folder,unknown,53fa457e6f395234dfb0e3a2eb44d68284fda766470594468756ea4600b0f634
data/raw/Dataset/train/Pothole/pothole332.jpg,train,Pothole,class_folder,unknown,260a53c68c9d8c271c1e5aeab3bb78badc4ba3364b9ce56037f04e7358585bca
data/raw/Dataset/train/Pothole/pothole333.jpg,train,Pothole,class_folder,unknown,c501526e4a067f9a71189381d51dfbfb81844148b57bb015c4e729c2165d185a
data/raw/Dataset/train/Pothole/pothole334.jpg,train,Pothole,class_folder,unknown,558152ed3c80f6d7c175ea001612b4a59b89982261c6c317b6c5b3dd2f297577
data/raw/Dataset/train/Pothole/pothole335.jpg,train,Pothole,class_folder,unknown,fb166fd712b38c8b98f5daf95dcd56a62465676ddbad5d1003ef5ccf1fb28576
data/raw/Dataset/train/Pothole/pothole336.jpg,train,Pothole,class_folder,unknown,582624f38bedd1a95f75dc77d0380a9cb2bfa39e50012a26ca854d3d08e3c584
data/raw/Dataset/train/Pothole/pothole337.jpg,train,Pothole,class_folder,unknown,72adf62dab6833fda13b87a5fdd675660016482954a869c993b017f16aca34b3
data/raw/Dataset/train/Pothole/pothole338.jpg,train,Pothole,class_folder,unknown,27b0d92b4c7caa798dd75423943ee7e2efde580ca7bae53ad74e6140badf3236
data/raw/Dataset/train/Pothole/pothole339.jpg,train,Pothole,class_folder,unknown,1ea8eeb34a7c815d31eb53a6c53c81d6ed40bc5f000f2a66b6476f3ddab6cea6
data/raw/Dataset/train/Pothole/pothole34.jpg,train,Pothole,class_folder,unknown,9c7cc18d49d427b87c4be9117e36a48a8878f5746ed1f940e8cf68bee4c0e4fe
data/raw/Dataset/train/Pothole/pothole340.jpg,train,Pothole,class_folder,unknown,ad412a7897e18549e26e30ece57524414a7add5fa8d92dd102d57a083d6a2723
data/raw/Dataset/train/Pothole/pothole341.jpg,train,Pothole,class_folder,unknown,f56efad6c9a6381afd1f284a24dd2c53d4458f2aa44bbf097d503b0829a7b2bf
data/raw/Dataset/train/Pothole/pothole342.jpg,train,Pothole,class_folder,unknown,46e743c8eb2fa8c02ee2d600f8185d55869722832e82c187c7ef5b88e1b47cbe
data/raw/Dataset/train/Pothole/pothole343.jpg,train,Pothole,class_folder,unknown,6964553d2e025faf09483e2be9d000dd1dc30e74ef34feaa10573f9869d3eba0
data/raw/Dataset/train/Pothole/pothole344.jpg,train,Pothole,class_folder,unknown,389f035784ccb20a5529d1b65c90c03259f871ebac1565a765c8304a1289ce54
data/raw/Dataset/train/Pothole/pothole345.jpg,train,Pothole,class_folder,unknown,d77441b28c9cc8cbe7b037a15a47ed2c8602476d4027e2c9b3ea01099a595aeb
data/raw/Dataset/train/Pothole/pothole346.jpg,train,Pothole,class_folder,unknown,3680bb77d538512242f86759c63d5975228155452d2e71dc2d06bb126d886387
data/raw/Dataset/train/Pothole/pothole347.jpg,train,Pothole,class_folder,unknown,2e82537db115fc4ff8d489b29f4d16321fa0337ebce4d598c8c4a51fa47e90a0
data/raw/Dataset/train/Pothole/pothole348.jpg,train,Pothole,class_folder,unknown,e67261fbc46242e80e478500b1b34083e42009affc19966e5558b8f15b1f5735
data/raw/Dataset/train/Pothole/pothole349.jpg,train,Pothole,class_folder,unknown,d9d3c2fe23c3ae8d83deacf5a55cd3b599f04e21b818125198bd5e27f8954da4
data/raw/Dataset/train/Pothole/pothole35.jpg,train,Pothole,class_folder,unknown,9fad5254db3a5623986993098d21da789873131396c4097a8d475944207b6ec2
data/raw/Dataset/train/Pothole/pothole350.jpg,train,Pothole,class_folder,unknown,2cc11da359e7acc3e4c04f860183e9d549fefaa14f26b31fa272a2b76461707d
data/raw/Dataset/train/Pothole/pothole351.jpg,train,Pothole,class_folder,unknown,e010b2dd6c5de44193288653977861205ccc4a1c2aab3c53d4430fcb6f2c858e
data/raw/Dataset/train/Pothole/pothole352.jpg,train,Pothole,class_folder,unknown,ce9193505ba1d6223bdd153503c2bc59b1a4adf00de7f16ba16620108417a53c
data/raw/Dataset/train/Pothole/pothole353.jpg,train,Pothole,class_folder,unknown,1009ab5360ca9260e0e62b27c3e26f7270f2d8faa2f35667036de39e8574cf99
data/raw/Dataset/train/Pothole/pothole354.jpg,train,Pothole,class_folder,unknown,b0f7fcc537f699baef5f346efab60816a89fd46a2a9c678ed9a8b8a9ab1c741b
data/raw/Dataset/train/Pothole/pothole355.jpg,train,Pothole,class_folder,unknown,786f0e52b3dd81c9b4d8c8b5323c3f8fbbf52e8c8710e06e68d0e6cff5326c62
data/raw/Dataset/train/Pothole/pothole357.jpg,train,Pothole,class_folder,unknown,f86904829bd1bb19326a4b9872481ab7a111344b496a89df846c689c3bd0ec7a
data/raw/Dataset/train/Pothole/pothole358.jpg,train,Pothole,class_folder,unknown,9e59945d0cc6f78ff1315b7d11bc053222872d97a926e9bbf7ed1d0b69652607
data/raw/Dataset/train/Pothole/pothole359.jpg,train,Pothole,class_folder,unknown,7d2eb8c604641f0bf89b824fd246bc995fc3f6974841bb011224df2ddd73f4bb
data/raw/Dataset/train/Pothole/pothole36.jpg,train,Pothole,class_folder,unknown,c7810a0fe7340f02e8a00891c62a45b1271ce1a3bbe29c78a6cdbf2d66ea8af7
data/raw/Dataset/train/Pothole/pothole360.jpg,train,Pothole,class_folder,unknown,e2ab027149d5026b1f219089924bb2b334a9a05e9863d10d40de7a8d2718ce3f
data/raw/Dataset/train/Pothole/pothole361.jpg,train,Pothole,class_folder,unknown,d50a304b24370c119b7145f7b5d20cf5e3cc069d2334da7a6561470336989823
data/raw/Dataset/train/Pothole/pothole362.jpg,train,Pothole,class_folder,unknown,5be0e5cf29006008da1105ec476d91a5ae85af3158d8da9a10ff8e3512649251
data/raw/Dataset/train/Pothole/pothole363.jpg,train,Pothole,class_folder,unknown,49d574378974dd6e02ae02d50a8f68636fb09c9b13832ee1159314d5994500e3
data/raw/Dataset/train/Pothole/pothole364.jpg,train,Pothole,class_folder,unknown,4113920c535efb8f9df2feff97eba71b42d46c38da61a8334e0c9acbc2e5adcc
data/raw/Dataset/train/Pothole/pothole365.jpg,train,Pothole,class_folder,unknown,42bd4f9751a051c17ae9e15a7cb26fea4e103ba4991875894a1b4a79e88758f9
data/raw/Dataset/train/Pothole/pothole366.jpg,train,Pothole,class_folder,unknown,12e9f9cddb86e97482f16993fbe428da6c95fa9b85675af16eecd3cd92a83272
data/raw/Dataset/train/Pothole/pothole367.jpg,train,Pothole,class_folder,unknown,db37ae285cb6d25b32d54dcde7ac539179bbe3e416d654ae954911fc699e6e0d
data/raw/Dataset/train/Pothole/pothole368.jpg,train,Pothole,class_folder,unknown,367fe9e6ce4759aa16bf62558d2604e2be4fc712a467890e736b01985a1278ea
data/raw/Dataset/train/Pothole/pothole369.jpg,train,Pothole,class_folder,unknown,e65e244e0717f420022a80ebf3596c8f5e6e71abac7c8ff45a514519b10808d5
data/raw/Dataset/train/Pothole/pothole37.jpg,train,Pothole,class_folder,unknown,6ebec01e3e7ce15e569acbc8b3659002e739752c84648b0a6b20498acb15fa6e
data/raw/Dataset/train/Pothole/pothole370.jpg,train,Pothole,class_folder,unknown,118830d26cbb9e87dbfe6a88fb2a3c9f46b2c24a41bed337e8a5824b15e9354b
data/raw/Dataset/train/Pothole/pothole371.jpg,train,Pothole,class_folder,unknown,99ccff5831cf82001238f2f20021dda8e26c6bc476e3aedd2c7c594caf186b2f
data/raw/Dataset/train/Pothole/pothole372.jpg,train,Pothole,class_folder,unknown,88645afa22a6d5dde2c0aecf559657bee58a84b93078caf76f369321c98cc304
data/raw/Dataset/train/Pothole/pothole373.jpg,train,Pothole,class_folder,unknown,0a810d7ede7c0831af2af079201e53ca980cb40048943632a1ebe1c81497f827
data/raw/Dataset/train/Pothole/pothole374.jpg,train,Pothole,class_folder,unknown,f3ece7513e41fdf646a6b2fc76d669467af214ebb5e93b2002a4a6cab7dff0be
data/raw/Dataset/train/Pothole/pothole375.jpg,train,Pothole,class_folder,unknown,c189f2ee4ea1adeca32c0792218f0c8844d9ba6e96e6b4d8e73a889e3990f598
data/raw/Dataset/train/Pothole/pothole376.jpg,train,Pothole,class_folder,unknown,5fc20560858f4b5581a926ace3424c5c5ad88383b5921e8a5afc8496957668f1
data/raw/Dataset/train/Pothole/pothole377.jpg,train,Pothole,class_folder,unknown,4dbd798dc0c7a21dda8a47c2a1e3f9e4363f76a4529d2a1906d33f0b300a9b2f
data/raw/Dataset/train/Pothole/pothole378.jpg,train,Pothole,class_folder,unknown,1c0ebae68786978d6d0eca32de6118b0057810b2700cc571bf3775733f0c5059
data/raw/Dataset/train/Pothole/pothole379.jpg,train,Pothole,class_folder,unknown,193b54fdd639dbb2f795fa7bd4dbf257e283afa162adb60ad241e3bcd8005e5c
data/raw/Dataset/train/Pothole/pothole38.jpg,train,Pothole,class_folder,unknown,08dbdd60516a65b7364220556281051aff2d3b5b3bcab87bede417cb1ef30b73
data/raw/Dataset/train/Pothole/pothole380.jpg,train,Pothole,class_folder,unknown,7bf0daa48ceb636432a5ec6f7dc8c8850523c6a5645ef8a89fce44d57e9b22ef
data/raw/Dataset/train/Pothole/pothole381.jpg,train,Pothole,class_folder,unknown,961b954b4a410435b5d0934c5929d9c254ce576f05a3a034a85adcfa7f698b46
data/raw/Dataset/train/Pothole/pothole382.jpg,train,Pothole,class_folder,unknown,1b742b3e676f2c6d58f53ca330f3d2ffca662bae5f8e9caf4f50ee4f8badd08b
data/raw/Dataset/train/Pothole/pothole383.jpg,train,Pothole,class_folder,unknown,a1e3f6cfe191c176789f5b00efe9b4a2512143c3eef9ba6e02a0a519effcba13
data/raw/Dataset/train/Pothole/pothole384.jpg,train,Pothole,class_folder,unknown,3fdde8c2359e28a62e8f86924439b52518b0c1710043441eb87a53d656a43496
data/raw/Dataset/train/Pothole/pothole385.jpg,train,Pothole,class_folder,unknown,6b9407fef50830711de0e0950c736d3c0912470af8ba17ee81ed60495a063622
data/raw/Dataset/train/Pothole/pothole387.jpg,train,Pothole,class_folder,unknown,1a9719ab6b9166d49ab2f6a9f3bed172af26812d0d5e3cef60da0a4d3966f6f9
data/raw/Dataset/train/Pothole/pothole388.jpg,train,Pothole,class_folder,unknown,7bf232bc7f3b2164b51ef31b3dd285c4f825395e0eea2ad3b99fa79aa45e31b6
data/raw/Dataset/train/Pothole/pothole389.jpg,train,Pothole,class_folder,unknown,065931ae5b9bc5cb7f0c8d080a9c1b0cc000d457720703b5ab0e21077f052827
data/raw/Dataset/train/Pothole/pothole39.jpg,train,Pothole,class_folder,unknown,eebdcc26c718c396c9663616f0e787b7993a60bc2466c931469970120a5c6743
data/raw/Dataset/train/Pothole/pothole390.jpg,train,Pothole,class_folder,unknown,5bd2b9bda1a956bde20948b521e7fe95fe6fc122085b1fbd1c6972d25b71ed1f
data/raw/Dataset/train/Pothole/pothole391.jpg,train,Pothole,class_folder,unknown,f9db178c3fcad9e8f1f795f2ad0172a32a99196a589ec8df8af6ac119b85ae6e
data/raw/Dataset/train/Pothole/pothole392.jpg,train,Pothole,class_folder,unknown,b86c24c78eb0966e9034447d339e8eb9c1fb343f16ae9461e1190349c1962025
data/raw/Dataset/train/Pothole/pothole393.jpg,train,Pothole,class_folder,unknown,b2c5ea2f3b4f19084019c92c524058193a3dc29b53471ff22d51f1e03eeeb329
data/raw/Dataset/train/Pothole/pothole394.jpg,train,Pothole,class_folder,unknown,88517b5a14d39e5fad6dc3030827bc1d67ef18e13cdf8763dfe04b2646989c74
data/raw/Dataset/train/Pothole/pothole395.jpg,train,Pothole,class_folder,unknown,3ff3e76a4179a10674c12d48c6aa115f88c96f0ccce51535311b1bd68a24f54c
data/raw/Dataset/train/Pothole/pothole396.jpg,train,Pothole,class_folder,unknown,110a998e48b16fe3684da9b2ccc1950f4890e2ab7df41c70f84a4181c2a67498
data/raw/Dataset/train/Pothole/pothole397.jpg,train,Pothole,class_folder,unknown,93bfd6e3a495a067d3876a120bf3b7071ef0163cb546fc66d419f4a59d159c88
data/raw/Dataset/train/Pothole/pothole398.jpg,train,Pothole,class_folder,unknown,d2ad8980cf44336bcf85ec1bc4b59671798735f55ed179799b8339ae2c6aba9d
data/raw/Dataset/train/Pothole/pothole399.jpg,train,Pothole,class_folder,unknown,7d6ec37e1eb923e286a3c2b45ee48007f0cdfdb5911fbea722ffabc5ebf62e44
data/raw/Dataset/train/Pothole/pothole4.jpg,train,Pothole,class_folder,unknown,9e59b8be5da2d7077ef820c68b00e94a3270bf9b7f4c84af9a580e1fe0affca7
data/raw/Dataset/train/Pothole/pothole40.jpg,train,Pothole,class_folder,unknown,40982f46c09d29d775e98183ec448d68814ac6349c8cc4eb807c8b88c27cdcc6
data/raw/Dataset/train/Pothole/pothole400.jpg,train,Pothole,class_folder,unknown,f58a1b281624b21621802a95001501c1313757343fa5dd82a4a162b3a9f46b27
data/raw/Dataset/train/Pothole/pothole401.jpg,train,Pothole,class_folder,unknown,d176415691ba99bbab36fe0928b0299b5c766a2b8b73ea69aee7d2cdbb35084e
data/raw/Dataset/train/Pothole/pothole402.jpg,train,Pothole,class_folder,unknown,a5673d2209c17004277e6efd990f62057227cf3ace152da5ea46a3bea171b9f6
data/raw/Dataset/train/Pothole/pothole403.jpg,train,Pothole,class_folder,unknown,20d9e5fb33e2f3a41f7ef02ae09f3a7ab004c1b6e853c04c0f8825bd893be7ab
data/raw/Dataset/train/Pothole/pothole404.jpg,train,Pothole,class_folder,unknown,6d047a8bb780b29786c5bcef20ed308a2b2db36c3b0e87db1fdcf177b1aaddd2
data/raw/Dataset/train/Pothole/pothole405.jpg,train,Pothole,class_folder,unknown,51d803d5f23ca16089cbf9f1444002ef2374aef96fb93dfa813957347f3b43dc
data/raw/Dataset/train/Pothole/pothole406.jpg,train,Pothole,class_folder,unknown,a0a52bcba50b6c81d248d033785904ae7729a78cb08226851e29d27b4bfd2e14
data/raw/Dataset/train/Pothole/pothole407.jpg,train,Pothole,class_folder,unknown,4589c206e92ce507a39cd059c398dbc6867d2e93cfd487773d71794907a7d0dc
data/raw/Dataset/train/Pothole/pothole408.jpg,train,Pothole,class_folder,unknown,122848b703014088b1cd9626b8c74e92f0443667fba2a6e3f09e039e6285f782
data/raw/Dataset/train/Pothole/pothole409.jpg,train,Pothole,class_folder,unknown,80ba90430a50851558dc595b42a73d9affac319882578cc737e3a3d7c71ef2b0
data/raw/Dataset/train/Pothole/pothole41.jpg,train,Pothole,class_folder,unknown,c703690d7e2123fb3008b89a65e040c10114a666d1e12297e76f1fc1e2f052ec
data/raw/Dataset/train/Pothole/pothole410.jpg,train,Pothole,class_folder,unknown,4b438408ee1f7a77a2dd03dc1b768a13f84d2c8d61bb37a1db64de53b8d47a58
data/raw/Dataset/train/Pothole/pothole411.jpg,train,Pothole,class_folder,unknown,8f4c1fd1dff5eaef895188a6b0024d05a3c305ee57ad082e29b197f8f9e50c84
data/raw/Dataset/train/Pothole/pothole412.jpg,train,Pothole,class_folder,unknown,e6a0357679f6fd8c762ba62478148c334323b0c97ef301d6f0ba0a9e47cb86f5
data/raw/Dataset/train/Pothole/pothole413.jpg,train,Pothole,class_folder,unknown,1d58f21ec053376210745f939ffc7161c9f69b7b5acf62c07a1b7b0736df2be2
data/raw/Dataset/train/Pothole/pothole414.jpg,train,Pothole,class_folder,unknown,20b0fc9bf103f7264aeb096cbade819462613e6b38810a665b8234f050028176
data/raw/Dataset/train/Pothole/pothole415.jpg,train,Pothole,class_folder,unknown,68306b992e63a646790833281fc32ee54e0c2c564c18f89775c72ca42b7879cd
data/raw/Dataset/train/Pothole/pothole416.jpg,train,Pothole,class_folder,unknown,ff82c457f37cb8841d4ffa5ad75b57f0a878c3b3aa1607c98ef6158120ae7ffd
data/raw/Dataset/train/Pothole/pothole417.jpg,train,Pothole,class_folder,unknown,34757f32e8ea974f1855d2e4345b29030e5fe5a73182252aac2465927e31ff5e
data/raw/Dataset/train/Pothole/pothole418.jpg,train,Pothole,class_folder,unknown,93f354c3bb43df5c12c06d5d4f7ae2b39426e171ef660d2a9404a238c1b34d41
data/raw/Dataset/train/Pothole/pothole419.jpg,train,Pothole,class_folder,unknown,fd673a25ebdfe0b3c05e2a31a78cb2e8648a5bb483a290270a43f041ddabcb54
data/raw/Dataset/train/Pothole/pothole42.jpg,train,Pothole,class_folder,unknown,206745a70014d80246fc17a2b2f083c43410ef483ffe4bc1bf0355a149a8a62a
data/raw/Dataset/train/Pothole/pothole420.jpg,train,Pothole,class_folder,unknown,b553ad70376a9d69b86173a48bb85188d69e3ad3e3ec598e231a37fbba1cf2fe
data/raw/Dataset/train/Pothole/pothole421.jpg,train,Pothole,class_folder,unknown,29d9f209c310f636f07ce7db337d2eca31a5f9c2d660635df63450ae074b6372
data/raw/Dataset/train/Pothole/pothole422.jpg,train,Pothole,class_folder,unknown,226531b5b41df2c9dfea9453f3147bfe2423c0dd67bd5fc5cdfa26ba3a2ec215
data/raw/Dataset/train/Pothole/pothole423.jpg,train,Pothole,class_folder,unknown,28f9c8505b5c0c65e2a884c5c6cde0132ab3a16e0e39b93f569dac2b643eaeb1
data/raw/Dataset/train/Pothole/pothole424.jpg,train,Pothole,class_folder,unknown,d03f493edb525c3c2b275870c35049a8d1ad0ca67defc3764a602584f61a1bf4
data/raw/Dataset/train/Pothole/pothole425.jpg,train,Pothole,class_folder,unknown,dceccb21c8cbd3ace211b2f808bc4a042f6215e41ac3dc690632f6dc58263e5b
data/raw/Dataset/train/Pothole/pothole426.jpg,train,Pothole,class_folder,unknown,492c6edced08ada328fff99e4eef590a6a4b64f2f8225eef7e67f2adf45f7e74
data/raw/Dataset/train/Pothole/pothole427.jpg,train,Pothole,class_folder,unknown,a5f0136292b7af7e46038e49584e30cb3acc3c07129e681df86b422b18be5cd0
data/raw/Dataset/train/Pothole/pothole428.jpg,train,Pothole,class_folder,unknown,5de3d75fcda866ef1a5ef08c4bf2fc7801df6f91441ab038cdf08593c9ccaea5
data/raw/Dataset/train/Pothole/pothole429.jpg,train,Pothole,class_folder,unknown,7b9ecbe1fb971557b02cd748326d1b09b367172e3c6cac009f0c13cb049a97bd
data/raw/Dataset/train/Pothole/pothole43.jpg,train,Pothole,class_folder,unknown,3249d3f72122e1e7cd18eca31f7d7717b5cec4549adcca84b2b7f01cf5fbb045
data/raw/Dataset/train/Pothole/pothole430.jpg,train,Pothole,class_folder,unknown,40e5aeaa77dd8fd7b37abc8235728ab94ec04f0aa4ff342776944133013d2492
data/raw/Dataset/train/Pothole/pothole431.jpg,train,Pothole,class_folder,unknown,c9800d8e4dea7ddc99dca3358baf353fb3a5f11ade29f1e6bf580a585cb9f17d
data/raw/Dataset/train/Pothole/pothole432.jpg,train,Pothole,class_folder,unknown,a2aeca77d3bd80e552e461efcfa6f39b6e692f997a68a07c2bcc74ef9f930299
data/raw/Dataset/train/Pothole/pothole433.jpg,train,Pothole,class_folder,unknown,3d58da3eb68843ee42a246ce9fd88c031621967047d519cdf16e9246a6988069
data/raw/Dataset/train/Pothole/pothole434.jpg,train,Pothole,class_folder,unknown,c23499de18a4473528da7775c523663a8313b0bdce1e31983dbbe298627a3f4d
data/raw/Dataset/train/Pothole/pothole435.jpg,train,Pothole,class_folder,unknown,ba7796cf3980ae9e6d2375f01cd8034f8b28f3c442603bd1cecb10dd7b5b317e
data/raw/Dataset/train/Pothole/pothole436.jpg,train,Pothole,class_folder,unknown,db91266584862bde9c8b820733f75d7206d6e22b697bcd2d46ba3b08144dc890
data/raw/Dataset/train/Pothole/pothole437.jpg,train,Pothole,class_folder,unknown,d4cb170d61980f3848826648dacb6394d746d2a3862f858cbcb40fdbe418244f
data/raw/Dataset/train/Pothole/pothole438.jpg,train,Pothole,class_folder,unknown,d4c23b0a1c2ecb6a2c384541ff5b0dcbbf41682a4d33f2de134c1a5b2ec85895
data/raw/Dataset/train/Pothole/pothole439.jpg,train,Pothole,class_folder,unknown,562e9ce6945f53e038e7c635253a26911d7cf38170ff8ffd28a1d932af0f0ddf
data/raw/Dataset/train/Pothole/pothole44.jpg,train,Pothole,class_folder,unknown,f99d1e60dc0b2137175bdcb530cc518ca9d5ae4b9b0281110d9a22c152a49a14
data/raw/Dataset/train/Pothole/pothole440.jpg,train,Pothole,class_folder,unknown,3a0a0d81aca8cd8d687362c2dbd71e87f54ee7402a62926688ae674f83c37944
data/raw/Dataset/train/Pothole/pothole442.jpg,train,Pothole,class_folder,unknown,f7633013faeccfa8f8ea36f81d6347e3d234021f6a0aeb6fc9eb99642d5992a8
data/raw/Dataset/train/Pothole/pothole443.jpg,train,Pothole,class_folder,unknown,7213450aea393a986f43bf8c48cae7f2cf62edcf06dcc678ed3c9135a7c89b47
data/raw/Dataset/train/Pothole/pothole444.jpg,train,Pothole,class_folder,unknown,dab14287b536d2875c4bef30b41a45b3e3c2a39163a28686ce663b069b9812d8
data/raw/Dataset/train/Pothole/pothole445.jpg,train,Pothole,class_folder,unknown,a7c7cb3fe5d317e0969ddb63df27026419bec2a902398a102efe1478a45af586
data/raw/Dataset/train/Pothole/pothole446.jpg,train,Pothole,class_folder,unknown,4271569f0ec2dc702851335a6508adb913ad60530a1f3620cd9253fb48a9a4b9
data/raw/Dataset/train/Pothole/pothole447.jpg,train,Pothole,class_folder,unknown,cdff4597f3279d0424735a1f58f9223c584d3e83ef5724814dea06278210d198
data/raw/Dataset/train/Pothole/pothole448.jpg,train,Pothole,class_folder,unknown,b4ba7aff8f45e41fd2dc046fa9526dba7d9622b83db6058b2faa6a52d684f970
data/raw/Dataset/train/Pothole/pothole449.jpg,train,Pothole,class_folder,unknown,a7a41d8f05d12dffbe601394748cfae429f8f2ff7e3f5b6c20f061a26df75a1b
data/raw/Dataset/train/Pothole/pothole45.jpg,train,Pothole,class_folder,unknown,d5cc66e380c7796fee70b894f8520f5bda8caa49a9c412ce4e1f44d524e9c9a5
data/raw/Dataset/train/Pothole/pothole450.jpg,train,Pothole,class_folder,unknown,0d2dff73e9cf7bba55ab46dbf9a561387e78cc8ed9f37998ab68c22029541438
data/raw/Dataset/train/Pothole/pothole451.jpg,train,Pothole,class_folder,unknown,98b0e503286d0c8b57156bdb972c589402c005ffff2509f093d2da63d29353a1
data/raw/Dataset/train/Pothole/pothole452.jpg,train,Pothole,class_folder,unknown,774068abff4031281a806e60829eb1daefa624cb3ddd7b99393c2b4ee3496609
data/raw/Dataset/train/Pothole/pothole453.jpg,train,Pothole,class_folder,unknown,51ea507acfc815a5f8848b913b4d97fd018486c0167222bdfd90fff4d41e4680
data/raw/Dataset/train/Pothole/pothole454.jpg,train,Pothole,class_folder,unknown,ab3f9906ece8c7e0fced46a06de15e6f89cbf0106c2b1c3a9ef5c4c674e0dc5a
data/raw/Dataset/train/Pothole/pothole455.jpg,train,Pothole,class_folder,unknown,2852f827a48f48465c94b59679064285a24c37a400c14956147a6b6ab3fc0b64
data/raw/Dataset/train/Pothole/pothole456.jpg,train,Pothole,class_folder,unknown,ccc5d3d238b44ce6aa25245076cd98a3089e8e50f3b104af4d30dd6247aa9cc4
data/raw/Dataset/train/Pothole/pothole457.jpg,train,Pothole,class_folder,unknown,3e660c3a419aa85618c2d641eb33a726bf490f2057e1560532bfe4aa13e1fe63
data/raw/Dataset/train/Pothole/pothole458.jpg,train,Pothole,class_folder,unknown,1da5df2e7187ca75a5e310b70b66ab2fb43aad1160cea8784ff44ca0c530b335
data/raw/Dataset/train/Pothole/pothole459.jpg,train,Pothole,class_folder,unknown,4f49548072522483a929adb7637a61d2a955ce6fc23ee6cd77189bb6b21a5e54
data/raw/Dataset/train/Pothole/pothole46.jpg,train,Pothole,class_folder,unknown,d8b4b4a61680f59662604bc1b880b1b9e0475d4c11c51fa17e7a3df5d52c030b
data/raw/Dataset/train/Pothole/pothole460.jpg,train,Pothole,class_folder,unknown,f6bfb856748093453e44648fddaa12fcb8fdf877ee90d18880987e6c6fff1c6a
data/raw/Dataset/train/Pothole/pothole461.jpg,train,Pothole,class_folder,unknown,3f89729a8a615fad74785334d095bf2b9e4a4636560c9656c03bd2a1a50af59f
data/raw/Dataset/train/Pothole/pothole462.jpg,train,Pothole,class_folder,unknown,3139c2667573c77e1795b357c7e5477ab44fab2e987e5b0525162411a4dcec15
data/raw/Dataset/train/Pothole/pothole463.jpg,train,Pothole,class_folder,unknown,2c047908bdbd0921c89ba595a8905e80e79953bd1d6791ad61474d03165e24f4
data/raw/Dataset/train/Pothole/pothole464.jpg,train,Pothole,class_folder,unknown,d5a2a89f73993709436c013a1c6d22189750255d552df74953df6834f69a05f2
data/raw/Dataset/train/Pothole/pothole465.jpg,train,Pothole,class_folder,unknown,e107c9a6a0a1f0ee1e3939e53d69b42f90d99fd306718e6ffebfde08e2f5c208
data/raw/Dataset/train/Pothole/pothole466.jpg,train,Pothole,class_folder,unknown,b502afeb74d6a6e1cf3a55569fb282e7b2562399b525340c47c47523f2714532
data/raw/Dataset/train/Pothole/pothole467.jpg,train,Pothole,class_folder,unknown,5ca8b62ed1ac3aa53cfbe879102be850eb5ec1da3f665bc1c58f70acd50c2d96
data/raw/Dataset/train/Pothole/pothole468.jpg,train,Pothole,class_folder,unknown,72d0595abe5ca5ee9831ea13200e0eaa6709506d1034cde64b22ca52b30396cf
data/raw/Dataset/train/Pothole/pothole469.jpg,train,Pothole,class_folder,unknown,a9efa380d15463d94c8be451eb6ae01787a553978e7a3db87f16ced3791ac8c3
data/raw/Dataset/train/Pothole/pothole47.jpg,train,Pothole,class_folder,unknown,66a325431f026d5b04def443ccc7d8c7e862f9939ac4eb245c72e8080ab9499f
data/raw/Dataset/train/Pothole/pothole470.jpg,train,Pothole,class_folder,unknown,82c78c1334350de914f7be0025b5e891b4f5e0c444bcadd1cda8bbd97fbb1a7f
data/raw/Dataset/train/Pothole/pothole471.jpg,train,Pothole,class_folder,unknown,a79052fefa88b1682af26f10702a5863a0940a671834ec7bb86b6be66d08e6fe
data/raw/Dataset/train/Pothole/pothole472.jpg,train,Pothole,class_folder,unknown,5335499c038610ff53fd918196e0bec31894f4bb3a2bbed1b5d5149e81253460
data/raw/Dataset/train/Pothole/pothole473.jpg,train,Pothole,class_folder,unknown,b07798ad8a000d8df8e5a6ccc92e74e659031f92c0e719350c45a3df06350cfb
data/raw/Dataset/train/Pothole/pothole475.jpg,train,Pothole,class_folder,unknown,a295271267107e8a9c6ef1f651f3764c7d6cf86ffe511cdbbb83f9f3ce760fe7
data/raw/Dataset/train/Pothole/pothole476.jpg,train,Pothole,class_folder,unknown,d2423d3049cfb607441bf898a0cfc5f05933a12a61841a9ecb3e7c632ef04478
data/raw/Dataset/train/Pothole/pothole477.jpg,train,Pothole,class_folder,unknown,cf7c10df4c19639f1d1361a84f3cb4ecbc3a7ef906241b8304eab5028ad8baa7
data/raw/Dataset/train/Pothole/pothole478.jpg,train,Pothole,class_folder,unknown,7bb9a6f4c566411fb5733108e733441e3c59d4ab4d3a310fdaa18437fa615f23
data/raw/Dataset/train/Pothole/pothole479.jpg,train,Pothole,class_folder,unknown,e23bc7088e96fddcde28fc3370bf7561334b086e494065ddde280739da3d8138
data/raw/Dataset/train/Pothole/pothole48.jpg,train,Pothole,class_folder,unknown,e86c2e126f71b47818ccf0ea7fe7b58ba81de264d330ff1fdf96b7a4321ba6ac
data/raw/Dataset/train/Pothole/pothole480.jpg,train,Pothole,class_folder,unknown,794fa50a1123d4dc4c37a8f86231d46c1ad2960e6db8b414c25e52e2573d3ab6
data/raw/Dataset/train/Pothole/pothole481.jpg,train,Pothole,class_folder,unknown,ce8012535a62fc715b4daa637be48b5173beeb1abd1dc23679c0a57f725d3669
data/raw/Dataset/train/Pothole/pothole482.jpg,train,Pothole,class_folder,unknown,9359d5dae478112d812110f4289b0fcdeb9b23389e00c719463031dad38590c5
data/raw/Dataset/train/Pothole/pothole483.jpg,train,Pothole,class_folder,unknown,ae3aac22414475b8a6c4a0a4b3f5003466f3d8b6dcb19f89ea67d9608ca13e15
data/raw/Dataset/train/Pothole/pothole484.jpg,train,Pothole,class_folder,unknown,6e05a93c7e5bdebff9e99ae39b17455f0da2ef30d676392986cfca3de9e217ea
data/raw/Dataset/train/Pothole/pothole485.jpg,train,Pothole,class_folder,unknown,4a674959e485ceaa023c7660372066669e838548b47ed88a16245393ab3188e3
data/raw/Dataset/train/Pothole/pothole486.jpg,train,Pothole,class_folder,unknown,2d1dcf886f09c9d13c4cb98b2255e0fcb79d1e7d67475b7bb6c77c2f087b0b42
data/raw/Dataset/train/Pothole/pothole487.jpg,train,Pothole,class_folder,unknown,27de3aeacda687eaea99c796ee6ebbe360f7ce5ce18075475a1430fc66b2ecd5
data/raw/Dataset/train/Pothole/pothole488.jpg,train,Pothole,class_folder,unknown,edc187aa9eafec03d6bb3b1354bcec6363213a4aaccff0bb322667b1a10402e4
data/raw/Dataset/train/Pothole/pothole489.jpg,train,Pothole,class_folder,unknown,7c62f034b5dde883abe083c37a940f1c3a9c294d708547c3eba72f6d19551f41
data/raw/Dataset/train/Pothole/pothole49.jpg,train,Pothole,class_folder,unknown,04034d0a4461f0f8082f3a19575a92f084a32bfbd63bbbe255b4a5abacfcbb4a
data/raw/Dataset/train/Pothole/pothole490.jpg,train,Pothole,class_folder,unknown,9e7ff67ec9d105e1914c95642f1cd8ae8e5faeab71bb884eff407e03f4bb4126
data/raw/Dataset/train/Pothole/pothole491.jpg,train,Pothole,class_folder,unknown,db877eb0a3b3e1ef6f0a43b73448cc18365625fc552b2c67c44900a488581bf5
data/raw/Dataset/train/Pothole/pothole493.jpg,train,Pothole,class_folder,unknown,cde53457190ec362d3f0b8d4c5e688a4d23b14e20fd5b01780bf889b840bf317
data/raw/Dataset/train/Pothole/pothole494.jpg,train,Pothole,class_folder,unknown,e393a415d783fcd5c1dc7d19466ffeb140bcf5e6afc84d17af84a7c6ddd4a08c
data/raw/Dataset/train/Pothole/pothole495.jpg,train,Pothole,class_folder,unknown,07bb31e5f61f0c049f6e26c66e9e58a0b0560cfa1aa62eee6fb4a8d90bef0572
data/raw/Dataset/train/Pothole/pothole496.jpg,train,Pothole,class_folder,unknown,326740c92eeab77b041e1c82081c09bd64fe4a8e30b8e2a1a74f66278a8d69b4
data/raw/Dataset/train/Pothole/pothole497.jpg,train,Pothole,class_folder,unknown,4e0752188a87b55648f5c20de021d966f9c7480538736fe277f21a7718f18a4a
data/raw/Dataset/train/Pothole/pothole498.jpg,train,Pothole,class_folder,unknown,f2b3e62ffb05edd18037092f07f1480e5ec5021dc874515575221202ffa2d6bd
data/raw/Dataset/train/Pothole/pothole499.jpg,train,Pothole,class_folder,unknown,1601490ee9e47c26456a8c63e3de16da3274069658ceb8632a783a0be0aee57b
data/raw/Dataset/train/Pothole/pothole5.jpg,train,Pothole,class_folder,unknown,90ac62e583ddbe8a86f7ed0b67f767489c6dade8f7b9d9650aa4500c27f558de
data/raw/Dataset/train/Pothole/pothole50.jpg,train,Pothole,class_folder,unknown,6066d1670b30946e01e6efbf21069db1ab29c3fce0e515f5ab59de59b5f4238e
data/raw/Dataset/train/Pothole/pothole500.jpg,train,Pothole,class_folder,unknown,cc9a3a6d05490b9c71e7c71f1a119bc0f93d3aa4a013604cd0c4dceebd6f4fb3
data/raw/Dataset/train/Pothole/pothole501.jpg,train,Pothole,class_folder,unknown,4a5340a01746cfdc97edf820994a20ac1bb675ba0e27b42a27acaeb3026c56ea
data/raw/Dataset/train/Pothole/pothole502.jpg,train,Pothole,class_folder,unknown,b623c087e486b7500d48b3897c6aa36ba8d8de976dbc073d0d2648ad38297c8e
data/raw/Dataset/train/Pothole/pothole503.jpg,train,Pothole,class_folder,unknown,88c2536c207440a416a621d195cf70f17ff9adb876f65b3769003b2376c64245
data/raw/Dataset/train/Pothole/pothole504.jpg,train,Pothole,class_folder,unknown,2612ca35faaa01e2ffe2fd275d6a895117413d391e76bb894742f31991c94248
data/raw/Dataset/train/Pothole/pothole505.jpg,train,Pothole,class_folder,unknown,5f3308456a46fbbcfc5bf86f0b1073072744dca360f08f00282dee78f5f99a8b
data/raw/Dataset/train/Pothole/pothole506.jpg,train,Pothole,class_folder,unknown,26e3ca8bf7d5b44eac7778d3b5ad8ead22bdf9fccc47e2fd0d79c2fb11d9327e
data/raw/Dataset/train/Pothole/pothole507.jpg,train,Pothole,class_folder,unknown,58ba612b00dcc35bc4547baf3a09e687386bdace02de6f106859c23a36ae4cbf
data/raw/Dataset/train/Pothole/pothole508.jpg,train,Pothole,class_folder,unknown,2d590304e9e546dcf3c06a8f9cdb3c6beff658fff6ead77c81e0403f66542896
data/raw/Dataset/train/Pothole/pothole51.jpg,train,Pothole,class_folder,unknown,2f5b6144793c66e07c438ff63851b537c22ab57aee9db5657f2d38cc981c37cb
data/raw/Dataset/train/Pothole/pothole510.jpg,train,Pothole,class_folder,unknown,26a280bcea2066fe59fb99953c20d0c4d015e7aef1097e01ba03786cf513d977
data/raw/Dataset/train/Pothole/pothole511.jpg,train,Pothole,class_folder,unknown,be5fe971b622b44ef82e7e728a4debf425687b0e56a32c41dfc4e5bcff62f3bb
data/raw/Dataset/train/Pothole/pothole512.jpg,train,Pothole,class_folder,unknown,5fb9cb22abd1492b2ce74725abf4cb448535545e07980dca9e25b7aa140c25e2
data/raw/Dataset/train/Pothole/pothole513.jpg,train,Pothole,class_folder,unknown,79de7f16caf3635fd6dc584f0bf52318e355892fd6fd86e7f7727777cc4b696e
data/raw/Dataset/train/Pothole/pothole514.jpg,train,Pothole,class_folder,unknown,001c7f307379c325dd830dad64277766209e7c28cf8a6eb6729c7639ae7603bf
data/raw/Dataset/train/Pothole/pothole515.jpg,train,Pothole,class_folder,unknown,ddbea3a562c526186cd718bcb46175705fbaaa44e7d97da2e2fc3f218fd28a09
data/raw/Dataset/train/Pothole/pothole516.jpg,train,Pothole,class_folder,unknown,bca9b0ff5e00ca477091cd8aa8dffb8e12692e0f268e405508129317c8d45124
data/raw/Dataset/train/Pothole/pothole517.jpg,train,Pothole,class_folder,unknown,e57649880d18285392e0a065113bdca08421441b03a5d994716cf9f21727aa6c
data/raw/Dataset/train/Pothole/pothole518.jpg,train,Pothole,class_folder,unknown,11ccd0ad82da2c42bd448122d290e42994d83a61b00bdea39f48f3d8839495f8
data/raw/Dataset/train/Pothole/pothole519.jpg,train,Pothole,class_folder,unknown,f6bfb856748093453e44648fddaa12fcb8fdf877ee90d18880987e6c6fff1c6a
data/raw/Dataset/train/Pothole/pothole52.jpg,train,Pothole,class_folder,unknown,c3f3d450306b6ae0c07a9c61c6bcb9846c727171382e2af5e4948b44f08f1445
data/raw/Dataset/train/Pothole/pothole520.jpg,train,Pothole,class_folder,unknown,09bb0200e5b80ae962e7ef3c96bffa28777dbe653735e3ecebee6ee588577992
data/raw/Dataset/train/Pothole/pothole521.jpg,train,Pothole,class_folder,unknown,e9b0815a097f205a48cf028ab89a8e827f6f9186c1151cf477b0b6a9b9043e52
data/raw/Dataset/train/Pothole/pothole522.jpg,train,Pothole,class_folder,unknown,99f9258af38dd24a6cf885dee3f4ee6d409846b96a473fab8678f96abc3a119b
data/raw/Dataset/train/Pothole/pothole523.jpg,train,Pothole,class_folder,unknown,dade17a618022b5451be7ea4119cd6f25422e7b6db055d639209042b7c57aea6
data/raw/Dataset/train/Pothole/pothole524.jpg,train,Pothole,class_folder,unknown,ce626c2c95875e83940de813d9b35c4d91093e32512bc1b7f3b8c1e5d8384a58
data/raw/Dataset/train/Pothole/pothole525.jpg,train,Pothole,class_folder,unknown,b39d9b0d5fb716871eb25525bb9d44cc16eab36d48a1d7484f178f1812d945c1
data/raw/Dataset/train/Pothole/pothole526.jpg,train,Pothole,class_folder,unknown,1d9a93482870b78407a7874b7e21a6205ef6a41fe1425bf5c85962403dea3700
data/raw/Dataset/train/Pothole/pothole527.jpg,train,Pothole,class_folder,unknown,7dd398b6521a00276a2555bd2937eb50f390904e4735d3417121d5d99a3458e1
data/raw/Dataset/train/Pothole/pothole528.jpg,train,Pothole,class_folder,unknown,3e58f1a80144e8b477989852b608032ac69ee46a5a96aa3d12362a2fe28c82d6
data/raw/Dataset/train/Pothole/pothole529.jpg,train,Pothole,class_folder,unknown,47faef02efb31514f3108849f4e79210cc3af0ad6be13437e47c5d8eaeb96c73
data/raw/Dataset/train/Pothole/pothole53.jpg,train,Pothole,class_folder,unknown,c31541cfa56fb636675ae45d02d01b5ba52e36471fe4a4bb8b88ed800c6934aa
data/raw/Dataset/train/Pothole/pothole530.jpg,train,Pothole,class_folder,unknown,85fd7d5a545a77fb5013466a60056b4bdbb739f4298f9717008e58c7739a5bc3
data/raw/Dataset/train/Pothole/pothole531.jpg,train,Pothole,class_folder,unknown,a7a41d8f05d12dffbe601394748cfae429f8f2ff7e3f5b6c20f061a26df75a1b
data/raw/Dataset/train/Pothole/pothole532.jpg,train,Pothole,class_folder,unknown,fbbf967686741090daf05e112ebc919e6ca46aee47339cde6ef061dd75f3250b
data/raw/Dataset/train/Pothole/pothole533.jpg,train,Pothole,class_folder,unknown,867b60b106cb6cb2236938d6467f8ef43ad1d60b4ececac0221bcdb18a58116f
data/raw/Dataset/train/Pothole/pothole534.jpg,train,Pothole,class_folder,unknown,4076e0a9cd2ca126002cd7d95d2c8cb092762938cb3c2af1516c7e650e4b1a84
data/raw/Dataset/train/Pothole/pothole535.jpg,train,Pothole,class_folder,unknown,0302978538da0aac2b5d7d56352839abc992e2ad9298d8290aa341b94a11c5bb
data/raw/Dataset/train/Pothole/pothole536.jpg,train,Pothole,class_folder,unknown,58cba7a7f02810e559fad4f2e9bf4ff6378b1c12061127db37771aa0f0421783
data/raw/Dataset/train/Pothole/pothole537.jpg,train,Pothole,class_folder,unknown,ea6a00a7924e796e59fd1d29d2d9358e20536d3c71181c14b0dbaf51b9426674
data/raw/Dataset/train/Pothole/pothole538.jpg,train,Pothole,class_folder,unknown,c894594eeeec179d666a84ff3ea7812a8083efd358523c0f50943120823db773
data/raw/Dataset/train/Pothole/pothole539.jpg,train,Pothole,class_folder,unknown,3a30ec0e40a1fa18246d7e3b187ad39f069d3de2a15fde0e277d1fe7b148ed99
data/raw/Dataset/train/Pothole/pothole54.jpg,train,Pothole,class_folder,unknown,99e39be599a524371bf3fd1da040c0c893c41973149e9209e35e97feb4afc31d
data/raw/Dataset/train/Pothole/pothole540.jpg,train,Pothole,class_folder,unknown,939ba29b8e9b7232e18eb27dc4813d15da8942f91a026fc2d8d6e83997c3e2ae
data/raw/Dataset/train/Pothole/pothole541.jpg,train,Pothole,class_folder,unknown,20873fed1d69977720e15e7ccf7fb452b65f77fb7575b3c77d6718b347f32bbe
data/raw/Dataset/train/Pothole/pothole542.jpg,train,Pothole,class_folder,unknown,644546d031c500e98f686eb5777b416b22e942f11de3c7f543570b6ca91be085
data/raw/Dataset/train/Pothole/pothole543.jpg,train,Pothole,class_folder,unknown,c7daf96a855c168fda7b87f1748be26012b15840695409c7715b718436b76abc
data/raw/Dataset/train/Pothole/pothole544.jpg,train,Pothole,class_folder,unknown,73bf19f9f6437b930fd818c404fdf4d22545533e897ad6419580c47365cca884
data/raw/Dataset/train/Pothole/pothole545.jpg,train,Pothole,class_folder,unknown,a232222ee0fa5f9c34941ca3fdd5245318a627d731ef1bb7beb9b0fa5d27f76c
data/raw/Dataset/train/Pothole/pothole546.jpg,train,Pothole,class_folder,unknown,7b94abc2494d9438190e79350e2f0e92f0b99504437fb896a3a53aff67ba8505
data/raw/Dataset/train/Pothole/pothole547.jpg,train,Pothole,class_folder,unknown,f2a948b8c376f9a669de99c5ef7faccf8cc334ad8fae4b0aca891fac719fa654
data/raw/Dataset/train/Pothole/pothole548.jpg,train,Pothole,class_folder,unknown,88c2536c207440a416a621d195cf70f17ff9adb876f65b3769003b2376c64245
data/raw/Dataset/train/Pothole/pothole549.jpg,train,Pothole,class_folder,unknown,09ab2dcc8cd5667f735e80b2b9dc0e4e09e5917b760ee5abc16c156b115d7cef
data/raw/Dataset/train/Pothole/pothole55.jpg,train,Pothole,class_folder,unknown,9f963e9710759b0819ea43aa80e63038c3cf578cbd6996824280c9bfcaadbe49
data/raw/Dataset/train/Pothole/pothole550.jpg,train,Pothole,class_folder,unknown,b40d72e167c70221ce99cbd3f4e45f4d2ee3e51d82b8af9225bd1f8f4a05cf32
data/raw/Dataset/train/Pothole/pothole551.jpg,train,Pothole,class_folder,unknown,a9f40114e9773a472418abb2756e87df04d1f58f5eef2b3391afce4e81718ae3
data/raw/Dataset/train/Pothole/pothole552.jpg,train,Pothole,class_folder,unknown,584dcacacb42738c7920f69bff437c0d2b27389a54935af7fe429d5a725bd2df
data/raw/Dataset/train/Pothole/pothole553.jpg,train,Pothole,class_folder,unknown,128820f81ba540837cad3712e524696959585bf165d21dc309fb8783e13e966b
data/raw/Dataset/train/Pothole/pothole554.jpg,train,Pothole,class_folder,unknown,8813918a0f3cbe9fc7e005720161cdbfd38f919509309b260e219db8c5b025dd
data/raw/Dataset/train/Pothole/pothole555.jpg,train,Pothole,class_folder,unknown,a34bfd35b282512b05ecc942c3cb5856ccfd862a6d6f58837e5799ee034dbc64
data/raw/Dataset/train/Pothole/pothole556.jpg,train,Pothole,class_folder,unknown,5fd4ade3cc1609dd1ddb2fd1c8e2d2997be89459eb3ee25cf26fd66fa1a304e8
data/raw/Dataset/train/Pothole/pothole557.jpg,train,Pothole,class_folder,unknown,20e10bba6ad78e8d12ea33ca8d7bedd5f5d18aac01e230396b9b8649b061a0e6
data/raw/Dataset/train/Pothole/pothole558.jpg,train,Pothole,class_folder,unknown,02a9af1a404adc222d5e77be810562dd31c05f49950672ec609bcc37e5e52822
data/raw/Dataset/train/Pothole/pothole559.jpg,train,Pothole,class_folder,unknown,f907a964104dd756773daa55b51b95a2ffb1991a7cbba7d21add60d390c2b98b
data/raw/Dataset/train/Pothole/pothole56.jpg,train,Pothole,class_folder,unknown,e1b52da0c58cb8ce30a2cb675cc4fb49c7f17e69ad905d8e5d9147e218d605af
data/raw/Dataset/train/Pothole/pothole560.jpg,train,Pothole,class_folder,unknown,d1e4added0aaac8ea3cc6f4756aa98f256b3ab98d69388326ea8871a657e1fa7
data/raw/Dataset/train/Pothole/pothole561.jpg,train,Pothole,class_folder,unknown,47b2eaea9f643e9ebefbfeb99aae2bcc0b58a013b2c0e7c77faa22e9f011e71e
data/raw/Dataset/train/Pothole/pothole562.jpg,train,Pothole,class_folder,unknown,48a6d4a96f568aefdb9dc850a65aaf52e8eb25267128b1049cc366d150832c5b
data/raw/Dataset/train/Pothole/pothole563.jpg,train,Pothole,class_folder,unknown,d5c08472c5e444a705f0e6426b69a492723149615f7c1b4cf8c5536dba73c60c
data/raw/Dataset/train/Pothole/pothole564.jpg,train,Pothole,class_folder,unknown,8b78fa1f06ef042ccf6ef20e3ce48d19f0bd2e266eaea4082734fa7b1e43d4b9
data/raw/Dataset/train/Pothole/pothole565.jpg,train,Pothole,class_folder,unknown,9a825d506fe21fb8c75e7c148115640d08d7a65cfa57110eafacea9b124d52a4
data/raw/Dataset/train/Pothole/pothole566.jpg,train,Pothole,class_folder,unknown,aaa1108bfe81e7cd93b7097fe54ba6509b99fb35d34c8eccb61ff712706016a0
data/raw/Dataset/train/Pothole/pothole567.jpg,train,Pothole,class_folder,unknown,3758790b8895bb408bb1370a7e334bb837a3c6f8c8908abd6c2a5b32afca8a0c
data/raw/Dataset/train/Pothole/pothole568.jpg,train,Pothole,class_folder,unknown,4f82bf4c45d3c1f06b107b269ac5ca53fbf964eb80c67dcf23dd62de4d5f553a
data/raw/Dataset/train/Pothole/pothole569.jpg,train,Pothole,class_folder,unknown,9720a5f3f7bcc418b0f81fdcac12a001627603491fdd58c5c3e66d45cee9c598
data/raw/Dataset/train/Pothole/pothole57.jpg,train,Pothole,class_folder,unknown,ef7ef117229f0d18241f866f3be396713536fabdecb5a358492ca8cd28737cdd
data/raw/Dataset/train/Pothole/pothole570.jpg,train,Pothole,class_folder,unknown,68b908a61651b9a17c24849a9b42d9a64bd62c08c8ec3c610a484de35df6492e
data/raw/Dataset/train/Pothole/pothole571.jpg,train,Pothole,class_folder,unknown,a50f25eebc7fc4ee5b99ae4297a206e0d7674b3061b3b600a52fd0d92e17b0c7
data/raw/Dataset/train/Pothole/pothole572.jpg,train,Pothole,class_folder,unknown,127c911683df2eabf2e7e0778a82982c792734797af37b776f910a3ebc4b70da
data/raw/Dataset/train/Pothole/pothole573.jpg,train,Pothole,class_folder,unknown,06276643826017d1dbd473da252679d39eac9c90fa4d032edf51c06fcf203b9b
data/raw/Dataset/train/Pothole/pothole574.jpg,train,Pothole,class_folder,unknown,51542b5382433d94926b1a7b2b7e95297eb5c5d96c6c48dc1c2483472cec00ef
data/raw/Dataset/train/Pothole/pothole575.jpg,train,Pothole,class_folder,unknown,d859299f7bd5f7815d81c8da631f5a673f95c0ab3cdc7cc43ce0ca3536cc3b7a
data/raw/Dataset/train/Pothole/pothole576.jpg,train,Pothole,class_folder,unknown,0638ef15f95fd7e9e2fc4ea88ca5e4cb4d2afe5db60fd715aa5ad533906fe981
data/raw/Dataset/train/Pothole/pothole577.jpg,train,Pothole,class_folder,unknown,7e9896acbc5e819035d091169e28771c19a4460c278f31c693a84453e05d15b8
data/raw/Dataset/train/Pothole/pothole578.jpg,train,Pothole,class_folder,unknown,68a678b0db6d150568783f850493893484cdf5e7c612483280b637ef498322d2
data/raw/Dataset/train/Pothole/pothole579.jpg,train,Pothole,class_folder,unknown,8c279d57773b2ed7f918981084747f58ce6e354c7ddc38c01b28ede4be01197a
data/raw/Dataset/train/Pothole/pothole58.jpg,train,Pothole,class_folder,unknown,11ccd0ad82da2c42bd448122d290e42994d83a61b00bdea39f48f3d8839495f8
data/raw/Dataset/train/Pothole/pothole580.jpg,train,Pothole,class_folder,unknown,3494921738aa64eab5fa52ab254214655e2544880536c48929b241252174ccec
data/raw/Dataset/train/Pothole/pothole581.jpg,train,Pothole,class_folder,unknown,3b23a9786ac4b55b76697be657a35ea4f7ec88c3f7227df12ca5133e92102d55
data/raw/Dataset/train/Pothole/pothole582.jpg,train,Pothole,class_folder,unknown,ec7bf459c71e3dc40ad2371a7d402e0ae6c8810a1737cfc5d494c7d4cfe2b6ef
data/raw/Dataset/train/Pothole/pothole583.jpg,train,Pothole,class_folder,unknown,697f57b9021ce1736299035fb7d103a7b77e19301b477ad966a3ab30327195f3
data/raw/Dataset/train/Pothole/pothole584.jpg,train,Pothole,class_folder,unknown,86448c39af12a3572fa52d2422ff52f0d0a94e88698b574a11ab16db193b00ef
data/raw/Dataset/train/Pothole/pothole585.jpg,train,Pothole,class_folder,unknown,f6e9826525909b28d7f9e3f5dc64b567e96f5d6bfd152a461c933ee2e3a50765
data/raw/Dataset/train/Pothole/pothole586.jpg,train,Pothole,class_folder,unknown,65615fabc802509cf064907318b7134429b87ad24f8e0eea71272399941c2d74
data/raw/Dataset/train/Pothole/pothole587.jpg,train,Pothole,class_folder,unknown,72f9b6582861b16fa013f09c274f8868669e56bb4c2c9636d8475797122659f0
data/raw/Dataset/train/Pothole/pothole588.jpg,train,Pothole,class_folder,unknown,2751464f5a344654aacf9066f953703ed2ee8aa221d9eaebbcd41c42c0d3484c
data/raw/Dataset/train/Pothole/pothole589.jpg,train,Pothole,class_folder,unknown,5d8d4a8f5a44e8d53445106425c320bac797e864122659201c75c47b9204dddd
data/raw/Dataset/train/Pothole/pothole59.jpg,train,Pothole,class_folder,unknown,a0387f34b974da8f005702afa016b993371224a0bb5fb255b4e71c7a84c8ac09
data/raw/Dataset/train/Pothole/pothole590.jpg,train,Pothole,class_folder,unknown,04527c5464758351ddba0df0adb928ae71f3035561970ec615878ce6e5f8dbc8
data/raw/Dataset/train/Pothole/pothole591.jpg,train,Pothole,class_folder,unknown,d4c404c87c0dda8c41353030f283933da25cb811c8aac0c6d41e98e0bbd49052
data/raw/Dataset/train/Pothole/pothole592.jpg,train,Pothole,class_folder,unknown,65abff6a997a04012cf27ef78f79e5c89bfe33e64c6e569ff9932e810273f0f2
data/raw/Dataset/train/Pothole/pothole593.jpg,train,Pothole,class_folder,unknown,9fef9d4d18472c0dd4f81205b36dcb833ffcdfc908971d91d71ea5b2012ccdc6
data/raw/Dataset/train/Pothole/pothole594.jpg,train,Pothole,class_folder,unknown,f535c79e286fc620daabb1f0f34ed614959eed2adcc4e02714683b49e880878e
data/raw/Dataset/train/Pothole/pothole595.jpg,train,Pothole,class_folder,unknown,ddcd88e567b6f1cb9166d8439bf141c07730b392195338051b8f269f9048708d
data/raw/Dataset/train/Pothole/pothole596.jpg,train,Pothole,class_folder,unknown,89324e3f52955d733a63e0529affe2fe1aa79d55a92014869d8f5d4bcb9a4cb2
data/raw/Dataset/train/Pothole/pothole597.jpg,train,Pothole,class_folder,unknown,4fa1b67c1aa38e6bf7ee4a132a3eb6fe3d504ecda467ccbecb45ce1460aa8d53
data/raw/Dataset/train/Pothole/pothole599.jpg,train,Pothole,class_folder,unknown,c63a76698f1ae82958d53f9419825e83493384689923ef8bf132f5ae815e4a18
data/raw/Dataset/train/Pothole/pothole6.jpg,train,Pothole,class_folder,unknown,657fe6de4c9ecbcee5a545cab1a7d619b6cd0b1dcb39a402faa50d0f8be53ade
data/raw/Dataset/train/Pothole/pothole60.jpg,train,Pothole,class_folder,unknown,4bf57df3a7793a83decb6dc60b1fb53c7b015e9a56bb35486d52d6b8d5c91ae0
data/raw/Dataset/train/Pothole/pothole600.jpg,train,Pothole,class_folder,unknown,332903bcabba90225d1f8a8e53e6e06f40defa6e2bd5266dd55b64df6efc8d5b
data/raw/Dataset/train/Pothole/pothole601.jpg,train,Pothole,class_folder,unknown,2a186ff805f2461c6e9e0681414efe6f47a0b7206ba4f108b1e1734dc3912d7f
data/raw/Dataset/train/Pothole/pothole602.jpg,train,Pothole,class_folder,unknown,9140a5fbfcdd28c753bd60717e265972cf202e1bb25c54949f18db941feb1e9b
data/raw/Dataset/train/Pothole/pothole603.jpg,train,Pothole,class_folder,unknown,f94e2737be56d7787f52dcad8cc6696e25eb2093b242608433d2a7db2b972297
data/raw/Dataset/train/Pothole/pothole604.jpg,train,Pothole,class_folder,unknown,e1bedb2c06256caa8e3814d6a3951ab24ed26b4b4bc50dfddba91d8a01afb57b
data/raw/Dataset/train/Pothole/pothole605.jpg,train,Pothole,class_folder,unknown,a5f0136292b7af7e46038e49584e30cb3acc3c07129e681df86b422b18be5cd0
data/raw/Dataset/train/Pothole/pothole606.jpg,train,Pothole,class_folder,unknown,e41cc576ae65bcfcbf41ac7f6e9c1f35ff49054a203222ea5a9a5a5d2b0747b1
data/raw/Dataset/train/Pothole/pothole607.jpg,train,Pothole,class_folder,unknown,060a7217d1fe34798f6a919070618b968320739cb17b9f4dca6f9227534397cb
data/raw/Dataset/train/Pothole/pothole608.jpg,train,Pothole,class_folder,unknown,7c53a8ea0029ac0a9ac4780979cdd7f1455211bab81f370701659acc593bc6c3
data/raw/Dataset/train/Pothole/pothole609.jpg,train,Pothole,class_folder,unknown,389dea517cab6f72bb12b9814d29e1de0f26381e00a664c814e7cdd2e680c3cb
data/raw/Dataset/train/Pothole/pothole61.jpg,train,Pothole,class_folder,unknown,5de8a57303da165a882a4f7a39f041a555e077fe08723c0466ffa2ce201b8a0a
data/raw/Dataset/train/Pothole/pothole611.jpg,train,Pothole,class_folder,unknown,42db82fe662e60166d9a03b211f8ae224050765e377a0494e4c824f563eff6ec
data/raw/Dataset/train/Pothole/pothole612.jpg,train,Pothole,class_folder,unknown,d3a72c9ad90d6b182d275caba0e0c1772c01fef976282d655be53a87ab4cf4ea
data/raw/Dataset/train/Pothole/pothole613.jpg,train,Pothole,class_folder,unknown,496e98c895f4dfd3cdd469db9a9bd4c1b581796614b69206cd5ababe283e5474
data/raw/Dataset/train/Pothole/pothole614.jpg,train,Pothole,class_folder,unknown,67d13f1d860fa2a6c878f14023b0e399e7a6ff494c027afba43acf7ce3f99cd9
data/raw/Dataset/train/Pothole/pothole615.jpg,train,Pothole,class_folder,unknown,c27dbe9952f5d6e2ff5bb3cdb962454f9576b507584ef72f7c9ab12763720b32
data/raw/Dataset/train/Pothole/pothole616.jpg,train,Pothole,class_folder,unknown,93e3f27893885111bd375969b238612286b0e5ed71dde5f7537cf32267f20f3a
data/raw/Dataset/train/Pothole/pothole617.jpg,train,Pothole,class_folder,unknown,8c0c8d456d971d461d17c8f922284d1c0ddcbaa4f28b147d1024c05313ca5e0f
data/raw/Dataset/train/Pothole/pothole618.jpg,train,Pothole,class_folder,unknown,7e138ab7137a168665f946cca10da5e1527a9204dd1440c2c7fd36866d1a2097
data/raw/Dataset/train/Pothole/pothole619.jpg,train,Pothole,class_folder,unknown,768081991396bec446f772f6a335858b89e64cd391fd9f6de12457ed57972092
data/raw/Dataset/train/Pothole/pothole62.jpg,train,Pothole,class_folder,unknown,20389b8c71131c987f7c6b28a6d81f1705235ef70d56dd209876b34d2a93b56d
data/raw/Dataset/train/Pothole/pothole620.jpg,train,Pothole,class_folder,unknown,73e28831dde0078060b0522d5e4eaeee09c3989e75eb4752a08fe9994398e123
data/raw/Dataset/train/Pothole/pothole621.jpg,train,Pothole,class_folder,unknown,d1595e07354201c8e6fa96f73bd37ce87491fbee19f8cab6ec46eb4da0cc90d2
data/raw/Dataset/train/Pothole/pothole622.jpg,train,Pothole,class_folder,unknown,f89ae0c96588d246498acb1ac1ac8612c968cd2ac857c87891a0b80b99cd0cbf
data/raw/Dataset/train/Pothole/pothole623.jpg,train,Pothole,class_folder,unknown,94a33b7fce3dfd6111425e8afc3883d2ceff0f4a95c5133ab47aef6d37cac693
data/raw/Dataset/train/Pothole/pothole624.jpg,train,Pothole,class_folder,unknown,464a71318dcce210351db0070b8f9ece835730645934430a79e8bb4b863b915f
data/raw/Dataset/train/Pothole/pothole625.jpg,train,Pothole,class_folder,unknown,40d5a0b4488f9690b3c0fd666da6293a17e7c776208e61415302af019d0e9d4d
data/raw/Dataset/train/Pothole/pothole626.jpg,train,Pothole,class_folder,unknown,b5983ffc8ba5ffe1ab94d6498d3dddf55fbba3cd6a4ae634fca34dd17795bfcc
data/raw/Dataset/train/Pothole/pothole627.jpg,train,Pothole,class_folder,unknown,9e64953befb9391af8e690db46393b862885235f5a08c964be8139aac3204322
data/raw/Dataset/train/Pothole/pothole628.jpg,train,Pothole,class_folder,unknown,eb1e158e3715a812c023f2604f5a200901cde0eb3ea42d991ab5f111a2f0b038
data/raw/Dataset/train/Pothole/pothole629.jpg,train,Pothole,class_folder,unknown,5769e47cca29a400fe7c439e85b91ed6f53f7e2b598eefa60e7c2e51fe846edf
data/raw/Dataset/train/Pothole/pothole63.jpg,train,Pothole,class_folder,unknown,29b1765b36a0125808ee5e02f45d5027f44fe7f02465a2a86f21c1005aa1c04a
data/raw/Dataset/train/Pothole/pothole630.jpg,train,Pothole,class_folder,unknown,a5e44e7c59cac2f1a82849ab3a198f9446fa430ca87bc5930bbe3af6b90869a0
data/raw/Dataset/train/Pothole/pothole631.jpg,train,Pothole,class_folder,unknown,f049e89c09a53aa986b81986e045859370db8f9228133bd6aa24f3b6d7d3d4ff
data/raw/Dataset/train/Pothole/pothole632.jpg,train,Pothole,class_folder,unknown,3ba78a1dca2e7fbf477fa9153761e133ed96d185aa16717682f5f8e8b1c58f06
data/raw/Dataset/train/Pothole/pothole633.jpg,train,Pothole,class_folder,unknown,5ae19452badb558f418e96780e0d622d48da148987531dfc4d889621ce3de123
data/raw/Dataset/train/Pothole/pothole634.jpg,train,Pothole,class_folder,unknown,01e7f48af33952eb6c47e3c005f66df92bd5a002c5a792b3ac2fcf6a84719997
data/raw/Dataset/train/Pothole/pothole635.jpg,train,Pothole,class_folder,unknown,acffb4f23c0f7a9c5c9f3874e8574f242ddf12281b5894cfaf853c5eb46c5658
data/raw/Dataset/train/Pothole/pothole636.jpg,train,Pothole,class_folder,unknown,9e59945d0cc6f78ff1315b7d11bc053222872d97a926e9bbf7ed1d0b69652607
data/raw/Dataset/train/Pothole/pothole637.jpg,train,Pothole,class_folder,unknown,700c0b59c38ef91ee0075872fb9edd0f78676e96415c8897591a9902abb02476
data/raw/Dataset/train/Pothole/pothole638.jpg,train,Pothole,class_folder,unknown,9052c155f4ff3187fc0c9036c8d3a136db04d0195aa85936b6c50bfba0ae1063
data/raw/Dataset/train/Pothole/pothole639.jpg,train,Pothole,class_folder,unknown,283e4691e8316f9b59b651c9a1e687d9c848706f83f3be6de95e595a89840e52
data/raw/Dataset/train/Pothole/pothole64.jpg,train,Pothole,class_folder,unknown,6dcae9e6e0db45e4e217ffa06e5681f13a7235e0f7bd7bb20d75fc9a2a20dfa7
data/raw/Dataset/train/Pothole/pothole640.jpg,train,Pothole,class_folder,unknown,bbda1dbaf28589f741dacb41294bc401e0f061677093d3cbd484012369b03cfc
data/raw/Dataset/train/Pothole/pothole641.jpg,train,Pothole,class_folder,unknown,bc3d0032ebb585fb6575a5a8e23ba8937b6aaadc44a517b3503a12a0174559e9
data/raw/Dataset/train/Pothole/pothole642.jpg,train,Pothole,class_folder,unknown,814389b970b088e5bc628351af26bd0ae9a6255b35a82bc86e9b2363ade6c323
data/raw/Dataset/train/Pothole/pothole643.jpg,train,Pothole,class_folder,unknown,fc9bb4c53ce7340776fc1d12afb649c6125f370312695502e0f4d9fee510939a
data/raw/Dataset/train/Pothole/pothole644.jpg,train,Pothole,class_folder,unknown,1a957541709a4f2999d2bc874e276aeddebc8ad6bd8df145578ca201de3ea8eb
data/raw/Dataset/train/Pothole/pothole645.jpg,train,Pothole,class_folder,unknown,15f1bd0d6bb08956fe15602b8cb0f699a5e83aa45b9f45da8ac0b514978a80c3
data/raw/Dataset/train/Pothole/pothole646.jpg,train,Pothole,class_folder,unknown,b8866b69152b4749006acde7ede9efd27afab8590dd32778985d62aa053d8378
data/raw/Dataset/train/Pothole/pothole647.jpg,train,Pothole,class_folder,unknown,3472a09efb1d772d6d829e7c065167165737e27b9cc41d63c243f1d502952dc0
data/raw/Dataset/train/Pothole/pothole648.jpg,train,Pothole,class_folder,unknown,f58a1b281624b21621802a95001501c1313757343fa5dd82a4a162b3a9f46b27
data/raw/Dataset/train/Pothole/pothole649.jpg,train,Pothole,class_folder,unknown,3e965f6906886c09723309676771a3319e97197b9926cf13ef130cda8e3ec274
data/raw/Dataset/train/Pothole/pothole65.jpg,train,Pothole,class_folder,unknown,08502ed22cfbc2863a547771606be0c075343083242f90d90f37541bfb0156ea
data/raw/Dataset/train/Pothole/pothole650.jpg,train,Pothole,class_folder,unknown,140e0d4f43cbf1b185966c9eed796692a6459e9108a1581ed6606ad0ce38166e
data/raw/Dataset/train/Pothole/pothole651.jpg,train,Pothole,class_folder,unknown,ff0b505dff2fdcf7880b04325963ff9a85377d7e7453c3b89b437d5c265d75ea
data/raw/Dataset/train/Pothole/pothole652.jpg,train,Pothole,class_folder,unknown,c572eb08122aeb783fcb11879e7f502ec0fb2dadf4f8f550f9d597d45a195134
data/raw/Dataset/train/Pothole/pothole653.jpg,train,Pothole,class_folder,unknown,c9c947a223946f6091f1ed1a65964e452a7fd258a01d84257f87cc1d120f46ee
data/raw/Dataset/train/Pothole/pothole654.jpg,train,Pothole,class_folder,unknown,b74246ebff400a1fd0e5a50b595ed0578112294c87162130aaa5fa8794450ec1
data/raw/Dataset/train/Pothole/pothole655.jpg,train,Pothole,class_folder,unknown,e35d642113ca4231cf78499e56ebaf666bf05dfe9aeeb7a7a923db276493d59e
data/raw/Dataset/train/Pothole/pothole656.jpg,train,Pothole,class_folder,unknown,2e60a1c4eeacc77b535b2d2a263914005aad1022c180b536fe1578f53c4c400b
data/raw/Dataset/train/Pothole/pothole657.jpg,train,Pothole,class_folder,unknown,824ba19b16788d5f9c001b6470a49ebb579851327bcf5ec78f8d7707710bb4b3
data/raw/Dataset/train/Pothole/pothole658.jpg,train,Pothole,class_folder,unknown,2983a2e4b0941e6bb9303891ab57eba85211fe5b4e86976d616ed2ab207ba65a
data/raw/Dataset/train/Pothole/pothole659.jpg,train,Pothole,class_folder,unknown,0c91b1f769b5a74c7124b393f0c7a8793066da5030c8573446cc69cc38284eba
data/raw/Dataset/train/Pothole/pothole66.jpg,train,Pothole,class_folder,unknown,0963bf572f158cdb8d15deef2314e5334af692f1911fc95f98a81ce335994269
data/raw/Dataset/train/Pothole/pothole660.jpg,train,Pothole,class_folder,unknown,3d6f4810a7a4c3a0365b0b53077744090629503d05e2f8ebc0c2e20980a00321
data/raw/Dataset/train/Pothole/pothole661.jpg,train,Pothole,class_folder,unknown,c13f8908a322d0969001cbdcca463661687287c730088b89cb1d7916bbf6fe2e
data/raw/Dataset/train/Pothole/pothole662.jpg,train,Pothole,class_folder,unknown,26740c5e6446f72590245885853b900707418926f974726e422aa1deec95160f
data/raw/Dataset/train/Pothole/pothole663.jpg,train,Pothole,class_folder,unknown,dfdf9739cc61b0fbd6802466b9d917b9d04d1db265011f357efe0f9764eef99e
data/raw/Dataset/train/Pothole/pothole664.jpg,train,Pothole,class_folder,unknown,6065ca60f1a87892f7fc862bb2a674c30b29fec9ffe12b7e6baaf9cb43e00740
data/raw/Dataset/train/Pothole/pothole665.jpg,train,Pothole,class_folder,unknown,b2bfd58f6b911e88c2ef69c27bc335fe47db3bd236609a23638218719ccfe379
data/raw/Dataset/train/Pothole/pothole666.jpg,train,Pothole,class_folder,unknown,ea94aefaf90b72f4a2fa872fb1c691e07328ecfb49d39601ceb56c23819788a6
data/raw/Dataset/train/Pothole/pothole667.jpg,train,Pothole,class_folder,unknown,8e43858d134028580e814a368336beabffef4afb40c66d8be36e718b07485ab0
data/raw/Dataset/train/Pothole/pothole668.jpg,train,Pothole,class_folder,unknown,744fd95ed23f34e803fb7a1cd58d760d005d3272f8b5514707073d161750b651
data/raw/Dataset/train/Pothole/pothole669.jpg,train,Pothole,class_folder,unknown,99deff328a6ce690c118b5f54183d50ea07260f0f2ebde8d871be30237ef5615
data/raw/Dataset/train/Pothole/pothole67.jpg,train,Pothole,class_folder,unknown,b970215edd14f5cf06159fc84570a3f700b639a29a340306e1e349d8db2aaecb
data/raw/Dataset/train/Pothole/pothole670.jpg,train,Pothole,class_folder,unknown,da6e43db6e1912c8c312d6c5aa6ad166081542590dbfa81f2ff23d677dde30fe
data/raw/Dataset/train/Pothole/pothole671.jpg,train,Pothole,class_folder,unknown,b3d1a9d234436a105b158a9712d56c230e18eaa6308a75eea2475fb7df5d26c1
data/raw/Dataset/train/Pothole/pothole672.jpg,train,Pothole,class_folder,unknown,10f46d72ce7b11921357a7808ac118b639af8ace391d23f052d4334c3c9fcb71
data/raw/Dataset/train/Pothole/pothole673.jpg,train,Pothole,class_folder,unknown,641797a13108384e7299d9da3201f17ab7d710ca69489f121850c78b27f65c45
data/raw/Dataset/train/Pothole/pothole674.jpg,train,Pothole,class_folder,unknown,9f963e9710759b0819ea43aa80e63038c3cf578cbd6996824280c9bfcaadbe49
data/raw/Dataset/train/Pothole/pothole675.jpg,train,Pothole,class_folder,unknown,9b07478c9f68f87c95def14e3ecee74dea52c1a2b97b022706efcbcd00567c71
data/raw/Dataset/train/Pothole/pothole676.jpg,train,Pothole,class_folder,unknown,5ddb59ea69dd1433ccf928222597ff5bb2305a345a5c2c0882f3826cfe533a75
data/raw/Dataset/train/Pothole/pothole677.jpg,train,Pothole,class_folder,unknown,6b573535c55241f612cfb9d0c4db28dcb626ec59a7d4ace645ff3434b90d9dc7
data/raw/Dataset/train/Pothole/pothole678.jpg,train,Pothole,class_folder,unknown,23030c0dcae9ec9369cd45e7259e19a753c13afd606c9e6bcc3db7ce84b04ad9
data/raw/Dataset/train/Pothole/pothole679.jpg,train,Pothole,class_folder,unknown,fa7d5d5f95df7a54ea9cefab0e6de67570605ed46ce23569a0d2f6849c26f965
data/raw/Dataset/train/Pothole/pothole68.jpg,train,Pothole,class_folder,unknown,35b70cc3e32a3c3c7d94cfd9cc95d6eb6692bea7bbe06ec6e5528d55571025c7
data/raw/Dataset/train/Pothole/pothole680.jpg,train,Pothole,class_folder,unknown,b231c10033f212390193fb2a7a835ef54ff8751ec9a129808411aa0be6004624
data/raw/Dataset/train/Pothole/pothole681.jpg,train,Pothole,class_folder,unknown,cec5c550d71f4baf84e4f3cae01eb1b09f2a836f157d8a25d5ab0bb4d69fec94
data/raw/Dataset/train/Pothole/pothole682.jpg,train,Pothole,class_folder,unknown,c8fadc278d06dcc35641b9f6f456fa8da1b7283990e58a0cf762efee256e3ffe
data/raw/Dataset/train/Pothole/pothole683.jpg,train,Pothole,class_folder,unknown,ac48d627b5e5343b0b266aae29e6c9dcfc1faf6073bc9298c714b5d7affe65b1
data/raw/Dataset/train/Pothole/pothole684.jpg,train,Pothole,class_folder,unknown,d1e12ad052916ce5348a5351f62378eaa98dd3be790dd38043aca8659d9b6e46
data/raw/Dataset/train/Pothole/pothole685.jpg,train,Pothole,class_folder,unknown,a805653888f42601750f4b68018efcc2db0e1373885342657e44fd5ccce61fa8
data/raw/Dataset/train/Pothole/pothole686.jpg,train,Pothole,class_folder,unknown,5f635fbafc7c3ffdb0ae404d2df0656a16a459434bdcf26c2e50a43a95a8084f
data/raw/Dataset/train/Pothole/pothole687.jpg,train,Pothole,class_folder,unknown,9fe8582c8275f4549e530c5a66048bb72ca3d3bfacde58b54189b0590532f503
data/raw/Dataset/train/Pothole/pothole688.jpg,train,Pothole,class_folder,unknown,a24b517e679fed6d7a36f112f56400a81589a1777a0fce09ac45f5008d44b9af
data/raw/Dataset/train/Pothole/pothole689.jpg,train,Pothole,class_folder,unknown,775bd43d1201ffaf933eec38f5bf59508a45ac7fed550e3c979156240a7c3559
data/raw/Dataset/train/Pothole/pothole69.jpg,train,Pothole,class_folder,unknown,f155e8129101c5377f185cf31400d9aac31dfb617354975c755e99316319fbbd
data/raw/Dataset/train/Pothole/pothole691.jpg,train,Pothole,class_folder,unknown,5ba3f6dbcf0a0b0584b4f58af533f644af3cb5d52fe7f0b58d66d7e188cc1e61
data/raw/Dataset/train/Pothole/pothole692.jpg,train,Pothole,class_folder,unknown,33bf8eb144b4c987028628801c35417ebbcb09acf8bed7df103bc9423e04b1a5
data/raw/Dataset/train/Pothole/pothole693.jpg,train,Pothole,class_folder,unknown,383f477bd2ee117603e17d01f59d4847d8b6195efe77e3d1bf6fd3fc4f5df4e1
data/raw/Dataset/train/Pothole/pothole694.jpg,train,Pothole,class_folder,unknown,ff2240caac598f15aab06af1d6a1b5761c0122f38f72d34742496ba83ca9a4cf
data/raw/Dataset/train/Pothole/pothole695.jpg,train,Pothole,class_folder,unknown,25f9e2b51023b10d78384690df8f5988e6bbcaafed06690aa01c23c2165d7870
data/raw/Dataset/train/Pothole/pothole696.jpg,train,Pothole,class_folder,unknown,0a707eff9918410b208f02c93f839754461890f6ed3771f228e4a3d1a7b5a5a4
data/raw/Dataset/train/Pothole/pothole697.jpg,train,Pothole,class_folder,unknown,492c6edced08ada328fff99e4eef590a6a4b64f2f8225eef7e67f2adf45f7e74
data/raw/Dataset/train/Pothole/pothole698.jpg,train,Pothole,class_folder,unknown,a6970d0df27a69e95a47c65eb7ec5a2e56ae470ec3d40565b52aa8a85d4ffd78
data/raw/Dataset/train/Pothole/pothole699.jpg,train,Pothole,class_folder,unknown,7a5d251e05dfaabb7ed0e6eae972f34d50ef07e6b48061b607dd6be969430c15
data/raw/Dataset/train/Pothole/pothole7.jpg,train,Pothole,class_folder,unknown,de6eac9af2d1b31451021daa44719e065025f4d1aa648ef5087c030c6b28ddd7
data/raw/Dataset/train/Pothole/pothole70.jpg,train,Pothole,class_folder,unknown,b02f73c29608394af9216c25dff9ac6c215165f11ed1c8234d6cb1b4227e6acf
data/raw/Dataset/train/Pothole/pothole700.jpg,train,Pothole,class_folder,unknown,ac258f420363e36de57a105d9a11302a31aa51d9f3cf668e70aa3f8a0371dc3d
data/raw/Dataset/train/Pothole/pothole701.jpg,train,Pothole,class_folder,unknown,7a678dd613ad441fbd8036fd7be2765d1e2547ab54fc56f90562ea21f052fac5
data/raw/Dataset/train/Pothole/pothole702.jpg,train,Pothole,class_folder,unknown,fbc63dc1336720155e804b9cf6a5d98d640352d688c43a845f9e11df89fd4597
data/raw/Dataset/train/Pothole/pothole703.jpg,train,Pothole,class_folder,unknown,8fc779bd6275f90a9f27938b44a3235608b8480eef6ef795fead91b6e8172993
data/raw/Dataset/train/Pothole/pothole704.jpg,train,Pothole,class_folder,unknown,501197d8beed10fc47402808f1bdb24bebe61b8bb3afdb2522fb8e758a019b9a
data/raw/Dataset/train/Pothole/pothole705.jpg,train,Pothole,class_folder,unknown,486459cb9814e4e13ea63f2a982db783cb2b3bdba797569376df4d05d318fd33
data/raw/Dataset/train/Pothole/pothole706.jpg,train,Pothole,class_folder,unknown,59c2b2b73c26a404c89fb02f2ce209a31b23cb77df3dcaf8e30591787c305c01
data/raw/Dataset/train/Pothole/pothole707.jpg,train,Pothole,class_folder,unknown,3cdf21531b7166c1faabfb4b05ff97e669633f91aab810fd9b8e5e3fd5f68006
data/raw/Dataset/train/Pothole/pothole708.jpg,train,Pothole,class_folder,unknown,8ff290a517186c50d7e973913eebf61fde5bf2b89806c7211ee8272ba78d66b1
data/raw/Dataset/train/Pothole/pothole709.jpg,train,Pothole,class_folder,unknown,14a9e35b78ad94765ae294aa2c8ebcaf8fddd0156805e36f3501ad8a3a17f49e
data/raw/Dataset/train/Pothole/pothole71.jpg,train,Pothole,class_folder,unknown,b64ad6ddb998ada16cf2167bac15c7f45ab406b0b588907a0bedf7f5925c1dbd
data/raw/Dataset/train/Pothole/pothole710.jpg,train,Pothole,class_folder,unknown,4f28bd946a46d14922779f520e67762c3a3b0dffa191716dca4455127a58dcd3
data/raw/Dataset/train/Pothole/pothole711.jpg,train,Pothole,class_folder,unknown,ae3aac22414475b8a6c4a0a4b3f5003466f3d8b6dcb19f89ea67d9608ca13e15
data/raw/Dataset/train/Pothole/pothole712.jpg,train,Pothole,class_folder,unknown,3807b616564996f78211b9b4f66ddc451f0b8caafcb2974a9bec8ee1b6763222
data/raw/Dataset/train/Pothole/pothole713.jpg,train,Pothole,class_folder,unknown,9a81e35b07b01c6cce7285959de402be266d4e4a1fb2ff53b00e6db606671597
data/raw/Dataset/train/Pothole/pothole714.jpg,train,Pothole,class_folder,unknown,f60bc4a916ec37ab6cfdfdba11d8738f3c6583a0c67a5a6dd95f62a1e73ad8ee
data/raw/Dataset/train/Pothole/pothole715.jpg,train,Pothole,class_folder,unknown,061da31d2204874dd8d84728cc110daa9392e6923c9fced622f0019b3900b6e8
data/raw/Dataset/train/Pothole/pothole716.jpg,train,Pothole,class_folder,unknown,9ea3dd0a794efdfca9fa4eae115003e811de52d98c827538c6a082726f0b466c
data/raw/Dataset/train/Pothole/pothole717.jpg,train,Pothole,class_folder,unknown,6b9407fef50830711de0e0950c736d3c0912470af8ba17ee81ed60495a063622
data/raw/Dataset/train/Pothole/pothole718.jpg,train,Pothole,class_folder,unknown,a0422df2c8c43501c9fe4e9ad7ef492d520d3c44a94b8906351d9d0e875be8e5
data/raw/Dataset/train/Pothole/pothole719.jpg,train,Pothole,class_folder,unknown,1b9ebf3e8920741d67a195cc035988a1266dfb2a02086cc5ec961b1c738a8942
data/raw/Dataset/train/Pothole/pothole72.jpg,train,Pothole,class_folder,unknown,1e67e070523e8f2066313aa7c2643e028b01c0ab9bfce9b533df3ee507923a36
data/raw/Dataset/train/Pothole/pothole720.jpg,train,Pothole,class_folder,unknown,0629b416a67af8c2f49f86ffb618d7f60a7f269c2780bbe8bf981c2d75b0c205
data/raw/Dataset/train/Pothole/pothole721.jpg,train,Pothole,class_folder,unknown,c968061aa4ebcc1c538f0d6b5a58431169acac9892791ea403579dee2bb63ebc
data/raw/Dataset/train/Pothole/pothole722.jpg,train,Pothole,class_folder,unknown,ab49da3ba68dd7bfbf4a2338a7b674879627b39289db60b3f87d45b963d7b32c
data/raw/Dataset/train/Pothole/pothole723.jpg,train,Pothole,class_folder,unknown,9c6dc0f5f91ddcf6fe5c163733d6ca753693969305cc80887a4e3c9cb2bdfd68
data/raw/Dataset/train/Pothole/pothole724.jpg,train,Pothole,class_folder,unknown,2a13f83c61d1a3dafdcfa5b126afd106111bd7f747cfbaf7ac09edb710b5b376
data/raw/Dataset/train/Pothole/pothole725.jpg,train,Pothole,class_folder,unknown,9d9617db6148abc34af3ef4028285deff521c6de17e094eac08204e06f652156
data/raw/Dataset/train/Pothole/pothole726.jpg,train,Pothole,class_folder,unknown,2201de7aeeebfc21bbecb02c684662cb89df1315a7ea966ef3381abfd68b36ff
data/raw/Dataset/train/Pothole/pothole727.jpg,train,Pothole,class_folder,unknown,9726e436a953bffa2d9f59420143f7fe5e79211fdc8b0d47ed0871a8007937b9
data/raw/Dataset/train/Pothole/pothole728.jpg,train,Pothole,class_folder,unknown,8d192f1cf3ee0287fabced022d347d7d95587085c2d439feebb5618a534b2795
data/raw/Dataset/train/Pothole/pothole729.jpg,train,Pothole,class_folder,unknown,bed64fe390937d8e0fde6ba0ccb7875339ad4293707627485709c908b9798513
data/raw/Dataset/train/Pothole/pothole73.jpg,train,Pothole,class_folder,unknown,b4e628001f96497b8487253078911a3992407d94c0add08a71ef31c0d82d9d33
data/raw/Dataset/train/Pothole/pothole730.jpg,train,Pothole,class_folder,unknown,06562c7730bd4bada803f2bbeb3be83a148aa41b4fc47f4f0b71d1c9f636bbf4
data/raw/Dataset/train/Pothole/pothole731.jpg,train,Pothole,class_folder,unknown,d4fb083bd13b23bd414e0b1cf610fda2158aaa03792b7f56a59cf376edc7ee68
data/raw/Dataset/train/Pothole/pothole732.jpg,train,Pothole,class_folder,unknown,55d8b426a52f22aa285ae1283df5ed9446ae6e6daed5f088bef2ac2097aababc
data/raw/Dataset/train/Pothole/pothole733.jpg,train,Pothole,class_folder,unknown,5ee2310071c5fef063222ff803a314ca83e2c567154950d8b85352b9554e380f
data/raw/Dataset/train/Pothole/pothole734.jpg,train,Pothole,class_folder,unknown,603eee0cb07bb1cecfcaae67f9e26f078308624111928527f12cc19cf356fd3d
data/raw/Dataset/train/Pothole/pothole735.jpg,train,Pothole,class_folder,unknown,5ef21e6386b60055ccc557a32e2a3d048737a07edd1c944e196bceb856c43905
data/raw/Dataset/train/Pothole/pothole736.jpg,train,Pothole,class_folder,unknown,78acd5f0555df343da8999c27100a0148a2768efdc7f58b4dd0961d796818cec
data/raw/Dataset/train/Pothole/pothole737.jpg,train,Pothole,class_folder,unknown,5032a0309bf894f0cf8a748b9d178fec682b6367b4fa6dba5dddab0007057434
data/raw/Dataset/train/Pothole/pothole738.jpg,train,Pothole,class_folder,unknown,a23826b904a45395de7d662044705b521d3acae7ac6eb9ff01dac25332fe3eb4
data/raw/Dataset/train/Pothole/pothole739.jpg,train,Pothole,class_folder,unknown,5fd7062c20a4fdf5e7b6e1fe4748ca5929ad6a01992396d0b8b44e9e8e30f510
data/raw/Dataset/train/Pothole/pothole74.jpg,train,Pothole,class_folder,unknown,9eae2cc80f9b8d200a6779e73e44168fcfe4e87404df99224496e286a38aa33c
data/raw/Dataset/train/Pothole/pothole740.jpg,train,Pothole,class_folder,unknown,8d2c3a177bc8e306c581cb88d1b8bcbd82a81eced57cc47b49a7010def05a7f7
data/raw/Dataset/train/Pothole/pothole741.jpg,train,Pothole,class_folder,unknown,10c7b90b23f641bcec25c83131352e96eb46bd82857efd8bd8a0cf3c2e5c687b
data/raw/Dataset/train/Pothole/pothole742.jpg,train,Pothole,class_folder,unknown,e1881a34b5083a5e1e910dfc5af23bb48e7642e6b5c5dcb8789a19e079d3f2ae
data/raw/Dataset/train/Pothole/pothole743.jpg,train,Pothole,class_folder,unknown,57bb97399b3f7f43cfb9ec708844ba6abc426e80ce791bdd0f276ba0d8a21787
data/raw/Dataset/train/Pothole/pothole744.jpg,train,Pothole,class_folder,unknown,541f441e9b226dfce0e13074ee5867c23c4a37bdddec9f81433997f2f1dd67c0
data/raw/Dataset/train/Pothole/pothole745.jpg,train,Pothole,class_folder,unknown,8a6059499c153720940b78ad7e35f321454f8921736f70f0e8b4c1e5343e9e89
data/raw/Dataset/train/Pothole/pothole746.jpg,train,Pothole,class_folder,unknown,719faae299a9e9f55bac69cc2c1eaf1276c6b28fdaa5500cb5eda02497dd5ceb
data/raw/Dataset/train/Pothole/pothole747.jpg,train,Pothole,class_folder,unknown,a5673d2209c17004277e6efd990f62057227cf3ace152da5ea46a3bea171b9f6
data/raw/Dataset/train/Pothole/pothole748.jpg,train,Pothole,class_folder,unknown,98eb69d85d077daf982e33c90beb6d7f921ba3c5f26b0a4276782942c31771dc
data/raw/Dataset/train/Pothole/pothole749.jpg,train,Pothole,class_folder,unknown,6ac3cd7edbe917bed3210aa063675bf91b9c17d1b3a199a676a10ff5a81190ff
data/raw/Dataset/train/Pothole/pothole75.jpg,train,Pothole,class_folder,unknown,d71e4de52c4bd241a54bc6734b9a43a6da39d95175795456e05f821c624f2c4e
data/raw/Dataset/train/Pothole/pothole751.jpg,train,Pothole,class_folder,unknown,7e42b8e3bbce3f7f0a248b6fb15986291b1a026a4b1c34ab326434df90fedf4b
data/raw/Dataset/train/Pothole/pothole752.jpg,train,Pothole,class_folder,unknown,07c9b7bfde8e1e708f8231806fe63785d7daaec722606ecf2d6465cbae19dde7
data/raw/Dataset/train/Pothole/pothole753.jpg,train,Pothole,class_folder,unknown,e8e97e644c05edb492a729afdec6fee1552aca414c5b6954805fc08d46d6b138
data/raw/Dataset/train/Pothole/pothole754.jpg,train,Pothole,class_folder,unknown,713950dfeb1b68261bc81181dcb1fe7d76ef5280993310ac9ece71768c118cc5
data/raw/Dataset/train/Pothole/pothole755.jpg,train,Pothole,class_folder,unknown,6d892ea55dc587d2116ffd519c5fdbd21e496a5b705b3e191505f9ee095d133c
data/raw/Dataset/train/Pothole/pothole756.jpg,train,Pothole,class_folder,unknown,335c3cc3fb1b1f2dd14131502f04561e0837e8016797cf119e3f06548f5c12da
data/raw/Dataset/train/Pothole/pothole757.jpg,train,Pothole,class_folder,unknown,9333c2d6a01a2629325000064130cea2a1665a94c27abb19de9317cc989de29b
data/raw/Dataset/train/Pothole/pothole758.jpg,train,Pothole,class_folder,unknown,b3bb481534947d8cae90616e60f59f8bd7f308385a27ab0130ebffdd047e6104
data/raw/Dataset/train/Pothole/pothole759.jpg,train,Pothole,class_folder,unknown,db4e18dfd5f76cbb1c9ebdbe3a6de544f2560db8d44c0a7312a0b87ae4fa6aad
data/raw/Dataset/train/Pothole/pothole76.jpg,train,Pothole,class_folder,unknown,890ea11f7a7b1e61e94d72a4a39c4a1147f6c50e2d8188bddb2e05e9c7c4cf3e
data/raw/Dataset/train/Pothole/pothole760.jpg,train,Pothole,class_folder,unknown,bbebde7e7967a0b00dc0c497cfb0b41526011cd2d2728e1fbf8f9076a6fb7f0c
data/raw/Dataset/train/Pothole/pothole761.jpg,train,Pothole,class_folder,unknown,09e316c96f2e703d4a2dfc296ec00cedc88b602cdb7785b63e402352b817b9d7
data/raw/Dataset/train/Pothole/pothole762.jpg,train,Pothole,class_folder,unknown,5c2c26e2e8633f4f2e5aa4aa638d32c55f3cc41a8d365febb3d5eb4a653b495c
data/raw/Dataset/train/Pothole/pothole763.jpg,train,Pothole,class_folder,unknown,d81de44e0215e41eeb59f4cae4446d325c563ce6450e4a776f68bc502f14542b
data/raw/Dataset/train/Pothole/pothole764.jpg,train,Pothole,class_folder,unknown,5c6a64e128c0b0f5b259c0d7c20d8ee35e69427dce2b33f9fb7a75d05a776642
data/raw/Dataset/train/Pothole/pothole765.jpg,train,Pothole,class_folder,unknown,6cc19cd471e9ac6ab553d894b40be5128ca285c0c5345e7a7b285d5dc831a633
data/raw/Dataset/train/Pothole/pothole766.jpg,train,Pothole,class_folder,unknown,01b8c73c65c32781c598aea8103a5e5d4c208f1a3c4e26902bff11a6898420fd
data/raw/Dataset/train/Pothole/pothole767.jpg,train,Pothole,class_folder,unknown,c8db830ab4acc17b766e5005d44849ec80a2c0cb25f6199d4d0531436cf99367
data/raw/Dataset/train/Pothole/pothole769.jpg,train,Pothole,class_folder,unknown,db32c7ac656ebc0eb9c17e83908643df5b995c19ed8e3dae86fbb6b1d16fa921
data/raw/Dataset/train/Pothole/pothole77.jpg,train,Pothole,class_folder,unknown,6f96ce6c6a60df8aee8341589233c7de64202c4db9dc69b2698d1654da2ac5c2
data/raw/Dataset/train/Pothole/pothole770.jpg,train,Pothole,class_folder,unknown,c8737b3584dffe567f419bff9e7a9301a9b70c9a8a1c415ba17153f28a748be5
data/raw/Dataset/train/Pothole/pothole771.jpg,train,Pothole,class_folder,unknown,b70dd69441e1ed373f7eb7da896d85fd97825585c5e26ec23fb997de121da998
data/raw/Dataset/train/Pothole/pothole772.jpg,train,Pothole,class_folder,unknown,bf37769f7eebe130997fb8b9f35c8860b5f4dd15853347c847278c2dea0c94c3
data/raw/Dataset/train/Pothole/pothole773.jpg,train,Pothole,class_folder,unknown,dd83353fa9ea4003495d6c5079ea3fcc0f4d4d89abfd5665e48a7dc7391305a6
data/raw/Dataset/train/Pothole/pothole774.jpg,train,Pothole,class_folder,unknown,1c741f0631220d8577f14231f9c8c2ccd621109584456afb599829436a04ffc2
data/raw/Dataset/train/Pothole/pothole775.jpg,train,Pothole,class_folder,unknown,d5930e0353e65211b354e96817ae944be9138e2f21d8518c542c9eaf0cb19610
data/raw/Dataset/train/Pothole/pothole776.jpg,train,Pothole,class_folder,unknown,df895165c1f92a3edcea8c8bb1a52def4879fbbb51b1c92d16674da6f7ccc824
data/raw/Dataset/train/Pothole/pothole777.jpg,train,Pothole,class_folder,unknown,9b0e7b2f011b0a1b12543ca5b88782c85146e9397c1b72f8a8be2320a36b59a9
data/raw/Dataset/train/Pothole/pothole778.jpg,train,Pothole,class_folder,unknown,1f3677667e44ae6ee6af5bd96ce6704664135b6dd3dcd1f55db8b843a9e39740
data/raw/Dataset/train/Pothole/pothole779.jpg,train,Pothole,class_folder,unknown,7464684f443bf94d6704191080a0433f70c9b0c5f1cc257b4683b05500f5452c
data/raw/Dataset/train/Pothole/pothole78.jpg,train,Pothole,class_folder,unknown,d9e3b3d15133f31835ae5c5f6109c2607e8305e6db651d1d1b66fa0263deac44
data/raw/Dataset/train/Pothole/pothole780.jpg,train,Pothole,class_folder,unknown,d20232bee405e19cbe2a1c0f847a54f570de43b74c3d56238bbb7abcf6d805f5
data/raw/Dataset/train/Pothole/pothole781.jpg,train,Pothole,class_folder,unknown,fa275e8e6a0f3ed7ff3c3adc95093916d8875dc18745f73d206a2b62f92d6018
data/raw/Dataset/train/Pothole/pothole782.jpg,train,Pothole,class_folder,unknown,2321bb0b444256aa2209f24adcfbde6b8d3b8e56fa66d832e54b4a4851ef40ac
data/raw/Dataset/train/Pothole/pothole783.jpg,train,Pothole,class_folder,unknown,9a42a9bc1c96276f4d68d90488900a10617596227263fc4e1d6ba4332fd3adb3
data/raw/Dataset/train/Pothole/pothole784.jpg,train,Pothole,class_folder,unknown,f3398db77e08ae3355fc48592ef61202a74a81be19fe500d7941106cc67c7c02
data/raw/Dataset/train/Pothole/pothole785.jpg,train,Pothole,class_folder,unknown,6f250b0ca8609d06458fe3b9febf28e05ce6bdde4d4ae3b121245efcd13c09bb
data/raw/Dataset/train/Pothole/pothole786.jpg,train,Pothole,class_folder,unknown,b6d7af2382c5d6a2814f6e9dd4303a06422f9e74f8615bde2e863835fe884025
data/raw/Dataset/train/Pothole/pothole787.jpg,train,Pothole,class_folder,unknown,17161a68a5939000be60eccd650cd9ad91a360e5cb1c4f8e85059e4f2e644334
data/raw/Dataset/train/Pothole/pothole788.jpg,train,Pothole,class_folder,unknown,f5154ff9b53a5f16a80233567cce7a425639396f4ecefdf8ee7d1ee0c1609489
data/raw/Dataset/train/Pothole/pothole789.jpg,train,Pothole,class_folder,unknown,c04c3227ce7ecf38d86b9664646c94329a5ce7d4a74c08cd2c01d6cb13c8b289
data/raw/Dataset/train/Pothole/pothole79.jpg,train,Pothole,class_folder,unknown,fc8ac9741225143c387f10a9fd2e548b888aedc6571e92540e78ef7c7f909890
data/raw/Dataset/train/Pothole/pothole790.jpg,train,Pothole,class_folder,unknown,5ca0b39983dfdbfc247e17a496f894a0c47443957fcd89432aa6716ec331b2f0
data/raw/Dataset/train/Pothole/pothole791.jpg,train,Pothole,class_folder,unknown,b4f761881509e737841fb47a8c429c3bbff867c2d0e1e7f0623c46514ea6d7b5
data/raw/Dataset/train/Pothole/pothole792.jpg,train,Pothole,class_folder,unknown,0d8d0b8daa5b5b5b9a18deec11fcc119b9b91c0bd72a50250a72e681fbf88936
data/raw/Dataset/train/Pothole/pothole793.jpg,train,Pothole,class_folder,unknown,07c0bb744a714aea3caa02813cca57a01413e1a33517d113dda6c47a3f1a5ac7
data/raw/Dataset/train/Pothole/pothole794.jpg,train,Pothole,class_folder,unknown,d5a0081c517dfce23da7b8ff98b72670d78b3722b97152f9f96619fdd592f3cf
data/raw/Dataset/train/Pothole/pothole795.jpg,train,Pothole,class_folder,unknown,697781b1bf378ab9cd8fa9ef801f4c0b2df6cc015f9026da2bbb1dc1b0f6c421
data/raw/Dataset/train/Pothole/pothole796.jpg,train,Pothole,class_folder,unknown,a6339a2273d6c480017fc0bf1855f71c0289e09da7087e136fa72c7bc60094cc
data/raw/Dataset/train/Pothole/pothole797.jpg,train,Pothole,class_folder,unknown,b22f163999e1ff8e76a7e3037854ddc64a35d97553b528b1494b64a75e530b32
data/raw/Dataset/train/Pothole/pothole798.jpg,train,Pothole,class_folder,unknown,4735f0c7ce48484182bbae3d343ad1447a50cb292a8f2775d465d2b4a3ced391
data/raw/Dataset/train/Pothole/pothole799.jpg,train,Pothole,class_folder,unknown,45db4496b638aa079ba2df1f505114cc89016327d1fd91eeab06d70f8633712e
data/raw/Dataset/train/Pothole/pothole80.jpg,train,Pothole,class_folder,unknown,07d0b29939cea68c7971fab76611328819a851b7eaf808ccf18d57c7ae262394
data/raw/Dataset/train/Pothole/pothole800.jpg,train,Pothole,class_folder,unknown,4260143e5f2d5b21187dd3f6f2ddae9c65e1746ed90bb488d5bed9f2cbe38633
data/raw/Dataset/train/Pothole/pothole802.jpg,train,Pothole,class_folder,unknown,c7fabf77741f4c53eab7cbed05f69eb8e4d24c90d81f54f6238572fd898352cc
data/raw/Dataset/train/Pothole/pothole803.jpg,train,Pothole,class_folder,unknown,ad47c3bfa7786e0b9d12d187be285a439151f37c663e32d53402b15bff7949b2
data/raw/Dataset/train/Pothole/pothole804.jpg,train,Pothole,class_folder,unknown,67d3d46b02bd5e6745b85d8fbe98f4c4fa6558592e9871f7bd3ac0ab30ee13b7
data/raw/Dataset/train/Pothole/pothole805.jpg,train,Pothole,class_folder,unknown,199a0e8be77555a7fc9c4a1b6354f759dd6859e0340c7f991bb0a1a23724fd4c
data/raw/Dataset/train/Pothole/pothole806.jpg,train,Pothole,class_folder,unknown,01aa1939b627c4888fa83d4aa492cb89e5d2944927336807c459912fc62e43a8
data/raw/Dataset/train/Pothole/pothole807.jpg,train,Pothole,class_folder,unknown,1f55d217262efe973bd583bf3b72280a5bc8ff2ca5be482f9d46e47534c3d996
data/raw/Dataset/train/Pothole/pothole808.jpg,train,Pothole,class_folder,unknown,3b1bc488ad7fc37e0a00af1dc146e4616e65f074a7b648e4e07311b1c9312062
data/raw/Dataset/train/Pothole/pothole809.jpg,train,Pothole,class_folder,unknown,b45255a493affb1d573a388ddd716216344573e19f5fc7581d76096985eec3ad
data/raw/Dataset/train/Pothole/pothole81.jpg,train,Pothole,class_folder,unknown,82711541b744fe46ec4288e41842462078e7f7d88b33b893b6ae66d8b0d046fb
data/raw/Dataset/train/Pothole/pothole810.jpg,train,Pothole,class_folder,unknown,6251406e3c31640930c46185d71f936c3032aeab1d64e408f34bb5c3c97dc534
data/raw/Dataset/train/Pothole/pothole811.jpg,train,Pothole,class_folder,unknown,0fcf359370c42e1a9704b75634bcebf226328f92da61f614acff91fc79145e91
data/raw/Dataset/train/Pothole/pothole812.jpg,train,Pothole,class_folder,unknown,aab3dff5adb7b1c6d63c49db45ef3d2686ac8576e43ee59c58d9898d30357153
data/raw/Dataset/train/Pothole/pothole813.jpg,train,Pothole,class_folder,unknown,e6246aa9dd0fdb59c109b171b7ed737146cd5312cdfb35d821ba65b950370bf5
data/raw/Dataset/train/Pothole/pothole814.jpg,train,Pothole,class_folder,unknown,d91232a8b1db82876c5617bfac79e9322412f935cd6f277ba9698a7f0f7df76d
data/raw/Dataset/train/Pothole/pothole815.jpg,train,Pothole,class_folder,unknown,5eee0c3e256a25c7a3d433bbb58aef9811fe3f2fee461e705e7143286ded297b
data/raw/Dataset/train/Pothole/pothole816.jpg,train,Pothole,class_folder,unknown,d72fa19efd16798706b7bd588bba6416da216db3bb3b8a2fef91b1086dc10f78
data/raw/Dataset/train/Pothole/pothole817.jpg,train,Pothole,class_folder,unknown,e099ff57f076a6fc8f7d6f7b58777fd133794ad201a46650da4ba9455f01cec9
data/raw/Dataset/train/Pothole/pothole818.jpg,train,Pothole,class_folder,unknown,86f7adf520d72f1e70f434d3938497638ced5d203a4ea20d86f856236eef2d7c
data/raw/Dataset/train/Pothole/pothole819.jpg,train,Pothole,class_folder,unknown,dddfd984b1fc3e2b555d80f9bb8af327cac0b8057929d53b058a36df609f4e81
data/raw/Dataset/train/Pothole/pothole82.jpg,train,Pothole,class_folder,unknown,2454ea55336281608e2af502b7435094a91abfeeb3d65a98760a4535315b522d
data/raw/Dataset/train/Pothole/pothole820.jpg,train,Pothole,class_folder,unknown,eb75d1b9a7bb35bd912bffef3b376cbf66a826aebb35236df0acb76bfa728c1b
data/raw/Dataset/train/Pothole/pothole821.jpg,train,Pothole,class_folder,unknown,a3574cd57d0023ad4ddc7da7132f5a7654fa769361a6dd29b45e4706933333df
data/raw/Dataset/train/Pothole/pothole822.jpg,train,Pothole,class_folder,unknown,3e28eebfb39dffba775c1ba44101bb0ba15591991a5be4add8d55bf2444ce8b9
data/raw/Dataset/train/Pothole/pothole823.jpg,train,Pothole,class_folder,unknown,d1998e44adb0df31c67bf89044caec83f6ea3dafcc56b8543898ab6c8ca39a58
data/raw/Dataset/train/Pothole/pothole824.jpg,train,Pothole,class_folder,unknown,65550c3fae211c2621b309401235eb9f9c6e7293dd53a3651185bdecb1f46552
data/raw/Dataset/train/Pothole/pothole825.jpg,train,Pothole,class_folder,unknown,c551ff83d183a3f3d16f9c7bb08b33d470fa5bbd4568ece269299a7d36a4ab23
data/raw/Dataset/train/Pothole/pothole826.jpg,train,Pothole,class_folder,unknown,6fc9261ef54286bfe7cc9349377059b266667692cfa4be0aeef116165ab8c3c8
data/raw/Dataset/train/Pothole/pothole827.jpg,train,Pothole,class_folder,unknown,56623e6f36c8dbd0875a46d4bea249bb5d5286b9b1794a11fd79ea7f1db4a64f
data/raw/Dataset/train/Pothole/pothole828.jpg,train,Pothole,class_folder,unknown,3792e53f61c914f5a454638d1b3369788b53958500dfe9c049015e1385821298
data/raw/Dataset/train/Pothole/pothole829.jpg,train,Pothole,class_folder,unknown,2ac4eac3e46bf580618db00d3f50ea83e4fa31f90d30557686299e8254102324
data/raw/Dataset/train/Pothole/pothole83.jpg,train,Pothole,class_folder,unknown,5f4341ecdefdfe81e3f197be7b1d606b6c55eb7dc32237ff50969c96e8a2deb5
data/raw/Dataset/train/Pothole/pothole830.jpg,train,Pothole,class_folder,unknown,4d58538127826741f9c5dfbc9499aa355bcd51bccc78ca9f57e03d8ea5adf51a
data/raw/Dataset/train/Pothole/pothole831.jpg,train,Pothole,class_folder,unknown,1c77a4e2a5da11e420277d67e6425090421cbfb09617a542d9b60b382f9af41e
data/raw/Dataset/train/Pothole/pothole832.jpg,train,Pothole,class_folder,unknown,a24b517e679fed6d7a36f112f56400a81589a1777a0fce09ac45f5008d44b9af
data/raw/Dataset/train/Pothole/pothole833.jpg,train,Pothole,class_folder,unknown,e30f6f784b343b8eb82ae29118cf9d1891d81398bf47bda99d8937ba4f3ad9a4
data/raw/Dataset/train/Pothole/pothole834.jpg,train,Pothole,class_folder,unknown,56632fcdea59293f56465a644ee6c29a4f5e2c3b09bbd9bdba58f323f014312a
data/raw/Dataset/train/Pothole/pothole835.jpg,train,Pothole,class_folder,unknown,f46492bd74b7b7e5eefa7a23bf1c5bd6ad000ec32cd124642436657f94ce39a1
data/raw/Dataset/train/Pothole/pothole836.jpg,train,Pothole,class_folder,unknown,c56710db6f3e2638e87e8eaa73d008ec812017193b146ab0d5dd319a3c4ed709
data/raw/Dataset/train/Pothole/pothole837.jpg,train,Pothole,class_folder,unknown,a83dc7c4093cc20906f7c57c7e6958eeaa923abdf61d4c0bea65b9b7644c7673
data/raw/Dataset/train/Pothole/pothole838.jpg,train,Pothole,class_folder,unknown,412b5cc6ece43411df42b098dacc469f141cabf799ed74b067df337b4dcf132f
data/raw/Dataset/train/Pothole/pothole839.jpg,train,Pothole,class_folder,unknown,15d1765597da9721a3e62b06c7c4132fe31fabdd9214d1181a32495587d78398
data/raw/Dataset/train/Pothole/pothole84.jpg,train,Pothole,class_folder,unknown,27573ebe34b42c3dfa6a49dc6ccc79881eae804b6d05a83fbb05e6c851c395fd
data/raw/Dataset/train/Pothole/pothole840.jpg,train,Pothole,class_folder,unknown,af80200c9e2e00a404d10db32858801a92ac462baa5349e4c6573c1c2e9fc292
data/raw/Dataset/train/Pothole/pothole841.jpg,train,Pothole,class_folder,unknown,10d8e4cd0b8b7eb88e6a43160afeac2c07b168f7ad664c14f2425f4b213b75cf
data/raw/Dataset/train/Pothole/pothole842.jpg,train,Pothole,class_folder,unknown,5ebe57762ce29ee5e4a66dea1b176b7e2ef77fe6d9e63c29d569a9d70f9f376c
data/raw/Dataset/train/Pothole/pothole843.jpg,train,Pothole,class_folder,unknown,68ac9c0053d315fa03ec7f8bfb454285a7c9b9d68c1a0dc1c238ba444edc3d93
data/raw/Dataset/train/Pothole/pothole844.jpg,train,Pothole,class_folder,unknown,88a7207522f17b46693ac1f1b5460be6f009a85ff216a015c91a62b195ebee32
data/raw/Dataset/train/Pothole/pothole845.jpg,train,Pothole,class_folder,unknown,e2209abd8f258d941a2934b18c5be0b2b46a5001d378361eb8584dbe0434721b
data/raw/Dataset/train/Pothole/pothole846.jpg,train,Pothole,class_folder,unknown,750a52fe1fda509ea026f42ef44a583d1ccc175a156da42cbd908b3089885d33
data/raw/Dataset/train/Pothole/pothole847.jpg,train,Pothole,class_folder,unknown,0c6e52b722775b5eb85ff2ac62b0974bd9c1a7d8db2ae4f5254f24bc62dbf837
data/raw/Dataset/train/Pothole/pothole848.jpg,train,Pothole,class_folder,unknown,94d342c38a43f5afbfffb0bc9b1f56347f686891519c904d362a5604f42cd0d0
data/raw/Dataset/train/Pothole/pothole849.jpg,train,Pothole,class_folder,unknown,bbec1e4ecb0df1ab6dd09b6206f17d41873abde86f9b0b30662c8de68ddebe05
data/raw/Dataset/train/Pothole/pothole85.jpg,train,Pothole,class_folder,unknown,fb8db9a1a3df8b00f48f7437ae9ec40923cf0b7a2ecd22dea1282c7692bcc12c
data/raw/Dataset/train/Pothole/pothole850.jpg,train,Pothole,class_folder,unknown,bc684fa3ddff10842873f03804c881dd575836570ea0bf92b1b46ca304bd452b
data/raw/Dataset/train/Pothole/pothole851.jpg,train,Pothole,class_folder,unknown,32ee7b9655c5f979018959cbf42eb6532d11f864aa1e2ea89fc68d8c97592a02
data/raw/Dataset/train/Pothole/pothole852.jpg,train,Pothole,class_folder,unknown,2e10480c02f270308763a1f5c33b6fbaa3fb620a234baeb2cb3d8ddcd0270c7a
data/raw/Dataset/train/Pothole/pothole853.jpg,train,Pothole,class_folder,unknown,05ab1e5f951ea62115b93815c56a60a6caedbe188f202bac279f40830ab4d3f8
data/raw/Dataset/train/Pothole/pothole854.jpg,train,Pothole,class_folder,unknown,001ba0624719a76494c6eb60d747935d506a1d51549b89cebec50bbcf6c2cd49
data/raw/Dataset/train/Pothole/pothole855.jpg,train,Pothole,class_folder,unknown,5c2db6812c5be081551ab8a5b734859b14062bd57e5e45895c2ba121a58f31ad
data/raw/Dataset/train/Pothole/pothole856.jpg,train,Pothole,class_folder,unknown,a70312af53de4b76245b6cc1e85508e3ddb9ed56d22efcc6f0c889578189c504
data/raw/Dataset/train/Pothole/pothole857.jpg,train,Pothole,class_folder,unknown,0dfeebbe02f687c4ab5144144f5f6f3632b36b61508b3a917cf3e9a283154dd7
data/raw/Dataset/train/Pothole/pothole858.jpg,train,Pothole,class_folder,unknown,69bbe82d46179dd04777044d149c5c382713a26a25b0aec6cb8cbe0c7441e9b7
data/raw/Dataset/train/Pothole/pothole859.jpg,train,Pothole,class_folder,unknown,e2f999b39010c53ddc5c55ae1c23763f9d2b4c8f6750d814dd0eb316b48232b5
data/raw/Dataset/train/Pothole/pothole86.jpg,train,Pothole,class_folder,unknown,3c737b510d40a28411a79d020a8ac8cf707f77e6d41f1884869f499e0f8dbb32
data/raw/Dataset/train/Pothole/pothole860.jpg,train,Pothole,class_folder,unknown,929d21068efb4685c69e7bea77d2bd7d2f33369d7c92035ab1abb70afefd817a
data/raw/Dataset/train/Pothole/pothole861.jpg,train,Pothole,class_folder,unknown,26d46b3b476bf883ad576a8134749ee6ef6ba4b5b20d21be0306113b7fc2e303
data/raw/Dataset/train/Pothole/pothole862.jpg,train,Pothole,class_folder,unknown,f44f9c189cc15591001b87d5bea597492f82cf07e7904fdda9d03961321ca665
data/raw/Dataset/train/Pothole/pothole863.jpg,train,Pothole,class_folder,unknown,21a73f01e906537de850ec8021838f933a18966b77e2ffed7ff9695ef9e214bf
data/raw/Dataset/train/Pothole/pothole864.jpg,train,Pothole,class_folder,unknown,abee24cf43b5620c43174a21dda273286912375ebd3d97119bc558955223ce95
data/raw/Dataset/train/Pothole/pothole865.jpg,train,Pothole,class_folder,unknown,509bcc934ca25bdd390e54f3eb70d8d4d8a1f444ad6428364fd867db765226cf
data/raw/Dataset/train/Pothole/pothole866.jpg,train,Pothole,class_folder,unknown,2354ad18533adfa1d4afd6c1351c2cdbe01c41dba74a7edc0337075b8e014c12
data/raw/Dataset/train/Pothole/pothole867.jpg,train,Pothole,class_folder,unknown,211d4bb8395e32b69a47306a23016726ca671d3d6b1a43df605c21c16c19bb6c
data/raw/Dataset/train/Pothole/pothole868.jpg,train,Pothole,class_folder,unknown,4fb316c7a7297cf821485b8f5841cd6db3c0864d6819531f2160d54075c6d34b
data/raw/Dataset/train/Pothole/pothole869.jpg,train,Pothole,class_folder,unknown,f2a91bd2d5c8c2a616d67ca3927da8a690b76392d6db761d56b8c93111299901
data/raw/Dataset/train/Pothole/pothole87.jpg,train,Pothole,class_folder,unknown,de9d39c1dc667b44489e19cc2b263a3840d4c203f2b3b34a1b99c3469459d51b
data/raw/Dataset/train/Pothole/pothole870.jpg,train,Pothole,class_folder,unknown,db699fd3530ee111f3add4f7781b7c36c2ab207d8c98fcab674a76c44f727d41
data/raw/Dataset/train/Pothole/pothole871.jpg,train,Pothole,class_folder,unknown,23900c8e21d54bc9b2e5d24d21e3b8aabd04f7c1358fc8bef90347d250d808b2
data/raw/Dataset/train/Pothole/pothole872.jpg,train,Pothole,class_folder,unknown,41b59393e1efdc5d110916c0282bd982cc09dfd9f67bb58d5214f97ca12c203e
data/raw/Dataset/train/Pothole/pothole873.jpg,train,Pothole,class_folder,unknown,3e86b139ac06cc175fae5274d4314913be4e229ee5be112eef83ac4c9cd6c5af
data/raw/Dataset/train/Pothole/pothole874.jpg,train,Pothole,class_folder,unknown,2d1dcf886f09c9d13c4cb98b2255e0fcb79d1e7d67475b7bb6c77c2f087b0b42
data/raw/Dataset/train/Pothole/pothole875.jpg,train,Pothole,class_folder,unknown,38dfd1c219c257aed0cca19288a01bd6521407b95ae53bba2c84daceada58d66
data/raw/Dataset/train/Pothole/pothole876.jpg,train,Pothole,class_folder,unknown,84c5fa46e65f70a7791661ed86d2588b3b34f22cafb825b559e0c2b443d585c2
data/raw/Dataset/train/Pothole/pothole877.jpg,train,Pothole,class_folder,unknown,8fa542d3f3aa019d44113de862239ee2cffd17db5f2dd6036534855205860002
data/raw/Dataset/train/Pothole/pothole878.jpg,train,Pothole,class_folder,unknown,a7767d43533cb37166e3536ee6151087042d08e32edf0ce4d4517039c652c23c
data/raw/Dataset/train/Pothole/pothole879.jpg,train,Pothole,class_folder,unknown,5ad7fa5a51aff880a7db808ecc578a57a10bcdf837ec0079b91d55dfd852995d
data/raw/Dataset/train/Pothole/pothole88.jpg,train,Pothole,class_folder,unknown,87869daa64ddaf0ff6b9a838812df24d0653b1f747ecdb5b308f81cfa7728581
data/raw/Dataset/train/Pothole/pothole880.jpg,train,Pothole,class_folder,unknown,4c9f1189644e790fa6c0d907b160d9c414c5dd1d48b7362215b7d54a81eddd50
data/raw/Dataset/train/Pothole/pothole881.jpg,train,Pothole,class_folder,unknown,05f218aff4f73368264e1c04fecd8bbc298e410588b617f1fb56ca55852d3490
data/raw/Dataset/train/Pothole/pothole882.jpg,train,Pothole,class_folder,unknown,9ebabdab97352a04243441900b84d67ac10d814069bb9435ac5a27f1320d2c28
data/raw/Dataset/train/Pothole/pothole883.jpg,train,Pothole,class_folder,unknown,b9ee655fb756354f3cfc5cfeb13c2a0bbf2dcd8960be1a6ff3ec91dc12c39d14
data/raw/Dataset/train/Pothole/pothole884.jpg,train,Pothole,class_folder,unknown,e593b248637c4815401f2a5743413a2d6ab8012da3d8b6a8cddcec8e493b2da9
data/raw/Dataset/train/Pothole/pothole89.jpg,train,Pothole,class_folder,unknown,1151c0b46bf449029ebf09737a46a9f8da2caf653c2d7f309cb9e4348a642976
data/raw/Dataset/train/Pothole/pothole9.jpg,train,Pothole,class_folder,unknown,4656c034ee9cf65233d056792a242b2215a97c2a9398b4259e48f24fa9de0482
data/raw/Dataset/train/Pothole/pothole90.jpg,train,Pothole,class_folder,unknown,d489d4b22b2822cbf8e4f1186beea3a342f32752c7a13d2691b5fefaa2e2ef2f
data/raw/Dataset/train/Pothole/pothole91.jpg,train,Pothole,class_folder,unknown,714573b510328e30043069b36ef61f344f7c6984c64bd04f6de63ff5aeccd86e
data/raw/Dataset/train/Pothole/pothole92.jpg,train,Pothole,class_folder,unknown,cc823b577be42b751e44814968e38b6a3eb37c76879b23bbc79bca6bd3bd9db0
data/raw/Dataset/train/Pothole/pothole93.jpg,train,Pothole,class_folder,unknown,850d155341cd0f7630c25fb7b586328421e52026fe82419ffde5fe2f40c60391
data/raw/Dataset/train/Pothole/pothole94.jpg,train,Pothole,class_folder,unknown,4dcb2325582009faa4bc70d1022feff6a5ea2f8c4fb96dc09b90a64749e3a8cc
data/raw/Dataset/train/Pothole/pothole95.jpg,train,Pothole,class_folder,unknown,cad3f407879f8b25a47c7f0c1db7f1665ab45579015432561cb8884ce809c2fd
data/raw/Dataset/train/Pothole/pothole96.jpg,train,Pothole,class_folder,unknown,130ab0ab4ab809be894dc3af916076ad775e7142f97912bdcd3abf68d07d197a
data/raw/Dataset/train/Pothole/pothole97.jpg,train,Pothole,class_folder,unknown,1e6b614ca58342299344fd6f18dad161231553b3f66f50999a5491b147fb28be
data/raw/Dataset/train/Pothole/pothole98.jpg,train,Pothole,class_folder,unknown,4e0752188a87b55648f5c20de021d966f9c7480538736fe277f21a7718f18a4a
data/raw/Dataset/train/Pothole/pothole99.jpg,train,Pothole,class_folder,unknown,40e5aeaa77dd8fd7b37abc8235728ab94ec04f0aa4ff342776944133013d2492
data/raw/Dataset/val/Normal/normal0.jpg,val,Normal,class_folder,unknown,999ba8072ca65e96ff8f4930e6492365b4ee3367342f4dbe3a9eef6658b2c11d
data/raw/Dataset/val/Normal/normal1.jpg,val,Normal,class_folder,unknown,a618de448a11b76fb2cddbef1311d91fbbc66870c91249f5dab2e3247a953ea7
data/raw/Dataset/val/Normal/normal10.jpg,val,Normal,class_folder,unknown,2f84bff29e3f0e0fe73ab2fb40a3ade0a20209c0dc504887ba94f0930996f2dc
data/raw/Dataset/val/Normal/normal12.jpg,val,Normal,class_folder,unknown,34e2b6ea04f12266680671d81b3a16f95b92f0540f17f7a989ac7c248fa43e46
data/raw/Dataset/val/Normal/normal13.jpg,val,Normal,class_folder,unknown,8a72cdf6e02781538053c00e1080b093718cae94579b0322252754ed76ee3e01
data/raw/Dataset/val/Normal/normal14.jpg,val,Normal,class_folder,unknown,77dcaf8df72fc3dbf64da4d512cc2733d326464bc4d0bc152deb324229cb7e74
data/raw/Dataset/val/Normal/normal15.jpg,val,Normal,class_folder,unknown,f936db86fbeddbfbc3faf705673bffec91e6e772f2c952d531754d0cd036c8ff
data/raw/Dataset/val/Normal/normal16.jpg,val,Normal,class_folder,unknown,624ca187a077b2cc8e95f1e6191a009e0e8f886c859c635e415a4ca6c913f706
data/raw/Dataset/val/Normal/normal17.jpg,val,Normal,class_folder,unknown,dc727859f0400d8eb79af084e7677d65375e8add7a52e28bfe7393e36e43a8fc
data/raw/Dataset/val/Normal/normal19.jpg,val,Normal,class_folder,unknown,a3dede2aa96d8d38684e6772f20f1ea619a91784d980572bdf82b399bc359721
data/raw/Dataset/val/Normal/normal2.jpg,val,Normal,class_folder,unknown,0bb73ceb2075d77e89218a656b0a7d005522e6a97158169158270f23e1b7eaa2
data/raw/Dataset/val/Normal/normal20.jpg,val,Normal,class_folder,unknown,5e90f773d2c37228c73f468c66f59c2167917dcb98bc8e8ffd3464009a71e0e9
data/raw/Dataset/val/Normal/normal21.jpg,val,Normal,class_folder,unknown,9fa46ecf33a5f05ddead95a1575a806144db4de4e4397f54eabf90e6e1ccd16a
data/raw/Dataset/val/Normal/normal22.jpg,val,Normal,class_folder,unknown,5280cd4b6dbabf3cdf4fd93dcbfc6b738f6bddd0aa4a403a65a424ed18113d49
data/raw/Dataset/val/Normal/normal23.jpg,val,Normal,class_folder,unknown,b978729dc94422b16e107037c146649558ac3e630e91b49199421202ab919fb0
data/raw/Dataset/val/Normal/normal24.jpg,val,Normal,class_folder,unknown,9ee9b9578576d50b942a76a3628f43c1d385562f062ab1189095f7929f74db0f
data/raw/Dataset/val/Normal/normal25.jpg,val,Normal,class_folder,unknown,652ff98b574fddb09f54e5e84d958ec49d65ebd1d359e224059bcafab7afb43a
data/raw/Dataset/val/Normal/normal26.jpg,val,Normal,class_folder,unknown,d65903837e26b7f9e563be4ebffbb6008a280b2db4b68d640287afe826c6473e
data/raw/Dataset/val/Normal/normal27.jpg,val,Normal,class_folder,unknown,001e305f8ef47b71660be7dad067deb46e14a4f7412306f32732111ab59df3d8
data/raw/Dataset/val/Normal/normal28.jpg,val,Normal,class_folder,unknown,5fc84d62fcd6e71ea5888efe975a697b303199529c680e59259044df6624b377
data/raw/Dataset/val/Normal/normal29.jpg,val,Normal,class_folder,unknown,1e31e6d24c0aef587f0259a997fb7d808c41b719486024018e54c8d6ce60ca98
data/raw/Dataset/val/Normal/normal3.jpg,val,Normal,class_folder,unknown,d40985c77b2ec616ccebfeed620514a9a9d37993508452b654d06f73a15dd6cd
data/raw/Dataset/val/Normal/normal30.jpg,val,Normal,class_folder,unknown,6147581d571a669572f4288bd5263bb1f32a1c1bcceb6d6382dff2290a3eb099
data/raw/Dataset/val/Normal/normal31.jpg,val,Normal,class_folder,unknown,b8771a3ada1a1edce41fd8891c52f10ab7b941cb65a4a20f56347f07f219ef4d
data/raw/Dataset/val/Normal/normal32.jpg,val,Normal,class_folder,unknown,c1656f9cd8a9b7de50084e3f948ba2c5d5d2df4024faa0d9be070e24cb038c63
data/raw/Dataset/val/Normal/normal33.jpg,val,Normal,class_folder,unknown,9b0d4aa73fb5a524585ce3cf0b9d13df71dab2eecef03ca70e70507234979fc3
data/raw/Dataset/val/Normal/normal34.jpg,val,Normal,class_folder,unknown,2328d0039e45713231a9fa164cc5a36016c43e83f720c0bbf021e1fb5d015577
data/raw/Dataset/val/Normal/normal35.jpg,val,Normal,class_folder,unknown,e574db52ae4b3e13fdb50217de699c85234aaf70d38a37e04ecdd100a77332cd
data/raw/Dataset/val/Normal/normal36.jpg,val,Normal,class_folder,unknown,28b50b9ad54685cd65319562e6c412b0b05bc027bdd3027fa1ea98b77779e6ad
data/raw/Dataset/val/Normal/normal37.jpg,val,Normal,class_folder,unknown,464af7172a282b269c489e38726dc6cd007f429d987b0cf825ea25f96d24a110
data/raw/Dataset/val/Normal/normal38.jpg,val,Normal,class_folder,unknown,d3df295851dbb44ac76642014664a5d716db1a77a95e18b1814b9c9c3a6bad00
data/raw/Dataset/val/Normal/normal39.jpg,val,Normal,class_folder,unknown,195165aaaf572c99af567d7e1f6f42dedca4d5bb7182fc3fe5c07c633c5ecad3
data/raw/Dataset/val/Normal/normal4.jpg,val,Normal,class_folder,unknown,ccc8a1fc696f0ae2c943331b4e3e2c7f93dd2f41fe664a206e37a9046b034df5
data/raw/Dataset/val/Normal/normal40.jpg,val,Normal,class_folder,unknown,8a5ac64fa629ac3481b93d577147f761fc4d84d8447d60475cb6883bd91fdb2c
data/raw/Dataset/val/Normal/normal41.jpg,val,Normal,class_folder,unknown,0b7261dc35e08f154d29370efef6f147e1ad545654eaa581f619bd5609a2d2d9
data/raw/Dataset/val/Normal/normal42.jpg,val,Normal,class_folder,unknown,5828484b8d731948af2a1ea1de12181e2d0133fc4dee3f04b76620c409c583eb
data/raw/Dataset/val/Normal/normal43.jpg,val,Normal,class_folder,unknown,4836082d5cc4097f08869ff8f35c9470553774f4174ccc6136dd15bd20c76680
data/raw/Dataset/val/Normal/normal44.jpg,val,Normal,class_folder,unknown,0437141aef968a02c24cfa76db5ec08ec2a94600302db6d9f4f7117587a6e7f6
data/raw/Dataset/val/Normal/normal45.jpg,val,Normal,class_folder,unknown,ad4f87e9a98f4efd040dc9b283b23a90ed66bfd1faa46866bd8c3e9a4e584013
data/raw/Dataset/val/Normal/normal46.jpg,val,Normal,class_folder,unknown,6be6a278060ada67115e30a454588fe81bab7058d766f5a6ebae5619dadd9e42
data/raw/Dataset/val/Normal/normal47.jpg,val,Normal,class_folder,unknown,a313a1aac4bc161aadbf5c201bec2fda0ecab6a78e9d0b083bfc7388567bfb36
data/raw/Dataset/val/Normal/normal5.jpg,val,Normal,class_folder,unknown,43d665a3ae25c071fdf701bab7765ae900d0210651d90ceb883c67cb0fb97594
data/raw/Dataset/val/Normal/normal6.jpg,val,Normal,class_folder,unknown,ff92cd47e9e94380df9a9dd9909e28df5362fb8335a292bb16f7cc5f31fa2906
data/raw/Dataset/val/Normal/normal7.jpg,val,Normal,class_folder,unknown,75d374fb9ea8fa2875b4a6e7c5c85650478f8bbc04ff962c2fffa587e8d98b2b
data/raw/Dataset/val/Normal/normal8.jpg,val,Normal,class_folder,unknown,8aaea9a7695879fabac8f92587f5b1d377bc2036b45ad2c20dab532b033c4221
data/raw/Dataset/val/Normal/normal9.jpg,val,Normal,class_folder,unknown,8213962a27e7fcb5f4146f3cfc0f6183fbbcdba7660d9fde9132e7eda709aefd
data/raw/Dataset/val/Pothole/pothole885.jpg,val,Pothole,class_folder,unknown,821ed009268b75a78ce7f4e3fa8384205934557eacae085969240bee47add431
data/raw/Dataset/val/Pothole/pothole886.jpg,val,Pothole,class_folder,unknown,a68981042c492e2bf9f3d8a1e2e6f0d778d34eab87f33bc04545d622ff9448f8
data/raw/Dataset/val/Pothole/pothole887.jpg,val,Pothole,class_folder,unknown,9e5d3cddd6c3fc3c1437a6f66734cc0f1e1b9884a3c0ec59096d7ce47d31e915
data/raw/Dataset/val/Pothole/pothole888.jpg,val,Pothole,class_folder,unknown,f0576ba28e083914ddc35ec540f668511f89a8055e4f38f1f5e35995d440605a
data/raw/Dataset/val/Pothole/pothole889.jpg,val,Pothole,class_folder,unknown,a1eb486bf170a52d61e464dd9dc8319f10dc3b430e89be6e45bfcd25a95e1c7b
data/raw/Dataset/val/Pothole/pothole890.jpg,val,Pothole,class_folder,unknown,2580764a9a4c9235c2212549b04710274e1dd5b48a8364adc21752c07cad23c3
data/raw/Dataset/val/Pothole/pothole891.jpg,val,Pothole,class_folder,unknown,5ee6139e4bc418a24456cf27ba96bf7e871e5184292e9e9d316ef3127ac9f70c
data/raw/Dataset/val/Pothole/pothole892.jpg,val,Pothole,class_folder,unknown,a7d76332b24b09a4b2a31d82475343e6ef142f1b0f4724d252af5492f848e1f8
data/raw/Dataset/val/Pothole/pothole893.jpg,val,Pothole,class_folder,unknown,28358f92d9486ee1023b0bf646e0b19531dab276ca99d9b6fee187c59015b309
data/raw/Dataset/val/Pothole/pothole894.jpg,val,Pothole,class_folder,unknown,1464b6f40c249c35d0a169766a29511d64d42ba18f5ddd1dce4bde0ba718c0f3
data/raw/Dataset/val/Pothole/pothole895.jpg,val,Pothole,class_folder,unknown,b89a2f240f28e66d652dd6fcdff51ae18a1f4f505bf972acbe7cc795c79714f3
data/raw/Dataset/val/Pothole/pothole896.jpg,val,Pothole,class_folder,unknown,e86c2e126f71b47818ccf0ea7fe7b58ba81de264d330ff1fdf96b7a4321ba6ac
data/raw/Dataset/val/Pothole/pothole897.jpg,val,Pothole,class_folder,unknown,ba5def5ffaf3519c8bbe59d6a20afc84fa20d995dbf41367e319d3c1df26d030
data/raw/Dataset/val/Pothole/pothole898.jpg,val,Pothole,class_folder,unknown,ef5a313ab7de9faa7c1148494742621c99943826c64185363b281fce6ee2630a
data/raw/Dataset/val/Pothole/pothole899.jpg,val,Pothole,class_folder,unknown,5525a966fcde622c3dd1506c0ff3b07b3760991e93764d5b14d0e7d16271c97a
data/raw/Dataset/val/Pothole/pothole900.jpg,val,Pothole,class_folder,unknown,b2a8457d1c067d94ff4661428e7be27472b3aa85dd91005a2e87989e6a37754d
data/raw/Dataset/val/Pothole/pothole901.jpg,val,Pothole,class_folder,unknown,723fb65dea35c01a49f1d96dd77b98145d91fc4fc44f6d78f078352b6c7f75e3
data/raw/Dataset/val/Pothole/pothole902.jpg,val,Pothole,class_folder,unknown,6e605e51c4d91e2880f0d86773402cdccfa7c8da1ee1e4fc0740392fbf4aa2f8
data/raw/Dataset/val/Pothole/pothole903.jpg,val,Pothole,class_folder,unknown,c68f9f4e765c117639104052574c5e20ed1590a01cd8ebd4ad2c09b9e01396fb
data/raw/Dataset/val/Pothole/pothole904.jpg,val,Pothole,class_folder,unknown,961b954b4a410435b5d0934c5929d9c254ce576f05a3a034a85adcfa7f698b46
data/raw/Dataset/val/Pothole/pothole905.jpg,val,Pothole,class_folder,unknown,3e965f6906886c09723309676771a3319e97197b9926cf13ef130cda8e3ec274
data/raw/Dataset/val/Pothole/pothole906.jpg,val,Pothole,class_folder,unknown,253bad2710120cce75b6210ba4798637d5741c7ff4dd241b130c763a883b87a8
data/raw/Dataset/val/Pothole/pothole907.jpg,val,Pothole,class_folder,unknown,a3e37efebcad6b446e3961ea4cb936047775f7bd603aa01a38112232bbfdd19c
data/raw/Dataset/val/Pothole/pothole908.jpg,val,Pothole,class_folder,unknown,88dbb56bdd4241c7b9e4ff4c6e4095dcc92a588329b53ddd5803db715f2e8e6f
data/raw/Dataset/val/Pothole/pothole909.jpg,val,Pothole,class_folder,unknown,8dc927b4b84e60159764625fe9bb28ce4c53f30f04b60618f820efc6adc20cf0
data/raw/Dataset/val/Pothole/pothole910.jpg,val,Pothole,class_folder,unknown,658b58e3a5744de79a0f8e67b9dc5841248125273024c2fa082cd02a266f9be9
data/raw/Dataset/val/Pothole/pothole911.jpg,val,Pothole,class_folder,unknown,f2deab59335b81ade8b7ddf55e70951ad29a3acef4209a5c357b47b3665667eb
data/raw/Dataset/val/Pothole/pothole912.jpg,val,Pothole,class_folder,unknown,a51965513e22d02f505112d8fbd1d44bdfa7c29392a1e7edef857e9b86526469
data/raw/Dataset/val/Pothole/pothole913.jpg,val,Pothole,class_folder,unknown,850d155341cd0f7630c25fb7b586328421e52026fe82419ffde5fe2f40c60391
data/raw/Dataset/val/Pothole/pothole914.jpg,val,Pothole,class_folder,unknown,3d54142e880d4ffefd1f77d7366460f5c2498028675ba6ae05d8c8f6c7d041e6
data/raw/Dataset/val/Pothole/pothole915.jpg,val,Pothole,class_folder,unknown,a712dcf6947f3daa8a463d46083bf0d9826a97264385f50d6e427f63e2d83da4
data/raw/Dataset/val/Pothole/pothole916.jpg,val,Pothole,class_folder,unknown,2fe97986131c4eccb18af5b0186e000770df263d84833c4b42c48032134b8311
data/raw/Dataset/val/Pothole/pothole917.jpg,val,Pothole,class_folder,unknown,60813292268e9b7759fe71644f45b26f96a44c4176630cc564b3f4f3db62b38e
data/raw/Dataset/val/Pothole/pothole918.jpg,val,Pothole,class_folder,unknown,a8c31062319409e84de895ac363c17fd5637596c821f02aa50a589379b22670f
data/raw/Dataset/val/Pothole/pothole919.jpg,val,Pothole,class_folder,unknown,77a6de96b3c39e1a50c20bdc5781dd3fb668d109e9e303169621454a67969202
data/raw/Dataset/val/Pothole/pothole920.jpg,val,Pothole,class_folder,unknown,3541820617a8850bb70027112add44f081b92a6d8bed09e17773029cdb90d79f
data/raw/Dataset/val/Pothole/pothole921.jpg,val,Pothole,class_folder,unknown,474a0a080fab0e26193371a88eb9793b23120ede224c0bd21179cfd68c9e0b7c
data/raw/Dataset/val/Pothole/pothole922.jpg,val,Pothole,class_folder,unknown,72d20d898709b4a4ce7b0a838b1dd1fe7fc6d8f9265691930f7c3f1bece11918
data/raw/Dataset/val/Pothole/pothole923.jpg,val,Pothole,class_folder,unknown,d6f2b12effcc52d0427b6a18bb300e67fc0ac723c7d7a33a39514f3e7fb944f9
data/raw/Dataset/val/Pothole/pothole924.jpg,val,Pothole,class_folder,unknown,c53232335339a41272006ed44471e7bc5a1344541c0b4519e389696402f60a18
data/raw/Dataset/val/Pothole/pothole925.jpg,val,Pothole,class_folder,unknown,cdcb55e952132f437143ed0745c4c73c8ac20430331fdf8cd42a8ec0f5749aed
data/raw/Dataset/val/Pothole/pothole926.jpg,val,Pothole,class_folder,unknown,7f39f6f5e2afa4637da09c81e7ec89155f442aa07493010717da727c196ff022
data/raw/Dataset/val/Pothole/pothole927.jpg,val,Pothole,class_folder,unknown,a999f837b5759f94e779307584fd656f0a8047b3910bab49c664c695cf74380b
data/raw/Dataset/val/Pothole/pothole928.jpg,val,Pothole,class_folder,unknown,3a9a760a8eb695aa6a7c1c4965fffb7bc21d7c5803560a4d6497c192640f5af8
data/raw/Dataset/val/Pothole/pothole929.jpg,val,Pothole,class_folder,unknown,552f90722f36487372a0e362a640c41462f0db2e4c49d3596c426de8938a4261
data/raw/Dataset/val/Pothole/pothole930.jpg,val,Pothole,class_folder,unknown,6e0d7480cf1102fc37dc25c9fdb7a38da4529c20c44fac90322f7c3da07a0de3
data/raw/Dataset/val/Pothole/pothole931.jpg,val,Pothole,class_folder,unknown,1536e7016e006a81f123fcf449e7a20d03340e4a990f4cfcf3513243a5548358
data/raw/Dataset/val/Pothole/pothole932.jpg,val,Pothole,class_folder,unknown,d61e20b4ce28fd983e41dde679aa9cfa7f5b6e88534f1fe8af5bcd4690acee61
data/raw/Dataset/val/Pothole/pothole933.jpg,val,Pothole,class_folder,unknown,f2b3e62ffb05edd18037092f07f1480e5ec5021dc874515575221202ffa2d6bd
data/raw/Dataset/val/Pothole/pothole934.jpg,val,Pothole,class_folder,unknown,ec8a488a91f05279e57c23b2711a2659e8ee5d83414785d958f7a78d410338e2
data/raw/Dataset/val/Pothole/pothole935.jpg,val,Pothole,class_folder,unknown,51c5be248910026320ae50377f64475885fe3e247b17ed816ad75da1a8fd823d
data/raw/Dataset/val/Pothole/pothole936.jpg,val,Pothole,class_folder,unknown,6a94ea00f2b3d795c9bc4fe779295a2397fbce1b1812ccbf5d5b0a099e36ea68
data/raw/Dataset/val/Pothole/pothole937.jpg,val,Pothole,class_folder,unknown,4dd2c9c99c582da030faf8afac81d60ed9bb66e9bf3cd859bf5d3e9e8c8ab7f1
data/raw/Dataset/val/Pothole/pothole938.jpg,val,Pothole,class_folder,unknown,66d76938a1ac8a71f92a781f6d6d1b0a0f6f20a6524438c1417f21192fb37193
data/raw/Dataset/val/Pothole/pothole939.jpg,val,Pothole,class_folder,unknown,4e7527cde13179b1d7d1bf05c30527004b4e947a57d20d99ce8b80bc35eb283c
data/raw/Dataset/val/Pothole/pothole940.jpg,val,Pothole,class_folder,unknown,c0ded1ccabcc3f02e7c3f662b87bd7b085b2bab789cbac923816565e702e1803
data/raw/Dataset/val/Pothole/pothole941.jpg,val,Pothole,class_folder,unknown,c6e48b9e213cda70cfcc47b61eecc42fd4fc1454007dbe053cedd2c3373923a3
data/raw/Dataset/val/Pothole/pothole942.jpg,val,Pothole,class_folder,unknown,22f5f81a8403cd9011a434012578f159073fbf177684425c4605b57b4592ff01
data/raw/Dataset/val/Pothole/pothole943.jpg,val,Pothole,class_folder,unknown,09d22a9f97dcb739447f60bfb5de2123c6a3fed30af9dcbb631dbb7216f1974f
data/raw/Dataset/val/Pothole/pothole944.jpg,val,Pothole,class_folder,unknown,bd456c98ac4252d9642a63e9a3b169dcfb15adef7555c3de44db450e94be733e
data/raw/Dataset/val/Pothole/pothole945.jpg,val,Pothole,class_folder,unknown,7a393fc014383a8a9838e6a197254c8d5b612afad29d4ba0e174913bc276b5bd
data/raw/Dataset/val/Pothole/pothole946.jpg,val,Pothole,class_folder,unknown,981d568530200f855900dea11fba7676e095b08a20420d388b6a62a7e9ce6d01
data/raw/Dataset/test/normal0.jpg,test,unknown,unverified_filename_prefix,unknown,999ba8072ca65e96ff8f4930e6492365b4ee3367342f4dbe3a9eef6658b2c11d
data/raw/Dataset/test/normal1.jpg,test,unknown,unverified_filename_prefix,unknown,a618de448a11b76fb2cddbef1311d91fbbc66870c91249f5dab2e3247a953ea7
data/raw/Dataset/test/normal10.jpg,test,unknown,unverified_filename_prefix,unknown,2f84bff29e3f0e0fe73ab2fb40a3ade0a20209c0dc504887ba94f0930996f2dc
data/raw/Dataset/test/normal12.jpg,test,unknown,unverified_filename_prefix,unknown,34e2b6ea04f12266680671d81b3a16f95b92f0540f17f7a989ac7c248fa43e46
data/raw/Dataset/test/normal13.jpg,test,unknown,unverified_filename_prefix,unknown,8a72cdf6e02781538053c00e1080b093718cae94579b0322252754ed76ee3e01
data/raw/Dataset/test/normal14.jpg,test,unknown,unverified_filename_prefix,unknown,77dcaf8df72fc3dbf64da4d512cc2733d326464bc4d0bc152deb324229cb7e74
data/raw/Dataset/test/normal15.jpg,test,unknown,unverified_filename_prefix,unknown,f936db86fbeddbfbc3faf705673bffec91e6e772f2c952d531754d0cd036c8ff
data/raw/Dataset/test/normal16.jpg,test,unknown,unverified_filename_prefix,unknown,624ca187a077b2cc8e95f1e6191a009e0e8f886c859c635e415a4ca6c913f706
data/raw/Dataset/test/normal17.jpg,test,unknown,unverified_filename_prefix,unknown,dc727859f0400d8eb79af084e7677d65375e8add7a52e28bfe7393e36e43a8fc
data/raw/Dataset/test/normal19.jpg,test,unknown,unverified_filename_prefix,unknown,a3dede2aa96d8d38684e6772f20f1ea619a91784d980572bdf82b399bc359721
data/raw/Dataset/test/normal2.jpg,test,unknown,unverified_filename_prefix,unknown,0bb73ceb2075d77e89218a656b0a7d005522e6a97158169158270f23e1b7eaa2
data/raw/Dataset/test/normal20.jpg,test,unknown,unverified_filename_prefix,unknown,5e90f773d2c37228c73f468c66f59c2167917dcb98bc8e8ffd3464009a71e0e9
data/raw/Dataset/test/normal21.jpg,test,unknown,unverified_filename_prefix,unknown,9fa46ecf33a5f05ddead95a1575a806144db4de4e4397f54eabf90e6e1ccd16a
data/raw/Dataset/test/normal22.jpg,test,unknown,unverified_filename_prefix,unknown,5280cd4b6dbabf3cdf4fd93dcbfc6b738f6bddd0aa4a403a65a424ed18113d49
data/raw/Dataset/test/normal23.jpg,test,unknown,unverified_filename_prefix,unknown,b978729dc94422b16e107037c146649558ac3e630e91b49199421202ab919fb0
data/raw/Dataset/test/normal24.jpg,test,unknown,unverified_filename_prefix,unknown,9ee9b9578576d50b942a76a3628f43c1d385562f062ab1189095f7929f74db0f
data/raw/Dataset/test/normal25.jpg,test,unknown,unverified_filename_prefix,unknown,652ff98b574fddb09f54e5e84d958ec49d65ebd1d359e224059bcafab7afb43a
data/raw/Dataset/test/normal26.jpg,test,unknown,unverified_filename_prefix,unknown,d65903837e26b7f9e563be4ebffbb6008a280b2db4b68d640287afe826c6473e
data/raw/Dataset/test/normal27.jpg,test,unknown,unverified_filename_prefix,unknown,001e305f8ef47b71660be7dad067deb46e14a4f7412306f32732111ab59df3d8
data/raw/Dataset/test/normal28.jpg,test,unknown,unverified_filename_prefix,unknown,5fc84d62fcd6e71ea5888efe975a697b303199529c680e59259044df6624b377
data/raw/Dataset/test/normal29.jpg,test,unknown,unverified_filename_prefix,unknown,1e31e6d24c0aef587f0259a997fb7d808c41b719486024018e54c8d6ce60ca98
data/raw/Dataset/test/normal3.jpg,test,unknown,unverified_filename_prefix,unknown,d40985c77b2ec616ccebfeed620514a9a9d37993508452b654d06f73a15dd6cd
data/raw/Dataset/test/normal30.jpg,test,unknown,unverified_filename_prefix,unknown,6147581d571a669572f4288bd5263bb1f32a1c1bcceb6d6382dff2290a3eb099
data/raw/Dataset/test/normal31.jpg,test,unknown,unverified_filename_prefix,unknown,b8771a3ada1a1edce41fd8891c52f10ab7b941cb65a4a20f56347f07f219ef4d
data/raw/Dataset/test/normal32.jpg,test,unknown,unverified_filename_prefix,unknown,c1656f9cd8a9b7de50084e3f948ba2c5d5d2df4024faa0d9be070e24cb038c63
data/raw/Dataset/test/normal33.jpg,test,unknown,unverified_filename_prefix,unknown,9b0d4aa73fb5a524585ce3cf0b9d13df71dab2eecef03ca70e70507234979fc3
data/raw/Dataset/test/normal34.jpg,test,unknown,unverified_filename_prefix,unknown,2328d0039e45713231a9fa164cc5a36016c43e83f720c0bbf021e1fb5d015577
data/raw/Dataset/test/normal35.jpg,test,unknown,unverified_filename_prefix,unknown,e574db52ae4b3e13fdb50217de699c85234aaf70d38a37e04ecdd100a77332cd
data/raw/Dataset/test/normal36.jpg,test,unknown,unverified_filename_prefix,unknown,28b50b9ad54685cd65319562e6c412b0b05bc027bdd3027fa1ea98b77779e6ad
data/raw/Dataset/test/normal37.jpg,test,unknown,unverified_filename_prefix,unknown,464af7172a282b269c489e38726dc6cd007f429d987b0cf825ea25f96d24a110
data/raw/Dataset/test/normal38.jpg,test,unknown,unverified_filename_prefix,unknown,d3df295851dbb44ac76642014664a5d716db1a77a95e18b1814b9c9c3a6bad00
data/raw/Dataset/test/normal39.jpg,test,unknown,unverified_filename_prefix,unknown,195165aaaf572c99af567d7e1f6f42dedca4d5bb7182fc3fe5c07c633c5ecad3
data/raw/Dataset/test/normal4.jpg,test,unknown,unverified_filename_prefix,unknown,ccc8a1fc696f0ae2c943331b4e3e2c7f93dd2f41fe664a206e37a9046b034df5
data/raw/Dataset/test/normal40.jpg,test,unknown,unverified_filename_prefix,unknown,8a5ac64fa629ac3481b93d577147f761fc4d84d8447d60475cb6883bd91fdb2c
data/raw/Dataset/test/normal41.jpg,test,unknown,unverified_filename_prefix,unknown,0b7261dc35e08f154d29370efef6f147e1ad545654eaa581f619bd5609a2d2d9
data/raw/Dataset/test/normal42.jpg,test,unknown,unverified_filename_prefix,unknown,5828484b8d731948af2a1ea1de12181e2d0133fc4dee3f04b76620c409c583eb
data/raw/Dataset/test/normal43.jpg,test,unknown,unverified_filename_prefix,unknown,4836082d5cc4097f08869ff8f35c9470553774f4174ccc6136dd15bd20c76680
data/raw/Dataset/test/normal44.jpg,test,unknown,unverified_filename_prefix,unknown,0437141aef968a02c24cfa76db5ec08ec2a94600302db6d9f4f7117587a6e7f6
data/raw/Dataset/test/normal45.jpg,test,unknown,unverified_filename_prefix,unknown,ad4f87e9a98f4efd040dc9b283b23a90ed66bfd1faa46866bd8c3e9a4e584013
data/raw/Dataset/test/normal46.jpg,test,unknown,unverified_filename_prefix,unknown,6be6a278060ada67115e30a454588fe81bab7058d766f5a6ebae5619dadd9e42
data/raw/Dataset/test/normal47.jpg,test,unknown,unverified_filename_prefix,unknown,a313a1aac4bc161aadbf5c201bec2fda0ecab6a78e9d0b083bfc7388567bfb36
data/raw/Dataset/test/normal48.jpg,test,unknown,unverified_filename_prefix,unknown,edde767bc4c7bddf90223d50ecb5642558f32d392923bb20fa449a31517ca427
data/raw/Dataset/test/normal49.jpg,test,unknown,unverified_filename_prefix,unknown,b9fb2330634e5a47e468de1b49023be37a41eaedb7aa63c5f73aef3c0264cb96
data/raw/Dataset/test/normal5.jpg,test,unknown,unverified_filename_prefix,unknown,43d665a3ae25c071fdf701bab7765ae900d0210651d90ceb883c67cb0fb97594
data/raw/Dataset/test/normal50.jpg,test,unknown,unverified_filename_prefix,unknown,8a8410c16e2744e67b47ffe0ceb8d1523287b8035fa928a3bfa38e1fed9977c1
data/raw/Dataset/test/normal51.jpg,test,unknown,unverified_filename_prefix,unknown,74c63e9cac973b57b717c317850345e14dc99c6cfb45a7402de7604c150b516f
data/raw/Dataset/test/normal52.jpg,test,unknown,unverified_filename_prefix,unknown,2af41ae09975c55864ea50fc6c3f8fbe95973e9e2c393327989b85d85d28e5e8
data/raw/Dataset/test/normal53.jpg,test,unknown,unverified_filename_prefix,unknown,a34ebef35c6d660fd395293909809f746e8c7ba7756288a3c2a3d70bd24e7afd
data/raw/Dataset/test/normal54.jpg,test,unknown,unverified_filename_prefix,unknown,b906f2f706c3a0fb56dbaa6cab56e14766a07ceeb618be3f085df779bcd15c82
data/raw/Dataset/test/normal55.jpg,test,unknown,unverified_filename_prefix,unknown,9c7aa26b14c09eb5f00e645b1067ffa4c0021e4b342a90b2df584887afa5841c
data/raw/Dataset/test/normal56.jpg,test,unknown,unverified_filename_prefix,unknown,9dcc8bf1dff2a10761da77c22d5c67b6c674d7a9f9645c3681956449a4469945
data/raw/Dataset/test/normal57.jpg,test,unknown,unverified_filename_prefix,unknown,9437627af453f1e0e39b9b98621bdc6a4ced1ef5f9846081fe46be5210eb8201
data/raw/Dataset/test/normal58.jpg,test,unknown,unverified_filename_prefix,unknown,551537df0bd090436e2fd5c89b4dbcbdaac3a7499a026c32bdb4aa5c93ca8a2b
data/raw/Dataset/test/normal59.jpg,test,unknown,unverified_filename_prefix,unknown,1cce02e71c29dc6c1c17f7f40b709182f89af12fae56d86aa596aa3d1caa5229
data/raw/Dataset/test/normal6.jpg,test,unknown,unverified_filename_prefix,unknown,ff92cd47e9e94380df9a9dd9909e28df5362fb8335a292bb16f7cc5f31fa2906
data/raw/Dataset/test/normal60.jpg,test,unknown,unverified_filename_prefix,unknown,3df22fb875119be55eab57f55f74e1f97d0d6627346ee0cc4f3b10c2ec2de4fe
data/raw/Dataset/test/normal61.jpg,test,unknown,unverified_filename_prefix,unknown,d580467868912d29ce349f7581d21ab5b3dcdb65c5df497f312c6dec97c15ca0
data/raw/Dataset/test/normal62.jpg,test,unknown,unverified_filename_prefix,unknown,ce7a27c43a748437359c77731a2f1d786e978ab33ffd171fc3b20dd955c0d6b5
data/raw/Dataset/test/normal63.jpg,test,unknown,unverified_filename_prefix,unknown,8ae9db6a27b82344b803c1a287a33075fa42f9ef12fab384e398f00865f07dab
data/raw/Dataset/test/normal64.jpg,test,unknown,unverified_filename_prefix,unknown,1579fbcf01f51edc7bd0255e78ea0d0905c4e65b742cece6286f0cc06bb96529
data/raw/Dataset/test/normal65.jpg,test,unknown,unverified_filename_prefix,unknown,3a17304375ce824e8813d7bf43af0eadf45795b28ba1922048ce65fe4e6186a1
data/raw/Dataset/test/normal66.jpg,test,unknown,unverified_filename_prefix,unknown,90e9549a65de0de2f69a3be5b6796c436b7e14cbae71103414c4ca4c0e0ae400
data/raw/Dataset/test/normal67.jpg,test,unknown,unverified_filename_prefix,unknown,6b8687088bcab0a5c5c9e2d3028ccc89771feaf022dc674a62b377ec448a2d4e
data/raw/Dataset/test/normal68.jpg,test,unknown,unverified_filename_prefix,unknown,4a9a502d4a1b1289a99bdf0a18b331127d256643499179994d81b2ffe91340ca
data/raw/Dataset/test/normal69.jpg,test,unknown,unverified_filename_prefix,unknown,b9f232b7b9b6988b2d36440f08ef958330407e0631060b5a4dce0143b7a6c5ea
data/raw/Dataset/test/normal7.jpg,test,unknown,unverified_filename_prefix,unknown,75d374fb9ea8fa2875b4a6e7c5c85650478f8bbc04ff962c2fffa587e8d98b2b
data/raw/Dataset/test/normal70.jpg,test,unknown,unverified_filename_prefix,unknown,2689fa4aec9db89ffd86ea2eed40346306502ef2ddaccb101629ff025efa3de1
data/raw/Dataset/test/normal71.jpg,test,unknown,unverified_filename_prefix,unknown,ef731d775cd0ad22c1e873d5dd496a0ff6405c768893c92fa65c0931045c8a68
data/raw/Dataset/test/normal72.jpg,test,unknown,unverified_filename_prefix,unknown,29c27f613bfe1edcd201e26060f97b7a9c02c75c7d244e516de477343b5829e5
data/raw/Dataset/test/normal8.jpg,test,unknown,unverified_filename_prefix,unknown,8aaea9a7695879fabac8f92587f5b1d377bc2036b45ad2c20dab532b033c4221
data/raw/Dataset/test/normal9.jpg,test,unknown,unverified_filename_prefix,unknown,8213962a27e7fcb5f4146f3cfc0f6183fbbcdba7660d9fde9132e7eda709aefd
data/raw/Dataset/test/pothole835.jpg,test,unknown,unverified_filename_prefix,unknown,f46492bd74b7b7e5eefa7a23bf1c5bd6ad000ec32cd124642436657f94ce39a1
data/raw/Dataset/test/pothole836.jpg,test,unknown,unverified_filename_prefix,unknown,c56710db6f3e2638e87e8eaa73d008ec812017193b146ab0d5dd319a3c4ed709
data/raw/Dataset/test/pothole837.jpg,test,unknown,unverified_filename_prefix,unknown,a83dc7c4093cc20906f7c57c7e6958eeaa923abdf61d4c0bea65b9b7644c7673
data/raw/Dataset/test/pothole838.jpg,test,unknown,unverified_filename_prefix,unknown,412b5cc6ece43411df42b098dacc469f141cabf799ed74b067df337b4dcf132f
data/raw/Dataset/test/pothole839.jpg,test,unknown,unverified_filename_prefix,unknown,15d1765597da9721a3e62b06c7c4132fe31fabdd9214d1181a32495587d78398
data/raw/Dataset/test/pothole840.jpg,test,unknown,unverified_filename_prefix,unknown,af80200c9e2e00a404d10db32858801a92ac462baa5349e4c6573c1c2e9fc292
data/raw/Dataset/test/pothole841.jpg,test,unknown,unverified_filename_prefix,unknown,10d8e4cd0b8b7eb88e6a43160afeac2c07b168f7ad664c14f2425f4b213b75cf
data/raw/Dataset/test/pothole842.jpg,test,unknown,unverified_filename_prefix,unknown,5ebe57762ce29ee5e4a66dea1b176b7e2ef77fe6d9e63c29d569a9d70f9f376c
data/raw/Dataset/test/pothole843.jpg,test,unknown,unverified_filename_prefix,unknown,68ac9c0053d315fa03ec7f8bfb454285a7c9b9d68c1a0dc1c238ba444edc3d93
data/raw/Dataset/test/pothole844.jpg,test,unknown,unverified_filename_prefix,unknown,88a7207522f17b46693ac1f1b5460be6f009a85ff216a015c91a62b195ebee32
data/raw/Dataset/test/pothole845.jpg,test,unknown,unverified_filename_prefix,unknown,e2209abd8f258d941a2934b18c5be0b2b46a5001d378361eb8584dbe0434721b
data/raw/Dataset/test/pothole846.jpg,test,unknown,unverified_filename_prefix,unknown,750a52fe1fda509ea026f42ef44a583d1ccc175a156da42cbd908b3089885d33
data/raw/Dataset/test/pothole847.jpg,test,unknown,unverified_filename_prefix,unknown,0c6e52b722775b5eb85ff2ac62b0974bd9c1a7d8db2ae4f5254f24bc62dbf837
data/raw/Dataset/test/pothole848.jpg,test,unknown,unverified_filename_prefix,unknown,94d342c38a43f5afbfffb0bc9b1f56347f686891519c904d362a5604f42cd0d0
data/raw/Dataset/test/pothole849.jpg,test,unknown,unverified_filename_prefix,unknown,bbec1e4ecb0df1ab6dd09b6206f17d41873abde86f9b0b30662c8de68ddebe05
data/raw/Dataset/test/pothole850.jpg,test,unknown,unverified_filename_prefix,unknown,bc684fa3ddff10842873f03804c881dd575836570ea0bf92b1b46ca304bd452b
data/raw/Dataset/test/pothole851.jpg,test,unknown,unverified_filename_prefix,unknown,32ee7b9655c5f979018959cbf42eb6532d11f864aa1e2ea89fc68d8c97592a02
data/raw/Dataset/test/pothole852.jpg,test,unknown,unverified_filename_prefix,unknown,2e10480c02f270308763a1f5c33b6fbaa3fb620a234baeb2cb3d8ddcd0270c7a
data/raw/Dataset/test/pothole853.jpg,test,unknown,unverified_filename_prefix,unknown,05ab1e5f951ea62115b93815c56a60a6caedbe188f202bac279f40830ab4d3f8
data/raw/Dataset/test/pothole854.jpg,test,unknown,unverified_filename_prefix,unknown,001ba0624719a76494c6eb60d747935d506a1d51549b89cebec50bbcf6c2cd49
data/raw/Dataset/test/pothole855.jpg,test,unknown,unverified_filename_prefix,unknown,5c2db6812c5be081551ab8a5b734859b14062bd57e5e45895c2ba121a58f31ad
data/raw/Dataset/test/pothole856.jpg,test,unknown,unverified_filename_prefix,unknown,a70312af53de4b76245b6cc1e85508e3ddb9ed56d22efcc6f0c889578189c504
data/raw/Dataset/test/pothole857.jpg,test,unknown,unverified_filename_prefix,unknown,0dfeebbe02f687c4ab5144144f5f6f3632b36b61508b3a917cf3e9a283154dd7
data/raw/Dataset/test/pothole858.jpg,test,unknown,unverified_filename_prefix,unknown,69bbe82d46179dd04777044d149c5c382713a26a25b0aec6cb8cbe0c7441e9b7
data/raw/Dataset/test/pothole859.jpg,test,unknown,unverified_filename_prefix,unknown,e2f999b39010c53ddc5c55ae1c23763f9d2b4c8f6750d814dd0eb316b48232b5
data/raw/Dataset/test/pothole860.jpg,test,unknown,unverified_filename_prefix,unknown,929d21068efb4685c69e7bea77d2bd7d2f33369d7c92035ab1abb70afefd817a
data/raw/Dataset/test/pothole861.jpg,test,unknown,unverified_filename_prefix,unknown,26d46b3b476bf883ad576a8134749ee6ef6ba4b5b20d21be0306113b7fc2e303
data/raw/Dataset/test/pothole862.jpg,test,unknown,unverified_filename_prefix,unknown,f44f9c189cc15591001b87d5bea597492f82cf07e7904fdda9d03961321ca665
data/raw/Dataset/test/pothole863.jpg,test,unknown,unverified_filename_prefix,unknown,21a73f01e906537de850ec8021838f933a18966b77e2ffed7ff9695ef9e214bf
data/raw/Dataset/test/pothole864.jpg,test,unknown,unverified_filename_prefix,unknown,abee24cf43b5620c43174a21dda273286912375ebd3d97119bc558955223ce95
data/raw/Dataset/test/pothole865.jpg,test,unknown,unverified_filename_prefix,unknown,509bcc934ca25bdd390e54f3eb70d8d4d8a1f444ad6428364fd867db765226cf
data/raw/Dataset/test/pothole866.jpg,test,unknown,unverified_filename_prefix,unknown,2354ad18533adfa1d4afd6c1351c2cdbe01c41dba74a7edc0337075b8e014c12
data/raw/Dataset/test/pothole867.jpg,test,unknown,unverified_filename_prefix,unknown,211d4bb8395e32b69a47306a23016726ca671d3d6b1a43df605c21c16c19bb6c
data/raw/Dataset/test/pothole868.jpg,test,unknown,unverified_filename_prefix,unknown,4fb316c7a7297cf821485b8f5841cd6db3c0864d6819531f2160d54075c6d34b
data/raw/Dataset/test/pothole869.jpg,test,unknown,unverified_filename_prefix,unknown,f2a91bd2d5c8c2a616d67ca3927da8a690b76392d6db761d56b8c93111299901
data/raw/Dataset/test/pothole870.jpg,test,unknown,unverified_filename_prefix,unknown,db699fd3530ee111f3add4f7781b7c36c2ab207d8c98fcab674a76c44f727d41
data/raw/Dataset/test/pothole871.jpg,test,unknown,unverified_filename_prefix,unknown,23900c8e21d54bc9b2e5d24d21e3b8aabd04f7c1358fc8bef90347d250d808b2
data/raw/Dataset/test/pothole872.jpg,test,unknown,unverified_filename_prefix,unknown,41b59393e1efdc5d110916c0282bd982cc09dfd9f67bb58d5214f97ca12c203e
data/raw/Dataset/test/pothole873.jpg,test,unknown,unverified_filename_prefix,unknown,3e86b139ac06cc175fae5274d4314913be4e229ee5be112eef83ac4c9cd6c5af
data/raw/Dataset/test/pothole874.jpg,test,unknown,unverified_filename_prefix,unknown,2d1dcf886f09c9d13c4cb98b2255e0fcb79d1e7d67475b7bb6c77c2f087b0b42
data/raw/Dataset/test/pothole875.jpg,test,unknown,unverified_filename_prefix,unknown,38dfd1c219c257aed0cca19288a01bd6521407b95ae53bba2c84daceada58d66
data/raw/Dataset/test/pothole876.jpg,test,unknown,unverified_filename_prefix,unknown,84c5fa46e65f70a7791661ed86d2588b3b34f22cafb825b559e0c2b443d585c2
data/raw/Dataset/test/pothole877.jpg,test,unknown,unverified_filename_prefix,unknown,8fa542d3f3aa019d44113de862239ee2cffd17db5f2dd6036534855205860002
data/raw/Dataset/test/pothole878.jpg,test,unknown,unverified_filename_prefix,unknown,a7767d43533cb37166e3536ee6151087042d08e32edf0ce4d4517039c652c23c
data/raw/Dataset/test/pothole879.jpg,test,unknown,unverified_filename_prefix,unknown,5ad7fa5a51aff880a7db808ecc578a57a10bcdf837ec0079b91d55dfd852995d
data/raw/Dataset/test/pothole880.jpg,test,unknown,unverified_filename_prefix,unknown,4c9f1189644e790fa6c0d907b160d9c414c5dd1d48b7362215b7d54a81eddd50
data/raw/Dataset/test/pothole881.jpg,test,unknown,unverified_filename_prefix,unknown,05f218aff4f73368264e1c04fecd8bbc298e410588b617f1fb56ca55852d3490
data/raw/Dataset/test/pothole882.jpg,test,unknown,unverified_filename_prefix,unknown,9ebabdab97352a04243441900b84d67ac10d814069bb9435ac5a27f1320d2c28
data/raw/Dataset/test/pothole883.jpg,test,unknown,unverified_filename_prefix,unknown,b9ee655fb756354f3cfc5cfeb13c2a0bbf2dcd8960be1a6ff3ec91dc12c39d14
data/raw/Dataset/test/pothole884.jpg,test,unknown,unverified_filename_prefix,unknown,e593b248637c4815401f2a5743413a2d6ab8012da3d8b6a8cddcec8e493b2da9
data/raw/Dataset/test/pothole885.jpg,test,unknown,unverified_filename_prefix,unknown,821ed009268b75a78ce7f4e3fa8384205934557eacae085969240bee47add431
data/raw/Dataset/test/pothole886.jpg,test,unknown,unverified_filename_prefix,unknown,a68981042c492e2bf9f3d8a1e2e6f0d778d34eab87f33bc04545d622ff9448f8
data/raw/Dataset/test/pothole887.jpg,test,unknown,unverified_filename_prefix,unknown,9e5d3cddd6c3fc3c1437a6f66734cc0f1e1b9884a3c0ec59096d7ce47d31e915
data/raw/Dataset/test/pothole888.jpg,test,unknown,unverified_filename_prefix,unknown,f0576ba28e083914ddc35ec540f668511f89a8055e4f38f1f5e35995d440605a
data/raw/Dataset/test/pothole889.jpg,test,unknown,unverified_filename_prefix,unknown,a1eb486bf170a52d61e464dd9dc8319f10dc3b430e89be6e45bfcd25a95e1c7b
data/raw/Dataset/test/pothole890.jpg,test,unknown,unverified_filename_prefix,unknown,2580764a9a4c9235c2212549b04710274e1dd5b48a8364adc21752c07cad23c3
data/raw/Dataset/test/pothole891.jpg,test,unknown,unverified_filename_prefix,unknown,5ee6139e4bc418a24456cf27ba96bf7e871e5184292e9e9d316ef3127ac9f70c
data/raw/Dataset/test/pothole892.jpg,test,unknown,unverified_filename_prefix,unknown,a7d76332b24b09a4b2a31d82475343e6ef142f1b0f4724d252af5492f848e1f8
data/raw/Dataset/test/pothole893.jpg,test,unknown,unverified_filename_prefix,unknown,28358f92d9486ee1023b0bf646e0b19531dab276ca99d9b6fee187c59015b309
data/raw/Dataset/test/pothole894.jpg,test,unknown,unverified_filename_prefix,unknown,1464b6f40c249c35d0a169766a29511d64d42ba18f5ddd1dce4bde0ba718c0f3
data/raw/Dataset/test/pothole895.jpg,test,unknown,unverified_filename_prefix,unknown,b89a2f240f28e66d652dd6fcdff51ae18a1f4f505bf972acbe7cc795c79714f3
data/raw/Dataset/test/pothole896.jpg,test,unknown,unverified_filename_prefix,unknown,e86c2e126f71b47818ccf0ea7fe7b58ba81de264d330ff1fdf96b7a4321ba6ac
data/raw/Dataset/test/pothole897.jpg,test,unknown,unverified_filename_prefix,unknown,ba5def5ffaf3519c8bbe59d6a20afc84fa20d995dbf41367e319d3c1df26d030
data/raw/Dataset/test/pothole898.jpg,test,unknown,unverified_filename_prefix,unknown,ef5a313ab7de9faa7c1148494742621c99943826c64185363b281fce6ee2630a
data/raw/Dataset/test/pothole899.jpg,test,unknown,unverified_filename_prefix,unknown,5525a966fcde622c3dd1506c0ff3b07b3760991e93764d5b14d0e7d16271c97a
