source_filename,binary_label,source_classes,annotation_count,label_source,group_id,group_source,sha256
20250216_164325.jpg,Pothole,crack|manhole|pothole,9,COCO pothole category presence,20250216,filename_capture_date,151f8fb2f423b089478644643315e2429dc2dccfb2d86541b1c19ada358a92ce
20250216_164521.jpg,No_pothole,crack,4,COCO pothole category presence,20250216,filename_capture_date,742a73746d15947639f57253643dfb525244b37b54ac4a1fca40f7ac2d09db1d
20250216_164541.jpg,Pothole,crack|manhole|pothole,6,COCO pothole category presence,20250216,filename_capture_date,8d7fb54fbfc9b82877144a8bf32067732ca47a90470102d4d9c598cea9c7f9e5
20250219_164649.jpg,No_pothole,crack,2,COCO pothole category presence,20250219,filename_capture_date,85b058e5d3fd279c47682196942ee70e7b9e2f1f2c88ced6e78ad27111b9cfdf
20250219_164714.jpg,Pothole,crack|pothole,5,COCO pothole category presence,20250219,filename_capture_date,c8937937c809481e02034c55d94db3b420017ea26dddfd0b9f5e179025c02ba9
20250219_164738.jpg,Pothole,crack|manhole|pothole,6,COCO pothole category presence,20250219,filename_capture_date,40b25cd5613dbf0fc2dd2e5f419f71d3b7bc9bbb77299f29da4a61089a0973de
20250219_164746.jpg,No_pothole,manhole,2,COCO pothole category presence,20250219,filename_capture_date,6e35a611b13be7ab9d3d1149e87ee62b67d59d0e6b7fbc0346cf133d61f56850
20250219_164754.jpg,Pothole,crack|pothole,4,COCO pothole category presence,20250219,filename_capture_date,850d718118196b426cbb142c222b90104b95ed277c5c89f656cda1d678059706
20250219_164756.jpg,Pothole,crack|pothole,4,COCO pothole category presence,20250219,filename_capture_date,f472dee394260fe66347471786c632f2aaf2004a3175c16f8237a41128388408
20250219_164807.jpg,Pothole,crack|manhole|pothole,3,COCO pothole category presence,20250219,filename_capture_date,4ea360eaaf4154ecea3025d010c8894dbd98310303765a032f25504b917ba673
20250219_164813.jpg,Pothole,crack|manhole|pothole,4,COCO pothole category presence,20250219,filename_capture_date,4c33b9ecab017a15866d0e42d60e4b75e0b59d118b55ddd4ac9ce5d1d3edcd7c
20250219_164823.jpg,Pothole,crack|manhole|pothole,3,COCO pothole category presence,20250219,filename_capture_date,4aaab6a9c5d0cdd1d80a1b850d9a6fa847521d2f7b416fdccf5a122caf70298d
20250219_164829.jpg,Pothole,crack|pothole,2,COCO pothole category presence,20250219,filename_capture_date,7656db7dbbee58e43d574d90e2c21bfec3f55783add88f87c7ba784377ac0b36
20250219_164838.jpg,No_pothole,crack|manhole,7,COCO pothole category presence,20250219,filename_capture_date,03a4775ae89c8e394c96e2ab74b22b519bb2ebe0afaf0d78c9805ea3d2ad75df
20250219_164848.jpg,No_pothole,crack,5,COCO pothole category presence,20250219,filename_capture_date,9e64d29bc311864c920e75c38aee05e701f045c153296bc65b1aa1e7661f936c
20250219_164855.jpg,Pothole,crack|pothole,2,COCO pothole category presence,20250219,filename_capture_date,68208b13d5498fb691ea6ae5e28881578dfe448f68fc77d1dec920b88d1f8bb9
20250219_164905.jpg,No_pothole,crack,1,COCO pothole category presence,20250219,filename_capture_date,3f037f0a4346ea278e3d3cb43e4c649db4b3e80304a6a932d882a067daca252b
20250219_164912.jpg,Pothole,crack|pothole,2,COCO pothole category presence,20250219,filename_capture_date,ce87ecfc5903ba587fdb05bdf02b817e4fe0fe0c172dfba44f282bc25d54a8e3
20250219_164919.jpg,Pothole,pothole,1,COCO pothole category presence,20250219,filename_capture_date,15150a6a9d764a951b5e32090840fcad0eb7c7a373050e33ea6599abc1026fda
20250219_165015.jpg,No_pothole,crack,1,COCO pothole category presence,20250219,filename_capture_date,0c83e339f6e45433bae6369c7c6a9e764945df74a5657e88522abec0e1e693c5
20250219_165038.jpg,Pothole,crack|pothole,3,COCO pothole category presence,20250219,filename_capture_date,83517f9573da24ef633b7a1d1e27de8d349f1401e2a2b52682f3c0e9a13e9472
20250219_165042.jpg,Pothole,crack|pothole,3,COCO pothole category presence,20250219,filename_capture_date,e3f95322842403faf525949d4c07d0635e2b36198f468a0d5800f1495b57780d
20250219_165049.jpg,Pothole,crack|pothole,3,COCO pothole category presence,20250219,filename_capture_date,61a2677e626e4d2035884707c9b1d05e852b6b248797843e149f3de349c8d696
20250219_165056.jpg,Pothole,crack|pothole,3,COCO pothole category presence,20250219,filename_capture_date,90af5c4a5437980669e733beda0b4e92a9f431acd750a282936dc0d309f2588a
20250219_165100.jpg,Pothole,crack|pothole,4,COCO pothole category presence,20250219,filename_capture_date,54199f31ec6463467515878043edc542f37f4c350381aaf103ed76bebbfd2072
20250219_165225.jpg,No_pothole,crack,3,COCO pothole category presence,20250219,filename_capture_date,55fb02f0772f76a106a2e5e18892cb52d214826769f391bfd54b23d2fa3dc2bb
20250219_165329.jpg,Pothole,crack|pothole,4,COCO pothole category presence,20250219,filename_capture_date,aaacd60c306e1cce81ed130e5c6cd93ac79c4f0c30aa204bb89b938dfd115366
20250219_165333.jpg,Pothole,pothole,2,COCO pothole category presence,20250219,filename_capture_date,f8b7a933c3f14f40d127849931e80b37d099ea7249664d6a11ad2ff9d1ea0056
20250219_165339.jpg,No_pothole,crack,1,COCO pothole category presence,20250219,filename_capture_date,9971686cc833e5d30bcdf1b26dde955ec06109503fcd4ec8b4db7ba0f40b2299
20250219_165344.jpg,Pothole,pothole,2,COCO pothole category presence,20250219,filename_capture_date,45dce4c993654b111fec069a02d02f60b6b79035332c8edae04d4a87d92d9090
20250219_165351.jpg,Pothole,pothole,3,COCO pothole category presence,20250219,filename_capture_date,c32defb134b09da39e05030f59e02e21a8728a683d1e414853f8b942cfcc68de
20250219_165403.jpg,Pothole,crack|pothole,4,COCO pothole category presence,20250219,filename_capture_date,39685b563be9f139e180532bb84b5667c755c4b9b9e8dc5347bcb563b4280e09
20250219_165411.jpg,Pothole,crack|pothole,3,COCO pothole category presence,20250219,filename_capture_date,f694aabb158a68345b857fd2ca2e1c771aaa106c43439d0959b5d43d5ed39ea1
20250219_165420.jpg,Pothole,pothole,1,COCO pothole category presence,20250219,filename_capture_date,1c3e97580ff6180b30c3bcaa725e4a5497b7cb882d2bbd7f168a615d910b0b22
20250219_165424.jpg,Pothole,pothole,1,COCO pothole category presence,20250219,filename_capture_date,c75eba99bfc652544d91e7cddf4b7ec6e3f3b92b450a526f1b727ca9a5b93955
20250219_165436.jpg,Pothole,pothole,1,COCO pothole category presence,20250219,filename_capture_date,ee9b0fb7d421dc7e2f63d811ae91d7de6adca1560c45ea0e39756278dd95c505
20250219_165644.jpg,Pothole,pothole,1,COCO pothole category presence,20250219,filename_capture_date,a605f7dcc1eb3e54084b8b183235029f9c86fa108a958e90dcd9d1c7a96cb8c6
20250219_165652.jpg,Pothole,pothole,1,COCO pothole category presence,20250219,filename_capture_date,19551aaefeefff4965db32e17c5b172231008bc9f873891bbc0e7097afcdab84
20250219_165709.jpg,Pothole,pothole,1,COCO pothole category presence,20250219,filename_capture_date,7c37c84fc111c8bce810d358af965def4b95959783ba8d5ec9e0f8a346f5037e
20250219_165753.jpg,Pothole,pothole,1,COCO pothole category presence,20250219,filename_capture_date,a321f2e5dfa0f52d2e63c11b657a2d73a0afc1f7e3de2ecf54147a328bcd7271
20250219_165827.jpg,Pothole,pothole,2,COCO pothole category presence,20250219,filename_capture_date,1fb0377461b077a65248f788b345d0b7504a5b6a85c27fcc828369dd2ca2a10b
20250219_165832.jpg,Pothole,pothole,1,COCO pothole category presence,20250219,filename_capture_date,2eda4c4318b5eb9f498b945c6cea3ef8cbdbbc58bade230b62b80237cd9dc360
20250219_170253.jpg,Pothole,crack|pothole,6,COCO pothole category presence,20250219,filename_capture_date,76f1da2cf26f91671e404c0b69ec63757f1121ec5b6774f2717f0fe14d5f0b54
20250219_170258.jpg,Pothole,crack|pothole,7,COCO pothole category presence,20250219,filename_capture_date,b6406cabe3318d9bf6f18e0269a63f09e9fbd7d773274e332a232bd5ec848129
20250219_170318.jpg,Pothole,crack|pothole,4,COCO pothole category presence,20250219,filename_capture_date,24f48121acb7f154af0e6ba1a6734e7234f6cd25aff7191e3fecc6448103b7e9
20250219_170332.jpg,Pothole,crack|pothole,2,COCO pothole category presence,20250219,filename_capture_date,66f3c84eda0158efc9f360f0f2fef304407b51642af5401159c496e25382f359
20250219_170341.jpg,Pothole,pothole,2,COCO pothole category presence,20250219,filename_capture_date,39a6d7062c251b256551c8ad1269a6d41b4f07ac16007189664553ef9f28c5cf
20250219_170346.jpg,Pothole,pothole,1,COCO pothole category presence,20250219,filename_capture_date,a00b67f8cda2044080f9d8784946b081c5b7cda571d920cab675ab0e66c15fe5
20250219_170509.jpg,Pothole,pothole,2,COCO pothole category presence,20250219,filename_capture_date,054856e0102724d6ef7d495a705f376ed3e943e2f6c20f1a2627f832ec0e149a
20250219_170513.jpg,Pothole,pothole,2,COCO pothole category presence,20250219,filename_capture_date,97b536606345b2e83526a2d3cb1cde08ea0d1cab7bf2a2384e9e919a81314f9a
20250219_170526.jpg,Pothole,pothole,1,COCO pothole category presence,20250219,filename_capture_date,2f5f765e566542f6dfd7d517088fc9cf7889578bcbf01adc8b19f545b6679564
20250219_170531.jpg,Pothole,pothole,1,COCO pothole category presence,20250219,filename_capture_date,a3218aa2e2627a700cf58b978193b920f26e351135708a7f03a40b08673ee8d6
20250219_170541.jpg,Pothole,pothole,2,COCO pothole category presence,20250219,filename_capture_date,a2302197a794e512123999d54d8a34b9a82c2169daa26d3164610a9868eaebdf
20250219_170545.jpg,Pothole,pothole,3,COCO pothole category presence,20250219,filename_capture_date,e15ab24a49573a0967ce203a4bcfa252bff23384aeaa921b65366c03a4c01955
20250219_170556.jpg,Pothole,pothole,4,COCO pothole category presence,20250219,filename_capture_date,d6715cd71d367e72a7849e53a328010b44356b2a107957d0133b19184eced965
20250219_170603.jpg,Pothole,crack|pothole,4,COCO pothole category presence,20250219,filename_capture_date,e7beecd02e9ec48c841da362fc15a174c21503603c4ad204bb6a0f718a2f19f2
20250219_170613.jpg,Pothole,pothole,2,COCO pothole category presence,20250219,filename_capture_date,e81ab3d4787fc08d61a0d6d1e40894196e3ec68d639a7ded1f5469410840128a
20250219_170619.jpg,Pothole,crack|pothole,3,COCO pothole category presence,20250219,filename_capture_date,fe8f103b8c7e9e63060100d4be442aeff5574568259a828ab6896022f33e2133
20250219_170828.jpg,Pothole,pothole,2,COCO pothole category presence,20250219,filename_capture_date,ccfc298464a918390a6e98eb76ef65c3d7ab33d52548aa294acd95824da19939
20250219_170838.jpg,Pothole,pothole,4,COCO pothole category presence,20250219,filename_capture_date,84e64260491f9d0391c28285aa212a087843d549acb332478144d3f2a7ba7574
20250219_170858.jpg,Pothole,pothole,2,COCO pothole category presence,20250219,filename_capture_date,4ec76d57f8da2aed4439681886148dc30658fe80e727261df08abebf7123bd69
20250219_170909.jpg,Pothole,pothole,1,COCO pothole category presence,20250219,filename_capture_date,d45550e07ee89db99cde41dc415ff50f51b80c36dc32bb727d8209241bf41ad7
20250219_171056.jpg,Pothole,crack|pothole,6,COCO pothole category presence,20250219,filename_capture_date,e6739e06aa8e267b66776a763ec92fbd110fc1e678ec83effcf8a21ef64363fc
20250223_104730.jpg,Pothole,pothole,4,COCO pothole category presence,20250223,filename_capture_date,92b0b6d67e525d58c41e6b60f8bd8742ebb6a3a7ba9e706ec5f57fd65bab427b
20250223_104743.jpg,Pothole,pothole,3,COCO pothole category presence,20250223,filename_capture_date,a480f05d3a8afaf39b23188f26eadbea78bd7a60fc2ef5dec67dd7e863b47d29
20250223_104750.jpg,Pothole,pothole,3,COCO pothole category presence,20250223,filename_capture_date,888d7012c218d8a8902d2f50b176f6044d0ef6f4cab70debadc158fcb511bbaa
20250223_143815.jpg,Pothole,crack|pothole,7,COCO pothole category presence,20250223,filename_capture_date,fb77e85d26da2cebffc0596199f15112ee17a9e1a0e0cb81018c0ee1424d7d82
20250223_143826.jpg,Pothole,pothole,1,COCO pothole category presence,20250223,filename_capture_date,5b4bbb57718814936da5290eb0c97a8f9d0b99d889392d96dc2c738f8ad107d1
20250223_143834.jpg,Pothole,crack|pothole,2,COCO pothole category presence,20250223,filename_capture_date,60123542ebb202e3751daa814142b9109289436ef9944a19df6679626fa2131d
20250223_143847.jpg,Pothole,crack|pothole,7,COCO pothole category presence,20250223,filename_capture_date,f3ea20353b6bc0411e9492833e0f88eb1f8c3e4b27e04a47c16599bbc8b78800
20250223_143902.jpg,Pothole,pothole,1,COCO pothole category presence,20250223,filename_capture_date,9f94defc54828e03e56677db12902f7d260a7bddfc9d857c97bb40773404c941
20250223_143908.jpg,Pothole,crack|pothole,6,COCO pothole category presence,20250223,filename_capture_date,d0fac5643ed543f61d866f1053784a6ecedbec452d7d61a5b958bc512aac159b
20250223_143917.jpg,Pothole,crack|pothole,13,COCO pothole category presence,20250223,filename_capture_date,c6c7dc2e51d6f87e732a2a2c958297d289fd1534dff6d243dc3594f945058bcb
20250223_143928.jpg,Pothole,crack|pothole,2,COCO pothole category presence,20250223,filename_capture_date,96eb4740c167c56641aff4a42da1c0e6d8f8dff173afc31f16677d40d1d06588
20250223_143943.jpg,Pothole,crack|pothole,3,COCO pothole category presence,20250223,filename_capture_date,fb5032c8006afb9e4d4fbcfb7b06eb712e2877331e7adbb59ff46e74bcf13aba
20250223_143954.jpg,No_pothole,crack,1,COCO pothole category presence,20250223,filename_capture_date,25bfc69818a19fb114cd3bec99cf1fe9c187f3f11233fc76d74d9ff4a22a15b0
20250223_143958.jpg,No_pothole,crack,1,COCO pothole category presence,20250223,filename_capture_date,290d63c8deb11523d49d886de2fafa3070c4f5f6f472535b925cde51f6080bec
20250223_144012.jpg,Pothole,crack|pothole,6,COCO pothole category presence,20250223,filename_capture_date,91abee54a8ae3ba1ca58ff7fc2a8d6f51df151f894c52029896507af108f2f28
20250223_144019.jpg,Pothole,crack|pothole,4,COCO pothole category presence,20250223,filename_capture_date,666c1b03224fb3b1c4dcf2bcba9fbdd4746fba1e3f1837df73007345eb389717
20250223_144025.jpg,Pothole,crack|pothole,2,COCO pothole category presence,20250223,filename_capture_date,dca1e2dda6878e79a419b886a826ebfcb96fba600e0035ab40f9123beed42c94
20250223_144041.jpg,Pothole,crack|pothole,11,COCO pothole category presence,20250223,filename_capture_date,d0d82e8de4a501ae3fe4b36a4f51f01998b7a0a5032bb0da63b7e44f7993b669
20250223_144121.jpg,Pothole,crack|pothole,7,COCO pothole category presence,20250223,filename_capture_date,5062c98e3c91f4aaa6df77178a09b76f6d784c5b9c01848617ca170f4c827278
20250223_144138.jpg,Pothole,crack|pothole,4,COCO pothole category presence,20250223,filename_capture_date,c6ffcffc2b5b88dededfd8e811863491bf53226321685d351e5bedc05c6b8841
20250223_144145.jpg,Pothole,crack|pothole,7,COCO pothole category presence,20250223,filename_capture_date,851f13687d4e2b0df6063397ed98338229263255eef1569ef41f7b633df508b7
20250223_144154.jpg,Pothole,crack|pothole,3,COCO pothole category presence,20250223,filename_capture_date,0daab364f0f1a0c2a3f82e0c5f95510b958c8b5ed780f7cf06338fc4cc949558
20250223_144159.jpg,Pothole,crack|pothole,6,COCO pothole category presence,20250223,filename_capture_date,9bfef4a434123467c8d81fec20272b9961eec0b732339f9689be7705df685a34
20250223_144234.jpg,Pothole,crack|pothole,3,COCO pothole category presence,20250223,filename_capture_date,040995ccc42be317dbf004522d9d9d5123b7cb63c86d45787e994f26205b3e96
20250223_144242.jpg,Pothole,crack|pothole,6,COCO pothole category presence,20250223,filename_capture_date,bdc39c04592ed4a6443827e477bc0180801d85948a2eb042b15dd44ceebfc7a2
20250223_144246.jpg,Pothole,crack|pothole,2,COCO pothole category presence,20250223,filename_capture_date,fbe628b8e258770a1005fcc2571e76840590653831a938c9bdb2823a22d77b2d
20250223_144304.jpg,Pothole,crack|pothole,3,COCO pothole category presence,20250223,filename_capture_date,54d82c63db4ce914dd242af0b197191fca80d56486beb7ca7e72abf3c4f92652
20250223_144310.jpg,Pothole,crack|pothole,6,COCO pothole category presence,20250223,filename_capture_date,accd1385d6d329152f0b9123b831a32f84a3ecf7385fecafb7b842b7d002b97c
20250223_144352.jpg,Pothole,crack|pothole,4,COCO pothole category presence,20250223,filename_capture_date,132996a692060d783b898d66904c3287345359cd134376402e5525b79b403f3b
20250223_144821.jpg,No_pothole,crack,1,COCO pothole category presence,20250223,filename_capture_date,fe41764ef21523d9f81f76466b2e220865c9033cff03e862c705d048be761d6d
20250223_144828.jpg,Pothole,crack|pothole,3,COCO pothole category presence,20250223,filename_capture_date,3fb0c850b0e368ac12f1e96f01fa71b70d0d7e68a205dde88f414799110f8e86
20250223_144836.jpg,Pothole,crack|pothole,4,COCO pothole category presence,20250223,filename_capture_date,ae348f343c361fc3131ad0f664d515daf2d7bd4a8030a3aea9b64520f3834094
20250223_144843.jpg,Pothole,crack|pothole,3,COCO pothole category presence,20250223,filename_capture_date,dc93b77e79a69e50b7d05e1dd0b9e0381cd782bb19fc41b4a13c89ce0b782e7a
20250223_144853.jpg,Pothole,crack|pothole,5,COCO pothole category presence,20250223,filename_capture_date,20035e9d4c420bdebe128f1c67adf30051aa5dd4f4571720ddf071b8e963c04b
20250223_144906.jpg,Pothole,crack|pothole,2,COCO pothole category presence,20250223,filename_capture_date,2696b235619c08e4a7e2d66a1dc689a77de6f41ce0aacfcf5e6d0e5b40b2c4e4
20250223_144911.jpg,Pothole,crack|pothole,3,COCO pothole category presence,20250223,filename_capture_date,67a965b601e7a3e1d502988116a1bee77d07ac504392ac83440364dd74130c14
20250223_144934.jpg,No_pothole,crack,1,COCO pothole category presence,20250223,filename_capture_date,7e1f3a22facd1a8f2fa03809a9e75785b9aa0c5d6b9c84a33028e315b6bffd71
20250223_144944.jpg,No_pothole,crack,1,COCO pothole category presence,20250223,filename_capture_date,4b7f101bd6381d8ab060905d7a39556111344a46b89a49216437ff431d784707
20250223_144948.jpg,No_pothole,crack,1,COCO pothole category presence,20250223,filename_capture_date,06ffbe6f305f6a8b52240e41e3a0d58889aacbd9904a6e40c164542e548646ae
vlcsnap-00001.jpg,No_pothole,manhole,1,COCO pothole category presence,unknown_capture_group,missing_capture_date,60214d471bc8f3e6b4ad0268d149ab650d8eb3bb3df08e71017c38f7f9540ea9
vlcsnap-00002.jpg,Pothole,manhole|pothole,4,COCO pothole category presence,unknown_capture_group,missing_capture_date,fc5a1b862d965f94c4d99ceb6d810bdc7ca611b9369a17a130fa37889a8a483c
vlcsnap-00003.jpg,No_pothole,manhole,1,COCO pothole category presence,unknown_capture_group,missing_capture_date,92152d5a3d45c0bdf7c4d71fd2663df04b4d9e9de9c2ee19e0bc290cc42773ee
vlcsnap-00004.jpg,No_pothole,manhole,1,COCO pothole category presence,unknown_capture_group,missing_capture_date,2f60922e4fc4c12419ce65800db839871b79ec13a8821384b88cb8a059cfd539
vlcsnap-00005.jpg,No_pothole,crack,1,COCO pothole category presence,unknown_capture_group,missing_capture_date,faa0c23b76028119d06a73617ab20032b1d9ec4e7b9ff71622c9d5b65079c152
vlcsnap-00006.jpg,No_pothole,crack,1,COCO pothole category presence,unknown_capture_group,missing_capture_date,31f1c2984ed56b7db073ce08a3a355b351a0c98f133aaf0f56d920ca2b303bbe
vlcsnap-00007.jpg,No_pothole,crack,1,COCO pothole category presence,unknown_capture_group,missing_capture_date,bb27db687763bee2da996103d22b0454fd067636fbd999dfcd24081befe12618
vlcsnap-00008.jpg,No_pothole,crack,1,COCO pothole category presence,unknown_capture_group,missing_capture_date,a61c367703b4bd5fae02ea966b037b1a0e5d484ce5fca9d1cab52975578f6058
vlcsnap-00009.jpg,No_pothole,crack,1,COCO pothole category presence,unknown_capture_group,missing_capture_date,afc1d6d68c44c4ecc206443da952f562350fbdf5145100468f0cc64f2b8aaaf5
vlcsnap-00010.jpg,No_pothole,crack,1,COCO pothole category presence,unknown_capture_group,missing_capture_date,e24f1c84b29723e3d7d7809c9267b9ff10bb34bf890c4354394daa05996b3870
vlcsnap-00011.jpg,No_pothole,crack,1,COCO pothole category presence,unknown_capture_group,missing_capture_date,faa587a841c88b22c1d4ee288956303995cb91acbf1befb830874a11692dd872
vlcsnap-00012.jpg,No_pothole,crack,1,COCO pothole category presence,unknown_capture_group,missing_capture_date,e3655e977f9ad9b2c4c1b782ca068492546d95b30615d5bdbc1163b7e199683a
vlcsnap-00013.jpg,No_pothole,crack,1,COCO pothole category presence,unknown_capture_group,missing_capture_date,81beb940e944141aa8064b3ff2ee4e002e6ce3c8515d2e8512c152046cbd7eef
vlcsnap-00014.jpg,No_pothole,crack|manhole,2,COCO pothole category presence,unknown_capture_group,missing_capture_date,9f56fc5e8a09058bdded4070688c4a679a75f2df251a5f8053889e8f2eb6bf05
vlcsnap-00015.jpg,No_pothole,crack,1,COCO pothole category presence,unknown_capture_group,missing_capture_date,9bdcdf6e640b0c9983446ab1c01423ce2ac6154eedbb71fbbcb6994142f1f509
vlcsnap-00016.jpg,No_pothole,crack,2,COCO pothole category presence,unknown_capture_group,missing_capture_date,4379c8ce3da11c6db22e749eb4d4c0699a8f564737078cbf8fb4b9ed3ba96318
vlcsnap-00017.jpg,Pothole,crack|manhole|pothole,5,COCO pothole category presence,unknown_capture_group,missing_capture_date,cf4059ff3143bc724f4115638fb2c39f21b6b20f3a84ff9895ac038de57d33a1
vlcsnap-00018.jpg,Pothole,crack|pothole,2,COCO pothole category presence,unknown_capture_group,missing_capture_date,1d6f10c9d1f20760f20660778c49d25055accf0e40cafc7e875082ea969cd3da
vlcsnap-00019.jpg,No_pothole,crack,1,COCO pothole category presence,unknown_capture_group,missing_capture_date,10f3bba156f18b233307bb602650fafddc0f25c9f971cb27720d8f28f35500f6
vlcsnap-00020.jpg,No_pothole,crack,4,COCO pothole category presence,unknown_capture_group,missing_capture_date,ba6eeff44d72768308d3b0f7ca17ca0c7ba8fdfa4b115babce39535bb1ad05d9
vlcsnap-00021.jpg,Pothole,crack|pothole,2,COCO pothole category presence,unknown_capture_group,missing_capture_date,5d3df955751dfb077396b728e657e488f0369ca182f257612c85a624b5d485f1
vlcsnap-00022.jpg,No_pothole,crack,3,COCO pothole category presence,unknown_capture_group,missing_capture_date,0482cff3133393c9e7aa9be5dffd851ac895f3230b010c66df40b31153464aa1
vlcsnap-00023.jpg,No_pothole,crack,2,COCO pothole category presence,unknown_capture_group,missing_capture_date,43564a7b533614d23ff057c9318885b41e017b3d1c3415821b4a77a63c169330
vlcsnap-00024.jpg,No_pothole,crack,1,COCO pothole category presence,unknown_capture_group,missing_capture_date,4dc40f2ef0f1e73d3aa5f1ae32390927bc7090d30ae6180ff87306cad517f684
vlcsnap-00025.jpg,Pothole,crack|pothole,2,COCO pothole category presence,unknown_capture_group,missing_capture_date,806cecb66b864222a6e51cf6be6f61f2af22021bfb92bdfc61d2176b41a71ff0
vlcsnap-00026.jpg,No_pothole,crack,3,COCO pothole category presence,unknown_capture_group,missing_capture_date,2946c0f5bca41eaf200faf62964217fdb2165a5541c0a6af7a484d123787a9e8
vlcsnap-00027.jpg,No_pothole,crack,1,COCO pothole category presence,unknown_capture_group,missing_capture_date,685c1ad446c54f5653590e1f31b8d063c657d3037e1cc6d1e1b5e2194d32cbb8
vlcsnap-00028.jpg,No_pothole,crack,2,COCO pothole category presence,unknown_capture_group,missing_capture_date,830df58dc7a2d6fbd96c96518c9967c0e74319600f7b616f92c946e1c915d94a
vlcsnap-00029.jpg,Pothole,crack|pothole,2,COCO pothole category presence,unknown_capture_group,missing_capture_date,c46dc11506ebefe1ffdf245bb142d4f01206203216da0eafe1db81585fe877b9
vlcsnap-00030.jpg,Pothole,crack|pothole,2,COCO pothole category presence,unknown_capture_group,missing_capture_date,4b485e8c560f8945fcd9274eaf0a18f0012851542d653178beea5323afdf45f4
vlcsnap-00031.jpg,No_pothole,crack,1,COCO pothole category presence,unknown_capture_group,missing_capture_date,09163d3830a4ce39c227cb1e21f1a39c1a71f4b980795b0ec49a5cc6e80a22ad
vlcsnap-00032.jpg,No_pothole,crack,1,COCO pothole category presence,unknown_capture_group,missing_capture_date,4bd9e4354636d9d9d5ccfdb37d844ba0d8c08c08246cf7a3c75f5fe69f920edb
vlcsnap-00033.jpg,Pothole,crack|pothole,2,COCO pothole category presence,unknown_capture_group,missing_capture_date,67dfeba511856e0e4796f340e1b804faf9a600e0f41706c5d5d1b46319b8a2fe
vlcsnap-00034.jpg,No_pothole,crack,1,COCO pothole category presence,unknown_capture_group,missing_capture_date,f229ebab5c1805436164b3da133f57cf570d6b8af8ec45e35cc695125562b4c3
vlcsnap-00035.jpg,No_pothole,crack,1,COCO pothole category presence,unknown_capture_group,missing_capture_date,62cb4640a9d7d693791f79902f2f5379166fecacfaa27a93774ad116bf737340
vlcsnap-00036.jpg,No_pothole,crack,2,COCO pothole category presence,unknown_capture_group,missing_capture_date,94525391ccac7a35575805e9c8a08e0fb6267f92906fb43f0955adc18d7435d8
vlcsnap-00037.jpg,Pothole,crack|manhole|pothole,4,COCO pothole category presence,unknown_capture_group,missing_capture_date,d7ac338ad3973ed002c0b9adfab3063978c021802c7d554989715a73ac364b21
vlcsnap-00038.jpg,No_pothole,crack,1,COCO pothole category presence,unknown_capture_group,missing_capture_date,ef975e267286a1cb5ca11ca5242affc2be6e6deb8c6013e133e7de9c1833f2f4
vlcsnap-00039.jpg,No_pothole,crack,1,COCO pothole category presence,unknown_capture_group,missing_capture_date,2be92c00bd2c83ee701c058045e2a4d20dcd2e73472ebeacadd4e2bbddcbff25
vlcsnap-00040.jpg,Pothole,crack|manhole|pothole,3,COCO pothole category presence,unknown_capture_group,missing_capture_date,b92f5fd382ed64b8573f38f43ce3588c956dad22fa2c69c929946539ea5f711d
vlcsnap-00041.jpg,No_pothole,crack|manhole,2,COCO pothole category presence,unknown_capture_group,missing_capture_date,550b4b7d9a78150e0600716c6a26cc3727f7adee41f034afbaf0e6d3d3cfd29a
vlcsnap-00042.jpg,No_pothole,crack,1,COCO pothole category presence,unknown_capture_group,missing_capture_date,87106c31be0e5d2cc80d24327494b7dad0d9baf0c05dece5cd126faf029b57b1
vlcsnap-00044.jpg,No_pothole,crack|manhole,2,COCO pothole category presence,unknown_capture_group,missing_capture_date,0edf26712de3bdd65973dbdadaaf57318e99e7a8ae4ab9e0475d45c8b7f5bcba
vlcsnap-00045.jpg,Pothole,crack|pothole,3,COCO pothole category presence,unknown_capture_group,missing_capture_date,e933715d6850761b4a012f779a598d71ae84382440b223fa18e33816718f98e7
vlcsnap-00046.jpg,Pothole,crack|pothole,2,COCO pothole category presence,unknown_capture_group,missing_capture_date,f60db9d0d027c7f87ee46cfc47818a13c8942e0ce1eb0587c3f88cd679caa9f1
vlcsnap-00047.jpg,Pothole,crack|pothole,2,COCO pothole category presence,unknown_capture_group,missing_capture_date,b0eaa8319ffd1d7050f76b2b05364f52614f9e3e310c8bb60b6f7029095fe1bc
vlcsnap-00048.jpg,Pothole,crack|pothole,3,COCO pothole category presence,unknown_capture_group,missing_capture_date,9e7576f2239e0d8f54abd992b28dd984134c237c57019fe110bb4bba0fe222eb
vlcsnap-00049.jpg,Pothole,crack|pothole,3,COCO pothole category presence,unknown_capture_group,missing_capture_date,379c38b0f5c9b491a91715d472fe7f5e4255b0a385693f35cb971889d104f184
vlcsnap-00050.jpg,No_pothole,crack,1,COCO pothole category presence,unknown_capture_group,missing_capture_date,8fd6f6571a23f13bdebe4a9c5419a616c5391b5dd09cd2133594d72b3207c594
vlcsnap-00051.jpg,Pothole,crack|pothole,2,COCO pothole category presence,unknown_capture_group,missing_capture_date,c4301de67e59e775f5f999e59b97d2dfbdf53e0015cba3c5abe36d26d180d7c3
vlcsnap-00052.jpg,No_pothole,crack,1,COCO pothole category presence,unknown_capture_group,missing_capture_date,274af5249d2bed575be81b88c32f359a3821078dc3937a7cf9613320bbf2f1c6
vlcsnap-00053.jpg,Pothole,crack|pothole,4,COCO pothole category presence,unknown_capture_group,missing_capture_date,a93dbabd766c0999e3079d7d8efbe326725c42e4e293f1415fde1962c26137ed
vlcsnap-00054.jpg,Pothole,crack|pothole,2,COCO pothole category presence,unknown_capture_group,missing_capture_date,4112e2106715b1bcd7993df36debcf08c9852506eedc1c5b0a028d53068c4bab
vlcsnap-00055.jpg,No_pothole,crack,1,COCO pothole category presence,unknown_capture_group,missing_capture_date,b938c80b57a7829f865d35289711b40ae5de1013d745fb4d87524754e8d68274
vlcsnap-00056.jpg,No_pothole,crack,1,COCO pothole category presence,unknown_capture_group,missing_capture_date,e16f451f1453a7563b622e7b5b3d95806959a02b4a0e6601b88785807ce67117
vlcsnap-00057.jpg,Pothole,crack|pothole,2,COCO pothole category presence,unknown_capture_group,missing_capture_date,d97977208387a918461a087995931ba0b8a2f727ea7af57f29a0077501be1cce
vlcsnap-00058.jpg,No_pothole,crack|manhole,3,COCO pothole category presence,unknown_capture_group,missing_capture_date,32eae820bec97837cb6324c6b91dc0215bf6eb50cded01f0ea9502cde93c7265
vlcsnap-00059.jpg,No_pothole,crack|manhole,3,COCO pothole category presence,unknown_capture_group,missing_capture_date,4ef657ae77bc474c6f577d6771c7a8f5d5029a5d3b250177d546a0a37d8e3aef
vlcsnap-00060.jpg,No_pothole,crack,1,COCO pothole category presence,unknown_capture_group,missing_capture_date,4963ef80ee5494de278bded0d31904d37e952189ba23defdbb30da69c50a4452
vlcsnap-00061.jpg,No_pothole,crack,2,COCO pothole category presence,unknown_capture_group,missing_capture_date,5debe12da62dfd988cbd32218ad9f3fc2e40b8486c9b198147f10d31afdbba10
vlcsnap-00062.jpg,Pothole,crack|pothole,4,COCO pothole category presence,unknown_capture_group,missing_capture_date,e1214cd726c04f8e5f63c8194015956b433ab9a7b3c9322fb609489d9829dd57
vlcsnap-00063.jpg,Pothole,crack|pothole,3,COCO pothole category presence,unknown_capture_group,missing_capture_date,b3421d8417509a3e30b12b857d1015949c5fff1bcac79570d67d7e584fe5e282
vlcsnap-00064.jpg,No_pothole,crack,1,COCO pothole category presence,unknown_capture_group,missing_capture_date,ae4a6408cdef6a16378448c0e4a7f4bca7981206fc461f5229316de472a7b5e4
vlcsnap-00065.jpg,No_pothole,crack,3,COCO pothole category presence,unknown_capture_group,missing_capture_date,815504d2295f3c2d910cb41c4c5ea9eda6580ab89467fd1e7b3c69ff294e1d1d
vlcsnap-00066.jpg,Pothole,crack|pothole,2,COCO pothole category presence,unknown_capture_group,missing_capture_date,739e4ac7cde7a79a48769bfc304a0669af3defa619d7f5a381263a494ea98436
vlcsnap-00067.jpg,Pothole,crack|pothole,2,COCO pothole category presence,unknown_capture_group,missing_capture_date,b7cdea9780b62b568c493051c31f4a0640d1cd833a9dd59b60b1a6aee01cfe05
vlcsnap-00068.jpg,No_pothole,crack,1,COCO pothole category presence,unknown_capture_group,missing_capture_date,a53849ab0ce4b97746571a72adb7277566636de850223258baa9aeab9599edd9
vlcsnap-00069.jpg,No_pothole,manhole,1,COCO pothole category presence,unknown_capture_group,missing_capture_date,087ef43effd39f5e40bd022ab0414c11812be11755c11f59e0534bc95aa163dc
vlcsnap-00070.jpg,No_pothole,crack,1,COCO pothole category presence,unknown_capture_group,missing_capture_date,ab303295e178ed4aa13c156fe9f8f85eaf11cf19ce712c01587cd4cad9d4a0dc
vlcsnap-00071.jpg,No_pothole,crack|manhole,2,COCO pothole category presence,unknown_capture_group,missing_capture_date,ad06d1f79e1b59cff903e2f3cbf4484c96a94ccf7a7cbd985e8dce2ea787c6bc
vlcsnap-00072.jpg,No_pothole,crack,1,COCO pothole category presence,unknown_capture_group,missing_capture_date,dc45e443f328e3911921d558efa4a35dae71aaadc367ce61c75c529bf4a4fd05
vlcsnap-00073.jpg,No_pothole,crack|manhole,2,COCO pothole category presence,unknown_capture_group,missing_capture_date,6645d9b857a7fa19d8579f0b8ea1900486c9d83ae73492f552573e81471d62a3
vlcsnap-00074.jpg,Pothole,crack|manhole|pothole,4,COCO pothole category presence,unknown_capture_group,missing_capture_date,7203880c0c8db041a5e35bb03fa65c96f15ff95c9d365e281f1875d9495cf1a1
vlcsnap-00075.jpg,No_pothole,crack,1,COCO pothole category presence,unknown_capture_group,missing_capture_date,f02754002cab443845bf2917f8c314bdf704019bb8a25ad5a82fb663387794d5
vlcsnap-00076.jpg,Pothole,pothole,1,COCO pothole category presence,unknown_capture_group,missing_capture_date,e242ad48ed7b69dd4454705eca6a69ddea4ef0861ef8c1d2fc7dacb0336ddb26
vlcsnap-00077.jpg,Pothole,manhole|pothole,2,COCO pothole category presence,unknown_capture_group,missing_capture_date,2dcd0decf6f1fea4deb91b1d9f6d1feebc7b4ea82b36ff03aacf49fddaea542a
vlcsnap-00078.jpg,Pothole,manhole|pothole,2,COCO pothole category presence,unknown_capture_group,missing_capture_date,b1eed5bee6c05659916ae25cc7bac71503b2ef6ab3ab79b0e7416204d124583f
vlcsnap-00079.jpg,Pothole,manhole|pothole,2,COCO pothole category presence,unknown_capture_group,missing_capture_date,b957a41402a12588e2958992031249025b0c3ae2cd2a08ce0af894b83ef98492
vlcsnap-00080.jpg,Pothole,manhole|pothole,2,COCO pothole category presence,unknown_capture_group,missing_capture_date,8c72cf9bb5aeefc0f86f814f75c4b627ce28fed6a259a3f555d591f40671bafc
vlcsnap-00081.jpg,Pothole,manhole|pothole,2,COCO pothole category presence,unknown_capture_group,missing_capture_date,87be4055f0670a9fc74a19df165b472e302d20109c8d4237c832b91d3942df1e
vlcsnap-00082.jpg,Pothole,manhole|pothole,2,COCO pothole category presence,unknown_capture_group,missing_capture_date,79b716422f2c2b5713eaf41c951693b25cf2e807b941817a3a79896a110fe709
vlcsnap-00083.jpg,Pothole,manhole|pothole,2,COCO pothole category presence,unknown_capture_group,missing_capture_date,ccc6a1bdf3635b8054daf433df5651709efc517f4d37c832ad24ff47180f096d
vlcsnap-00085.jpg,Pothole,crack|manhole|pothole,3,COCO pothole category presence,unknown_capture_group,missing_capture_date,b881e78097e68e13b39937bd3582b503c356f5bcf9155d0deca852c0d452b7e1
vlcsnap-00086.jpg,No_pothole,crack|manhole,2,COCO pothole category presence,unknown_capture_group,missing_capture_date,2aafdac0c09a7b125912efddbc2eaaf01b6bd71719c45f8087cafe02847cf3cb
vlcsnap-00087.jpg,No_pothole,crack|manhole,3,COCO pothole category presence,unknown_capture_group,missing_capture_date,f918c454a519cc62dcc07854ee11e68414471265b654bf8fafdacef40eb8239d
vlcsnap-00088.jpg,No_pothole,manhole,1,COCO pothole category presence,unknown_capture_group,missing_capture_date,ee79a2862b50f117543f3acad94c5ce842ddcb90f9844ba9887df392a6681a31
vlcsnap-00089.jpg,No_pothole,crack|manhole,2,COCO pothole category presence,unknown_capture_group,missing_capture_date,1233300c64f6dc8cf4926bcb9b474049109f10975842c2e29813fb449e7bf25f
vlcsnap-00090.jpg,No_pothole,manhole,1,COCO pothole category presence,unknown_capture_group,missing_capture_date,74b82f9d4925c95f5770972aca7ad881901d608b537bee4536b81b2f3289c2e7
vlcsnap-00091.jpg,No_pothole,crack,2,COCO pothole category presence,unknown_capture_group,missing_capture_date,a9291805e99ffa4e08b016034c53b4094b813369547554c8905695064c5ab4eb
vlcsnap-00092.jpg,No_pothole,crack,1,COCO pothole category presence,unknown_capture_group,missing_capture_date,fde02001fe3d0a7e5ce5da225663f0f3737bea37a59f2389a1bae7ba815bac09
vlcsnap-00093.jpg,Pothole,crack|pothole,3,COCO pothole category presence,unknown_capture_group,missing_capture_date,09554620d7560398092b716bfc88aaf8732967d4c69fa607b8114756505acb45
vlcsnap-00094.jpg,Pothole,crack|pothole,5,COCO pothole category presence,unknown_capture_group,missing_capture_date,78d3de921687e62dd4c40db2d5212df77180a3d24226a0622cd0abb0107c69cb
vlcsnap-00095.jpg,Pothole,crack|pothole,3,COCO pothole category presence,unknown_capture_group,missing_capture_date,893f669600a32791c8de4ba5bef9fd791dfa921189f0da429860b64b81a9b353
vlcsnap-00096.jpg,No_pothole,crack,1,COCO pothole category presence,unknown_capture_group,missing_capture_date,302ab3519e035b6d2a9ca504a1ac63379662c4127797e8e76a92122fb9417132
vlcsnap-00097-MSI.jpg,No_pothole,crack,2,COCO pothole category presence,unknown_capture_group,missing_capture_date,5b3a36885f364cac5e65110032eaed1a77024898868d17435acc68154d40b697
vlcsnap-00097.jpg,No_pothole,crack,2,COCO pothole category presence,unknown_capture_group,missing_capture_date,836014f84c8288f090385bd62daa376c6e9b5f1fb83c5b69c6f25fe8c8096880
vlcsnap-00098.jpg,No_pothole,crack|manhole,4,COCO pothole category presence,unknown_capture_group,missing_capture_date,10a1261d645d463ddfd2a93ca9ffc55461c8143475a07ba2aefc0fb3a1e969fc
vlcsnap-00099.jpg,No_pothole,crack,2,COCO pothole category presence,unknown_capture_group,missing_capture_date,2daadbc1abef8cf6c640199eb2d46c6a84f426f46c43d2536156a02aa237b97b
vlcsnap-00100.jpg,No_pothole,crack,2,COCO pothole category presence,unknown_capture_group,missing_capture_date,4fa3e5c584ecfe1e8bf79b7ee24e6b710cad83124593304d83f6e6f9336f107e
vlcsnap-00101.jpg,No_pothole,crack|manhole,2,COCO pothole category presence,unknown_capture_group,missing_capture_date,d105fab880e580db165784ac41ec8f0690302edcbfa9e5ca3f3dd173cb531d66
vlcsnap-00102.jpg,Pothole,crack|pothole,3,COCO pothole category presence,unknown_capture_group,missing_capture_date,66b7bda22ddeb751cbc4ac5111f4d6b400ab764aaa2a46e9b22ae7638b67fec5
vlcsnap-00103.jpg,No_pothole,crack|manhole,4,COCO pothole category presence,unknown_capture_group,missing_capture_date,5842a90096f93025d329e4039d75155f5345f5ca841b6829f4c2c38b44c1dda7
vlcsnap-00104.jpg,No_pothole,crack|manhole,3,COCO pothole category presence,unknown_capture_group,missing_capture_date,72ef0ab61709ec89c698766db6c01cfabd34265634dd74dc8d2e81fd41a1d34f
vlcsnap-00105.jpg,No_pothole,crack|manhole,2,COCO pothole category presence,unknown_capture_group,missing_capture_date,47837013ec84962ef0a264c3e63fae6955f110836574717084d87cb20c4e3472
vlcsnap-00106.jpg,No_pothole,crack,2,COCO pothole category presence,unknown_capture_group,missing_capture_date,ddfae78c4b533e98735bee434b0df0f4d9ed50b6d5243a24173c087ea97885ef
vlcsnap-00107.jpg,No_pothole,crack|manhole,2,COCO pothole category presence,unknown_capture_group,missing_capture_date,f9ad68c5c1830748477048f8535903e2577292dbeaa47549a539f9b375e6342e
vlcsnap-00108.jpg,No_pothole,crack,1,COCO pothole category presence,unknown_capture_group,missing_capture_date,0725cb12e840ccc98a6f8c8afeea17c434cb3420c29b181170c8639c32705931
vlcsnap-00109.jpg,No_pothole,crack|manhole,3,COCO pothole category presence,unknown_capture_group,missing_capture_date,b5bea0f43f138bd8696d4f86375655c07690b4b9bed9caaf0c3fc43bf27905ea
vlcsnap-00110.jpg,No_pothole,crack,2,COCO pothole category presence,unknown_capture_group,missing_capture_date,2f46afaffda62dd12fe5bd1150e17e0c8136dec1e649970eb33917f77aeff40f
vlcsnap-00111.jpg,Pothole,crack|manhole|pothole,3,COCO pothole category presence,unknown_capture_group,missing_capture_date,5ee501fc35f1357407a2847485c90a0b689f33bcdb1185327b8565de2faa906b
vlcsnap-00112.jpg,Pothole,crack|pothole,3,COCO pothole category presence,unknown_capture_group,missing_capture_date,b732df5ae0ef9b018b8092559cdffa799f677c3a2d7ffd5952feb3d98f54fa20
vlcsnap-00113.jpg,Pothole,crack|pothole,4,COCO pothole category presence,unknown_capture_group,missing_capture_date,3829dc77c0fe8d916850d0ee75a1697a651f00a4d500a5216c0c5be05005b58a
vlcsnap-00114.jpg,No_pothole,crack,1,COCO pothole category presence,unknown_capture_group,missing_capture_date,54d8a9833e72098659aa2622da61edfb0284e2eb81a2aeca35ee00951d1155cd
vlcsnap-00115.jpg,No_pothole,crack|manhole,2,COCO pothole category presence,unknown_capture_group,missing_capture_date,3ca63762a7540f47612279bd72378170fb2a5ecf1d53c69bab391030668bf39f
vlcsnap-00116.jpg,No_pothole,crack,1,COCO pothole category presence,unknown_capture_group,missing_capture_date,0270bf3a4a704401275ef5fd089e2e42cf8d7686c58cc6d3c8071d07d5cf4974
vlcsnap-00117.jpg,No_pothole,crack,1,COCO pothole category presence,unknown_capture_group,missing_capture_date,46a216f72de14493563f749e9e8979c93f8ff629179b098fe2cb9818c6d5a2ea
vlcsnap-00118.jpg,Pothole,crack|pothole,2,COCO pothole category presence,unknown_capture_group,missing_capture_date,c4b338a62b384fbc8acc76b402222ffcfb6294962365405531eed74ac61529f1
vlcsnap-00119.jpg,No_pothole,crack|manhole,2,COCO pothole category presence,unknown_capture_group,missing_capture_date,fe142ce7117a63389d3eaf7aa88dd5e90ee58a6479e249faa5207d109429c458
vlcsnap-00120.jpg,Pothole,crack|pothole,3,COCO pothole category presence,unknown_capture_group,missing_capture_date,72d0fae33ac83d042683a26a0f9135d833f77cc3de08aa46b3b4e41b281efb26
vlcsnap-00121.jpg,Pothole,crack|pothole,2,COCO pothole category presence,unknown_capture_group,missing_capture_date,e7e3125c9416ac98d903a3ce72af1f1793bb52894309984da4a86a39996749b4
vlcsnap-00122.jpg,Pothole,crack|pothole,2,COCO pothole category presence,unknown_capture_group,missing_capture_date,625aecc910509998a6fc866bbbf7e701457e4de6cfdedb1a3aafb46ad94febf9
vlcsnap-00123.jpg,Pothole,crack|manhole|pothole,5,COCO pothole category presence,unknown_capture_group,missing_capture_date,74a27d46d40fed243aeac75db499d04b247a8c5e0f301b6eeb3062be9d633db5
vlcsnap-00124.jpg,No_pothole,crack,1,COCO pothole category presence,unknown_capture_group,missing_capture_date,56548b28d3ae8654c3cd78e8c99792a38fa3c009660c23c8fb7e102456ed13c4
vlcsnap-00125.jpg,Pothole,crack|pothole,2,COCO pothole category presence,unknown_capture_group,missing_capture_date,9587c15888d4c4e0bbc14105a5bdf5d35cb4df20f4c869e44184454d951a7ba3
vlcsnap-00126.jpg,No_pothole,crack,1,COCO pothole category presence,unknown_capture_group,missing_capture_date,6028c025bb9aaddf1ac4983971b671d6e63d69ba53675474482f5d674425b1de
vlcsnap-00127.jpg,No_pothole,manhole,2,COCO pothole category presence,unknown_capture_group,missing_capture_date,90531bd8be8ade80b14aaf748ba51b51ca9bb64c0e7f719378c7b95f1e6331c1
vlcsnap-00128.jpg,No_pothole,crack,1,COCO pothole category presence,unknown_capture_group,missing_capture_date,f732621973b3c732a57a68137d561bc3040d0e3204a32c969bd1ad03f566d297
vlcsnap-00129.jpg,Pothole,manhole|pothole,2,COCO pothole category presence,unknown_capture_group,missing_capture_date,40f8a21f2bdc3301a8c24955ac1a1da6c07e6fd0775db51302831c180e588bb2
vlcsnap-00130.jpg,No_pothole,manhole,2,COCO pothole category presence,unknown_capture_group,missing_capture_date,e44fb54ecedaaaac636ef4e74a2ee6bf905e21c5b49255990f1eeaaae36c476a
vlcsnap-00131.jpg,No_pothole,crack,1,COCO pothole category presence,unknown_capture_group,missing_capture_date,b4ce00d8acbbfa45ca9078cb49c9501abe1e05accefbb9508c12ce5c4e7719fc
vlcsnap-00132.jpg,Pothole,crack|manhole|pothole,3,COCO pothole category presence,unknown_capture_group,missing_capture_date,9e1a77324bd3ee3dfb95bf6f377c63402cb689aa15c9b85bf8028a1835439eb1
vlcsnap-00133.jpg,No_pothole,crack,1,COCO pothole category presence,unknown_capture_group,missing_capture_date,c89db3d2cb113b0342a9e5f6eaf925da0377901eac24655b81b53fc569a53b17
vlcsnap-00134.jpg,No_pothole,crack,1,COCO pothole category presence,unknown_capture_group,missing_capture_date,7f4e3b99287f303428fc470c9f306a8264bafe07a986d5cb8d1100c12f765aed
vlcsnap-00135.jpg,No_pothole,crack,1,COCO pothole category presence,unknown_capture_group,missing_capture_date,40079cb7267da4e7a262c0f7498b14eb029586bf91c2bd59b6303e3a9f14170a
vlcsnap-00136.jpg,No_pothole,crack,1,COCO pothole category presence,unknown_capture_group,missing_capture_date,913df5442c5f040630f7ecd874ade1782bdb2e0ed60bcecd621de578ab8ce56a
vlcsnap-00137.jpg,Pothole,crack|manhole|pothole,4,COCO pothole category presence,unknown_capture_group,missing_capture_date,6a5253d6e82efda6476b7a89e2a5c92b833e254f558b40644ce0fe156187d524
vlcsnap-00138.jpg,No_pothole,crack|manhole,3,COCO pothole category presence,unknown_capture_group,missing_capture_date,6649f524035632f25c88516a3fcecbf83ae75bbc06d6e34f8a1fc4f70a038c72
vlcsnap-00139.jpg,Pothole,crack|manhole|pothole,3,COCO pothole category presence,unknown_capture_group,missing_capture_date,37f096083c230c1f5da686942282ff298468f82c6e871c1d83e41371cb6fcef0
vlcsnap-00140.jpg,No_pothole,crack,1,COCO pothole category presence,unknown_capture_group,missing_capture_date,efafeac293cea7fa7ba4858996e4332575f79de87bdc628e76863a3bc115493b
vlcsnap-00141.jpg,No_pothole,manhole,1,COCO pothole category presence,unknown_capture_group,missing_capture_date,bea094af760df97ead829e1f4d6e19c52ec267e36f292b187d310d7c4a89ae51
vlcsnap-00142.jpg,No_pothole,crack,1,COCO pothole category presence,unknown_capture_group,missing_capture_date,bd87a4d50e40987d5d40bc17cb7472175293816c8d8c0c12f9d0ffef30397639
vlcsnap-00143.jpg,No_pothole,manhole,1,COCO pothole category presence,unknown_capture_group,missing_capture_date,efb420879566cc1c9ca79bb1f64f7e2f1f50364ff92342a0cc6979bd7e4a4839
vlcsnap-00144.jpg,No_pothole,crack,3,COCO pothole category presence,unknown_capture_group,missing_capture_date,3b4cd03d19278d8331d30e1b1d984bbca8b851231de99be06a1111f69935757e
vlcsnap-00145.jpg,No_pothole,manhole,1,COCO pothole category presence,unknown_capture_group,missing_capture_date,5291ea2fe5f48b4e53f57c15f9d9a9c01b2e505cac5fe9bd6ce372573d68dbff
vlcsnap-00146.jpg,Pothole,crack|pothole,4,COCO pothole category presence,unknown_capture_group,missing_capture_date,dfa0e4cb615f3cf3534274f540948b515aa5cab7775072a33ea908453151e7fd
vlcsnap-00147.jpg,No_pothole,crack,2,COCO pothole category presence,unknown_capture_group,missing_capture_date,c4b2dddb15d77fcec9dc7f1389a039eec570d6ba2048e445316c7b24921ac48c
vlcsnap-00148.jpg,No_pothole,crack,2,COCO pothole category presence,unknown_capture_group,missing_capture_date,b33a6f7f2f81ed4ba3c53245273cd3446b87d2ececea40f3a017d6467add0999
vlcsnap-00149.jpg,No_pothole,manhole,1,COCO pothole category presence,unknown_capture_group,missing_capture_date,edda1b77b2c58472a4536111cfdb33247ac95d26ace1b46dd7db59b84f01385b
vlcsnap-00150.jpg,No_pothole,crack,1,COCO pothole category presence,unknown_capture_group,missing_capture_date,52cc3d8a0237c4bc1bde9ccf1f6cf811fb3acbb1c0548444cd5c0c5ac3b921d0
vlcsnap-00151.jpg,No_pothole,crack,1,COCO pothole category presence,unknown_capture_group,missing_capture_date,eb93fc66e59666bf6e5120c12eaf778def01366bc6bb5315f4323cec242e8490
vlcsnap-00152.jpg,No_pothole,crack,1,COCO pothole category presence,unknown_capture_group,missing_capture_date,99052124b5838b249bb130c121a61e938d7777df52f2e70d1c672ef00e56a1f0
vlcsnap-00153.jpg,No_pothole,crack,1,COCO pothole category presence,unknown_capture_group,missing_capture_date,28a3cf614565b60c3cc2e83f9d837356049ec5fd2b949cef50e8dacb73b5bcff
vlcsnap-00154.jpg,No_pothole,crack,1,COCO pothole category presence,unknown_capture_group,missing_capture_date,fee3b4933536587c8c1a36e1e07c78550d6a48675065ece508dc97122f2802e1
vlcsnap-00155.jpg,No_pothole,crack,1,COCO pothole category presence,unknown_capture_group,missing_capture_date,11701d29a365039343f98bb5bf819b33e649f7b3e7d9a7117474567bbe9d75b4
vlcsnap-00156.jpg,No_pothole,crack,1,COCO pothole category presence,unknown_capture_group,missing_capture_date,eeedb05618440df71574f7e42322883552577329b8c7c938561160f0796cdaef
vlcsnap-00157.jpg,No_pothole,crack,1,COCO pothole category presence,unknown_capture_group,missing_capture_date,536a228a1d7b2ba6b74700392fd838ebe9a3fb49e2be1fd12e4dae5ef6f5c81c
vlcsnap-00158.jpg,Pothole,crack|pothole,2,COCO pothole category presence,unknown_capture_group,missing_capture_date,a9e47bc792ed2a3fbddc02edf599a3ceba26ea704ee7636bd2d15d7a8c9cbe89
vlcsnap-00159.jpg,No_pothole,crack,2,COCO pothole category presence,unknown_capture_group,missing_capture_date,d53fa6ebb133eb382f3cf4c1c777f5d4dedae68fa2b092c4cf9a6d815134d270
vlcsnap-00160.jpg,No_pothole,crack,2,COCO pothole category presence,unknown_capture_group,missing_capture_date,39ae99a53284794f50c4cd19a959dfffc1d99ad534d10461cfdc630c51e636c1
vlcsnap-00162.jpg,No_pothole,crack,1,COCO pothole category presence,unknown_capture_group,missing_capture_date,08a566878744bf2ec1198c465ab2eb8d651282db94e0a9a51251064cc045148e
vlcsnap-00163.jpg,No_pothole,crack,1,COCO pothole category presence,unknown_capture_group,missing_capture_date,03a0f88e947919d073aa022512c673a00d9f46535c599dac1e75c74bc11e4777
vlcsnap-00164.jpg,No_pothole,crack,2,COCO pothole category presence,unknown_capture_group,missing_capture_date,758b1d37e52a2d514dc3033df8c53a866056c8ad7546d0b0d7c43cffe90d6d29
vlcsnap-00165.jpg,Pothole,crack|pothole,4,COCO pothole category presence,unknown_capture_group,missing_capture_date,5a9aed0293c7c377a48cb2edd09e728dd725333ec11c4630a37197af5a57be98
vlcsnap-00166.jpg,No_pothole,crack,2,COCO pothole category presence,unknown_capture_group,missing_capture_date,3c9063689c7f28e02b3a4a9e6eee40f829aa62e8a94812f9f77863ea484b5dba
vlcsnap-00167.jpg,No_pothole,crack,4,COCO pothole category presence,unknown_capture_group,missing_capture_date,2f5ff080f2975ad3dd00682e00efaccf889542238c50b6f300b56f5a7bca5846
vlcsnap-00168.jpg,Pothole,crack|pothole,3,COCO pothole category presence,unknown_capture_group,missing_capture_date,5326775d47a7a3f4a310d8e3e757c6c240870cae492609ae0c347220d9233460
vlcsnap-00169.jpg,No_pothole,crack,1,COCO pothole category presence,unknown_capture_group,missing_capture_date,458dcea471cbc1c9cd26d39d7763e75fe697f44ceb6ceb82166f144e04e96cf3
vlcsnap-00170.jpg,Pothole,crack|pothole,3,COCO pothole category presence,unknown_capture_group,missing_capture_date,78eb5f867e6633754226e7426e47d544606ab321737299170f5a93f2d400a537
vlcsnap-00171.jpg,No_pothole,crack,2,COCO pothole category presence,unknown_capture_group,missing_capture_date,6cf1fe17228af14339b22779c0d026085abcae2464cb214203c8f23bc04c3435
vlcsnap-00172.jpg,Pothole,crack|pothole,5,COCO pothole category presence,unknown_capture_group,missing_capture_date,b5c2736492a1a4120e417209e2bf1e378a1a0f2ba3b1ab3ba811f3dbc82c7de5
vlcsnap-00173.jpg,Pothole,crack|pothole,4,COCO pothole category presence,unknown_capture_group,missing_capture_date,07d9250b1fc1d3f781270a099771b64b7ccfc3a5656e1b717d62e02f35bb8a19
vlcsnap-00174.jpg,Pothole,crack|pothole,3,COCO pothole category presence,unknown_capture_group,missing_capture_date,c43d4f242ae27226f8b93afd6c1e41b5baeaf601728b1b01a4d2c53e9c38d90c
vlcsnap-00175.jpg,Pothole,crack|pothole,2,COCO pothole category presence,unknown_capture_group,missing_capture_date,68aba01a66acdeb044be516462406764ed3d9e5fdcacdd313a81bc8a464fc46d
vlcsnap-00176.jpg,Pothole,crack|pothole,3,COCO pothole category presence,unknown_capture_group,missing_capture_date,556a822e42f197b9d02257a20ccb70338567230748b4f65ed8431c32df7d0ac3
vlcsnap-00177.jpg,No_pothole,crack|manhole,3,COCO pothole category presence,unknown_capture_group,missing_capture_date,f571261258bef1aad6bd4f45a429e12a3a69a8201ca33d58c8d6125fde51555f
vlcsnap-00178.jpg,No_pothole,crack,3,COCO pothole category presence,unknown_capture_group,missing_capture_date,4569dd3aeaa244a18755a936fe5c28072296de1ace064e76007be0251e18d245
vlcsnap-00179.jpg,Pothole,crack|pothole,3,COCO pothole category presence,unknown_capture_group,missing_capture_date,50c2dc38d4bed4b56e628042a6b8e63ef0fa99ef3077b614f3e405e18cafac66
vlcsnap-00180.jpg,No_pothole,crack,1,COCO pothole category presence,unknown_capture_group,missing_capture_date,8041cf6e8b61b1d228d8cc5a08974d44f122fba4ee8c2faa9ae5e45795285069
vlcsnap-00181.jpg,Pothole,crack|pothole,2,COCO pothole category presence,unknown_capture_group,missing_capture_date,85413aa09875102fc25efcb3a24643e8ceb94cfdace818d547a680030b478c3f
vlcsnap-00182.jpg,No_pothole,crack,4,COCO pothole category presence,unknown_capture_group,missing_capture_date,7231d954be076e7bd2d0b9d94a5663be5b8bb81fbceedcf5c55356d186d51d38
vlcsnap-00183.jpg,No_pothole,crack,2,COCO pothole category presence,unknown_capture_group,missing_capture_date,184afc697843b019acd65398ca6d412e84478954c8df69da22c5dba91cf334ef
vlcsnap-00184.jpg,No_pothole,crack,1,COCO pothole category presence,unknown_capture_group,missing_capture_date,05e85461a6b8d20ac4b7df3224b0a88439752ff72821b69e2611bd436c9edeed
vlcsnap-00185.jpg,No_pothole,crack,1,COCO pothole category presence,unknown_capture_group,missing_capture_date,945820f936427737cf1528cbf8c9230ac9a20a90b4b480fbb87e8ddbea9a011a
vlcsnap-00186.jpg,No_pothole,crack,1,COCO pothole category presence,unknown_capture_group,missing_capture_date,19c1a02c975c3ef63d3968da59d97c67144489c2e8a7f388da21c4175041101c
vlcsnap-00187.jpg,No_pothole,crack,2,COCO pothole category presence,unknown_capture_group,missing_capture_date,4278c41d53f39b498c4c37237429bdee47720fafdc6b632d0afaa8d1e8253a8a
vlcsnap-00188.jpg,No_pothole,crack,2,COCO pothole category presence,unknown_capture_group,missing_capture_date,fa0179800022699d71bd38396fd63199d4089e2beb7435491ee92a0654075a87
vlcsnap-00189.jpg,No_pothole,crack,1,COCO pothole category presence,unknown_capture_group,missing_capture_date,dead9ab297ea1f3079335752d39666aa8c1636acfd25d1f25990f23fca33317d
vlcsnap-00190.jpg,No_pothole,crack,1,COCO pothole category presence,unknown_capture_group,missing_capture_date,19c81262e94d7a2dec60a66ca2433953c8f4b31757670564ac5bea6091beea99
vlcsnap-00191.jpg,No_pothole,crack,1,COCO pothole category presence,unknown_capture_group,missing_capture_date,667390e263be55ab0757b1423e9e0c156da797e5bbc8e073f678b5367f75bf8c
vlcsnap-00192.jpg,No_pothole,crack,2,COCO pothole category presence,unknown_capture_group,missing_capture_date,efa1e5eaf434d2e5c00c933668b65643d458d57afa1365bcac1e33caa46c4fdb
vlcsnap-00193.jpg,No_pothole,crack,1,COCO pothole category presence,unknown_capture_group,missing_capture_date,335c7260e816aa855d269332d7e2a42355367323ad98f7c979fc206034c12e0d
vlcsnap-00194.jpg,Pothole,manhole|pothole,2,COCO pothole category presence,unknown_capture_group,missing_capture_date,5914b68b7f269f3be1bc5a87bdee77cf556af412a0e5989846111bd9b636e3fe
vlcsnap-00195.jpg,No_pothole,crack,2,COCO pothole category presence,unknown_capture_group,missing_capture_date,fc4719de5aa74dbad3ccc95b26e3bebf43c68dad92648b5449890a7d0d3b0a6d
vlcsnap-00196.jpg,Pothole,crack|pothole,3,COCO pothole category presence,unknown_capture_group,missing_capture_date,e5a79422742775e847b57644a3233a0b0add4b07fd256d186fd5e851bb6354fb
vlcsnap-00197.jpg,Pothole,crack|manhole|pothole,3,COCO pothole category presence,unknown_capture_group,missing_capture_date,5275dd26ca12e50d67dd9d51948b7fbeb6e0a9db2bcaddf85db3ac3bdfd86c5b
vlcsnap-00198.jpg,Pothole,manhole|pothole,2,COCO pothole category presence,unknown_capture_group,missing_capture_date,2f588d02dedbcf8fcca3244e1db8f470bd975890662baf0e0fa9c10c0e35d812
vlcsnap-00199.jpg,No_pothole,crack,2,COCO pothole category presence,unknown_capture_group,missing_capture_date,f2b271eac7c69c529c7f9ecb842d5e9ff5fd6f4d6ae649ca4bdbe33d2026fbc9
vlcsnap-00200.jpg,No_pothole,crack|manhole,2,COCO pothole category presence,unknown_capture_group,missing_capture_date,20e938159ae47e58dfdae4cea8466f4fbc7ec3470fd888e28dcb0a47988ebd38
vlcsnap-00201.jpg,No_pothole,crack|manhole,2,COCO pothole category presence,unknown_capture_group,missing_capture_date,773648503a7e599bfc371c3d2240123e06e534c897da3d6270624f0280db412c
vlcsnap-00202.jpg,No_pothole,manhole,1,COCO pothole category presence,unknown_capture_group,missing_capture_date,3c8822be6eefc68c21b2efd3066e632810207e1d17703c4dda6f95c3b65d55c8
vlcsnap-00203.jpg,No_pothole,crack,1,COCO pothole category presence,unknown_capture_group,missing_capture_date,1270eb526fae03423656533653f18b77d085da74cddcbe0f79e9b4f36adc8157
vlcsnap-00204.jpg,No_pothole,manhole,1,COCO pothole category presence,unknown_capture_group,missing_capture_date,3f1e1131ccba0350d38cf1e43d85bfc6b9c6b85050b7786b34398918bf790eec
vlcsnap-00205.jpg,No_pothole,crack,2,COCO pothole category presence,unknown_capture_group,missing_capture_date,a9eec5c12625928287ae438cd37ddc607b70e6111c76543cc762010d3d4640fa
vlcsnap-00206.jpg,No_pothole,manhole,1,COCO pothole category presence,unknown_capture_group,missing_capture_date,83da53fdb69b6e60b03503fcf3f6f05d5dc1eb8deef649d8ce719beb9b59bdfb
vlcsnap-00207.jpg,No_pothole,crack,1,COCO pothole category presence,unknown_capture_group,missing_capture_date,376b20f901f36af9742e448c3b1a77a2170d6b7d97aa2b4edc0e2bdf90bbccf0
vlcsnap-00208.jpg,No_pothole,crack,1,COCO pothole category presence,unknown_capture_group,missing_capture_date,52195c08f31dd3d40b3da5c22db30a05b4d2ad2696bd81dec0fba4a5d60fe48d
vlcsnap-00209.jpg,No_pothole,crack|manhole,2,COCO pothole category presence,unknown_capture_group,missing_capture_date,1fd712ee36d2f2636b706ac5ad1d1b302ed2654883f7ba2886b732dd49d0307f
vlcsnap-00210.jpg,Pothole,pothole,2,COCO pothole category presence,unknown_capture_group,missing_capture_date,13b30f5ebb91cd5a344e752f81659b04e17103579a5d897ae49cdc191e09a934
vlcsnap-00211.jpg,Pothole,crack|pothole,2,COCO pothole category presence,unknown_capture_group,missing_capture_date,f4cb63416b6baba7f785c7fac81f25ab0d7f3555a4ad169534b60f50ce4ab255
vlcsnap-00212.jpg,Pothole,manhole|pothole,3,COCO pothole category presence,unknown_capture_group,missing_capture_date,30b4c2f2978527f69423b7eb0e109a18a9bad40c3cdc998c89c245ad5965da9d
vlcsnap-00213.jpg,No_pothole,crack|manhole,3,COCO pothole category presence,unknown_capture_group,missing_capture_date,c389bf37c0334857fa6f91758161375f9b634c4f26191e088e2871b937b4307c
vlcsnap-00214.jpg,No_pothole,manhole,1,COCO pothole category presence,unknown_capture_group,missing_capture_date,95d2e88c56c9c27a49dc49e9a02355c0a101b8b45974a8601ce00b3ac04fb854
vlcsnap-2025-02-18-17h01m16s802.jpg,Pothole,crack|pothole,4,COCO pothole category presence,20250218,filename_capture_date,5c5044d8325eee70090f2dac5ed2b9768c7253590b256bdd2adc67ffe28a726b
vlcsnap-2025-02-18-17h01m19s628.jpg,Pothole,crack|pothole,3,COCO pothole category presence,20250218,filename_capture_date,f36c91420d924be52ad5ef42ef50242258a00b6c5052485f1eaea65419fb9b53
vlcsnap-2025-02-18-17h01m26s641.jpg,Pothole,crack|manhole|pothole,3,COCO pothole category presence,20250218,filename_capture_date,4353a556d2d408617a6aa04331325071e78904d6f93204f3be9a645d64647864
vlcsnap-2025-02-18-17h01m30s056.jpg,Pothole,crack|manhole|pothole,3,COCO pothole category presence,20250218,filename_capture_date,670ae2adf075b21c805341bb758c02854e427906c35e53ddc4f7d9fc138316bf
vlcsnap-2025-02-18-17h01m32s441.jpg,Pothole,crack|manhole|pothole,4,COCO pothole category presence,20250218,filename_capture_date,3ce42f87a4e1569272e5835cb9af050c1f8d05e2b51dccb2b00b8510321d7456
vlcsnap-2025-02-18-17h01m34s533.jpg,Pothole,crack|pothole,5,COCO pothole category presence,20250218,filename_capture_date,2a96718c1cf8ba84c38b308f9111519f60d72d67e726fc59350f269624b0d255
vlcsnap-2025-02-18-17h01m36s608.jpg,Pothole,crack|pothole,3,COCO pothole category presence,20250218,filename_capture_date,2fd392ab929fc545cbc41dd5942a141f0b216d7d8c5110a521812349cffdeeef
vlcsnap-2025-02-18-17h01m38s325.jpg,Pothole,crack|pothole,3,COCO pothole category presence,20250218,filename_capture_date,4825b78219176240625fc963d25bcf1af4c078cd64d185e6776ecaa5ff602c3f
vlcsnap-2025-02-18-17h01m48s245.jpg,No_pothole,crack,2,COCO pothole category presence,20250218,filename_capture_date,755e6dbafdfd4044555d3eaf3ced812b44bcf0bb49b564844c71daade54d945b
vlcsnap-2025-02-18-17h01m51s484.jpg,No_pothole,crack,2,COCO pothole category presence,20250218,filename_capture_date,3d94d8c9687978bb715bf632cbecf468892ca6f0a4d83d2ccfb4e545bcd47511
vlcsnap-2025-02-18-17h01m53s564.jpg,No_pothole,crack,1,COCO pothole category presence,20250218,filename_capture_date,3bbbc4c5d75f73063601531330d5d9bec16b68a3f62376f371db853b1268b81c
vlcsnap-2025-02-18-17h01m57s278.jpg,No_pothole,crack,1,COCO pothole category presence,20250218,filename_capture_date,3fd800fb12e33d16f401f96cad17493f07c17ae7a93716b96fc2db5082456116
vlcsnap-2025-02-18-17h01m59s496.jpg,No_pothole,crack,1,COCO pothole category presence,20250218,filename_capture_date,12d2d8b48231182766559259751490d0766c16737189e0b07d4bb6da02bb8bc0
vlcsnap-2025-02-18-17h02m01s598.jpg,No_pothole,crack,1,COCO pothole category presence,20250218,filename_capture_date,57dd37cb288af00d87a239ac38c113d51f958122cb12d98919d4005beb387766
vlcsnap-2025-02-18-17h02m05s303.jpg,No_pothole,crack,1,COCO pothole category presence,20250218,filename_capture_date,351d16593fc4aaa02b738292b782f7a3e317b2e4877f96ce93cb991465e26627
vlcsnap-2025-02-18-17h02m07s200.jpg,No_pothole,crack,1,COCO pothole category presence,20250218,filename_capture_date,c06a6232bd75233b6d8122db8b399cc55b5d12f0614ea4968fc83f1ac7bcec95
vlcsnap-2025-02-18-17h02m17s009.jpg,Pothole,pothole,3,COCO pothole category presence,20250218,filename_capture_date,90b914c8bcc946113b2779b9a330b76cafe4421a173ba50711d0bb58c68d92d4
vlcsnap-2025-02-18-17h02m18s342.jpg,Pothole,pothole,3,COCO pothole category presence,20250218,filename_capture_date,596640a7de125eac52625833f30b7ad15803bb50a5ca1f7dbf1c4ae734189099
vlcsnap-2025-02-18-17h02m19s484.jpg,Pothole,pothole,3,COCO pothole category presence,20250218,filename_capture_date,0277eae9bcd43ef9126c9edb6c36081a870e0b7d2962e3a02bef008e880e039d
vlcsnap-2025-02-18-17h02m20s958.jpg,Pothole,pothole,3,COCO pothole category presence,20250218,filename_capture_date,b29e40e099d3ba23ad9ff8bb3714bc5313461ee3144b69d9e8b3228d12842660
vlcsnap-2025-02-18-17h02m23s142.jpg,Pothole,pothole,3,COCO pothole category presence,20250218,filename_capture_date,becf6e3770e5565a8c85ec0e467707914e5513f111e29fb678c6858668794f6c
vlcsnap-2025-02-18-17h02m25s053.jpg,Pothole,pothole,3,COCO pothole category presence,20250218,filename_capture_date,3f4a79be87d4febe8b5f7b96f1b6c0e2c1619f1cac300399d158e202a276e9e8
vlcsnap-2025-02-18-17h02m26s898.jpg,Pothole,pothole,4,COCO pothole category presence,20250218,filename_capture_date,2410c03710e44738ba925b06959f452867de9ecca6677a1c5f094c318c3a2866
vlcsnap-2025-02-18-17h02m28s619.jpg,Pothole,crack|pothole,5,COCO pothole category presence,20250218,filename_capture_date,ac9ed65a051bd09acac874d216bf38f874308e4100e46255b74c55a08804cafb
vlcsnap-2025-02-18-17h02m34s894.jpg,Pothole,crack|pothole,3,COCO pothole category presence,20250218,filename_capture_date,30e42dd20f54459838cf2d33974c7bf2ef40efa24414f62d94a0aacb023dde90
vlcsnap-2025-02-18-17h02m44s073.jpg,Pothole,crack|pothole,2,COCO pothole category presence,20250218,filename_capture_date,a9e9f9d8fe7bd296f9550454db907f00e4cd6ec699879ff9b1f1f1c6828b52f0
vlcsnap-2025-02-18-17h02m46s063.jpg,Pothole,crack|pothole,2,COCO pothole category presence,20250218,filename_capture_date,e94c4841f367b6545e4f780ef75d332f7c5e1c17a16165ee0265cc1b445ceaf6
vlcsnap-2025-02-18-17h02m47s744.jpg,Pothole,crack|pothole,4,COCO pothole category presence,20250218,filename_capture_date,bdd624dd19d8e906360bdf4bb44e33a66320f1e1540f812196b2ba9fe48e5d5e
vlcsnap-2025-02-18-17h02m49s318.jpg,Pothole,crack|pothole,3,COCO pothole category presence,20250218,filename_capture_date,a9085d2bf6cff5fee2c641b45d7c397b6c0fb27bdf069c10adaf572fb1c29273
vlcsnap-2025-02-18-17h02m51s819.jpg,Pothole,pothole,2,COCO pothole category presence,20250218,filename_capture_date,0e4d1d3e29e8cabb24bd4587ba97e43446f459fea4338afd92470dbfe7b960e1
vlcsnap-2025-02-18-17h02m56s214.jpg,No_pothole,crack,2,COCO pothole category presence,20250218,filename_capture_date,522f6df124b734096386705fa6268d675e06d6f393c2532035be6d2bb4c03cc3
vlcsnap-2025-02-18-17h02m58s718.jpg,No_pothole,crack,3,COCO pothole category presence,20250218,filename_capture_date,0c43b31a8ada00826901e47d332356879b76d4094b2a53ba10e52bdc0f34a024
vlcsnap-2025-02-18-17h03m00s440.jpg,Pothole,crack|pothole,3,COCO pothole category presence,20250218,filename_capture_date,53943e0e2c6aa893d4b4b9ffde4c8b87b682a77b706a7cba145ec7276cb7226a
vlcsnap-2025-02-18-17h03m01s844.jpg,Pothole,crack|pothole,5,COCO pothole category presence,20250218,filename_capture_date,d64f795911f2a51c0712f5f1eb92eb895b0d6b28ceb62699bfff4b6aff75a9cf
vlcsnap-2025-02-18-17h03m03s515.jpg,Pothole,crack|pothole,3,COCO pothole category presence,20250218,filename_capture_date,8ce0f47c26766acffaefdddffd70a39aad475b1fb8b498553dad6f4e3de4e45d
vlcsnap-2025-02-18-17h03m05s668.jpg,Pothole,crack|pothole,3,COCO pothole category presence,20250218,filename_capture_date,7d589af12722288242d8feedee940992131b856e322e981e07f80b62d622e1c7
vlcsnap-2025-02-18-17h03m22s323.jpg,No_pothole,crack,2,COCO pothole category presence,20250218,filename_capture_date,4ec4782aff77a44b653e8447db067f15d13c5fc9e77f7dab9b07cbfd80d3fbf6
vlcsnap-2025-02-18-17h03m24s155.jpg,No_pothole,crack,2,COCO pothole category presence,20250218,filename_capture_date,19cd16d2712d926f738f0ba83698283ca25a33fbf14966bc083d35d082c4ea3a
vlcsnap-2025-02-18-17h03m26s001.jpg,No_pothole,crack,1,COCO pothole category presence,20250218,filename_capture_date,0858fc22c040c817dca4a20724b79563d93230294f28d48e85d82f5fdafa3b3b
vlcsnap-2025-02-18-17h03m33s067.jpg,No_pothole,crack,2,COCO pothole category presence,20250218,filename_capture_date,568b8e3ca8bcaf0c0b978ae028138ac3334884a7ff827d01a97d9600fd0a3041
vlcsnap-2025-02-18-17h03m35s035.jpg,No_pothole,crack,3,COCO pothole category presence,20250218,filename_capture_date,a94af4915064b69e5dc184fb7bf57fcaf63c3b30bb77c7c44d323014bd1d5337
vlcsnap-2025-02-18-17h03m38s802.jpg,No_pothole,crack,3,COCO pothole category presence,20250218,filename_capture_date,7815991d3fcbf7b712c01ce53e3efa8d6519242168486c98cc1a79067e7d5767
vlcsnap-2025-02-18-17h03m41s574.jpg,Pothole,crack|pothole,5,COCO pothole category presence,20250218,filename_capture_date,03d0d10504382f37c91ad2b572c2c82e3eac552d97bfa88419420922fb2dd51f
vlcsnap-2025-02-18-17h03m43s523.jpg,Pothole,crack|pothole,6,COCO pothole category presence,20250218,filename_capture_date,9a26f403464ca5177a86df783af35d2247733af5742043045920ab6073f31932
vlcsnap-2025-02-18-17h03m44s860.jpg,Pothole,crack|pothole,2,COCO pothole category presence,20250218,filename_capture_date,679ced4a12d6f6b2d7018ca398844322cd05f196c044a1fb4f58832891fd8faa
vlcsnap-2025-02-18-17h03m47s890.jpg,Pothole,crack|pothole,5,COCO pothole category presence,20250218,filename_capture_date,83c775adbce93790e9170e27d03e83c8ff0e6070873463c80ba19038ba73bf57
vlcsnap-2025-02-18-17h03m54s730.jpg,No_pothole,crack,3,COCO pothole category presence,20250218,filename_capture_date,682f4dd8ce17d09f210bf284f6ae8bbb97f2f38f064685b52892ecda1f9eb7d8
vlcsnap-2025-02-18-17h03m57s474.jpg,No_pothole,crack,5,COCO pothole category presence,20250218,filename_capture_date,e5e90c58c1f67374e6c0729eef7b7e1a77cd664ce0a27058c7a7951a5415084d
vlcsnap-2025-02-18-17h04m00s307.jpg,No_pothole,crack,3,COCO pothole category presence,20250218,filename_capture_date,4a01b728859d6f86cdb223aec68068ba46ca3cc55fd20667ddfadfa49d1e0708
vlcsnap-2025-02-18-17h04m11s173.jpg,Pothole,crack|pothole,3,COCO pothole category presence,20250218,filename_capture_date,7eb547a17c112a5c97c102fd90b96212acf83ac31f38cafeeb61235ad86093fc
vlcsnap-2025-02-18-17h04m14s457.jpg,Pothole,crack|pothole,6,COCO pothole category presence,20250218,filename_capture_date,03d0d10504382f37c91ad2b572c2c82e3eac552d97bfa88419420922fb2dd51f
vlcsnap-2025-02-18-17h04m16s176.jpg,Pothole,crack|pothole,4,COCO pothole category presence,20250218,filename_capture_date,59a9f6ae5d05e9554f55402bfc66a86469fd96f27041d1a85d8093c9e83facb8
vlcsnap-2025-02-18-17h04m19s949.jpg,Pothole,crack|pothole,5,COCO pothole category presence,20250218,filename_capture_date,b94e15833d8d87ac1d10e907de234cb62cf9a91bcff78de056c88859b66264b4
vlcsnap-2025-02-18-17h04m29s066.jpg,No_pothole,crack,1,COCO pothole category presence,20250218,filename_capture_date,514e0ce0a6201ca5f82f2676dfb142ebf6b51103eb418eda24c0a35712dbedc2
vlcsnap-2025-02-18-17h04m32s301.jpg,No_pothole,crack,3,COCO pothole category presence,20250218,filename_capture_date,8a8977a57b45b5063dc8efbe5a7023015390b47ccb9f64c7e5a073dfe0b3d816
vlcsnap-2025-02-18-17h04m34s902.jpg,No_pothole,crack,1,COCO pothole category presence,20250218,filename_capture_date,a96ba217ff2bc659813a9015c68d1b7636da1bfe2d579427d56489a2a6b3700a
vlcsnap-2025-02-18-17h04m38s614.jpg,Pothole,pothole,2,COCO pothole category presence,20250218,filename_capture_date,6af4fc189612ac07dcee5c818dab2f5d44e49aca532855bd7ce605f9742e87e7
vlcsnap-2025-02-18-17h04m44s587.jpg,No_pothole,crack,2,COCO pothole category presence,20250218,filename_capture_date,cbc7ccd2b5678bfdbba88c025b88654299949062ff9badab4fb6d2a1f09c34f9
vlcsnap-2025-02-18-17h04m45s733.jpg,No_pothole,crack,3,COCO pothole category presence,20250218,filename_capture_date,4c6f3118d2723d6702864decbcca574e6511a14a999070da513c49349c8717c1
vlcsnap-2025-02-18-17h04m50s312.jpg,No_pothole,crack,3,COCO pothole category presence,20250218,filename_capture_date,97f692c795b6d1d0dc755fbf7dc7a84b8e4da2aa3b9c6d6d3189c03838edcd82
vlcsnap-2025-02-18-17h04m52s353.jpg,No_pothole,crack,2,COCO pothole category presence,20250218,filename_capture_date,019dcd8c17f4695b4d2c371b87b414f6b754759dd86aabc606e969f5273e65e3
vlcsnap-2025-02-18-17h04m54s778.jpg,No_pothole,crack,1,COCO pothole category presence,20250218,filename_capture_date,a5d8301578718a1f2ef7c21fce326edb8d158874d2ffe4e65a0476d1e64f0664
vlcsnap-2025-02-18-17h05m03s303.jpg,No_pothole,crack,2,COCO pothole category presence,20250218,filename_capture_date,d1b3e9f4be03075fcbffe4682a0c3e6c32bd7a7d2ce4fd575e7b81ba636517f5
vlcsnap-2025-02-18-17h05m06s728.jpg,No_pothole,crack,2,COCO pothole category presence,20250218,filename_capture_date,da00024e43ccbba65fa714641c685097fec0e9eda9126c62b461623d1112d48b
vlcsnap-2025-02-18-17h05m09s029.jpg,No_pothole,crack,5,COCO pothole category presence,20250218,filename_capture_date,aa81bbb47b5107e90df1ca3bfb6b6369ce95610bdafcc3c3a7f37c8139d572df
vlcsnap-2025-02-18-17h05m15s149.jpg,No_pothole,crack,6,COCO pothole category presence,20250218,filename_capture_date,6e33df3a846680ac6d8625e8d554881e0410e77e58a207bd8acd8709d605ce09
vlcsnap-2025-02-18-17h05m19s801.jpg,No_pothole,crack,6,COCO pothole category presence,20250218,filename_capture_date,42b39a9ed8792c87580fce8f118a473559db829d359d5d38e13b10e2dfc924f4
vlcsnap-2025-02-18-17h05m21s401.jpg,No_pothole,crack,2,COCO pothole category presence,20250218,filename_capture_date,a7d623f3ac994532c35c4238e6d61d8e3543747d6d7a3891182535eb7eb06eb8
vlcsnap-2025-02-18-17h05m23s006.jpg,No_pothole,crack,2,COCO pothole category presence,20250218,filename_capture_date,17a3af1b91892417a3e5b241f93208abff7893b3635dab3a95d06489351b2676
vlcsnap-2025-02-18-17h05m24s398.jpg,No_pothole,crack,4,COCO pothole category presence,20250218,filename_capture_date,1dffd4fddad5d6ccc28c1f8258153cec207752d22dc947acbed09c367db730a2
vlcsnap-2025-02-18-17h05m25s811.jpg,No_pothole,crack,3,COCO pothole category presence,20250218,filename_capture_date,46b3ecd966fe201ef1068af507318fb92970dbb02ca8f272ab2f9c371d009fa2
vlcsnap-2025-02-18-17h05m27s118.jpg,No_pothole,crack,4,COCO pothole category presence,20250218,filename_capture_date,cceb979dd692e195e15bf2d1efa980022a3ae802bef9e1d90243cda07d7368b0
vlcsnap-2025-02-18-17h05m32s345.jpg,Pothole,crack|pothole,6,COCO pothole category presence,20250218,filename_capture_date,8d617342f507bb7753471ae722be24d2149633ced2bb884dd04f8d12088d6472
vlcsnap-2025-02-18-17h05m34s226.jpg,No_pothole,crack,2,COCO pothole category presence,20250218,filename_capture_date,7c3d2b76e6636e13996464fa0a51a38a36b3d5b8ff52fcdb330c99db14eb7f68
vlcsnap-2025-02-18-17h05m36s438.jpg,Pothole,crack|pothole,4,COCO pothole category presence,20250218,filename_capture_date,997fd0b0eaae359353ea69c1bc02f3840bea66744009ee992a90b1b494251f8d
vlcsnap-2025-02-18-17h05m38s437.jpg,No_pothole,crack,5,COCO pothole category presence,20250218,filename_capture_date,0074ddd78dc17138b17c9cee10021db7bc4801ff9044dd7afc0b8f27805505ce
vlcsnap-2025-02-18-17h05m41s195.jpg,No_pothole,crack,3,COCO pothole category presence,20250218,filename_capture_date,48f5484f1923385d872ff423d667be8462a385811ed3d354e80e0268debbf121
vlcsnap-2025-02-18-17h05m43s813.jpg,No_pothole,crack,2,COCO pothole category presence,20250218,filename_capture_date,36edd6c18bfae9c2954a60c48f948880eb21a2edd569033bc2d734b3a5dddbe2
vlcsnap-2025-02-18-17h05m45s656.jpg,No_pothole,crack,4,COCO pothole category presence,20250218,filename_capture_date,32bb8e8cace64483c25285d7e6aecadab6c5800f77cf2c7b4ac7c9dc86dec248
vlcsnap-2025-02-18-17h05m47s256.jpg,No_pothole,crack,3,COCO pothole category presence,20250218,filename_capture_date,69e79f3541c8bab8626c8ea1b42e27148e084acd00ba1e776a7d8d25db3e2563
vlcsnap-2025-02-18-17h05m59s410.jpg,No_pothole,crack|manhole,3,COCO pothole category presence,20250218,filename_capture_date,92c8035d59c18a8349e923fc6bf482ff70d42eaeadf4e1066a477cbc829f0bbe
vlcsnap-2025-02-18-17h06m01s508.jpg,No_pothole,crack|manhole,3,COCO pothole category presence,20250218,filename_capture_date,028b11be2347a5b04be0ee5eb73ad73c4ab375d07144b50747f4ef4ddb6945eb
vlcsnap-2025-02-18-17h06m02s504.jpg,No_pothole,crack|manhole,2,COCO pothole category presence,20250218,filename_capture_date,fe5186b136c7720c8c0cf40387230c782c85c8a3fc91b226061b26c07ec766a5
vlcsnap-2025-02-18-17h06m03s630.jpg,No_pothole,crack|manhole,2,COCO pothole category presence,20250218,filename_capture_date,63fafcc3462ec6a41f9600f891196fdbd7a052873f78b3dcc9d921f89d7a6c62
vlcsnap-2025-02-18-17h06m07s036.jpg,No_pothole,crack|manhole,2,COCO pothole category presence,20250218,filename_capture_date,8b6accc9bdb786044c1f2001ef14f0039454fdbb049f72bddefcd6b0b37d9e8c
vlcsnap-2025-02-18-17h06m08s662.jpg,No_pothole,crack|manhole,2,COCO pothole category presence,20250218,filename_capture_date,79aec30ae610b42df0304135c25e7e2642a3507a11cb47eb8aad297fa0a2c021
vlcsnap-2025-02-18-17h06m09s837.jpg,No_pothole,crack|manhole,4,COCO pothole category presence,20250218,filename_capture_date,1a0b51df260bd149792e75e614e8c661d700dc54ed7008ba77d997a12307978b
vlcsnap-2025-02-18-17h06m14s692.jpg,No_pothole,crack|manhole,2,COCO pothole category presence,20250218,filename_capture_date,2e658544f063db308bde41843b1f116eeeeacc86e5c5e0c7e91d6cfe7515aced
vlcsnap-2025-02-18-17h06m16s069.jpg,No_pothole,crack|manhole,2,COCO pothole category presence,20250218,filename_capture_date,d7a384f7206db51365422ed57a5c9a17dd69d16f87ff1844dc2655008f727b43
vlcsnap-2025-02-18-17h06m17s642.jpg,No_pothole,crack|manhole,2,COCO pothole category presence,20250218,filename_capture_date,38f253da7c1dc4986b32a87c76cbef89ffed496581e18f6480126125e1a6ad02
vlcsnap-2025-02-18-17h06m19s865.jpg,No_pothole,crack|manhole,3,COCO pothole category presence,20250218,filename_capture_date,030ebf8b4d9e136d3a8b655c4dd24433ed728bbec03730432bd0ddcea517a6be
vlcsnap-2025-02-18-17h06m22s641.jpg,No_pothole,crack,1,COCO pothole category presence,20250218,filename_capture_date,0f9e35e48ca72d827a7bad77e873d3c7ed44439efca7bdba37d23f2541eedc4b
vlcsnap-2025-02-18-17h06m27s551.jpg,No_pothole,crack,2,COCO pothole category presence,20250218,filename_capture_date,3e16144207ae9f7cd9572909bcf8f7fcf507dfb4c255adce0f29c5cf34dad5b5
vlcsnap-2025-02-18-17h06m28s723.jpg,No_pothole,crack,2,COCO pothole category presence,20250218,filename_capture_date,7d3d427138b64bf64a52ad0ca797c1a269f95f824854bda67d3e5b953877ad5a
vlcsnap-2025-02-18-17h06m30s085.jpg,No_pothole,crack,1,COCO pothole category presence,20250218,filename_capture_date,9ee32be938c33baf7585bb4592c45779bd259ca54f26d497bb90e8741309e5b1
vlcsnap-2025-02-18-17h10m25s907.jpg,No_pothole,crack,1,COCO pothole category presence,20250218,filename_capture_date,853a599515b94dd2b552949632c3cec4ff154c3a97af7ed938831b0eeb1e41cc
vlcsnap-2025-02-18-17h10m28s875.jpg,No_pothole,manhole,1,COCO pothole category presence,20250218,filename_capture_date,d9ef23d959ee3085e1dfe461469f8a7047c73d0f78a3ad1aef52233da5fef7d9
vlcsnap-2025-02-18-17h10m30s786.jpg,No_pothole,manhole,2,COCO pothole category presence,20250218,filename_capture_date,41f126e02a494aff4d290d465b90c4333b5b58c52c1fba172b13fb80907248bb
vlcsnap-2025-02-18-17h10m32s587.jpg,Pothole,manhole|pothole,3,COCO pothole category presence,20250218,filename_capture_date,f841a21eff6805c213f92288bdc53c3691e72e015e7f0b490bcb3e1e5d8df50d
vlcsnap-2025-02-18-17h10m35s079.jpg,No_pothole,crack|manhole,3,COCO pothole category presence,20250218,filename_capture_date,d6350dd93269852ed659478d07291ba610000c43c07e11b8e73130c5fb52f3a7
vlcsnap-2025-02-18-17h10m38s913.jpg,No_pothole,crack|manhole,2,COCO pothole category presence,20250218,filename_capture_date,5315609bf8756541523ab4f81935cb0ba6230b7a120763ceca8f652d1f46c748
vlcsnap-2025-02-18-17h10m40s716.jpg,No_pothole,crack|manhole,2,COCO pothole category presence,20250218,filename_capture_date,b5d5020a76a9e247ce973d640b41ff1950ca134b8e35ec38af3b018f9eef9548
vlcsnap-2025-02-18-17h10m43s359.jpg,No_pothole,crack|manhole,2,COCO pothole category presence,20250218,filename_capture_date,709a0b467251ba458fae343ad49e73ad0840e3696df3108f746e51bb18224aa2
vlcsnap-2025-02-18-17h10m46s191.jpg,No_pothole,manhole,2,COCO pothole category presence,20250218,filename_capture_date,b04daaaa2482f7c833d51760ed1f32aa1ba9f9c0ce982ee1b79c2b0f57a51ce6
vlcsnap-2025-02-18-17h10m47s400.jpg,No_pothole,manhole,2,COCO pothole category presence,20250218,filename_capture_date,c755f026b8aa41d127cddbe0618a2847c2d40c68a5b1c6cc69941e0c0e14cf2b
vlcsnap-2025-02-18-17h10m48s997.jpg,No_pothole,manhole,2,COCO pothole category presence,20250218,filename_capture_date,f6d636a57010004b155d5609b7ae2d5fb27e18ab7d6f3776fbee6516ab09deca
vlcsnap-2025-02-18-17h10m55s165.jpg,No_pothole,crack,2,COCO pothole category presence,20250218,filename_capture_date,ebf24602a6f44cda589c192ed54126654586213a6bee7d883c35365dfc4dd9d1
vlcsnap-2025-02-18-17h10m56s572.jpg,No_pothole,crack|manhole,2,COCO pothole category presence,20250218,filename_capture_date,895ee7d3c274ecd87a432ab94a535f3c60956c0fe5bd8444dcb9fde099adde20
vlcsnap-2025-02-18-17h10m58s171.jpg,No_pothole,crack|manhole,2,COCO pothole category presence,20250218,filename_capture_date,aa7a2d8132a2ddf05bd0305463fcb3e2da9d0bb30ea4bb61505e06ef57a47c8d
vlcsnap-2025-02-18-17h10m59s358.jpg,No_pothole,manhole,1,COCO pothole category presence,20250218,filename_capture_date,8d6e02513ed281537283b48e876b234dbcfbafceef84f53cfd6cc06389637da1
vlcsnap-2025-02-18-17h11m07s691.jpg,No_pothole,manhole,1,COCO pothole category presence,20250218,filename_capture_date,4fdf281a9aada6046c51bc855e2b395cffe14e08222a0464872ddf44a6aa4dde
vlcsnap-2025-02-18-17h11m10s498.jpg,No_pothole,crack,2,COCO pothole category presence,20250218,filename_capture_date,38a4ff7e894774d4cda5670108e34ed2c8bff2ef033c30702a12cd6e9786be36
vlcsnap-2025-02-18-17h11m12s783.jpg,No_pothole,manhole,1,COCO pothole category presence,20250218,filename_capture_date,e63a1925490e10b8e31ce948e3df161d69a6a81849503cd0896f3e7fbcb9ac29
vlcsnap-2025-02-18-17h11m14s421.jpg,No_pothole,manhole,1,COCO pothole category presence,20250218,filename_capture_date,92631b4b126dcf2beb9effeb21a6e6e375207da835de188c45f79626142d03b3
vlcsnap-2025-02-18-17h11m20s218.jpg,Pothole,crack|manhole|pothole,4,COCO pothole category presence,20250218,filename_capture_date,76f4fb71f0f2dc1bdeede909b677051b65aca1adb0310f32e3df887dd19c31ad
vlcsnap-2025-02-18-17h11m22s054.jpg,Pothole,crack|manhole|pothole,6,COCO pothole category presence,20250218,filename_capture_date,7275728e6aa0725aca410377dfa6f4b54de8c6252c179a05a698d463eb0fa3b8
vlcsnap-2025-02-18-17h11m23s453.jpg,Pothole,crack|manhole|pothole,7,COCO pothole category presence,20250218,filename_capture_date,8de5db7ef42d469627f5e3cdb9af56c61dd5b8f7d243aff408ecdab52a2dad7f
vlcsnap-2025-02-18-17h11m24s642.jpg,Pothole,crack|manhole|pothole,7,COCO pothole category presence,20250218,filename_capture_date,1ae069927387e460d8e753306e034f52972274d67a526b170898d9660fdef7b1
vlcsnap-2025-02-18-17h11m25s878.jpg,Pothole,crack|pothole,7,COCO pothole category presence,20250218,filename_capture_date,00df5f85463703efe83481e8a9036b35a91f3127724bb8572e5e9eb591161d3a
vlcsnap-2025-02-18-17h11m27s866.jpg,No_pothole,crack,6,COCO pothole category presence,20250218,filename_capture_date,266b82ab68d1018e42d4af3b6bba149a1ce1b9b2ae19a72061ca5dcfe15a85c3
vlcsnap-2025-02-18-17h11m29s874.jpg,No_pothole,crack|manhole,6,COCO pothole category presence,20250218,filename_capture_date,accac3683e0c727e8aead0d799f7439876c39e050b9db0bd799c9a74b5b5d42a
vlcsnap-2025-02-18-17h11m31s430.jpg,Pothole,crack|pothole,5,COCO pothole category presence,20250218,filename_capture_date,c7d18623b5829be9a10dbaf5b7aef4e92d1e4824e3ba8955658b6517d3c95365
vlcsnap-2025-02-18-17h11m33s057.jpg,No_pothole,crack,4,COCO pothole category presence,20250218,filename_capture_date,bcd06486de99723eb62204d64df5673a0ca6c4281df4c7f1aed4053f502d8cb7
vlcsnap-2025-02-18-17h11m34s646.jpg,No_pothole,crack|manhole,4,COCO pothole category presence,20250218,filename_capture_date,8f19305ad449991b5407db1f760466cf2cfaa54d8eae2c64bb5ad728876e9242
vlcsnap-2025-02-18-18h30m17s408.jpg,No_pothole,crack|manhole,5,COCO pothole category presence,20250218,filename_capture_date,8f19305ad449991b5407db1f760466cf2cfaa54d8eae2c64bb5ad728876e9242
vlcsnap-2025-02-18-18h30m20s293.jpg,Pothole,crack|manhole|pothole,6,COCO pothole category presence,20250218,filename_capture_date,68fa36dddb56d549d185459dc622c2a77017bfc299ae8713f5d611ee49093366
vlcsnap-2025-02-18-18h30m22s081.jpg,Pothole,crack|manhole|pothole,6,COCO pothole category presence,20250218,filename_capture_date,274a85c78dc5c6d174fe9e137f69a78ac451164d8cd853309edb2f6fca1bcd2a
vlcsnap-2025-02-18-18h30m24s122.jpg,Pothole,crack|manhole|pothole,9,COCO pothole category presence,20250218,filename_capture_date,b75ff1065084e96d1a35082b5a26b40e964f9025ed8ec1ca0bd8970fd2250f1a
vlcsnap-2025-02-18-18h30m25s530.jpg,No_pothole,crack|manhole,5,COCO pothole category presence,20250218,filename_capture_date,6678f94532c8306d3eeb88694cea2a2f4c73835e769ddcf2e8c49283ef0c29c2
vlcsnap-2025-02-18-18h30m26s925.jpg,No_pothole,crack|manhole,4,COCO pothole category presence,20250218,filename_capture_date,0bbec7aaeeae1b42bbe2e77a11cb630dfd8064d64547c9ff91dcfa21e3e583e6
vlcsnap-2025-02-18-18h30m28s260.jpg,No_pothole,crack|manhole,2,COCO pothole category presence,20250218,filename_capture_date,e799dac09989c68b5d0ce568913e1d4852a58a0388d6da66d83c602cce9c532f
vlcsnap-2025-02-18-18h30m32s079.jpg,No_pothole,crack,1,COCO pothole category presence,20250218,filename_capture_date,221e6b324e7fe5814637cb2efa04b3106371c518255af9d0f15faa3ba8d54dbc
vlcsnap-2025-02-18-18h30m33s080.jpg,No_pothole,crack,1,COCO pothole category presence,20250218,filename_capture_date,11d3b41b8c07c836898c9fbc15eca5199dfcbabb99348c17bf0ff8320a29ba41
vlcsnap-2025-02-18-18h30m34s270.jpg,No_pothole,crack,1,COCO pothole category presence,20250218,filename_capture_date,9fbda3b80676a82de1465be25884a54e8195bc5cf4489937da1dbb29767971f3
vlcsnap-2025-02-18-18h30m38s489.jpg,No_pothole,crack,4,COCO pothole category presence,20250218,filename_capture_date,3ce7afe148c2ca63c39a2bb66a216ce1d8abd1129c114d17015b8bf30b487fae
vlcsnap-2025-02-18-18h30m39s702.jpg,No_pothole,crack,3,COCO pothole category presence,20250218,filename_capture_date,3bcda8e034d2c40452e37d3a598803f8f7b8f6a0a24cf69ae8f17847970d5de7
vlcsnap-2025-02-18-18h30m41s172.jpg,No_pothole,crack,2,COCO pothole category presence,20250218,filename_capture_date,1a6a012a93c001480d2d75f071c0b143ad23f0661bda73770b3d2f55e3314f76
vlcsnap-2025-02-18-18h30m42s967.jpg,No_pothole,crack,3,COCO pothole category presence,20250218,filename_capture_date,3b2e88bf8bf8dab365000061c72368e8f7773bbf752a5823f8a8ec17c4625154
vlcsnap-2025-02-18-18h30m44s711.jpg,No_pothole,crack,2,COCO pothole category presence,20250218,filename_capture_date,3fbcf82124c2c77254a876008dcca1d7e00cec0775cf32d40426282902137f2d
vlcsnap-2025-02-18-18h30m46s221.jpg,No_pothole,crack,3,COCO pothole category presence,20250218,filename_capture_date,8287ec0521500510b3063171b7b5335e4520114ffe9b0735b91f3613341b57a2
vlcsnap-2025-02-18-18h30m47s360.jpg,No_pothole,crack,3,COCO pothole category presence,20250218,filename_capture_date,570462154dc582deb16b70fdb4ec847033760421811ed5e65cace6c4d5eecc6a
vlcsnap-2025-02-18-18h30m48s626.jpg,No_pothole,crack,1,COCO pothole category presence,20250218,filename_capture_date,2e9e917a3f14a3c6da8dd357511599a2200389d1e1f5d049bdbfb85ec20f6e5f
vlcsnap-2025-02-18-18h30m49s913.jpg,Pothole,crack|pothole,2,COCO pothole category presence,20250218,filename_capture_date,d0fd8710d7f00d05da4e4586e0cc9921e4cf1004ac75203fa93c0d536102d50c
vlcsnap-2025-02-18-18h30m58s172.jpg,No_pothole,crack|manhole,2,COCO pothole category presence,20250218,filename_capture_date,7a43620977f3b644de3c7a4c4d9607dc17eb35a3eeee4ec6d4ec305ee8ebd758
vlcsnap-2025-02-18-18h30m59s960.jpg,No_pothole,crack|manhole,2,COCO pothole category presence,20250218,filename_capture_date,7132ec8d00d32aeaf6cd47db71b375a7ca79e7a9320ab09b62018f3b72afccaf
vlcsnap-2025-02-18-18h31m01s136.jpg,No_pothole,crack|manhole,2,COCO pothole category presence,20250218,filename_capture_date,8c41757a3b01cf3280c37c6077da35c61e7a5b0cba8d09e8fdaa54aaeec3be51
vlcsnap-2025-02-18-18h31m02s378.jpg,No_pothole,crack|manhole,2,COCO pothole category presence,20250218,filename_capture_date,cf8c3dcbf4f36b3811bb1557647a860d5c7a7e84a97798e4558397d4a3f6b841
vlcsnap-2025-02-18-18h31m04s291.jpg,No_pothole,manhole,1,COCO pothole category presence,20250218,filename_capture_date,9e401cedb02ee18341adc23b46cc95f2c9534ba53a9aac3f0d42ffa3d959fd54
vlcsnap-2025-02-18-18h31m05s922.jpg,No_pothole,manhole,1,COCO pothole category presence,20250218,filename_capture_date,0585c1f3e7893e54aae3c95f609f8b89f5ed8244aa964230d39d53201c363c4b
vlcsnap-2025-02-18-18h31m07s376.jpg,Pothole,manhole|pothole,3,COCO pothole category presence,20250218,filename_capture_date,587c4b5a47ebe6be4dcc5ab91de66b51f98d0abac04901256c9dae79258a3b1a
vlcsnap-2025-02-18-18h31m12s392.jpg,Pothole,manhole|pothole,2,COCO pothole category presence,20250218,filename_capture_date,e06bb5c97ea3440e5157440210d9a56ba791086a2b5df67fcdcaec0efeb209d5
vlcsnap-2025-02-18-18h31m27s921.jpg,No_pothole,crack,1,COCO pothole category presence,20250218,filename_capture_date,cbb8b303c131cdc6def452ac00b4ad0cd839b7cbc4f7e78681d95c5915963daa
vlcsnap-2025-02-18-18h31m28s979.jpg,No_pothole,crack,1,COCO pothole category presence,20250218,filename_capture_date,ce7c87cdab66bde0f148ef97753e17824edc82e792a2d690a1a6cdd6e6204889
vlcsnap-2025-02-18-18h31m30s340.jpg,No_pothole,crack,1,COCO pothole category presence,20250218,filename_capture_date,6781efe9f6e0578a4d2b4c5fd20a76a86ba507dcb47ef9dafe13a677be3d94eb
vlcsnap-2025-02-18-18h31m35s101.jpg,No_pothole,crack,1,COCO pothole category presence,20250218,filename_capture_date,b1de00121ea2e86aa3c93af8145df12db0c4d0933f19e55389c8e0c5a8bbd99c
vlcsnap-2025-02-18-18h31m39s328.jpg,No_pothole,crack,1,COCO pothole category presence,20250218,filename_capture_date,032e635be2da50b911e975b232e10cfbf05405f568c808453379f67e5bea96bb
vlcsnap-2025-02-18-18h31m57s343.jpg,No_pothole,crack,1,COCO pothole category presence,20250218,filename_capture_date,c128171ee3becaad16b09deeb1e5bd5e21c11e4ef6a77b6dc3edf4cf5c62f7dd
vlcsnap-2025-02-18-18h31m58s673.jpg,No_pothole,crack,2,COCO pothole category presence,20250218,filename_capture_date,db2456d3f8c124e058d468ce0aba2ced84a76700420232705d0628d8706a91f0
vlcsnap-2025-02-18-18h32m01s424.jpg,No_pothole,crack,1,COCO pothole category presence,20250218,filename_capture_date,f1bd12cd238747a719bc60b1ac7471829bd7feac1d7d20166d80bb3aae152df9
vlcsnap-2025-02-18-18h32m03s074.jpg,No_pothole,crack|manhole,2,COCO pothole category presence,20250218,filename_capture_date,782681ed2eba2d979087ac1a1a2de81dbb2e7ec078dabfa184599e4c62482fe6
vlcsnap-2025-02-18-18h32m04s510.jpg,No_pothole,crack|manhole,3,COCO pothole category presence,20250218,filename_capture_date,40879087b63af3179a3d87e542679ec5258e26168ba8735daadfc82a00a90c5c
vlcsnap-2025-02-18-18h32m05s986.jpg,No_pothole,crack|manhole,3,COCO pothole category presence,20250218,filename_capture_date,148ca200a629cd3e0731d7365962f9d1835b78a7eaf33cfd8bf137ad9ebf0afe
vlcsnap-2025-02-18-18h32m07s734.jpg,No_pothole,manhole,1,COCO pothole category presence,20250218,filename_capture_date,9c79348fe3a32dc2c8f69190584e7848c083a7dcef23f0b89664ca7f78474769
vlcsnap-2025-02-18-18h32m09s795.jpg,No_pothole,crack|manhole,2,COCO pothole category presence,20250218,filename_capture_date,f4ae477bdc85968efa29158531c36e6c9a73a40517050963319a692910a2c8b2
vlcsnap-2025-02-18-18h32m11s526.jpg,No_pothole,crack|manhole,3,COCO pothole category presence,20250218,filename_capture_date,4a6c62cebcf910ef8eb59449648198a9ee3e9235c04a70b7ae6457fbdcb8d9d8
vlcsnap-2025-02-18-18h32m12s999.jpg,Pothole,crack|manhole|pothole,4,COCO pothole category presence,20250218,filename_capture_date,1469e2ecf666beabadc4361ca4b8268c3aa63958a06cef3448c7da7b96ee9592
vlcsnap-2025-02-18-18h32m14s311.jpg,No_pothole,manhole,2,COCO pothole category presence,20250218,filename_capture_date,504a0868381068fa4d3aab0feb914db6dae0b8970309b0185bf41c5a7a3029cc
vlcsnap-2025-02-18-18h32m15s452.jpg,No_pothole,manhole,2,COCO pothole category presence,20250218,filename_capture_date,04ee0c18901a038e6dde6ce70556e353ac2803d019e203dc1024ae227868cf14
vlcsnap-2025-02-18-18h32m20s009.jpg,No_pothole,crack,5,COCO pothole category presence,20250218,filename_capture_date,f3d12377f2e11aabbfd99023c4eb11261cf812be4f2d98d371e33b30a8aff0e6
vlcsnap-2025-02-18-18h32m22s087.jpg,No_pothole,crack,4,COCO pothole category presence,20250218,filename_capture_date,6c38489a8576b907a8ace029b4e87a89831270bb60801526a08adf743816540d
vlcsnap-2025-02-18-18h32m23s312.jpg,No_pothole,crack|manhole,4,COCO pothole category presence,20250218,filename_capture_date,5bf4c1cb53b639996e0da86e055cf3e9f293991a4bccba852cd2521834194bf5
vlcsnap-2025-02-18-18h32m24s533.jpg,No_pothole,crack|manhole,6,COCO pothole category presence,20250218,filename_capture_date,2e68411da4e481068ed1c6f21a15f2e13f3f3f1fc4c5d75c61c03ef4f25ce987
vlcsnap-2025-02-18-18h32m25s979.jpg,No_pothole,crack|manhole,8,COCO pothole category presence,20250218,filename_capture_date,d812af2059c6afda25f452293e84dbec1a1b9f9cc495427ab8057abe200d2879
vlcsnap-2025-02-18-18h32m27s822.jpg,No_pothole,crack|manhole,5,COCO pothole category presence,20250218,filename_capture_date,72fa886a0083dee08fdb9c1659093fe05f2a8f92098a424122bdda9269ad8db9
vlcsnap-2025-02-18-18h32m29s091.jpg,Pothole,crack|manhole|pothole,6,COCO pothole category presence,20250218,filename_capture_date,a464dfafc9fe92bcf8e9ac618563e2ba1d0d62762cf8445d4ae197d07b427590
vlcsnap-2025-02-18-18h32m30s860.jpg,No_pothole,crack|manhole,5,COCO pothole category presence,20250218,filename_capture_date,167e4cf8de497f1f8f82fdb50afdf92cecd6d929342bdc5060d8e5cc7f9259d3
vlcsnap-2025-02-18-18h32m34s457.jpg,No_pothole,crack,4,COCO pothole category presence,20250218,filename_capture_date,947fbac13b961df6e6d8d3123f8045f5f78e980a2f49d66a55720b69cc794f90
vlcsnap-2025-02-18-18h32m35s761.jpg,Pothole,crack|pothole,6,COCO pothole category presence,20250218,filename_capture_date,333159e70873d449504578e4b2b6e7599fafca2b53f3f0411c67ad1339382035
vlcsnap-2025-02-18-18h32m38s603.jpg,Pothole,crack|pothole,4,COCO pothole category presence,20250218,filename_capture_date,84fca7dd8fb71e647630d92df4ffb1f9857c4769e78b15fb691ddeb706721d7e
vlcsnap-2025-02-18-18h32m40s189.jpg,Pothole,crack|pothole,3,COCO pothole category presence,20250218,filename_capture_date,b8cb9901c39745dace549e60f76a1db38a8053edec1f292c934053e7a0138764
vlcsnap-2025-02-18-18h32m41s732.jpg,Pothole,crack|pothole,3,COCO pothole category presence,20250218,filename_capture_date,b7511d0a0a332b66641ec7a67123d78ee76fb09585b24fcf35ec7083ce645c04
vlcsnap-2025-02-18-18h32m43s729.jpg,Pothole,crack|pothole,5,COCO pothole category presence,20250218,filename_capture_date,099ea7db9baf2d53b9ee233915e87fe388124d27bbe10f92e2176918c2cd8334
vlcsnap-2025-02-18-18h32m45s434.jpg,Pothole,crack|pothole,2,COCO pothole category presence,20250218,filename_capture_date,50aafb37cb3c8b30ad6726fe5f1f525f0356732f77cd34d35d6dc1e799764e4c
vlcsnap-2025-02-18-18h32m46s944.jpg,Pothole,crack|pothole,3,COCO pothole category presence,20250218,filename_capture_date,c0c07a0ade3009b7b4a31d61e14354d4db8319e3870235918854c7806916c734
vlcsnap-2025-02-18-18h32m48s578.jpg,No_pothole,crack,1,COCO pothole category presence,20250218,filename_capture_date,8ef0362d2e88d94d21cc8600ef17f4495d375a05068578166629f0a8d283daa8
vlcsnap-2025-02-18-18h32m50s443.jpg,No_pothole,crack,1,COCO pothole category presence,20250218,filename_capture_date,8e2c0df7a45399458cca42e7d37930284453f38023a80ce93036c1de37a13045
vlcsnap-2025-02-18-18h32m52s770.jpg,No_pothole,crack|manhole,3,COCO pothole category presence,20250218,filename_capture_date,749ff678b4209243bb9d6e9d2326f85a1e76259478b6351ecb7ee33d0c84d353
vlcsnap-2025-02-18-18h32m55s044.jpg,No_pothole,crack|manhole,4,COCO pothole category presence,20250218,filename_capture_date,2222558977503a9e0c372b6485233b2ec951215a4b39ab73688e14aa2c4b6017
vlcsnap-2025-02-18-18h32m56s495.jpg,No_pothole,crack|manhole,3,COCO pothole category presence,20250218,filename_capture_date,60cb37d355e9dfc1c35498f649c09258844e8da46e68160b8f1879dcc1af58ad
vlcsnap-2025-02-18-18h32m57s772.jpg,No_pothole,crack|manhole,3,COCO pothole category presence,20250218,filename_capture_date,a3eb31031634c6c04066bedca7903ffef293ef97d2729be3b0b00fe9e0e44647
vlcsnap-2025-02-18-18h33m02s295.jpg,Pothole,crack|pothole,2,COCO pothole category presence,20250218,filename_capture_date,bd7de92bb22b68c4013e7a0f369dd099536ea4cd9341088aceb7f46ec77a4275
vlcsnap-2025-02-18-18h33m03s568.jpg,Pothole,crack|pothole,2,COCO pothole category presence,20250218,filename_capture_date,ffd8ed03f6c2b4e9dd9e74d410faed627a59a51de79bac45dab95c461f068f4f
vlcsnap-2025-02-18-18h33m05s266.jpg,No_pothole,crack,2,COCO pothole category presence,20250218,filename_capture_date,117b7221f39b96c5c838743709f0d2bca995babbe7132fdfb0e24183bd0d32e8
vlcsnap-2025-02-18-18h33m06s501.jpg,No_pothole,crack,1,COCO pothole category presence,20250218,filename_capture_date,68c91d64dec53f51a86d57605b0fe3b946bb48f8a730ef36d724df7ac0608a40
vlcsnap-2025-02-18-18h33m08s042.jpg,No_pothole,crack,4,COCO pothole category presence,20250218,filename_capture_date,19da593aebc731dc73f6c809ca5cae665eb27942ba49d6c9c710464ff16a7161
vlcsnap-2025-02-18-18h33m09s423.jpg,No_pothole,manhole,1,COCO pothole category presence,20250218,filename_capture_date,904294e0a36d87f9e033b0850fe43051797ac7946f8a8dac54e0e2cc734669de
vlcsnap-2025-02-18-18h33m10s611.jpg,Pothole,manhole|pothole,2,COCO pothole category presence,20250218,filename_capture_date,db168c32dcc1f25be2c640e707424fc85738e506bb55cce984227bc0b89d84ef
vlcsnap-2025-02-18-18h33m11s843.jpg,Pothole,crack|manhole|pothole,3,COCO pothole category presence,20250218,filename_capture_date,f7f7971ee733952140de6ff9fd5344221e84b0df3428aca7397cbb760e24c0e4
vlcsnap-2025-02-18-18h33m13s011.jpg,Pothole,crack|pothole,2,COCO pothole category presence,20250218,filename_capture_date,2e2dfecc32e7b5b2176912da36e5d3c479dec3354835030b4f0f60ca31e0f029
vlcsnap-2025-02-18-18h33m14s420.jpg,Pothole,pothole,1,COCO pothole category presence,20250218,filename_capture_date,86ef060df51a0094103614d85e72bcbe4f788a43e8e8e5d4ae880e70c47e432e
vlcsnap-2025-02-18-18h33m15s549.jpg,Pothole,pothole,1,COCO pothole category presence,20250218,filename_capture_date,11106d08e051b799236e91c6544063b08564a764f94f2a13a5fd0b63b5aa9156
vlcsnap-2025-02-18-18h33m19s047.jpg,No_pothole,crack,1,COCO pothole category presence,20250218,filename_capture_date,5c812cb1d05aa3e8fe486f807168d74d0ca2ecab782f186829963fba70a98da1
vlcsnap-2025-02-18-18h33m28s423.jpg,No_pothole,crack,1,COCO pothole category presence,20250218,filename_capture_date,2f967488bbe57f368cdaa4beb27866d665cacb2575a20a993274dc377e2749da
vlcsnap-2025-02-18-18h33m29s587.jpg,No_pothole,crack,4,COCO pothole category presence,20250218,filename_capture_date,a15483689b233658fbbd3562f91a096dfcdb3aea281eef0da7e2abb65e00653b
vlcsnap-2025-02-18-18h33m30s632.jpg,Pothole,crack|pothole,3,COCO pothole category presence,20250218,filename_capture_date,1365abb009d35440244fc586a0baf61ae7839b3d576318789f48ec7cc00b8e37
vlcsnap-2025-02-18-18h33m32s561.jpg,No_pothole,crack,3,COCO pothole category presence,20250218,filename_capture_date,e553e2a177b5e2816adec3fa9921a611d55e745918d6120e1dba17ca5e0aa9c9
vlcsnap-2025-02-18-18h33m33s896.jpg,No_pothole,crack|manhole,3,COCO pothole category presence,20250218,filename_capture_date,4ca20f2e3d03e599cbbb738f4922d74c4305f4b43923eec08b9944b5c23346b6
vlcsnap-2025-02-18-18h33m34s959.jpg,No_pothole,crack|manhole,2,COCO pothole category presence,20250218,filename_capture_date,de40beba064d32e215fad1f327175831490c3a6a3bf7b38705e23047c611e274
vlcsnap-2025-02-18-18h33m35s972.jpg,No_pothole,crack|manhole,3,COCO pothole category presence,20250218,filename_capture_date,28dd0f8ecbea6497d5f7ed80a69cccf82bd53be9ed4d537987faa226682b7612
vlcsnap-2025-02-18-18h33m37s340.jpg,No_pothole,crack|manhole,4,COCO pothole category presence,20250218,filename_capture_date,880248b12a12d85730acebcbc734d0073b4c820da47962684f8ed039c241b4e9
vlcsnap-2025-02-18-18h33m39s642.jpg,No_pothole,crack,1,COCO pothole category presence,20250218,filename_capture_date,7272307da678477c98a9469d25ffde332129b081fc08404afc8ceb77639d4dbd
vlcsnap-2025-02-18-18h33m40s988.jpg,No_pothole,crack,1,COCO pothole category presence,20250218,filename_capture_date,e3da7a945d6bc63b1c5061f3cd987419b1968ae2dfc6992214f593cc7695c153
vlcsnap-2025-02-18-18h33m42s285.jpg,Pothole,crack|pothole,2,COCO pothole category presence,20250218,filename_capture_date,c06aed44a871f2cf141466bbea24c34aa1f2b1e281eddf6d6c86b8a87b1b0f4a
vlcsnap-2025-02-18-18h33m43s419.jpg,Pothole,crack|pothole,2,COCO pothole category presence,20250218,filename_capture_date,b5ed0345ab5105ee1d974d1b000b872317e1b572a18ba650c751a8de26e58a2e
vlcsnap-2025-02-18-18h33m44s511.jpg,Pothole,crack|manhole|pothole,3,COCO pothole category presence,20250218,filename_capture_date,8d6b1d3cf3b522073861ff7f4d378a09dfc07d9e9d3d97346a4a7128f68537a8
vlcsnap-2025-02-18-18h33m45s570.jpg,Pothole,crack|manhole|pothole,4,COCO pothole category presence,20250218,filename_capture_date,40c9f5bc931a776513d62fb9037bd09c3c5589c9bb634e5888c9214da5989906
vlcsnap-2025-02-18-18h35m39s859.jpg,No_pothole,crack,1,COCO pothole category presence,20250218,filename_capture_date,04216ca6988149425a2c7f68d19ff9ad27a66c6d3c53fead320219053f4581df
vlcsnap-2025-02-18-18h35m41s926.jpg,No_pothole,crack,2,COCO pothole category presence,20250218,filename_capture_date,46194adac3c9268fdb8586226c24773702fc01530668f2283f4cd1e96893e23b
vlcsnap-2025-02-18-18h35m43s212.jpg,No_pothole,crack,1,COCO pothole category presence,20250218,filename_capture_date,848ddb872d653e382ba952e01698610a966c380ea42e1246c1e2cb05d04da7a5
vlcsnap-2025-02-18-18h35m44s671.jpg,No_pothole,crack,1,COCO pothole category presence,20250218,filename_capture_date,97d4770d9c36349798ecfd245766e7e4bfe5a30d4befbcace65a2aa5e4772e6d
vlcsnap-2025-02-18-18h35m45s790.jpg,No_pothole,crack,3,COCO pothole category presence,20250218,filename_capture_date,be3f90f28f636063a65016348829c33c42ed970b232e02aa4f16a92885659c0a
vlcsnap-2025-02-18-18h35m46s956.jpg,No_pothole,crack,3,COCO pothole category presence,20250218,filename_capture_date,48c7c541d42a310a163ddd851bb8f890d41367975f4756d6ab6ea7b42d2fea58
vlcsnap-2025-02-18-18h35m48s739.jpg,No_pothole,crack,4,COCO pothole category presence,20250218,filename_capture_date,55effc39f4820e32b758ea77da435174c99dd23d49ba0567178eb93ff8fb8eb3
vlcsnap-2025-02-18-18h35m50s697.jpg,No_pothole,crack|manhole,6,COCO pothole category presence,20250218,filename_capture_date,c98bbf037f5ebc26e61896619eb78ee7fb12daf3f3feecada7c09087b88c58cc
vlcsnap-2025-02-18-18h35m52s235.jpg,No_pothole,crack|manhole,4,COCO pothole category presence,20250218,filename_capture_date,b06d09d1336e9ce52c27ad9e14100123b766297439395037478f3d898934d0da
vlcsnap-2025-02-18-18h35m53s406.jpg,No_pothole,crack|manhole,3,COCO pothole category presence,20250218,filename_capture_date,8311080c6f876d63eb4d39a6bb613fb4361422c92021041faab476e2a23311ef
vlcsnap-2025-02-18-18h35m54s666.jpg,No_pothole,crack|manhole,4,COCO pothole category presence,20250218,filename_capture_date,8d1351a80ea990fba28436f5403a22cab16242a31aeddb54785f0c409331051a
vlcsnap-2025-02-18-18h36m00s225.jpg,No_pothole,crack,1,COCO pothole category presence,20250218,filename_capture_date,0ebcb802aacf5ba4768942086b2f0b47a1baa79965cbf266eae3ae19500b8386
vlcsnap-2025-02-18-18h36m01s579.jpg,No_pothole,crack,1,COCO pothole category presence,20250218,filename_capture_date,0517399339fd7be417e5c76faf3a86d3d22d7d2fe52295be150e6ed87ebc6a12
vlcsnap-2025-02-18-18h36m04s163.jpg,No_pothole,crack,1,COCO pothole category presence,20250218,filename_capture_date,04aac850efcea981720c59e21a53fb64be83a0891a3ce35560491f5526f10e1e
vlcsnap-2025-02-18-18h36m05s347.jpg,No_pothole,crack,4,COCO pothole category presence,20250218,filename_capture_date,5593db63c80568a7c16392a06ba5052f6c1fbb5cc45cea0e0f65da8366ed5f5f
vlcsnap-2025-02-18-18h36m06s732.jpg,No_pothole,crack,4,COCO pothole category presence,20250218,filename_capture_date,77d3b46ac32da923d57f765d008be8e44ede98d27ec8d709b9178237608ee5ef
vlcsnap-2025-02-18-18h36m08s054.jpg,No_pothole,crack,3,COCO pothole category presence,20250218,filename_capture_date,6d59aa885a2f8162ccaa9ed8ec8a2527c3d4f1e438688a7c2ff71c0f8119d8c5
vlcsnap-2025-02-18-18h36m09s361.jpg,Pothole,crack|pothole,5,COCO pothole category presence,20250218,filename_capture_date,546f573c94ebf89f9d013f24d44522ad58e9d178c778d7cbec3551f74070782e
vlcsnap-2025-02-18-18h36m10s641.jpg,Pothole,crack|pothole,4,COCO pothole category presence,20250218,filename_capture_date,f0a2cbcda4ec20c9c41e0d1d2b3e0452b238bb9421f74990c11c44b2d1384c70
vlcsnap-2025-02-18-18h36m11s989.jpg,Pothole,crack|pothole,3,COCO pothole category presence,20250218,filename_capture_date,5964ae358e16986afd9db966ac02d8dccbcc23890f5f5b943aba440e6e6f2ea5
vlcsnap-2025-02-18-18h36m13s453.jpg,No_pothole,crack,2,COCO pothole category presence,20250218,filename_capture_date,08411fb64e746abc374e68427357abf6516c612b2b87a79821b28aaf6e30d724
vlcsnap-2025-02-18-18h36m32s090.jpg,No_pothole,crack,1,COCO pothole category presence,20250218,filename_capture_date,97dac162a0663b5035246c50ef7f20591e1426418f9e118095f2fd1a5ffaaaba
vlcsnap-2025-02-18-18h36m33s926.jpg,No_pothole,crack,1,COCO pothole category presence,20250218,filename_capture_date,0455dac58ac3a1fa925df3153d161118bd0af58deb45962f3f60cd512e7b2015
vlcsnap-2025-02-18-18h36m36s724.jpg,Pothole,crack|pothole,2,COCO pothole category presence,20250218,filename_capture_date,9253ce9ed359cdd0a4e42ca0adb2da1482127e8acbd6dcf900fe216176fbdef0
vlcsnap-2025-02-18-18h36m38s179.jpg,No_pothole,crack,2,COCO pothole category presence,20250218,filename_capture_date,5f8b1842ef3e438984d07829def04a90dfeab5dbbf8821c527eafdabebd80227
vlcsnap-2025-02-18-18h36m39s442.jpg,No_pothole,crack,2,COCO pothole category presence,20250218,filename_capture_date,a14b396a7c20e56ee46253f8e0ced36336f03aea8bbcbd0ca64a78d25ba205ed
vlcsnap-2025-02-18-18h36m40s884.jpg,No_pothole,crack,2,COCO pothole category presence,20250218,filename_capture_date,46dd14a08b39b76fab0d0b82da573d105f8717fe9427a8152c822902775efe56
vlcsnap-2025-02-18-18h36m42s188.jpg,Pothole,crack|pothole,3,COCO pothole category presence,20250218,filename_capture_date,4c48ee7b3ea02088567c72e8ee84de24cb1ce1b5aed17bd4c53975fb4d563b74
vlcsnap-2025-02-18-18h36m43s596.jpg,Pothole,crack|pothole,2,COCO pothole category presence,20250218,filename_capture_date,3c48d39a7e372e6b2e549706c362280a91be91cdaef31af0ee84612244e6fb6e
vlcsnap-2025-02-18-18h36m45s242.jpg,No_pothole,crack|manhole,2,COCO pothole category presence,20250218,filename_capture_date,91632e7d34a38e58ecf900fd4a2a6f1e3c28832217ff98205fefd87244082b5d
vlcsnap-2025-02-18-18h36m49s631.jpg,No_pothole,crack,2,COCO pothole category presence,20250218,filename_capture_date,27d1411905278977500bb27f9c1c005a0816a46131e3e284836806ec10f54156
vlcsnap-2025-02-18-18h36m51s018.jpg,No_pothole,crack,3,COCO pothole category presence,20250218,filename_capture_date,04ec0df65a0d6cd4318d061fdc699f60a9119263e68a333c6086eb7c461936d6
vlcsnap-2025-02-18-18h36m52s335.jpg,Pothole,crack|pothole,5,COCO pothole category presence,20250218,filename_capture_date,c250c746939e817017354d51d3986d7a3e768f135e1f635728acc2c81572c814
vlcsnap-2025-02-18-18h36m53s784.jpg,Pothole,crack|pothole,4,COCO pothole category presence,20250218,filename_capture_date,b4173e57cfd57586a98b4da95f0ef06c8247ed8af827774f3a71f1768a38146e
vlcsnap-2025-02-18-18h36m55s083.jpg,No_pothole,crack,3,COCO pothole category presence,20250218,filename_capture_date,4c5b68ff95c77aceb72bfbc230159842b11b17554d931b4143a380ddded0ed00
vlcsnap-2025-02-18-18h36m56s301.jpg,No_pothole,crack,2,COCO pothole category presence,20250218,filename_capture_date,45c7d407136008f80378a7ee09818a5d5b051d632939cf0e1aca643f060b76bf
vlcsnap-2025-02-18-18h36m57s439.jpg,No_pothole,crack,3,COCO pothole category presence,20250218,filename_capture_date,2d8d8bd82385b1a9f23ccac8a61880e37aa6c64808153da23cb03ac2078013ce
vlcsnap-2025-02-18-18h37m00s293.jpg,No_pothole,crack,2,COCO pothole category presence,20250218,filename_capture_date,5c3875f1618415cf140b3e47fdf5148bf98a97dcf25d6165b9c9b197f16d2934
vlcsnap-2025-02-18-18h37m04s156.jpg,No_pothole,crack,1,COCO pothole category presence,20250218,filename_capture_date,2f110a36e4835ff00916a5bd65067736b6d127465235f16d758fd405f84de752
vlcsnap-2025-02-18-18h37m05s599.jpg,No_pothole,crack,1,COCO pothole category presence,20250218,filename_capture_date,ea89b224865cc462da156971dabd36805859c5d390a6ebc2442a6e1b3a895ec9
vlcsnap-2025-02-18-18h37m07s201.jpg,No_pothole,crack,1,COCO pothole category presence,20250218,filename_capture_date,30a0e080c66a670c6db4bbebaeb9d430befefdea986cfb89a5bbeb99082735e1
vlcsnap-2025-02-18-18h39m25s704.jpg,Pothole,pothole,1,COCO pothole category presence,20250218,filename_capture_date,3d51748803c96124de7c400b3ea29544065d714a1999893af22661c811ba1a7e
vlcsnap-2025-02-18-18h39m27s314.jpg,Pothole,pothole,1,COCO pothole category presence,20250218,filename_capture_date,1e36125f50e2744145407871772119158f5b2712c8be64e0eee68146103c5955
vlcsnap-2025-02-18-18h39m31s815.jpg,No_pothole,crack,1,COCO pothole category presence,20250218,filename_capture_date,0946836e688b8c02d58770bec969016832446d868f9d416ee580b4e7ca82ba3e
vlcsnap-2025-02-18-18h39m40s802.jpg,No_pothole,crack,1,COCO pothole category presence,20250218,filename_capture_date,2d40bede2d8ed351095c4e387a439eee2d8f0fcf7f0da30b46b0cd7b06c0ce56
vlcsnap-2025-02-18-18h41m15s573.jpg,No_pothole,crack,1,COCO pothole category presence,20250218,filename_capture_date,398b07e2b6ed699dc4206ca4d7c801d8dee64f5b69c3baa4cca1d749a1624e9d
vlcsnap-2025-02-18-18h41m45s164.jpg,No_pothole,manhole,3,COCO pothole category presence,20250218,filename_capture_date,14455188083fd5f9a7635888c60707b471bd3c0d02cfd7c17df62e6290d3342d
vlcsnap-2025-02-18-18h41m47s916.jpg,No_pothole,manhole,2,COCO pothole category presence,20250218,filename_capture_date,a6ecd61e38ba4237a7e7666f3a2b84657cfea20b3cbe2bba98479fbb1401215d
vlcsnap-2025-02-18-18h41m49s636.jpg,No_pothole,manhole,1,COCO pothole category presence,20250218,filename_capture_date,0b66bfa0a5755c5e262577679d84ec2f9e30da087c98f446c9a8cbbae77d8dd1
vlcsnap-2025-02-18-18h41m51s405.jpg,No_pothole,crack|manhole,3,COCO pothole category presence,20250218,filename_capture_date,a90176d4c36cd9e096c23fa4e470fc597c183ecc1928861b93a4396da7f7ec99
vlcsnap-2025-02-18-18h41m53s550.jpg,No_pothole,crack,1,COCO pothole category presence,20250218,filename_capture_date,667ba77c2a7de0f7f9cc6a1f7767ea3650900172341393aeb9b9c9b5024e3015
vlcsnap-2025-02-18-18h42m05s755.jpg,No_pothole,crack,1,COCO pothole category presence,20250218,filename_capture_date,8c1f22940856d3d4071e13e01909d39878731ce8dbc3ced927f6b73d54426248
vlcsnap-2025-02-18-18h42m07s246.jpg,No_pothole,crack,1,COCO pothole category presence,20250218,filename_capture_date,37746c32815b803bd2cbaba6e33e9a4a6cd4dcdb8d16431967be93a8fed0c69f
vlcsnap-2025-02-18-18h42m10s120.jpg,No_pothole,crack,3,COCO pothole category presence,20250218,filename_capture_date,abb7d378e995c72b4b312f77faf7b5d45f4885a9e12ef266d3eaa50c605b1b73
vlcsnap-2025-02-18-18h42m11s693.jpg,No_pothole,crack,3,COCO pothole category presence,20250218,filename_capture_date,b2530bd8fdb3a19a212e4b78ece4451097ec167ccd5cc6fad14a14741e711652
vlcsnap-2025-02-18-18h42m13s186.jpg,No_pothole,crack,4,COCO pothole category presence,20250218,filename_capture_date,79ce6ed0abd5e3bd1ebbd196e8d63770ae0cdabd7aac883cdb87566554473efb
vlcsnap-2025-02-18-18h42m14s982.jpg,No_pothole,crack|manhole,4,COCO pothole category presence,20250218,filename_capture_date,882021dbd43610205c0f1767b3037506ae441e344fb250d2bb603ee03b90611d
vlcsnap-2025-02-18-18h42m16s877.jpg,No_pothole,crack|manhole,2,COCO pothole category presence,20250218,filename_capture_date,d28bd55a87fc397030b2d5a29bdb99a46fb5d427ea348a070ed04fe63a017449
vlcsnap-2025-02-18-18h42m18s629.jpg,No_pothole,manhole,2,COCO pothole category presence,20250218,filename_capture_date,5102b0fcd378d36212cc9fed9a8e66c66dd2c251541411432482df0f58139860
vlcsnap-2025-02-18-18h42m19s999.jpg,No_pothole,manhole,2,COCO pothole category presence,20250218,filename_capture_date,4ad12029bda81631f14da0f381ff9eabeca28e4bc20bf54773dd19ce17407a49
vlcsnap-2025-02-18-18h42m21s488.jpg,No_pothole,manhole,1,COCO pothole category presence,20250218,filename_capture_date,1a9373c4445d273c353a4b853f38777210daf1fb9a1b7b877f956c6c0d6033f1
vlcsnap-2025-02-18-18h42m31s666.jpg,No_pothole,crack|manhole,2,COCO pothole category presence,20250218,filename_capture_date,6f60e8117018dacbe98ca9a9f8d31f73059cd014a10d67ef3894e3a017074890
vlcsnap-2025-02-18-18h42m39s599.jpg,Pothole,manhole|pothole,2,COCO pothole category presence,20250218,filename_capture_date,3977997a0fbd1b8244802c2297e731d17cc05b19b0d4fe2b57f70376b6524698
vlcsnap-2025-02-18-18h42m42s550.jpg,No_pothole,crack,2,COCO pothole category presence,20250218,filename_capture_date,53614e756e5d05de37d61895ed496f32a7b9168a46f48f078dac08293e653596
vlcsnap-2025-02-18-18h42m44s201.jpg,No_pothole,crack,2,COCO pothole category presence,20250218,filename_capture_date,658e26d9e20c767712fbdfa451d186732b3121fc517963dbaef957623333620b
vlcsnap-2025-02-18-18h42m45s663.jpg,No_pothole,crack,3,COCO pothole category presence,20250218,filename_capture_date,6ff878877358069262f1f74bef0edab15f4a4abdf311a9d5712235e7bc8720a6
vlcsnap-2025-02-18-18h43m10s582.jpg,No_pothole,manhole,1,COCO pothole category presence,20250218,filename_capture_date,36d491f554545620f68cfb16fc13747e673b33892d701c6cb9e407c0976651ac
vlcsnap-2025-02-18-18h43m31s352.jpg,No_pothole,crack,1,COCO pothole category presence,20250218,filename_capture_date,69674a4d48937c32b1d0634128ac1de1f3bf7cafdfb70dcb8eea3ff586f6a979
vlcsnap-2025-02-18-18h43m32s772.jpg,No_pothole,crack,2,COCO pothole category presence,20250218,filename_capture_date,79989d0abfd9b88d1b8a4ad9fcfbb2e648a896f23d12183b83a47a561bff9fb7
vlcsnap-2025-02-18-18h43m34s241.jpg,Pothole,crack|pothole,3,COCO pothole category presence,20250218,filename_capture_date,bb246782239675c1ab725407da75e786984fedd82599cc233446ce40ab1837ef
vlcsnap-2025-02-18-18h43m36s432.jpg,No_pothole,crack,1,COCO pothole category presence,20250218,filename_capture_date,f107d1937c618e2b3a7d01a3ea4668b9f019ddf60cc6adf1220e7d914803bd39
vlcsnap-2025-02-18-18h43m38s674.jpg,No_pothole,crack,1,COCO pothole category presence,20250218,filename_capture_date,5be2e76e12cd929a9e4b4e6f3c9c59d8544f6f5113647b12cc22e546dd23967b
vlcsnap-2025-02-18-18h43m41s557.jpg,No_pothole,crack,2,COCO pothole category presence,20250218,filename_capture_date,9f629e48e650c8540e706b23573a4e9389029fe6c0c7759557ffc3be7b852060
vlcsnap-2025-02-18-18h43m42s937.jpg,No_pothole,crack,1,COCO pothole category presence,20250218,filename_capture_date,a589d939ec0e2039ae3dd435c10d1ab01d3c5ecbdc291f0c390c8c6b87d78a87
vlcsnap-2025-02-18-18h43m53s428.jpg,No_pothole,crack,1,COCO pothole category presence,20250218,filename_capture_date,0f50e025bbe6641ca7e8315b2cc79aafdfcc90acbb74b6f41080c758eb1af72f
vlcsnap-2025-02-18-18h44m24s625.jpg,No_pothole,crack,1,COCO pothole category presence,20250218,filename_capture_date,03f60b07e7f1cb0a71a837b45fad667e99b2e18892d69f401b72dd682d27547f
vlcsnap-2025-02-18-18h44m33s363.jpg,No_pothole,crack,2,COCO pothole category presence,20250218,filename_capture_date,14998f4094b8be7ff057490953dee9d21ef8da90c95e1c9c9769a859387653ce
vlcsnap-2025-02-18-18h44m34s681.jpg,No_pothole,crack,1,COCO pothole category presence,20250218,filename_capture_date,9504b2271f36b0146b37c02667f8fcfb3f67ae5a3821129fe021bc8daaaf8c51
vlcsnap-2025-02-18-18h44m37s483.jpg,No_pothole,crack,1,COCO pothole category presence,20250218,filename_capture_date,d60b9506ec3a06a871e4b2250033d96443fd079dc77c1a1ca7f652e6b75709b8
vlcsnap-2025-02-18-18h44m45s268.jpg,No_pothole,crack,1,COCO pothole category presence,20250218,filename_capture_date,4287154051db430cf5cc43b777445de97140c7e1e135986d56f200405637edff
vlcsnap-2025-02-18-18h45m09s626.jpg,No_pothole,crack,3,COCO pothole category presence,20250218,filename_capture_date,b5fd7ecd0eb444de0f6fd57379c75f5eac639016f66b7601ad82499eb4a8a0ac
vlcsnap-2025-02-18-18h45m11s421.jpg,No_pothole,crack,2,COCO pothole category presence,20250218,filename_capture_date,cf0019d00ee257c9916df8eea359697593d4c21a7d789f0e07b1da5c53c28aeb
vlcsnap-2025-02-18-18h45m17s416.jpg,No_pothole,manhole,1,COCO pothole category presence,20250218,filename_capture_date,0a69ba63c46da8f3291bbcf2144d0cc0a75222aa9f63bc73034dd94824e7f129
vlcsnap-2025-02-18-18h45m19s766.jpg,No_pothole,manhole,1,COCO pothole category presence,20250218,filename_capture_date,4bb50d2518d4aff47351058711715d1ab7578543cb8ccc4025f7a7aef04d07e0
vlcsnap-2025-02-18-18h45m31s395.jpg,No_pothole,crack,1,COCO pothole category presence,20250218,filename_capture_date,d847faed1d3215e26304e5cfde545c240eec2d709327856524e615b59f0415c4
vlcsnap-2025-02-18-18h45m32s915.jpg,No_pothole,crack|manhole,2,COCO pothole category presence,20250218,filename_capture_date,fcc873635491ec65552c05fdc572975a1967ae7aaa76332689488ef12e2a8fd1
vlcsnap-2025-02-18-18h45m39s322.jpg,No_pothole,crack,1,COCO pothole category presence,20250218,filename_capture_date,a0e133a777a24cdefb9271e7e50062d210da9e0ac9375efde39a842e4c8a02d0
vlcsnap-2025-02-18-18h45m41s037.jpg,Pothole,crack|pothole,3,COCO pothole category presence,20250218,filename_capture_date,2f57a73779b236c2bf5611fc2b8aa0c5cf1e0820a91625bc559f88cfc3565fb0
vlcsnap-2025-02-18-18h45m42s458.jpg,Pothole,crack|pothole,2,COCO pothole category presence,20250218,filename_capture_date,17a42b6afee3a4c55f82210e6a7129ae7499defddc5faa32cc53eae0333ab50a
vlcsnap-2025-02-18-18h45m43s851.jpg,No_pothole,crack,1,COCO pothole category presence,20250218,filename_capture_date,be79bc365f4f1135ca3c7d0e23b630e5f397fed1b0dcf90190ba080d6baf3c91
vlcsnap-2025-02-18-18h46m11s900.jpg,No_pothole,crack,1,COCO pothole category presence,20250218,filename_capture_date,9414d19c1fb34d2ca1603d0cb5b258b6fe089c284f7014198025db00b28393b1
vlcsnap-2025-02-18-18h46m15s017.jpg,No_pothole,manhole,2,COCO pothole category presence,20250218,filename_capture_date,401d4820adcc7ae113be57f83bd54b6b722cdbe892bfccdd686b9761ac42a6f3
vlcsnap-2025-02-18-18h46m16s677.jpg,No_pothole,manhole,1,COCO pothole category presence,20250218,filename_capture_date,0202155824f62a9b94152c26947effe4fc3f5d456834ee502a2de67a33d6ae51
vlcsnap-2025-02-18-18h46m18s546.jpg,No_pothole,crack|manhole,2,COCO pothole category presence,20250218,filename_capture_date,1cf0a0562f3da0af3f5b39b6450f365ee387fe8ff7841ea175630d6549ee06e0
vlcsnap-2025-02-18-18h46m19s659.jpg,No_pothole,crack|manhole,2,COCO pothole category presence,20250218,filename_capture_date,88f0ff6e3ad40875c294da10546a5a8ab0440a0720461ecf0a0e5c3428a73c59
vlcsnap-2025-02-18-18h46m26s105.jpg,No_pothole,crack,2,COCO pothole category presence,20250218,filename_capture_date,588899ae65366e2c62da87dd9f41efb7ae9816744a1ecbafd2b14eae2b4eadf0
vlcsnap-2025-02-18-18h46m27s425.jpg,No_pothole,crack,2,COCO pothole category presence,20250218,filename_capture_date,c15a387bd1b4828cb083b56d340c745dd44d0efec9374d05f3cd62fbc4b937ee
vlcsnap-2025-02-18-18h46m29s004.jpg,No_pothole,crack,3,COCO pothole category presence,20250218,filename_capture_date,50fe1d881b706ee99b528a086519a103e7c606ba2aab304c98510f39d328cc1c
vlcsnap-2025-02-18-18h46m30s755.jpg,No_pothole,crack,4,COCO pothole category presence,20250218,filename_capture_date,bf7d590a87c01cb342d36d2ba06f001ad71480fa7e041589016f47d6d4af968f
vlcsnap-2025-02-18-18h46m32s833.jpg,No_pothole,crack,1,COCO pothole category presence,20250218,filename_capture_date,e0317588686600eb4b96f7921e7c4eba8f559dca74294f63a43f3f3d57de1ace
vlcsnap-2025-02-18-18h46m34s348.jpg,No_pothole,crack,3,COCO pothole category presence,20250218,filename_capture_date,aa90bfbdb70c51944f2dfa56b066d50247b78e9d367d49cc55878906985057f3
vlcsnap-2025-02-18-18h46m36s059.jpg,No_pothole,crack,1,COCO pothole category presence,20250218,filename_capture_date,ebfb1dce0d175c9e4d0c03eafd7dd8192381bb95dbb30d685aa7d8a3d2fe5d03
vlcsnap-2025-02-18-18h46m37s488.jpg,No_pothole,crack,1,COCO pothole category presence,20250218,filename_capture_date,a32a530fa5393f0fccfb8a34663d2bc4eacef8f8365b59a2299e558102ed1a8d
vlcsnap-2025-02-18-18h46m38s911.jpg,No_pothole,crack,1,COCO pothole category presence,20250218,filename_capture_date,cea5501862d7942aafd4a36186e49340dc3c70b8dff8561abb3ccb26266f969b
vlcsnap-2025-02-18-18h46m40s324.jpg,No_pothole,crack,3,COCO pothole category presence,20250218,filename_capture_date,077bb47c1e8c3d7fb1f2bc424332c627bb6f1f5af5b057acfa40ee644e17afeb
vlcsnap-2025-02-18-18h46m43s576.jpg,No_pothole,crack,3,COCO pothole category presence,20250218,filename_capture_date,7ebea1e0ba0c6369b6bb20637b471e387f1ca6b6918e317790810b6d0a9dac95
vlcsnap-2025-02-18-18h46m45s039.jpg,No_pothole,crack,2,COCO pothole category presence,20250218,filename_capture_date,46647220aec9c1b7924e3a35f64df381c0d69a49b8d59d0399cc06c4f9538d83
vlcsnap-2025-02-18-18h46m46s284.jpg,No_pothole,crack,2,COCO pothole category presence,20250218,filename_capture_date,006b5600212a4dc8a2509262b3b5d0c4e9c836344d4c778ddaff93ccf7f72a4d
vlcsnap-2025-02-18-18h46m47s724.jpg,No_pothole,crack,2,COCO pothole category presence,20250218,filename_capture_date,da97cf213c3a8d3f1e8b53bb8845a2395ec2bc7ddc4ea62a354f6d1897f070d7
vlcsnap-2025-02-18-18h46m49s204.jpg,No_pothole,crack,2,COCO pothole category presence,20250218,filename_capture_date,130d6a902cdb7ada577e198974b397c2fb02f1fae6a57ca405d1457e20f5da99
vlcsnap-2025-02-18-18h46m50s688.jpg,No_pothole,crack,4,COCO pothole category presence,20250218,filename_capture_date,22e197189d0f8380fb46d46e116ccf4f14e224bb9fbe4da44613bb7f9954fd8e
vlcsnap-2025-02-18-18h46m52s102.jpg,No_pothole,crack,2,COCO pothole category presence,20250218,filename_capture_date,0e21f4e8000cebf4a43f156eb09fb7fd5a7b0b486560d080aeac8f99591f9247
vlcsnap-2025-02-18-18h46m53s567.jpg,No_pothole,crack,2,COCO pothole category presence,20250218,filename_capture_date,8c50e428db431c1ef4125f5a31b151656168782d9904cd6714b55d3103a57c55
vlcsnap-2025-02-18-18h46m55s236.jpg,No_pothole,crack,4,COCO pothole category presence,20250218,filename_capture_date,2544871941ce6a292e43c873568c7a379810069f5b5789e41328d3303c16df40
vlcsnap-2025-02-18-18h46m56s758.jpg,No_pothole,crack,4,COCO pothole category presence,20250218,filename_capture_date,f68c87c84d868645687aae305ee8b88dfe6ca8718e76d399f44f8b7f672dfed8
vlcsnap-2025-02-18-18h46m58s379.jpg,Pothole,crack|pothole,5,COCO pothole category presence,20250218,filename_capture_date,17ecc2ea007b128183b458cd743d3d30f00f9578943c333e145d416ae3e9c4de
vlcsnap-2025-02-18-18h47m00s383.jpg,No_pothole,crack,5,COCO pothole category presence,20250218,filename_capture_date,3e68f8d40f025e454c71c2142ca09b642a58de48d1415e099d07669e904c5df9
vlcsnap-2025-02-18-18h47m02s443.jpg,No_pothole,crack,4,COCO pothole category presence,20250218,filename_capture_date,edb08cce004cd03db325082a952763a54a466973c2d5246bdd9d3dfd150fffa2
vlcsnap-2025-02-18-18h47m04s939.jpg,No_pothole,crack,2,COCO pothole category presence,20250218,filename_capture_date,7e106604eec0923187597315e54f1d56aec6beacf8dfc21205f26e5e97e4f0d8
vlcsnap-2025-02-18-18h47m06s542.jpg,No_pothole,crack,2,COCO pothole category presence,20250218,filename_capture_date,d2378fb633b136928efeb7abcbd01c8d3b145a3605a757f7240b7f3d24f461ef
vlcsnap-2025-02-18-18h47m07s604.jpg,Pothole,crack|pothole,4,COCO pothole category presence,20250218,filename_capture_date,003e9998944ff0a8d882db77e898fb869b1dac2d5f983292865c5bc9b8412b0e
vlcsnap-2025-02-18-18h47m09s147.jpg,No_pothole,crack,2,COCO pothole category presence,20250218,filename_capture_date,f1d712525c8097e077a3feb8e3ad873e75468ae6f71ea9790edef6366efe5bcf
vlcsnap-2025-02-18-18h47m10s448.jpg,No_pothole,crack,4,COCO pothole category presence,20250218,filename_capture_date,6bd2b84849d7acb5ca98fd074e7863733707c35cbaf4cf0a0756845c210683c3
vlcsnap-2025-02-18-18h47m11s736.jpg,No_pothole,crack,1,COCO pothole category presence,20250218,filename_capture_date,6748e98c5f5c1d14c8f537d0ee845625d55c0a0e824704d38bb76914555a3b62
vlcsnap-2025-02-18-18h47m13s411.jpg,No_pothole,crack,1,COCO pothole category presence,20250218,filename_capture_date,4bd0121b94f2b13b4224489428512fa515e5a16fa9dec4a098f562a8626eb300
vlcsnap-2025-02-18-18h47m15s656.jpg,No_pothole,crack,2,COCO pothole category presence,20250218,filename_capture_date,fefc001c3cbc147933ef4a4370348d981e92dc66bdd2107e46b8520a56ccf4ad
vlcsnap-2025-02-18-18h47m17s251.jpg,No_pothole,crack,2,COCO pothole category presence,20250218,filename_capture_date,3be95f5d1426d63d0d2473e111a89596e4a12e4141aef6ec71c8d78db08b4e3d
vlcsnap-2025-02-18-18h47m18s976.jpg,No_pothole,crack,2,COCO pothole category presence,20250218,filename_capture_date,5f151eac373b79afda55aadc5b6522d04db87e2f0b8e5bf25f021969bd9ebc29
vlcsnap-2025-02-18-18h47m20s564.jpg,No_pothole,crack,2,COCO pothole category presence,20250218,filename_capture_date,a3d669a50e7ba76bc9cc9359c8684d47af0aea3b7d65ec83dcc64e2a5f18e878
vlcsnap-2025-02-18-18h47m22s071.jpg,No_pothole,crack,2,COCO pothole category presence,20250218,filename_capture_date,676c4655e96c7770cc9df813a6562bb74aa2e2d2ababb4c0c3687872e1e4aa74
vlcsnap-2025-02-18-18h47m23s280.jpg,No_pothole,crack,3,COCO pothole category presence,20250218,filename_capture_date,b13100e8c84a054e0a106c86268b1ed62584cf495c867161d4a9a9fb6aeae0d5
vlcsnap-2025-02-18-18h47m24s578.jpg,No_pothole,crack,4,COCO pothole category presence,20250218,filename_capture_date,7f67e7890a29ba50b627eaf2ffa09e174034f745c52802eeacafd8c130331d07
vlcsnap-2025-02-18-18h47m25s867.jpg,No_pothole,crack,2,COCO pothole category presence,20250218,filename_capture_date,53ff5080101f64406596bc7362a4c8babc97bfef0e4b54ad91bc117f289e110f
vlcsnap-2025-02-18-18h47m27s166.jpg,No_pothole,crack,3,COCO pothole category presence,20250218,filename_capture_date,163de62bdc153475c7657c45d52f402eba60ca02548cfd64da0c0822fb62a54c
vlcsnap-2025-02-18-18h47m28s460.jpg,No_pothole,crack,3,COCO pothole category presence,20250218,filename_capture_date,cf3b8534933345d10a9e423dbc1ad20a6d60a2061405c74489672424b1b821ac
vlcsnap-2025-02-18-18h47m29s801.jpg,No_pothole,crack,1,COCO pothole category presence,20250218,filename_capture_date,433f77fef0d9b1477e2a19a48135814e4ffac0791fc2784a541ce9c8662afecc
vlcsnap-2025-02-18-18h47m31s082.jpg,No_pothole,crack,1,COCO pothole category presence,20250218,filename_capture_date,86dad1af26ea2cc2dbc184a35961dbc30e5adc2f6b0aa44ecb62e8cea9e14878
vlcsnap-2025-02-18-18h47m32s390.jpg,Pothole,crack|pothole,2,COCO pothole category presence,20250218,filename_capture_date,d6ff6e55fa27a7fb13216f8d105d1d9566980c7910dd7b1c03d2511b686e0db4
vlcsnap-2025-02-18-18h47m33s727.jpg,No_pothole,crack,3,COCO pothole category presence,20250218,filename_capture_date,9b7a7941653fa2b25864829c37ff6caaa5df9dc87fe5d136f21bfc3ccae37ee8
vlcsnap-2025-02-18-18h47m35s081.jpg,No_pothole,crack,2,COCO pothole category presence,20250218,filename_capture_date,84f8ed35a7d9d9c0c183cfac1d283d2f6e991ff6381c70a42159b42e5a3d58d0
vlcsnap-2025-02-18-18h47m36s452.jpg,No_pothole,crack,1,COCO pothole category presence,20250218,filename_capture_date,0105966452c55c8124da35ac9de731c9b4b8901a06caaf4b877c08309310a2ba
vlcsnap-2025-02-18-18h47m37s704.jpg,No_pothole,crack,1,COCO pothole category presence,20250218,filename_capture_date,196a8030a6d3af0d0e634718f53b87158908c11120db1eab9b899f27ac67f1b7
vlcsnap-2025-02-18-18h47m42s930.jpg,No_pothole,crack,1,COCO pothole category presence,20250218,filename_capture_date,20848dff0cde0cdc27df04aa2be3158bd426e153c6c0cfe2d57e19e3eabbd94d
vlcsnap-2025-02-18-18h47m45s299.jpg,No_pothole,crack,1,COCO pothole category presence,20250218,filename_capture_date,7e59854d28f0950d50284673d8d418ed722867fe71f3a25f28ea6071801fdf4e
vlcsnap-2025-02-18-18h47m49s868.jpg,No_pothole,crack,1,COCO pothole category presence,20250218,filename_capture_date,64df8f3c1f04af3371486951368da3012c15e3433e7a650e8c479f5147c8a4c6
vlcsnap-2025-02-18-18h47m52s406.jpg,No_pothole,crack,1,COCO pothole category presence,20250218,filename_capture_date,b9d7daf77fdf72a2031c9488fb6f73928b795a233f12a77b6646c5925b2bcd93
vlcsnap-2025-02-18-18h48m05s740.jpg,No_pothole,crack,2,COCO pothole category presence,20250218,filename_capture_date,ca12d0565fd3ad965d2c495160ddc603956166918576faed3741daea25100a66
vlcsnap-2025-02-18-18h48m16s956.jpg,No_pothole,crack,1,COCO pothole category presence,20250218,filename_capture_date,5bd675ba4a85a6627039d4b35210816a2161782a135c94fb7c09222197df6c4a
vlcsnap-2025-02-18-18h48m21s217.jpg,No_pothole,crack,1,COCO pothole category presence,20250218,filename_capture_date,69f9ed98a164f399f4a252dfcc98286aad8d03da101664e0bbc9e78bfc1fe125
vlcsnap-2025-02-18-18h48m22s424.jpg,No_pothole,crack,1,COCO pothole category presence,20250218,filename_capture_date,c83e3564fa4b2f1a7e917f7b163131f8102a5df28bea7b006d82796273387dbb
vlcsnap-2025-02-18-18h48m23s940.jpg,No_pothole,crack,1,COCO pothole category presence,20250218,filename_capture_date,5b2c3f30a847ff6e1979bcf984d8c394f5a859a57b56c9a62b49ab008c5a999e
vlcsnap-2025-02-18-18h48m42s479.jpg,No_pothole,crack,1,COCO pothole category presence,20250218,filename_capture_date,d7ca63b3f89ddab0bda0d3606be83d287d875b5dd050f7818c6f6013dc5f3e35
vlcsnap-2025-02-18-23h07m43s774.jpg,No_pothole,manhole,1,COCO pothole category presence,20250218,filename_capture_date,8788dbb75ed2820b1a852f8daf632a1e2b9b7a1a71dc7314da3f8d6bc0cb67b6
vlcsnap-2025-02-18-23h07m46s200.jpg,No_pothole,crack,1,COCO pothole category presence,20250218,filename_capture_date,2dadead9922b0b5d75295a379078e99ebb6d58fdff4711fa3cb6e1d486412642
vlcsnap-2025-02-18-23h07m47s847.jpg,No_pothole,crack,2,COCO pothole category presence,20250218,filename_capture_date,c48b2d7521a9b20ac6687c43173c4aeca64de8616c92416c452455150823725b
vlcsnap-2025-02-18-23h07m50s137.jpg,No_pothole,crack,1,COCO pothole category presence,20250218,filename_capture_date,0403c267e65ad139e1c5037b40779497f63463763c9aaca128da8c8e2acf6b08
vlcsnap-2025-02-18-23h07m53s515.jpg,No_pothole,crack,1,COCO pothole category presence,20250218,filename_capture_date,9cc9b1b86271bebc1e076c8c069f7783e162e97513724bcb12e8804f80d3987e
vlcsnap-2025-02-18-23h08m03s358.jpg,No_pothole,manhole,1,COCO pothole category presence,20250218,filename_capture_date,adf3c5a45ac4c3cccc287e84175f217bdb96a07d9e5d686ccc793a04233c2add
vlcsnap-2025-02-18-23h08m05s215.jpg,No_pothole,manhole,1,COCO pothole category presence,20250218,filename_capture_date,5d776678f572eadbe2ed108ca1fcfe34682e8079fccec7b3c75cbdb71c7d687e
vlcsnap-2025-02-18-23h08m06s820.jpg,No_pothole,manhole,1,COCO pothole category presence,20250218,filename_capture_date,2b008f91ab9b16281ef83ab40d122bc76749019bd9194a315d5166ef8491b64c
vlcsnap-2025-02-18-23h08m09s147.jpg,No_pothole,crack,1,COCO pothole category presence,20250218,filename_capture_date,9f81c52eb0d840256cb37954b3391aef21828fc7303d9bfa750471e13dd22631
vlcsnap-2025-02-18-23h08m10s837.jpg,No_pothole,crack,1,COCO pothole category presence,20250218,filename_capture_date,6406ffdcc1dbd8cbbe752f744fa8daf76a5c5af126ead384674fabb0108286a7
vlcsnap-2025-02-18-23h08m14s528.jpg,No_pothole,crack|manhole,2,COCO pothole category presence,20250218,filename_capture_date,6b3bc2b5a334001f7a9dc8919a77f254eef7dca58d8f356e40cd0121ab47874a
vlcsnap-2025-02-18-23h08m17s021.jpg,No_pothole,manhole,1,COCO pothole category presence,20250218,filename_capture_date,512e9784c91bf48858e4f61e256eb2de6628a4d1407f522b0ac75e93207277cc
vlcsnap-2025-02-18-23h08m18s609.jpg,No_pothole,crack|manhole,2,COCO pothole category presence,20250218,filename_capture_date,afd405c14d20a2e860eeb3c0587532d1a4a7636d7a150a29e4734671a4554561
vlcsnap-2025-02-18-23h08m20s084.jpg,No_pothole,crack,1,COCO pothole category presence,20250218,filename_capture_date,ccbbff915e79dbdbd861058a71eeeb5146ed5de99819dcd286fb45bcf94b7c7a
vlcsnap-2025-02-18-23h08m22s176.jpg,No_pothole,crack,3,COCO pothole category presence,20250218,filename_capture_date,2332af68111891a07322f8b1988fee2f6b896a56d6f9082035b0c7f3af6d81a7
vlcsnap-2025-02-18-23h08m23s671.jpg,No_pothole,crack,2,COCO pothole category presence,20250218,filename_capture_date,a666278ba0e2f8939cabf5094c36e41db512cc7a662d0b69086ed901f267628b
vlcsnap-2025-02-18-23h08m25s146.jpg,No_pothole,crack,1,COCO pothole category presence,20250218,filename_capture_date,6e77ac1a434e7fabfb3b29df2ec86253e5843ce9c52342c15a25aa387a595541
vlcsnap-2025-02-18-23h08m26s545.jpg,No_pothole,crack,1,COCO pothole category presence,20250218,filename_capture_date,994f813a02726ba58b159f7506107c8ccba621f8db7e5dfaebb59da3904e9c45
vlcsnap-2025-02-18-23h09m10s209.jpg,No_pothole,manhole,1,COCO pothole category presence,20250218,filename_capture_date,32aac4f6748c75b13f1af3605e3239ddb043a9019807f10f3569af210d9fd524
vlcsnap-2025-02-18-23h09m12s073.jpg,No_pothole,manhole,1,COCO pothole category presence,20250218,filename_capture_date,469b4015f52fa075fe3e3fab88f15c41c414d7772cbbd4ef5a16212d1c163ee4
vlcsnap-2025-02-18-23h09m22s021.jpg,No_pothole,manhole,1,COCO pothole category presence,20250218,filename_capture_date,732bf14ad146df893c6da5296f38efb214f7105dcf60f52e4909009590b1d50f
vlcsnap-2025-02-18-23h10m39s932.jpg,No_pothole,manhole,1,COCO pothole category presence,20250218,filename_capture_date,86b56bfa4c13784f58c0d26327ac65ed5af3708ec5974c0f1fb9652461b60e7a
vlcsnap-2025-02-18-23h10m44s955.jpg,No_pothole,crack,2,COCO pothole category presence,20250218,filename_capture_date,e0ebb7a0b7d31a2f5186d679db058b726e90441b78db7391dd10ef4094e1e923
vlcsnap-2025-02-18-23h10m46s503.jpg,No_pothole,crack,1,COCO pothole category presence,20250218,filename_capture_date,d995daf1df2abb3139baf1cab829a0b1a8dd4a689cbdc1007da4d92ae5223962
vlcsnap-2025-02-18-23h10m48s405.jpg,Pothole,crack|manhole|pothole,3,COCO pothole category presence,20250218,filename_capture_date,1ea513b1cf132459a0283c6c24688d71e7e7bb52e5bef711a8ff49857eb19e02
vlcsnap-2025-02-18-23h10m50s063.jpg,No_pothole,crack,1,COCO pothole category presence,20250218,filename_capture_date,18c5268c3c53bdb0062aded4000d203bc04b08a87a07562b3f7d38ddc42d6839
vlcsnap-2025-02-18-23h10m51s700.jpg,No_pothole,crack,2,COCO pothole category presence,20250218,filename_capture_date,943e1a031d64888093389f4090845321aca7ce07fab8e301300df235f8d69429
vlcsnap-2025-02-18-23h11m19s862.jpg,No_pothole,manhole,1,COCO pothole category presence,20250218,filename_capture_date,d59baf6d9c229fb5b422f0116fcd7b71ac3f204c09e532872af677c5fce4ee69
vlcsnap-2025-02-18-23h11m28s079.jpg,No_pothole,manhole,1,COCO pothole category presence,20250218,filename_capture_date,2dcc382da75f166ea32541801c5916d988d05319f206f9b0db08142af8cf990a
vlcsnap-2025-02-18-23h11m30s125.jpg,No_pothole,manhole,1,COCO pothole category presence,20250218,filename_capture_date,0750a90565a91ba58d31d20eda177da5ff2ae50da8533c45d9cc72a43436f158
vlcsnap-2025-02-18-23h11m35s391.jpg,No_pothole,manhole,1,COCO pothole category presence,20250218,filename_capture_date,db8c5ca5340f71d192eccb74cfaf751d1a3a98d1a9472abd8edf9a13cb76d33e
vlcsnap-2025-02-18-23h12m00s565.jpg,No_pothole,manhole,1,COCO pothole category presence,20250218,filename_capture_date,10175f56a554c8c4dd62ee679bc0d661b1df940a38fe8441c6e86119157731c3
vlcsnap-2025-02-18-23h12m17s725.jpg,No_pothole,manhole,1,COCO pothole category presence,20250218,filename_capture_date,a7045afd241af548407b98e126119e1344c189d8a3dc628f3419987a648b0e54
vlcsnap-2025-02-18-23h12m19s305.jpg,No_pothole,manhole,1,COCO pothole category presence,20250218,filename_capture_date,040295848df6dc2625a562a06a66c7b0fc6ec845b2b634eb65d80078d252d5c6
vlcsnap-2025-02-18-23h12m22s604.jpg,No_pothole,manhole,1,COCO pothole category presence,20250218,filename_capture_date,86d9d1cba1ff9500b9c5f15de2bdd7ef2d391611611d8f7815e3275e4590fa1d
vlcsnap-2025-02-18-23h12m24s456.jpg,No_pothole,manhole,1,COCO pothole category presence,20250218,filename_capture_date,73db79c7c5b948c21bfa308dcc38cf385edf73790dfad9a6ce9c28d2cfd087af
vlcsnap-2025-02-18-23h12m28s438.jpg,No_pothole,manhole,1,COCO pothole category presence,20250218,filename_capture_date,8b2105991eec219ef2ab65275a924ae420c8952bb39a1e5c9f4ab761adaf530d
vlcsnap-2025-02-18-23h12m32s786.jpg,No_pothole,manhole,1,COCO pothole category presence,20250218,filename_capture_date,27371f05ffe56fcd18002ead365f6c26c90b53130c4b421481bda6a2ab6df503
vlcsnap-2025-02-18-23h12m34s847.jpg,No_pothole,manhole,1,COCO pothole category presence,20250218,filename_capture_date,4ba53ed575ec786a9079cb7fb7e73397b5461f9573fb9245e49e15856359ed93
vlcsnap-2025-02-18-23h12m38s248.jpg,No_pothole,manhole,2,COCO pothole category presence,20250218,filename_capture_date,ba97f85cfe96dd5333cb4d96a60df54c81e32a4cff80be1090fa2e270c8db9a6
vlcsnap-2025-02-18-23h12m43s353.jpg,No_pothole,manhole,1,COCO pothole category presence,20250218,filename_capture_date,8d599e7f8b158456d773ecce408ee4a8d2dcf395a28b5f2c97a29706c9429bcd
vlcsnap-2025-02-18-23h13m19s883.jpg,No_pothole,manhole,1,COCO pothole category presence,20250218,filename_capture_date,85f78710fdfcbdfea9cc89d9c01bacfed226b9a6d2e58a8c5912389d41e1b9b6
vlcsnap-2025-02-18-23h13m23s116.jpg,No_pothole,manhole,1,COCO pothole category presence,20250218,filename_capture_date,0be2fc6c87bcc9461cd080db3b0ab50d205bfbd89e76e2f2e793a960309eb2fa
vlcsnap-2025-02-18-23h13m28s466.jpg,No_pothole,manhole,2,COCO pothole category presence,20250218,filename_capture_date,ab3b878d0ae83620866232d9077bb29447bb5c5c75a918c64651b5d48c4ac160
vlcsnap-2025-02-18-23h13m29s907.jpg,No_pothole,manhole,2,COCO pothole category presence,20250218,filename_capture_date,a41ae026d47869532ef7953eb666f7cc3e69596c24749dd2b1a5b4946645bc91
vlcsnap-2025-02-18-23h13m36s544.jpg,No_pothole,manhole,1,COCO pothole category presence,20250218,filename_capture_date,b812f591aa8fb06d6d36c6a9c44c35f3cf76b1f4487c9a83a9d5a0087d75e679
vlcsnap-2025-02-18-23h13m40s766.jpg,No_pothole,manhole,1,COCO pothole category presence,20250218,filename_capture_date,3da4b5de421963a23396ae8176160daace89f00f1a6a372beb4a13b29899ba35
vlcsnap-2025-02-18-23h13m44s442.jpg,No_pothole,manhole,1,COCO pothole category presence,20250218,filename_capture_date,a697fb621a8dffb3bcabc5fd8ad807dd8c5bc3b7e0f17df250b6d7450f2ab8c7
vlcsnap-2025-02-18-23h13m48s064.jpg,No_pothole,manhole,2,COCO pothole category presence,20250218,filename_capture_date,285d50c7a56633917fff710353570ddecef22f75dada4d79c3153e5fe63cf317
vlcsnap-2025-02-18-23h13m50s113.jpg,No_pothole,manhole,2,COCO pothole category presence,20250218,filename_capture_date,0759dc6fdc312131c1ac66edf28ebf1de4beb8cde6124b904c517e5d1f7cb37c
vlcsnap-2025-02-18-23h13m52s540.jpg,No_pothole,manhole,2,COCO pothole category presence,20250218,filename_capture_date,d8b76fc020cca67c4c6e7e7fa9434e02475ef3b3145b30b5f3eef8823dd62740
vlcsnap-2025-02-18-23h13m55s630.jpg,No_pothole,manhole,2,COCO pothole category presence,20250218,filename_capture_date,c9495af45b429477b3f9fcf3788dc56094f832aea361b86cc0afc60e7b59d79a
vlcsnap-2025-02-18-23h13m56s767.jpg,No_pothole,manhole,2,COCO pothole category presence,20250218,filename_capture_date,45cccbad3cf1ed443f560c76f62c39938977644128646e2a668e2f23483c7af1
vlcsnap-2025-02-18-23h13m59s036.jpg,No_pothole,manhole,2,COCO pothole category presence,20250218,filename_capture_date,2b170d5750e455d8a2d5fc039b7859799f2d204ed83ee95c950e02ee730d4829
vlcsnap-2025-02-18-23h14m03s217.jpg,No_pothole,manhole,2,COCO pothole category presence,20250218,filename_capture_date,c0240f1880555be01bfbf5385d3b3ac9c9f9634f16bd191a8baa37e2176feffe
vlcsnap-2025-02-18-23h14m04s766.jpg,No_pothole,manhole,2,COCO pothole category presence,20250218,filename_capture_date,17fe973b675c0ccb4b8e3a61dd07183bd9d3dc114140cd739894244afbb9ef68
vlcsnap-2025-02-18-23h14m08s861.jpg,No_pothole,manhole,2,COCO pothole category presence,20250218,filename_capture_date,a922513168f62998a2350502e1778786132f011714df3737625762d24ec4fc6c
vlcsnap-2025-02-18-23h14m11s752.jpg,No_pothole,manhole,2,COCO pothole category presence,20250218,filename_capture_date,620651e00c1994b098ffb1388f802fbefa0fd6fe1b58db4efdb11a2735596539
vlcsnap-2025-02-18-23h14m17s752.jpg,No_pothole,manhole,2,COCO pothole category presence,20250218,filename_capture_date,6623bb90ce0fb28dad15597b273c9599610ae5a712f6da2f73927fcf067023b5
vlcsnap-2025-02-18-23h14m21s092.jpg,No_pothole,manhole,2,COCO pothole category presence,20250218,filename_capture_date,3d37bf7d1e46b1f07a705f54403674a543fbbffa61cce68f9526081d0c58ec8a
vlcsnap-2025-02-18-23h14m22s569.jpg,No_pothole,manhole,2,COCO pothole category presence,20250218,filename_capture_date,3bf2cf0c140eae42daee523a163ef4c748681eb80195bb9d3c80f4fe3e23c1a7
vlcsnap-2025-02-18-23h14m25s029.jpg,No_pothole,manhole,1,COCO pothole category presence,20250218,filename_capture_date,22e376182af98cb4e5c2cc8bd04c5e10400729d4880b88920991d2e0aef56629
vlcsnap-2025-02-18-23h14m26s836.jpg,No_pothole,manhole,1,COCO pothole category presence,20250218,filename_capture_date,7cdebb28d97fa7c02b83db501ca72cc1177fcf7d3fbee1a92d6a9e14294dc875
vlcsnap-2025-02-18-23h14m28s474.jpg,No_pothole,manhole,1,COCO pothole category presence,20250218,filename_capture_date,bf131c6b5f40975cb559aa2f4efb16f3d861f9242f67ba6ee6552aa96f56ce0f
vlcsnap-2025-02-18-23h14m30s019.jpg,No_pothole,manhole,1,COCO pothole category presence,20250218,filename_capture_date,a4f4750d2587add1b04df807c418717ff056e564abe4dd080eed521115f33467
vlcsnap-2025-02-18-23h14m34s881.jpg,No_pothole,manhole,1,COCO pothole category presence,20250218,filename_capture_date,a950f5571c2ab29ec94843e3c983bf61e317a271827554144f021cc86d2531d8
vlcsnap-2025-02-18-23h14m36s043.jpg,No_pothole,manhole,1,COCO pothole category presence,20250218,filename_capture_date,1adf37699c911f11bded59b3c4e63a82cebf477b7b3d0bebdb399aff4f53baf0
vlcsnap-2025-02-18-23h14m37s362.jpg,No_pothole,manhole,1,COCO pothole category presence,20250218,filename_capture_date,a640f7a12868e4ef933d7dc7a67e238409d698634ee4e3106b817665166360f4
vlcsnap-2025-02-18-23h15m04s500.jpg,No_pothole,manhole,1,COCO pothole category presence,20250218,filename_capture_date,4e1127010ca24ec7ac0b31adbfdd05f1248b7143d45fe45f970dd670553358dd
vlcsnap-2025-02-18-23h15m06s511.jpg,No_pothole,manhole,1,COCO pothole category presence,20250218,filename_capture_date,fdf078eec3e8a4c38b0d257f41e44c38acca5b0ec347b32c08a332733b4faa5b
vlcsnap-2025-02-18-23h15m08s254.jpg,No_pothole,manhole,1,COCO pothole category presence,20250218,filename_capture_date,cf69391756fa565dbe5ac204b7bfe2a4effacad0c7e6d1273fc179959f9a03b9
vlcsnap-2025-02-18-23h15m19s090.jpg,No_pothole,manhole,1,COCO pothole category presence,20250218,filename_capture_date,567842dcb464b8f6f05979e194ec4ee43b656ec3d95d48b259d7608f61dc3569
vlcsnap-2025-02-18-23h15m21s364.jpg,No_pothole,manhole,1,COCO pothole category presence,20250218,filename_capture_date,398cf3f3ca22861dd9dd1a7d9eb89b2eff66ce05a3a2953e1ac57311c1a8d3ab
vlcsnap-2025-02-18-23h15m27s988.jpg,No_pothole,manhole,1,COCO pothole category presence,20250218,filename_capture_date,fcadf2e790727033d180234e4c542dd998824a703f4665150abf8f6841166df3
vlcsnap-2025-02-18-23h15m29s560.jpg,No_pothole,manhole,1,COCO pothole category presence,20250218,filename_capture_date,f50f3cb5c213cfe74cbe16fa3f52c94696c680d56ad2651de0a47c13bade413c
vlcsnap-2025-02-18-23h15m30s977.jpg,No_pothole,manhole,1,COCO pothole category presence,20250218,filename_capture_date,56b81fd9a41d96faed4c8500d5548f87a6cbfeff675ce388ea4b503924e0f094
vlcsnap-2025-02-18-23h15m32s531.jpg,No_pothole,manhole,1,COCO pothole category presence,20250218,filename_capture_date,7d14925a6c676158b7e43d73ecfab207e26d33cf1d498e4e863e05c3332d26cd
vlcsnap-2025-02-18-23h15m35s771.jpg,No_pothole,manhole,1,COCO pothole category presence,20250218,filename_capture_date,83e313c07e9ecb9950ce4306d6f436d0b2e7f351415074d0f32651944d8a02b4
vlcsnap-2025-02-18-23h15m37s152.jpg,No_pothole,manhole,1,COCO pothole category presence,20250218,filename_capture_date,47e081025106091762acd7d13c43ad47d99e6bb2eb0def91812deba30eeab44d
vlcsnap-2025-02-18-23h15m38s268.jpg,No_pothole,manhole,1,COCO pothole category presence,20250218,filename_capture_date,fad47a795d12a634b96d1904003e677916113bbf878a454d1e716c32d82c3729
vlcsnap-2025-02-18-23h15m43s091.jpg,No_pothole,manhole,1,COCO pothole category presence,20250218,filename_capture_date,d610f220a3f98bdd8dd718bedddffd3859c0bf2d585936b601a72b37b677e94e
vlcsnap-2025-02-18-23h15m44s701.jpg,No_pothole,manhole,1,COCO pothole category presence,20250218,filename_capture_date,71bf980f786041fab5a15af538ab416ff248dbd87343b94713463301041961d8
vlcsnap-2025-02-18-23h15m45s809.jpg,No_pothole,manhole,1,COCO pothole category presence,20250218,filename_capture_date,915bb6efa416bea7dfac12992ab839d69bea0a882d0d41e2b7b1190e2c8a1257
vlcsnap-2025-02-18-23h15m48s025.jpg,No_pothole,manhole,1,COCO pothole category presence,20250218,filename_capture_date,9e7065c15400d948bd39cb6fffcdc1ce7b5b3d30eeda197fa8a942d65b45ae08
vlcsnap-2025-02-18-23h15m49s227.jpg,No_pothole,manhole,1,COCO pothole category presence,20250218,filename_capture_date,ab25d26fb7adf3f1e3baf7d90dffa47c4e3db481259d1e80f71f5d88a1f52e69
vlcsnap-2025-02-18-23h15m51s021.jpg,No_pothole,manhole,1,COCO pothole category presence,20250218,filename_capture_date,02af70e844f28bd35ed88cf0f5b84b096969190a1a86499e1ddf2b8c044b8ed9
vlcsnap-2025-02-18-23h15m53s485.jpg,No_pothole,manhole,1,COCO pothole category presence,20250218,filename_capture_date,791417eb3b60462d037d4b691d18fdd3954c1eb906317e41043e5206a3f0382d
vlcsnap-2025-02-18-23h15m54s469.jpg,No_pothole,manhole,1,COCO pothole category presence,20250218,filename_capture_date,0d689bbf6c0f01b233c6538634eb6c1a6f2b12ce02443b8cf49088b80c4bf6b7
vlcsnap-2025-02-18-23h15m56s312.jpg,No_pothole,manhole,1,COCO pothole category presence,20250218,filename_capture_date,4d09f8921751240526a75bbe3f2b1f6fde63d60c00aef62dca926f4017619b87
vlcsnap-2025-02-18-23h15m57s983.jpg,No_pothole,manhole,1,COCO pothole category presence,20250218,filename_capture_date,ed8e304e60b6981fbf5171496c63774c9d8e0864f494eff12ea4206a503b6346
vlcsnap-2025-02-18-23h16m05s272.jpg,No_pothole,manhole,1,COCO pothole category presence,20250218,filename_capture_date,cde265aaa5bab2612d86cb5caee542535b398c329ecf6e9c8cb722ba94cbc2d4
vlcsnap-2025-02-18-23h16m18s522.jpg,No_pothole,crack|manhole,2,COCO pothole category presence,20250218,filename_capture_date,85f84ceab6d1523614e2a89c836976a94c318993634ca9033e38de5cbc962618
vlcsnap-2025-02-18-23h16m37s804.jpg,No_pothole,crack,1,COCO pothole category presence,20250218,filename_capture_date,64c108a4576e739e9119eca0634aff2c2aedd311f7864c28c61cb2db802be34f
vlcsnap-2025-02-18-23h16m39s382.jpg,No_pothole,crack,1,COCO pothole category presence,20250218,filename_capture_date,1b8cd2a75b53d1d4d97fa4d133e91a8fb57a3821a8e434c4d5e022d23ac5fb26
vlcsnap-2025-02-18-23h16m40s869.jpg,No_pothole,crack,1,COCO pothole category presence,20250218,filename_capture_date,64e2d1fe4ecc3a00b066d0976443d3c1d8ed8ef29ad191f85214982c56fc2398
vlcsnap-2025-02-18-23h16m43s156.jpg,No_pothole,crack,1,COCO pothole category presence,20250218,filename_capture_date,01704847d4f4332bb2a1ebe3c2a220f55160edfd2adbb8c7cf3fdf94efd27335
vlcsnap-2025-02-18-23h16m46s019.jpg,Pothole,crack|pothole,3,COCO pothole category presence,20250218,filename_capture_date,843d0e5dcc6fe578b2465616b3f950323886bbbc31927bd45ef34eeca4c500d0
vlcsnap-2025-02-18-23h16m47s802.jpg,Pothole,crack|pothole,3,COCO pothole category presence,20250218,filename_capture_date,255af7e1de33d9b084fb35f9744d3d3ef3ec278282632c587987747fe2472119
vlcsnap-2025-02-18-23h16m49s457.jpg,No_pothole,crack,3,COCO pothole category presence,20250218,filename_capture_date,462cf51589a7f3a72672b26f1ab3e9e4f881f8b4cb1d0d8af07b1dbf0cc69be3
vlcsnap-2025-02-18-23h16m51s863.jpg,No_pothole,crack,2,COCO pothole category presence,20250218,filename_capture_date,87b2adf51f6efddc33b6524b64b930c1d212862a674b2f698a16d776566fec71
vlcsnap-2025-02-18-23h16m54s498.jpg,Pothole,crack|pothole,2,COCO pothole category presence,20250218,filename_capture_date,4f4f211f3632b1826b771f138744e343be10dbce568b30632518016527b2ceae
vlcsnap-2025-02-18-23h18m23s887.jpg,Pothole,pothole,1,COCO pothole category presence,20250218,filename_capture_date,0965b39d8513a905025dd1e70de147acdb41817c7948d6783e68cb419af9f6f8
vlcsnap-2025-02-18-23h18m26s133.jpg,Pothole,pothole,1,COCO pothole category presence,20250218,filename_capture_date,e21e81ca1962f585315fc63b6dc06e298f4f098bea19a2ec406f6f122989ca4d
vlcsnap-2025-02-18-23h18m27s262.jpg,Pothole,pothole,1,COCO pothole category presence,20250218,filename_capture_date,737978b9ebc66c620ed0dee0d28107353d6db0a2128f4e7bc2bca6b3962ddae8
vlcsnap-2025-02-18-23h18m28s528.jpg,Pothole,pothole,1,COCO pothole category presence,20250218,filename_capture_date,cc12e4e41013bfc916137057ddba0d3c85379570689b907333f4f2a2d967ff4b
vlcsnap-2025-02-18-23h18m34s130.jpg,Pothole,pothole,1,COCO pothole category presence,20250218,filename_capture_date,3a83c22bea01579b98ad754977eefe252fa9bd1530b05fea89532efdc23a9fcb
vlcsnap-2025-02-18-23h18m48s132.jpg,Pothole,pothole,1,COCO pothole category presence,20250218,filename_capture_date,ba0513789b9ec97126080881b0650d676fda0c66ddc9afffa5be52ae53095dca
vlcsnap-2025-02-18-23h23m26s734.jpg,No_pothole,manhole,1,COCO pothole category presence,20250218,filename_capture_date,9b65d670bc52e24a907ee54b67dd957bd30e5801e601c7afdff9fddada32d9e8
vlcsnap-2025-02-18-23h23m36s299.jpg,No_pothole,manhole,1,COCO pothole category presence,20250218,filename_capture_date,bf8e0db8848a169647d6a9efee0992cd0a01b32b480bb85c8baab0afde0465bf
vlcsnap-2025-02-18-23h23m37s538.jpg,No_pothole,manhole,1,COCO pothole category presence,20250218,filename_capture_date,48093df8be06a001e6f17ae3fcd80a4124647e23be3973ef33366a0400d47db5
vlcsnap-2025-02-18-23h23m55s225.jpg,No_pothole,manhole,1,COCO pothole category presence,20250218,filename_capture_date,d1bd39878405678001dc44424dcd9a3a957ab4d6e4dc3fa643c55c927ea294ad
vlcsnap-2025-02-18-23h23m56s608.jpg,No_pothole,manhole,1,COCO pothole category presence,20250218,filename_capture_date,097957baf5e63045024dec07252872bfbf1d3602b117a7a1d6b4f0ec5ec9670b
vlcsnap-2025-02-18-23h24m01s127.jpg,No_pothole,manhole,1,COCO pothole category presence,20250218,filename_capture_date,51300be733e3dd8c91de624eabbd87aca926c037fa18f3c6a56ec6ae41dddebc
vlcsnap-2025-02-18-23h24m02s649.jpg,No_pothole,manhole,1,COCO pothole category presence,20250218,filename_capture_date,1199549b67f8ca0da9c10efbe7fc1f04f9916dd5cc3cdff595b3c7ec8c7e194c
vlcsnap-2025-02-18-23h24m03s729.jpg,No_pothole,manhole,1,COCO pothole category presence,20250218,filename_capture_date,1e788437e186d35ad4e895d2051bb9c8cbc8422d5024cad115e5c4f07ee09b5e
vlcsnap-2025-02-18-23h24m20s251.jpg,No_pothole,crack,4,COCO pothole category presence,20250218,filename_capture_date,19c7cd2c28df33d6d70d0cffbab731ce3aae99c3f89fb673e0f621e79554313f
vlcsnap-2025-02-18-23h24m22s979.jpg,Pothole,crack|pothole,3,COCO pothole category presence,20250218,filename_capture_date,1badaa95aeb06a0077d1f72d4546b5919041a3a4f0b4dce6df780fbf9e1b0ffb
vlcsnap-2025-02-18-23h24m25s826.jpg,Pothole,crack|pothole,3,COCO pothole category presence,20250218,filename_capture_date,bfb4699a7ba96496ff97c7dbe43ac2cab9e0ad8c5c47dca7a4cce9eaedeff2d0
vlcsnap-2025-02-18-23h24m29s314.jpg,Pothole,crack|pothole,4,COCO pothole category presence,20250218,filename_capture_date,f760851e17c07b1d2f2bf34e28e5aa02f8f7ce6b936cc972cfd7eeadce842bab
vlcsnap-2025-02-18-23h24m30s869.jpg,Pothole,crack|pothole,3,COCO pothole category presence,20250218,filename_capture_date,36e4359d4d127b7ab7d87adcf9d1d91037075ae0ed6781da09d23fcbe4362736
vlcsnap-2025-02-18-23h24m32s147.jpg,Pothole,crack|pothole,4,COCO pothole category presence,20250218,filename_capture_date,86f259e38e7f4729885b509cd4a49cb2a51daa02382d6d96eb62a8de6c1d8735
vlcsnap-2025-02-18-23h24m34s484.jpg,No_pothole,crack,4,COCO pothole category presence,20250218,filename_capture_date,7b299777d0c0f973109045288c3d1df89cfb0dadb6e54d1698aa7318d867cb2a
vlcsnap-2025-02-18-23h24m36s429.jpg,No_pothole,crack,5,COCO pothole category presence,20250218,filename_capture_date,21b137280bfbd25d995350dd1b446820a23ae635cf52b719dae79caf8e9e324b
vlcsnap-2025-02-18-23h24m37s734.jpg,No_pothole,crack,4,COCO pothole category presence,20250218,filename_capture_date,00dee54c4b5a999f7ada7219ba96b6b410617dad393978e53ab161655d50afdc
vlcsnap-2025-02-18-23h24m39s634.jpg,No_pothole,crack,4,COCO pothole category presence,20250218,filename_capture_date,f745a419bebe5e767226596fc6d48b74980dc940fe8a878befd7ca7650e774bc
vlcsnap-2025-02-18-23h24m41s570.jpg,No_pothole,crack,3,COCO pothole category presence,20250218,filename_capture_date,3052eca7cd2d63d042332e8462722c0bff1b0b1b541ae8b15fc0a1e6e58dff41
vlcsnap-2025-02-18-23h24m45s051.jpg,No_pothole,crack,3,COCO pothole category presence,20250218,filename_capture_date,731cbf20ef0de3ee52f1f89050b33f7cd243f77a30e264c2841dfc216170bda1
vlcsnap-2025-02-18-23h24m47s512.jpg,No_pothole,crack,1,COCO pothole category presence,20250218,filename_capture_date,d15d3e2bf970d82d42eda9cd3b0b352cb018fccc75d2915179436dd7d64f020f
vlcsnap-2025-02-18-23h24m49s466.jpg,No_pothole,crack,2,COCO pothole category presence,20250218,filename_capture_date,3ebb4a5946d1b8fd6d0835d7223f0e7a54f641ce71ca08e183d3f896d851bf6f
vlcsnap-2025-02-18-23h24m52s324.jpg,No_pothole,crack,2,COCO pothole category presence,20250218,filename_capture_date,bf22f877317c2700b9d618a288bb59a19f5c8413ea6913f68ce480a07cb97986
vlcsnap-2025-02-18-23h24m54s277.jpg,No_pothole,crack,3,COCO pothole category presence,20250218,filename_capture_date,6ca04d58551ae6851354fcb2eb1dd942461f4ac387e2287a15dde4baf584399a
vlcsnap-2025-02-18-23h24m58s564.jpg,No_pothole,crack,3,COCO pothole category presence,20250218,filename_capture_date,4bbf4dc43abf6b5a62381bebe99174f75e9a0034711cb3c0343dbffcd14fb04d
vlcsnap-2025-02-18-23h25m00s029.jpg,No_pothole,crack,2,COCO pothole category presence,20250218,filename_capture_date,4b2debed36c62f9c4efe282642a3dc390926add6658b397e7ce3936f4dde892d
vlcsnap-2025-02-18-23h25m01s474.jpg,No_pothole,crack,4,COCO pothole category presence,20250218,filename_capture_date,2d69b3bfa220aa582848d7c8cfb05edf5750cc33c2a02f2c23e5aec7498c9371
vlcsnap-2025-02-18-23h25m03s376.jpg,No_pothole,crack,1,COCO pothole category presence,20250218,filename_capture_date,601ce776ab06e598a0b4b1bfbb1a93f2fce9abc56d36df99621c18e739498638
vlcsnap-2025-02-18-23h25m05s324.jpg,Pothole,crack|pothole,2,COCO pothole category presence,20250218,filename_capture_date,9a8ea44f376333001aa1ecb8c4ea62e050a58c4c2233df0b513a8665b8d162f1
vlcsnap-2025-02-18-23h25m07s507.jpg,No_pothole,crack,1,COCO pothole category presence,20250218,filename_capture_date,5c549a6634b0b2dad77301549b51162ddaabda931bc6afa7b88a7bb43c7680ae
vlcsnap-2025-02-18-23h25m13s140.jpg,No_pothole,crack,1,COCO pothole category presence,20250218,filename_capture_date,bcd1401090533a168f587e0a07e17270d0e31b7c3359d68602ace192d336c8ea
vlcsnap-2025-02-18-23h25m14s922.jpg,No_pothole,crack,1,COCO pothole category presence,20250218,filename_capture_date,837a1ead5e807b97a9b74e8422c7cceb7b6b2b9365c06524ac8ae75140059382
vlcsnap-2025-02-18-23h25m16s322.jpg,No_pothole,crack,1,COCO pothole category presence,20250218,filename_capture_date,ba4f16ba84508350633fb2c3bfdf70f071f796912cfb4a129f9ea6a52f808ca0
vlcsnap-2025-02-18-23h25m43s507.jpg,Pothole,crack|pothole,3,COCO pothole category presence,20250218,filename_capture_date,71b357f2f9c663781c47530941214d5b85a2cdc55ca15bd8555676c98c7b3dd5
vlcsnap-2025-02-18-23h25m44s561.jpg,Pothole,crack|pothole,4,COCO pothole category presence,20250218,filename_capture_date,eaa534f2b5e91e44d821a6ed879144c9c1b67ed1912edf780eee15a766b4e91a
vlcsnap-2025-02-18-23h25m45s670.jpg,Pothole,crack|pothole,4,COCO pothole category presence,20250218,filename_capture_date,22adedb7b58dd2add094ac8c08d63d2759d9215beb0c99577980362afcf1ffab
vlcsnap-2025-02-18-23h25m47s192.jpg,No_pothole,crack,2,COCO pothole category presence,20250218,filename_capture_date,f6befc92262352d7c276890acdbe96aabddf9606ff6066739bb348c8454ce54c
vlcsnap-2025-02-18-23h25m48s850.jpg,No_pothole,crack,1,COCO pothole category presence,20250218,filename_capture_date,505c485c4bb57b7f832c63b5fa1d7cde2f2dd4b0dbeb38c144a75853b8b304c9
vlcsnap-2025-02-18-23h25m50s501.jpg,No_pothole,crack,2,COCO pothole category presence,20250218,filename_capture_date,b3c8a6a968051a82222ec7332a22d2a2ad4c1592025fcbccfd0cd6fb5ef6d933
vlcsnap-2025-02-18-23h26m05s423.jpg,No_pothole,crack|manhole,5,COCO pothole category presence,20250218,filename_capture_date,8f1466910143c71510af50895bbaa5fb81d38efd9bf5f9510dc1bb3f4e822c44
vlcsnap-2025-02-18-23h26m42s214.jpg,No_pothole,crack,1,COCO pothole category presence,20250218,filename_capture_date,5fd6feab4b3c0ef92cd810fd6e3a7be8afdeeea20bd0c051b2c820610adfbe2e
vlcsnap-2025-02-18-23h26m46s628.jpg,No_pothole,crack,1,COCO pothole category presence,20250218,filename_capture_date,68b30ecd83f1e31b45d494527f8dcc7cdaf133f4c24beecd3eece606f815a30e
vlcsnap-2025-02-18-23h27m05s418.jpg,No_pothole,manhole,1,COCO pothole category presence,20250218,filename_capture_date,8fec6dee220e3e60d49f45cd250732bd9d1b4ef2cb9518afc4e8de71d213d3bb
vlcsnap-2025-02-18-23h27m15s316.jpg,No_pothole,crack,1,COCO pothole category presence,20250218,filename_capture_date,d2a2d03674c8bae500807c68220e86f24aa05ae6230af800fa00ce3121f4de72
vlcsnap-2025-02-18-23h27m22s780.jpg,No_pothole,manhole,1,COCO pothole category presence,20250218,filename_capture_date,3957d957c5090ac07597a28d2ed47e73516aabc329445e61bbfcc20fa1a40591
vlcsnap-2025-02-18-23h27m31s572.jpg,No_pothole,manhole,1,COCO pothole category presence,20250218,filename_capture_date,76bf2cf1d152da0948a6ee212459a7c964b6e8dd7d2620debd3baa54fa31eaa1
vlcsnap-2025-02-18-23h27m33s135.jpg,No_pothole,manhole,1,COCO pothole category presence,20250218,filename_capture_date,5485414931b592d2bec1e9adb1c17cf185b97b397881996ad4d29b77cec8cdc5
vlcsnap-2025-02-18-23h27m36s819.jpg,No_pothole,manhole,1,COCO pothole category presence,20250218,filename_capture_date,201784c8ab64e222a9949361c2244446a91f89d7d77bae68a3fc20d5532371b3
vlcsnap-2025-02-18-23h27m41s807.jpg,No_pothole,manhole,1,COCO pothole category presence,20250218,filename_capture_date,a9e682604316ecd5459d1448403967d613e963e2b4b922a6b227e403376611d1
vlcsnap-2025-02-18-23h27m47s699.jpg,Pothole,crack|manhole|pothole,3,COCO pothole category presence,20250218,filename_capture_date,63d5a4f2ee515978dbe4f1223de42c99987ebd89272e95e461889386eade8696
vlcsnap-2025-02-18-23h27m49s136.jpg,Pothole,manhole|pothole,3,COCO pothole category presence,20250218,filename_capture_date,cfc5e982e367a3d60169d0346d9d2614ed6cfea574f853dc2fa8b92e447b3997
vlcsnap-2025-02-18-23h27m50s279.jpg,Pothole,manhole|pothole,3,COCO pothole category presence,20250218,filename_capture_date,ca93475294f3ba6d2a8e579b9104ce4767ddc918414318a4642dd1c393243cff
vlcsnap-2025-02-18-23h27m51s328.jpg,Pothole,pothole,1,COCO pothole category presence,20250218,filename_capture_date,e67a8dcbf401a804c15b91f58940d1e7f6293a0a5d940d27c15cbbf8678c6b99
vlcsnap-2025-02-18-23h27m57s460.jpg,No_pothole,crack,2,COCO pothole category presence,20250218,filename_capture_date,57f160596e05afc4f0f5b743ca17c1c849921124556a7a47782b44c750ecc7ec
vlcsnap-2025-02-18-23h28m02s296.jpg,No_pothole,manhole,1,COCO pothole category presence,20250218,filename_capture_date,887ec7d3e99ef4d2d7ff2b6afb447413a4ab11461a7b4db4d5cd690f1768088b
vlcsnap-2025-02-18-23h28m16s517.jpg,No_pothole,crack|manhole,3,COCO pothole category presence,20250218,filename_capture_date,c26561a00c640237727b6196a2feb593c35028a9af63f2e94a1b5fcdc7040054
vlcsnap-2025-02-18-23h28m21s081.jpg,Pothole,manhole|pothole,2,COCO pothole category presence,20250218,filename_capture_date,d41816ca11d54dc0ecda717fa35ab7c9c74af4b44bbc9082238543d351cade94
vlcsnap-2025-02-18-23h28m28s645.jpg,Pothole,crack|pothole,3,COCO pothole category presence,20250218,filename_capture_date,f31ac41e0f20b3e48b75fd0b5886eb8bf9c45ed7f07011935267160ede8f2aa5
vlcsnap-2025-02-18-23h28m31s267.jpg,No_pothole,crack,4,COCO pothole category presence,20250218,filename_capture_date,7fdbf79e260a957b68537dea5d96ba38f9e1435310682fc3b1c37daaf967d838
vlcsnap-2025-02-18-23h28m32s534.jpg,No_pothole,crack,3,COCO pothole category presence,20250218,filename_capture_date,2dc4f284ad5e6875a1d5a1fd594bb23c5ac41b04337c56dc02848768583f17d6
vlcsnap-2025-02-18-23h28m35s937.jpg,No_pothole,crack,2,COCO pothole category presence,20250218,filename_capture_date,29e1c4ef38e327529d3d3ba6e166b036374ab59edb8c5bf26ef333b189e88cd2
vlcsnap-2025-02-18-23h28m37s345.jpg,Pothole,crack|pothole,4,COCO pothole category presence,20250218,filename_capture_date,621da22e51ec7766a49b9d9229aa512960f07f3128e8d0971e45d0b644dfc062
vlcsnap-2025-02-18-23h28m38s634.jpg,Pothole,crack|pothole,5,COCO pothole category presence,20250218,filename_capture_date,d3a28ce1c0c867efb592c9d4677bff9a4ddddc429a38ecd37785a174912ba679
vlcsnap-2025-02-18-23h28m40s708.jpg,Pothole,crack|pothole,3,COCO pothole category presence,20250218,filename_capture_date,8ae0ddde9a9691f18c7d42aec7352f5ee912cb0fcaae4c62e402ea24f90a9ce8
vlcsnap-2025-02-18-23h28m42s438.jpg,Pothole,crack|pothole,3,COCO pothole category presence,20250218,filename_capture_date,622a1be7e67690538e296a9dfc45a183719ace763ac798f04339cac5a8eab80e
vlcsnap-2025-02-18-23h28m43s566.jpg,Pothole,crack|pothole,3,COCO pothole category presence,20250218,filename_capture_date,572f9ec630c07430c3e558df00237d7c490f62a7cb93fab4957e0a1280de0539
vlcsnap-2025-02-18-23h28m46s078.jpg,No_pothole,crack,2,COCO pothole category presence,20250218,filename_capture_date,616ca2f374dd9a59ad562472cbd29ab28de45a8291149c646dcec82811b156b3
vlcsnap-2025-02-18-23h28m48s152.jpg,No_pothole,crack|manhole,2,COCO pothole category presence,20250218,filename_capture_date,327bc2ead103983b585b5cb7af3acce1a5d639485460c399470ddfa137904ba6
vlcsnap-2025-02-18-23h28m49s924.jpg,No_pothole,crack,3,COCO pothole category presence,20250218,filename_capture_date,5fbd8ce6a6a11bb96182c9b1cfbf3b1082e4b8094b412bd291e5905af322d790
vlcsnap-2025-02-18-23h28m51s077.jpg,No_pothole,crack,1,COCO pothole category presence,20250218,filename_capture_date,456d86ab83d03414ee7050a853ead48d9ce9510b6fa6bdf21e243f0a18f6a3ae
vlcsnap-2025-02-18-23h28m55s133.jpg,No_pothole,crack,1,COCO pothole category presence,20250218,filename_capture_date,2734560fb776eca9b74e68f3feaf7a36141ac1e417470c8f80af9ddeed67a294
vlcsnap-2025-02-18-23h29m04s331.jpg,No_pothole,crack,4,COCO pothole category presence,20250218,filename_capture_date,92d5ef4726a4687c676101ca171a66c5542f5afcba897aeade336df411870359
vlcsnap-2025-02-18-23h29m05s904.jpg,No_pothole,crack,2,COCO pothole category presence,20250218,filename_capture_date,924527e385c04e475581870e9aefd3e230ab0464914b2d75cda643c8b5075dfe
vlcsnap-2025-02-18-23h29m07s392.jpg,No_pothole,crack,4,COCO pothole category presence,20250218,filename_capture_date,72c40d27823011bc4ee004d7bf0e3b9a9f8540d3a57a5c383f50ec25e9ffb146
vlcsnap-2025-02-18-23h29m08s868.jpg,No_pothole,crack,2,COCO pothole category presence,20250218,filename_capture_date,94c380b3d080ac2ec7b508d751b154e023c5640053e4a0abc5568aeeab8c87de
vlcsnap-2025-02-18-23h29m10s496.jpg,No_pothole,crack,4,COCO pothole category presence,20250218,filename_capture_date,753f49a4cd568b32aa49a7491e59360e8c1fc246432004a582ef8c1282cc4a21
vlcsnap-2025-02-18-23h29m11s728.jpg,No_pothole,crack,4,COCO pothole category presence,20250218,filename_capture_date,8214f30d4561e8c52a40e5288153136da4df431890a5baaab4e2a56b94a15f59
vlcsnap-2025-02-18-23h29m13s023.jpg,No_pothole,crack,3,COCO pothole category presence,20250218,filename_capture_date,1a11f5e509ca789fe4f6b02584de809840bec9580c9b8e73c725acddaea9da1d
vlcsnap-2025-02-18-23h29m14s617.jpg,No_pothole,crack,1,COCO pothole category presence,20250218,filename_capture_date,0e28061bfaa9cfde7cb5d0bc080146c44ee71d15452cde0fa1743321071cf955
vlcsnap-2025-02-18-23h29m17s065.jpg,No_pothole,crack,1,COCO pothole category presence,20250218,filename_capture_date,744dfbcf75b97d9d1e8218da60480b6828a3b6f3856bdf8090e2fadee6003ee2
vlcsnap-2025-02-18-23h29m34s346.jpg,No_pothole,manhole,1,COCO pothole category presence,20250218,filename_capture_date,c02f931e077734947b2a2bf56993d69b45b3495c485fd8e80522c30a4416c263
vlcsnap-2025-02-18-23h29m48s551.jpg,No_pothole,crack,1,COCO pothole category presence,20250218,filename_capture_date,a5456d72c6d39edf287b7dbc44cb1d0b16e9e7c5d0f22ff0c92a6014a525029c
vlcsnap-2025-02-18-23h30m06s450.jpg,Pothole,manhole|pothole,3,COCO pothole category presence,20250218,filename_capture_date,d976770b0817aa52d8b2341ff1c884f7527e8775a4d932158484e4cfe82ee01a
vlcsnap-2025-02-18-23h30m06s580.jpg,No_pothole,manhole,2,COCO pothole category presence,20250218,filename_capture_date,0590a4caf02384898d244231dca2de13d3625261da8f84b387ec918ae1ed73f6
vlcsnap-2025-02-18-23h30m21s944.jpg,No_pothole,crack,1,COCO pothole category presence,20250218,filename_capture_date,ec6d8cab5f519a6a011ce28f367889ef40f67d1af71c43e265e814ad942c87f9
vlcsnap-2025-02-18-23h30m22s178.jpg,No_pothole,crack,1,COCO pothole category presence,20250218,filename_capture_date,c399915f029cb5a9c0afd1daaf7cb7a3e1840c654711645362b87855d3ebf527
vlcsnap-2025-02-18-23h30m22s402.jpg,No_pothole,crack,1,COCO pothole category presence,20250218,filename_capture_date,2d80f5ecadf258772174a1d18dbf32381d9824bfc9fe363ed8d1f64bba13e575
vlcsnap-2025-02-18-23h30m22s632.jpg,No_pothole,crack,1,COCO pothole category presence,20250218,filename_capture_date,e65068dc5137f9339c0aad3e7b462bf895156eb0e1cf3b0b73a8966194e50b84
vlcsnap-2025-02-18-23h30m22s862.jpg,No_pothole,crack,1,COCO pothole category presence,20250218,filename_capture_date,aca0e0fbf581666a1b05f4282964e009094055ed92c9bbfa6da78c5e4be50dca
vlcsnap-2025-02-18-23h30m23s092.jpg,No_pothole,crack,1,COCO pothole category presence,20250218,filename_capture_date,445251703a5ee226ebb0452feca9437619209df5ccd970d150ca09654ba0a4c3
vlcsnap-2025-02-18-23h30m24s442.jpg,No_pothole,crack,1,COCO pothole category presence,20250218,filename_capture_date,5eb58eec4f404868470710a1fd1a7f4ad29b0c37ab47d730cdc650bddf3c9005
vlcsnap-2025-02-18-23h30m25s298.jpg,No_pothole,crack,2,COCO pothole category presence,20250218,filename_capture_date,bf12d398683136b5f874dee87c5ad5fb946f099e8f06bc30385aec98ad2e0251
vlcsnap-2025-02-18-23h30m25s629.jpg,No_pothole,crack,1,COCO pothole category presence,20250218,filename_capture_date,b24d8005f70e56008b78a2083293f9b879267be8054a482c9cc4bfb905b2182c
vlcsnap-2025-02-18-23h30m26s420.jpg,No_pothole,crack,1,COCO pothole category presence,20250218,filename_capture_date,a65e34c3175599540d11069e29b63220f9baf07113e42240c617671acb7420a4
vlcsnap-2025-02-18-23h30m28s299.jpg,No_pothole,crack,1,COCO pothole category presence,20250218,filename_capture_date,01b6c4635f21333ea92cb6c62c19328ba65104bc4536ec6d448645b4d826fa14
vlcsnap-2025-02-18-23h30m28s596.jpg,No_pothole,crack,1,COCO pothole category presence,20250218,filename_capture_date,04c925d84c3121641e5062d2e03648b884e9ce23af23cdc9c9b9cca3e81075f8
vlcsnap-2025-02-18-23h30m28s793.jpg,No_pothole,crack,1,COCO pothole category presence,20250218,filename_capture_date,7ad02c703523ccfa7d3fd65c5df5dc908aa38b6304a48e956d46e5741082104a
vlcsnap-2025-02-18-23h30m28s990.jpg,Pothole,crack|pothole,7,COCO pothole category presence,20250218,filename_capture_date,52a861c5dfd71e12bc16370857db8c4969926b49c0d73a2fc2f59cdf0cf6aab5
vlcsnap-2025-02-18-23h30m29s192.jpg,Pothole,crack|pothole,5,COCO pothole category presence,20250218,filename_capture_date,1f2dbd14f794e6a9e4efb21cb68e1622e64bf415b2a3ddbce4cd2d2b1beed361
vlcsnap-2025-02-18-23h30m29s418.jpg,Pothole,crack|pothole,3,COCO pothole category presence,20250218,filename_capture_date,adb39d1c737094e8f3c86f780ea87c4ac5b0ca18aab3e54390fea130625cad50
vlcsnap-2025-02-18-23h30m29s649.jpg,No_pothole,crack,3,COCO pothole category presence,20250218,filename_capture_date,3015f98803f9e0bdd5596b3f042fe496c56ac5071e9fb3b49d185a645e0d1f6b
vlcsnap-2025-02-18-23h30m33s376.jpg,Pothole,crack|pothole,2,COCO pothole category presence,20250218,filename_capture_date,05d8f83e4b9765277f6d1f5dc1694ef91c97947a0aa598cb0d67727ff86f8036
vlcsnap-2025-02-18-23h30m33s636.jpg,Pothole,pothole,1,COCO pothole category presence,20250218,filename_capture_date,f6a0c36381c29c49eb83740dd8a99cd4287f9c131ea349a2e5f95510819568d0
vlcsnap-2025-02-18-23h30m33s871.jpg,Pothole,pothole,1,COCO pothole category presence,20250218,filename_capture_date,35523ff59c01944099fda47471a3ae3e8cb6c8ede963a757b0f5e252f55ceb9f
vlcsnap-2025-02-18-23h30m34s065.jpg,Pothole,pothole,1,COCO pothole category presence,20250218,filename_capture_date,d835db2555073ebd6c9ad3438be7d20832e0243e99147133eda272a6225a2401
vlcsnap-2025-02-18-23h30m34s296.jpg,Pothole,pothole,1,COCO pothole category presence,20250218,filename_capture_date,1165a848f25dd61a7023f200eb10c41d1e2e3d2bc2474393b91bcf243723b64c
vlcsnap-2025-02-19-13h52m29s173.jpg,No_pothole,manhole,1,COCO pothole category presence,20250219,filename_capture_date,c7c485390cec1761eacc27d3d7b1618c43a1351cdb06c8336ef2b9a3a56fa575
vlcsnap-2025-02-19-13h52m35s172.jpg,No_pothole,manhole,1,COCO pothole category presence,20250219,filename_capture_date,fde6cd607a7e36d14a544186af0a5be0b3792e5de456682a31dd0440b2e7015d
vlcsnap-2025-02-19-13h52m41s173.jpg,No_pothole,crack|manhole,4,COCO pothole category presence,20250219,filename_capture_date,b98a68d73352f1d54aec8446e9caa3cf2dabb60357d44bf194f40636a05682a8
vlcsnap-2025-02-19-13h52m44s869.jpg,No_pothole,manhole,3,COCO pothole category presence,20250219,filename_capture_date,3de5934571f42ad9e35efccf57b32b2910b7411f7c0e3739d98fb2201a4a1b07
vlcsnap-2025-02-19-13h52m49s424.jpg,Pothole,manhole|pothole,4,COCO pothole category presence,20250219,filename_capture_date,9d8bd4f24203676be2084aecb77abce3e490de89cb7314f7d960723e93449ff3
vlcsnap-2025-02-19-13h52m55s313.jpg,No_pothole,manhole,1,COCO pothole category presence,20250219,filename_capture_date,75bb87a42acbaa6ddc54cc716f91c1b8fff3cea017510030b52615b65a5a14d7
vlcsnap-2025-02-19-13h52m57s218.jpg,No_pothole,manhole,1,COCO pothole category presence,20250219,filename_capture_date,6a7a09cb9d1b2e7fb3e69b072b718cca5e831453d41102ad6a7d446517ff2608
vlcsnap-2025-02-19-13h52m59s472.jpg,No_pothole,manhole,3,COCO pothole category presence,20250219,filename_capture_date,bcf7cbf2d66fc797133d166a717a7c912a6646ba6808cb414a0d86d0443dd941
vlcsnap-2025-02-19-13h53m01s070.jpg,Pothole,manhole|pothole,3,COCO pothole category presence,20250219,filename_capture_date,1696fbc37fe923f3567ddfb7c99c2e7247d65074f04001d3e3c495398a599ab9
vlcsnap-2025-02-19-13h53m02s335.jpg,Pothole,manhole|pothole,3,COCO pothole category presence,20250219,filename_capture_date,43b163436034c9d2c317cf76274a4a28d54c9ab761f907ac7e050873a7e80ce1
vlcsnap-2025-02-19-13h53m04s962.jpg,Pothole,manhole|pothole,4,COCO pothole category presence,20250219,filename_capture_date,f695071fea71826336be690d2deb1414f7bc88964fcb220b29bf74920ce08362
vlcsnap-2025-02-19-13h53m06s133.jpg,Pothole,manhole|pothole,2,COCO pothole category presence,20250219,filename_capture_date,c5d3d851e3100f7037a730a6dfb6b9f5ca2038c013d7b0c0aa3c3ffb60c9b991
vlcsnap-2025-02-19-13h53m07s405.jpg,No_pothole,crack|manhole,4,COCO pothole category presence,20250219,filename_capture_date,bd7ff6d21585cbb80af5d07b8a4d4f998c359ca34a22fecea9eb3b6ca92fa95b
vlcsnap-2025-02-19-13h53m09s268.jpg,No_pothole,manhole,2,COCO pothole category presence,20250219,filename_capture_date,b4b1948adfb819d7926f623d0ac920051a8ce9f9c04d68d0b06eb458b4bd6cd6
vlcsnap-2025-02-19-13h53m10s535.jpg,Pothole,manhole|pothole,3,COCO pothole category presence,20250219,filename_capture_date,e25330b231712039ac93d85672b02b84c72bc6e3f07c197316d78e1b24a8e405
vlcsnap-2025-02-19-13h53m12s243.jpg,No_pothole,manhole,1,COCO pothole category presence,20250219,filename_capture_date,fc325880b61e68cc7c1ce350d82330f2d413bf1af25ea847af66459b47a738e4
vlcsnap-2025-02-19-13h53m13s598.jpg,Pothole,manhole|pothole,3,COCO pothole category presence,20250219,filename_capture_date,1c8829fb1f2ff6307f20422a017b9276dffd427d91e9d63c521302d8344d8a87
vlcsnap-2025-02-19-13h53m14s903.jpg,Pothole,crack|manhole|pothole,5,COCO pothole category presence,20250219,filename_capture_date,17ac9b801e38d82385a8042669fd62609eea702a71d4a076b5724aa98f497784
vlcsnap-2025-02-19-13h53m16s389.jpg,Pothole,crack|manhole|pothole,3,COCO pothole category presence,20250219,filename_capture_date,735ab992af2aa58c4e8af268d80ca9f70102f83abbf539ce57c2bbbfff3e9c4f
vlcsnap-2025-02-19-13h53m18s160.jpg,Pothole,manhole|pothole,2,COCO pothole category presence,20250219,filename_capture_date,bc638ef123c738978c8fed912d6cf7485341784ac2e6d29e0d67b790851cf64c
vlcsnap-2025-02-19-13h53m21s401.jpg,No_pothole,crack,1,COCO pothole category presence,20250219,filename_capture_date,1c8ed0441e91732142eab02e30a3498794247494ec785135d81ce00913114e5f
vlcsnap-2025-02-19-13h53m22s735.jpg,No_pothole,crack|manhole,2,COCO pothole category presence,20250219,filename_capture_date,c46686b22ff5e15015d311b31833210d8864f6bde1d8434d31e0bcccdbd304a5
vlcsnap-2025-02-19-13h53m24s120.jpg,Pothole,crack|pothole,3,COCO pothole category presence,20250219,filename_capture_date,1bdfa0eff752b93afae20a93db023f922a26c6c06acd649e096e056f622e6f1c
vlcsnap-2025-02-19-13h53m26s148.jpg,No_pothole,crack,3,COCO pothole category presence,20250219,filename_capture_date,3e996293750630bb655d1827ea18ac6e022774e956a930984388608354fea36f
vlcsnap-2025-02-19-13h53m27s318.jpg,Pothole,crack|pothole,4,COCO pothole category presence,20250219,filename_capture_date,7857eb2c03ef26a790a1de3b304cca7b5ca13aa15edac1daa56ec831965b5e0e
vlcsnap-2025-02-19-13h53m28s938.jpg,No_pothole,crack|manhole,2,COCO pothole category presence,20250219,filename_capture_date,5f5966713fcd6110e9ad25870537cc80d6044f8b599d8632264a4f83e6ae1cf9
vlcsnap-2025-02-19-13h53m30s157.jpg,Pothole,crack|manhole|pothole,3,COCO pothole category presence,20250219,filename_capture_date,f1c5f64ccc63a1aafa85fba66168e8513b9428ff2360ad6872d3414815f6175f
vlcsnap-2025-02-19-13h53m32s539.jpg,Pothole,crack|pothole,3,COCO pothole category presence,20250219,filename_capture_date,a2abaeaf7b3d269d0eb21de858d7207e4f008738c0b501b9571f8831349c9a46
vlcsnap-2025-02-19-13h53m34s588.jpg,Pothole,crack|pothole,4,COCO pothole category presence,20250219,filename_capture_date,c123e8c7257c6c318c991d0f973a90ec58c10b011caf9910f8a0102ed9f7c49c
vlcsnap-2025-02-19-13h53m36s587.jpg,Pothole,crack|manhole|pothole,4,COCO pothole category presence,20250219,filename_capture_date,59614f323fd2cd6505d79b6f25b25c7a5370a94a46561fb45fb93e55c805a44f
vlcsnap-2025-02-19-13h54m19s086.jpg,No_pothole,crack,3,COCO pothole category presence,20250219,filename_capture_date,5b82898b8cd265059af7b03cda5317f508a8b1e0147d155bd434b10d58c3785d
vlcsnap-2025-02-19-13h54m22s478.jpg,No_pothole,crack,4,COCO pothole category presence,20250219,filename_capture_date,93d54009b8516278616dde149a980c224050cf4088d0cb08f2aa39ca8e52b3a5
vlcsnap-2025-02-19-13h55m07s152.jpg,Pothole,manhole|pothole,2,COCO pothole category presence,20250219,filename_capture_date,2720c22446ac4610aa51de5e1f765a035d2ee6842f2bbf7e029b1591cc7bfd02
vlcsnap-2025-02-19-13h55m08s634.jpg,Pothole,manhole|pothole,3,COCO pothole category presence,20250219,filename_capture_date,5531791ee30268919d9062f9256a2a7eb09a73b74cba2210d67395d8769255bd
vlcsnap-2025-02-19-13h55m14s182.jpg,Pothole,manhole|pothole,3,COCO pothole category presence,20250219,filename_capture_date,1ab018fd25aec3474491e34bddf2d1f948108692f601ea34582f73fde3cd5900
vlcsnap-2025-02-19-13h55m15s388.jpg,Pothole,manhole|pothole,3,COCO pothole category presence,20250219,filename_capture_date,4a62e7a21df420ace8688e88cbe16ae24ada9a2335bd1eb01a6a6d11c1b0a98e
vlcsnap-2025-02-19-13h55m39s761.jpg,Pothole,manhole|pothole,2,COCO pothole category presence,20250219,filename_capture_date,dacc99dfcfe92e5bd47d76a4972f70fc569df99c6653fbcf1435226ed85ba7da
vlcsnap-2025-02-19-13h55m42s086.jpg,Pothole,manhole|pothole,2,COCO pothole category presence,20250219,filename_capture_date,2df43ffbfb8d667280b711d0a12d238c660646b75fc3f285dc09fe02bbbbb644
vlcsnap-2025-02-19-13h55m45s135.jpg,Pothole,crack|manhole|pothole,3,COCO pothole category presence,20250219,filename_capture_date,d1331459af883312af2ad6216e698a15871a0069601b61dc55e184e9b040ba46
vlcsnap-2025-02-19-13h55m47s384.jpg,Pothole,manhole|pothole,2,COCO pothole category presence,20250219,filename_capture_date,52d17c7e3eb9e4f86b8c80c5de418f155cfcd1f47e85f266ec98eb486d79b1ec
vlcsnap-2025-02-19-13h55m49s999.jpg,No_pothole,manhole,1,COCO pothole category presence,20250219,filename_capture_date,de3f59d4e9c259a8bd0a6ed21235f1157db119eab848cf0e56a3bf093930f646
vlcsnap-2025-02-19-13h55m53s838.jpg,Pothole,manhole|pothole,4,COCO pothole category presence,20250219,filename_capture_date,21927dca47a791a2818d74e2f7e7ac65a27f0b5f1bef45353f127df2b3004793
vlcsnap-2025-02-19-13h55m55s177.jpg,Pothole,crack|manhole|pothole,5,COCO pothole category presence,20250219,filename_capture_date,c15c5384a86632b29f9f0a8e99c6c7cce107b87829fb54783f6b10c4c1e4b54b
vlcsnap-2025-02-19-13h55m56s975.jpg,Pothole,crack|manhole|pothole,4,COCO pothole category presence,20250219,filename_capture_date,e1b0730e7e4e47e717c996f981d024ec84cbe76d7e5a55b56da7ff9d5e880905
vlcsnap-2025-02-19-13h55m59s825.jpg,Pothole,crack|manhole|pothole,4,COCO pothole category presence,20250219,filename_capture_date,adf70e7e2d45043e76ec790f571e1fa17f4fea58d587997a5ba18cb20ecbc333
vlcsnap-2025-02-19-13h56m00s948.jpg,Pothole,crack|manhole|pothole,3,COCO pothole category presence,20250219,filename_capture_date,b6c1f8ab63ce71cfbda594da3825ac4a0a5a0dca1ff28af24d15a2ff475e5966
vlcsnap-2025-02-19-13h56m03s897.jpg,No_pothole,crack|manhole,2,COCO pothole category presence,20250219,filename_capture_date,20dc121b4f5afdeae41841b120fa0209f5f69958fd3cbac4560c8c467d3e9de9
vlcsnap-2025-02-19-13h56m05s774.jpg,No_pothole,manhole,1,COCO pothole category presence,20250219,filename_capture_date,4ec722a9ba8c75ee1ea9d209cec12f36e54b7c5849c27fd328022ecdbdf06bc8
vlcsnap-2025-02-19-13h56m06s574.jpg,No_pothole,manhole,1,COCO pothole category presence,20250219,filename_capture_date,4a9b48647b82a68e1371cfe6cb5500535c71317d16c4ae3fcfc701a888328b44
vlcsnap-2025-02-19-13h56m08s483.jpg,No_pothole,manhole,1,COCO pothole category presence,20250219,filename_capture_date,05c95f02a35d936de0dcbb2dbba686de6025e67b927ef6c0150f8097efeb9279
vlcsnap-2025-02-19-13h56m10s417.jpg,Pothole,manhole|pothole,2,COCO pothole category presence,20250219,filename_capture_date,c8f469b72e7ea2ffce09320a64211faa9fdc77d25834f5b8c56e891ca997d033
vlcsnap-2025-02-19-13h59m33s924.jpg,No_pothole,manhole,1,COCO pothole category presence,20250219,filename_capture_date,654e28ce2b387076571082235848ce03daf26cd4330b883ede61052740253d07
vlcsnap-2025-02-19-13h59m35s605.jpg,No_pothole,manhole,1,COCO pothole category presence,20250219,filename_capture_date,13587c794e20e53185d57cdad8762c486bb2b68dd13386f94e92f8849d5132ef
vlcsnap-2025-02-19-13h59m36s869.jpg,No_pothole,manhole,1,COCO pothole category presence,20250219,filename_capture_date,d80ca1130b891e289eb38dbd594fb966ac91b3d1e755a9989987387bf050b0ba
vlcsnap-2025-02-19-13h59m42s553.jpg,No_pothole,manhole,1,COCO pothole category presence,20250219,filename_capture_date,4830a76b53e4674423999c39f805bb5a0264fc0e21e52db19a8ec2014f27d54f
vlcsnap-2025-02-19-14h00m24s299.jpg,No_pothole,manhole,1,COCO pothole category presence,20250219,filename_capture_date,e4ee0d07ef4568538362bf0b365c83d0132eff5df2537f469eaae228b4a60c3c
vlcsnap-2025-02-19-14h00m34s961.jpg,Pothole,manhole|pothole,3,COCO pothole category presence,20250219,filename_capture_date,a795655e74f25162f8a103da08a0752c7152580d19f129b1ea0fe0a7a3d9f2b7
vlcsnap-2025-02-19-14h00m36s546.jpg,Pothole,manhole|pothole,3,COCO pothole category presence,20250219,filename_capture_date,2b12d6e72ff81440c1971ae446b51f705d15a87173b3c4e09dcfe128d79957bb
vlcsnap-2025-02-19-14h00m38s656.jpg,Pothole,pothole,1,COCO pothole category presence,20250219,filename_capture_date,dd0b51b8d85977e9ec5601388a3821b7a451fd4212f94766dfdad03b2122e269
vlcsnap-2025-02-19-14h00m39s870.jpg,Pothole,pothole,1,COCO pothole category presence,20250219,filename_capture_date,69a2d8920fb419bde2aee490b3a1ae12f49cca2f903f7e647f614cd78d8b330f
vlcsnap-2025-02-19-14h00m45s970.jpg,Pothole,manhole|pothole,2,COCO pothole category presence,20250219,filename_capture_date,6b49f1c455d46f1a37a4ef982ee1885c82458ad299c51703636e6d1eb7d1ef4d
vlcsnap-2025-02-19-14h00m47s155.jpg,Pothole,manhole|pothole,4,COCO pothole category presence,20250219,filename_capture_date,556aeca06afaa2f5e1a9f6054e127c8aafbdae128a4b72e4ba06e7224265b4d6
vlcsnap-2025-02-19-14h00m49s193.jpg,Pothole,manhole|pothole,2,COCO pothole category presence,20250219,filename_capture_date,aa53cf6c790dc2499d2ccebc2215560bc219f6a720893da4c0781477bf02c7c7
vlcsnap-2025-02-19-14h01m01s373.jpg,No_pothole,crack,1,COCO pothole category presence,20250219,filename_capture_date,d1864bc02d2a491e4edeca1659f9c02954b4c025ecd7e2712f6d5e33e60d8176
vlcsnap-2025-02-19-14h01m02s960.jpg,Pothole,crack|pothole,2,COCO pothole category presence,20250219,filename_capture_date,345979be0af2c8f69073b8edcd47622d18de5816c8e5caf1803e65644660903d
vlcsnap-2025-02-19-14h01m06s349.jpg,Pothole,manhole|pothole,2,COCO pothole category presence,20250219,filename_capture_date,cb1cc6552fce77cb95111c5b77abc33deb9f84e3acf105bd27b5cc200773b34e
vlcsnap-2025-02-19-14h01m07s334.jpg,Pothole,manhole|pothole,2,COCO pothole category presence,20250219,filename_capture_date,db091a1afcc2e1ad66729be800200a2e8c5853bc91e737dc064e1c93286ef20e
vlcsnap-2025-02-19-14h01m27s651.jpg,Pothole,manhole|pothole,4,COCO pothole category presence,20250219,filename_capture_date,a34413278ae7645e99796a4076a69c2a85d13fac4718be8a0a89f52e41b7d3bf
vlcsnap-2025-02-19-14h01m30s033.jpg,Pothole,manhole|pothole,3,COCO pothole category presence,20250219,filename_capture_date,9faf846187a1e0bb36be595fd32d9d4be6a1109c756c1dcdd49f7df8eed70ec5
vlcsnap-2025-02-19-14h02m12s428.jpg,No_pothole,crack,3,COCO pothole category presence,20250219,filename_capture_date,259e166bb03189912b8354cc352480b9902a24dd4df10ee96b24c2f606f879c0
vlcsnap-2025-02-19-14h02m13s928.jpg,No_pothole,crack,4,COCO pothole category presence,20250219,filename_capture_date,376003f4989f9ac0fe0bea3e42a188e3af2227ea12cb6e3a9b42eb8ac12def76
vlcsnap-2025-02-19-14h02m16s715.jpg,No_pothole,crack|manhole,5,COCO pothole category presence,20250219,filename_capture_date,f6b253ac61f3cf2df814661be23472e75bc02c16dcc4583272d47c1376a50e54
vlcsnap-2025-02-19-14h02m18s520.jpg,No_pothole,crack|manhole,4,COCO pothole category presence,20250219,filename_capture_date,747c942621e39f6fc0e0283554b80996d5dce0890c5a11139a1b6f44b26e48dc
vlcsnap-2025-02-19-14h02m20s317.jpg,No_pothole,crack|manhole,4,COCO pothole category presence,20250219,filename_capture_date,3f8163cc248093758f931ff86520eb847d56ad244f639cfb1604edbdb3daeef3
vlcsnap-2025-02-19-14h02m24s781.jpg,No_pothole,crack,2,COCO pothole category presence,20250219,filename_capture_date,18c403ff605ac304c874c294111bba69611be44b509806b30860467906707669
vlcsnap-2025-02-19-14h02m26s218.jpg,No_pothole,crack,1,COCO pothole category presence,20250219,filename_capture_date,04704a7a035cc3187b419abb11b748a6c731895cf0ae628c3b026f8e1f2d023e
vlcsnap-2025-02-19-14h04m04s152.jpg,No_pothole,crack,2,COCO pothole category presence,20250219,filename_capture_date,3def2733146888849d60bb4f02073e5f923f46ad5464b4a3dae6f38f57e197e9
vlcsnap-2025-02-19-14h04m30s627.jpg,No_pothole,crack,1,COCO pothole category presence,20250219,filename_capture_date,7a9795506251b72c15f854f739402d4b1daf13957e2d4bf14f9ee19b555700d6
vlcsnap-2025-02-19-14h04m31s687.jpg,Pothole,crack|pothole,2,COCO pothole category presence,20250219,filename_capture_date,cb4119d5621f38054e600b0f3eee3fa08d21ce7460e2a838433efc50f0a32241
vlcsnap-2025-02-19-14h04m33s119.jpg,No_pothole,crack,2,COCO pothole category presence,20250219,filename_capture_date,22c9eb829c7e4f618ffb7a8899335370c8ec8a82f1c055044d34321ff281c92e
vlcsnap-2025-02-19-14h04m49s988.jpg,No_pothole,crack,1,COCO pothole category presence,20250219,filename_capture_date,b5836ebc48c4281a3deadfd89ab9d7f090a646656f0cf914ab672791cbc551a9
vlcsnap-2025-02-19-14h04m52s830.jpg,Pothole,manhole|pothole,2,COCO pothole category presence,20250219,filename_capture_date,1d794e3e95d9a9f58a6b5dc0293c7d7773eaf055a4ebddd0d6dcad613867980f
vlcsnap-2025-02-19-14h04m54s435.jpg,Pothole,manhole|pothole,2,COCO pothole category presence,20250219,filename_capture_date,5309edeb9bf32cc22ac21e7c0973a906fd15403b6661594ef175fdcbaf91831a
vlcsnap-2025-02-19-14h04m56s627.jpg,No_pothole,manhole,1,COCO pothole category presence,20250219,filename_capture_date,8e0f96eef4b328e084f768b111801d1d6e2b45d04773fc2e4d0e4f2fd519756e
vlcsnap-2025-02-19-14h04m58s785.jpg,No_pothole,manhole,1,COCO pothole category presence,20250219,filename_capture_date,2f1caf1753d9c3e93ba40d2f520baf8e7cdcd1c010668fee8ffca2bb6dbb62f7
vlcsnap-2025-02-19-14h05m09s849.jpg,No_pothole,crack,1,COCO pothole category presence,20250219,filename_capture_date,03c07f43d04cecc48f900be6eaa5150ebffa630d45c6b41fc0b6e27073c75070
vlcsnap-2025-02-19-14h05m11s136.jpg,Pothole,manhole|pothole,2,COCO pothole category presence,20250219,filename_capture_date,2ddbc738ef47904b6cfd444c719c397fd746944c9f4e371ac1a03d8a9df6d8c2
vlcsnap-2025-02-19-14h06m18s450.jpg,No_pothole,manhole,1,COCO pothole category presence,20250219,filename_capture_date,4905590f73bbd832e4d3ebfdd756a889a25a5ed9d295bcf7a2129f7cec3e68d6
vlcsnap-2025-02-19-14h06m28s504.jpg,No_pothole,manhole,1,COCO pothole category presence,20250219,filename_capture_date,290e460c2bab962fc89b4bd45fe289a8243de1aa921e19f395afa0622889d0fb
vlcsnap-2025-02-19-14h06m29s598.jpg,Pothole,manhole|pothole,2,COCO pothole category presence,20250219,filename_capture_date,826a27858f221c199b936746855927a21d2fbb1e5cbf50e530d0548d2d277bf7
vlcsnap-2025-02-19-14h06m44s323.jpg,No_pothole,manhole,1,COCO pothole category presence,20250219,filename_capture_date,d1389c526777845e139661b6c141025305f955df239524968d81f6860660772b
vlcsnap-2025-02-19-14h06m46s071.jpg,Pothole,manhole|pothole,2,COCO pothole category presence,20250219,filename_capture_date,e7f8ecc478a30467271b09f2e0ce4c02953bd498ed8e11dd9325ba310f2eab10
vlcsnap-2025-02-19-14h06m47s953.jpg,Pothole,manhole|pothole,2,COCO pothole category presence,20250219,filename_capture_date,5f305ab795d0a862537c4b971f35df4f05e1034885e9003e7306ee88289f3ebc
vlcsnap-2025-02-19-14h06m48s938.jpg,Pothole,manhole|pothole,2,COCO pothole category presence,20250219,filename_capture_date,62789f76e0873da361d828ef529bac0be55700d10c1cad263a9ac0dbb9768a5c
vlcsnap-2025-02-19-14h06m58s511.jpg,No_pothole,manhole,1,COCO pothole category presence,20250219,filename_capture_date,e16d7e54982db1ad9d843d2e54766593606f7fb00ba0420b7cc45d26d11c9704
vlcsnap-2025-02-19-14h07m10s853.jpg,No_pothole,manhole,1,COCO pothole category presence,20250219,filename_capture_date,45b9348990348e09b0c918c9aefb110ce6f494b7fb7cd0385a25c8229469d966
vlcsnap-2025-02-19-14h07m11s728.jpg,No_pothole,manhole,1,COCO pothole category presence,20250219,filename_capture_date,09b5479ab92aa7ab3479c3ae3b57e0ea5435e7071484b9e3db7c61fa71d70184
vlcsnap-2025-02-19-14h07m15s238.jpg,Pothole,manhole|pothole,2,COCO pothole category presence,20250219,filename_capture_date,f831f6474999383c48b85d1b330a9ff3ceeda1bc882b1ff5a614be032f0f004f
vlcsnap-2025-02-19-14h07m17s013.jpg,Pothole,manhole|pothole,2,COCO pothole category presence,20250219,filename_capture_date,74b45d70060c50be073a2fb1e36ccfef51bb2b480e733418daaf3d5033d64d96
vlcsnap-2025-02-19-14h08m40s522.jpg,No_pothole,manhole,1,COCO pothole category presence,20250219,filename_capture_date,33213b0e9e9c8f73b6d53f941f6e8719e9145642a880e9fac7793076667159d3
vlcsnap-2025-02-19-14h08m41s845.jpg,No_pothole,manhole,1,COCO pothole category presence,20250219,filename_capture_date,d98459336b5b613be31edfd9af4fc1cdd61dc3e01132b1e4c4cb728b8a014295
vlcsnap-2025-02-19-14h08m42s822.jpg,No_pothole,manhole,1,COCO pothole category presence,20250219,filename_capture_date,5e8763f68d315e19e92a4a874caf9ffd37fd225b88876ceb6d9f0a2754d8df71
vlcsnap-2025-02-19-14h08m50s023.jpg,No_pothole,manhole,1,COCO pothole category presence,20250219,filename_capture_date,86d078fd65b10fb527feafbb37e490e1b5567bd18cbbdb9959136aa1969e09b0
vlcsnap-2025-02-19-14h08m51s334.jpg,No_pothole,manhole,1,COCO pothole category presence,20250219,filename_capture_date,5478677c9e680ccc37ecf35b72741701226a4524d77ede4f10d8eac503a1a63c
vlcsnap-2025-02-19-14h08m52s868.jpg,Pothole,manhole|pothole,2,COCO pothole category presence,20250219,filename_capture_date,d3a6e292dea6202fc073136a7fff88d6ff4e8556fb3652313bec6e271a5e4681
vlcsnap-2025-02-19-14h09m51s764.jpg,Pothole,pothole,1,COCO pothole category presence,20250219,filename_capture_date,56a985602da64ab110144dc6d32b8be871953da9a916d82f3711f19c41563c92
vlcsnap-2025-02-19-14h09m52s939.jpg,Pothole,manhole|pothole,2,COCO pothole category presence,20250219,filename_capture_date,e4990ca091ef455f4d22ee10b98c1a866e7b4d3bba0916b222c38b6efa9bb09a
vlcsnap-2025-02-19-14h10m28s178.jpg,Pothole,manhole|pothole,2,COCO pothole category presence,20250219,filename_capture_date,24f7a60494f7485faaa270c0a6edc588ac517558d79fa7a3729a346526d43411
vlcsnap-2025-02-19-14h10m30s092.jpg,No_pothole,manhole,1,COCO pothole category presence,20250219,filename_capture_date,37cc8656e101219d26fd9992e6a08e33e14493f465573cb4126fd414885829f7
vlcsnap-2025-02-19-14h10m31s420.jpg,Pothole,manhole|pothole,2,COCO pothole category presence,20250219,filename_capture_date,c09ed7cc16d691bc3409287020708be4213fe4f562489f8f27978e3e21abbf2e
vlcsnap-2025-02-19-14h10m35s990.jpg,Pothole,manhole|pothole,2,COCO pothole category presence,20250219,filename_capture_date,f084c842e13346d4fbec587dbea848bb57510b847b5cc56c5484a42defaae21e
vlcsnap-2025-02-19-14h10m37s406.jpg,No_pothole,manhole,1,COCO pothole category presence,20250219,filename_capture_date,03188188e4a56450b76396740d51dc8b8099d5aba0448af1a4ae66d765d63d37
vlcsnap-2025-02-19-14h10m38s466.jpg,No_pothole,crack|manhole,2,COCO pothole category presence,20250219,filename_capture_date,dd67d977251420230f9e52bd8c3e9175df1a603bb14b55f3458e46189cb449e3
vlcsnap-2025-02-19-14h10m47s605.jpg,No_pothole,manhole,1,COCO pothole category presence,20250219,filename_capture_date,be2819c7daef65f7384db7037db10fb4770b00508abdaca0525a271c9c31c445
vlcsnap-2025-02-19-14h10m49s735.jpg,No_pothole,manhole,1,COCO pothole category presence,20250219,filename_capture_date,33410847a45c800d43d891f4b29b5d456e3f97a18fca69c0236225402d4b558f
vlcsnap-2025-02-19-14h10m55s163.jpg,No_pothole,manhole,2,COCO pothole category presence,20250219,filename_capture_date,36e08ba2695ee141ea377fb2d6a8f78ff1b162a96aa63e8ede0af5076c613eb2
vlcsnap-2025-02-19-14h10m57s525.jpg,No_pothole,manhole,2,COCO pothole category presence,20250219,filename_capture_date,403bda61750459481f12ef561b4fca9ce50b82d35e48d3e5207756796206cf60
vlcsnap-2025-02-19-14h10m59s553.jpg,No_pothole,manhole,3,COCO pothole category presence,20250219,filename_capture_date,49f0a2e7c478e25ce4343a507376ed1223fa4b7b54f8059c8b4292e55f70bec0
vlcsnap-2025-02-19-14h11m08s143.jpg,No_pothole,manhole,1,COCO pothole category presence,20250219,filename_capture_date,1f21fbb13287f9db6ef1c1e1044eea6110a975cba26a47ed22a1c6ab238ce62c
vlcsnap-2025-02-19-14h11m10s511.jpg,No_pothole,manhole,1,COCO pothole category presence,20250219,filename_capture_date,10634f9486e242ef1e424e2d9d9eaa1fa5680b770344933eb58145a04bcbf848
vlcsnap-2025-02-19-14h11m14s717.jpg,No_pothole,manhole,1,COCO pothole category presence,20250219,filename_capture_date,d387c7dcf246fe5d2492964cd9d0d467061bd4531d3744b93ba944504892fb80
vlcsnap-2025-02-19-14h11m17s573.jpg,No_pothole,manhole,1,COCO pothole category presence,20250219,filename_capture_date,2ad690bf457b97c4dfc4527f6ad291a0656988d24834b2c3ccd6885f012f14de
vlcsnap-2025-02-19-14h11m58s667.jpg,Pothole,crack|pothole,2,COCO pothole category presence,20250219,filename_capture_date,4a09fcfdd4ff3bf1b4ddaae3d76ba7ad2f7b8ace08c4edeaf07783a053d680a6
vlcsnap-2025-02-19-14h12m00s177.jpg,Pothole,crack|pothole,2,COCO pothole category presence,20250219,filename_capture_date,e2d27c5dabdb8b565f592e5a19f85ef7a85cdf173dc575e675e8a5e436bad503
vlcsnap-2025-02-19-14h12m00s934.jpg,Pothole,crack|pothole,2,COCO pothole category presence,20250219,filename_capture_date,8788e5a9947311e6c27a7b37bfe7522cf7c7e6975b1b04ed1a77d45368fa910b
vlcsnap-2025-02-19-14h12m12s513.jpg,Pothole,pothole,1,COCO pothole category presence,20250219,filename_capture_date,47540111181d42d065319a95e1098cac2a022fbf030f6d46997435df5983b39f
vlcsnap-2025-02-19-14h12m14s435.jpg,Pothole,pothole,1,COCO pothole category presence,20250219,filename_capture_date,7d1a402969c718e11086597da6f7b3293623b7d79e202b587abff4cf9b4079d7
vlcsnap-2025-02-19-14h12m15s355.jpg,Pothole,crack|pothole,2,COCO pothole category presence,20250219,filename_capture_date,746e95c2440354fa9532eecb18ae816ec794ddedf51e421537b99d094495b0c2
vlcsnap-2025-02-19-14h12m25s165.jpg,Pothole,pothole,1,COCO pothole category presence,20250219,filename_capture_date,8b3408fe50dc730a6e3a8b3b5d1960e52e500f44231236fbfe29f7c3d6578aee
vlcsnap-2025-02-19-14h12m25s787.jpg,Pothole,pothole,1,COCO pothole category presence,20250219,filename_capture_date,623d45f1a4949567ab622b4762354634561ad4707dcb73d9c449dd0d331bbe20
vlcsnap-2025-02-19-14h13m25s152.jpg,Pothole,crack|manhole|pothole,4,COCO pothole category presence,20250219,filename_capture_date,30c771c83e5c336d5e492221e9ad62eebeec9d0b1310510b08afe04dcbf040f3
vlcsnap-2025-02-19-14h13m26s006.jpg,No_pothole,crack|manhole,3,COCO pothole category presence,20250219,filename_capture_date,5034610f3eb5e6f69d7796a32e87d6bf510c4e65fc90cf0a2fff254a0a5dc2bb
vlcsnap-2025-02-19-14h13m27s740.jpg,No_pothole,manhole,1,COCO pothole category presence,20250219,filename_capture_date,df3c757864c54d1dec86ef84c2f2f9d7bd06ca94be110722b8466360a4021320
vlcsnap-2025-02-19-14h13m29s902.jpg,Pothole,pothole,1,COCO pothole category presence,20250219,filename_capture_date,3acbb3744561ee5dfd7d603771de697b7c9ff68ce4e831509a6a3412296e38d8
vlcsnap-2025-02-19-14h13m31s429.jpg,Pothole,crack|pothole,3,COCO pothole category presence,20250219,filename_capture_date,a85820cc7c174868fbf120190bfa1cdf34e63520153c143efd030b2a83a20514
vlcsnap-2025-02-19-14h13m32s567.jpg,Pothole,crack|pothole,3,COCO pothole category presence,20250219,filename_capture_date,35617d5f7e6eadd255969fb993b53d4d6f78a3b038ac24551a41caac657c15e1
vlcsnap-2025-02-19-14h13m33s567.jpg,Pothole,crack|pothole,5,COCO pothole category presence,20250219,filename_capture_date,42fb3c988aa91338e89d315be1e7a4a9693c380edbb356e905f0636420985031
vlcsnap-2025-02-19-14h13m34s715.jpg,Pothole,crack|pothole,3,COCO pothole category presence,20250219,filename_capture_date,1f519599836d064f60d0f12c5cf1864347e9561f89a82323e077cd8fe922c871
vlcsnap-2025-02-19-14h13m36s072.jpg,Pothole,crack|pothole,7,COCO pothole category presence,20250219,filename_capture_date,bac4dfeecb7ecab0fb270b8b5dba399fedde31db4b385fef92bcdae9c85d154f
vlcsnap-2025-02-19-14h13m37s774.jpg,Pothole,crack|pothole,6,COCO pothole category presence,20250219,filename_capture_date,f07bc0a5a8b72a307574250af977625072ac5572261267316d7152d303c13d32
vlcsnap-2025-02-19-14h13m38s815.jpg,Pothole,crack|pothole,5,COCO pothole category presence,20250219,filename_capture_date,c1850919f76370f54dd2af49cef762baf6f8621536821ccfa85aaedc681d2aec
vlcsnap-2025-02-19-14h13m40s117.jpg,Pothole,crack|pothole,4,COCO pothole category presence,20250219,filename_capture_date,66825355e2eb704504bea7859241b7c3af8221b6b58bf3fd12ddc856182aecf1
vlcsnap-2025-02-19-14h13m41s592.jpg,Pothole,crack|pothole,3,COCO pothole category presence,20250219,filename_capture_date,454646ceaf9dddb1bc12ccea2b1971bf11880e4d44700cf2e31cfa32aee404c6
vlcsnap-2025-02-19-14h13m43s273.jpg,Pothole,crack|pothole,3,COCO pothole category presence,20250219,filename_capture_date,7e1944369480a83278697447f0922463fb5fd27eac0c66306a7c94cd3c3ea589
vlcsnap-2025-02-19-14h13m44s278.jpg,Pothole,crack|pothole,4,COCO pothole category presence,20250219,filename_capture_date,4f6d0bb9293fcb6bb32c8cd194ef57cca097ca57da38af695f3d980cce5d3063
vlcsnap-2025-02-19-14h13m47s049.jpg,No_pothole,crack,2,COCO pothole category presence,20250219,filename_capture_date,06a7595cec3fb586ecb94d76803551dbcd29377f812fb81c51748cccb4d61669
vlcsnap-2025-02-19-14h13m48s070.jpg,No_pothole,crack,4,COCO pothole category presence,20250219,filename_capture_date,aa1e8baa45eefeb4665b8577cc03e89d76e1ecfc1be4f479d05981d92a699e22
vlcsnap-2025-02-19-14h13m49s185.jpg,No_pothole,crack,2,COCO pothole category presence,20250219,filename_capture_date,eb59926b5e5833f5e85b84f4f7403aa500a42e090e0108d5bd198fb8525172a6
vlcsnap-2025-02-19-14h13m50s269.jpg,No_pothole,crack,3,COCO pothole category presence,20250219,filename_capture_date,f9bff1daa1b0c7fabbc414226135c362b6bba3fa20c5fb305a341722756e67b6
vlcsnap-2025-02-19-14h13m52s026.jpg,Pothole,crack|pothole,4,COCO pothole category presence,20250219,filename_capture_date,8b28a8e26fb1633842995458cb415c2ba3fea0994c2f4506d5f6d335a4fd9551
vlcsnap-2025-02-19-14h13m53s121.jpg,Pothole,crack|pothole,5,COCO pothole category presence,20250219,filename_capture_date,50a5de9bb8095950bc1076c4f29f2da67aed52c73184349d3b37e44ec3c1de25
vlcsnap-2025-02-19-14h13m54s102.jpg,Pothole,crack|pothole,4,COCO pothole category presence,20250219,filename_capture_date,66a865385aede354dfc8533d570b620b23bede7eb0f5c41ba04b109bd345fc8d
vlcsnap-2025-02-19-14h13m55s161.jpg,Pothole,crack|pothole,5,COCO pothole category presence,20250219,filename_capture_date,1c2fd6a6c694ac6f2616594166196c87214ff8b829453f2d595f54c43003e764
vlcsnap-2025-02-19-14h13m56s676.jpg,Pothole,crack|pothole,4,COCO pothole category presence,20250219,filename_capture_date,e187c789fe4d2e734541d5cc35455ecd05ec71ea50d4a7ea0f117d0aef556fcd
vlcsnap-2025-02-19-14h13m58s032.jpg,Pothole,crack|pothole,3,COCO pothole category presence,20250219,filename_capture_date,86aed0aa7ff9055046c1c232634739690f11f692843be4456c6adf886a503123
vlcsnap-2025-02-19-14h13m59s420.jpg,No_pothole,crack,1,COCO pothole category presence,20250219,filename_capture_date,ff2c3b117e1f936acbe4736930fad040e49ea53bd3cc5986dd86c01639d9a9b4
vlcsnap-2025-02-19-14h14m19s541.jpg,Pothole,crack|pothole,6,COCO pothole category presence,20250219,filename_capture_date,08b6952f205de2a1cc51ff09c14fb0632cda8cd8780d848acc9c8a216386bac6
vlcsnap-2025-02-19-14h14m20s512.jpg,Pothole,crack|pothole,5,COCO pothole category presence,20250219,filename_capture_date,e597af3b829a23c804124fb90ab6c0b4f31bcdcbea7e3f249f79390cd5fd8aeb
vlcsnap-2025-02-19-14h14m46s982.jpg,Pothole,crack|pothole,5,COCO pothole category presence,20250219,filename_capture_date,f1b2aa763bfb3533220f1fde2d3b71d33ffc0e9ea901761ca84f0d309f20244f
vlcsnap-2025-02-19-14h14m48s694.jpg,Pothole,crack|pothole,9,COCO pothole category presence,20250219,filename_capture_date,9932458550445ba41fc8aaf01368cef8ebbb3e0d4b210eac5b32f3acc1dbc7ed
vlcsnap-2025-02-19-14h14m49s913.jpg,Pothole,crack|pothole,8,COCO pothole category presence,20250219,filename_capture_date,921e63367aefe09a7330263c26665217379368ad3f4643083ca1bbef621f91f4
vlcsnap-2025-02-19-14h14m52s036.jpg,Pothole,crack|pothole,7,COCO pothole category presence,20250219,filename_capture_date,545ac6cbfe621695f17ac7285dd3c346f15547081548a4b9900072dae789c0cd
vlcsnap-2025-02-19-14h14m53s268.jpg,No_pothole,crack,4,COCO pothole category presence,20250219,filename_capture_date,8961cd6f7fe45c77902154256f9610f856d13ff8157a2f01961c953ecf192c9a
vlcsnap-2025-02-19-14h14m54s746.jpg,Pothole,crack|pothole,6,COCO pothole category presence,20250219,filename_capture_date,eeb702723abf2c351633ca55b30d1c6254ceeeb6765060d35502aaacead9bc3e
vlcsnap-2025-02-19-14h14m55s938.jpg,No_pothole,crack,2,COCO pothole category presence,20250219,filename_capture_date,7c1b22747cfc1499c1b140a758722a85c71d417660d566c92530c0209374df42
vlcsnap-2025-02-19-14h14m57s488.jpg,Pothole,crack|pothole,5,COCO pothole category presence,20250219,filename_capture_date,129ef57a1897d5cd292dd845a310c08d95e1c13fb6f2b1e74a85cf8346cf4a27
vlcsnap-2025-02-19-14h14m58s631.jpg,Pothole,crack|pothole,8,COCO pothole category presence,20250219,filename_capture_date,c2ed547aed25b1973b7ed503e308d4109da90ad052837935f9641014a1d5e16d
vlcsnap-2025-02-19-14h14m59s902.jpg,Pothole,crack|pothole,4,COCO pothole category presence,20250219,filename_capture_date,2c64c7567f7cc8818822e215e83a6cac49ebe08939872137c595eb16b2a7a307
vlcsnap-2025-02-19-14h15m01s088.jpg,Pothole,crack|pothole,6,COCO pothole category presence,20250219,filename_capture_date,4b2bf3b0fb698804de4b9596443be6ceff3134a12d955dca55c574f46b3a9fa1
vlcsnap-2025-02-19-14h15m01s836.jpg,Pothole,pothole,1,COCO pothole category presence,20250219,filename_capture_date,38a9233f0f834a11b1791efa20ce7d10d0d3fe962c948af394b1e2096d2ba7fb
vlcsnap-2025-02-19-14h15m04s648.jpg,Pothole,crack|pothole,2,COCO pothole category presence,20250219,filename_capture_date,2f9b7b37d674c28796511ab306b927da4d7ac4c9c16afddb6360d66dc48ede4e
vlcsnap-2025-02-19-14h15m05s715.jpg,Pothole,crack|manhole|pothole,6,COCO pothole category presence,20250219,filename_capture_date,5a659d25881781fc9fd136b1bb6839255d543886f3fd4ab9311694a37607d9fc
vlcsnap-2025-02-19-14h15m06s649.jpg,Pothole,crack|manhole|pothole,5,COCO pothole category presence,20250219,filename_capture_date,9db06374329a4e4a16226db6c0e7d085c066dae004ed779447e139fd5d56aff5
vlcsnap-2025-02-19-14h15m08s576.jpg,No_pothole,crack|manhole,4,COCO pothole category presence,20250219,filename_capture_date,fc80e93fd42d31065304eb2a28d9cd5b4441ac9683c04c1ca7c3ff19d4c1ab27
vlcsnap-2025-02-19-14h15m14s413.jpg,No_pothole,manhole,1,COCO pothole category presence,20250219,filename_capture_date,39de019569d7694bf852d09d33a17e2b63730da7240873e961aa539965cfb0b1
vlcsnap-2025-02-19-14h15m15s354.jpg,No_pothole,manhole,1,COCO pothole category presence,20250219,filename_capture_date,fdca2b0ec8fa9158aa1b567077001f216f5334cd73a73e96c37d9252fcc608c0
vlcsnap-2025-02-19-14h15m37s010.jpg,No_pothole,manhole,1,COCO pothole category presence,20250219,filename_capture_date,5b96dff2bad626cf7b013b4983b295314b15a2b5dea5cdda210a425f2abed6d2
vlcsnap-2025-02-19-14h15m39s290.jpg,No_pothole,manhole,1,COCO pothole category presence,20250219,filename_capture_date,1f6b3c05abe9bddd26873bf1d942828b700eb27e0840ba7cec87928a1d6aa661
vlcsnap-2025-02-19-14h15m43s397.jpg,Pothole,pothole,1,COCO pothole category presence,20250219,filename_capture_date,233a94902f1a74a9b8ff20ec8e50e99ac4df16a7848b75faa1ac1e093dd27629
vlcsnap-2025-02-19-14h15m45s159.jpg,Pothole,pothole,1,COCO pothole category presence,20250219,filename_capture_date,301474aed404d6b2b36760ded2446c28964d0fc9ed492b2b11a2909fb153d33e
vlcsnap-2025-02-19-14h15m46s519.jpg,Pothole,pothole,1,COCO pothole category presence,20250219,filename_capture_date,c8eaf537ff503ce13e0e567b8dd8c129aebac58859e67f4122be97a46d3ec29d
vlcsnap-2025-02-19-14h15m59s720.jpg,Pothole,pothole,3,COCO pothole category presence,20250219,filename_capture_date,17eb86d09770cf7dcb17fe3f18cca4a9d25fb114b9f8c8b0b3e7df6f8470b2e7
vlcsnap-2025-02-19-14h16m00s854.jpg,Pothole,pothole,3,COCO pothole category presence,20250219,filename_capture_date,6f19999a54bca5b8ca20f0b57cd291a8c5ffbadfd6efe5d65d1f1b2da237f125
vlcsnap-2025-02-19-14h16m01s927.jpg,Pothole,pothole,4,COCO pothole category presence,20250219,filename_capture_date,6054b92ef92635675239c6f7dbf380222e555486ea3181da463876d1eb148109
vlcsnap-2025-02-19-14h16m02s772.jpg,Pothole,pothole,3,COCO pothole category presence,20250219,filename_capture_date,4f5a363c7bcd2b306f8c750732c0ff87dc364c21d474ed0c5901e8ed0898bee9
vlcsnap-2025-02-19-14h16m13s498.jpg,Pothole,crack|pothole,2,COCO pothole category presence,20250219,filename_capture_date,78d30c534c9d1529de8e07340069307e0e0e76524b887fcf1d1fb58928114e8a
vlcsnap-2025-02-19-14h16m33s629.jpg,No_pothole,crack,2,COCO pothole category presence,20250219,filename_capture_date,da6929331e8a480f86665b923b264e67165ec67bab9b24de722553f63351aee5
vlcsnap-2025-02-19-14h16m35s287.jpg,Pothole,crack|pothole,4,COCO pothole category presence,20250219,filename_capture_date,fdbb73fb16ab23633321069903555cbe8732323bf6a892cdbce5b366d76dad4f
vlcsnap-2025-02-19-14h16m49s024.jpg,No_pothole,crack,1,COCO pothole category presence,20250219,filename_capture_date,34b10dea8d16635fced78b519d30e0ce17d5abb161f5e84fab9802a790fd8619
vlcsnap-2025-02-19-14h16m51s149.jpg,No_pothole,crack,1,COCO pothole category presence,20250219,filename_capture_date,09856d4ccdc4aec82795c3b97db10077a6ee98af2d22615c35bd06f9db0826b3
vlcsnap-2025-02-19-14h16m52s271.jpg,Pothole,crack|pothole,4,COCO pothole category presence,20250219,filename_capture_date,0be0ded3e104fdc064f77ae6cc54a2456b1f4fafa82b6512d0e93d22a5e60782
vlcsnap-2025-02-19-14h16m57s393.jpg,Pothole,crack|manhole|pothole,5,COCO pothole category presence,20250219,filename_capture_date,2b05ef2fc063e5b3d81c1868eacfdef8f0a94aca37e2a44f5f7c5b9ea4475fba
vlcsnap-2025-02-19-14h16m59s137.jpg,No_pothole,crack|manhole,6,COCO pothole category presence,20250219,filename_capture_date,ddfb988ee0ec175f9169c66560cd66ad1f7344c602c3047da770f6fee42422ee
vlcsnap-2025-02-19-14h17m00s831.jpg,No_pothole,crack|manhole,4,COCO pothole category presence,20250219,filename_capture_date,363126974be65026bb649b0e51b26943b2080c0b92a13882423062b7b0a9074e
vlcsnap-2025-02-19-14h17m04s279.jpg,Pothole,crack|pothole,3,COCO pothole category presence,20250219,filename_capture_date,1f481aa3a937ae184f732b233e1479254476e34a090be0b0a777706ae803e209
vlcsnap-2025-02-19-14h17m05s509.jpg,Pothole,crack|pothole,2,COCO pothole category presence,20250219,filename_capture_date,222c2d09c3112004e705e0180e7825dcdaa9ca2e55f130c6ef1360be31432c72
vlcsnap-2025-02-19-14h17m06s663.jpg,Pothole,crack|pothole,2,COCO pothole category presence,20250219,filename_capture_date,2994478690e7d5ce7676c072c9849705517f1942191b9107ed8b79257ba21447
vlcsnap-2025-02-19-14h17m09s838.jpg,No_pothole,manhole,1,COCO pothole category presence,20250219,filename_capture_date,614055c93092424b70ed89a1f20988bfe7f613635a1e40a5b865504f231a63a4
vlcsnap-2025-02-19-14h17m12s979.jpg,No_pothole,crack,2,COCO pothole category presence,20250219,filename_capture_date,307b8cb124adb5f65313cd37efa0ada8f9b325bafd1573e0485b37981defd726
vlcsnap-2025-02-19-14h17m20s477.jpg,Pothole,manhole|pothole,3,COCO pothole category presence,20250219,filename_capture_date,e12812f939a994cd0d660e60c33984892dab7382e5515ba09aab428f9a5a358d
vlcsnap-2025-02-19-14h17m22s171.jpg,Pothole,manhole|pothole,3,COCO pothole category presence,20250219,filename_capture_date,f2522e94a7be205dba06a395009d3c80864b3ac9aad4e8b266e30a17d25554fc
vlcsnap-2025-02-19-14h17m27s864.jpg,Pothole,crack|manhole|pothole,3,COCO pothole category presence,20250219,filename_capture_date,65f4d26a30508283b94c1befd7dff598a59b434e8da1fff144bc9f0e3563c4a7
vlcsnap-2025-02-19-14h17m29s266.jpg,Pothole,crack|manhole|pothole,7,COCO pothole category presence,20250219,filename_capture_date,5ea18b6db8519b548b8fbbbd30ffbf59af858246f0ba9d6797503d0327c533c2
vlcsnap-2025-02-19-14h17m30s779.jpg,Pothole,pothole,1,COCO pothole category presence,20250219,filename_capture_date,134cef5ea53ec3eee24f52c8e8836f8fc4aa1149c6286b58314a7e462a1baf71
vlcsnap-2025-02-19-14h17m32s327.jpg,Pothole,pothole,1,COCO pothole category presence,20250219,filename_capture_date,98d7ed357bc1edfca2afac876a02f5bea8317042cc535785cfadcf6a863e6e59
vlcsnap-2025-02-19-14h17m35s419.jpg,Pothole,manhole|pothole,2,COCO pothole category presence,20250219,filename_capture_date,25e97c3c4767e2d13fb336a756ee075cd6845bfca9e110d2eee22029f760fdbc
vlcsnap-2025-02-19-14h17m36s550.jpg,Pothole,manhole|pothole,2,COCO pothole category presence,20250219,filename_capture_date,c0e0c721acbee407da8d12c95286e142107a77fa31a9d45d4f5389f8ba59e44a
vlcsnap-2025-02-19-14h17m38s435.jpg,No_pothole,manhole,1,COCO pothole category presence,20250219,filename_capture_date,05b60c861c2d22b4b34fefb6cb3332d1ddba809c031b0f2d2b0a2fa8fde4be0b
vlcsnap-2025-02-19-14h17m39s643.jpg,No_pothole,manhole,2,COCO pothole category presence,20250219,filename_capture_date,96524743d1f3597a71c8f553a73a21556ea07c11188bb950cf9c62d3179364cc
vlcsnap-2025-02-19-14h17m40s884.jpg,No_pothole,crack|manhole,3,COCO pothole category presence,20250219,filename_capture_date,36107768bd75697e53929717f8418bcdcbf14fbd935399412293eb82b2e8a979
vlcsnap-2025-02-19-14h17m43s931.jpg,No_pothole,crack|manhole,3,COCO pothole category presence,20250219,filename_capture_date,f9352c5f4673d01a2657103f8c8f01ddc1969f1af7846ad7daeb7e742d021bd1
vlcsnap-2025-02-19-14h17m45s679.jpg,No_pothole,crack|manhole,4,COCO pothole category presence,20250219,filename_capture_date,f974e617d439f0cc9386d5378556be093023d4f19769ca67e85b61d04e9cb4a8
vlcsnap-2025-02-19-14h17m47s029.jpg,Pothole,crack|manhole|pothole,6,COCO pothole category presence,20250219,filename_capture_date,2cbd13797d28bc47d3eed9c0f539481241d6f9076b98df93edf5683f4b452a1f
vlcsnap-2025-02-19-14h17m49s490.jpg,Pothole,crack|manhole|pothole,3,COCO pothole category presence,20250219,filename_capture_date,7842d265ff3368782eda25451b98121cb7487adb399e16fd2172206ac5d9d11d
vlcsnap-2025-02-19-14h17m50s710.jpg,Pothole,manhole|pothole,4,COCO pothole category presence,20250219,filename_capture_date,79a654464ca8cfebf01ee356769a557b28c9fb7ca45a51ebf276fa226447f439
vlcsnap-2025-02-19-14h17m52s707.jpg,Pothole,crack|pothole,2,COCO pothole category presence,20250219,filename_capture_date,3e07585c6ae1d6f3a4b16dc34e537d750bdcb959ef74823dd2dbb0f6659aedba
vlcsnap-2025-02-19-14h17m55s306.jpg,Pothole,crack|pothole,4,COCO pothole category presence,20250219,filename_capture_date,1ecb531950a438253bd97fecee07b985dbc42c635823ada47538f0ccab32b8d5
vlcsnap-2025-02-19-14h17m56s528.jpg,Pothole,crack|manhole|pothole,7,COCO pothole category presence,20250219,filename_capture_date,a609e10863a17b8c9852fd2b1ae781ffa60eafad1249eda8cf46b670ce9809fb
vlcsnap-2025-02-19-14h17m58s126.jpg,Pothole,crack|manhole|pothole,6,COCO pothole category presence,20250219,filename_capture_date,078065fd4854491b62666c6c798d59053493ae72182e144a43612d3861c94288
vlcsnap-2025-02-19-14h17m59s275.jpg,Pothole,manhole|pothole,3,COCO pothole category presence,20250219,filename_capture_date,2fca581f2adabc4ca106141748ff559f51657b4665311dc5f3a09b054cd4e377
vlcsnap-2025-02-19-14h18m03s281.jpg,Pothole,manhole|pothole,2,COCO pothole category presence,20250219,filename_capture_date,f5dd68ed01c72e99d059ef7c1eaff34328ded997450849fd91d68d18ecc8afa4
vlcsnap-2025-02-19-14h18m04s533.jpg,No_pothole,manhole,2,COCO pothole category presence,20250219,filename_capture_date,fcda5342738d84ba5033d6d410dc786a8590adce2ed3f6d3f8490333bdf18932
vlcsnap-2025-02-19-14h18m05s573.jpg,No_pothole,manhole,2,COCO pothole category presence,20250219,filename_capture_date,9b0950c8ceda15703bb8dd0dda8d6da6423a9908319a74574e262d8878bc7f2d
vlcsnap-2025-02-19-14h18m08s164.jpg,No_pothole,manhole,1,COCO pothole category presence,20250219,filename_capture_date,6a76e77bdcfa3b85f535dba0dcd51e92e48820e2ee60f1dc8b47c5800b5eafdd
vlcsnap-2025-02-19-14h18m09s429.jpg,No_pothole,manhole,2,COCO pothole category presence,20250219,filename_capture_date,d1c7ee59248a3bd8d99f9c08b97c29cc4565d643fd04b2f6d419e32ddf479865
vlcsnap-2025-02-19-14h18m13s117.jpg,Pothole,manhole|pothole,3,COCO pothole category presence,20250219,filename_capture_date,50eabe33181783bda2156848821e7b86cc7ef1d1c42a7c3f9ffd24af7a82c893
vlcsnap-2025-02-19-14h18m14s188.jpg,Pothole,manhole|pothole,2,COCO pothole category presence,20250219,filename_capture_date,939b07a3f098f3d73b55e5be713c02e8e7210e730540c495608776e1df5ec9e6
vlcsnap-2025-02-19-14h18m21s417.jpg,No_pothole,crack,2,COCO pothole category presence,20250219,filename_capture_date,eb0fd8e3495671c4b4941f7fc776b02179878094f3f23cc344dec5e1ee873e63
vlcsnap-2025-02-19-14h18m22s350.jpg,Pothole,crack|pothole,2,COCO pothole category presence,20250219,filename_capture_date,24374a4f645ed965e8f8347563e9d57c91089afc56a44dc8dcfc5e71cb22f958
vlcsnap-2025-02-19-14h18m38s123.jpg,No_pothole,crack|manhole,3,COCO pothole category presence,20250219,filename_capture_date,23046d74d83c712d6523a6ee7f179419c25339f76ab09b38681456c73c8dfa2a
vlcsnap-2025-02-19-14h18m39s521.jpg,Pothole,crack|manhole|pothole,10,COCO pothole category presence,20250219,filename_capture_date,38a0bff4a7bbcc3ce40aa9d59cbf487204107ae0d220facb24b8af9db9ce363a
vlcsnap-2025-02-19-14h18m40s892.jpg,Pothole,crack|manhole|pothole,4,COCO pothole category presence,20250219,filename_capture_date,efec803b7e8b32ab113e0e8df2f3352fcfae9e00af1f540d007cfbfee81d4985
vlcsnap-2025-02-19-14h18m42s334.jpg,No_pothole,crack,1,COCO pothole category presence,20250219,filename_capture_date,30a0fecb32b5aef337e5dabcb06c834912a6a5914b5bd1bc43a178225b8e0776
vlcsnap-2025-02-19-14h18m45s459.jpg,No_pothole,crack|manhole,5,COCO pothole category presence,20250219,filename_capture_date,c4760b8425ad4d2e4857a62c5ffc2800d0137d329a904327191034cbedf784ed
vlcsnap-2025-02-19-14h18m47s024.jpg,No_pothole,crack,2,COCO pothole category presence,20250219,filename_capture_date,eed53eb895a4f6400e3f6fc0d20a8fb824b9883a5dcb79cb1f00a3abbdf45e49
vlcsnap-2025-02-19-14h18m48s452.jpg,No_pothole,manhole,2,COCO pothole category presence,20250219,filename_capture_date,492341fcd377d432b9b103f6b7d5741230f457a9142596ace4f8d83cd53c2482
vlcsnap-2025-02-19-14h18m49s834.jpg,Pothole,crack|manhole|pothole,6,COCO pothole category presence,20250219,filename_capture_date,bf924a38a9d4d5ce3844f3b2a70bedb68d6a05bb959153ccefbb4ad2860dbec2
vlcsnap-2025-02-19-14h18m52s728.jpg,No_pothole,crack|manhole,3,COCO pothole category presence,20250219,filename_capture_date,2d19df23501d70de34a467b73abe766ff62d69f518312824613c37b6ec236215
vlcsnap-2025-02-19-14h18m57s265.jpg,Pothole,crack|manhole|pothole,9,COCO pothole category presence,20250219,filename_capture_date,052ee480e70869f7b87cdb0f68377ddddeb7f86abe597fd76f567f19bb200460
vlcsnap-2025-02-19-14h19m00s660.jpg,No_pothole,crack|manhole,6,COCO pothole category presence,20250219,filename_capture_date,d6f4f159ab0131daa3e492ed2b528a1a6656c7d9d567dba1ba95ef996bf3be37
vlcsnap-2025-02-19-14h19m01s897.jpg,No_pothole,crack|manhole,2,COCO pothole category presence,20250219,filename_capture_date,b412fa5d20e8f2451396083a5b8bffb00f730b68a5664d43f3c2a45c93fedeee
vlcsnap-2025-02-19-14h19m03s107.jpg,Pothole,crack|manhole|pothole,5,COCO pothole category presence,20250219,filename_capture_date,f0758ec5ad8d0d32cfa474cbfc46421ab2b22a6a6f3fa8543f433c2cbe638d01
vlcsnap-2025-02-19-14h19m05s064.jpg,No_pothole,crack|manhole,3,COCO pothole category presence,20250219,filename_capture_date,dea50043ba4de82aef45747e2f7ce699156ccc7e9b3bc6d80b597dbf37587ca5
vlcsnap-2025-02-19-14h19m06s730.jpg,Pothole,crack|pothole,2,COCO pothole category presence,20250219,filename_capture_date,f355a8492594bd95221c63a5d6b11f5e4074051e6437f096c0568d765f796576
vlcsnap-2025-02-19-14h19m07s758.jpg,Pothole,crack|pothole,3,COCO pothole category presence,20250219,filename_capture_date,6edc4a70c5aecd7263b3ae2acc765b4efdf63f553ff9f436a5275358bc4376e6
vlcsnap-2025-02-19-14h19m08s998.jpg,Pothole,crack|manhole|pothole,4,COCO pothole category presence,20250219,filename_capture_date,7c1a8f46a11e80278f77b6b9b6fc67bcd88bad1f9a74e9229e43a8d48ac936e4
vlcsnap-2025-02-19-14h19m11s006.jpg,Pothole,crack|manhole|pothole,5,COCO pothole category presence,20250219,filename_capture_date,f29f14bd6b04fcfe2b9dda663209944a78638ebbd9725a5bb4a375a6cb664350
vlcsnap-2025-02-19-14h19m12s057.jpg,Pothole,crack|pothole,2,COCO pothole category presence,20250219,filename_capture_date,b37358014653c2ca0b71c66c02166f65db22054fb079849633082d54e9239b11
vlcsnap-2025-02-19-14h19m15s097.jpg,No_pothole,crack,1,COCO pothole category presence,20250219,filename_capture_date,756e42c0ffff57401111d2068f5d74dd3dfb261e6611a8b38fdd16d988cd08ab
vlcsnap-2025-02-19-14h19m16s367.jpg,No_pothole,crack,1,COCO pothole category presence,20250219,filename_capture_date,32680441fa63e2d0df077a0195c4c2ed9436c28135cdc77906c23739bada2403
vlcsnap-2025-02-19-14h19m17s746.jpg,No_pothole,crack,1,COCO pothole category presence,20250219,filename_capture_date,e0561149fc07d34bda1823c5d76a704c439b911ff9db0ef2365bc8a059f686ba
vlcsnap-2025-02-19-14h19m19s423.jpg,Pothole,crack|manhole|pothole,6,COCO pothole category presence,20250219,filename_capture_date,9c8ecf0d2023840832149f34093d829fb61abdc271cf09173d3e3f117a756185
vlcsnap-2025-02-19-14h19m20s868.jpg,No_pothole,manhole,1,COCO pothole category presence,20250219,filename_capture_date,8df2a78a89a27c0bbe8fb50f19a7feef60a9a369182dfbf1c38ed7acedcfa474
vlcsnap-2025-02-19-14h19m22s495.jpg,No_pothole,crack|manhole,3,COCO pothole category presence,20250219,filename_capture_date,4339f98064bb50f33286a6240b647c814357b254e3c121f01d0c5ea557ce19aa
vlcsnap-2025-02-19-14h19m29s310.jpg,Pothole,manhole|pothole,2,COCO pothole category presence,20250219,filename_capture_date,eac062b7c806999f9778d22d381cd4c10d908e2c2fce9c27ebf2d547866ffb9e
vlcsnap-2025-02-19-14h19m30s631.jpg,Pothole,manhole|pothole,2,COCO pothole category presence,20250219,filename_capture_date,faeffec3aa8e89d2e43cb3eea4ea8218a1cba9d6b5b7dd897c5fa7d91c00b1c8
vlcsnap-2025-02-19-14h19m32s445.jpg,Pothole,crack|manhole|pothole,5,COCO pothole category presence,20250219,filename_capture_date,d7cbd2b688189919f46914b4a91679c49423a258e0aee7ed0306c011fb67ede7
vlcsnap-2025-02-19-14h19m33s813.jpg,Pothole,crack|manhole|pothole,4,COCO pothole category presence,20250219,filename_capture_date,3063e8a8a8cff4b5888f8acc47beea5641e775f63314d80382b7fbf6d99b9948
vlcsnap-2025-02-19-14h19m35s705.jpg,No_pothole,crack,3,COCO pothole category presence,20250219,filename_capture_date,7d629a1abf283763aed177ae2feffdc3761dd2672f658c62b51da174154f0c30
vlcsnap-2025-02-19-14h19m37s434.jpg,No_pothole,manhole,1,COCO pothole category presence,20250219,filename_capture_date,a3e07ae4a112870a43f2099390255ded6b0ad14a3721d1ba4c9d2d0daa8a97d7
vlcsnap-2025-02-19-14h19m40s893.jpg,Pothole,crack|manhole|pothole,3,COCO pothole category presence,20250219,filename_capture_date,fea10b5ebe6ad6a1a3f054c57fd6116699ba13e64015566885c22fe40acceed5
vlcsnap-2025-02-19-14h19m43s815.jpg,Pothole,crack|manhole|pothole,5,COCO pothole category presence,20250219,filename_capture_date,47e672e19bc9b8b757a0a86393807bffac24890d124a66d12b49476e3a28f396
vlcsnap-2025-02-19-14h19m49s935.jpg,Pothole,manhole|pothole,2,COCO pothole category presence,20250219,filename_capture_date,d08ffbd0a6c1013c81d1334c5b9895c09f41fdc286fcaa1ea8a7b22eddee5f8d
vlcsnap-2025-02-19-14h19m59s146.jpg,Pothole,crack|manhole|pothole,3,COCO pothole category presence,20250219,filename_capture_date,17495a4df3a9d6f6bb65b9457f5bcc4c03ff72903ebb83294df626c08bd5b83c
vlcsnap-2025-02-19-14h20m01s580.jpg,No_pothole,manhole,1,COCO pothole category presence,20250219,filename_capture_date,9169dfd11237f55c23087f3dd3a7bf316deeb9c92c01188e45d57f2696c8351a
vlcsnap-2025-02-19-14h20m03s908.jpg,No_pothole,crack|manhole,3,COCO pothole category presence,20250219,filename_capture_date,53e2108ce54aa74638e239508687cd2f63256d86d7490567a5228b9c345dcdc6
vlcsnap-2025-02-19-14h20m10s229.jpg,No_pothole,crack|manhole,2,COCO pothole category presence,20250219,filename_capture_date,828bb852eb958cfc4dc40bfeb962e7836b7292c44143ea549d7285ff1f6adad9
vlcsnap-2025-02-19-14h20m17s035.jpg,No_pothole,crack|manhole,2,COCO pothole category presence,20250219,filename_capture_date,285fc94d96a8b4c43843f73da91d184ab1b450ada909b57ba0800cea91855f66
vlcsnap-2025-02-19-14h20m18s634.jpg,Pothole,pothole,1,COCO pothole category presence,20250219,filename_capture_date,24f5cd63eebd4caabf0ae96b7fd62a4e48b80d86facc697acf3d51dbe70784bc
vlcsnap-2025-02-19-14h20m20s852.jpg,No_pothole,crack,2,COCO pothole category presence,20250219,filename_capture_date,fe297c1bff2cd9d2862b5e36487e1a7b1770f67a96b5e20bc8add3a28ee2af85
vlcsnap-2025-02-19-14h20m22s734.jpg,No_pothole,crack|manhole,6,COCO pothole category presence,20250219,filename_capture_date,382faae79d746d3fd073ba43f415022f0b090f02b2010224d572e2f8001b8ec1
vlcsnap-2025-02-19-14h20m24s800.jpg,No_pothole,crack|manhole,8,COCO pothole category presence,20250219,filename_capture_date,14e86a06f3ddb4ce3698680453e5d5bf595c1449acfb4c3ba17678bf47fbe25c
vlcsnap-2025-02-19-14h20m27s927.jpg,Pothole,crack|pothole,3,COCO pothole category presence,20250219,filename_capture_date,914324d38c5fa226d34a944f21f193204bb6ece964fd45aa63ee877e5699be27
vlcsnap-2025-02-19-14h20m30s517.jpg,No_pothole,crack|manhole,2,COCO pothole category presence,20250219,filename_capture_date,863ff6a324bd5ffebe4ee333fb70fd9e7076b694b74d77175e6e4cbfd6074623
vlcsnap-2025-02-19-14h20m51s271.jpg,Pothole,crack|manhole|pothole,8,COCO pothole category presence,20250219,filename_capture_date,544272311ebb5274b7b8192b8e2557a4bf0270a90ca88723c260af51a2067fa2
vlcsnap-2025-02-19-14h21m02s093.jpg,Pothole,manhole|pothole,4,COCO pothole category presence,20250219,filename_capture_date,0d8849f2f09746477a95b1114cdafb34bf500e5f74f52a924fb92dff1e9f9ca0
vlcsnap-2025-02-19-14h21m04s606.jpg,Pothole,crack|manhole|pothole,4,COCO pothole category presence,20250219,filename_capture_date,48b4670c4ff88c4700f9ce9932921ebe13dadd0de9c36c9aaec3f2e34acf90ef
vlcsnap-2025-02-19-14h21m06s191.jpg,Pothole,crack|manhole|pothole,4,COCO pothole category presence,20250219,filename_capture_date,03adf0285bf6e1054958fe5c30ba120372771b53272d3487916a215136552f90
vlcsnap-2025-02-19-14h21m07s603.jpg,Pothole,crack|pothole,3,COCO pothole category presence,20250219,filename_capture_date,a7ce9bb8a93221d3357376b1460d28f3591983bba9dac376f65016403393f2fb
vlcsnap-2025-02-19-14h21m11s259.jpg,No_pothole,crack,1,COCO pothole category presence,20250219,filename_capture_date,d21ca2b2d3555024382682a50f40fcde9763707b2c2f5bfb93a4552e8c2edcd8
vlcsnap-2025-02-19-14h21m14s442.jpg,No_pothole,crack|manhole,5,COCO pothole category presence,20250219,filename_capture_date,f41b13b43da06c43e2f71c3041bdf19dca04acdb74f9139d00c962a90bb33076
vlcsnap-2025-02-19-14h21m16s605.jpg,No_pothole,crack,2,COCO pothole category presence,20250219,filename_capture_date,7d99e771376fc73df6f567b19628ed4e9a9d93f2e6f9c66d626c11d027ab5be0
vlcsnap-2025-02-19-14h21m20s272.jpg,No_pothole,crack,2,COCO pothole category presence,20250219,filename_capture_date,5b8ad34025c5e9e5ddc05e1e8b11bafc77578b4e71fd8c5d1802307f42a955a5
vlcsnap-2025-02-19-14h21m27s113.jpg,No_pothole,manhole,1,COCO pothole category presence,20250219,filename_capture_date,c4d16811e6ab2e89d78c2755d395d99e991441a4bcf8d54a7b9658ff8c183a52
vlcsnap-2025-02-19-14h21m29s062.jpg,No_pothole,manhole,1,COCO pothole category presence,20250219,filename_capture_date,692e1e02f08f169608a1b44f92c607fd486734e7eb16847ef3965a089f9ac52d
vlcsnap-2025-02-19-14h21m34s505.jpg,No_pothole,crack,1,COCO pothole category presence,20250219,filename_capture_date,c52281b583b733b8ebfc59cdf4bc119ec074e60c9c9f52a784132d45b06ddef7
vlcsnap-2025-02-19-14h21m35s797.jpg,No_pothole,crack,1,COCO pothole category presence,20250219,filename_capture_date,c362e259efe583684a81494620c09c07b138cd49fda775ac05d782f6398da603
vlcsnap-2025-02-19-14h21m40s743.jpg,No_pothole,manhole,2,COCO pothole category presence,20250219,filename_capture_date,7d526043b70da959a0c8f3b5c66933b83ef56117c82ea0ff844e7cba0158ba20
vlcsnap-2025-02-19-14h21m42s258.jpg,No_pothole,crack|manhole,3,COCO pothole category presence,20250219,filename_capture_date,af6adee42cfeac1793a0ea3d99a348cdada362f5ae02e84fbfc81e5f925056f4
vlcsnap-2025-02-19-14h21m43s583.jpg,Pothole,crack|manhole|pothole,5,COCO pothole category presence,20250219,filename_capture_date,44cfef149171821908b48a46be13697a278e87786ec46fcbddde25de9456d63a
vlcsnap-2025-02-19-14h21m45s672.jpg,Pothole,crack|pothole,3,COCO pothole category presence,20250219,filename_capture_date,b12c170dad5ecec7d6663edeb095df98f8df75f3b08d4800a3ac276ed8cf7342
vlcsnap-2025-02-19-14h21m48s272.jpg,Pothole,crack|pothole,4,COCO pothole category presence,20250219,filename_capture_date,e429a4e4bb3efe2fb9c93ff8883410a405e59e829c3bed36e3a148eb0c973d26
vlcsnap-2025-02-19-14h21m49s364.jpg,Pothole,crack|pothole,5,COCO pothole category presence,20250219,filename_capture_date,917c42282c2ff3e1ba7530880dab528779792ea47ba9b8c750951bca4af82dd7
vlcsnap-2025-02-19-14h21m50s699.jpg,Pothole,crack|pothole,3,COCO pothole category presence,20250219,filename_capture_date,1726b6f67a352e2c4a9c2ea8bddd1870edde02f7e50fd949474c2c45294e931e
vlcsnap-2025-02-19-14h21m59s343.jpg,No_pothole,manhole,3,COCO pothole category presence,20250219,filename_capture_date,437076ced51c5cc2e40b8ded299653ac67e8b7c70828bf7dfa10bedd7be61d88
vlcsnap-2025-02-19-14h22m00s796.jpg,No_pothole,crack|manhole,4,COCO pothole category presence,20250219,filename_capture_date,dc213d24a8b86e242ac02cbde8400f7f10880dace21ab0b4f84664cd962daca6
vlcsnap-2025-02-19-14h22m02s558.jpg,No_pothole,manhole,2,COCO pothole category presence,20250219,filename_capture_date,4b4f4a1eab9d043ffc03e103e0250b1d9a90139c06bbbc310ba22ee7019d0921
vlcsnap-2025-02-19-14h22m04s298.jpg,Pothole,pothole,6,COCO pothole category presence,20250219,filename_capture_date,0f12ffb9cfe42d7ee352e202a40879ab6732df3f65e50361c7806e4bf0969198
vlcsnap-2025-02-19-14h22m05s489.jpg,Pothole,pothole,5,COCO pothole category presence,20250219,filename_capture_date,b6466675166f3064a73f8b8e3d4c2fc76005abc1682bf6ed87eef05a8c2ae7e1
vlcsnap-2025-02-19-14h22m06s610.jpg,Pothole,crack|pothole,5,COCO pothole category presence,20250219,filename_capture_date,ff2cfb4ee6aba2d56b58df2dc68326bacefa4d17fe8119956d96aebd007529a5
vlcsnap-2025-02-19-14h22m08s636.jpg,Pothole,crack|pothole,6,COCO pothole category presence,20250219,filename_capture_date,5669527e381a12d5364e5f068978a511ddb2813cc5b1ce0a3f73dc6aa9763b17
vlcsnap-2025-02-19-14h22m10s323.jpg,Pothole,crack|pothole,3,COCO pothole category presence,20250219,filename_capture_date,5bc8988dac6cedff16b4d4d6937d0d25fbafd3607558663f4e7b8e4ccbc00587
vlcsnap-2025-02-19-14h22m11s941.jpg,Pothole,pothole,3,COCO pothole category presence,20250219,filename_capture_date,ad678a6bd4d9475d76a76a56e6115e918fcaa3f6f1a3f4305be78a86c83da6ea
vlcsnap-2025-02-19-14h22m13s272.jpg,Pothole,pothole,1,COCO pothole category presence,20250219,filename_capture_date,c6cf9cb44ccce164b16bdc3a0d839f25fb02519fce72d11c664cc64ed07d3824
vlcsnap-2025-02-19-14h22m14s561.jpg,Pothole,pothole,1,COCO pothole category presence,20250219,filename_capture_date,fb8f36d63227d35afa33d0f6f89253e90f09b837c5a08ba94d4ce3a81aa1f443
vlcsnap-2025-02-19-14h22m16s149.jpg,No_pothole,crack,2,COCO pothole category presence,20250219,filename_capture_date,365061485836d98f56040ee715b159a358ab44e67fa6a5669ec56c2569c34c68
vlcsnap-2025-02-19-14h22m17s919.jpg,Pothole,crack|pothole,5,COCO pothole category presence,20250219,filename_capture_date,b763260ffc4c1dbcde113fc89920ecc36af42b43f9eb9a3fefad58054086f771
vlcsnap-2025-02-19-14h22m19s590.jpg,Pothole,crack|manhole|pothole,9,COCO pothole category presence,20250219,filename_capture_date,e882bec4b9b274275c34ee9d092f0b372dcc68608b679e500f5b1a18af93900e
vlcsnap-2025-02-19-14h22m21s120.jpg,Pothole,crack|manhole|pothole,7,COCO pothole category presence,20250219,filename_capture_date,c5b3dfe2ffbd420bee9b0f92d9e21b54e0f7dbe124c66bb0b0ec91e3d56efa17
vlcsnap-2025-02-19-14h22m22s986.jpg,Pothole,crack|pothole,3,COCO pothole category presence,20250219,filename_capture_date,95e33fadb2d45615e83ce25cd91c2bafc72884930a4455005fd965d195ed4dd3
vlcsnap-2025-02-19-14h22m30s503.jpg,Pothole,crack|pothole,4,COCO pothole category presence,20250219,filename_capture_date,dbd56ce748e137a759342b5b337120757f9dd5f461104aa923ffd8139db97085
vlcsnap-2025-02-19-14h22m31s721.jpg,No_pothole,crack|manhole,2,COCO pothole category presence,20250219,filename_capture_date,0d7b46602a7a22be57bd276d24ea1194c7ce3464c94e3436d9a4fc5617758924
vlcsnap-2025-02-19-14h22m32s888.jpg,Pothole,crack|manhole|pothole,5,COCO pothole category presence,20250219,filename_capture_date,f22f1365de529eeb076f502b88e2e94e11ea6af35b9a7115510734e502bf2821
vlcsnap-2025-02-19-14h22m33s748.jpg,Pothole,crack|manhole|pothole,3,COCO pothole category presence,20250219,filename_capture_date,38fe4948b684fcdb0262943489a3cd6976eb73145c18d07828ba5bdfb228604d
vlcsnap-2025-02-19-14h22m37s644.jpg,Pothole,crack|pothole,6,COCO pothole category presence,20250219,filename_capture_date,7ab3ac233bfdf70841cbb7474bab276edfeca9b59a5d67ef3923500f0e67f9ed
vlcsnap-2025-02-19-14h22m38s648.jpg,Pothole,crack|pothole,5,COCO pothole category presence,20250219,filename_capture_date,cc02e792ed219f2a0fbf57bff5da4144d3922a9832cf3c2837cdc0b6c13c5cc9
vlcsnap-2025-02-19-14h22m40s331.jpg,Pothole,crack|pothole,3,COCO pothole category presence,20250219,filename_capture_date,5abfd5f7ca62b3b46fe50b887b9d0bed51442bad9a3f13ed96862482d99f9132
vlcsnap-2025-02-19-14h22m41s800.jpg,Pothole,crack|pothole,5,COCO pothole category presence,20250219,filename_capture_date,099fdcc54e5d4dcea8cc0575455ddd30f475a50fdddbe30f389f1516c9a4c8eb
vlcsnap-2025-02-19-14h22m49s334.jpg,Pothole,crack|manhole|pothole,4,COCO pothole category presence,20250219,filename_capture_date,000f9ba928c67efd9c8f08b00efd4ef2eb09c4ec661a3e4db9274e6b87cc3da5
vlcsnap-2025-02-19-14h22m57s513.jpg,No_pothole,manhole,2,COCO pothole category presence,20250219,filename_capture_date,fdcf71f7b1ed4f75c995837a433f68f05c94c202c4f3427b43910adfee9fb6aa
vlcsnap-2025-02-19-14h22m59s159.jpg,No_pothole,manhole,2,COCO pothole category presence,20250219,filename_capture_date,5d8f2a0789b44218f8d5685fde2bb356f46763ad554cb5faca2608b31bbb9166
vlcsnap-2025-02-19-14h23m00s963.jpg,No_pothole,manhole,1,COCO pothole category presence,20250219,filename_capture_date,290324c6821dfc1a231a1d500a76c7577f412f028b40f52926292731af6086c2
vlcsnap-2025-02-19-14h23m06s243.jpg,No_pothole,manhole,1,COCO pothole category presence,20250219,filename_capture_date,39f1bade85f5217b2215672d4d5f021e7d8e4ae139ce23d7c336f814ef2adea4
vlcsnap-2025-02-19-14h23m18s342.jpg,No_pothole,manhole,1,COCO pothole category presence,20250219,filename_capture_date,e0bcb4eb2ce78103e5e81e8c736b44b66a2d61787c2b739e2263acf1fc7a3cb1
vlcsnap-2025-02-19-14h23m20s369.jpg,No_pothole,manhole,1,COCO pothole category presence,20250219,filename_capture_date,eedabb63e6264e83612656c0e4ef45f19473c6d37f116935c7ef542923c721f3
vlcsnap-2025-02-19-14h23m27s011.jpg,No_pothole,manhole,1,COCO pothole category presence,20250219,filename_capture_date,45b31aa8f16cc3b4842cf37a3dcaf752ebc2493b1bd5ed309f50cd86f7ccf8e4
vlcsnap-2025-02-19-14h23m32s690.jpg,No_pothole,manhole,2,COCO pothole category presence,20250219,filename_capture_date,eb6849ad05fdc841e41884f1f8de5771cd4b9a838c1312d8ec69753fe4bbe551
vlcsnap-2025-02-19-14h23m48s900.jpg,Pothole,manhole|pothole,2,COCO pothole category presence,20250219,filename_capture_date,bcca482536b42cfa8beda81615a0a65fc97a3a1c132e27401640641542b75b07
vlcsnap-2025-02-19-14h23m51s336.jpg,No_pothole,manhole,1,COCO pothole category presence,20250219,filename_capture_date,65d15b36d16103d4c032d8ac62abe2456493685e2ae0ba41d2b125edbce010bf
vlcsnap-2025-02-19-14h23m57s513.jpg,Pothole,pothole,1,COCO pothole category presence,20250219,filename_capture_date,0024f448b604b1e7c745857f36b3853b9e0ed1aa11de9e6e480113f0cc516f4f
vlcsnap-2025-02-19-14h24m10s654.jpg,Pothole,crack|manhole|pothole,3,COCO pothole category presence,20250219,filename_capture_date,e6126a7aa205e04a651b883ecd3a31ec668df0809c23544f48555964f704b1e4
vlcsnap-2025-02-19-14h24m12s307.jpg,Pothole,crack|manhole|pothole,3,COCO pothole category presence,20250219,filename_capture_date,548167b07fa3c2e1fe6ca39edf838bdb6ec74a8ad60ea4b30bcfc602358469e6
vlcsnap-2025-02-19-14h24m13s530.jpg,Pothole,crack|manhole|pothole,3,COCO pothole category presence,20250219,filename_capture_date,a024a2a0ffba7af38757577d075ef40fd8f846d031f991a22497fa18f055d4b6
vlcsnap-2025-02-19-14h24m15s730.jpg,No_pothole,manhole,2,COCO pothole category presence,20250219,filename_capture_date,6c9262ca3ac1add4a6f96be2954b70eb73b65920445c68c9e829ade95e79fbe9
vlcsnap-2025-02-19-14h24m18s714.jpg,No_pothole,manhole,2,COCO pothole category presence,20250219,filename_capture_date,338160a531f7d7013693f49083ca4d4a4ddcdbeefa07c18527f841bb53f2f811
vlcsnap-2025-02-19-14h24m21s932.jpg,No_pothole,manhole,2,COCO pothole category presence,20250219,filename_capture_date,98f2d8360489af920570c8211dee465def739c5d70b8f2c3b160693cccc903bd
vlcsnap-2025-02-19-14h24m23s841.jpg,Pothole,manhole|pothole,4,COCO pothole category presence,20250219,filename_capture_date,f4696caba8707f370bd8e85650b8053a44a3a8d2095304aa060e8cbe617a17ed
vlcsnap-2025-02-19-14h24m26s982.jpg,Pothole,crack|pothole,3,COCO pothole category presence,20250219,filename_capture_date,452303abb224debecf6e982a7c06d873baa2c21ddd94fcb79bbbeef5f022bdb4
vlcsnap-2025-02-19-14h24m29s457.jpg,Pothole,manhole|pothole,4,COCO pothole category presence,20250219,filename_capture_date,8cf58975603c4f8b8b32c9b5742862221283be5afa84043aa556a7641efdfc4a
vlcsnap-2025-02-19-14h24m30s948.jpg,Pothole,manhole|pothole,4,COCO pothole category presence,20250219,filename_capture_date,d8f40c96097f1e94d7f78f9dcd88b8d25b05ee71dbf2cbfb0979d9564d80ec24
vlcsnap-2025-02-19-14h24m33s862.jpg,No_pothole,manhole,1,COCO pothole category presence,20250219,filename_capture_date,13977da03da0f415b554bf0630c51a4456212d2cd8780715fd4a3607300c2b28
vlcsnap-2025-02-19-14h24m38s339.jpg,No_pothole,manhole,1,COCO pothole category presence,20250219,filename_capture_date,1041bab6ea374e49b60eb5916a770a552b213eee8e9e9fc55160855be1c9f75c
vlcsnap-2025-02-19-14h24m40s628.jpg,No_pothole,manhole,1,COCO pothole category presence,20250219,filename_capture_date,7d1b40b905f4f18644a88296dcaa69c9af2b86eb28ceb1245e17ba5390d595be
vlcsnap-2025-02-19-14h24m53s165.jpg,No_pothole,crack,5,COCO pothole category presence,20250219,filename_capture_date,07fe335a6f6bb0192866e0eb7b68213e661390f46505e350e1bf04c3351b09a4
vlcsnap-2025-02-19-14h24m58s985.jpg,No_pothole,crack,1,COCO pothole category presence,20250219,filename_capture_date,9b4bdaddc9cc13951ac268543eccb4875b26d2ee9677321a78a46e608abc96e1
vlcsnap-2025-02-19-14h25m30s703.jpg,No_pothole,manhole,1,COCO pothole category presence,20250219,filename_capture_date,b1ec8f679bc57e59b6eb35cfb09a364dd908cca0a939f9951e616e4bc11ed76d
vlcsnap-2025-02-19-14h25m42s996.jpg,No_pothole,manhole,2,COCO pothole category presence,20250219,filename_capture_date,2f4f057b88c695aa8286537d4e02b02c10c92e0052e66d9bcea13e1586520f9f
vlcsnap-2025-02-19-14h25m44s752.jpg,Pothole,manhole|pothole,2,COCO pothole category presence,20250219,filename_capture_date,b626b44cda57212283093bdb5ccbd25c6cc99c1237c1ef4a774d782e2bcfd848
vlcsnap-2025-02-19-14h25m46s099.jpg,No_pothole,manhole,1,COCO pothole category presence,20250219,filename_capture_date,69d05b4a3bae1a0d22c2e3af8f303943cc4498cb8699e8895bf26b4facc0b274
vlcsnap-2025-02-19-14h25m58s876.jpg,No_pothole,manhole,1,COCO pothole category presence,20250219,filename_capture_date,b06915d28b8b39d5a237b47a76a2e50261cdd121cc4b5275dc2b486360ca22de
vlcsnap-2025-02-19-14h26m02s360.jpg,Pothole,manhole|pothole,2,COCO pothole category presence,20250219,filename_capture_date,65d73d790f39fd8e97e3a033a64964b2045b22975835aa092ae7eff499012c81
vlcsnap-2025-02-19-14h26m07s130.jpg,No_pothole,manhole,1,COCO pothole category presence,20250219,filename_capture_date,3bb6aa80a85147d0874199daf4f5bad1d028ad83568d62674737f6c474181293
vlcsnap-2025-02-19-14h26m23s481.jpg,Pothole,crack|pothole,4,COCO pothole category presence,20250219,filename_capture_date,fa1306b8e39b617c58a4067c04b3da258854ee42c13d1215902c277c6874d333
vlcsnap-2025-02-19-14h26m26s258.jpg,Pothole,pothole,1,COCO pothole category presence,20250219,filename_capture_date,393eb86e79f7ba7519feb1be668b0e99fde65a6a8050e5f49ad409eec5a6c655
vlcsnap-2025-02-19-14h26m29s396.jpg,No_pothole,crack,1,COCO pothole category presence,20250219,filename_capture_date,e4334eaaa70d97d6fb6dda0d77b691395593322adf829838836727cef61cb2b0
vlcsnap-2025-02-19-14h26m33s245.jpg,No_pothole,manhole,1,COCO pothole category presence,20250219,filename_capture_date,46e4e8ae911706385264c873e23070ae81d218e0dfb54660adbdff789b803065
vlcsnap-2025-02-19-14h26m38s427.jpg,No_pothole,manhole,1,COCO pothole category presence,20250219,filename_capture_date,b0bd8e182ee8d4301ddb5f067ff83f7c02040642d4a8132b38b6a07e747e9d38
vlcsnap-2025-02-19-14h26m42s192.jpg,Pothole,manhole|pothole,4,COCO pothole category presence,20250219,filename_capture_date,8a1b1fd5659877964cd0be4838a6353e1b75b9a4b9ed6371a6f66d0d34b1141b
vlcsnap-2025-02-19-14h26m43s863.jpg,Pothole,pothole,1,COCO pothole category presence,20250219,filename_capture_date,c1d61985f06550970de4ddc0fd6ac7d468c6aa4d95e05b42b3d65a921c13161a
vlcsnap-2025-02-19-14h26m51s034.jpg,Pothole,manhole|pothole,3,COCO pothole category presence,20250219,filename_capture_date,9e27cf9b94b0a527acbffb35a0a4471f1e9519d9157348f070ccd91bbd5e6473
vlcsnap-2025-02-19-14h26m52s346.jpg,No_pothole,manhole,1,COCO pothole category presence,20250219,filename_capture_date,f7c507d61a489a14a572282d6946d1611c5f44ec8562949b26949fc52f77c349
vlcsnap-2025-02-19-14h26m57s974.jpg,Pothole,pothole,3,COCO pothole category presence,20250219,filename_capture_date,de8d0ffa6a6373ffc9050dce64da6d5704a091cd701254cc2721bec4541020c6
vlcsnap-2025-02-19-14h26m59s160.jpg,Pothole,pothole,3,COCO pothole category presence,20250219,filename_capture_date,8d7f2b356086f2b53e251b2c7babebd498325357e33f982e8fa7ade59e667392
vlcsnap-2025-02-19-14h27m02s489.jpg,Pothole,manhole|pothole,2,COCO pothole category presence,20250219,filename_capture_date,e22cd2a3a29c422b70f746b7ddc50dfac52131f4d059fbe44f1ee016e0610b14
vlcsnap-2025-02-19-14h27m03s552.jpg,Pothole,manhole|pothole,2,COCO pothole category presence,20250219,filename_capture_date,e6b7dcd014c34b2bedef13718fe0dcf8ea9b604c2ba00475e67928369feeb77d
vlcsnap-2025-02-19-14h27m12s180.jpg,No_pothole,manhole,1,COCO pothole category presence,20250219,filename_capture_date,67204f8c5fcfb237ca2b6a18c0edd272bff1c40f479de08b179e2a49b70249bc
vlcsnap-2025-02-19-14h27m15s411.jpg,No_pothole,manhole,1,COCO pothole category presence,20250219,filename_capture_date,9f75844b6abddb95327f418933e0aa3c87d02765f75862a768edaf4581895a3a
vlcsnap-2025-02-19-14h27m35s786.jpg,No_pothole,manhole,1,COCO pothole category presence,20250219,filename_capture_date,e6189ee99ce7c3c8e83b9e89b5066ea1c5494bcd5f3ead81be6f93a888a0ea71
vlcsnap-2025-02-19-14h27m51s946.jpg,No_pothole,manhole,1,COCO pothole category presence,20250219,filename_capture_date,2034fdea75b04494f9d9c58c9e27b063f69b9d06b37e1d4b21cc477e80acb24f
vlcsnap-2025-02-19-14h27m58s022.jpg,No_pothole,manhole,1,COCO pothole category presence,20250219,filename_capture_date,5fc6503d47e864c13d9f28f3e616bb994ea02ad1cfa33156a675d4fd05a07081
vlcsnap-2025-02-19-14h27m59s759.jpg,Pothole,manhole|pothole,2,COCO pothole category presence,20250219,filename_capture_date,51b607ca21b33ede43ae1decdaf29d2bf58cd9d8a69e7d35f0eb1a678f3ae29e
vlcsnap-2025-02-19-14h28m09s822.jpg,Pothole,pothole,1,COCO pothole category presence,20250219,filename_capture_date,e558fe1ad0596990b4ac74d7e023074763039496d5681df6d18392c07c792190
vlcsnap-2025-02-19-14h28m10s843.jpg,Pothole,crack|pothole,2,COCO pothole category presence,20250219,filename_capture_date,1748d53494aa1c11f8bb49e8ebf08fed822521e1d875d07308a5d846c8cf2ea9
vlcsnap-2025-02-19-14h28m24s310.jpg,Pothole,crack|manhole|pothole,3,COCO pothole category presence,20250219,filename_capture_date,516129e885192eef0e8cb01f2c19b00d3abea030e01a83870c3e48a176f86e86
vlcsnap-2025-02-19-14h28m25s460.jpg,No_pothole,crack|manhole,2,COCO pothole category presence,20250219,filename_capture_date,2c2030abdc0415f5d457850973e291586186d9c2135f9ea2f5976f504b4644ea
vlcsnap-2025-02-19-14h28m31s489.jpg,No_pothole,manhole,2,COCO pothole category presence,20250219,filename_capture_date,46458187098d3911ed6988c9d193fc6c15b7bcdb1303c4708be74928abbfe982
vlcsnap-2025-02-19-14h28m50s795.jpg,Pothole,crack|pothole,2,COCO pothole category presence,20250219,filename_capture_date,eaa0fc41c63dfc85003b8f7be2e02ed2b182913c28c3abb7e6cf22b69429f5b4
vlcsnap-2025-02-19-14h28m52s076.jpg,No_pothole,crack|manhole,2,COCO pothole category presence,20250219,filename_capture_date,ae0894d72b2e28e9bb18e144316cbc1985fe263aa38dc5199b359f1a34907b8b
vlcsnap-2025-02-19-14h28m55s809.jpg,Pothole,pothole,1,COCO pothole category presence,20250219,filename_capture_date,bb681abef4a464f42aa46bece67bbedf3d474dc145fdf9c1352da7790e7bb485
vlcsnap-2025-02-19-14h28m56s662.jpg,Pothole,manhole|pothole,3,COCO pothole category presence,20250219,filename_capture_date,9ee8bcc1a25f81ce7ac11ca16dbfb5cdd4a7d7a2fe17a947bdb669074fc039ac
vlcsnap-2025-02-19-14h28m57s765.jpg,Pothole,manhole|pothole,3,COCO pothole category presence,20250219,filename_capture_date,47584583993ae282884ad56fbc6080de9bd8a50a3dfe9e4c51636a0e3a468d3f
vlcsnap-2025-02-19-14h29m02s439.jpg,Pothole,manhole|pothole,3,COCO pothole category presence,20250219,filename_capture_date,8c397f152f83b56df65f22c265137152baf8ff6e2e35f5aa8ae94d837daa275e
vlcsnap-2025-02-19-14h29m06s968.jpg,No_pothole,manhole,2,COCO pothole category presence,20250219,filename_capture_date,928de31ff484a1873d18748b87886f2fefc1ace38347d81037ac49701ae17c3f
vlcsnap-2025-02-19-14h29m22s085.jpg,Pothole,crack|manhole|pothole,3,COCO pothole category presence,20250219,filename_capture_date,be035df89f1f6df6c92719d60851df1f306d7dcd8208b39bc3a6de6a7f27ae23
vlcsnap-2025-02-19-14h29m23s045.jpg,Pothole,crack|manhole|pothole,4,COCO pothole category presence,20250219,filename_capture_date,a75e43599ca645d955b3a33a20be109a8223f165e54b6027193dd9bc2d8955bc
vlcsnap-2025-02-19-14h29m24s770.jpg,Pothole,crack|manhole|pothole,6,COCO pothole category presence,20250219,filename_capture_date,1e996a8838b4c0dbe34bd56eaa5e2073f8ae22ba10f3f6f4b1a21f4d055de60c
vlcsnap-2025-02-19-14h29m25s660.jpg,Pothole,crack|manhole|pothole,6,COCO pothole category presence,20250219,filename_capture_date,fc1daf4ed7f705dfa2df7e4a8acf31baf975ac929d72cd9622da6dd43ca461d7
vlcsnap-2025-02-19-14h29m41s728.jpg,Pothole,crack|manhole|pothole,4,COCO pothole category presence,20250219,filename_capture_date,da321b4e8580d91564a651932e75a472c4f647bdd804e25e402ac8f4e6f11b16
vlcsnap-2025-02-19-14h29m42s669.jpg,Pothole,crack|pothole,4,COCO pothole category presence,20250219,filename_capture_date,2219ca28c154fbefbfccda3659fc5b9c87a0f12c098f06ee1d1540313223c597
vlcsnap-2025-02-19-14h29m43s309.jpg,Pothole,crack|pothole,2,COCO pothole category presence,20250219,filename_capture_date,f2ba50166fd85a10c5b71afd2ef5b38c2943ab90177f2724f81aeec6111add4e
vlcsnap-2025-02-19-14h29m46s948.jpg,No_pothole,manhole,1,COCO pothole category presence,20250219,filename_capture_date,4cdd9f63ff8728730033a29f660a76db0538b97fa0d0f0c4b3d2ab5efc89126e
vlcsnap-2025-02-19-14h29m50s117.jpg,No_pothole,manhole,4,COCO pothole category presence,20250219,filename_capture_date,fe0a30f376ed584da740107b0c8efbec64c1fa5308f3861ac0b2975f3e52df44
vlcsnap-2025-02-19-14h29m51s283.jpg,Pothole,manhole|pothole,4,COCO pothole category presence,20250219,filename_capture_date,99b7d71f48804e71364869672cd85b32b7686954f26c5e9447479ae1f5631e8a
vlcsnap-2025-02-19-14h29m52s169.jpg,Pothole,crack|manhole|pothole,5,COCO pothole category presence,20250219,filename_capture_date,20305e0aa25689d799a2e5968d4cedc154196404d693384c91d97f7e8fc4a7ac
vlcsnap-2025-02-19-14h29m53s140.jpg,Pothole,manhole|pothole,2,COCO pothole category presence,20250219,filename_capture_date,6376696959f54e0fa23a39f82fb5d56aff2c3c355b401fae80b57c0b01cbc064
vlcsnap-2025-02-19-14h30m10s427.jpg,No_pothole,crack,1,COCO pothole category presence,20250219,filename_capture_date,53c8ffb09437ace1c7b8c16a687e22efbe74a2a9385ee586e21d30b4be1d3809
vlcsnap-2025-02-19-14h30m11s265.jpg,No_pothole,crack,1,COCO pothole category presence,20250219,filename_capture_date,5a266d721105583a3a1cd362926340b6e20453c8a62061cb8a51d734a095c3e8
vlcsnap-2025-02-19-14h30m17s564.jpg,Pothole,crack|pothole,4,COCO pothole category presence,20250219,filename_capture_date,59d9235fe4238dd42d84fdfc3772cedd91ac2df06a91b2fb4a49366c21947843
vlcsnap-2025-02-19-14h30m22s196.jpg,Pothole,pothole,1,COCO pothole category presence,20250219,filename_capture_date,0a9fa3bd13cfb19f35dc9675a178ba901f6feac941b9a0fb8aea6f74b1122948
vlcsnap-2025-02-19-14h30m24s704.jpg,Pothole,manhole|pothole,3,COCO pothole category presence,20250219,filename_capture_date,03656a65a4799271cbceb6db4b0e5fc3b7508ff67915dc5490ac9fbcea74f543
vlcsnap-2025-02-19-14h30m26s173.jpg,No_pothole,crack|manhole,3,COCO pothole category presence,20250219,filename_capture_date,6c642b0d2abc361817c5e27c9dce96bbef5ae77c18b1c6685919ccf508c66109
vlcsnap-2025-02-19-14h30m27s488.jpg,No_pothole,manhole,1,COCO pothole category presence,20250219,filename_capture_date,ca9782a66ba563690f90c9cdd92f8341aeb5ad6206535e7c1ec969782bd035c5
vlcsnap-2025-02-19-14h30m31s728.jpg,No_pothole,manhole,1,COCO pothole category presence,20250219,filename_capture_date,5d62ef75e3226c72a537ee09ef0340b0c04b5d304c7dd15dcbb062ae5e05f3d5
vlcsnap-2025-02-19-14h31m39s906.jpg,No_pothole,crack,2,COCO pothole category presence,20250219,filename_capture_date,676bc1cc80cfc7e70a26b30ab1411767b9c0a1feedffe79a871b1a339178b5fb
vlcsnap-2025-02-19-14h31m40s773.jpg,Pothole,crack|pothole,2,COCO pothole category presence,20250219,filename_capture_date,2934490f101d0dd0e7dd12655a5eaa2a12f90385eba0a931bca5f7a6d710b54c
vlcsnap-2025-02-19-14h36m32s311.jpg,No_pothole,manhole,1,COCO pothole category presence,20250219,filename_capture_date,f39ac9883b5b4a472b0c82b78c8505ed48a052b7a722855e1f499780aa2a7a1b
vlcsnap-2025-02-19-14h40m30s538.jpg,No_pothole,manhole,1,COCO pothole category presence,20250219,filename_capture_date,d09f7a494b152e8ed1529ba6617943caa528957a20f40ea7d8fc8041857b879f
vlcsnap-2025-02-19-14h40m31s815.jpg,No_pothole,manhole,1,COCO pothole category presence,20250219,filename_capture_date,d4414af2d71d1253886d1264a1f9421afae9fd9f6c1cab3c2ae01e609154e7cf
vlcsnap-2025-02-19-14h41m17s010.jpg,No_pothole,manhole,1,COCO pothole category presence,20250219,filename_capture_date,6419c3d5902548649d2b92e32de4c9d30c01286d1157a6d172351163e9cd078e
vlcsnap-2025-02-19-14h41m21s708.jpg,Pothole,manhole|pothole,6,COCO pothole category presence,20250219,filename_capture_date,77cdf761b2242879171376e860545b5af2928a1d0d2cd18a93b30cd6f4d34a8f
vlcsnap-2025-02-19-14h41m24s367.jpg,No_pothole,crack|manhole,2,COCO pothole category presence,20250219,filename_capture_date,221703f722214e3dca099b51f9e49c07c5b387069fd78fe1c56f3e5fe256240f
vlcsnap-2025-02-19-14h41m27s559.jpg,Pothole,pothole,2,COCO pothole category presence,20250219,filename_capture_date,97f516757da78a1a84ab135b554b9923fff0cad80d74019acb7bb06263db0757
vlcsnap-2025-02-19-14h41m29s105.jpg,Pothole,crack|manhole|pothole,4,COCO pothole category presence,20250219,filename_capture_date,165f82cf04ce967cc0aa92fc6a0d4b54b135ac431d1b674ed715413abc3a1610
vlcsnap-2025-02-19-14h41m47s374.jpg,Pothole,crack|pothole,3,COCO pothole category presence,20250219,filename_capture_date,5ad320b67498f340f613ff301539dba3ac458c07e5420d8a5e66e6868117318b
vlcsnap-2025-02-19-14h41m49s395.jpg,Pothole,pothole,2,COCO pothole category presence,20250219,filename_capture_date,165f82cf04ce967cc0aa92fc6a0d4b54b135ac431d1b674ed715413abc3a1610
vlcsnap-2025-02-19-14h42m07s301.jpg,No_pothole,crack,4,COCO pothole category presence,20250219,filename_capture_date,3e11e4b12fee8fe120023914f41004e73e0c59ef43a2bd01120f3a41e9813839
vlcsnap-2025-02-19-14h42m08s843.jpg,No_pothole,crack,2,COCO pothole category presence,20250219,filename_capture_date,b689fcff612a0818ca3abbe0b0b3122aa4859926be8c40f97326185043e27c7d
vlcsnap-2025-02-19-14h42m11s556.jpg,Pothole,crack|pothole,3,COCO pothole category presence,20250219,filename_capture_date,b3660376e256b5c8866441e0569beb946ec43c08f1da4c2ce6311ec28d2868d3
vlcsnap-2025-02-19-14h42m40s085.jpg,No_pothole,crack|manhole,2,COCO pothole category presence,20250219,filename_capture_date,956f938a250dfc41194df5aaf0d9e778062b31b29ad0234a4fc6c216b6ad6234
vlcsnap-2025-02-19-14h42m43s320.jpg,No_pothole,manhole,2,COCO pothole category presence,20250219,filename_capture_date,e50f0b3a71f1a74890378f010c2446e3e079daa573673a1268588b22f52af23b
vlcsnap-2025-02-19-14h42m47s480.jpg,No_pothole,manhole,1,COCO pothole category presence,20250219,filename_capture_date,40ac89047bbe2274f17551426e96a179e5b2dd9643042feed095975b1656df69
vlcsnap-2025-02-19-14h42m48s659.jpg,No_pothole,crack|manhole,2,COCO pothole category presence,20250219,filename_capture_date,afb7d957f0096215841a09eb9c1a747391d59d8edd6646fa1c6325700a0c9a35
vlcsnap-2025-02-19-14h42m50s430.jpg,No_pothole,manhole,1,COCO pothole category presence,20250219,filename_capture_date,fc8bb45e19128f9686f57776cee54941bafcea1d84bb1bcd8f192452ade976cb
vlcsnap-2025-02-19-14h42m52s398.jpg,Pothole,pothole,1,COCO pothole category presence,20250219,filename_capture_date,80042164adbd85672507091166dae4f4cfb4ccfd7f40907ee5a6267e935faec6
vlcsnap-2025-02-19-14h43m36s622.jpg,Pothole,crack|pothole,2,COCO pothole category presence,20250219,filename_capture_date,407e068e04b4099e33e6a0a96162372339fab071224afb0041d1e553d2fd072a
vlcsnap-2025-02-19-14h43m37s950.jpg,Pothole,crack|pothole,4,COCO pothole category presence,20250219,filename_capture_date,bba737b2045e2e98a62179a3509ae6c41582ac6ae092d40dc3845c59789881a1
vlcsnap-2025-02-19-14h43m39s458.jpg,No_pothole,crack,2,COCO pothole category presence,20250219,filename_capture_date,e60a81cec96a59a1f817a44f7a6b27300267c5be8d71308f2c9383eba3bace13
vlcsnap-2025-02-19-14h43m40s685.jpg,No_pothole,crack,4,COCO pothole category presence,20250219,filename_capture_date,2001218880feda9b3646d51b5656c1f0764bfa172ee9a12be5118250b5e75341
vlcsnap-2025-02-19-14h43m42s279.jpg,Pothole,crack|pothole,5,COCO pothole category presence,20250219,filename_capture_date,1aecd03c2456a98efa76f369b35fbfb3d2beabf160d2ba37c34158631675761a
vlcsnap-2025-02-19-14h43m43s461.jpg,Pothole,crack|pothole,5,COCO pothole category presence,20250219,filename_capture_date,91dcf9775b065313a86890aefd1ec9384623bae7d6a98b12782d54214f09d9c9
vlcsnap-2025-02-19-14h43m45s644.jpg,Pothole,crack|pothole,2,COCO pothole category presence,20250219,filename_capture_date,5d91190dd15eae6441d748d8156e61d4969f9863e54af1d56a6b4ca5a5f5a9b6
vlcsnap-2025-02-19-14h43m47s256.jpg,Pothole,crack|pothole,2,COCO pothole category presence,20250219,filename_capture_date,2689e9fc822d3c75795ade5455c82f52ccd4bac68526db698e432ca553a84d9e
vlcsnap-2025-02-19-14h43m48s958.jpg,No_pothole,crack,3,COCO pothole category presence,20250219,filename_capture_date,d06ce063871d749d08941396f055bf060dd01dad109ee9e4e2181686c254c291
vlcsnap-2025-02-19-14h43m52s839.jpg,Pothole,crack|pothole,3,COCO pothole category presence,20250219,filename_capture_date,7e03d172c146a05a733397b3607486b7ce1c4634decfb01ff5b50fc5d8b05b75
vlcsnap-2025-02-19-14h43m53s660.jpg,Pothole,crack|pothole,5,COCO pothole category presence,20250219,filename_capture_date,5f1543345fd9712be6d0d1095ba80384769239ea843103f59000c7c03f1931ac
vlcsnap-2025-02-19-14h43m55s673.jpg,Pothole,crack|pothole,4,COCO pothole category presence,20250219,filename_capture_date,167d364bb3e3af942ddbd528646102a2761a1763eaca49ede67940386a0d9a10
vlcsnap-2025-02-19-14h43m56s785.jpg,Pothole,crack|pothole,4,COCO pothole category presence,20250219,filename_capture_date,9d6fdc42cc76fcb6d98dcc301dffa1e3e436f22afd4315e59b278d74c4757fbf
vlcsnap-2025-02-19-14h43m57s951.jpg,No_pothole,crack,2,COCO pothole category presence,20250219,filename_capture_date,ea1b960f9f31b944c1377e2777327bf4b48a7cab0b794af1f58bd7e5e93fa487
vlcsnap-2025-02-19-14h43m59s828.jpg,Pothole,crack|pothole,2,COCO pothole category presence,20250219,filename_capture_date,884b525fd6d172dd7c7edfcdd6ec4d85a84b0694d8003ffe69d721818d956657
vlcsnap-2025-02-19-14h44m01s613.jpg,Pothole,crack|pothole,3,COCO pothole category presence,20250219,filename_capture_date,57b41a3f6726dbb4116b5ce6271abc60c76fec15a49b6757cbd207bda5d208f8
vlcsnap-2025-02-19-14h44m02s669.jpg,Pothole,crack|pothole,4,COCO pothole category presence,20250219,filename_capture_date,e477323215e8bd1eca579be4681f9e041e0a319b60cc725cfeacd5d91d58cbfe
vlcsnap-2025-02-19-14h44m04s177.jpg,Pothole,crack|pothole,3,COCO pothole category presence,20250219,filename_capture_date,22b3ef315fa5c5db4830dfb87554aad3b50503df0e2d8ddcae874275662a78f1
vlcsnap-2025-02-19-14h44m05s195.jpg,Pothole,crack|pothole,6,COCO pothole category presence,20250219,filename_capture_date,82de8b042101455bc6cdc915b0aa11e407f8c0dec4fe8f91bae118281a908f49
vlcsnap-2025-02-19-14h44m06s363.jpg,Pothole,crack|pothole,4,COCO pothole category presence,20250219,filename_capture_date,07d66b6702c9687531c95f36f30e8022026c82e39da058b4efba451e7c8a8792
vlcsnap-2025-02-19-14h44m07s468.jpg,Pothole,crack|pothole,6,COCO pothole category presence,20250219,filename_capture_date,2cc4f150b5dabeb74208c25f45f72af1cf38ca453cb5e9986b567a8e422dc0ba
vlcsnap-2025-02-19-14h44m12s000.jpg,No_pothole,crack,2,COCO pothole category presence,20250219,filename_capture_date,ab5ad45e87f57903ace814465f2d3b697ca5236a3295ef5eb456716c130ff471
vlcsnap-2025-02-19-14h44m14s194.jpg,No_pothole,crack,2,COCO pothole category presence,20250219,filename_capture_date,d94507903e4731c6fee7db8a38b76c23c5847d3548e28215ef425503a5bdfe76
vlcsnap-2025-02-19-14h44m19s563.jpg,No_pothole,crack,2,COCO pothole category presence,20250219,filename_capture_date,9357c833095636d708cceae1cea87cb0a091cb6181874acf8f9ad229d3ab143e
vlcsnap-2025-02-19-14h44m25s230.jpg,No_pothole,crack,1,COCO pothole category presence,20250219,filename_capture_date,379a8af9d6ddf7cc4e919220f61435c6c6238b4f69f7ad5a899ee7876fcb5975
vlcsnap-2025-02-19-14h44m32s377.jpg,Pothole,crack|pothole,4,COCO pothole category presence,20250219,filename_capture_date,005cb68a7f0d59ebc0cbfb241733703ceed8642275c304aad4dc85664c16e0b9
vlcsnap-2025-02-19-14h44m34s887.jpg,No_pothole,crack,2,COCO pothole category presence,20250219,filename_capture_date,b6dc7f81462c89858092e22a121e3d4ff062bb413a87e0a20e012c0ac96b570b
vlcsnap-2025-02-19-14h44m52s414.jpg,Pothole,crack|pothole,2,COCO pothole category presence,20250219,filename_capture_date,c0e2194b40f3d813ca4de1e31e4ac62cba2618817862793cb7f68b5541f0fd00
vlcsnap-2025-02-19-14h48m34s422.jpg,No_pothole,manhole,1,COCO pothole category presence,20250219,filename_capture_date,59ca0a9ff086fd0d7349c88b9114104b42e022c1d6167e712ac5a76dedca896a
vlcsnap-2025-02-19-14h48m37s863.jpg,No_pothole,manhole,1,COCO pothole category presence,20250219,filename_capture_date,dc09288f44b0dbc9df3a03b3b38a91b4447e627317b2483ed63532dc2b74e75d
vlcsnap-2025-02-19-14h48m50s009.jpg,Pothole,pothole,1,COCO pothole category presence,20250219,filename_capture_date,0c74060d9f58d7ce08b1edf290dd76074c0005c4a94baa41521ccbb9fae3ff87
vlcsnap-2025-02-19-14h48m51s875.jpg,Pothole,crack|pothole,2,COCO pothole category presence,20250219,filename_capture_date,6ca3bb5f7300d601cfc6d8ff0a7ed60c2247a0d252f56940ee150099bfef668f
vlcsnap-2025-02-19-14h48m52s934.jpg,No_pothole,crack,2,COCO pothole category presence,20250219,filename_capture_date,38f15784b2cc6f5f85ce27381f92ad34d59fa861def79d871046ad587d956d6c
vlcsnap-2025-02-19-14h48m54s951.jpg,Pothole,pothole,3,COCO pothole category presence,20250219,filename_capture_date,2ae385a7b1f0cf7d02c4dadb3fa39796bc13298e825be4c7a0c476be3386c9d9
vlcsnap-2025-02-19-14h48m56s199.jpg,Pothole,crack|pothole,2,COCO pothole category presence,20250219,filename_capture_date,fd9039e41276033c695e56761924aa54434e23c15f0ba4fa53b6c352a5fef358
vlcsnap-2025-02-19-14h49m03s416.jpg,No_pothole,crack|manhole,2,COCO pothole category presence,20250219,filename_capture_date,a1819561acf120a8ce5bbd647f11fb54d26ece3249d6170e5c9d2b4df8f5ae30
vlcsnap-2025-02-19-14h49m06s136.jpg,No_pothole,crack|manhole,2,COCO pothole category presence,20250219,filename_capture_date,450ffec8586ec6b04b0db24f74eaacf5e582db5976c07adf3703f3f9d295ca33
vlcsnap-2025-02-19-14h49m07s302.jpg,No_pothole,crack|manhole,2,COCO pothole category presence,20250219,filename_capture_date,7be2b2c276bbf1c9820f996940eac707ddc261c691f09788a4d21c83d5cef1d0
vlcsnap-2025-02-19-14h49m10s566.jpg,No_pothole,manhole,1,COCO pothole category presence,20250219,filename_capture_date,aaa96927315ce56621b3a59888b5b43cb8687326ac15bfde376da4e0d9b9b966
vlcsnap-2025-02-19-14h49m13s735.jpg,Pothole,pothole,1,COCO pothole category presence,20250219,filename_capture_date,1ea7b0001f74baaf054443bf02da876579b5619dc8f357ea329590da5106dd03
vlcsnap-2025-02-19-14h49m16s803.jpg,Pothole,pothole,1,COCO pothole category presence,20250219,filename_capture_date,b39f6230f44fdf2bc186c81b60e8577474d1c28630ce987ecd2f4aff0fc398df
vlcsnap-2025-02-19-14h49m22s648.jpg,No_pothole,crack|manhole,4,COCO pothole category presence,20250219,filename_capture_date,0b6b09e0f6da16964e250f565918d299d3529f6bdf1664f40d4483cc7d97f029
vlcsnap-2025-02-19-14h49m26s635.jpg,No_pothole,manhole,1,COCO pothole category presence,20250219,filename_capture_date,7ee2cc19028cb2d97cc80bddde59d638934dd05b522f1d21f7206debd15b8db2
vlcsnap-2025-02-19-14h49m27s850.jpg,Pothole,crack|pothole,2,COCO pothole category presence,20250219,filename_capture_date,d1e5dd5d8ddc0510fe69a85b1393b0d2c13257a0232181b2c85ac28153179a74
vlcsnap-2025-02-19-14h49m32s273.jpg,Pothole,crack|pothole,2,COCO pothole category presence,20250219,filename_capture_date,857dd41879fece5cc929953e5086e1b19b701fdbba45a5556b2c4af1aabd98e8
vlcsnap-2025-02-19-14h49m33s379.jpg,No_pothole,crack|manhole,2,COCO pothole category presence,20250219,filename_capture_date,e6b10d617e3103cd049579b986eb260f634d35c9fcfc13b5433bda77b70a1b81
vlcsnap-2025-02-19-14h49m34s670.jpg,No_pothole,crack,1,COCO pothole category presence,20250219,filename_capture_date,5d5ffe984b2086db0ca0feba1cdaadee41850b999f49c251482100c15c7a5606
vlcsnap-2025-02-19-14h49m35s695.jpg,No_pothole,crack,1,COCO pothole category presence,20250219,filename_capture_date,32d024aeb7a4fa4c4f47dae7563d904dad2dc0866035422e3699afda7fecc9fc
vlcsnap-2025-02-19-14h49m37s566.jpg,Pothole,crack|pothole,11,COCO pothole category presence,20250219,filename_capture_date,c8e2fb2bbce02ad20d4de6561448954a07a98f97baf2790547bc5bfd18f7983b
vlcsnap-2025-02-19-14h49m38s907.jpg,No_pothole,crack,3,COCO pothole category presence,20250219,filename_capture_date,8513e334308c61cf7e0d75c71a3ba96ca08c7fc3992db917b17d3996895909c7
vlcsnap-2025-02-19-14h50m09s851.jpg,Pothole,pothole,1,COCO pothole category presence,20250219,filename_capture_date,f99de9d854e278298d4c6eb03a92520e412aa4d86abd1df0af21ec070d463463
vlcsnap-2025-02-19-14h50m11s149.jpg,No_pothole,manhole,1,COCO pothole category presence,20250219,filename_capture_date,2f2d85b95f3cb213d878212b63bca3573e15ce194dcb81d54500fce2d2023ff3
vlcsnap-2025-02-19-14h51m06s256.jpg,Pothole,pothole,1,COCO pothole category presence,20250219,filename_capture_date,49b4175784dca68a7fb97e627a2e0e97f246c93a136c0c246cb4e01961942986
vlcsnap-2025-02-19-14h51m08s696.jpg,Pothole,crack|pothole,2,COCO pothole category presence,20250219,filename_capture_date,facf662534fd5220546aaf924b47875ebd62a89de7cc032a04714c45f58bf4ee
vlcsnap-2025-02-19-14h51m27s247.jpg,No_pothole,crack,1,COCO pothole category presence,20250219,filename_capture_date,48aed5a94e40fadd13af6dfbc554c2abc35f78647795938b08fbb794a67a7138
vlcsnap-2025-02-19-14h51m34s534.jpg,Pothole,pothole,2,COCO pothole category presence,20250219,filename_capture_date,7637a44037b324e735d309d177d4b24fed730ff1269456ca80ec0ded44609acf
vlcsnap-2025-02-19-14h51m35s903.jpg,Pothole,manhole|pothole,2,COCO pothole category presence,20250219,filename_capture_date,02b2dcf9d51d5b333bee0bd7fa4276155e601b3b4561616054bf0390252d0a2d
vlcsnap-2025-02-19-14h51m45s396.jpg,Pothole,crack|manhole|pothole,5,COCO pothole category presence,20250219,filename_capture_date,697335023445d31fe3d8c0bedd5d2171cb36f3010aea03a0af22c524f956d35c
vlcsnap-2025-02-19-14h51m48s394.jpg,No_pothole,crack|manhole,6,COCO pothole category presence,20250219,filename_capture_date,0174dfd72ebe97ed4757911aecf836e1ba695e24e605c422172cd9f6c2628772
vlcsnap-2025-02-19-14h51m49s732.jpg,No_pothole,crack|manhole,2,COCO pothole category presence,20250219,filename_capture_date,0e37aee2633bf42ef286ac818ce03b64685ff7d0d6841fdda516e45d292f344f
vlcsnap-2025-02-19-14h51m56s432.jpg,No_pothole,crack,1,COCO pothole category presence,20250219,filename_capture_date,eb0c10bdbb15b2940f774e45fa059cc074e2e85263fb451d2edf7d0df55ba1a5
vlcsnap-2025-02-19-14h51m58s173.jpg,No_pothole,crack,1,COCO pothole category presence,20250219,filename_capture_date,fa4de9737cd3ef888b4577460d2f5ef91ac3d4d0f24063690a4cc1922592f435
vlcsnap-2025-02-19-14h52m00s031.jpg,No_pothole,crack,1,COCO pothole category presence,20250219,filename_capture_date,75f8b68df0e7c8a97bbbcbafd0593a9345b332bb13230d382a2e8651752b8a77
vlcsnap-2025-02-19-14h52m05s088.jpg,Pothole,crack|pothole,2,COCO pothole category presence,20250219,filename_capture_date,e9ad3e631ea8c10fe647587c79e64f35e0c25fa233da68713480f3e057f35853
vlcsnap-2025-02-19-14h52m06s971.jpg,No_pothole,crack,2,COCO pothole category presence,20250219,filename_capture_date,400bf5f9f1002ec872ff82267e3d570f09f821b8b66d9669220d95b54e548785
vlcsnap-2025-02-19-14h52m08s273.jpg,No_pothole,crack,1,COCO pothole category presence,20250219,filename_capture_date,c1b2a34ebc7b78b521d30070ee1d3708bfd64b1a7dcdfc317678ec2ea3c17422
vlcsnap-2025-02-19-14h52m10s428.jpg,No_pothole,manhole,1,COCO pothole category presence,20250219,filename_capture_date,fa435c4d3d96dae37249191b947b7dad0c1d767d2f7374c0c9ac2f556ab522e9
vlcsnap-2025-02-19-14h52m15s511.jpg,Pothole,manhole|pothole,5,COCO pothole category presence,20250219,filename_capture_date,da159ea4290ce0f6d1e4922bef85a9693a7b71ad6866aad81e5bd4629da08cb7
vlcsnap-2025-02-19-14h52m17s352.jpg,Pothole,crack|manhole|pothole,7,COCO pothole category presence,20250219,filename_capture_date,bbf41c348f456f9b975187653ac987083fb5de51114e4615829e8a298aed14d6
vlcsnap-2025-02-19-14h52m19s141.jpg,Pothole,crack|manhole|pothole,8,COCO pothole category presence,20250219,filename_capture_date,6c6a00301c853548a19017d84351028e596894f6c528be578ac1328bb2dea58f
vlcsnap-2025-02-19-14h52m20s419.jpg,Pothole,manhole|pothole,3,COCO pothole category presence,20250219,filename_capture_date,d51a5cf3fda305cc46463cafea6fdd1b6d0565cc3e71c31a06fdb8ca7c1093b3
vlcsnap-2025-02-19-14h52m23s948.jpg,Pothole,manhole|pothole,2,COCO pothole category presence,20250219,filename_capture_date,e25eb92f3eb7e056144d675a7c42ee90543deecb8347d9806b11cd3c111266cc
vlcsnap-2025-02-19-14h52m42s234.jpg,No_pothole,manhole,1,COCO pothole category presence,20250219,filename_capture_date,b97d5bcc87098dba989088130fcf5873b2ac966bc944a6123050f44404d4d4d1
vlcsnap-2025-02-19-14h52m55s921.jpg,Pothole,pothole,1,COCO pothole category presence,20250219,filename_capture_date,9f76e4337734907189d7cf01c2eac6a25c4369fef9f038d513aaa82f06ecc1c3
vlcsnap-2025-02-19-14h52m57s658.jpg,Pothole,pothole,1,COCO pothole category presence,20250219,filename_capture_date,ee0801cfaccb20f79f9e8b52295e91f6c65139a3588fda94887a0e86b995cdcd
vlcsnap-2025-02-19-14h52m58s804.jpg,Pothole,pothole,1,COCO pothole category presence,20250219,filename_capture_date,183f515e12b978a302b7d2cb11b202cc45f784dd72b32a74fa48b8cba370a951
vlcsnap-2025-02-19-14h53m02s307.jpg,No_pothole,crack,1,COCO pothole category presence,20250219,filename_capture_date,831e6d70950c2ac4a827f4ab7d3f705845d8ee9c672b37ae9a2df7cc4730dc16
vlcsnap-2025-02-19-14h53m03s993.jpg,No_pothole,crack,2,COCO pothole category presence,20250219,filename_capture_date,1ee59c3641301e15f71a5a640e930a1269a800869d4944da4b42d5795ee65b3f
vlcsnap-2025-02-19-14h53m05s215.jpg,No_pothole,crack,1,COCO pothole category presence,20250219,filename_capture_date,12ab03b53dc00e518ffa0f1ec49d0e29407940abeed1cd635d4a10fd72c1eb44
vlcsnap-2025-02-19-14h53m38s996.jpg,No_pothole,crack,1,COCO pothole category presence,20250219,filename_capture_date,add3c1018145bf1561d001d2e339fa50a54be4b53b8c04e89ed394aadffd8300
vlcsnap-2025-02-19-14h53m48s935.jpg,No_pothole,manhole,1,COCO pothole category presence,20250219,filename_capture_date,cac46288a8c4c82716d5f0c6ffc782381c0ca571c1e77fbebe007b98e641af7c
vlcsnap-2025-02-19-14h53m50s235.jpg,No_pothole,crack|manhole,2,COCO pothole category presence,20250219,filename_capture_date,67ea6c3149907fafbb12dc46aa21327ce4c72964623aba1ffa3e3eddfa2d4b44
vlcsnap-2025-02-19-14h54m39s529.jpg,No_pothole,manhole,1,COCO pothole category presence,20250219,filename_capture_date,9baf5a81684337ec364127c04126dbdda5c88cb878044df298c728e4f2b58936
vlcsnap-2025-02-19-14h54m40s931.jpg,No_pothole,manhole,1,COCO pothole category presence,20250219,filename_capture_date,ad4e396abe3a6654cfab63d11cacb83fa8f8052d7f81752e49cdbb5995776755
vlcsnap-2025-02-19-14h56m49s906.jpg,No_pothole,manhole,1,COCO pothole category presence,20250219,filename_capture_date,7291fb28247713ac841ce34f9f09a985f21206773a0efa66304c956739f97d8c
vlcsnap-2025-02-19-14h56m50s870.jpg,No_pothole,manhole,1,COCO pothole category presence,20250219,filename_capture_date,7840679536e0fa458102fd0631f2e5a112d383cb27774bb7dfeec7f08075b374
vlcsnap-2025-02-19-14h56m51s808.jpg,Pothole,manhole|pothole,2,COCO pothole category presence,20250219,filename_capture_date,0e944968ca7108feb80d24a57af2ddd35e094170dee689a97dff79789c6e121a
vlcsnap-2025-02-19-14h56m56s152.jpg,Pothole,manhole|pothole,2,COCO pothole category presence,20250219,filename_capture_date,8d4c73b9fc0bb374baf997c583f03d756599ecb2fd78152fcbc20a98ce8cedd5
vlcsnap-2025-02-19-14h56m59s767.jpg,Pothole,pothole,1,COCO pothole category presence,20250219,filename_capture_date,d365d2a51fef88b5fbc9b53ba2cfdee50ccbe3760739edd8b3dfa479713f0c33
vlcsnap-2025-02-19-14h57m00s992.jpg,No_pothole,manhole,1,COCO pothole category presence,20250219,filename_capture_date,684796b0e438c5bd0764119c08a87f76a12569f46800ecf2ed50c1275ed53e39
vlcsnap-2025-02-19-14h57m01s838.jpg,No_pothole,manhole,1,COCO pothole category presence,20250219,filename_capture_date,48595ae17c3b2dd56ca294a03090a65164723085ad2c70f4b96407596a517ce3
vlcsnap-2025-02-19-14h57m05s927.jpg,No_pothole,manhole,1,COCO pothole category presence,20250219,filename_capture_date,09aa1eb130eed60da08fd141866bae67adced4719d8b39cc711ecb399edd105b
vlcsnap-2025-02-19-14h57m06s711.jpg,Pothole,manhole|pothole,2,COCO pothole category presence,20250219,filename_capture_date,b4f807fdc211ef80444bb094caf03704b5f341e349d17c3153ab5e5251124fa8
vlcsnap-2025-02-19-14h57m13s139.jpg,No_pothole,manhole,2,COCO pothole category presence,20250219,filename_capture_date,ac3e290e2761486c7237875b620e4fdcb6a9517174b9162def43f9982c2f3cae
vlcsnap-2025-02-19-14h57m14s904.jpg,Pothole,manhole|pothole,2,COCO pothole category presence,20250219,filename_capture_date,8e392cc5d473243064f018694465dea72d1c6193d403400aa3ef6f63ae2da673
vlcsnap-2025-02-19-14h57m26s963.jpg,No_pothole,manhole,1,COCO pothole category presence,20250219,filename_capture_date,6e6dab23b37bc9565910c46ae5b889ce73c7e54c99b18d968a43b77d0ec61817
vlcsnap-2025-02-19-14h57m37s456.jpg,Pothole,manhole|pothole,2,COCO pothole category presence,20250219,filename_capture_date,2a70498f69f152ded48aaf43dd1db3f6ac50460bbe9e65dbda0c8bba93922316
vlcsnap-2025-02-19-14h57m40s129.jpg,Pothole,pothole,1,COCO pothole category presence,20250219,filename_capture_date,15c3c5cc81b333a0b97bc29a806e33d8e74a588a4903255c290a21a736ac257e
vlcsnap-2025-02-19-14h57m44s637.jpg,Pothole,pothole,1,COCO pothole category presence,20250219,filename_capture_date,8fd40a36b0ed6b72853fb12d46da8b54fe7f8e2521768d9c8bdd7518ac930534
vlcsnap-2025-02-19-14h57m45s556.jpg,Pothole,pothole,1,COCO pothole category presence,20250219,filename_capture_date,d024507641ddee818dc1d24b8611dfb8b882271468b30c88b26370a72df39a99
vlcsnap-2025-02-19-14h59m07s946.jpg,No_pothole,manhole,1,COCO pothole category presence,20250219,filename_capture_date,c2ef1d450cde6b588c05365a5962003057472f4fc64df26d8067c62c77c5e0aa
vlcsnap-2025-02-19-14h59m11s394.jpg,Pothole,pothole,1,COCO pothole category presence,20250219,filename_capture_date,fb208df5230f810cb83f5d3332dc240cc0eac7e25a2bb1211e323968d7d11bb2
vlcsnap-2025-02-19-14h59m21s547.jpg,No_pothole,manhole,1,COCO pothole category presence,20250219,filename_capture_date,856b5fa1c4959b1c9827a83b27a47ff8f4215991f2b593080c69d82c0d5af280
vlcsnap-2025-02-19-14h59m27s203.jpg,No_pothole,manhole,1,COCO pothole category presence,20250219,filename_capture_date,1c3a0fce7a27142871a1cdda1ca88d5ec91848c88e55999dc5e0c34aca8f092f
vlcsnap-2025-02-19-14h59m33s317.jpg,No_pothole,manhole,1,COCO pothole category presence,20250219,filename_capture_date,216d4de34843eb7fb7db6054c3526bf6b1c083352f1c87e2b094f1271c192b63
vlcsnap-2025-02-19-14h59m39s791.jpg,No_pothole,manhole,1,COCO pothole category presence,20250219,filename_capture_date,92323893314ad601ec0c59f7fe71a72b8b4b3e0a91c56e8d92c34a5e42608d22
vlcsnap-2025-02-19-15h02m47s247.jpg,Pothole,pothole,1,COCO pothole category presence,20250219,filename_capture_date,b9305db79cac2fbbf4ed19b16cc1492067d34b985b4b9021ce2ee80e82496bb6
vlcsnap-2025-02-19-15h02m56s842.jpg,Pothole,crack|pothole,2,COCO pothole category presence,20250219,filename_capture_date,9e4a6bedd8179627470a502275e422491ff6a1ae17d1509a8c2c195cf83e1362
vlcsnap-2025-02-19-15h03m06s067.jpg,Pothole,pothole,1,COCO pothole category presence,20250219,filename_capture_date,f3c4aaecfc0a41627772d9b7ea639ec71ed18eca50012a6a6c0ae3b550d30e86
vlcsnap-2025-02-19-15h03m07s795.jpg,Pothole,pothole,2,COCO pothole category presence,20250219,filename_capture_date,7365c5237e4a2f2c29dd6bc03ef5c9b51e808f7708332e8e8b56ec84f84c6f63
vlcsnap-2025-02-19-15h03m09s050.jpg,Pothole,pothole,1,COCO pothole category presence,20250219,filename_capture_date,eff890132d45306def1b2b107cb2cb09363b89fde533a8056d7b78dc6fab6845
vlcsnap-2025-02-19-15h03m10s511.jpg,Pothole,pothole,1,COCO pothole category presence,20250219,filename_capture_date,9e4a6bedd8179627470a502275e422491ff6a1ae17d1509a8c2c195cf83e1362
vlcsnap-2025-02-19-15h03m11s775.jpg,Pothole,pothole,1,COCO pothole category presence,20250219,filename_capture_date,f591f139f4b3fb9b74c16dacd4a07ae27cee7f056efa81bcff81a17d0aef226c
vlcsnap-2025-02-19-15h03m18s985.jpg,No_pothole,crack,1,COCO pothole category presence,20250219,filename_capture_date,f2479a6f5627b09f0dcc1991a9d3524344f2b48cece4e4d02dc78edc6349b789
vlcsnap-2025-02-19-15h03m21s989.jpg,No_pothole,crack,1,COCO pothole category presence,20250219,filename_capture_date,806424cbe5f0934247b3bd6181979b8dfbb394ef5c398bc05d17d91207587ddb
vlcsnap-2025-02-19-15h03m28s846.jpg,No_pothole,crack,1,COCO pothole category presence,20250219,filename_capture_date,761d7ae1e5795fd64b10b573ab8ba3fb641e47bdf212dc4259e656c4c2015167
vlcsnap-2025-02-19-15h04m52s434.jpg,No_pothole,manhole,1,COCO pothole category presence,20250219,filename_capture_date,bd5328dd2f006fa5110fa26e5dce265b7ffd57e9b98683666e6a18b5c99aa430
vlcsnap-2025-02-19-15h05m02s468.jpg,No_pothole,manhole,1,COCO pothole category presence,20250219,filename_capture_date,ff9c555e73d0d924b615c48d34c7a19aa5df4d95d4006fc5dc09a676cc86b600
vlcsnap-2025-02-19-15h05m06s028.jpg,No_pothole,manhole,1,COCO pothole category presence,20250219,filename_capture_date,35f08d9459a0d69421766ec567ae1b6ad4679de0a545717a80e3c2f5ec5cef6e
vlcsnap-2025-02-19-15h05m07s275.jpg,No_pothole,manhole,1,COCO pothole category presence,20250219,filename_capture_date,041563388e837589ec69d9c98b496752a79640ba9c4a368ab1369fe937264205
vlcsnap-2025-02-19-15h05m11s436.jpg,Pothole,crack|pothole,2,COCO pothole category presence,20250219,filename_capture_date,61e05570e7b109ffdbba469b28e45ff7de5f08ccf9e36df881186915bc120c40
vlcsnap-2025-02-19-15h05m13s265.jpg,No_pothole,manhole,1,COCO pothole category presence,20250219,filename_capture_date,e67bce49afda75a481b6027f956ee873afb5376b72f736df4f61a8faae0af51f
vlcsnap-2025-02-19-15h05m14s423.jpg,No_pothole,manhole,1,COCO pothole category presence,20250219,filename_capture_date,85cba7e2ef15ad8830ddc9f3d05df9ddfdd4f99db7edbd189e37e8799daeaca6
vlcsnap-2025-02-19-15h05m19s330.jpg,No_pothole,manhole,1,COCO pothole category presence,20250219,filename_capture_date,f16984fc10f387fc28bcd079088f2495455475952ff164c3751a854e29f2db81
vlcsnap-2025-02-19-15h05m20s943.jpg,No_pothole,manhole,1,COCO pothole category presence,20250219,filename_capture_date,0ffc0afba23f8a7585ee2d7697c44bed1f5df879fad2a92978b775a4b63c401e
vlcsnap-2025-02-19-15h05m31s134.jpg,Pothole,manhole|pothole,2,COCO pothole category presence,20250219,filename_capture_date,7503f5237164c28e21bedf4482ba76ff2d15711fa37be27e821786c4fefbf4d0
vlcsnap-2025-02-19-15h05m32s965.jpg,Pothole,manhole|pothole,2,COCO pothole category presence,20250219,filename_capture_date,40c5ac5b79ea56ca812bf8bd4fd3f681e9aa3b4c0b974fbeb43579041896034d
vlcsnap-2025-02-19-15h05m34s170.jpg,Pothole,manhole|pothole,2,COCO pothole category presence,20250219,filename_capture_date,b9e5305316ee0e4574e79217ec2329583dacdc2c3605e4b9d392f9b2f04b7a01
vlcsnap-2025-02-19-15h05m35s973.jpg,No_pothole,manhole,1,COCO pothole category presence,20250219,filename_capture_date,9c6b47da1d94eddd98edb54d8f8ed8642178e7d93982741a79fd88fbf9bfc698
vlcsnap-2025-02-19-15h05m38s035.jpg,No_pothole,manhole,1,COCO pothole category presence,20250219,filename_capture_date,34f2b99e0dfd6fff53fc0c822232dcc95f3470f44f549e98ca3e2945ad85c859
vlcsnap-2025-02-19-15h05m39s456.jpg,No_pothole,manhole,1,COCO pothole category presence,20250219,filename_capture_date,1c7ffd1ad8a4b37116037a5f4877ac973a6e7f25feffce8200bf9426bc6f09d1
vlcsnap-2025-02-19-15h05m45s997.jpg,Pothole,manhole|pothole,2,COCO pothole category presence,20250219,filename_capture_date,40ab356c1f5b805d3060f986588a5614163bbf2f6fc5acb80846a29705ec14bd
vlcsnap-2025-02-19-15h05m47s629.jpg,No_pothole,crack,2,COCO pothole category presence,20250219,filename_capture_date,9f71741d034cd2ee2e1bbd52af57b406349c6415b7d3521089ff30986e26ec71
vlcsnap-2025-02-19-15h05m48s501.jpg,No_pothole,crack,1,COCO pothole category presence,20250219,filename_capture_date,237d43a85cc8c9c54f3ed64eb83b6adcf97659cf15f2f560bc894bf4af383272
vlcsnap-2025-02-19-15h05m55s804.jpg,No_pothole,crack,1,COCO pothole category presence,20250219,filename_capture_date,4b832c6a7bc9f6376e6b6a03af69ddedfac0fc1b9a3f92e9dbdabc55694ebb13
vlcsnap-2025-02-19-15h05m59s072.jpg,Pothole,manhole|pothole,2,COCO pothole category presence,20250219,filename_capture_date,f48527e3b59a2831fd3bb649ace7fbe2a201a67b7525f0a4806f467bac54012f
vlcsnap-2025-02-19-15h06m00s407.jpg,Pothole,manhole|pothole,2,COCO pothole category presence,20250219,filename_capture_date,456a64d003e6088e94ae2437602e0ba674a3b1454c1ad9232d644a0249464883
vlcsnap-2025-02-19-15h06m03s837.jpg,Pothole,pothole,1,COCO pothole category presence,20250219,filename_capture_date,efb00d304d3ffe1f2920b00c521cb11a8bd1ad6d0a04cbe36cd53ec073e5b742
vlcsnap-2025-02-19-15h06m04s731.jpg,Pothole,pothole,1,COCO pothole category presence,20250219,filename_capture_date,5be338f299bab49bf180ae1a187014db311001103f9dafe33dcbe3db09cfa11e
vlcsnap-2025-02-19-15h06m10s398.jpg,Pothole,pothole,1,COCO pothole category presence,20250219,filename_capture_date,d4fcf451a27137f679512288d11df3903a0469526669aa435f22dd6280edaaad
vlcsnap-2025-02-19-15h06m12s627.jpg,Pothole,pothole,1,COCO pothole category presence,20250219,filename_capture_date,cc2f113716b4c8fcd3a7e141d7becf18d63984d083f5160e3cdbb66c2310cc82
vlcsnap-2025-02-19-15h06m52s866.jpg,Pothole,pothole,1,COCO pothole category presence,20250219,filename_capture_date,bfe2cc6e3a985f5af314eaba8f00d8ff5b9595648e2e9886fc5f06fb60e0ea58
vlcsnap-2025-02-19-15h06m54s076.jpg,Pothole,pothole,1,COCO pothole category presence,20250219,filename_capture_date,9832b7b746a0da553656463f1b48569ce1ee9b3c073949d4f69c5605d0f01f58
vlcsnap-2025-02-19-15h06m55s463.jpg,Pothole,pothole,1,COCO pothole category presence,20250219,filename_capture_date,ca4848e8874547b4e82139f08e4bc4481dc9647edd30005f198fdb082ff44e16
vlcsnap-2025-02-19-15h06m56s689.jpg,Pothole,pothole,1,COCO pothole category presence,20250219,filename_capture_date,fc5e760bc67ed0a963cfe7815ca8e2659f5064a5ba913015431a141c9bf3b0e7
vlcsnap-2025-02-19-15h07m23s969.jpg,Pothole,manhole|pothole,2,COCO pothole category presence,20250219,filename_capture_date,2d1160057f378aad000023b4ade4d383ee619c8afd0fbe8b3aec0c32178c1eea
vlcsnap-2025-02-19-15h07m32s936.jpg,Pothole,pothole,1,COCO pothole category presence,20250219,filename_capture_date,a249ab3c8a67c86b07b5056f38515dd4c3c6a83420b3b3b7d5683f1583f67cdf
vlcsnap-2025-02-19-15h07m34s342.jpg,Pothole,pothole,1,COCO pothole category presence,20250219,filename_capture_date,d0842bfcc3a0cfea30b8a1488dc43aed57905a9806cff2b80b7540f83cc690d3
vlcsnap-2025-02-19-15h07m40s674.jpg,Pothole,crack|pothole,2,COCO pothole category presence,20250219,filename_capture_date,d31b6e19042b543a1a4a02d29b564ee177e25251987db1e108672f47a53c40ac
vlcsnap-2025-02-19-15h07m41s910.jpg,Pothole,pothole,1,COCO pothole category presence,20250219,filename_capture_date,0087cec574e7b7af6a730033e8224ebf5d93b19ba5d1aa3349831c77fcb79dd6
vlcsnap-2025-02-19-15h07m53s295.jpg,Pothole,manhole|pothole,2,COCO pothole category presence,20250219,filename_capture_date,f6cc46d55e794cf50a3d6d4e3a2fe9aface92651dcf71696ec44421a30938cd9
vlcsnap-2025-02-19-15h07m54s836.jpg,Pothole,crack|pothole,2,COCO pothole category presence,20250219,filename_capture_date,39570f0bdf0635e888685a96b4da783e4bbbee87f1506db44944f9b3a98ab149
vlcsnap-2025-02-19-15h07m55s743.jpg,Pothole,crack|pothole,2,COCO pothole category presence,20250219,filename_capture_date,92b151f5b02111e9a13737a81cb1c99d6da7aca97cb6dc0a762c23633632ad66
vlcsnap-2025-02-19-15h07m57s285.jpg,Pothole,pothole,2,COCO pothole category presence,20250219,filename_capture_date,c0ea73d81133f22c0b0e7b1acb0203199d6ae1ea0ecfbf5e8c6fd7d008cef962
vlcsnap-2025-02-19-15h07m58s501.jpg,Pothole,crack|pothole,4,COCO pothole category presence,20250219,filename_capture_date,94b9e5ccbfa5459f824486165750efcb11e980744008467a6604ddd5a183773a
vlcsnap-2025-02-19-15h07m59s774.jpg,No_pothole,crack,1,COCO pothole category presence,20250219,filename_capture_date,cb85cd893314b245df114e88fae22109991009b51c17eedf6394c6f21536d1dc
vlcsnap-2025-02-19-15h08m00s922.jpg,Pothole,crack|pothole,3,COCO pothole category presence,20250219,filename_capture_date,bfca7e01f876483e9c129766dfc37034d96d8bf75e57763a8657ae387e25db66
vlcsnap-2025-02-19-15h08m03s174.jpg,No_pothole,crack,1,COCO pothole category presence,20250219,filename_capture_date,7766c263c587312064debd54064e6f446440aa4c8695696c7d05f9fa25ceb7fe
vlcsnap-2025-02-19-15h08m04s999.jpg,Pothole,crack|manhole|pothole,3,COCO pothole category presence,20250219,filename_capture_date,587019efbf08df24569e7f6960353c9c445e5618e9e510460739b751ab33515f
vlcsnap-2025-02-19-15h08m05s738.jpg,Pothole,crack|manhole|pothole,4,COCO pothole category presence,20250219,filename_capture_date,16cbc9d418fafdf72d57bc5bd58bbf957efb9fcfa671d50dfb7137088a1dd56e
vlcsnap-2025-02-19-15h08m06s801.jpg,Pothole,pothole,1,COCO pothole category presence,20250219,filename_capture_date,b7131750ce1fe3a8c93b715e3cd1b07bd232451b18d353a5293df04eca3e0755
vlcsnap-2025-02-19-15h08m08s106.jpg,Pothole,pothole,1,COCO pothole category presence,20250219,filename_capture_date,ee6b02d0a30b00d67d98a43f3f1dadfa38df0b3808640a49be0e06a29b6e897f
vlcsnap-2025-02-19-15h08m17s622.jpg,Pothole,pothole,1,COCO pothole category presence,20250219,filename_capture_date,b0c3097622cd477a83c26b4cb0a13d15ec1f96d2b0bb043a2709b65ff1799aac
vlcsnap-2025-02-19-15h08m28s047.jpg,No_pothole,crack,1,COCO pothole category presence,20250219,filename_capture_date,03ec1a8688a935530dcdbca872cbd74b01ca268b032132bcd78eb09d1396d488
vlcsnap-2025-02-19-15h08m30s503.jpg,No_pothole,manhole,1,COCO pothole category presence,20250219,filename_capture_date,ca0fac316156c676dbca5d7f274e893e708b3186d3436a851b5cf904937be638
vlcsnap-2025-02-19-15h08m32s103.jpg,No_pothole,manhole,1,COCO pothole category presence,20250219,filename_capture_date,ff2ede9aab496fcfcdfde04ffc4f421d95e9ed0b99956396e3806a3c55444e84
vlcsnap-2025-02-19-15h08m40s310.jpg,No_pothole,crack,1,COCO pothole category presence,20250219,filename_capture_date,d72523913fc6b88e07fe751515d7c6cdf96d26f64d5dd858d1287ff24c4f2335
vlcsnap-2025-02-19-15h08m45s240.jpg,Pothole,crack|pothole,2,COCO pothole category presence,20250219,filename_capture_date,680563ee9a5cf8138c35a4d7cb3d93468388a571699fac5f48b72b91e89e35c8
vlcsnap-2025-02-19-15h08m47s330.jpg,Pothole,crack|pothole,2,COCO pothole category presence,20250219,filename_capture_date,95887024fb118047ea2107aa553ac1248aa0ac904ce94f9ee18795bf94349cb9
vlcsnap-2025-02-19-15h09m22s147.jpg,No_pothole,manhole,1,COCO pothole category presence,20250219,filename_capture_date,4fc1e1d83bd3961a07f346dfcd5b62c1c2609af6709fff6a371ff42d8c5d5ae3
vlcsnap-2025-02-19-15h09m28s804.jpg,Pothole,crack|manhole|pothole,3,COCO pothole category presence,20250219,filename_capture_date,3e565e579719c43daec195243ae0a27ebe5ef4badae942e53a45adbc3763bd49
vlcsnap-2025-02-19-15h09m35s477.jpg,No_pothole,manhole,1,COCO pothole category presence,20250219,filename_capture_date,eae4eb362e029da6f4cfaa19a2bf5b7d820a2a59fd24d71bd48f231c0587adfe
vlcsnap-2025-02-19-15h09m51s230.jpg,No_pothole,manhole,1,COCO pothole category presence,20250219,filename_capture_date,3bf38900373698cf9a63054fbef6c0803b7c4ed1e0f71a4e435d6d67ffd82855
vlcsnap-2025-02-19-15h09m52s738.jpg,No_pothole,manhole,1,COCO pothole category presence,20250219,filename_capture_date,66e2f1c05ec787e32ae12d20d42ec99c028055034986a8bd85bb6654fb66f47e
vlcsnap-2025-02-19-15h10m05s314.jpg,No_pothole,manhole,2,COCO pothole category presence,20250219,filename_capture_date,7d4614303e5d49b90d3f18c0ce1f516f524d0a5e5b507f2ec92df666e3aa09eb
vlcsnap-2025-02-19-15h10m06s856.jpg,No_pothole,manhole,2,COCO pothole category presence,20250219,filename_capture_date,9cd1a182a8e32951ccc84b49ef65eea5975ca82da6050ae8d3e8ca5797c15d28
vlcsnap-2025-02-19-15h10m14s544.jpg,No_pothole,crack,1,COCO pothole category presence,20250219,filename_capture_date,c935ceae5ad2c346f641006372dbcb9c8e268b921fdd2132b211a1b9c2ca6f43
vlcsnap-2025-02-19-15h10m15s907.jpg,No_pothole,crack,1,COCO pothole category presence,20250219,filename_capture_date,7224e0c0d56d35d04e5ae689b94927f98336ff9d7bb39c6314ab2f3b6089a49c
vlcsnap-2025-02-19-15h10m17s204.jpg,No_pothole,crack,1,COCO pothole category presence,20250219,filename_capture_date,9cf5b7ac82d17bff8818ab5e4f417bf9f64ea53b2dbb8ecdf6b254f910c4a935
vlcsnap-2025-02-19-15h10m18s648.jpg,Pothole,pothole,1,COCO pothole category presence,20250219,filename_capture_date,22cde8cb7f2a412cafb5e57a960c77fedcbe17c853b4dcafc0cd25bc8cf9ea6f
vlcsnap-2025-02-19-15h10m20s504.jpg,Pothole,pothole,1,COCO pothole category presence,20250219,filename_capture_date,611aae97c3aaac71ab89e9046f46d61c0439a01be920d638935067a2b37f1383
vlcsnap-2025-02-19-15h10m21s566.jpg,Pothole,crack|pothole,2,COCO pothole category presence,20250219,filename_capture_date,de7db92ff2e521273e9eec766d84b10c24d4b4ba090123527392535fc64e36df
vlcsnap-2025-02-19-15h10m24s357.jpg,Pothole,crack|pothole,2,COCO pothole category presence,20250219,filename_capture_date,5bab603491e777f06061a7072a76c649a13ccd5f2bab0a8b9033dc4e2c57577a
vlcsnap-2025-02-19-15h10m25s854.jpg,No_pothole,crack,1,COCO pothole category presence,20250219,filename_capture_date,3a0adf973f9d31b5feff1542cee827bc409df2cda67d82cc94bcfd7514c2a2df
vlcsnap-2025-02-19-15h10m37s208.jpg,No_pothole,crack,1,COCO pothole category presence,20250219,filename_capture_date,2bd35d3daac958b23ad11d270ec880fa78b5a0a700f3612c0e91e0310d59f786
vlcsnap-2025-02-19-15h10m38s494.jpg,No_pothole,crack,1,COCO pothole category presence,20250219,filename_capture_date,6fbee9c313bc971ba09bab0ec1f0c5d5aee60d519ed880718ae9e8f0b02894b1
vlcsnap-2025-02-19-15h10m40s348.jpg,Pothole,crack|pothole,4,COCO pothole category presence,20250219,filename_capture_date,251fa77bddf375445b9e7bf5ea3fee1bc5be169110668c874925989ad3d2118c
vlcsnap-2025-02-19-15h10m41s342.jpg,No_pothole,crack,2,COCO pothole category presence,20250219,filename_capture_date,d4981d1ffc740dd847ce982eb02d38f781ad096ae5fef999fa032947933d391a
vlcsnap-2025-02-19-15h10m43s692.jpg,Pothole,crack|pothole,2,COCO pothole category presence,20250219,filename_capture_date,8240baf8e806167c88571f3543325e924fd302eb0507965c3a1a0627299f2b0c
vlcsnap-2025-02-19-15h10m45s082.jpg,Pothole,crack|pothole,3,COCO pothole category presence,20250219,filename_capture_date,6edcd71d92d5fb94cbd291f082c078b515c1598a2566e93941fe02c0393b2b58
vlcsnap-2025-02-19-15h10m53s105.jpg,Pothole,pothole,1,COCO pothole category presence,20250219,filename_capture_date,81efc32a596dea98df3c5ce522e41986bc7bf33a755662d1b200cd789c62f809
vlcsnap-2025-02-19-15h10m54s993.jpg,Pothole,crack|pothole,2,COCO pothole category presence,20250219,filename_capture_date,c56a34488342bb3b8de39af8dd2cbd9feb97d698778e5ad6d6127e26052b010a
vlcsnap-2025-02-19-15h10m56s365.jpg,No_pothole,crack|manhole,4,COCO pothole category presence,20250219,filename_capture_date,f51a4716eb46683c54e73617f95b405c8f362c39356d584ecd349e9c6cf5bafc
vlcsnap-2025-02-19-15h11m02s002.jpg,Pothole,crack|pothole,10,COCO pothole category presence,20250219,filename_capture_date,d72840fffb4cd84df7e75581b4d6268b587a8f258e19ac9995cef1f469b6500c
vlcsnap-2025-02-19-15h11m03s288.jpg,Pothole,crack|pothole,8,COCO pothole category presence,20250219,filename_capture_date,119f5cef209c17042f045cd4ee91f674f50a12b6e33534e07aafed7b205dad83
vlcsnap-2025-02-19-15h11m06s611.jpg,Pothole,crack|pothole,2,COCO pothole category presence,20250219,filename_capture_date,c897fda18927e7b8a2a9a75df04b223562893cb2a045a561e7c0f07e01079d58
vlcsnap-2025-02-19-15h11m08s180.jpg,Pothole,crack|pothole,2,COCO pothole category presence,20250219,filename_capture_date,92bbdf265a29739316e686ef6cb34259824ae947eac655dbbec6835aa50f1090
vlcsnap-2025-02-19-15h11m11s690.jpg,No_pothole,crack,3,COCO pothole category presence,20250219,filename_capture_date,ea7572f603dd9c8589f6bd229d2faac12ad63331783fed8203d7e6d1ec97c8bc
vlcsnap-2025-02-19-15h11m15s208.jpg,No_pothole,crack,1,COCO pothole category presence,20250219,filename_capture_date,687cea66de9495c0f9c8eb21f6b7ac0f8d7477ff0cc69d73d91f20e6d09363d0
vlcsnap-2025-02-19-15h11m16s693.jpg,Pothole,crack|pothole,5,COCO pothole category presence,20250219,filename_capture_date,c8b67d8c2c8a135f75de50774dae0d8e48c203ac7437f75cf4729dd62e0143f1
vlcsnap-2025-02-19-15h11m17s872.jpg,Pothole,crack|pothole,3,COCO pothole category presence,20250219,filename_capture_date,3be82652e4344b262cd7ecf496089531e39cf6828a6fb3d4685e56354d72b88d
vlcsnap-2025-02-19-15h11m21s909.jpg,Pothole,pothole,1,COCO pothole category presence,20250219,filename_capture_date,6a86abb1364acf7527da730b1a1ca392f1fed63a595acf164bf91b9e0e51233a
vlcsnap-2025-02-19-15h11m23s972.jpg,No_pothole,crack,1,COCO pothole category presence,20250219,filename_capture_date,eb90cf448f30cbee7a11419ffc1b97ba9d61d13bcb28b66965b74381d6f02377
vlcsnap-2025-02-19-15h11m25s800.jpg,Pothole,crack|pothole,2,COCO pothole category presence,20250219,filename_capture_date,fa4729df6247882a73d352ff010242b1eea3ff430ffde38074e9006c36ea00eb
vlcsnap-2025-02-19-15h11m28s430.jpg,Pothole,crack|manhole|pothole,5,COCO pothole category presence,20250219,filename_capture_date,ebedcda80e9e30d53b9ef932761560e527fcef4cf0121515398c9aaa4dd33858
vlcsnap-2025-02-19-15h11m29s734.jpg,Pothole,crack|manhole|pothole,4,COCO pothole category presence,20250219,filename_capture_date,b036cf52b242ecbed1605ba6e678a79bb137de6c7a55aee958c30b6033c01cb8
vlcsnap-2025-02-19-15h11m32s749.jpg,No_pothole,crack,1,COCO pothole category presence,20250219,filename_capture_date,ece081ba2d26fd6acd22255b16cadf30a8afc99dbe9105f289c03144041575af
vlcsnap-2025-02-19-15h11m34s817.jpg,Pothole,crack|pothole,2,COCO pothole category presence,20250219,filename_capture_date,e26cc2fbd702c5f6fb29fdc92b443c9968dc95c90f659de48f26797e084766f2
vlcsnap-2025-02-19-15h11m40s216.jpg,No_pothole,crack,1,COCO pothole category presence,20250219,filename_capture_date,bef76cef8a13562fc34b2004b767728e79c800d5202f2200a65b3de66a1057fa
vlcsnap-2025-02-19-15h11m41s746.jpg,Pothole,pothole,2,COCO pothole category presence,20250219,filename_capture_date,24e4626cf6a3a9c527a023f3f712ffe87b2c8403ddf40565bc701229efc47e4f
vlcsnap-2025-02-19-15h11m43s419.jpg,Pothole,crack|pothole,2,COCO pothole category presence,20250219,filename_capture_date,32965813799bcce652c135a2cee401e07b28ec9a236508550e92c30b019ffad7
vlcsnap-2025-02-19-15h11m45s542.jpg,Pothole,crack|pothole,4,COCO pothole category presence,20250219,filename_capture_date,261b775d73bd882aa72fb5ad781871a9c62bb3342258f96103e978871f8efe9e
vlcsnap-2025-02-19-15h11m53s813.jpg,No_pothole,crack,2,COCO pothole category presence,20250219,filename_capture_date,f8f7e5e4bb559f56659cb05e514ff8363efd35f9f24fa2e624a20323c2259d5b
vlcsnap-2025-02-19-15h12m17s037.jpg,No_pothole,crack,1,COCO pothole category presence,20250219,filename_capture_date,6815c96ca62e2d6652f41a016d7478c6f4b1469fa49c4206f29c946059ded13b
vlcsnap-2025-02-19-15h12m18s750.jpg,Pothole,crack|pothole,2,COCO pothole category presence,20250219,filename_capture_date,f848832fa847e4019183c4abe31b110a6a042d5e2bb5a365b361998ff04a64b4
vlcsnap-2025-02-19-15h13m32s646.jpg,Pothole,pothole,1,COCO pothole category presence,20250219,filename_capture_date,93f63aa1a2c3242eb75aa2e03100db25ca15e64038b2ec77d43e2ff57954952a
vlcsnap-2025-02-19-15h13m33s982.jpg,Pothole,pothole,1,COCO pothole category presence,20250219,filename_capture_date,3136820e7d7839b1a2a51200f8965175be3550a40df57063621d74bd0d47934e
vlcsnap-2025-02-19-15h13m35s433.jpg,Pothole,crack|pothole,2,COCO pothole category presence,20250219,filename_capture_date,c9c20e692e6e5143006cd3d052f04f1447c0fdb6d6b2fe07399197330b8b2556
vlcsnap-2025-02-19-15h13m36s510.jpg,No_pothole,crack,2,COCO pothole category presence,20250219,filename_capture_date,04f271581bd120bf8f2461f4045025b7451f8badff4c91d5d93928258cb45a18
vlcsnap-2025-02-19-15h13m40s100.jpg,No_pothole,manhole,1,COCO pothole category presence,20250219,filename_capture_date,641786b9986d258a15f091959195175d8cb4c5eadfd3b3e99416e865a8c80054
vlcsnap-2025-02-19-15h13m43s967.jpg,No_pothole,manhole,1,COCO pothole category presence,20250219,filename_capture_date,18271ca55698c7047fc5868543ac2331de538ffed9e67f5d39459c4bfecd99c1
vlcsnap-2025-02-19-15h13m45s118.jpg,No_pothole,manhole,1,COCO pothole category presence,20250219,filename_capture_date,63728e8be9ff6e97f8d6bd817d120bf2f7215afc57d3e7e5c07517aae8e0bce3
vlcsnap-2025-02-19-16h17m29s412.jpg,No_pothole,crack|manhole,3,COCO pothole category presence,20250219,filename_capture_date,b72eeb5d5c39f52184258cacfeac87afea2e9d80cfe46835024e0c0c993e0f29
vlcsnap-2025-02-19-16h21m31s373.jpg,No_pothole,manhole,1,COCO pothole category presence,20250219,filename_capture_date,40afdcd5cce8231416b5462fe398a010cdfb319836a81002413c131302212fb2
vlcsnap-2025-02-19-16h21m33s637.jpg,Pothole,pothole,1,COCO pothole category presence,20250219,filename_capture_date,c319f7047bd8692b975f6218e398ecf8765a31e8a708f7c119d8b8277c25c3ae
vlcsnap-2025-02-19-16h21m36s467.jpg,No_pothole,manhole,1,COCO pothole category presence,20250219,filename_capture_date,7eff8d254be8ef722d39d6dc347547561563f52b2c5c5e729f27720c251f1f95
vlcsnap-2025-02-19-16h21m41s446.jpg,No_pothole,manhole,1,COCO pothole category presence,20250219,filename_capture_date,b8789fe46b57ae962e7cef4e781e343d4d444d3402086e73c4f37f5a4d93857d
vlcsnap-2025-02-19-16h21m43s745.jpg,No_pothole,manhole,1,COCO pothole category presence,20250219,filename_capture_date,b1a76931fe666ca8f1a206e567449caf04ca6466283bf4d9f7ecc8b253a9631d
vlcsnap-2025-02-19-16h21m46s026.jpg,No_pothole,manhole,1,COCO pothole category presence,20250219,filename_capture_date,1bc685b25f1cd72a70f3e7f9ef1c65f85388897e583774b83c10f46605c87afe
vlcsnap-2025-02-19-16h21m48s307.jpg,No_pothole,manhole,1,COCO pothole category presence,20250219,filename_capture_date,f90cf49d7248285941145b62100627d4599d5c8e97dd504de7b0e742d808743e
vlcsnap-2025-02-19-16h21m52s936.jpg,No_pothole,manhole,1,COCO pothole category presence,20250219,filename_capture_date,2a7a2ddf964dd8442ba1a865721df1900b86e4ba20b18de5fe3ea4f0707184f4
vlcsnap-2025-02-19-16h21m55s303.jpg,No_pothole,manhole,1,COCO pothole category presence,20250219,filename_capture_date,38f6ab32e48dc4309f43e13386ebde91a05fbbd3b4860550812e083cce5f9544
vlcsnap-2025-02-19-16h21m57s822.jpg,Pothole,manhole|pothole,2,COCO pothole category presence,20250219,filename_capture_date,4603969b9649ee92bfff9ec33fc08f3ab4498acd59cc1b7515b7997503d194ee
vlcsnap-2025-02-19-16h22m27s494.jpg,No_pothole,manhole,1,COCO pothole category presence,20250219,filename_capture_date,4e9550a85b03322b1e24dc9cd00513ddc59a19c643a857ba3d46fc807b6fcf62
vlcsnap-2025-02-19-16h22m29s339.jpg,Pothole,pothole,1,COCO pothole category presence,20250219,filename_capture_date,aae143838d9c6f19d98ad2b02b34bfb8b90a6b7cfc164dfe6c14dbbde20ba45b
vlcsnap-2025-02-19-16h22m34s909.jpg,No_pothole,crack,2,COCO pothole category presence,20250219,filename_capture_date,86d79c0cdf8bc80cb7a952a196c2a265546338aae0d40fe99e39623c10effd42
vlcsnap-2025-02-19-16h23m27s315.jpg,Pothole,pothole,1,COCO pothole category presence,20250219,filename_capture_date,7af40f273b2c75ddd169b9dfa637061b2512e1c3553e3cc8daf7c9898286eed3
vlcsnap-2025-02-19-16h23m54s244.jpg,No_pothole,manhole,4,COCO pothole category presence,20250219,filename_capture_date,c6e92ecce4bdc38a96210c11dd430ea62c1d471510ee191f442948ce47976774
vlcsnap-2025-02-19-16h24m09s476.jpg,No_pothole,crack,1,COCO pothole category presence,20250219,filename_capture_date,f6d9aba7a4ff97a6ceaf0a8851b1aa1f07b7fbda007b960f6176b306e52615df
vlcsnap-2025-02-19-16h24m11s229.jpg,No_pothole,crack,2,COCO pothole category presence,20250219,filename_capture_date,a50b76983890dcaaa3d4da8456db9c521c5076988df4c51fa0b6e1d339baf20c
vlcsnap-2025-02-19-16h24m14s656.jpg,No_pothole,crack,2,COCO pothole category presence,20250219,filename_capture_date,4748e6c87592d77b44d0729b34590838dc8255033f9b328ab9ab3756c3b609b4
vlcsnap-2025-02-19-16h24m16s074.jpg,Pothole,crack|pothole,2,COCO pothole category presence,20250219,filename_capture_date,ca0b5186cc006357fe7a5a926b128c5949509ef845420ba76e9961899299a8af
vlcsnap-2025-02-19-16h24m18s023.jpg,Pothole,crack|pothole,5,COCO pothole category presence,20250219,filename_capture_date,8f98f7f540f7253543db0dd36b28b2dd7ff885fd9201f10e0c0a45c398f39db4
vlcsnap-2025-02-19-16h24m19s410.jpg,Pothole,crack|pothole,4,COCO pothole category presence,20250219,filename_capture_date,6419d16a27059206847fe871feed06f0f50c7810d73467fbf3adc66523f07cbb
vlcsnap-2025-02-19-16h24m21s332.jpg,Pothole,crack|pothole,5,COCO pothole category presence,20250219,filename_capture_date,b03f32ab8825f8603804d6bdbbe28d983ecb3dd8f66569f4f521f3a1fe70f5c8
vlcsnap-2025-02-19-16h24m23s176.jpg,Pothole,pothole,3,COCO pothole category presence,20250219,filename_capture_date,60b0734dafb69d70f4d991cc4088519d8eea668761682799df15164b7954c57f
vlcsnap-2025-02-19-16h24m27s454.jpg,No_pothole,crack,2,COCO pothole category presence,20250219,filename_capture_date,416857013ac6014ceb5884456983e72ac6afd888fa699b8f0fab8fa8f87b7579
vlcsnap-2025-02-19-16h24m28s831.jpg,Pothole,crack|pothole,3,COCO pothole category presence,20250219,filename_capture_date,7f2a32f7b3acc7c8aa476a87432ee8e5d6c47b2d3f55af57745b1b1a01c1bf78
vlcsnap-2025-02-19-16h24m45s810.jpg,No_pothole,crack,1,COCO pothole category presence,20250219,filename_capture_date,9d0270ef4b67b4c5711b024c60fb99543613f87b0e952d8d468b2219ea24c026
vlcsnap-2025-02-19-16h24m54s590.jpg,No_pothole,crack,4,COCO pothole category presence,20250219,filename_capture_date,63d654329911816038dc09a462952d591bb8e1181e3c76a86f0b63b4593b1ec4
vlcsnap-2025-02-19-16h25m09s616.jpg,No_pothole,crack,2,COCO pothole category presence,20250219,filename_capture_date,2eede14a6ba8b6146a34398f30984de4dab088025c3780a846544b5aa6a6f63a
vlcsnap-2025-02-19-16h57m23s034.jpg,No_pothole,crack,1,COCO pothole category presence,20250219,filename_capture_date,aad09a16fc5f05c6c2171a82ef7e07c1e0aeeabf036a2c14254c0490caf4754f
vlcsnap-2025-02-19-16h57m25s676.jpg,No_pothole,crack,1,COCO pothole category presence,20250219,filename_capture_date,3e1650420194a2b99aff8c56e133472cf3de136285a02e1a9feff09351c3f778
vlcsnap-2025-02-19-16h58m52s899.jpg,Pothole,pothole,1,COCO pothole category presence,20250219,filename_capture_date,2fbdd2408d743ca7b6a042788186894dac4066299db3ce4af918ed39226ed12a
vlcsnap-2025-02-19-17h00m19s245.jpg,No_pothole,crack|manhole,2,COCO pothole category presence,20250219,filename_capture_date,36d55cfbcb93bea68d2ad59b77395a24070f1e116c40d8e3b7ca94026f6f2886
vlcsnap-2025-02-19-17h00m20s882.jpg,No_pothole,manhole,1,COCO pothole category presence,20250219,filename_capture_date,53256b1509c02af881de8914cb2f73fd3401dcc1d5a2c5e2518e28bba9104b71
vlcsnap-2025-02-19-17h01m20s988.jpg,No_pothole,manhole,1,COCO pothole category presence,20250219,filename_capture_date,f5f55aff82f299a63395ca027b6b53af359dc47e4a2861baadeef762733fec17
vlcsnap-2025-02-19-17h01m22s346.jpg,No_pothole,manhole,1,COCO pothole category presence,20250219,filename_capture_date,25f523ddf4e29804c20a8d8dd14970a7e4688a9bd886d67ac1fcb311cb04a59e
vlcsnap-2025-02-19-17h01m36s808.jpg,No_pothole,crack,1,COCO pothole category presence,20250219,filename_capture_date,415d20e410a9a415c7ea5fdb1b852125a780d93568cf3858fe923052f80056d4
vlcsnap-2025-02-19-17h01m38s740.jpg,No_pothole,crack,1,COCO pothole category presence,20250219,filename_capture_date,626c459cb2e9ea1376eb5387e8028cbaf816f349c261d9c7b1157b799f4e809d
vlcsnap-2025-02-19-17h02m53s135.jpg,No_pothole,crack,3,COCO pothole category presence,20250219,filename_capture_date,a90b3865f5fb358c12e25f108129e818d2c0e7a659c776dee87383a4ac0ccb89
vlcsnap-2025-02-19-17h02m54s622.jpg,Pothole,crack|pothole,3,COCO pothole category presence,20250219,filename_capture_date,bcf88f192279b1798a9a20bcf6e72d0d860bdcee7bac60bf2d20235ec9a965c1
vlcsnap-2025-02-19-17h02m57s019.jpg,No_pothole,crack,2,COCO pothole category presence,20250219,filename_capture_date,374a5813409beeb29c66c1c94acd6caa029dd151fac48928fd777276cd5e38d2
vlcsnap-2025-02-19-17h03m02s980.jpg,Pothole,crack|pothole,6,COCO pothole category presence,20250219,filename_capture_date,0ade1389ab4b6d94018ce80d4df3756e6b63262ec6490b6c044419adea30f20d
vlcsnap-2025-02-19-17h03m06s413.jpg,Pothole,crack|pothole,5,COCO pothole category presence,20250219,filename_capture_date,bafbecfacb635b1658d59b5570b4d8d91f16a6803601cea64a7ee13f379e222b
vlcsnap-2025-02-19-17h03m22s057.jpg,Pothole,crack|pothole,3,COCO pothole category presence,20250219,filename_capture_date,d8e488ecaeea4b3f27ce6300a4bcaeab8299bcfc1bee7fccf4f29cc5b087d365
vlcsnap-2025-02-19-17h03m26s014.jpg,Pothole,crack|pothole,6,COCO pothole category presence,20250219,filename_capture_date,cf735832ee4b66538b1a1d6fef6447c810a34c1f2e9bf7bcb888b6f646aaf5c0
vlcsnap-2025-02-19-17h03m28s017.jpg,Pothole,pothole,5,COCO pothole category presence,20250219,filename_capture_date,ca61d7b930b35a248756424fcc0f35a1ec676182cbd0b3409d7c6e72355545d7
vlcsnap-2025-02-19-17h03m29s526.jpg,Pothole,crack|pothole,4,COCO pothole category presence,20250219,filename_capture_date,132b4380d84810e0ab535b63205096547497c6ab512641de92b92863a65039af
vlcsnap-2025-02-19-17h03m31s261.jpg,Pothole,crack|pothole,5,COCO pothole category presence,20250219,filename_capture_date,24f45289d830a84aeac2b021cd36b418c33749b070a3c6e4ee7fc455e6f9f16a
vlcsnap-2025-02-19-17h03m34s523.jpg,No_pothole,crack,1,COCO pothole category presence,20250219,filename_capture_date,34fc226be6881fc66bae87513337267c41a92d8b64604ab7fa7dc9d2f69dfed8
vlcsnap-2025-02-19-17h03m42s580.jpg,Pothole,pothole,1,COCO pothole category presence,20250219,filename_capture_date,11406dfd0d9085c8391d6d043e71ea37140b59c8183dc2608299d0660a5ec4b0
vlcsnap-2025-02-19-17h03m45s777.jpg,Pothole,crack|pothole,2,COCO pothole category presence,20250219,filename_capture_date,0c796207ef3139a1e7cacb3f87a38d2b73d31de97417fb1b985bfe67f5f0badc
vlcsnap-2025-02-19-17h03m47s237.jpg,No_pothole,crack,1,COCO pothole category presence,20250219,filename_capture_date,433c9e9bee42a78eb76a3f867f51b8478c2f7c6bc95f5ea7c20cef1d804cdcb8
vlcsnap-2025-02-19-17h03m49s630.jpg,No_pothole,crack,2,COCO pothole category presence,20250219,filename_capture_date,828ed52b1c4f8962534a33f912d584bae235804fa1ba531dd88fd07defb8ec3d
vlcsnap-2025-02-19-17h03m50s926.jpg,No_pothole,crack,2,COCO pothole category presence,20250219,filename_capture_date,aba8c82cdf9e89fb7e3a4835c621b5cfa28d048a0e094a3c030478ffc23987c4
vlcsnap-2025-02-19-17h04m10s260.jpg,No_pothole,crack|manhole,3,COCO pothole category presence,20250219,filename_capture_date,b99bd3d1f5d4877a3944eb7ee5edac31b8fe8bfb18a38d297d0131d143db4726
vlcsnap-2025-02-19-17h04m13s313.jpg,No_pothole,manhole,1,COCO pothole category presence,20250219,filename_capture_date,10edfa2e1c6d5c14907cc61063106410b5cd9325e683093782e57f71b6560ac8
vlcsnap-2025-02-19-17h04m41s282.jpg,Pothole,pothole,2,COCO pothole category presence,20250219,filename_capture_date,17fec6ac5bab35957866e7d75b5ae0a1a3454d05785cc663e79dbd3b8169fc70
vlcsnap-2025-02-19-17h04m44s457.jpg,Pothole,crack|pothole,3,COCO pothole category presence,20250219,filename_capture_date,d09e90420f9c7a0220804d9d27f9110b67af797703d88b9415a2ffd32f444bb1
vlcsnap-2025-02-19-17h04m47s362.jpg,Pothole,pothole,3,COCO pothole category presence,20250219,filename_capture_date,2205be70ca91285836aa5795d52b247faca426853f6e2540b48792f244964a0a
vlcsnap-2025-02-19-17h04m49s140.jpg,Pothole,crack|pothole,4,COCO pothole category presence,20250219,filename_capture_date,62593d2c84bce894c809664d489167582d88124096c082d586b42a079e44c039
vlcsnap-2025-02-19-17h04m53s778.jpg,Pothole,manhole|pothole,3,COCO pothole category presence,20250219,filename_capture_date,0f1227b04242d22a0b1cc12fa10756cfbcab4845b91e79bbf05bafb4678e0135
vlcsnap-2025-02-19-17h04m55s842.jpg,Pothole,pothole,1,COCO pothole category presence,20250219,filename_capture_date,073306775019da82a35a2c576d18069efa8a52695a7ce3e04d9d68052eafcc76
vlcsnap-2025-02-19-17h04m58s334.jpg,Pothole,pothole,2,COCO pothole category presence,20250219,filename_capture_date,230993276c353d19fc5bc19ecc39d1caf05d7251109f8e2e5ee3e77bdcc58822
vlcsnap-2025-02-19-17h04m59s792.jpg,Pothole,manhole|pothole,4,COCO pothole category presence,20250219,filename_capture_date,14b8160d2ec937870681063527402bc5c60a12aafd177333be82152f34122d95
vlcsnap-2025-02-19-17h05m06s690.jpg,No_pothole,manhole,2,COCO pothole category presence,20250219,filename_capture_date,a7840d202d8b8832c9e1212bbb8c301d77972207583437e1de9de394c3a1dc17
vlcsnap-2025-02-19-17h05m08s806.jpg,Pothole,pothole,1,COCO pothole category presence,20250219,filename_capture_date,efee5f00436309ea8b4c898ca43bb4a8c3270e9cea33c65923d7d83cd92607d2
vlcsnap-2025-02-19-17h05m14s947.jpg,Pothole,manhole|pothole,2,COCO pothole category presence,20250219,filename_capture_date,a55eae4e9edb4fc676f896b8bbc8e78b9102b6069b54ba40f8e1aaae0b39d9b4
vlcsnap-2025-02-19-17h05m16s653.jpg,Pothole,pothole,1,COCO pothole category presence,20250219,filename_capture_date,8c366f4fe973fd34e95f7fbc8e4fd27c4f8947e759412fdb5bc1ee22ef5ae1ed
vlcsnap-2025-02-19-17h05m21s882.jpg,No_pothole,manhole,1,COCO pothole category presence,20250219,filename_capture_date,4a30481059921089ca844c0e2544a98c11a0908e26c829cf44441fa44134d7f3
vlcsnap-2025-02-19-17h05m28s575.jpg,Pothole,manhole|pothole,2,COCO pothole category presence,20250219,filename_capture_date,0a3783babf1d0583d27a792aeaafc07106fa17a82485285e06e2c60a48766320
vlcsnap-2025-02-19-17h05m37s430.jpg,Pothole,crack|manhole|pothole,4,COCO pothole category presence,20250219,filename_capture_date,e361d9fec3406e2683e61ee68c72fe794dfb771a809f56efb549bfa11ee61d69
vlcsnap-2025-02-19-17h05m39s299.jpg,Pothole,crack|manhole|pothole,5,COCO pothole category presence,20250219,filename_capture_date,b5177dc1f0d89b377f2b64134d1bbf3d3946082e96762546df977e9610144942
vlcsnap-2025-02-19-17h05m46s478.jpg,Pothole,crack|manhole|pothole,3,COCO pothole category presence,20250219,filename_capture_date,b50b94bc82449a11635a5a5453665681642ac9feeff247d4ec7d284153c9d21d
vlcsnap-2025-02-19-17h05m48s629.jpg,No_pothole,crack,1,COCO pothole category presence,20250219,filename_capture_date,c75d801a7cd34460ed5bd8b874615a4142aaf1e6533da3935fd5b957cb738bbe
vlcsnap-2025-02-19-17h05m50s087.jpg,No_pothole,crack,1,COCO pothole category presence,20250219,filename_capture_date,b1d8542c04ac6b3c8095155dd0413750408101e48009555f40e5b178ade91a5f
vlcsnap-2025-02-19-17h05m51s656.jpg,No_pothole,crack|manhole,2,COCO pothole category presence,20250219,filename_capture_date,53ba2c0e068e1cdf53285d01c2970a86fde7c4608cf7684e19795dce3312b83a
vlcsnap-2025-02-19-17h06m04s020.jpg,No_pothole,manhole,1,COCO pothole category presence,20250219,filename_capture_date,284e2a3ebd34a6a3d757086f1e1968adaf56e3080d82d5d262ff345f3c5fdaf1
vlcsnap-2025-02-19-17h06m11s315.jpg,No_pothole,manhole,1,COCO pothole category presence,20250219,filename_capture_date,658f25f6b9f1defed5e9e0af046b6fa5039b7c594f9fc48fb5762fa4c96b8674
vlcsnap-2025-02-19-17h08m23s745.jpg,No_pothole,crack,2,COCO pothole category presence,20250219,filename_capture_date,c6e2d10334fe4a14b84e7073c68736ec5811ca4654e66691a33cfb454e790c04
vlcsnap-2025-02-19-17h08m28s062.jpg,No_pothole,crack,1,COCO pothole category presence,20250219,filename_capture_date,9ec04a1392eae30336885b510801abbf1055b2886fd4b0ce9420375b45916d2a
vlcsnap-2025-02-19-17h08m39s461.jpg,Pothole,crack|pothole,3,COCO pothole category presence,20250219,filename_capture_date,a45951cc6cb59f4dac9406225f1f480d649ffd0e6949471f25cc2c30d351e474
vlcsnap-2025-02-19-17h08m40s964.jpg,Pothole,crack|pothole,2,COCO pothole category presence,20250219,filename_capture_date,765860290f7089d8325c7e7c58c6d0084f4485d4ffd25d1052ce395560f61803
vlcsnap-2025-02-19-17h08m42s915.jpg,Pothole,crack|pothole,2,COCO pothole category presence,20250219,filename_capture_date,32480ba0f378549c39c759451bbb7c66c96c4358e8d637fe45a5d9005ef9717f
vlcsnap-2025-02-19-17h08m53s830.jpg,No_pothole,crack,2,COCO pothole category presence,20250219,filename_capture_date,8a3359f70cf57695f093f6bb220c78d6ecf81f360cc53e11e4204a5f58dc0992
vlcsnap-2025-02-19-17h08m58s373.jpg,Pothole,crack|pothole,4,COCO pothole category presence,20250219,filename_capture_date,e7b2d3986018977a1eac9300d782ebfb3d687bc49a524f61b245cd562d9a8d54
vlcsnap-2025-02-19-17h08m59s876.jpg,Pothole,crack|pothole,5,COCO pothole category presence,20250219,filename_capture_date,01e129527f182d2020e2c6b61d4dbb04653f8520a935e0cd6b87508a7e8b23ed
vlcsnap-2025-02-19-17h09m09s086.jpg,No_pothole,crack,2,COCO pothole category presence,20250219,filename_capture_date,4130e6214f8bf2eb43b35968fd0979fc345f1c30fc2228581d476fd2a71ba55c
vlcsnap-2025-02-19-17h09m12s076.jpg,No_pothole,crack,1,COCO pothole category presence,20250219,filename_capture_date,5855b2739ff3d3add886cc2da7f69d3bb8700b6b2b37d862190a05aa664978e6
vlcsnap-2025-02-19-17h09m21s575.jpg,No_pothole,crack,2,COCO pothole category presence,20250219,filename_capture_date,e41b0d6a8391ac4d692dec696c011dd74b8b7b2700022db1e52c5a2fbf3138f3
vlcsnap-2025-02-19-17h09m23s556.jpg,No_pothole,crack,1,COCO pothole category presence,20250219,filename_capture_date,bd5bf8d446297737674effe4c842662108fd01a3212cdc912d76ab1b123960f8
vlcsnap-2025-02-19-17h09m25s147.jpg,No_pothole,crack,3,COCO pothole category presence,20250219,filename_capture_date,68c1bc9db6923f4183b58da7a4cacdd1b4f7b9e82966b01832d247dbf3612d52
vlcsnap-2025-02-19-17h09m28s277.jpg,Pothole,crack|pothole,4,COCO pothole category presence,20250219,filename_capture_date,eb4ca112c7544f6cd4e9fb224812d0c2f09d9f1721d0e6e4304aeebdde1444a0
vlcsnap-2025-02-19-17h09m29s678.jpg,Pothole,crack|pothole,3,COCO pothole category presence,20250219,filename_capture_date,1f39102c346a0666da07922d4a777d1e04873090e4285c91d746869e656f3e9c
vlcsnap-2025-02-19-17h09m31s964.jpg,No_pothole,crack,1,COCO pothole category presence,20250219,filename_capture_date,b8deac87742ec467af235c009ff1b8fb26e0786c94fdcefd94ba0508d2be42f6
vlcsnap-2025-02-19-17h09m33s751.jpg,No_pothole,crack,3,COCO pothole category presence,20250219,filename_capture_date,e0750d75bc35d218bbb6042ebdf52c5efd58fc0bcb624f2418b39998195f384d
vlcsnap-2025-02-19-17h09m37s477.jpg,No_pothole,crack,2,COCO pothole category presence,20250219,filename_capture_date,6946131aac6663f4f8fba6d6040076b472a4044f929e5a1e2776c14b69ab7bbf
vlcsnap-2025-02-19-17h09m39s506.jpg,No_pothole,crack,1,COCO pothole category presence,20250219,filename_capture_date,c2f5bae0465052e5fdf20364b2aaa3fa4ce42b02b11b06f2e0f743f6a08419e9
vlcsnap-2025-02-19-17h09m41s152.jpg,No_pothole,crack,1,COCO pothole category presence,20250219,filename_capture_date,9ca410a343b5689cce77c320d1cf518bc08219f3eb854658afa954e373283adf
vlcsnap-2025-02-19-17h09m46s359.jpg,No_pothole,crack,2,COCO pothole category presence,20250219,filename_capture_date,a132f18940a4689b098cc12fe5a09e702365cf5631e2225396ae7b73ec316126
vlcsnap-2025-02-19-17h09m47s565.jpg,No_pothole,crack,1,COCO pothole category presence,20250219,filename_capture_date,853f29a5e70236bfaf5cabb6d52ddd9597d7958b4283088c6f2157688f7c2122
vlcsnap-2025-02-19-17h09m51s548.jpg,Pothole,crack|pothole,3,COCO pothole category presence,20250219,filename_capture_date,1fd0d6fb372ab5375ff2f2de4698648d900f2deec9ee9804c6cf0557d8f5d494
vlcsnap-2025-02-19-17h09m54s893.jpg,No_pothole,crack,1,COCO pothole category presence,20250219,filename_capture_date,af32632e2e2ad54c4e08dd62b11d5d16c859707953630781e857fe51d8981e52
vlcsnap-2025-02-19-17h10m02s041.jpg,No_pothole,crack,3,COCO pothole category presence,20250219,filename_capture_date,b4ff5f571ac19a87ff465100cbfb996070212e21791ee4d0f4ab66fe1532247c
vlcsnap-2025-02-19-17h10m39s739.jpg,No_pothole,manhole,2,COCO pothole category presence,20250219,filename_capture_date,a8beff68a27d3505b3d79643a376594352508eead43f28c55de225a40b84f2a5
vlcsnap-2025-02-19-17h11m25s058.jpg,No_pothole,manhole,1,COCO pothole category presence,20250219,filename_capture_date,c24a9d8d8ee8c857283cd2fcf8dce01b0ccaa8ddd221618a3a5b31eb98e774ff
vlcsnap-2025-02-19-17h13m27s267.jpg,No_pothole,manhole,1,COCO pothole category presence,20250219,filename_capture_date,71bd32f0d66df26aefc988619254218f1ec8953d294c3952707de586035425f9
vlcsnap-2025-02-19-17h13m51s627.jpg,No_pothole,manhole,1,COCO pothole category presence,20250219,filename_capture_date,bbb9a4b399542e6dfc164c888acc2cd0e1d3afd67205b1ed6faa8e5d6a8a8731
vlcsnap-2025-02-19-17h14m06s154.jpg,No_pothole,crack,3,COCO pothole category presence,20250219,filename_capture_date,dda9d3a90158629f347f3ef51d42481656182e5ae230487145595fc94b61df2f
vlcsnap-2025-02-19-17h14m07s722.jpg,No_pothole,crack,3,COCO pothole category presence,20250219,filename_capture_date,71d35a4f5a093ad5064b819c536fe703ad2beca91fea0a08272f5e80244832be
vlcsnap-2025-02-19-17h14m10s304.jpg,No_pothole,crack,1,COCO pothole category presence,20250219,filename_capture_date,63253ecc43e943f810ff871393304e2c2c135fdfd298b1d5846c46814377d3fe
vlcsnap-2025-02-19-17h14m23s060.jpg,No_pothole,manhole,1,COCO pothole category presence,20250219,filename_capture_date,71c49d669da069e202339f5f7275667b5b228ec3467c2e31cda9488bd9f5a9ea
vlcsnap-2025-02-19-17h14m33s249.jpg,No_pothole,manhole,1,COCO pothole category presence,20250219,filename_capture_date,15f9143550028cdb588f718c9dbae621922e522d1374bfd1e9c54e5d3415f3d4
vlcsnap-2025-02-19-17h14m36s486.jpg,No_pothole,manhole,1,COCO pothole category presence,20250219,filename_capture_date,a5988004ed524cda3c91baca09fb13a8a674c98b14bed0b3fc52197bd543cafa
vlcsnap-2025-02-19-17h14m56s176.jpg,No_pothole,manhole,1,COCO pothole category presence,20250219,filename_capture_date,125366d29e5c66eb5847b5b6674fc1adeeed2bf262aef3768183daaa60fc6159
vlcsnap-2025-02-19-17h16m03s525.jpg,Pothole,pothole,1,COCO pothole category presence,20250219,filename_capture_date,1d9b9e314418e77b3f51d9fabf102aff0d586b12f44084396eefa8ed8c471b54
vlcsnap-2025-02-26-20h31m00s428.jpg,No_pothole,crack,1,COCO pothole category presence,20250226,filename_capture_date,9ab62220c96a0a05189956c071ec1e72e4f6d3cbcbd99d678fd1ea618feafd13
vlcsnap-2025-02-26-20h31m07s658.jpg,Pothole,pothole,1,COCO pothole category presence,20250226,filename_capture_date,1d1618c517bb0be2f305c8fc6572455858d18f3aeeaa951b76afdc1d91684296
vlcsnap-2025-02-26-20h31m11s632.jpg,No_pothole,crack,1,COCO pothole category presence,20250226,filename_capture_date,145bf2bdb41fdc11d74d84ec9285895ccebdd967a66d0ad18d335d9d46e80b28
vlcsnap-2025-02-26-20h31m13s271.jpg,No_pothole,manhole,1,COCO pothole category presence,20250226,filename_capture_date,e28eda0e9194046cc080f4eb592da6daa5f01b4e531919fb0c87af2e251a4992
vlcsnap-2025-02-26-20h31m16s868.jpg,No_pothole,crack,1,COCO pothole category presence,20250226,filename_capture_date,21b5d71057c5de884d1b7b96b48f57ac7521476a652542118f5dd4849df19145
vlcsnap-2025-02-26-20h31m18s667.jpg,No_pothole,crack,1,COCO pothole category presence,20250226,filename_capture_date,f6691325dc727b9b96a94d6961df948eca03f1c7d923e5bdadb75964eaf86167
vlcsnap-2025-02-26-20h31m32s020.jpg,Pothole,crack|manhole|pothole,3,COCO pothole category presence,20250226,filename_capture_date,e80a2c20a9e7eb32fb22b64365237e773b6f30fe25011887eb0e6f6b47a3df1b
vlcsnap-2025-02-26-20h31m33s869.jpg,No_pothole,manhole,1,COCO pothole category presence,20250226,filename_capture_date,411ec6831f65d0d32cbda3b8480ef0a401c59dcfc3df2bea47ec7253ace9c9c0
vlcsnap-2025-02-26-20h31m37s772.jpg,No_pothole,manhole,1,COCO pothole category presence,20250226,filename_capture_date,5ba0dfc9f68af03f71b4332ec2574e1e3b2ec29d0fbd10d8128e17d0ed75fd4f
vlcsnap-2025-02-26-20h31m43s133.jpg,No_pothole,crack,1,COCO pothole category presence,20250226,filename_capture_date,3b53917fbdb68af249cb9cf1a3776fc7ac44a3c685ddec07d66494da516264c7
vlcsnap-2025-02-26-20h31m47s694.jpg,Pothole,manhole|pothole,3,COCO pothole category presence,20250226,filename_capture_date,e338680c132c6edcbb8fcce0caf6ac255f8c94af726852913a0ffebc0b6740a7
vlcsnap-2025-02-26-20h31m51s717.jpg,Pothole,manhole|pothole,2,COCO pothole category presence,20250226,filename_capture_date,dbc544020ba59f0f0d3755f0213a6449512e28de088963aabe93308c15beafd1
vlcsnap-2025-02-26-20h31m54s793.jpg,Pothole,manhole|pothole,2,COCO pothole category presence,20250226,filename_capture_date,26c81f7eebd624f703f737fce56a79c97f24b7b9113e89198a946ece33da0f02
vlcsnap-2025-02-26-20h32m11s661.jpg,No_pothole,manhole,2,COCO pothole category presence,20250226,filename_capture_date,ab0739d093d7a6b48ed4c744a19ed0a03c23e6c5f1fc9761c2f1778894bd8d55
vlcsnap-2025-02-26-20h32m14s903.jpg,No_pothole,manhole,1,COCO pothole category presence,20250226,filename_capture_date,47c0648b8ef056c584e7bb568313609ec755c0ecd7b5c0a331251a61852db58f
vlcsnap-2025-02-26-20h32m17s640.jpg,No_pothole,manhole,2,COCO pothole category presence,20250226,filename_capture_date,33cc7566d3f63b9d19dd6680b0c11c0a8c354ab60f87f20816dc522690a35331
vlcsnap-2025-02-26-20h32m19s876.jpg,No_pothole,manhole,1,COCO pothole category presence,20250226,filename_capture_date,1e5bb1251b9a4abd92db19987bc6551f2c58e38518a18e65e2bbffbdd0a95e47
vlcsnap-2025-02-26-20h32m21s935.jpg,No_pothole,manhole,1,COCO pothole category presence,20250226,filename_capture_date,6840c6bd1e6ba404052415ef4a3a888416855d3d8271df08ff537f02098b0f42
vlcsnap-2025-02-26-20h32m24s691.jpg,No_pothole,manhole,1,COCO pothole category presence,20250226,filename_capture_date,e263658a266679ba630c725c65e00ef9d350d4708baec62e7ab3755ac062a182
vlcsnap-2025-02-26-20h32m26s663.jpg,No_pothole,manhole,2,COCO pothole category presence,20250226,filename_capture_date,0fbc7b4d9d42f632e33a65efbb78c689fabfb18743937c0f0989fc32fcfaa186
vlcsnap-2025-02-26-20h32m29s598.jpg,No_pothole,manhole,1,COCO pothole category presence,20250226,filename_capture_date,7930e69708ec5c4018531f385102ab961e3098c625de0ed40a07f4fdd9924bf4
vlcsnap-2025-02-26-20h32m38s884.jpg,Pothole,manhole|pothole,2,COCO pothole category presence,20250226,filename_capture_date,c9d054001b126930dfb8acd02316da43eea441652bcccc213dc93ff01d92e48f
vlcsnap-2025-02-26-20h32m41s286.jpg,No_pothole,manhole,2,COCO pothole category presence,20250226,filename_capture_date,aa8280f699c3c7f101001fb3ca8d58f613e0cb2356e81811e444c7caa2a7c27c
vlcsnap-2025-02-26-20h32m44s363.jpg,No_pothole,manhole,1,COCO pothole category presence,20250226,filename_capture_date,2470b1fdbacd3894328e6d175e3bd1c65ce43d6b3d58d51ac0b80d2c3b4c194b
vlcsnap-2025-02-26-20h32m47s212.jpg,No_pothole,manhole,2,COCO pothole category presence,20250226,filename_capture_date,6d555eaaf0771f7fced02fd79271cd2877f19859263be852e71dd053aaf8eee8
vlcsnap-2025-02-26-20h32m50s120.jpg,No_pothole,manhole,2,COCO pothole category presence,20250226,filename_capture_date,12955ad54b675c87cedb499cd56bb7d0dd240619268cc298b339736fd224faf9
vlcsnap-2025-02-26-20h32m51s983.jpg,No_pothole,crack,1,COCO pothole category presence,20250226,filename_capture_date,4aa1511086d2352051e668e1094284773d032f1a11d0dd16307f374f6d293d71
vlcsnap-2025-02-26-20h32m55s236.jpg,No_pothole,manhole,1,COCO pothole category presence,20250226,filename_capture_date,2bfd380497f0fe6c941aa5dcd55fa59fb547afb7c99b21190b2155c3e5b76175
vlcsnap-2025-02-26-20h32m58s106.jpg,No_pothole,manhole,3,COCO pothole category presence,20250226,filename_capture_date,ce200140533e1c65348f736accf1590c3da7e80d19e6639984d86951eff6dfa6
vlcsnap-2025-02-26-20h33m00s442.jpg,No_pothole,manhole,1,COCO pothole category presence,20250226,filename_capture_date,1a45b8cc56a32ada1ccb06d4d95c8bcad98b3b2b96093c093a04911220a7722b
vlcsnap-2025-02-26-20h33m02s336.jpg,No_pothole,manhole,2,COCO pothole category presence,20250226,filename_capture_date,239947ee24a2ba71fcdf2db8f82773df2c12b13f1ca89daee36e433fce322703
vlcsnap-2025-02-26-20h33m04s400.jpg,No_pothole,manhole,1,COCO pothole category presence,20250226,filename_capture_date,908289c1756fc402bc671e80d8605543bd779a4e86c8254501cb7f3e6fd4414b
vlcsnap-2025-02-26-20h33m06s406.jpg,No_pothole,manhole,2,COCO pothole category presence,20250226,filename_capture_date,b7e391a8ffd1c8c3263796d18c8c8127ee8d086970d746c8f70a0440e5e5a8ee
vlcsnap-2025-02-26-20h33m08s413.jpg,No_pothole,manhole,1,COCO pothole category presence,20250226,filename_capture_date,b8f116a82b6d18ecab98a52e18e7c621238d25ebe0e7207d1b199d2b178201ac
vlcsnap-2025-02-26-20h33m10s512.jpg,No_pothole,manhole,2,COCO pothole category presence,20250226,filename_capture_date,141cf34cbd1a0f1a947a2ed6b318f98687a085c5c92c10a9f9ba115a0309a6e8
vlcsnap-2025-02-26-20h33m12s561.jpg,No_pothole,manhole,1,COCO pothole category presence,20250226,filename_capture_date,14e33e36c9d724f70d9a3ffa64a9691385184d87e8daf2337f38fce2038db9ad
vlcsnap-2025-02-26-20h33m16s337.jpg,No_pothole,manhole,2,COCO pothole category presence,20250226,filename_capture_date,e696f8ac1428f1daf05a994633cde1b8932a316c36dacd9fae07688cd5bc44b5
vlcsnap-2025-02-26-20h33m18s491.jpg,No_pothole,manhole,1,COCO pothole category presence,20250226,filename_capture_date,77891e3f1140328045d4b073d6c7af4fb756fce134e4d05546a614194c52cfab
vlcsnap-2025-02-26-20h33m21s359.jpg,No_pothole,manhole,1,COCO pothole category presence,20250226,filename_capture_date,b8da38a5646cee6b2fcee9368265bf4c991f5abccd798e5c96b3ec2f7692ef8e
vlcsnap-2025-02-26-20h33m23s476.jpg,No_pothole,manhole,2,COCO pothole category presence,20250226,filename_capture_date,d28c56be1afe6f1bb2a5573736f8d5f55b57e7f84effe355d2fe1f4ecaa709da
vlcsnap-2025-02-26-20h33m27s497.jpg,No_pothole,manhole,1,COCO pothole category presence,20250226,filename_capture_date,6c9c005692bd8c2eb1356f04a684b996c213516786661bdedbdfd3ababe8649d
vlcsnap-2025-02-26-20h33m29s638.jpg,No_pothole,manhole,1,COCO pothole category presence,20250226,filename_capture_date,c1702515fcba4a653c431578d0bf7c6aacdcdc01b9ce10efb84be033bcf94feb
vlcsnap-2025-02-26-20h33m31s511.jpg,No_pothole,manhole,1,COCO pothole category presence,20250226,filename_capture_date,6296f6dc30e347102196c202334414becc8e8dd9aba534ef596b9bcc716109cd
vlcsnap-2025-02-26-20h33m33s874.jpg,No_pothole,manhole,2,COCO pothole category presence,20250226,filename_capture_date,3b73316f460771cb85dd8024e7a467626766d20411e378343a986840ea389b45
vlcsnap-2025-02-26-20h33m36s027.jpg,No_pothole,manhole,1,COCO pothole category presence,20250226,filename_capture_date,6c6163ceed4afd5b2bff7c36814859a1ec58979fafe1310af5d3b26b28fc69a9
vlcsnap-2025-02-26-20h33m40s615.jpg,No_pothole,manhole,2,COCO pothole category presence,20250226,filename_capture_date,5b0de7403af634c6d22a90411d578636d237d1af52243db7fe46f1aca98ebd7a
vlcsnap-2025-02-26-20h33m43s194.jpg,No_pothole,manhole,1,COCO pothole category presence,20250226,filename_capture_date,b2c05592ed43dcd49900f42bffb6298bd7693e6da3cf0da15f5b4df543261b45
vlcsnap-2025-02-26-20h33m45s025.jpg,No_pothole,manhole,1,COCO pothole category presence,20250226,filename_capture_date,a94739d2e6222c462a289120bf62b6fb367f2d0c97f102f57f70a478b6c1cc22
vlcsnap-2025-02-26-20h33m46s963.jpg,No_pothole,manhole,1,COCO pothole category presence,20250226,filename_capture_date,bcc6423f6ff2043f1e9e54b90fc740710058db96d13ae79ca3f896f6ea79421f
vlcsnap-2025-02-26-20h33m48s935.jpg,No_pothole,manhole,1,COCO pothole category presence,20250226,filename_capture_date,ca454fb2cc9724f8beb227d81ba848ccba42204f3a0a7db6e8832f5e92793fae
vlcsnap-2025-02-26-20h33m53s519.jpg,Pothole,manhole|pothole,2,COCO pothole category presence,20250226,filename_capture_date,1432fd5c973c3a738f6fb7be9be9754ce51da284fd3d71c5e111790abd4e4ad4
vlcsnap-2025-02-26-20h33m55s986.jpg,Pothole,crack|manhole|pothole,6,COCO pothole category presence,20250226,filename_capture_date,02ab2e0f3772e4ffec21d0025bbb850b64175af447edc6ed84e1a0885a17c6b1
vlcsnap-2025-02-26-20h33m59s062.jpg,No_pothole,crack|manhole,4,COCO pothole category presence,20250226,filename_capture_date,609f6168ed7cd49675b0232f9f5f68d62425ae3a66a22b2fe7895e9b67f4ccea
vlcsnap-2025-02-26-20h34m00s633.jpg,Pothole,crack|manhole|pothole,4,COCO pothole category presence,20250226,filename_capture_date,00e896d02d7afc1c1d12a7566c1647913acdd5dd6df5e0bdd1ad0e2d8894a3c4
vlcsnap-2025-02-26-20h34m02s702.jpg,Pothole,crack|manhole|pothole,4,COCO pothole category presence,20250226,filename_capture_date,85e0a2177c39f7c493c4dd31ae003a9f20d0d78f038226c0f11bdb15a47d35b5
vlcsnap-2025-02-26-20h34m04s882.jpg,No_pothole,manhole,1,COCO pothole category presence,20250226,filename_capture_date,0ae3f219df32b1ca2ead71685246d8619465884c28111bcb7166b1404e7c80ab
vlcsnap-2025-02-26-20h34m08s778.jpg,No_pothole,crack,1,COCO pothole category presence,20250226,filename_capture_date,5736c382e45e4977a8c79fe59f96250639e17cbf820c9aa736b3bc2baa00dab9
vlcsnap-2025-02-26-20h34m12s466.jpg,No_pothole,crack|manhole,2,COCO pothole category presence,20250226,filename_capture_date,7b941328d9c6d0f487a75e2f67c086584c9cd5fa6f6b8bb0f38de58f48390501
vlcsnap-2025-02-26-20h34m14s320.jpg,No_pothole,crack,3,COCO pothole category presence,20250226,filename_capture_date,6744d27806b364c44ac88e49f5e60bfc767e2920281f60ea24e3b07b0689cf5d
vlcsnap-2025-02-26-20h34m16s084.jpg,No_pothole,crack,3,COCO pothole category presence,20250226,filename_capture_date,f9e487eada1d5ee1d539ed3070c8e0b17e47817a61a7570a6783bb71a69d8536
vlcsnap-2025-02-26-20h34m17s883.jpg,No_pothole,crack,2,COCO pothole category presence,20250226,filename_capture_date,ed3b024aa503953937caedc48baa0303a48883decb1945a435be8481756e1b2c
vlcsnap-2025-02-26-20h34m19s554.jpg,Pothole,crack|pothole,2,COCO pothole category presence,20250226,filename_capture_date,5179a91438fa31d2049fc0ef723af5ee6c4a4e8e6a15ba91aa3bb52beb121a82
vlcsnap-2025-02-26-20h34m21s541.jpg,Pothole,crack|pothole,4,COCO pothole category presence,20250226,filename_capture_date,137b037f533a11d535fece236452407ff9e0cd5f192d9276e160fcd4b9ea355d
vlcsnap-2025-02-26-20h34m22s994.jpg,Pothole,crack|pothole,2,COCO pothole category presence,20250226,filename_capture_date,0c37d4c13e2d517de5d34d67b92d6a2afad71ab2cddd270fb8cb2f4364417598
vlcsnap-2025-02-26-20h34m24s522.jpg,No_pothole,manhole,2,COCO pothole category presence,20250226,filename_capture_date,534fa20346cd0d4c767ebfee4b6f6f1a6da825f0efe27ea083322221e1dbd7eb
vlcsnap-2025-02-26-20h34m26s807.jpg,Pothole,crack|pothole,3,COCO pothole category presence,20250226,filename_capture_date,ec5b3bb20f09a5477ac4676417597df3b2ec45ff04d9cff27bc11726c5238e7d
vlcsnap-2025-02-26-20h34m28s085.jpg,Pothole,crack|pothole,3,COCO pothole category presence,20250226,filename_capture_date,b4fa7d66504405c30ea28d54db71cf12bb17081dc3cf6955af0e5f34dc0be6cf
vlcsnap-2025-02-26-20h34m33s099.jpg,No_pothole,crack,3,COCO pothole category presence,20250226,filename_capture_date,dc48236c4907852a175727d1067f48bb6b7bd2a4863a7663ed58db2abb618b0e
vlcsnap-2025-02-26-20h34m36s821.jpg,Pothole,crack|pothole,3,COCO pothole category presence,20250226,filename_capture_date,c0a4883f34c0cd103d91864c5e9ff792042f2b43af214c4fee0d2efcd448d865
vlcsnap-2025-02-26-20h34m38s606.jpg,Pothole,crack|pothole,3,COCO pothole category presence,20250226,filename_capture_date,c722502da578051e96dfe3de4b26c2771b8b20f34c75a2fdf04f1e4a7279a837
vlcsnap-2025-02-26-20h34m42s321.jpg,Pothole,crack|pothole,3,COCO pothole category presence,20250226,filename_capture_date,3b7a9a41f3e0bcca43d0cadf97564886969bc62f838d3bb477cac30aefc9743a
vlcsnap-2025-02-26-20h34m49s154.jpg,No_pothole,manhole,1,COCO pothole category presence,20250226,filename_capture_date,63312a27d846fe72bcc6f3a48cc58370d9e5560a442e48f2cf6bd14cc451aa70
vlcsnap-2025-02-26-20h34m50s947.jpg,Pothole,crack|manhole|pothole,4,COCO pothole category presence,20250226,filename_capture_date,d1bed720e8974be1ff20df6d68107b654719f7eb95b483b0f98f7b0b815dfb14
vlcsnap-2025-02-26-20h34m52s238.jpg,Pothole,pothole,1,COCO pothole category presence,20250226,filename_capture_date,a75d644ea340a1a48583279edf95aa3829e144a015ad8c7b4dabb34aaed5baab
vlcsnap-2025-02-26-20h34m58s350.jpg,No_pothole,crack|manhole,3,COCO pothole category presence,20250226,filename_capture_date,7b195665af15fae9c3cc04ff0fd56cde2d52c1c392b927b611c046ea6c842796
vlcsnap-2025-02-26-20h35m00s383.jpg,Pothole,crack|pothole,2,COCO pothole category presence,20250226,filename_capture_date,e6e2e80b51ebd85eef9bd40493ac784d303c7354134d633d981cf97293953cf6
vlcsnap-2025-02-26-20h35m02s348.jpg,No_pothole,crack,1,COCO pothole category presence,20250226,filename_capture_date,a844210b1712952c872083b4b57f08c3c8d3be7380adcd6ad1a7446d8945a7ac
vlcsnap-2025-02-26-20h35m04s036.jpg,No_pothole,crack,1,COCO pothole category presence,20250226,filename_capture_date,91034edc5ce2de78ee2fb72b13bf2522fa37412d8bba43ea8b307f07973d3d5f
vlcsnap-2025-02-26-20h35m06s001.jpg,Pothole,crack|pothole,4,COCO pothole category presence,20250226,filename_capture_date,9b9d89a8c160014ebfc1a7330498c4d7d8d0483c36151991ff238e8ae77468d7
vlcsnap-2025-02-26-20h35m08s732.jpg,Pothole,crack|pothole,4,COCO pothole category presence,20250226,filename_capture_date,11c4f1e7a009645f365e4375e4f8f1e2aad05c220fb84df3cf5c1d2851ec01ca
vlcsnap-2025-02-26-20h35m10s274.jpg,Pothole,crack|pothole,5,COCO pothole category presence,20250226,filename_capture_date,2b0ebf230fddecf89c27c674a0bd7ac2c98f9c959a2cdd35a15370ce879a8583
vlcsnap-2025-02-26-20h35m11s448.jpg,Pothole,crack|pothole,4,COCO pothole category presence,20250226,filename_capture_date,8026d782d89565f92aba32aaeaed3355090848adea700a492d3b92f58c338e4b
vlcsnap-2025-02-26-20h35m13s989.jpg,Pothole,crack|pothole,3,COCO pothole category presence,20250226,filename_capture_date,a2db75ef4d733abc6637cefde99c8b15b81668180dfe6ea2534f1c008bd3e8b3
vlcsnap-2025-02-26-20h35m16s086.jpg,Pothole,crack|pothole,3,COCO pothole category presence,20250226,filename_capture_date,ec831881dae74c136319af87797c1497f326afd628e3628b731bf5b63d6fe552
vlcsnap-2025-02-26-20h35m17s573.jpg,Pothole,crack|pothole,3,COCO pothole category presence,20250226,filename_capture_date,14bb20b6ac5ed40f9fa19a397377f9e918178d8cdbec769b5cc5fdae33ea531d
vlcsnap-2025-02-26-20h35m19s621.jpg,No_pothole,crack,4,COCO pothole category presence,20250226,filename_capture_date,17744abafff238a5068247553ef436430e95ef0751b76758ffb31f5f2866e7b3
vlcsnap-2025-02-26-20h35m20s918.jpg,No_pothole,crack,2,COCO pothole category presence,20250226,filename_capture_date,4eb1c5de9e9c66c46580b67df82077105971bd481671bff316cbc340fd2d65f2
vlcsnap-2025-02-26-20h35m22s372.jpg,No_pothole,crack,1,COCO pothole category presence,20250226,filename_capture_date,32eca15e55f340d7d8169a90148c9652f1b49071f0ce9f079339464fc5b122f6
vlcsnap-2025-02-26-20h35m23s844.jpg,No_pothole,crack,2,COCO pothole category presence,20250226,filename_capture_date,36d422a584bf6f550d200afe7129e8710202e2f24e7152fd8e0ecf9089f6206b
vlcsnap-2025-02-26-20h35m25s328.jpg,No_pothole,crack,1,COCO pothole category presence,20250226,filename_capture_date,7bcad4e54dea1582b78a3f3c9dbccec5b7fbb73b5fbc2b95f76365af9785b8cd
vlcsnap-2025-02-26-20h35m26s907.jpg,No_pothole,crack,2,COCO pothole category presence,20250226,filename_capture_date,15132d8a757962b90a52591344b8f542e164fc219a9b1802255208700beb214a
vlcsnap-2025-02-26-20h35m28s712.jpg,No_pothole,crack,2,COCO pothole category presence,20250226,filename_capture_date,01221e66cf2a5a832d82d9660480a3278120d306482edab78b2729192f99045c
vlcsnap-2025-02-26-20h35m31s123.jpg,No_pothole,crack,1,COCO pothole category presence,20250226,filename_capture_date,0afb7e011452fc3a68a50e0b995e017df1ec822d80615b9bd8850b0deafc3b12
vlcsnap-2025-02-26-20h35m33s377.jpg,No_pothole,crack,3,COCO pothole category presence,20250226,filename_capture_date,5a6b87abc19e1e06b1af54ce22a343b3c58ac6cbf114a1561021b861920cec53
vlcsnap-2025-02-26-20h35m35s060.jpg,No_pothole,crack|manhole,3,COCO pothole category presence,20250226,filename_capture_date,71683f9518205de3a5e52b6b6788ed2de05fc558279e6fe18033d7df64c3b845
vlcsnap-2025-02-26-20h35m37s990.jpg,No_pothole,crack,2,COCO pothole category presence,20250226,filename_capture_date,6b2816cf3cef39cbbba049723723165563bec314c8a0e31982cd1154c427df5e
vlcsnap-2025-02-26-20h35m40s539.jpg,Pothole,crack|manhole|pothole,4,COCO pothole category presence,20250226,filename_capture_date,15d388efbc6cb3c0e9fe8d0611b5fc6ce474260a4b851153d49e7db42685abfb
vlcsnap-2025-02-26-20h35m42s760.jpg,Pothole,pothole,1,COCO pothole category presence,20250226,filename_capture_date,d4fe6e6380264d660300dbb8b1d69eabb9ce20e4c96e18b073282e9571363a86
vlcsnap-2025-02-26-20h36m00s346.jpg,Pothole,crack|pothole,3,COCO pothole category presence,20250226,filename_capture_date,1539086b09721b30642c5215d154fbd0de1322349fed313965905c45272e6590
vlcsnap-2025-02-26-20h36m03s983.jpg,No_pothole,crack|manhole,3,COCO pothole category presence,20250226,filename_capture_date,091e2a950a5dcc7990dcf7708d191a64aa4ca3af16d0f292669d9d326771a5f8
vlcsnap-2025-02-26-20h36m04s054.jpg,No_pothole,crack|manhole,3,COCO pothole category presence,20250226,filename_capture_date,091e2a950a5dcc7990dcf7708d191a64aa4ca3af16d0f292669d9d326771a5f8
vlcsnap-2025-02-26-20h36m06s513.jpg,No_pothole,crack|manhole,2,COCO pothole category presence,20250226,filename_capture_date,3502f25a4bc5f087484a1abe1ed1f5109cacd11b53dd29a5142d03f1de114e60
vlcsnap-2025-02-26-20h36m07s853.jpg,No_pothole,crack|manhole,3,COCO pothole category presence,20250226,filename_capture_date,83242dc0da30ab6a1165b028248162fa0f9990a4db648aaafc328fc8014c4319
vlcsnap-2025-02-26-20h36m09s289.jpg,No_pothole,crack,3,COCO pothole category presence,20250226,filename_capture_date,4d50e4731645a2e0bc888113921fe7edec691afd42d1a5700fcf858172476ba6
vlcsnap-2025-02-26-20h36m10s957.jpg,No_pothole,crack,2,COCO pothole category presence,20250226,filename_capture_date,da00f02fc4ec786e94dfac4c5c2ec990c88f84ebf27322ba67b8e2749451bce5
vlcsnap-2025-02-26-20h36m12s955.jpg,No_pothole,crack|manhole,4,COCO pothole category presence,20250226,filename_capture_date,8292a55721d9f4b369e2ae87fa7e7564b78ae274b1969765ebaa3b350b8327f8
vlcsnap-2025-02-26-20h36m14s240.jpg,No_pothole,crack,7,COCO pothole category presence,20250226,filename_capture_date,709b6c1685e63d7b22abd944062703b99e6a182974774585667cc8809b24e8eb
vlcsnap-2025-02-26-20h36m16s207.jpg,No_pothole,crack,2,COCO pothole category presence,20250226,filename_capture_date,51e089ba4a69b8b6503f99645c6ae952fd7a94fabe62ee8f383f20d271766967
vlcsnap-2025-02-26-20h36m18s101.jpg,Pothole,crack|pothole,7,COCO pothole category presence,20250226,filename_capture_date,fc8e5495c888d3b7cdfeb26a06e5c7cb04647e6d93e7ff77a7d2ca446c9ecd21
vlcsnap-2025-02-26-20h36m19s818.jpg,Pothole,crack|pothole,3,COCO pothole category presence,20250226,filename_capture_date,e529e5616c045091596a4f2feeea0d35114f7218972d06a4ffb29ff4502d1ee9
vlcsnap-2025-02-26-20h36m21s506.jpg,Pothole,crack|manhole|pothole,4,COCO pothole category presence,20250226,filename_capture_date,0cb3ab85c16e824e6cdf21763c339c44d8952cf9fc41b9d5ab3190cb26c9fd24
vlcsnap-2025-02-26-20h36m23s152.jpg,No_pothole,crack,2,COCO pothole category presence,20250226,filename_capture_date,453b20d83d9202f2234f3fec37efbef0431ebc85317b50681815d3b081b36a02
vlcsnap-2025-02-26-20h36m25s381.jpg,No_pothole,crack,3,COCO pothole category presence,20250226,filename_capture_date,9db557aadcf5b6043550a6fdfb731dff740f30bf059e939004959d4e61d72763
vlcsnap-2025-02-26-20h36m26s812.jpg,No_pothole,crack,3,COCO pothole category presence,20250226,filename_capture_date,8ff249bdc73f53bf6a34713e2ef4d36f09272be640b75ca26f2869c6dd3becf1
vlcsnap-2025-02-26-20h36m28s416.jpg,Pothole,crack|manhole|pothole,5,COCO pothole category presence,20250226,filename_capture_date,88ab3910b7d30c2b7ed855ec8cb79ec29cd7c638b1b3300463f70c00e7998c37
vlcsnap-2025-02-26-20h36m30s062.jpg,No_pothole,crack|manhole,4,COCO pothole category presence,20250226,filename_capture_date,04cfa1b899c5217cfc2b4c50a243d902800a684e1e710ccb62f30206c2d1fe74
vlcsnap-2025-02-26-20h36m32s632.jpg,Pothole,pothole,1,COCO pothole category presence,20250226,filename_capture_date,8fd4f4df4e75c8d0a1ed6f67a6f3f453489084a006b1261b4b69a1961ff4476a
vlcsnap-2025-02-26-20h36m36s088.jpg,No_pothole,crack,3,COCO pothole category presence,20250226,filename_capture_date,35699d1ddbb21a2507047d93dfebe0393b7c9106df47eeb2e03664866e21b93a
vlcsnap-2025-02-26-20h36m39s333.jpg,Pothole,crack|manhole|pothole,8,COCO pothole category presence,20250226,filename_capture_date,75099e88d296b01ca9218c2b65de492366da25094de5d17c91a272a5d79f4974
vlcsnap-2025-02-26-20h36m41s285.jpg,No_pothole,crack|manhole,4,COCO pothole category presence,20250226,filename_capture_date,53596e3632c254d70fcbeba7a3e06f8784a60b87986a23f5423075e0364f7ef1
vlcsnap-2025-02-26-20h36m51s945.jpg,Pothole,crack|pothole,2,COCO pothole category presence,20250226,filename_capture_date,c6a0187ece48c42127f45334f4c5bea79a87783cba61cb03e28e6cdec574f69a
vlcsnap-2025-02-26-20h36m55s008.jpg,No_pothole,crack|manhole,5,COCO pothole category presence,20250226,filename_capture_date,58b024565ced9b2f78e5c3facc46a4c1c99131071b8e6a0d53f47a93990c518c
vlcsnap-2025-02-26-20h36m58s355.jpg,No_pothole,crack,3,COCO pothole category presence,20250226,filename_capture_date,44be5f6d23a127a5b1f8d823fe08a27d27adbb5e2057d2ce022019f377538b10
vlcsnap-2025-02-26-20h37m01s800.jpg,Pothole,crack|pothole,6,COCO pothole category presence,20250226,filename_capture_date,4db07ac862af5afcff2bf44a770d9cd31a4f78c10f3afb8bf37c7833f58604d6
vlcsnap-2025-02-26-20h37m03s369.jpg,No_pothole,crack|manhole,6,COCO pothole category presence,20250226,filename_capture_date,2c2138da54875af7e899a9326cdab3d90ea38bee01a7b3ecf2312b1a4643d3cb
vlcsnap-2025-02-26-20h37m05s314.jpg,Pothole,crack|pothole,3,COCO pothole category presence,20250226,filename_capture_date,b396b28986085fd91593832595ad732edcae8ba961f93849184e89906b88779f
vlcsnap-2025-02-26-20h37m07s298.jpg,No_pothole,crack,2,COCO pothole category presence,20250226,filename_capture_date,779b4984a67c7f6739d394602be24396c2d8c79c0f48185f35d325671828a5b8
vlcsnap-2025-02-26-20h37m09s113.jpg,No_pothole,crack,2,COCO pothole category presence,20250226,filename_capture_date,b6f775ffce84d37ff69dc94f8deee24b496c7806a8adffb274d5a6cfb3bf5ca1
vlcsnap-2025-02-26-20h37m11s057.jpg,No_pothole,crack,2,COCO pothole category presence,20250226,filename_capture_date,0b30d49247ab53224a5d161e5c9e5f508ebaa037ffbb25ce039b197294021aa4
vlcsnap-2025-02-26-20h37m12s641.jpg,No_pothole,crack,2,COCO pothole category presence,20250226,filename_capture_date,6a410ea486f7c347e921563ecda669b1cc27446b487a5858681f48968ed83558
vlcsnap-2025-02-26-20h37m14s092.jpg,No_pothole,crack,2,COCO pothole category presence,20250226,filename_capture_date,02bc6411870ab74103286db83b91d55311f17d3dc396f0b83857596a288219d7
vlcsnap-2025-02-26-20h37m18s648.jpg,No_pothole,crack|manhole,2,COCO pothole category presence,20250226,filename_capture_date,1451af3c4ba019a3ce13add02b9ba935a03f55524ac98b8ded73b820cbfb4ec0
vlcsnap-2025-02-26-20h37m20s064.jpg,No_pothole,crack,1,COCO pothole category presence,20250226,filename_capture_date,66aa3c653f7ac2c87441394f3ed1c1a0ff4a60ae4f3318457061f467794fae95
vlcsnap-2025-02-26-20h37m22s370.jpg,Pothole,crack|pothole,2,COCO pothole category presence,20250226,filename_capture_date,9c05e5be00f7654c77a4dc7fc09072ac9f76805127d93297231fcacc12ed7a5a
vlcsnap-2025-02-26-20h37m24s099.jpg,No_pothole,crack,1,COCO pothole category presence,20250226,filename_capture_date,729610bbcec9a8e0cd8b17ec5890634267e90aa81c6dd4f1c9f009803026e298
vlcsnap-2025-02-26-20h37m27s384.jpg,No_pothole,crack,2,COCO pothole category presence,20250226,filename_capture_date,73b09bdbdf184889f2824cc799284b411b8021ad4250656e4be03e88481f5bc2
vlcsnap-2025-02-26-20h37m30s649.jpg,No_pothole,crack,2,COCO pothole category presence,20250226,filename_capture_date,dc93250e826ca13d7ae241c056995e1aefc6a87e80e5fc4e64541e41b83e368d
vlcsnap-2025-02-26-20h37m32s919.jpg,Pothole,crack|manhole|pothole,3,COCO pothole category presence,20250226,filename_capture_date,ef8d755f948031d268837ea8b6a116aadf7ec7bfc60f6b5d561d20ef63f48d82
vlcsnap-2025-02-26-20h37m40s378.jpg,Pothole,crack|pothole,3,COCO pothole category presence,20250226,filename_capture_date,8f5f9f0cd6dcbf5e1f09ba714f29ab052df32cfb0e0402adc9bf3c25997ab81c
vlcsnap-2025-02-26-20h37m43s267.jpg,Pothole,crack|pothole,3,COCO pothole category presence,20250226,filename_capture_date,b2da84027b17ecc08b264d37bad2d7923888c5babef7a9fdc6570bd96dfd10de
vlcsnap-2025-02-26-20h37m45s607.jpg,No_pothole,crack,2,COCO pothole category presence,20250226,filename_capture_date,ac28ef36ed33102d35de03d5fded81e4c9eaadbba360ff17ab44e3f0a95e4f33
vlcsnap-2025-02-26-20h37m48s454.jpg,No_pothole,crack,1,COCO pothole category presence,20250226,filename_capture_date,a3b7b0cac3e629028fbe822816c452d15c7824c409850c13f65e33e7e4cb95c2
vlcsnap-2025-02-26-20h37m51s079.jpg,Pothole,crack|pothole,3,COCO pothole category presence,20250226,filename_capture_date,975b8da74b36963da595f41600eec5c9091b8fe50a7b0c3cf4a534a54aee3998
vlcsnap-2025-02-26-20h37m53s725.jpg,No_pothole,crack,3,COCO pothole category presence,20250226,filename_capture_date,082f537d5f25bfc52d1486e468b3bbff982faa0fe5ef5af25748d1cb898506d3
vlcsnap-2025-02-26-20h37m56s705.jpg,Pothole,crack|pothole,6,COCO pothole category presence,20250226,filename_capture_date,1a6aba8bdf670e54b3e24fa1720b6085c3b4f11374533334b5a8031886a61dd0
vlcsnap-2025-02-26-20h37m58s129.jpg,Pothole,crack|pothole,4,COCO pothole category presence,20250226,filename_capture_date,0d0a88390259d7f11a4a4125feed6adf4d4f3e7c4047f7a36b9c2ec04ba0323b
vlcsnap-2025-02-26-20h37m59s545.jpg,No_pothole,crack,2,COCO pothole category presence,20250226,filename_capture_date,6804d6805849e6e3fe5476d32a225ef4544773070e5f3399e4ad89756e8536ec
vlcsnap-2025-02-26-20h38m01s129.jpg,No_pothole,crack,3,COCO pothole category presence,20250226,filename_capture_date,0dc8d049d2bcb0bf557e0c555b1045541a1376cdecf8170a6c0b362d68ceb239
vlcsnap-2025-02-26-20h38m02s518.jpg,No_pothole,crack,3,COCO pothole category presence,20250226,filename_capture_date,3183260a6d93059c19a74b61110944326f5858c97ba287566c9993687b69bfaa
vlcsnap-2025-02-26-20h38m04s406.jpg,No_pothole,crack,3,COCO pothole category presence,20250226,filename_capture_date,cc5f0b6f8e8b0f8ea1e4732c0aa7fe8e69459deb6753f7e8e1a7a2136009d90b
vlcsnap-2025-02-26-20h38m06s372.jpg,Pothole,crack|pothole,3,COCO pothole category presence,20250226,filename_capture_date,013b75846a6e2aa34f961f2b48244e47e3ab9141e09f14af5fc1ca29c537f76e
vlcsnap-2025-02-26-20h38m08s108.jpg,Pothole,crack|pothole,3,COCO pothole category presence,20250226,filename_capture_date,0c1c2a2e21f6e0e337819e77db0c103ef52e24d7e417988fab673dffb9a5c5a4
vlcsnap-2025-02-26-20h38m09s893.jpg,No_pothole,crack|manhole,4,COCO pothole category presence,20250226,filename_capture_date,99f86755ad9a6eb7506d7955a55d9a187a6484b21ca6a7f93e5cbe0ca3414c7c
vlcsnap-2025-02-26-20h38m11s330.jpg,No_pothole,crack,2,COCO pothole category presence,20250226,filename_capture_date,5d29096c6edbd69400113b9ce7cc63fe93047b05c978bdc96b9c6e65b5445d8d
vlcsnap-2025-02-26-20h38m17s338.jpg,No_pothole,crack,4,COCO pothole category presence,20250226,filename_capture_date,a9585040563d8b6b4a34cd0898e79e67c92098500124d9cac66f6e9ba0696e6c
vlcsnap-2025-02-26-20h38m18s850.jpg,No_pothole,crack,2,COCO pothole category presence,20250226,filename_capture_date,0ddae62647dea8c5561f08e1febeddc58798b375d197f1a4d50ddcc004a0f388
vlcsnap-2025-02-26-20h38m20s232.jpg,Pothole,crack|pothole,2,COCO pothole category presence,20250226,filename_capture_date,08004c7c0f868fc13960a761a65f739747ce5322af312006a0631584945a1792
vlcsnap-2025-02-26-20h38m25s405.jpg,No_pothole,manhole,1,COCO pothole category presence,20250226,filename_capture_date,d4a4f5eb622ea4ac19838b6927ba24d9d9315718686f31df5604de53922a41aa
vlcsnap-2025-02-26-20h38m34s783.jpg,No_pothole,crack,1,COCO pothole category presence,20250226,filename_capture_date,20fb384a48e2ffe7dbeaad571ad47c05312e379a07afdea0da897ae3e7a92293
vlcsnap-2025-02-26-20h38m38s031.jpg,No_pothole,manhole,1,COCO pothole category presence,20250226,filename_capture_date,0d6a89dda4ebbc75b8c9e98992375907855e3ea6c03a9bd2ade087c1bb49a017
vlcsnap-2025-02-26-20h38m39s955.jpg,Pothole,pothole,1,COCO pothole category presence,20250226,filename_capture_date,8b082214386fd59d34de4f39447bd4b7b043741af865c2930c3d47040d0cb91c
vlcsnap-2025-02-26-20h38m46s623.jpg,No_pothole,crack,2,COCO pothole category presence,20250226,filename_capture_date,3bc579061c27a9a0c48c6228199b4bf37c373eac9f367b91c41618b67dd46239
vlcsnap-2025-02-26-20h38m48s936.jpg,No_pothole,crack,2,COCO pothole category presence,20250226,filename_capture_date,ad5b474c75556a570049415a873a8f9f460f929ee5bc552bf78ee768ae0150da
vlcsnap-2025-02-26-20h38m53s435.jpg,No_pothole,crack,2,COCO pothole category presence,20250226,filename_capture_date,aa88e0713b9329e5fb08d363830000c28feb3b1927deb19f0fe90dc6ab10a799
vlcsnap-2025-02-26-20h38m55s351.jpg,Pothole,pothole,1,COCO pothole category presence,20250226,filename_capture_date,e257c41fb2547a6015141b52de39c6ea2530cbfc65eb0adffc1e7a799f7dfb38
vlcsnap-2025-02-26-20h39m02s048.jpg,No_pothole,crack|manhole,2,COCO pothole category presence,20250226,filename_capture_date,e2484842899965c2df032f21e86ac79288878c55db1eabe0364992e61edafd27
vlcsnap-2025-02-26-20h39m09s118.jpg,Pothole,crack|pothole,2,COCO pothole category presence,20250226,filename_capture_date,f11adebc0b58417e60c2b718c674c92f0cbe53b6f72637c27199773e542eeb2c
vlcsnap-2025-02-26-20h39m14s304.jpg,Pothole,pothole,1,COCO pothole category presence,20250226,filename_capture_date,2777b220e0398caac52396120177cc3ff34893e2ffb2a8e1ecf43ab047bb6510
vlcsnap-2025-02-26-20h39m18s278.jpg,Pothole,crack|pothole,4,COCO pothole category presence,20250226,filename_capture_date,3d6489294efac00c107a4cc710743f69ba0a8375e2858410dd5d203ab5bad374
vlcsnap-2025-02-26-20h39m19s729.jpg,Pothole,crack|pothole,5,COCO pothole category presence,20250226,filename_capture_date,a6d64bce0ce67f452304d35276a8c7952e2546b4377d446d6ddf63b08a21abe8
vlcsnap-2025-02-26-20h39m22s097.jpg,Pothole,crack|manhole|pothole,3,COCO pothole category presence,20250226,filename_capture_date,84c93c13017b6fd34df06fd1f292fbc85e3bf095b682d0cd38773a083c24cd2f
vlcsnap-2025-02-26-20h39m26s993.jpg,No_pothole,manhole,1,COCO pothole category presence,20250226,filename_capture_date,473812a914152831bc267b5dfac511477ba0898d552ee6f35c1e8eada6f2d1a0
vlcsnap-2025-02-26-20h39m28s485.jpg,No_pothole,crack,1,COCO pothole category presence,20250226,filename_capture_date,cd9372659d6d95a94b7f38e58bf7fb30b2d90feb932b4b21719bd51b9117e355
vlcsnap-2025-02-26-20h39m30s063.jpg,No_pothole,crack|manhole,3,COCO pothole category presence,20250226,filename_capture_date,80c9efb370fced47cfe305d26abd80629978dc4a10f96ae505905ab510dd8340
vlcsnap-2025-02-26-20h39m38s890.jpg,No_pothole,crack,2,COCO pothole category presence,20250226,filename_capture_date,e75e8ff92b5056edd351769e215b833106ad69afa3bf6cf77ae293d226aae67d
vlcsnap-2025-02-26-20h39m54s349.jpg,No_pothole,crack,3,COCO pothole category presence,20250226,filename_capture_date,fdd6a4345919b0028dd469c35b97e15daf46a1c4fc06e14372f41c977cd262c9
vlcsnap-2025-02-26-20h39m57s724.jpg,No_pothole,manhole,1,COCO pothole category presence,20250226,filename_capture_date,f0a64a0237271b9d89ea3f2623cbce0f64f178ba0f3834e315ac44e4c18cf430
vlcsnap-2025-02-26-20h40m04s974.jpg,No_pothole,crack,1,COCO pothole category presence,20250226,filename_capture_date,76e30e1f78f9684cbcf870eb93f20b6a51a49043b0a72609df703ceefffb6e08
vlcsnap-2025-02-26-20h40m08s649.jpg,No_pothole,crack|manhole,3,COCO pothole category presence,20250226,filename_capture_date,96b3260fac88696b7eb84c783afd3046afdcb4646883c258f4c48ab166b848dc
vlcsnap-2025-02-26-20h40m11s502.jpg,Pothole,crack|pothole,5,COCO pothole category presence,20250226,filename_capture_date,1c92f75af354f35a00ee6f1e126ac9e89003bcc902ae65271e3199ea3dea71fb
vlcsnap-2025-02-26-20h40m16s655.jpg,No_pothole,crack,3,COCO pothole category presence,20250226,filename_capture_date,e48837bc872a701814828b7fa12ce8ef6f2a92fe709e55e571b7a79f70f0000f
vlcsnap-2025-02-26-20h40m24s413.jpg,No_pothole,crack|manhole,3,COCO pothole category presence,20250226,filename_capture_date,bdb1c842223d65774b1451ce72aa028f2db0997b73bf66a57b018b75bf244e23
vlcsnap-2025-02-26-20h40m30s059.jpg,Pothole,crack|pothole,4,COCO pothole category presence,20250226,filename_capture_date,5647bf94deffc83f656f90a04a437304d722b017fe07710f0257a1f54e761868
vlcsnap-2025-02-26-20h40m31s746.jpg,Pothole,crack|pothole,6,COCO pothole category presence,20250226,filename_capture_date,ab1039a8d8c4af0d2595649c66471d154e2b912109b295f42a6ec3bb420e28a3
vlcsnap-2025-02-26-20h40m33s122.jpg,Pothole,crack|pothole,2,COCO pothole category presence,20250226,filename_capture_date,c1d66625af35ce58a1d9369138273ebe669cb8b3f07225510ce97d692631765a
vlcsnap-2025-02-26-20h40m48s337.jpg,No_pothole,manhole,2,COCO pothole category presence,20250226,filename_capture_date,1fe7a2dac208fbb33f346779348bfaa606f0f929e24774d36c9e9754a3f0f8dd
vlcsnap-2025-02-26-20h40m53s831.jpg,Pothole,crack|pothole,3,COCO pothole category presence,20250226,filename_capture_date,67e84065690c3dee5b6c240508a20c42d2329f78fb163ac55fd105f8d0a1e175
vlcsnap-2025-02-26-20h40m55s588.jpg,Pothole,crack|pothole,2,COCO pothole category presence,20250226,filename_capture_date,e3e5d2c443617ce05831fb9dd80657c687da3a1aabea250037fc10dc1e691445
vlcsnap-2025-02-26-20h40m57s113.jpg,No_pothole,crack,1,COCO pothole category presence,20250226,filename_capture_date,7ff6655328efaca4cae6a1d8141c31aa84a6c3bb3af4307394d32316f8a8a8ed
vlcsnap-2025-02-26-20h40m58s977.jpg,No_pothole,crack,1,COCO pothole category presence,20250226,filename_capture_date,af542d4aa0773dd8a4d69807d0afee5319ce12113c9eacb7ce3a6e4873fe84ed
vlcsnap-2025-02-26-20h41m00s579.jpg,No_pothole,crack,2,COCO pothole category presence,20250226,filename_capture_date,bfb508fc454e53425ec2403115f9503a1964e67f53538b0ba6041d4211d5f525
vlcsnap-2025-02-26-20h41m02s345.jpg,No_pothole,crack,1,COCO pothole category presence,20250226,filename_capture_date,dd20516aa363c72feb9949647bda721a712715dbba97c9bfa4a7c2d0ea0b2dae
vlcsnap-2025-02-26-20h41m04s067.jpg,No_pothole,crack,1,COCO pothole category presence,20250226,filename_capture_date,94498b073144ef3740bc3e933ae324d002695a23ca9c977fe4a6636fa08172ed
vlcsnap-2025-02-26-20h41m05s748.jpg,No_pothole,crack,1,COCO pothole category presence,20250226,filename_capture_date,e4b70d9048f872622c47a40bb3e90d7d4a309c4ee5b7a33c5079fbcb057eb3d6
vlcsnap-2025-02-26-20h41m07s553.jpg,No_pothole,crack,1,COCO pothole category presence,20250226,filename_capture_date,7482a77fd96cb0fc0867fba4fc2c0755730156b1a814207de3b07072115ea139
vlcsnap-2025-02-26-20h41m09s906.jpg,No_pothole,crack,1,COCO pothole category presence,20250226,filename_capture_date,a1a398ba5caee8a5a711f97154286f821fbabfa582301bdbed5c94566b562091
vlcsnap-2025-02-26-20h41m12s003.jpg,No_pothole,crack,1,COCO pothole category presence,20250226,filename_capture_date,f4b3a4124e12e723245f11a7091180927e26f3e75051fb72b91cb0d0a0eafab3
vlcsnap-2025-02-26-20h41m13s574.jpg,No_pothole,crack,1,COCO pothole category presence,20250226,filename_capture_date,814e59a7f750be7b420f938f2ab92e3acc8518a108a8ec4bcc9e08c0d27dcc0a
vlcsnap-2025-02-26-20h41m15s130.jpg,Pothole,crack|pothole,3,COCO pothole category presence,20250226,filename_capture_date,a80da062df5b930d46b91c3f50371913fdcdf9f569bf9e3ac997a3e9fcfe74ad
vlcsnap-2025-02-26-20h41m16s845.jpg,Pothole,crack|pothole,2,COCO pothole category presence,20250226,filename_capture_date,592c8a89241f45926de06697ee8c5126a64d60b683ceb69b420dd41072d8819e
vlcsnap-2025-02-26-20h41m19s505.jpg,Pothole,crack|pothole,2,COCO pothole category presence,20250226,filename_capture_date,c34a8f9ca94e56441ec26b36f2c3b8116482c2ec86eb664edb74bbdfb4d50aac
vlcsnap-2025-02-26-20h41m21s505.jpg,No_pothole,crack,1,COCO pothole category presence,20250226,filename_capture_date,8664aa24e0a923f7e1057192064b4a1ef5a188be410f9b53aa3484c8ae5da09f
vlcsnap-2025-02-26-20h41m23s874.jpg,No_pothole,crack,1,COCO pothole category presence,20250226,filename_capture_date,5e494f6d6d8a3bc6e6f9ccb072e9abbb4976c0a815d4b651ad975837503c1f6a
vlcsnap-2025-02-26-20h41m26s769.jpg,No_pothole,crack,2,COCO pothole category presence,20250226,filename_capture_date,b55d816ad82368c1966f22297fdd22fca6edf66e9c95480b5489cbc2f1cab187
vlcsnap-2025-02-26-20h41m32s686.jpg,Pothole,crack|manhole|pothole,4,COCO pothole category presence,20250226,filename_capture_date,c279fceb212dfff58966ca14c63509e65011d0a2c08af60ec04a8d0b78924fb3
vlcsnap-2025-02-26-20h41m36s103.jpg,No_pothole,crack,2,COCO pothole category presence,20250226,filename_capture_date,556b034c8da983a60ddcf2e9b4f507a705366254c01ce554866ad893e3537bdc
vlcsnap-2025-02-26-20h41m39s388.jpg,No_pothole,crack,2,COCO pothole category presence,20250226,filename_capture_date,de96275cd735657b937551e79aa693b882a3fe1b17984521d5c2843920df4ec8
vlcsnap-2025-02-26-20h41m42s229.jpg,Pothole,pothole,3,COCO pothole category presence,20250226,filename_capture_date,e0950f35c978921b240142161ff0eb8380a20053b807c5b7393322d8f8d74ca1
vlcsnap-2025-02-26-20h41m48s826.jpg,No_pothole,crack|manhole,2,COCO pothole category presence,20250226,filename_capture_date,f99160ad10dd92c28841e98e13efde6b43f71155baa98dec878628c17b2a5e16
vlcsnap-2025-02-26-20h41m52s021.jpg,Pothole,pothole,1,COCO pothole category presence,20250226,filename_capture_date,3f10988dedc7c4355242a09563fa142b2d167dada75e11cc29813e408dae7863
vlcsnap-2025-02-26-20h42m00s262.jpg,Pothole,manhole|pothole,2,COCO pothole category presence,20250226,filename_capture_date,94ea78f9bf6d8adffad7a924ee25807dc7c11cbe59b6182af2d827d89956c159
vlcsnap-2025-02-26-20h42m08s749.jpg,No_pothole,crack|manhole,2,COCO pothole category presence,20250226,filename_capture_date,e700172b16ed50db4d44ee2640edc78101e2ec66633ee9923e347a55b2ef34e5
vlcsnap-2025-02-26-20h42m12s695.jpg,Pothole,crack|pothole,3,COCO pothole category presence,20250226,filename_capture_date,6df40c810bd5ee7eb2f43030d086aaac06e98c155e1175dc612cd02dce04379e
vlcsnap-2025-02-26-20h42m15s464.jpg,No_pothole,crack,2,COCO pothole category presence,20250226,filename_capture_date,ac0f55de423b87172c9ad84ed2f675c690ba3960f9b1932bc94116aecf64dd94
vlcsnap-2025-02-26-20h42m24s605.jpg,Pothole,crack|pothole,3,COCO pothole category presence,20250226,filename_capture_date,ce7bd9759a4359f11480d6bfd5a941def855659dc777e7212a26cbdd9169fd2b
vlcsnap-2025-02-26-20h42m27s062.jpg,No_pothole,crack,2,COCO pothole category presence,20250226,filename_capture_date,5cce2c200ce5327b12a3a407781a0875f05d221285fc88977efc59051e426a98
vlcsnap-2025-02-26-20h42m29s611.jpg,No_pothole,crack|manhole,2,COCO pothole category presence,20250226,filename_capture_date,68c9bd2336668c04610656dc10c729a1ee1bd8b78ffe6f6314e0d36154552097
vlcsnap_2025-03-16-15h13m26s028.jpg,No_pothole,crack,1,COCO pothole category presence,unknown_capture_group,missing_capture_date,269388ee41156459efa8c23f5acea247bfefaf9bcee5ec2939824eb634584ecd
vlcsnap_2025-03-16-15h13m51s947.jpg,No_pothole,crack,3,COCO pothole category presence,unknown_capture_group,missing_capture_date,5aa3bdd5c07eaf1c5854101ed00c92f273c476ca412a6e496b399815f63271cf
vlcsnap_2025-03-16-15h13m58s251.jpg,No_pothole,crack,1,COCO pothole category presence,unknown_capture_group,missing_capture_date,f9095fbc35291062f29e0d326cac2cbe99c1e8cb9f8c77f936669ca7ffb4925c
vlcsnap_2025-03-16-15h14m02s970.jpg,No_pothole,crack,1,COCO pothole category presence,unknown_capture_group,missing_capture_date,7c73ec16e3a06d253f4df0395c21edbfa6a55e8e53d24416a98dca71adb5adc3
vlcsnap_2025-03-16-15h14m11s414.jpg,No_pothole,crack,2,COCO pothole category presence,unknown_capture_group,missing_capture_date,f2a67e76922382310c0851f7c4b02f26c17d22b216f4cb67b4300c3deb9f0030
vlcsnap_2025-03-16-15h14m18s210.jpg,No_pothole,crack,3,COCO pothole category presence,unknown_capture_group,missing_capture_date,42c2bb4c169632dbca167d893a272fe40f357c784295e8e7d1393ea9659588f0
vlcsnap_2025-03-16-15h14m35s770.jpg,No_pothole,crack,1,COCO pothole category presence,unknown_capture_group,missing_capture_date,465f1137daf1ce20b26581b18744bff14c2dc0484fc3015768468663cff59c7c
vlcsnap_2025-03-16-15h14m38s784.jpg,Pothole,crack|pothole,2,COCO pothole category presence,unknown_capture_group,missing_capture_date,2ff06a1ef346b01d7814ff446e4a79f76e9b11176423244a26872d616ca40331
vlcsnap_2025-03-16-15h14m41s830.jpg,No_pothole,crack|manhole,2,COCO pothole category presence,unknown_capture_group,missing_capture_date,02420667cec32a47cafe18621f7375b592ca846101770a991b03fe8314b7298e
vlcsnap_2025-03-16-15h14m47s822.jpg,No_pothole,crack|manhole,2,COCO pothole category presence,unknown_capture_group,missing_capture_date,58bd2f67871b8586ed7106597b28f52252c22dc3fa3594f32dfbfd98167cdd93
vlcsnap_2025-03-16-15h14m50s746.jpg,No_pothole,crack,1,COCO pothole category presence,unknown_capture_group,missing_capture_date,d249066139266fa270aa383fd3b27368b4c39e6367d00eebb38fd5ea1a99504b
vlcsnap_2025-03-16-15h14m53s345.jpg,No_pothole,crack,1,COCO pothole category presence,unknown_capture_group,missing_capture_date,be1b30527f3af9f09c4d2544053eb9ff41f5f995cce31ef1a3c33488a52280a6
vlcsnap_2025-03-16-15h14m57s465.jpg,No_pothole,crack,1,COCO pothole category presence,unknown_capture_group,missing_capture_date,01b2808f1f0c55cb97024716e82ee57091963bc0229e887a86ed1c8e08b0ccf3
vlcsnap_2025-03-16-15h15m01s204.jpg,Pothole,pothole,1,COCO pothole category presence,unknown_capture_group,missing_capture_date,36f2c3438440a682fc48018a9aa5afe678ded4295d7c1b7e98eecd95fb41ba9a
vlcsnap_2025-03-16-15h15m07s464.jpg,No_pothole,crack,1,COCO pothole category presence,unknown_capture_group,missing_capture_date,2a364b374d06b2e8c4c3f93785125875c8eca2a65857bf7b41dd5135f8755100
vlcsnap_2025-03-16-15h15m10s018.jpg,No_pothole,crack,1,COCO pothole category presence,unknown_capture_group,missing_capture_date,962ed78506206c875238bcb2e45bc9e1287fed6264b6a8d70afcf63c67ce2160
vlcsnap_2025-03-16-15h15m12s496.jpg,No_pothole,crack,1,COCO pothole category presence,unknown_capture_group,missing_capture_date,ce54b0e1ec4ecb053f0db918b6d5e54b336ef2d5f4ab95fcc5be29f6f17bc954
vlcsnap_2025-03-16-15h15m20s219.jpg,No_pothole,crack,2,COCO pothole category presence,unknown_capture_group,missing_capture_date,1bcf008eaf04c3f912d3bcc532b295d1335d7c163251cd22ae862770745bf2f2
vlcsnap_2025-03-16-15h15m22s387.jpg,No_pothole,crack|manhole,3,COCO pothole category presence,unknown_capture_group,missing_capture_date,e32af2cb33f0915385d7b5affe67c77e4ff3cee790429595c63cff7336b3085c
vlcsnap_2025-03-16-15h15m28s804.jpg,Pothole,crack|pothole,4,COCO pothole category presence,unknown_capture_group,missing_capture_date,4a1168b751ea6928fca4570128a97de6a693ee2e9bad40f709294cc06c75a556
vlcsnap_2025-03-16-15h15m41s480.jpg,No_pothole,crack,3,COCO pothole category presence,unknown_capture_group,missing_capture_date,72bcc1dc48de2bfdfc887d753b6b919e046dbbeaefa6035248c7ae29d50bde11
vlcsnap_2025-03-16-15h15m43s873.jpg,No_pothole,crack,4,COCO pothole category presence,unknown_capture_group,missing_capture_date,d2cd6abfb352dbb3e4e7ffa64217ae1169dde3dd4cd60477a375a25afca376b2
vlcsnap_2025-03-16-15h15m46s340.jpg,Pothole,crack|pothole,3,COCO pothole category presence,unknown_capture_group,missing_capture_date,fd3b7f4bf7ce1423f5bd0dd38093306cd936d1f0777671eb3f7babd0798562e6
vlcsnap_2025-03-16-15h15m48s964.jpg,No_pothole,crack,3,COCO pothole category presence,unknown_capture_group,missing_capture_date,339e8182acb72b0759db3fe88c83b709efd303eb4e85a0280bb59e5ed25849c9
vlcsnap_2025-03-16-15h15m53s196.jpg,No_pothole,crack,3,COCO pothole category presence,unknown_capture_group,missing_capture_date,1b40fedbd64759e35038e2695c47b6845e516cc120e23c58f7291825de044fe6
vlcsnap_2025-03-16-15h15m56s199.jpg,No_pothole,crack,2,COCO pothole category presence,unknown_capture_group,missing_capture_date,7ed42f918318e39867e05585a24b6aa2fb657ff26d6748d6eeb4cfdd8eeca7ba
vlcsnap_2025-03-16-15h16m01s326.jpg,No_pothole,crack,2,COCO pothole category presence,unknown_capture_group,missing_capture_date,83b275ab2f4f6d74a649279aec28619e0f0b23662ed23455a5ac95e33a1ef5c3
vlcsnap_2025-03-16-15h16m29s650.jpg,No_pothole,crack|manhole,4,COCO pothole category presence,unknown_capture_group,missing_capture_date,0daf2a86daba6871d12a4e788a9fec59dab1d2878a34375b93930c5c5cb395bc
vlcsnap_2025-03-16-15h16m34s670.jpg,No_pothole,crack,3,COCO pothole category presence,unknown_capture_group,missing_capture_date,93ee17e3203b26f36344c7fad33ad5398fde74fa34564d29d40150141f6f80ef
vlcsnap_2025-03-16-15h16m38s387.jpg,Pothole,crack|pothole,3,COCO pothole category presence,unknown_capture_group,missing_capture_date,cf5af937e423e2cf49323c1ffd54c6bd38035fc5584150fe21480a1e0af31dad
vlcsnap_2025-03-16-15h16m42s905.jpg,No_pothole,crack,2,COCO pothole category presence,unknown_capture_group,missing_capture_date,ad7ffc034d57ad817e5a379b31ad6d1e0403348e2ebc40e9c850c963e6931549
vlcsnap_2025-03-16-15h16m59s824.jpg,No_pothole,crack,2,COCO pothole category presence,unknown_capture_group,missing_capture_date,7dedb1b9e628ad1a6b9bbcfc341d3518af4fc23c55ae64ae0d4bf7a221023939
vlcsnap_2025-03-16-15h17m03s874.jpg,No_pothole,crack,1,COCO pothole category presence,unknown_capture_group,missing_capture_date,dad2086f1552e63830b10d4fe586caaa2b3a427a922b210c120a51b2d8d67fac
vlcsnap_2025-03-16-15h17m09s290.jpg,Pothole,crack|pothole,3,COCO pothole category presence,unknown_capture_group,missing_capture_date,322c518530c1718c8bf2d63c3a4205bcb5d665a8639426b2166613b06d484a5a
vlcsnap_2025-03-16-15h17m12s949.jpg,Pothole,crack|pothole,5,COCO pothole category presence,unknown_capture_group,missing_capture_date,c796163ea35987b2722951937e8008b91bf82053fa61bbabba615666985c7dd8
vlcsnap_2025-03-16-15h17m18s760.jpg,Pothole,crack|pothole,2,COCO pothole category presence,unknown_capture_group,missing_capture_date,57c9ae3b4fb1f6768108fe3441d815f16d1131175492ba514662bdea73b11a37
vlcsnap_2025-03-16-15h17m30s232.jpg,No_pothole,crack,1,COCO pothole category presence,unknown_capture_group,missing_capture_date,d107d795ef17a076be72abf321c18b716e0047e0c33212e5c55b2cfc2e4dcd88
vlcsnap_2025-03-16-15h17m51s254.jpg,No_pothole,crack,2,COCO pothole category presence,unknown_capture_group,missing_capture_date,00a150eebf351f0d83ffd7621a6b6e20d6b001c9aebb6592a97265f18894796f
vlcsnap_2025-03-16-15h17m57s358.jpg,No_pothole,crack,1,COCO pothole category presence,unknown_capture_group,missing_capture_date,c4091087d2572299ab4b64fd4f7d2b849f203c67d5122a55d3842ccf08ff5e74
vlcsnap_2025-03-16-15h18m22s918.jpg,No_pothole,crack,1,COCO pothole category presence,unknown_capture_group,missing_capture_date,08977d747faee72a3c7e601e1741fc8ffcc0744e95d9f89f5cc0e3cbd7092326
vlcsnap_2025-03-16-15h18m28s053.jpg,No_pothole,crack|manhole,2,COCO pothole category presence,unknown_capture_group,missing_capture_date,adcb401759dd69d7efefacda5673c22727511e288a21dbbe46fa5f3f1a2fed20
vlcsnap_2025-03-16-15h18m31s059.jpg,No_pothole,crack,3,COCO pothole category presence,unknown_capture_group,missing_capture_date,d20fcdb3da968449146c7e0a4b75969d23bdd179c08ee17c7909df31cbcade28
vlcsnap_2025-03-16-15h18m34s046.jpg,No_pothole,crack,1,COCO pothole category presence,unknown_capture_group,missing_capture_date,f965e5558de41a7cbaa506b26ebef6a9ae92fe968250b600da2aed1fc67d02c7
vlcsnap_2025-03-16-15h18m37s334.jpg,Pothole,crack|pothole,3,COCO pothole category presence,unknown_capture_group,missing_capture_date,5cac22b764d21d66514c09a382267dd358b10b852087b490af3b48c3db236d36
vlcsnap_2025-03-16-15h18m40s531.jpg,Pothole,crack|pothole,3,COCO pothole category presence,unknown_capture_group,missing_capture_date,30c1e09eb5bd5869bf60469b184bbc84ef164b07947b1c54c598bf33c833f038
vlcsnap_2025-03-16-15h18m44s104.jpg,Pothole,crack|pothole,4,COCO pothole category presence,unknown_capture_group,missing_capture_date,2735982677d8978806802ceb46df14705353a29f2749993bf2fbd09ac00c3166
vlcsnap_2025-03-16-15h18m48s028.jpg,No_pothole,crack,2,COCO pothole category presence,unknown_capture_group,missing_capture_date,993776ff56a4cc6d2065be892a4060a2f81fe1609d2db402c842b45350e77d11
vlcsnap_2025-03-16-15h18m58s066.jpg,Pothole,crack|pothole,2,COCO pothole category presence,unknown_capture_group,missing_capture_date,ae7c0b49cee523ef3331f1c3fcf2b634e9515ebe4646100b4cf74325b458ca61
vlcsnap_2025-03-16-15h19m02s496.jpg,No_pothole,crack,1,COCO pothole category presence,unknown_capture_group,missing_capture_date,7c7836b023b8d36b4ea854963efdb5401670b7205fbf85cdd2bf91f8b8853ac2
vlcsnap_2025-03-16-15h19m04s832.jpg,No_pothole,crack,1,COCO pothole category presence,unknown_capture_group,missing_capture_date,5f9435052ed38d9d70e48b9f09b968b49fb2912d8870b0325b3350623d53c18e
vlcsnap_2025-03-16-15h19m14s872.jpg,Pothole,crack|manhole|pothole,5,COCO pothole category presence,unknown_capture_group,missing_capture_date,93e43e7d9f0b34540945900b9fc02b3756a497a5bb3e6d4a889f5e58e5d789ea
vlcsnap_2025-03-16-15h19m19s343.jpg,No_pothole,crack,2,COCO pothole category presence,unknown_capture_group,missing_capture_date,f2bdc5a7b4081939e8375745beb03041ac776827154ecca3fda7d4280c7d47f4
vlcsnap_2025-03-16-15h19m36s147.jpg,Pothole,crack|manhole|pothole,4,COCO pothole category presence,unknown_capture_group,missing_capture_date,400c3345ec42665dce3278a3b73cb1542a2cb82150cae27286821d115e842dda
vlcsnap_2025-03-16-15h19m38s185.jpg,No_pothole,crack,1,COCO pothole category presence,unknown_capture_group,missing_capture_date,816f9e43ccf3f2524d3db5ae4a763a61d1cb8ff6efbd8fb56236becba45ac95c
vlcsnap_2025-03-16-15h20m14s119.jpg,No_pothole,crack,1,COCO pothole category presence,unknown_capture_group,missing_capture_date,2c71b2a115552e82c8dae63e56630aaf5791cd15f459df4e45710e1ab4879d6b
vlcsnap_2025-03-16-15h20m16s505.jpg,No_pothole,crack,2,COCO pothole category presence,unknown_capture_group,missing_capture_date,76ec35dfb66ee696a13aa2e052db60ae8cc5b0151feb2f962eb4367359c00abb
vlcsnap_2025-03-16-15h20m18s580.jpg,No_pothole,crack,2,COCO pothole category presence,unknown_capture_group,missing_capture_date,cdfef22e7d219eedaeb60e5419b6562cafefc602ba1e74c1ff62dcb299ad3430
vlcsnap_2025-03-16-15h20m26s297.jpg,No_pothole,crack,1,COCO pothole category presence,unknown_capture_group,missing_capture_date,3dc187717f84d4721943c18cf42c2d4a8947157fa7edb3a12204fac02c929a37
vlcsnap_2025-03-16-15h20m44s788.jpg,No_pothole,crack,1,COCO pothole category presence,unknown_capture_group,missing_capture_date,3b5d1408065b278eb69b0456a749137fab05ca289ffd5e57751eaba433ee6f4d
vlcsnap_2025-03-16-15h20m55s801.jpg,No_pothole,crack,1,COCO pothole category presence,unknown_capture_group,missing_capture_date,2c4f01692206100e80e37c69947bfa9740129c40c70a9a6ffa0fe40322be8611
vlcsnap_2025-03-16-15h21m03s270.jpg,No_pothole,crack,2,COCO pothole category presence,unknown_capture_group,missing_capture_date,734c8de17ef23dc0b8f52557e3f8bbc49d427676acf9b068dcd962ab2800f46a
vlcsnap_2025-03-16-15h21m07s952.jpg,No_pothole,crack,2,COCO pothole category presence,unknown_capture_group,missing_capture_date,99f3554a2eceedd005612e95a1752fd2cb11030ddb126f424fa4dd0b1a804e5f
vlcsnap_2025-03-16-15h21m10s336.jpg,No_pothole,crack,2,COCO pothole category presence,unknown_capture_group,missing_capture_date,2e622c7c9d97b2d68c81bea51f69086decca6ed51fb06b2c1630b058404fc4c1
vlcsnap_2025-03-16-15h21m12s648.jpg,No_pothole,crack,2,COCO pothole category presence,unknown_capture_group,missing_capture_date,0c6a96f434d53436ce7f2a0845aa6f74bf173cf508a00c640a785eae7a829096
vlcsnap_2025-03-16-15h21m15s314.jpg,No_pothole,crack,2,COCO pothole category presence,unknown_capture_group,missing_capture_date,da283787c247d6d35d86cb0beef60ca66318e32fb13cdfa845b28661e0fbe4b7
vlcsnap_2025-03-16-15h21m17s354.jpg,No_pothole,crack,1,COCO pothole category presence,unknown_capture_group,missing_capture_date,4b6f68f99dd7d0b65eda5f38e6a8cb2d7c572e7065b0bca23bea64c4b5c402fe
vlcsnap_2025-03-16-15h21m36s825.jpg,No_pothole,crack,1,COCO pothole category presence,unknown_capture_group,missing_capture_date,bf0ecf2c7f89420ec0219a5f3167fa0cf04ebd696b09473f66c14cfbd9a08315
vlcsnap_2025-03-16-15h21m43s351.jpg,Pothole,crack|pothole,3,COCO pothole category presence,unknown_capture_group,missing_capture_date,cf62a5645368a77fd33295b839cb817f5e55651cfcfe2f89a52eb0611c184e1a
vlcsnap_2025-03-16-15h22m01s049.jpg,Pothole,pothole,2,COCO pothole category presence,unknown_capture_group,missing_capture_date,fdc485b9ae43bcef58d7b4d8f532c745ba3003ee4c2905484f93be3d84f87586
vlcsnap_2025-03-16-15h22m08s603.jpg,Pothole,pothole,1,COCO pothole category presence,unknown_capture_group,missing_capture_date,94a05a64f48e9b3a8bc16969c99b1ea42e11fde399ee405e0fc62a6d389caa7e
vlcsnap_2025-03-16-15h22m11s370.jpg,No_pothole,crack,1,COCO pothole category presence,unknown_capture_group,missing_capture_date,0f41b5d102efd9688212d4cbda8bacab4726f07e746f5094323c948c9919825b
vlcsnap_2025-03-16-15h22m16s436.jpg,Pothole,crack|pothole,2,COCO pothole category presence,unknown_capture_group,missing_capture_date,1b5aa16c8a7b813c1ccba0b75835fd32e50f89cc78a9bce6eb07d5df178b46ec
vlcsnap_2025-03-16-15h22m31s634.jpg,No_pothole,crack,3,COCO pothole category presence,unknown_capture_group,missing_capture_date,946b322f801e145f476a5c5952bfce367f05efd1acb40805a1a66ad2d2e2dfae
vlcsnap_2025-03-16-15h22m34s484.jpg,No_pothole,crack,2,COCO pothole category presence,unknown_capture_group,missing_capture_date,2162e55e394c45d4b87eb2e803609956e5770533baea1345b95da428a609b707
vlcsnap_2025-03-16-15h22m36s804.jpg,No_pothole,crack,1,COCO pothole category presence,unknown_capture_group,missing_capture_date,49288a32244b98e6267915c9039053090ddd9e19d4866908a77ac4ff344a9d7f
vlcsnap_2025-03-16-15h22m39s725.jpg,No_pothole,crack,1,COCO pothole category presence,unknown_capture_group,missing_capture_date,b223404e3d0ad3ecab209085be9b1d92a01f914e9db6622334ce9383ca1b139e
vlcsnap_2025-03-16-15h22m47s973.jpg,No_pothole,crack,1,COCO pothole category presence,unknown_capture_group,missing_capture_date,61361fa2ebb6bca3007fbb742b965b99c4e8da4d729e1abaaab6cea018cc06df
vlcsnap_2025-03-16-15h22m52s597.jpg,No_pothole,crack,2,COCO pothole category presence,unknown_capture_group,missing_capture_date,e30d30d65c9db861fd4149b7de3f715f459c8d57da1106bfd6694e5450260e6a
vlcsnap_2025-03-16-15h22m56s835.jpg,Pothole,crack|pothole,3,COCO pothole category presence,unknown_capture_group,missing_capture_date,49aed6142dd4a921dfd9224ea82127776036277be10480650814dbcf80f1ba39
vlcsnap_2025-03-16-15h23m02s200.jpg,No_pothole,crack,3,COCO pothole category presence,unknown_capture_group,missing_capture_date,72d6bc795a146a356700312e6b33eb21e7c10e9ce512f4fba5693a60e8c6bb34
vlcsnap_2025-03-16-15h23m07s115.jpg,No_pothole,crack,4,COCO pothole category presence,unknown_capture_group,missing_capture_date,855b7874fd0041c7106489ef3b314900a27fa188ec0630fe7610fb1b507aa24c
vlcsnap_2025-03-16-15h23m11s550.jpg,No_pothole,crack,2,COCO pothole category presence,unknown_capture_group,missing_capture_date,d62baaaeb1c1d0878d3db782195ded2b81852cc72ec9a5416d63d9b55a366152
vlcsnap_2025-03-16-15h23m19s209.jpg,No_pothole,crack,2,COCO pothole category presence,unknown_capture_group,missing_capture_date,b89f4cec039e85948dffe471a8fc80cd51d3e09bdd097f2da027ea46746afa9c
vlcsnap_2025-03-16-15h23m37s639.jpg,No_pothole,crack,2,COCO pothole category presence,unknown_capture_group,missing_capture_date,8cbbd15a4af7d32ebb6e1daded8ab88186250a894e019300e916a3af1a9480a9
vlcsnap_2025-03-16-15h23m39s997.jpg,No_pothole,crack,1,COCO pothole category presence,unknown_capture_group,missing_capture_date,20bbe7d6ff5dbd19a02ce4e1efa95ec4f9bd147ff0791032db487afd9fc78d5f
vlcsnap_2025-03-16-15h24m05s533.jpg,No_pothole,crack,4,COCO pothole category presence,unknown_capture_group,missing_capture_date,f43bfee54deebccfd4af6a5a1250dd2250a6bda7ad8cba5d18687280912de377
vlcsnap_2025-03-16-15h24m07s428.jpg,Pothole,crack|pothole,8,COCO pothole category presence,unknown_capture_group,missing_capture_date,6cd6be9c68ec01aeeede0b0cfd60c4c9b6502d44299c80305989835abafe1ed9
vlcsnap_2025-03-16-15h24m09s426.jpg,Pothole,crack|manhole|pothole,3,COCO pothole category presence,unknown_capture_group,missing_capture_date,8d92c473306f7aec98299b0da4555db4f3512db06c01b9ff72094fe7b7814bcc
vlcsnap_2025-03-16-15h24m14s150.jpg,Pothole,crack|pothole,3,COCO pothole category presence,unknown_capture_group,missing_capture_date,f292cc16a1880b90d5cd1a3d675e151c686fe215b3c3bd2b615faf69f097d5b0
vlcsnap_2025-03-16-15h24m17s765.jpg,No_pothole,crack,4,COCO pothole category presence,unknown_capture_group,missing_capture_date,a1225285155776fb4f5d60036ad6241b2f1cbe249fded528589827cf1b1fcc03
vlcsnap_2025-03-16-15h24m20s121.jpg,No_pothole,crack,1,COCO pothole category presence,unknown_capture_group,missing_capture_date,ac27bd294c03b02229000f2ebc75379e4a3f5b05901ba985ba87aa2342817471
vlcsnap_2025-03-16-15h24m30s982.jpg,No_pothole,crack,1,COCO pothole category presence,unknown_capture_group,missing_capture_date,b6dd32dc8a6bf242437d14e8c311bc4e34da7867ca548b71b0e0fb1816b3e0a4
vlcsnap_2025-03-16-15h24m49s137.jpg,No_pothole,crack,1,COCO pothole category presence,unknown_capture_group,missing_capture_date,75d35e5c2fabb546697275797e8b9be081b8b30cce21bc6ff26015cc3f030963
vlcsnap_2025-03-16-15h25m06s492.jpg,No_pothole,crack,1,COCO pothole category presence,unknown_capture_group,missing_capture_date,d3caa17356e460d51d7613e59e15b9bad7405de2af0042026d32cba0d7219b71
vlcsnap_2025-03-16-15h25m12s708.jpg,No_pothole,crack|manhole,2,COCO pothole category presence,unknown_capture_group,missing_capture_date,9803e5f92e3458f9ef2c4e3576a8d94de9a91b21d8107606097d136fb39c41b8
vlcsnap_2025-03-16-15h25m20s407.jpg,Pothole,crack|manhole|pothole,5,COCO pothole category presence,unknown_capture_group,missing_capture_date,e97a1c8ae6a733581edd4b2346ccf1b0d358d5734da8410d74445c2ec662beca
vlcsnap_2025-03-16-15h25m29s245.jpg,No_pothole,crack,1,COCO pothole category presence,unknown_capture_group,missing_capture_date,b573d21de45995f28711adb8559593674895fe17ebbf32e35b0419c45ec5c980
vlcsnap_2025-03-16-15h25m32s867.jpg,No_pothole,crack,1,COCO pothole category presence,unknown_capture_group,missing_capture_date,dc71f2177a7cc9019eb1f4a042ad638d029df9f09e34ef67229ad1398b1e835f
vlcsnap_2025-03-16-15h25m38s657.jpg,No_pothole,crack,2,COCO pothole category presence,unknown_capture_group,missing_capture_date,a31d6bfebbf355287d82671765800c962d85c7977030c439a9faa9508b643d38
vlcsnap_2025-03-16-15h25m41s482.jpg,No_pothole,crack,1,COCO pothole category presence,unknown_capture_group,missing_capture_date,b429b3926c8d6c1731f578bff7c5b859693e086e63a001c30e200e631dedd441
vlcsnap_2025-03-16-15h25m46s232.jpg,No_pothole,crack,2,COCO pothole category presence,unknown_capture_group,missing_capture_date,9d281ca24c24aa211e370ba9022317e8fd56725364bf9498a6eb3c2f6ba5033f
vlcsnap_2025-03-16-15h25m48s797.jpg,No_pothole,crack,2,COCO pothole category presence,unknown_capture_group,missing_capture_date,a49c68271332a17567499d2d2f3b8143acc20b0a81e56c59f2b4e337c8f7e64e
vlcsnap_2025-03-16-15h25m52s056.jpg,No_pothole,crack|manhole,2,COCO pothole category presence,unknown_capture_group,missing_capture_date,087313cf0bc4c42010c958d1b2740427e6d99631aa407c82bbe972a5a8f9671f
vlcsnap_2025-03-16-15h26m01s816.jpg,No_pothole,crack,1,COCO pothole category presence,unknown_capture_group,missing_capture_date,1ce41c36e0a01d6b66547449f941fe9be2741e5dfc06ab6a70de628f82695ef3
vlcsnap_2025-03-16-15h26m08s358.jpg,No_pothole,crack,2,COCO pothole category presence,unknown_capture_group,missing_capture_date,60da0b245020da9a8f9f9ad9de46dcc6c3846653bda6ad09f41de7e764eb0e42
vlcsnap_2025-03-16-15h26m11s215.jpg,No_pothole,crack|manhole,2,COCO pothole category presence,unknown_capture_group,missing_capture_date,41f86abab88ef21333dbaa35fd83565e57194c59949826ebabbd1a947ef25b98
vlcsnap_2025-03-16-15h26m23s112.jpg,Pothole,crack|pothole,2,COCO pothole category presence,unknown_capture_group,missing_capture_date,3dab378618006595297f2d00b74bfc3e29fdecdca0813671d7c194467ff7355a
vlcsnap_2025-03-16-15h26m30s066.jpg,No_pothole,crack,2,COCO pothole category presence,unknown_capture_group,missing_capture_date,b96d0cf973fdba0187983c2a87f73b3198908266773f78751ae7e32ed00a7f10
vlcsnap_2025-03-16-15h26m43s387.jpg,No_pothole,crack,2,COCO pothole category presence,unknown_capture_group,missing_capture_date,5eaa0543ed948576c4b1bcae0e788ec79204aa93ef603b86122126583e0f5a2a
vlcsnap_2025-03-16-15h26m47s658.jpg,Pothole,crack|pothole,3,COCO pothole category presence,unknown_capture_group,missing_capture_date,fbb8e5c6005eaab3875a77e8694c251fc8ab2199d1d86147568663e32b89f1b6
vlcsnap_2025-03-16-15h26m50s403.jpg,Pothole,crack|pothole,4,COCO pothole category presence,unknown_capture_group,missing_capture_date,9e26d9d6b63e166a3387a02ce0d74e0bc64014997668779e1b8f4ed3be657ae4
vlcsnap_2025-03-16-15h26m53s008.jpg,Pothole,crack|pothole,3,COCO pothole category presence,unknown_capture_group,missing_capture_date,7eb6b1a9046a34db1d56c144fa17a628d409d304b096f1b74d1a23b03455ce67
vlcsnap_2025-03-16-15h26m56s149.jpg,No_pothole,crack,5,COCO pothole category presence,unknown_capture_group,missing_capture_date,9eb4d777cf7b61c01dfe8852e463a788bd8c7f28f9312bdd0843a6a08ab43f52
vlcsnap_2025-03-16-15h27m05s043.jpg,No_pothole,crack,5,COCO pothole category presence,unknown_capture_group,missing_capture_date,5b1aa8a18de577742424034e3914a7980df7b5a07e68ff13efc6c8ec065276fd
vlcsnap_2025-03-16-15h27m39s157.jpg,No_pothole,crack,3,COCO pothole category presence,unknown_capture_group,missing_capture_date,59dfdfefc1315c310e42e135b845914d9954a74ae083061857ad398477bcea09
vlcsnap_2025-03-16-15h27m45s917.jpg,No_pothole,crack,4,COCO pothole category presence,unknown_capture_group,missing_capture_date,6bc6addc66deb7010f98e9c6883782dc9f32651edb041c276aeb82219a21fc40
vlcsnap_2025-03-16-15h27m52s423.jpg,No_pothole,crack,2,COCO pothole category presence,unknown_capture_group,missing_capture_date,5d9f6a6a999b09a4be62edf0117b231f31ba072fb69ebf04d80181317b0bcd24
vlcsnap_2025-03-16-15h27m55s536.jpg,No_pothole,crack,2,COCO pothole category presence,unknown_capture_group,missing_capture_date,46b15e837d672077fbb6dd1568650060ce00693a0ae622162e9421e8a78f6ca2
vlcsnap_2025-03-16-15h27m59s027.jpg,No_pothole,crack,3,COCO pothole category presence,unknown_capture_group,missing_capture_date,3b790c1f5daf185829510e31ac889913c87050a7e8ea3b91d5a8394901b9099c
vlcsnap_2025-03-16-15h28m07s931.jpg,Pothole,crack|pothole,6,COCO pothole category presence,unknown_capture_group,missing_capture_date,dc5d529ed9720dd19aeacb4323f94245b5f5d52c39b590a2292cd771a5537418
vlcsnap_2025-03-16-15h28m11s518.jpg,Pothole,crack|pothole,4,COCO pothole category presence,unknown_capture_group,missing_capture_date,68354fb1cda7079dcd01241615ca0ebe9dd7943fc636984cf56adb2d8d053095
vlcsnap_2025-03-16-15h28m13s605.jpg,Pothole,crack|pothole,3,COCO pothole category presence,unknown_capture_group,missing_capture_date,ef662a1aca1a85f78989c47619b548e979e375cb1d25900b3dbc00dc84f1553d
vlcsnap_2025-03-16-15h28m19s121.jpg,No_pothole,crack,1,COCO pothole category presence,unknown_capture_group,missing_capture_date,c222dd400b98eea098abb75793a98edda4b2aa11305047426153491cf376c1c8
vlcsnap_2025-03-16-15h28m26s987.jpg,No_pothole,crack,1,COCO pothole category presence,unknown_capture_group,missing_capture_date,4dac898692401fd574c7e12cc2bf9769b36d84d767b0a205f983fe0e50096a04
vlcsnap_2025-03-16-15h28m40s088.jpg,No_pothole,crack,3,COCO pothole category presence,unknown_capture_group,missing_capture_date,1e7fb3615cce1f228e8ed9c2c4219ab8f9ab152d170905510d67a734f6beccf5
vlcsnap_2025-03-16-15h29m04s511.jpg,Pothole,crack|manhole|pothole,4,COCO pothole category presence,unknown_capture_group,missing_capture_date,fe6af9a441981ea773a502878edd8676e9b120e9da8b3bdaaba57c2e6c66add3
vlcsnap_2025-03-16-15h29m08s982.jpg,Pothole,crack|manhole|pothole,7,COCO pothole category presence,unknown_capture_group,missing_capture_date,13d673e219f3b107adef38b36f3ec45290eb469dc4008606c6ba04beff469c29
vlcsnap_2025-03-16-15h29m54s028.jpg,Pothole,crack|pothole,3,COCO pothole category presence,unknown_capture_group,missing_capture_date,de5adef20731682a92482e7a1bff3085e9ae667de8fe44528bcb6565aea2eb71
vlcsnap_2025-03-16-15h30m10s410.jpg,Pothole,crack|pothole,5,COCO pothole category presence,unknown_capture_group,missing_capture_date,4f59508c118bc5d95882b3a75513e5ea4a198c1c699c83b26f2d69130bdb673c
vlcsnap_2025-03-16-15h30m23s580.jpg,Pothole,crack|pothole,4,COCO pothole category presence,unknown_capture_group,missing_capture_date,0eacb1f13d537891e28f60c1586ae85063cfe9216d927181c271afa143a7aa06
vlcsnap_2025-03-16-15h30m26s004.jpg,Pothole,crack|pothole,4,COCO pothole category presence,unknown_capture_group,missing_capture_date,0c03f9ac42c4caf100c94ed94edc70853d0c9701b6854a210134f35ca0ed263c
vlcsnap_2025-03-16-15h30m27s923.jpg,Pothole,crack|pothole,4,COCO pothole category presence,unknown_capture_group,missing_capture_date,9ae87a948d2ac09fb5e4874e7ff72ab7a88f6dd2c5149d573c14df7f982c7a1f
vlcsnap_2025-03-16-15h31m01s683.jpg,No_pothole,crack,3,COCO pothole category presence,unknown_capture_group,missing_capture_date,ce115992a4a0f7cd6fc60c1fa5a1a524c0036812850a86d8d88f9c3fc1454f89
vlcsnap_2025-03-16-15h31m12s715.jpg,Pothole,crack|pothole,2,COCO pothole category presence,unknown_capture_group,missing_capture_date,cb9409e547df4bb1648f92a4051d7a32ba0ed1866708f4f0c7310fe9b1c6d904
vlcsnap_2025-03-16-15h31m38s257.jpg,Pothole,crack|manhole|pothole,4,COCO pothole category presence,unknown_capture_group,missing_capture_date,d36e10a8555c0b6b2c2aa5064e60b372094c066dccbe79d7e659dec53d8e4029
vlcsnap_2025-03-16-15h31m42s236.jpg,No_pothole,crack,2,COCO pothole category presence,unknown_capture_group,missing_capture_date,c434f0f730ff93c39333c13cc452ebd657187e4168b3300ce0b88cae1d9f27c8
