source_record_id,source_image_path,source_annotation_path,source_subtype_labels,source_subtype_counts,mapped_object_count,mapped_object_label_counts,road_marking_present,sha256,exact_duplicate_group_id,duplicate_role,selection_rule,candidate_status
1,data/raw/v2/ceymo/train/extracted/train/images/1.jpg,data/raw/v2/ceymo/train/extracted/train/bbox_annotations/1.xml,LA;SA,LA:1;SA:1,2,road_marking:2,yes,9c5f3de37d639645115bdab1869c6eedaa487581ba6f3015e5b10ccb1358a15f,,unique,audited_source_training_record,pre_split_source_candidate
10,data/raw/v2/ceymo/train/extracted/train/images/10.jpg,data/raw/v2/ceymo/train/extracted/train/bbox_annotations/10.xml,PC,PC:1,1,road_marking:1,yes,702d490c2e040852912cfb42cb24e348f2138a1e5e7bfb98b1b914382b749ad9,,unique,audited_source_training_record,pre_split_source_candidate
100,data/raw/v2/ceymo/train/extracted/train/images/100.jpg,data/raw/v2/ceymo/train/extracted/train/bbox_annotations/100.xml,DM,DM:2,2,road_marking:2,yes,71f969c7fe2e829c63fac64f64e4178167dc3e5a21deeb48a9fc7a44a01fe03f,,unique,audited_source_training_record,pre_split_source_candidate
100a,data/raw/v2/ceymo/train/extracted/train/images/100a.jpg,data/raw/v2/ceymo/train/extracted/train/bbox_annotations/100a.xml,DM,DM:2,2,road_marking:2,yes,6851ebeddacba3783369dd3d969288a150bbfd137e635c49be9104a7cdefa049,,unique,audited_source_training_record,pre_split_source_candidate
100b,data/raw/v2/ceymo/train/extracted/train/images/100b.jpg,data/raw/v2/ceymo/train/extracted/train/bbox_annotations/100b.xml,DM,DM:2,2,road_marking:2,yes,52b50f638eb3aed9e5b6a914c6da4c1e188b0a2f9c00dfe209be0c3576e6faae,,unique,audited_source_training_record,pre_split_source_candidate
101,data/raw/v2/ceymo/train/extracted/train/images/101.jpg,data/raw/v2/ceymo/train/extracted/train/bbox_annotations/101.xml,PC,PC:1,1,road_marking:1,yes,98f3c156c83b48711d5d2eef3c03243fc75374288d92f6f3ade51d52601ca0f3,,unique,audited_source_training_record,pre_split_source_candidate
101a,data/raw/v2/ceymo/train/extracted/train/images/101a.jpg,data/raw/v2/ceymo/train/extracted/train/bbox_annotations/101a.xml,PC,PC:1,1,road_marking:1,yes,02ed5a9abd2cd07ee9539e0eccf6511c5b7769c933ee33b878478bf15a40afc7,,unique,audited_source_training_record,pre_split_source_candidate
101b,data/raw/v2/ceymo/train/extracted/train/images/101b.jpg,data/raw/v2/ceymo/train/extracted/train/bbox_annotations/101b.xml,PC,PC:1,1,road_marking:1,yes,c251aa8c84611d9d16ce12e685aa6e2798bb72f93734971ba4717a7faec861a8,,unique,audited_source_training_record,pre_split_source_candidate
102,data/raw/v2/ceymo/train/extracted/train/images/102.jpg,data/raw/v2/ceymo/train/extracted/train/bbox_annotations/102.xml,DM,DM:2,2,road_marking:2,yes,6230c5dcecd19a13a522039daa1313902d093f983fcfd27d2f1f37dbe3b89094,,unique,audited_source_training_record,pre_split_source_candidate
102a,data/raw/v2/ceymo/train/extracted/train/images/102a.jpg,data/raw/v2/ceymo/train/extracted/train/bbox_annotations/102a.xml,DM,DM:2,2,road_marking:2,yes,b9d5d67621b2d484f8107664ccf880b34a3a1c371323fc1fda22af33183b8394,,unique,audited_source_training_record,pre_split_source_candidate
103,data/raw/v2/ceymo/train/extracted/train/images/103.jpg,data/raw/v2/ceymo/train/extracted/train/bbox_annotations/103.xml,DM,DM:2,2,road_marking:2,yes,4b129adf8c2bb0166c33a8aeda69e7962a54d5b2f250ca255df740bacd117c18,,unique,audited_source_training_record,pre_split_source_candidate
103a,data/raw/v2/ceymo/train/extracted/train/images/103a.jpg,data/raw/v2/ceymo/train/extracted/train/bbox_annotations/103a.xml,DM,DM:2,2,road_marking:2,yes,b706d8fab5d89b6b80d0fdd27dc01581aeec0ab27d880a8d18a5fde0e67e4c6e,,unique,audited_source_training_record,pre_split_source_candidate
103b,data/raw/v2/ceymo/train/extracted/train/images/103b.jpg,data/raw/v2/ceymo/train/extracted/train/bbox_annotations/103b.xml,DM,DM:2,2,road_marking:2,yes,01dab9bf97ef03f48baf3617feb4fc4196a0aaa0c6b3b851bab2daf16a47d475,,unique,audited_source_training_record,pre_split_source_candidate
104,data/raw/v2/ceymo/train/extracted/train/images/104.jpg,data/raw/v2/ceymo/train/extracted/train/bbox_annotations/104.xml,DM,DM:1,1,road_marking:1,yes,17c3bb933562eabb78fc69ae66cbf67649b8c19ac52e0f93529094a3378c85ba,,unique,audited_source_training_record,pre_split_source_candidate
104a,data/raw/v2/ceymo/train/extracted/train/images/104a.jpg,data/raw/v2/ceymo/train/extracted/train/bbox_annotations/104a.xml,DM,DM:1,1,road_marking:1,yes,e52ebef318884147fb18ec76ebc3f0b536a214b75defb10cb177944ec1b31bd9,,unique,audited_source_training_record,pre_split_source_candidate
104b,data/raw/v2/ceymo/train/extracted/train/images/104b.jpg,data/raw/v2/ceymo/train/extracted/train/bbox_annotations/104b.xml,DM,DM:1,1,road_marking:1,yes,638de9bfbede3da9d874e3075d2ab286a7622c1e2cb0330b3ccdea70e917fc49,,unique,audited_source_training_record,pre_split_source_candidate
105,data/raw/v2/ceymo/train/extracted/train/images/105.jpg,data/raw/v2/ceymo/train/extracted/train/bbox_annotations/105.xml,PC,PC:1,1,road_marking:1,yes,928933296912f7c4f4f2899f9c1a549458186b0da8ebaca0b7acca8936c0c010,,unique,audited_source_training_record,pre_split_source_candidate
105a,data/raw/v2/ceymo/train/extracted/train/images/105a.jpg,data/raw/v2/ceymo/train/extracted/train/bbox_annotations/105a.xml,PC,PC:1,1,road_marking:1,yes,c29c9e02daae0c40f8570c1c5ceb18a77665c3a0e1bdf38f34abf25c0f098b11,,unique,audited_source_training_record,pre_split_source_candidate
105b,data/raw/v2/ceymo/train/extracted/train/images/105b.jpg,data/raw/v2/ceymo/train/extracted/train/bbox_annotations/105b.xml,PC,PC:1,1,road_marking:1,yes,0b775a230147d625c7fabf4b125e9558c5fa929aaaa3abc1f841cab299093a5a,,unique,audited_source_training_record,pre_split_source_candidate
106,data/raw/v2/ceymo/train/extracted/train/images/106.jpg,data/raw/v2/ceymo/train/extracted/train/bbox_annotations/106.xml,DM,DM:2,2,road_marking:2,yes,2282e7fd0d072cfad19931127738501ef2ee53cc8d8b740e39d969f47ee7950a,,unique,audited_source_training_record,pre_split_source_candidate
106a,data/raw/v2/ceymo/train/extracted/train/images/106a.jpg,data/raw/v2/ceymo/train/extracted/train/bbox_annotations/106a.xml,DM,DM:2,2,road_marking:2,yes,9b22607fb896583714c4ce4277026eb4ffa48541c423ad63d7cc90e22be0f4fe,,unique,audited_source_training_record,pre_split_source_candidate
106b,data/raw/v2/ceymo/train/extracted/train/images/106b.jpg,data/raw/v2/ceymo/train/extracted/train/bbox_annotations/106b.xml,DM,DM:2,2,road_marking:2,yes,4350d0c1955e8406fa89bcc85a45242f93327c78d16950cf50ce12c4cb3386e4,,unique,audited_source_training_record,pre_split_source_candidate
107,data/raw/v2/ceymo/train/extracted/train/images/107.jpg,data/raw/v2/ceymo/train/extracted/train/bbox_annotations/107.xml,DM,DM:2,2,road_marking:2,yes,d8f204b20a62c00ad7c5b5f8dd45233bb21ca17d4aca6801519a8bd372132193,,unique,audited_source_training_record,pre_split_source_candidate
107a,data/raw/v2/ceymo/train/extracted/train/images/107a.jpg,data/raw/v2/ceymo/train/extracted/train/bbox_annotations/107a.xml,DM,DM:2,2,road_marking:2,yes,12c3395932fce22f64c67d86944f593f8801ad38878709823c5338dc62bb7d74,,unique,audited_source_training_record,pre_split_source_candidate
107b,data/raw/v2/ceymo/train/extracted/train/images/107b.jpg,data/raw/v2/ceymo/train/extracted/train/bbox_annotations/107b.xml,DM,DM:2,2,road_marking:2,yes,3a7ffb1ee0d0fada72bb632ffa46bd62b61791ba6cccacd119b457bc87e254d9,,unique,audited_source_training_record,pre_split_source_candidate
108,data/raw/v2/ceymo/train/extracted/train/images/108.jpg,data/raw/v2/ceymo/train/extracted/train/bbox_annotations/108.xml,PC,PC:1,1,road_marking:1,yes,5f5b60e7ad7efd2147ed6a48f074423387988ccf05d8134dd87d4c0da25d1fd1,,unique,audited_source_training_record,pre_split_source_candidate
108a,data/raw/v2/ceymo/train/extracted/train/images/108a.jpg,data/raw/v2/ceymo/train/extracted/train/bbox_annotations/108a.xml,PC,PC:1,1,road_marking:1,yes,a80ff818098759f76c3ac92542c9c05a397bd50440f4b53bbc15e683680b2bdf,,unique,audited_source_training_record,pre_split_source_candidate
108b,data/raw/v2/ceymo/train/extracted/train/images/108b.jpg,data/raw/v2/ceymo/train/extracted/train/bbox_annotations/108b.xml,PC,PC:1,1,road_marking:1,yes,46439a95bece9c262769de355ce7ae2950ed9bbc0818c6943b2a2c195af32557,,unique,audited_source_training_record,pre_split_source_candidate
109,data/raw/v2/ceymo/train/extracted/train/images/109.jpg,data/raw/v2/ceymo/train/extracted/train/bbox_annotations/109.xml,DM,DM:2,2,road_marking:2,yes,ef69cf5345fe4695b9f7d52b5b67a57666461fcf769951c4a827786859c357ec,,unique,audited_source_training_record,pre_split_source_candidate
109a,data/raw/v2/ceymo/train/extracted/train/images/109a.jpg,data/raw/v2/ceymo/train/extracted/train/bbox_annotations/109a.xml,DM,DM:2,2,road_marking:2,yes,0f772c7ec7a3e7cb180d8cf5063a78bad3ef326f9d4ae359f5f0a399872997af,,unique,audited_source_training_record,pre_split_source_candidate
109b,data/raw/v2/ceymo/train/extracted/train/images/109b.jpg,data/raw/v2/ceymo/train/extracted/train/bbox_annotations/109b.xml,DM,DM:2,2,road_marking:2,yes,2cee065c2036f9e5140a1903694902b65ccd32d928e9d7e5e0ce4bd1e401b116,,unique,audited_source_training_record,pre_split_source_candidate
10a,data/raw/v2/ceymo/train/extracted/train/images/10a.jpg,data/raw/v2/ceymo/train/extracted/train/bbox_annotations/10a.xml,PC,PC:1,1,road_marking:1,yes,100359ae182dc40778d195e27287d8547e5d4d5cdd45117a6fe28deec94ed5d2,,unique,audited_source_training_record,pre_split_source_candidate
10b,data/raw/v2/ceymo/train/extracted/train/images/10b.jpg,data/raw/v2/ceymo/train/extracted/train/bbox_annotations/10b.xml,PC,PC:1,1,road_marking:1,yes,0c9f04c7768e32dbea6a797e120b2a2771423b84175a91902f47157d6efef192,,unique,audited_source_training_record,pre_split_source_candidate
11,data/raw/v2/ceymo/train/extracted/train/images/11.jpg,data/raw/v2/ceymo/train/extracted/train/bbox_annotations/11.xml,PC,PC:1,1,road_marking:1,yes,dc50803baa13577fb9e64df8f18bbe01322b6df932e9472cdf30a2525de116d4,,unique,audited_source_training_record,pre_split_source_candidate
110,data/raw/v2/ceymo/train/extracted/train/images/110.jpg,data/raw/v2/ceymo/train/extracted/train/bbox_annotations/110.xml,PC,PC:1,1,road_marking:1,yes,359865a32c2b618553bb230c5e6dfa0758784168a26d8655f210fb6a9c69baa3,,unique,audited_source_training_record,pre_split_source_candidate
110a,data/raw/v2/ceymo/train/extracted/train/images/110a.jpg,data/raw/v2/ceymo/train/extracted/train/bbox_annotations/110a.xml,PC,PC:1,1,road_marking:1,yes,e98552e9146779bfe97697308feee04dabf6f4eb454b75e8711abb988bea8c22,,unique,audited_source_training_record,pre_split_source_candidate
110b,data/raw/v2/ceymo/train/extracted/train/images/110b.jpg,data/raw/v2/ceymo/train/extracted/train/bbox_annotations/110b.xml,PC,PC:1,1,road_marking:1,yes,3be8b985fed1197d8528953f1bbdae6e1c50e356e4f68caf83c408d40fc37e63,,unique,audited_source_training_record,pre_split_source_candidate
111,data/raw/v2/ceymo/train/extracted/train/images/111.jpg,data/raw/v2/ceymo/train/extracted/train/bbox_annotations/111.xml,PC,PC:1,1,road_marking:1,yes,a4cac01f68c3052100564cc47ba67cd952524410cd589fe1adb2178389092e63,,unique,audited_source_training_record,pre_split_source_candidate
112,data/raw/v2/ceymo/train/extracted/train/images/112.jpg,data/raw/v2/ceymo/train/extracted/train/bbox_annotations/112.xml,DM,DM:2,2,road_marking:2,yes,8d878c43f9cddbbb9d0a3dedb3ed2ffaaafe768de9ebb1df152c480e3edb7333,,unique,audited_source_training_record,pre_split_source_candidate
112a,data/raw/v2/ceymo/train/extracted/train/images/112a.jpg,data/raw/v2/ceymo/train/extracted/train/bbox_annotations/112a.xml,DM,DM:2,2,road_marking:2,yes,e496eb08790fc1ef1fb09c7a78ea1f28d1d31974abe8249974420401af682f9a,,unique,audited_source_training_record,pre_split_source_candidate
112b,data/raw/v2/ceymo/train/extracted/train/images/112b.jpg,data/raw/v2/ceymo/train/extracted/train/bbox_annotations/112b.xml,DM,DM:2,2,road_marking:2,yes,ec7911099666be9372a1c367d65531e06846727e3fdcb1c618eb3ad433d9ea1a,,unique,audited_source_training_record,pre_split_source_candidate
113,data/raw/v2/ceymo/train/extracted/train/images/113.jpg,data/raw/v2/ceymo/train/extracted/train/bbox_annotations/113.xml,PC,PC:1,1,road_marking:1,yes,3485a1407507de1e1572088625f06bdfcf4b0ef513e87f9234be9eed442bbc0b,,unique,audited_source_training_record,pre_split_source_candidate
114,data/raw/v2/ceymo/train/extracted/train/images/114.jpg,data/raw/v2/ceymo/train/extracted/train/bbox_annotations/114.xml,SA,SA:1,1,road_marking:1,yes,cad04c20cb21e0c5812cb9619dc56eccb1bb784e1f88b2997b02fa90e2e20716,,unique,audited_source_training_record,pre_split_source_candidate
114a,data/raw/v2/ceymo/train/extracted/train/images/114a.jpg,data/raw/v2/ceymo/train/extracted/train/bbox_annotations/114a.xml,SA,SA:1,1,road_marking:1,yes,3b528f64261efa53d5add9cedcdc5e8783cbba57a3d0ccfc52de3d7193110ced,,unique,audited_source_training_record,pre_split_source_candidate
114b,data/raw/v2/ceymo/train/extracted/train/images/114b.jpg,data/raw/v2/ceymo/train/extracted/train/bbox_annotations/114b.xml,SA,SA:1,1,road_marking:1,yes,bde0adf7e31843685d034a7eca46cbe259c32c02e3bcd37eab1f33d097b361ee,,unique,audited_source_training_record,pre_split_source_candidate
115,data/raw/v2/ceymo/train/extracted/train/images/115.jpg,data/raw/v2/ceymo/train/extracted/train/bbox_annotations/115.xml,SA,SA:1,1,road_marking:1,yes,79f549928f8020debfdf883233b10dedd7458fc915b8e2ba203f844199857188,,unique,audited_source_training_record,pre_split_source_candidate
115a,data/raw/v2/ceymo/train/extracted/train/images/115a.jpg,data/raw/v2/ceymo/train/extracted/train/bbox_annotations/115a.xml,SA,SA:2,2,road_marking:2,yes,0e3fb3a3536215e042afdf2ac9554228974321372cce363109ee37af1cb6da7a,,unique,audited_source_training_record,pre_split_source_candidate
115b,data/raw/v2/ceymo/train/extracted/train/images/115b.jpg,data/raw/v2/ceymo/train/extracted/train/bbox_annotations/115b.xml,SA,SA:2,2,road_marking:2,yes,d2797c37f884143abdcee64f20f4a2dc02ce99a22018faa0cc827b6b39d90cb5,,unique,audited_source_training_record,pre_split_source_candidate
115c,data/raw/v2/ceymo/train/extracted/train/images/115c.jpg,data/raw/v2/ceymo/train/extracted/train/bbox_annotations/115c.xml,SA,SA:2,2,road_marking:2,yes,d4fea0a2ba2c0f1b79c398d6fa7ba9ac03f057bf9af94dc181ab8d6c262152f3,,unique,audited_source_training_record,pre_split_source_candidate
116,data/raw/v2/ceymo/train/extracted/train/images/116.jpg,data/raw/v2/ceymo/train/extracted/train/bbox_annotations/116.xml,SA,SA:2,2,road_marking:2,yes,9ea88c5021ce58b085b672822280b5383b7cd1957c0b3f716af9cb5a7b8005a8,,unique,audited_source_training_record,pre_split_source_candidate
116a,data/raw/v2/ceymo/train/extracted/train/images/116a.jpg,data/raw/v2/ceymo/train/extracted/train/bbox_annotations/116a.xml,SA,SA:2,2,road_marking:2,yes,0f914502cef2ff3d953defbf97a46bdf186c0c8d196ed0eb3c3306ddab39fdec,,unique,audited_source_training_record,pre_split_source_candidate
116b,data/raw/v2/ceymo/train/extracted/train/images/116b.jpg,data/raw/v2/ceymo/train/extracted/train/bbox_annotations/116b.xml,SA,SA:2,2,road_marking:2,yes,08e6f228c872820c5b484eaeb87c239563f0c6b885891043a7fda21b225ada01,,unique,audited_source_training_record,pre_split_source_candidate
116c,data/raw/v2/ceymo/train/extracted/train/images/116c.jpg,data/raw/v2/ceymo/train/extracted/train/bbox_annotations/116c.xml,SA,SA:2,2,road_marking:2,yes,ec840b3ca8e9b17024b11289f61c37ba8606bbfa0015e2b216fba99b477fbdf9,,unique,audited_source_training_record,pre_split_source_candidate
117,data/raw/v2/ceymo/train/extracted/train/images/117.jpg,data/raw/v2/ceymo/train/extracted/train/bbox_annotations/117.xml,SA,SA:1,1,road_marking:1,yes,3fefe7598c2febb804081cff072a39c982e3a43c8305ef8ab083a04646d7208f,,unique,audited_source_training_record,pre_split_source_candidate
117a,data/raw/v2/ceymo/train/extracted/train/images/117a.jpg,data/raw/v2/ceymo/train/extracted/train/bbox_annotations/117a.xml,SA,SA:1,1,road_marking:1,yes,85f0d81301669b54c75874449e53a1791257d8a03150ed22364101f9af5d39ca,,unique,audited_source_training_record,pre_split_source_candidate
117b,data/raw/v2/ceymo/train/extracted/train/images/117b.jpg,data/raw/v2/ceymo/train/extracted/train/bbox_annotations/117b.xml,SA,SA:1,1,road_marking:1,yes,05d3d3aae96791507b28af67b48f8b0a3441951ff0f832578d8117a97937a78a,,unique,audited_source_training_record,pre_split_source_candidate
117c,data/raw/v2/ceymo/train/extracted/train/images/117c.jpg,data/raw/v2/ceymo/train/extracted/train/bbox_annotations/117c.xml,SA,SA:1,1,road_marking:1,yes,f7cee2de58c265ee05a193c51511d8ad617882608f454367e3c8dfd91a76e4d4,,unique,audited_source_training_record,pre_split_source_candidate
117d,data/raw/v2/ceymo/train/extracted/train/images/117d.jpg,data/raw/v2/ceymo/train/extracted/train/bbox_annotations/117d.xml,SA,SA:1,1,road_marking:1,yes,9db694fdc609575f128b72ca8de2be35e35ab2d21405a41e3319144c034fd0ac,,unique,audited_source_training_record,pre_split_source_candidate
118,data/raw/v2/ceymo/train/extracted/train/images/118.jpg,data/raw/v2/ceymo/train/extracted/train/bbox_annotations/118.xml,BL;SA,BL:1;SA:1,2,road_marking:2,yes,05d27c313056a950d92b76eea08de5679bd587899a33cc37bd4244f2e80f5945,,unique,audited_source_training_record,pre_split_source_candidate
118a,data/raw/v2/ceymo/train/extracted/train/images/118a.jpg,data/raw/v2/ceymo/train/extracted/train/bbox_annotations/118a.xml,BL;SA,BL:1;SA:1,2,road_marking:2,yes,9ad4ad54a3150fb1c2993c9ca91b2e6c744d0fe4b565b07220bdeb602807bb3c,,unique,audited_source_training_record,pre_split_source_candidate
118b,data/raw/v2/ceymo/train/extracted/train/images/118b.jpg,data/raw/v2/ceymo/train/extracted/train/bbox_annotations/118b.xml,BL,BL:1,1,road_marking:1,yes,0c81596615f36ecbc49954187881b1a4c501cf6ce99681dcbfede13e963b14be,,unique,audited_source_training_record,pre_split_source_candidate
119,data/raw/v2/ceymo/train/extracted/train/images/119.jpg,data/raw/v2/ceymo/train/extracted/train/bbox_annotations/119.xml,JB,JB:1,1,road_marking:1,yes,6657d76269a8c2077d18bde8fe94bf348ef199bfc7ce67ff1d60915e27cf71b8,,unique,audited_source_training_record,pre_split_source_candidate
119a,data/raw/v2/ceymo/train/extracted/train/images/119a.jpg,data/raw/v2/ceymo/train/extracted/train/bbox_annotations/119a.xml,JB,JB:1,1,road_marking:1,yes,0bf13cc256704da49d40ec9b57b63201baeb62c9e2209d6f8eb29d05682d76f8,,unique,audited_source_training_record,pre_split_source_candidate
11a,data/raw/v2/ceymo/train/extracted/train/images/11a.jpg,data/raw/v2/ceymo/train/extracted/train/bbox_annotations/11a.xml,PC,PC:1,1,road_marking:1,yes,2f59cdfe59ed8cccbbf74dd4ab59b248acc2fec5543eb964dea6dc8a0d6797c8,,unique,audited_source_training_record,pre_split_source_candidate
11b,data/raw/v2/ceymo/train/extracted/train/images/11b.jpg,data/raw/v2/ceymo/train/extracted/train/bbox_annotations/11b.xml,PC,PC:1,1,road_marking:1,yes,3c3243b5343f84be7d5f78417c3d6456796b994b754c61c87215fdba06930e57,,unique,audited_source_training_record,pre_split_source_candidate
12,data/raw/v2/ceymo/train/extracted/train/images/12.jpg,data/raw/v2/ceymo/train/extracted/train/bbox_annotations/12.xml,RA,RA:1,1,road_marking:1,yes,246eb68c33cf2c9b1ed172afcfdcc6b84d7f3d7359925a15759a8c86bfa55433,,unique,audited_source_training_record,pre_split_source_candidate
121,data/raw/v2/ceymo/train/extracted/train/images/121.jpg,data/raw/v2/ceymo/train/extracted/train/bbox_annotations/121.xml,BL;SA,BL:1;SA:1,2,road_marking:2,yes,40e1a70980ee1238e80ce78871972bfe0d6aafce2ec4e37c683d979252218e98,,unique,audited_source_training_record,pre_split_source_candidate
121a,data/raw/v2/ceymo/train/extracted/train/images/121a.jpg,data/raw/v2/ceymo/train/extracted/train/bbox_annotations/121a.xml,BL;SA,BL:1;SA:1,2,road_marking:2,yes,880e4636ad2390c494bb6376a19fbc439370099f04b84a0da0ea1362894db181,,unique,audited_source_training_record,pre_split_source_candidate
121b,data/raw/v2/ceymo/train/extracted/train/images/121b.jpg,data/raw/v2/ceymo/train/extracted/train/bbox_annotations/121b.xml,BL,BL:1,1,road_marking:1,yes,defd535f188b24aa69ef21b31e9ebc02f635bd6c16615bbfd4b4c6e474d96e9b,,unique,audited_source_training_record,pre_split_source_candidate
122,data/raw/v2/ceymo/train/extracted/train/images/122.jpg,data/raw/v2/ceymo/train/extracted/train/bbox_annotations/122.xml,BL;SA,BL:1;SA:1,2,road_marking:2,yes,e4fb1fb27cdef02b02bb4a0c30f9ed8438686138f4f84816b6c06f7445a3d736,,unique,audited_source_training_record,pre_split_source_candidate
122a,data/raw/v2/ceymo/train/extracted/train/images/122a.jpg,data/raw/v2/ceymo/train/extracted/train/bbox_annotations/122a.xml,BL;SA,BL:1;SA:1,2,road_marking:2,yes,2cfe796794d8e3f47c3554f4edf00cd146ce99328201c1b47a6ee85b4e175ef3,,unique,audited_source_training_record,pre_split_source_candidate
122b,data/raw/v2/ceymo/train/extracted/train/images/122b.jpg,data/raw/v2/ceymo/train/extracted/train/bbox_annotations/122b.xml,BL,BL:1,1,road_marking:1,yes,7a701e1a05db5450050d953e7fce726ce3dd103811161c2948c6f19c8e5c0165,,unique,audited_source_training_record,pre_split_source_candidate
123,data/raw/v2/ceymo/train/extracted/train/images/123.jpg,data/raw/v2/ceymo/train/extracted/train/bbox_annotations/123.xml,PC,PC:1,1,road_marking:1,yes,0e633d9eab796c9d857156937dd391da5feb7aedc68d09e3d22920b89b166ef8,,unique,audited_source_training_record,pre_split_source_candidate
123a,data/raw/v2/ceymo/train/extracted/train/images/123a.jpg,data/raw/v2/ceymo/train/extracted/train/bbox_annotations/123a.xml,PC,PC:1,1,road_marking:1,yes,a9d989032fe155a9baaf7f454c18377b12f6bc20b47aaa334d71e7a4e3c83b6e,,unique,audited_source_training_record,pre_split_source_candidate
123b,data/raw/v2/ceymo/train/extracted/train/images/123b.jpg,data/raw/v2/ceymo/train/extracted/train/bbox_annotations/123b.xml,PC,PC:1,1,road_marking:1,yes,b3e65e77468b167a94cbc26a30802e6e943e99277be3afa732f70ad4a6db52d9,,unique,audited_source_training_record,pre_split_source_candidate
124,data/raw/v2/ceymo/train/extracted/train/images/124.jpg,data/raw/v2/ceymo/train/extracted/train/bbox_annotations/124.xml,BL;SA,BL:1;SA:1,2,road_marking:2,yes,3f6d7039715db7da1b25ab8140c092e226b9dfd4c31f2ac349573de1c0e0d1ab,,unique,audited_source_training_record,pre_split_source_candidate
124a,data/raw/v2/ceymo/train/extracted/train/images/124a.jpg,data/raw/v2/ceymo/train/extracted/train/bbox_annotations/124a.xml,BL;SA,BL:1;SA:1,2,road_marking:2,yes,12cb27f5faa2bf128733956c8a4cfd541c4bf45e280893eb33c5b7c817ba44c2,,unique,audited_source_training_record,pre_split_source_candidate
124b,data/raw/v2/ceymo/train/extracted/train/images/124b.jpg,data/raw/v2/ceymo/train/extracted/train/bbox_annotations/124b.xml,BL,BL:1,1,road_marking:1,yes,61ccdc335dd87f5eaad394faae6b4075e6335dca08dddd9e92ec660053a40977,,unique,audited_source_training_record,pre_split_source_candidate
125,data/raw/v2/ceymo/train/extracted/train/images/125.jpg,data/raw/v2/ceymo/train/extracted/train/bbox_annotations/125.xml,BL;DM;SA,BL:1;DM:3;SA:1,5,road_marking:5,yes,d7a39e9b46239f4626fec1ba5046e351d662198d767d965526c5cd87cd4e77e3,,unique,audited_source_training_record,pre_split_source_candidate
125a,data/raw/v2/ceymo/train/extracted/train/images/125a.jpg,data/raw/v2/ceymo/train/extracted/train/bbox_annotations/125a.xml,BL;DM;SA,BL:1;DM:3;SA:1,5,road_marking:5,yes,4db5a1d4bd36b62efd70163341fa60d6f017488d96a33adbfc969a4f4114eaf0,,unique,audited_source_training_record,pre_split_source_candidate
125b,data/raw/v2/ceymo/train/extracted/train/images/125b.jpg,data/raw/v2/ceymo/train/extracted/train/bbox_annotations/125b.xml,BL;DM;SA,BL:1;DM:3;SA:1,5,road_marking:5,yes,48fa5fdd658726bf17b386fa55e778f95ec1684df0c59d52920e72c6ca8f6233,,unique,audited_source_training_record,pre_split_source_candidate
126,data/raw/v2/ceymo/train/extracted/train/images/126.jpg,data/raw/v2/ceymo/train/extracted/train/bbox_annotations/126.xml,BL;SA,BL:1;SA:1,2,road_marking:2,yes,9844d1b6812d50e6b7a59092d2fe6d48100762340320bcce282f719298820966,,unique,audited_source_training_record,pre_split_source_candidate
126a,data/raw/v2/ceymo/train/extracted/train/images/126a.jpg,data/raw/v2/ceymo/train/extracted/train/bbox_annotations/126a.xml,BL;SA,BL:1;SA:1,2,road_marking:2,yes,6ebe1fcd1b04084a67a2af2fc2a6c079d4c16c693302e0c680b6b076bcb5c522,,unique,audited_source_training_record,pre_split_source_candidate
126b,data/raw/v2/ceymo/train/extracted/train/images/126b.jpg,data/raw/v2/ceymo/train/extracted/train/bbox_annotations/126b.xml,BL,BL:1,1,road_marking:1,yes,9598a59e4f2a77de4ac29856c545a1b0629927f8db517063b3f1391f1535c31f,,unique,audited_source_training_record,pre_split_source_candidate
127,data/raw/v2/ceymo/train/extracted/train/images/127.jpg,data/raw/v2/ceymo/train/extracted/train/bbox_annotations/127.xml,JB,JB:1,1,road_marking:1,yes,1e895e8251c7992eebc045a4506f9ab89dd3af2ef2d47b09ca1ba94e48efaff9,,unique,audited_source_training_record,pre_split_source_candidate
127a,data/raw/v2/ceymo/train/extracted/train/images/127a.jpg,data/raw/v2/ceymo/train/extracted/train/bbox_annotations/127a.xml,JB,JB:1,1,road_marking:1,yes,07ced6becfe38b2a05402f36bc4ae5dbc4fb8ac32a8afb69ca9c8bcc015a2410,,unique,audited_source_training_record,pre_split_source_candidate
128,data/raw/v2/ceymo/train/extracted/train/images/128.jpg,data/raw/v2/ceymo/train/extracted/train/bbox_annotations/128.xml,BL,BL:1,1,road_marking:1,yes,75182bdf9441d31baea425992ee13c8c044241966d018588a579dc8c15a1ce62,,unique,audited_source_training_record,pre_split_source_candidate
128a,data/raw/v2/ceymo/train/extracted/train/images/128a.jpg,data/raw/v2/ceymo/train/extracted/train/bbox_annotations/128a.xml,BL;SA,BL:1;SA:1,2,road_marking:2,yes,f66116c592d72f21bec76521a8f2d870ee3c1702a81d7699d41ceaf0f0d61a40,,unique,audited_source_training_record,pre_split_source_candidate
128b,data/raw/v2/ceymo/train/extracted/train/images/128b.jpg,data/raw/v2/ceymo/train/extracted/train/bbox_annotations/128b.xml,BL;SA,BL:1;SA:1,2,road_marking:2,yes,6bff8f28c88db74dfd82b2a19a4ea4fe6d0ba8996d9365d71f2b82e48ed95d2e,,unique,audited_source_training_record,pre_split_source_candidate
12a,data/raw/v2/ceymo/train/extracted/train/images/12a.jpg,data/raw/v2/ceymo/train/extracted/train/bbox_annotations/12a.xml,RA;SA,RA:1;SA:1,2,road_marking:2,yes,f9818c1451d6c1d62f924585c467a13b9735aa78cb8a1b1520cac0ee1a14dd18,,unique,audited_source_training_record,pre_split_source_candidate
12b,data/raw/v2/ceymo/train/extracted/train/images/12b.jpg,data/raw/v2/ceymo/train/extracted/train/bbox_annotations/12b.xml,RA;SA,RA:1;SA:1,2,road_marking:2,yes,5e3405978b6b9195c9a120ff3b0b34375e3c7a27292a70e5b6f9cd3586689fbb,,unique,audited_source_training_record,pre_split_source_candidate
12c,data/raw/v2/ceymo/train/extracted/train/images/12c.jpg,data/raw/v2/ceymo/train/extracted/train/bbox_annotations/12c.xml,RA;SA,RA:1;SA:1,2,road_marking:2,yes,44a7f6f583573e3f9c67ab5a1733d83878283fafab48dd3a4c304d259748ecf7,,unique,audited_source_training_record,pre_split_source_candidate
13,data/raw/v2/ceymo/train/extracted/train/images/13.jpg,data/raw/v2/ceymo/train/extracted/train/bbox_annotations/13.xml,RA,RA:1,1,road_marking:1,yes,821cdf18321a45894e8985891a928cc3662a61a164bc474c6d1f7dea14b4628c,,unique,audited_source_training_record,pre_split_source_candidate
130,data/raw/v2/ceymo/train/extracted/train/images/130.jpg,data/raw/v2/ceymo/train/extracted/train/bbox_annotations/130.xml,JB,JB:1,1,road_marking:1,yes,3745880a4575809257471119a8ac4ee439a0615cb11c21ad72766666c81743d4,,unique,audited_source_training_record,pre_split_source_candidate
130a,data/raw/v2/ceymo/train/extracted/train/images/130a.jpg,data/raw/v2/ceymo/train/extracted/train/bbox_annotations/130a.xml,JB,JB:1,1,road_marking:1,yes,6933d43c0eaac22c5abeef45ad15bf6e2b3a99c464bdc30b1979ef7ccff2034d,,unique,audited_source_training_record,pre_split_source_candidate
130b,data/raw/v2/ceymo/train/extracted/train/images/130b.jpg,data/raw/v2/ceymo/train/extracted/train/bbox_annotations/130b.xml,JB,JB:1,1,road_marking:1,yes,0907467c2ea4103ef7fb8c9223a9545eb54f103c5b0007aa5988a6c7bc30e76c,,unique,audited_source_training_record,pre_split_source_candidate
132,data/raw/v2/ceymo/train/extracted/train/images/132.jpg,data/raw/v2/ceymo/train/extracted/train/bbox_annotations/132.xml,BL,BL:1,1,road_marking:1,yes,0ff9cb8644ac9e631c4e65fa69bc59b0a7d3682ff166589fb606e20a4af9cef5,,unique,audited_source_training_record,pre_split_source_candidate
132a,data/raw/v2/ceymo/train/extracted/train/images/132a.jpg,data/raw/v2/ceymo/train/extracted/train/bbox_annotations/132a.xml,BL;SA,BL:1;SA:1,2,road_marking:2,yes,347393bbfd5dc6ad230d7756e85eefcb766bf1101e61b209471f9ca0716d0ac6,,unique,audited_source_training_record,pre_split_source_candidate
132b,data/raw/v2/ceymo/train/extracted/train/images/132b.jpg,data/raw/v2/ceymo/train/extracted/train/bbox_annotations/132b.xml,BL;SA,BL:1;SA:1,2,road_marking:2,yes,49dcb23c2a4c270af06abe5b2c82cd300f6c8fda6d07ce3139c80cd30e376a76,,unique,audited_source_training_record,pre_split_source_candidate
134,data/raw/v2/ceymo/train/extracted/train/images/134.jpg,data/raw/v2/ceymo/train/extracted/train/bbox_annotations/134.xml,SA;SLA,SA:2;SLA:1,3,road_marking:3,yes,fb42fa6e330f22b7f06fc74bdc2ad218776433139a35c3c92551d91013b5f036,,unique,audited_source_training_record,pre_split_source_candidate
134a,data/raw/v2/ceymo/train/extracted/train/images/134a.jpg,data/raw/v2/ceymo/train/extracted/train/bbox_annotations/134a.xml,SA;SLA,SA:2;SLA:1,3,road_marking:3,yes,9df22e994258ee909c71b75ebe4297053295f0d5d546b779d9821b815f8337eb,,unique,audited_source_training_record,pre_split_source_candidate
134b,data/raw/v2/ceymo/train/extracted/train/images/134b.jpg,data/raw/v2/ceymo/train/extracted/train/bbox_annotations/134b.xml,SA;SLA,SA:2;SLA:1,3,road_marking:3,yes,875e601fca512ad4dd7c6fb7e37b94c5fb8e534075eb1b7810a9e1e25ecf7483,,unique,audited_source_training_record,pre_split_source_candidate
134c,data/raw/v2/ceymo/train/extracted/train/images/134c.jpg,data/raw/v2/ceymo/train/extracted/train/bbox_annotations/134c.xml,SA;SLA,SA:2;SLA:1,3,road_marking:3,yes,f7d4418db3e09e893ec9d2d5ce7a346938acdb482f2d67c784b762f3a6e3bdcd,,unique,audited_source_training_record,pre_split_source_candidate
134d,data/raw/v2/ceymo/train/extracted/train/images/134d.jpg,data/raw/v2/ceymo/train/extracted/train/bbox_annotations/134d.xml,SA;SLA,SA:2;SLA:1,3,road_marking:3,yes,ff68a9227b51425f5ae6a8c929e448356ed558809366a772703eb9267d460b09,,unique,audited_source_training_record,pre_split_source_candidate
135,data/raw/v2/ceymo/train/extracted/train/images/135.jpg,data/raw/v2/ceymo/train/extracted/train/bbox_annotations/135.xml,RA;SA;SLA,RA:1;SA:2;SLA:1,4,road_marking:4,yes,30185d0cb8efc88c70d90bda8ab41544a3d28b1cf4d41fee58e803829fdfc384,,unique,audited_source_training_record,pre_split_source_candidate
135a,data/raw/v2/ceymo/train/extracted/train/images/135a.jpg,data/raw/v2/ceymo/train/extracted/train/bbox_annotations/135a.xml,RA;SA;SLA,RA:1;SA:2;SLA:1,4,road_marking:4,yes,79efef7ec18b5385cf5fd7a0cd71080a10ddc2b1e4801727587f928b80608b7e,,unique,audited_source_training_record,pre_split_source_candidate
135b,data/raw/v2/ceymo/train/extracted/train/images/135b.jpg,data/raw/v2/ceymo/train/extracted/train/bbox_annotations/135b.xml,RA;SA;SLA,RA:1;SA:4;SLA:1,6,road_marking:6,yes,2077a67a5b0968a164648faa2253e2bcbeb359ce216cdd32e05819207c86a69f,,unique,audited_source_training_record,pre_split_source_candidate
135c,data/raw/v2/ceymo/train/extracted/train/images/135c.jpg,data/raw/v2/ceymo/train/extracted/train/bbox_annotations/135c.xml,RA;SA;SLA,RA:1;SA:4;SLA:2,7,road_marking:7,yes,3484d2ef6ed07c171a78c1f479d6f933e4ceca2ca84a837219d6afc7db66793e,,unique,audited_source_training_record,pre_split_source_candidate
135d,data/raw/v2/ceymo/train/extracted/train/images/135d.jpg,data/raw/v2/ceymo/train/extracted/train/bbox_annotations/135d.xml,RA;SA;SLA,RA:1;SA:4;SLA:2,7,road_marking:7,yes,6b58d4367dec8107021ceb9dd2c69aed07f2eed554ea4b0c17dac95fb94683f9,,unique,audited_source_training_record,pre_split_source_candidate
136,data/raw/v2/ceymo/train/extracted/train/images/136.jpg,data/raw/v2/ceymo/train/extracted/train/bbox_annotations/136.xml,RA;SA;SLA,RA:1;SA:4;SLA:2,7,road_marking:7,yes,568f90d772da2163e0f46863585524f7d558133bec06f606a5e016164d986647,,unique,audited_source_training_record,pre_split_source_candidate
136a,data/raw/v2/ceymo/train/extracted/train/images/136a.jpg,data/raw/v2/ceymo/train/extracted/train/bbox_annotations/136a.xml,RA;SA;SLA,RA:1;SA:4;SLA:2,7,road_marking:7,yes,a44a996f6f773e465cd1b3c8441da391ac749a82cb80520af5e4d72254c4d40b,,unique,audited_source_training_record,pre_split_source_candidate
136b,data/raw/v2/ceymo/train/extracted/train/images/136b.jpg,data/raw/v2/ceymo/train/extracted/train/bbox_annotations/136b.xml,RA;SA;SLA,RA:1;SA:4;SLA:2,7,road_marking:7,yes,cb643f8c452456d9063d62cc801657a67a45801b229544850ee51a37abaf6e53,,unique,audited_source_training_record,pre_split_source_candidate
136c,data/raw/v2/ceymo/train/extracted/train/images/136c.jpg,data/raw/v2/ceymo/train/extracted/train/bbox_annotations/136c.xml,RA;SA;SLA,RA:1;SA:4;SLA:2,7,road_marking:7,yes,c946035219fb124310dfba60daf4f9dc47684a3373b1e9539f672dea00d56c97,,unique,audited_source_training_record,pre_split_source_candidate
136d,data/raw/v2/ceymo/train/extracted/train/images/136d.jpg,data/raw/v2/ceymo/train/extracted/train/bbox_annotations/136d.xml,RA;SA;SLA,RA:1;SA:4;SLA:2,7,road_marking:7,yes,145844697a13cd9c47d30caa1a5978e87229032b4f3d5d7f6de587aca8e7b9ae,,unique,audited_source_training_record,pre_split_source_candidate
137,data/raw/v2/ceymo/train/extracted/train/images/137.jpg,data/raw/v2/ceymo/train/extracted/train/bbox_annotations/137.xml,RA;SA;SLA,RA:1;SA:2;SLA:1,4,road_marking:4,yes,1e34bf92161b4c0e2dfbfe7d9da2a21889c8acee5a8005a419d1742572e314ba,,unique,audited_source_training_record,pre_split_source_candidate
137a,data/raw/v2/ceymo/train/extracted/train/images/137a.jpg,data/raw/v2/ceymo/train/extracted/train/bbox_annotations/137a.xml,RA;SA;SLA,RA:1;SA:2;SLA:1,4,road_marking:4,yes,83207e705c7908cfefe7021178449e66f75749bbe45d4c625b5829d4ebe8518a,,unique,audited_source_training_record,pre_split_source_candidate
137b,data/raw/v2/ceymo/train/extracted/train/images/137b.jpg,data/raw/v2/ceymo/train/extracted/train/bbox_annotations/137b.xml,RA;SA;SLA,RA:1;SA:2;SLA:1,4,road_marking:4,yes,9bf9bfbc49f8e6533df6ddd26ef5b27ca30516a99603f9662130d5c562bbd950,,unique,audited_source_training_record,pre_split_source_candidate
137c,data/raw/v2/ceymo/train/extracted/train/images/137c.jpg,data/raw/v2/ceymo/train/extracted/train/bbox_annotations/137c.xml,RA;SA;SLA,RA:1;SA:2;SLA:1,4,road_marking:4,yes,eda998033667430b265afa36d02950945ac46705d6ee4dcd952df3f806a1322b,,unique,audited_source_training_record,pre_split_source_candidate
137d,data/raw/v2/ceymo/train/extracted/train/images/137d.jpg,data/raw/v2/ceymo/train/extracted/train/bbox_annotations/137d.xml,RA;SA,RA:1;SA:2,3,road_marking:3,yes,7c531b361cec1b3b34107000900bb0f63287068f6ba709c8e4d2201fbff4194e,,unique,audited_source_training_record,pre_split_source_candidate
138,data/raw/v2/ceymo/train/extracted/train/images/138.jpg,data/raw/v2/ceymo/train/extracted/train/bbox_annotations/138.xml,JB,JB:1,1,road_marking:1,yes,2d1ea6843377fa3613b82fee084fc96ad34525eebfbe8272c5cd956e74d8a12b,,unique,audited_source_training_record,pre_split_source_candidate
138a,data/raw/v2/ceymo/train/extracted/train/images/138a.jpg,data/raw/v2/ceymo/train/extracted/train/bbox_annotations/138a.xml,JB,JB:1,1,road_marking:1,yes,1aa995081155a7561860a54dee94329291ced901827467f76bd9f8cb67aa0bcd,,unique,audited_source_training_record,pre_split_source_candidate
138b,data/raw/v2/ceymo/train/extracted/train/images/138b.jpg,data/raw/v2/ceymo/train/extracted/train/bbox_annotations/138b.xml,JB,JB:1,1,road_marking:1,yes,a5e2118aff4dc6c25337bb7951405e19c96068b6620b80725596261cc6be069f,,unique,audited_source_training_record,pre_split_source_candidate
139,data/raw/v2/ceymo/train/extracted/train/images/139.jpg,data/raw/v2/ceymo/train/extracted/train/bbox_annotations/139.xml,JB,JB:1,1,road_marking:1,yes,3028a09a6f43a51936f8742e36eb56feb3ccc35246750031de8084fd8022fc60,,unique,audited_source_training_record,pre_split_source_candidate
139a,data/raw/v2/ceymo/train/extracted/train/images/139a.jpg,data/raw/v2/ceymo/train/extracted/train/bbox_annotations/139a.xml,JB,JB:1,1,road_marking:1,yes,37cee7895bb5dce7866520900d8fa86705c3413d5f972a0b298119155ecc3acf,,unique,audited_source_training_record,pre_split_source_candidate
139b,data/raw/v2/ceymo/train/extracted/train/images/139b.jpg,data/raw/v2/ceymo/train/extracted/train/bbox_annotations/139b.xml,JB,JB:1,1,road_marking:1,yes,9defc3cc0f6211e4f62b82a25850b9834da437d73b40a821dd5484e8b4c27b87,,unique,audited_source_training_record,pre_split_source_candidate
13a,data/raw/v2/ceymo/train/extracted/train/images/13a.jpg,data/raw/v2/ceymo/train/extracted/train/bbox_annotations/13a.xml,RA,RA:1,1,road_marking:1,yes,bc29047024ca9e0244278e97f759b7d4224f1aabb34e51f7d8c5203a5ba74602,,unique,audited_source_training_record,pre_split_source_candidate
13b,data/raw/v2/ceymo/train/extracted/train/images/13b.jpg,data/raw/v2/ceymo/train/extracted/train/bbox_annotations/13b.xml,RA,RA:1,1,road_marking:1,yes,d9272a6be6764199d6f0df525f9d1196d713174c22ccf4c0eeff2118cc8f2cb9,,unique,audited_source_training_record,pre_split_source_candidate
14,data/raw/v2/ceymo/train/extracted/train/images/14.jpg,data/raw/v2/ceymo/train/extracted/train/bbox_annotations/14.xml,DM,DM:2,2,road_marking:2,yes,2b7e2c04cc80cfff8d23ba748500dc5dea6dec9faa1c7373661ee5c8b18c3e8c,,unique,audited_source_training_record,pre_split_source_candidate
14a,data/raw/v2/ceymo/train/extracted/train/images/14a.jpg,data/raw/v2/ceymo/train/extracted/train/bbox_annotations/14a.xml,DM,DM:2,2,road_marking:2,yes,7a30166663f00f4f0482f98e32d76670010944e238cf4f40d50cb60335002615,,unique,audited_source_training_record,pre_split_source_candidate
15,data/raw/v2/ceymo/train/extracted/train/images/15.jpg,data/raw/v2/ceymo/train/extracted/train/bbox_annotations/15.xml,PC,PC:1,1,road_marking:1,yes,4d026615243b03c7e97bf03422b48a7c5b36436c0abe88e68ca78bb953c95ee6,,unique,audited_source_training_record,pre_split_source_candidate
151,data/raw/v2/ceymo/train/extracted/train/images/151.jpg,data/raw/v2/ceymo/train/extracted/train/bbox_annotations/151.xml,DM,DM:3,3,road_marking:3,yes,80b182382c25734a8a0dc53633aa14800c9c64e07c12614e405fe56898e13d79,,unique,audited_source_training_record,pre_split_source_candidate
151a,data/raw/v2/ceymo/train/extracted/train/images/151a.jpg,data/raw/v2/ceymo/train/extracted/train/bbox_annotations/151a.xml,DM,DM:3,3,road_marking:3,yes,9e6d39955ebd3433b99f4780bf4ef54bcdc9fee6f3035dea655d4a76c46511c6,,unique,audited_source_training_record,pre_split_source_candidate
152,data/raw/v2/ceymo/train/extracted/train/images/152.jpg,data/raw/v2/ceymo/train/extracted/train/bbox_annotations/152.xml,BL,BL:1,1,road_marking:1,yes,8b08f543e447767eedbb262aa9ad9f8fdab5927d65f782ab82c14a35abc2dbf2,,unique,audited_source_training_record,pre_split_source_candidate
152a,data/raw/v2/ceymo/train/extracted/train/images/152a.jpg,data/raw/v2/ceymo/train/extracted/train/bbox_annotations/152a.xml,BL;SA,BL:1;SA:1,2,road_marking:2,yes,c490c2a5517591e43112d5620395d34bb70b3cc56278e5b2c71094fcd46236a4,,unique,audited_source_training_record,pre_split_source_candidate
153,data/raw/v2/ceymo/train/extracted/train/images/153.jpg,data/raw/v2/ceymo/train/extracted/train/bbox_annotations/153.xml,JB,JB:1,1,road_marking:1,yes,e5baa6934ce7d8235fff2a404091b3344f8b224d90312fb74d757defd7416462,,unique,audited_source_training_record,pre_split_source_candidate
153a,data/raw/v2/ceymo/train/extracted/train/images/153a.jpg,data/raw/v2/ceymo/train/extracted/train/bbox_annotations/153a.xml,JB,JB:1,1,road_marking:1,yes,97ac1c65a2782871394d2bc892e5fb00c72f48116a179279d7a46f01f45917c5,,unique,audited_source_training_record,pre_split_source_candidate
153b,data/raw/v2/ceymo/train/extracted/train/images/153b.jpg,data/raw/v2/ceymo/train/extracted/train/bbox_annotations/153b.xml,JB,JB:1,1,road_marking:1,yes,f7d1b7e8b0b1b45bf3abccd422d6a8aac180368bc225098fe660d7842209d8c9,,unique,audited_source_training_record,pre_split_source_candidate
154,data/raw/v2/ceymo/train/extracted/train/images/154.jpg,data/raw/v2/ceymo/train/extracted/train/bbox_annotations/154.xml,BL,BL:1,1,road_marking:1,yes,171fda65c7f3a650562651401f26a5df95757df3123f909a0e8e7e46046caab3,,unique,audited_source_training_record,pre_split_source_candidate
154a,data/raw/v2/ceymo/train/extracted/train/images/154a.jpg,data/raw/v2/ceymo/train/extracted/train/bbox_annotations/154a.xml,BL;SA,BL:1;SA:1,2,road_marking:2,yes,7fe381fa3847a188b0bdc0901c5b7eed7d839b138f678d3ef4982f4ef900af42,,unique,audited_source_training_record,pre_split_source_candidate
154b,data/raw/v2/ceymo/train/extracted/train/images/154b.jpg,data/raw/v2/ceymo/train/extracted/train/bbox_annotations/154b.xml,BL;SA,BL:1;SA:1,2,road_marking:2,yes,791113b08c429cbd0b79e6471cd7e0b6edc25db29b86633af27b9cb29c874183,,unique,audited_source_training_record,pre_split_source_candidate
155,data/raw/v2/ceymo/train/extracted/train/images/155.jpg,data/raw/v2/ceymo/train/extracted/train/bbox_annotations/155.xml,JB,JB:1,1,road_marking:1,yes,1c890e5ff2082ffa67ed6a48dd162279d147854e0f3d5877fbbb25bb26b9333b,,unique,audited_source_training_record,pre_split_source_candidate
155a,data/raw/v2/ceymo/train/extracted/train/images/155a.jpg,data/raw/v2/ceymo/train/extracted/train/bbox_annotations/155a.xml,JB,JB:1,1,road_marking:1,yes,3b452299295bacd14d0ab6a919b5d5bc3e2dbe67c6e6940b2e2545dcfac3b498,,unique,audited_source_training_record,pre_split_source_candidate
155b,data/raw/v2/ceymo/train/extracted/train/images/155b.jpg,data/raw/v2/ceymo/train/extracted/train/bbox_annotations/155b.xml,JB,JB:1,1,road_marking:1,yes,a62db1b6ea5310725a968d57397b05a1f6af2c9443a7e6f27d19e51a1a761db2,,unique,audited_source_training_record,pre_split_source_candidate
157,data/raw/v2/ceymo/train/extracted/train/images/157.jpg,data/raw/v2/ceymo/train/extracted/train/bbox_annotations/157.xml,JB,JB:1,1,road_marking:1,yes,dcb68a63bca7f004371464de87b0036f74c92322c64ea1af4a549794de4c5639,,unique,audited_source_training_record,pre_split_source_candidate
157a,data/raw/v2/ceymo/train/extracted/train/images/157a.jpg,data/raw/v2/ceymo/train/extracted/train/bbox_annotations/157a.xml,JB,JB:1,1,road_marking:1,yes,f826e8ef09d0aae2b0518847bc81e58837a920ae6012d988c1cf19e3e3f4ccf0,,unique,audited_source_training_record,pre_split_source_candidate
157b,data/raw/v2/ceymo/train/extracted/train/images/157b.jpg,data/raw/v2/ceymo/train/extracted/train/bbox_annotations/157b.xml,JB,JB:1,1,road_marking:1,yes,1ce627e138a3347d2c6f6853b55b5db81782f854f3af219aa8a5bbb628f22a03,,unique,audited_source_training_record,pre_split_source_candidate
158,data/raw/v2/ceymo/train/extracted/train/images/158.jpg,data/raw/v2/ceymo/train/extracted/train/bbox_annotations/158.xml,BL;DM,BL:1;DM:1,2,road_marking:2,yes,97e9d9dbd200a996c45ba8948bc80485cfd55f20721171ffa5fd29c819d9127e,,unique,audited_source_training_record,pre_split_source_candidate
158a,data/raw/v2/ceymo/train/extracted/train/images/158a.jpg,data/raw/v2/ceymo/train/extracted/train/bbox_annotations/158a.xml,BL;DM;SA,BL:1;DM:1;SA:1,3,road_marking:3,yes,2b86230ab112a0b511d1d0e9fc324d076baa56170693b009e97167529443c6fd,,unique,audited_source_training_record,pre_split_source_candidate
158b,data/raw/v2/ceymo/train/extracted/train/images/158b.jpg,data/raw/v2/ceymo/train/extracted/train/bbox_annotations/158b.xml,BL;DM;SA,BL:1;DM:1;SA:1,3,road_marking:3,yes,e69003c46cbcd4f94380b54785b5ef041048df4ae36cb3614b2e55a65a723ed2,,unique,audited_source_training_record,pre_split_source_candidate
159,data/raw/v2/ceymo/train/extracted/train/images/159.jpg,data/raw/v2/ceymo/train/extracted/train/bbox_annotations/159.xml,BL,BL:1,1,road_marking:1,yes,d63e150bf724c2a7e650b8a58ce9135d50377192fc48730d02eee4e37cd9a76c,,unique,audited_source_training_record,pre_split_source_candidate
159a,data/raw/v2/ceymo/train/extracted/train/images/159a.jpg,data/raw/v2/ceymo/train/extracted/train/bbox_annotations/159a.xml,BL;SA,BL:1;SA:1,2,road_marking:2,yes,19a26e9011527af7a4a07dab90f84ebf08f9974cdce3a8dd6e13ed4b65a5e24b,,unique,audited_source_training_record,pre_split_source_candidate
159b,data/raw/v2/ceymo/train/extracted/train/images/159b.jpg,data/raw/v2/ceymo/train/extracted/train/bbox_annotations/159b.xml,BL;SA,BL:1;SA:1,2,road_marking:2,yes,382302593fcf79c28b6bbfa922ca3cfedf74823978388c8356bea47cfcdc2582,,unique,audited_source_training_record,pre_split_source_candidate
15a,data/raw/v2/ceymo/train/extracted/train/images/15a.jpg,data/raw/v2/ceymo/train/extracted/train/bbox_annotations/15a.xml,PC,PC:1,1,road_marking:1,yes,d58978e7dc9b39dacc0d55a70bc7a9df20d3194e68ed914fc32c93b7e6963c7b,,unique,audited_source_training_record,pre_split_source_candidate
15b,data/raw/v2/ceymo/train/extracted/train/images/15b.jpg,data/raw/v2/ceymo/train/extracted/train/bbox_annotations/15b.xml,PC,PC:1,1,road_marking:1,yes,3435787bea0e3c777c4fcf535634b058c24e25eb94059c86efc427241d41e280,,unique,audited_source_training_record,pre_split_source_candidate
16,data/raw/v2/ceymo/train/extracted/train/images/16.jpg,data/raw/v2/ceymo/train/extracted/train/bbox_annotations/16.xml,JB,JB:1,1,road_marking:1,yes,0dc2158dfc675c93cac5576c62a0c2110dc3305ccec4d14c1bd51a8b8eb54c93,,unique,audited_source_training_record,pre_split_source_candidate
160,data/raw/v2/ceymo/train/extracted/train/images/160.jpg,data/raw/v2/ceymo/train/extracted/train/bbox_annotations/160.xml,BL,BL:1,1,road_marking:1,yes,ec0658120c81bf2bb4b2ec7f1f23cb4f682373c89679da3024fa34c9a789ed96,,unique,audited_source_training_record,pre_split_source_candidate
160a,data/raw/v2/ceymo/train/extracted/train/images/160a.jpg,data/raw/v2/ceymo/train/extracted/train/bbox_annotations/160a.xml,BL;SA,BL:1;SA:1,2,road_marking:2,yes,0b926025d91b68b88a5ded8493da2e8770d8f94fa135cec78bf310c6ccde7ed2,,unique,audited_source_training_record,pre_split_source_candidate
160b,data/raw/v2/ceymo/train/extracted/train/images/160b.jpg,data/raw/v2/ceymo/train/extracted/train/bbox_annotations/160b.xml,BL;SA,BL:1;SA:1,2,road_marking:2,yes,ea77fc87a811af99fb6b6888dfc0841067316334d4219064f22ed2b50e9c4c59,,unique,audited_source_training_record,pre_split_source_candidate
161,data/raw/v2/ceymo/train/extracted/train/images/161.jpg,data/raw/v2/ceymo/train/extracted/train/bbox_annotations/161.xml,JB,JB:1,1,road_marking:1,yes,09aac75f97d8f84af091093a990681396c1c7822c4692bc3a582b65bb77ec45c,,unique,audited_source_training_record,pre_split_source_candidate
161b,data/raw/v2/ceymo/train/extracted/train/images/161b.jpg,data/raw/v2/ceymo/train/extracted/train/bbox_annotations/161b.xml,JB,JB:1,1,road_marking:1,yes,e006d7dab596a884d09f94cc79952a8269d5e26371f7c91bc4d45acba6e30652,,unique,audited_source_training_record,pre_split_source_candidate
162,data/raw/v2/ceymo/train/extracted/train/images/162.jpg,data/raw/v2/ceymo/train/extracted/train/bbox_annotations/162.xml,SA;SLA,SA:2;SLA:1,3,road_marking:3,yes,867c762d5ad76a999ad4d9ab7e596518d564ff6c9b6101f47262b365a71dbfc7,,unique,audited_source_training_record,pre_split_source_candidate
162a,data/raw/v2/ceymo/train/extracted/train/images/162a.jpg,data/raw/v2/ceymo/train/extracted/train/bbox_annotations/162a.xml,SA;SLA,SA:1;SLA:1,2,road_marking:2,yes,80994a1403565ce00d8b754e84fcef0d22fa3e610132a78a236296406b5d135c,,unique,audited_source_training_record,pre_split_source_candidate
162b,data/raw/v2/ceymo/train/extracted/train/images/162b.jpg,data/raw/v2/ceymo/train/extracted/train/bbox_annotations/162b.xml,SA;SLA,SA:2;SLA:1,3,road_marking:3,yes,76b9254e7e14e99eaeee3292fa17a89e0652c50c2ea01d907de42d12dcfccf78,,unique,audited_source_training_record,pre_split_source_candidate
162c,data/raw/v2/ceymo/train/extracted/train/images/162c.jpg,data/raw/v2/ceymo/train/extracted/train/bbox_annotations/162c.xml,SA;SLA,SA:2;SLA:1,3,road_marking:3,yes,97086e136312d476231f964ea03989a50196d5b9b0cfc6be854fe1b8bbdb0d36,,unique,audited_source_training_record,pre_split_source_candidate
162d,data/raw/v2/ceymo/train/extracted/train/images/162d.jpg,data/raw/v2/ceymo/train/extracted/train/bbox_annotations/162d.xml,SA;SLA,SA:2;SLA:1,3,road_marking:3,yes,93dabf54c70bfc402357890a86df01aa569a4089b6d876d3556a6b671ec8d492,,unique,audited_source_training_record,pre_split_source_candidate
163,data/raw/v2/ceymo/train/extracted/train/images/163.jpg,data/raw/v2/ceymo/train/extracted/train/bbox_annotations/163.xml,BL;LA;SA,BL:1;LA:1;SA:4,6,road_marking:6,yes,6ac523e7e64c2b26c834a6b0753f9c47a0bbbdd0fcd32681fb4f74cc6bb9ed81,,unique,audited_source_training_record,pre_split_source_candidate
163a,data/raw/v2/ceymo/train/extracted/train/images/163a.jpg,data/raw/v2/ceymo/train/extracted/train/bbox_annotations/163a.xml,BL;LA;SA,BL:1;LA:1;SA:4,6,road_marking:6,yes,08a16bcaf452ecd99f2b3a4905a1919f1b6e151f3b4da6188eec683357a1dfba,,unique,audited_source_training_record,pre_split_source_candidate
163b,data/raw/v2/ceymo/train/extracted/train/images/163b.jpg,data/raw/v2/ceymo/train/extracted/train/bbox_annotations/163b.xml,BL;LA;SA,BL:1;LA:1;SA:2,4,road_marking:4,yes,87ec88ceefe1c41f17fbb8f88aa3920c2a8a94aad50a5fdefd06764d989e242f,,unique,audited_source_training_record,pre_split_source_candidate
164,data/raw/v2/ceymo/train/extracted/train/images/164.jpg,data/raw/v2/ceymo/train/extracted/train/bbox_annotations/164.xml,LA;SA,LA:2;SA:6,8,road_marking:8,yes,3a62832eea0a75cfb0be7b4e8fc25c0baee194f8b174a71f4f5a50b4cc4994d7,,unique,audited_source_training_record,pre_split_source_candidate
164b,data/raw/v2/ceymo/train/extracted/train/images/164b.jpg,data/raw/v2/ceymo/train/extracted/train/bbox_annotations/164b.xml,LA;SA,LA:2;SA:6,8,road_marking:8,yes,7513e135533a717dccd64b8bf71984babfb2919cdc2fc421d6a0aee0525ef85c,,unique,audited_source_training_record,pre_split_source_candidate
164c,data/raw/v2/ceymo/train/extracted/train/images/164c.jpg,data/raw/v2/ceymo/train/extracted/train/bbox_annotations/164c.xml,LA;SA,LA:2;SA:5,7,road_marking:7,yes,18c4870999743f3265be13955cb489f00d1e2452e55d5cb6f837187fd5805855,,unique,audited_source_training_record,pre_split_source_candidate
165,data/raw/v2/ceymo/train/extracted/train/images/165.jpg,data/raw/v2/ceymo/train/extracted/train/bbox_annotations/165.xml,LA;SA,LA:2;SA:6,8,road_marking:8,yes,7853964b5573fe0a1fa0dc85831c0accd2c9cfdbf8e2f82aed2b4f3da78943f5,,unique,audited_source_training_record,pre_split_source_candidate
165a,data/raw/v2/ceymo/train/extracted/train/images/165a.jpg,data/raw/v2/ceymo/train/extracted/train/bbox_annotations/165a.xml,LA;SA,LA:2;SA:5,7,road_marking:7,yes,5e10cbfcb39a40660a9815a30a853542e7c30df29085e4b0e4be4b28dee49f0b,,unique,audited_source_training_record,pre_split_source_candidate
165b,data/raw/v2/ceymo/train/extracted/train/images/165b.jpg,data/raw/v2/ceymo/train/extracted/train/bbox_annotations/165b.xml,LA;SA,LA:2;SA:6,8,road_marking:8,yes,88e39abb575499c7b7c8199bbaa6546b572b651a07140a3c2bd022fdb48f070b,,unique,audited_source_training_record,pre_split_source_candidate
165d,data/raw/v2/ceymo/train/extracted/train/images/165d.jpg,data/raw/v2/ceymo/train/extracted/train/bbox_annotations/165d.xml,LA;SA,LA:2;SA:4,6,road_marking:6,yes,deb92de92acb6af2e928686549fbcd4aa730c37c5d356eadcc442cba7d4286de,,unique,audited_source_training_record,pre_split_source_candidate
166,data/raw/v2/ceymo/train/extracted/train/images/166.jpg,data/raw/v2/ceymo/train/extracted/train/bbox_annotations/166.xml,LA;SA,LA:1;SA:3,4,road_marking:4,yes,fe502575027f3811104ef0f0dc031c8a422fde64827ab7485031e6dd32676e64,,unique,audited_source_training_record,pre_split_source_candidate
166a,data/raw/v2/ceymo/train/extracted/train/images/166a.jpg,data/raw/v2/ceymo/train/extracted/train/bbox_annotations/166a.xml,LA;SA,LA:1;SA:3,4,road_marking:4,yes,efc2a024fc0eb804c5a6918974fb30f7d8ac56fb9864d432e4f235a0149a5b0a,,unique,audited_source_training_record,pre_split_source_candidate
166b,data/raw/v2/ceymo/train/extracted/train/images/166b.jpg,data/raw/v2/ceymo/train/extracted/train/bbox_annotations/166b.xml,LA;SA,LA:1;SA:3,4,road_marking:4,yes,59453baeb9780ade820d208f3aeb40ab14258845269aa2ea311eaceb64cb68ca,,unique,audited_source_training_record,pre_split_source_candidate
166c,data/raw/v2/ceymo/train/extracted/train/images/166c.jpg,data/raw/v2/ceymo/train/extracted/train/bbox_annotations/166c.xml,LA;SA,LA:1;SA:2,3,road_marking:3,yes,1a5177e40b7f3030460b3099c41c4db0d0c965428982f9bc66776f7d0fb1df3b,,unique,audited_source_training_record,pre_split_source_candidate
167,data/raw/v2/ceymo/train/extracted/train/images/167.jpg,data/raw/v2/ceymo/train/extracted/train/bbox_annotations/167.xml,PC,PC:1,1,road_marking:1,yes,1a7eb89b4a5329e6a873b3665336a220e5375dbc7dca4aae39878fd6a9bad966,,unique,audited_source_training_record,pre_split_source_candidate
167a,data/raw/v2/ceymo/train/extracted/train/images/167a.jpg,data/raw/v2/ceymo/train/extracted/train/bbox_annotations/167a.xml,PC,PC:1,1,road_marking:1,yes,2861dd10eb1235052b7b473e957d88305733703fee8c23cb9be80040c6e7e4f8,,unique,audited_source_training_record,pre_split_source_candidate
167b,data/raw/v2/ceymo/train/extracted/train/images/167b.jpg,data/raw/v2/ceymo/train/extracted/train/bbox_annotations/167b.xml,PC,PC:1,1,road_marking:1,yes,4f823775d6e596e489cf51941044ef42095110f54d1c16ed5596264198005327,,unique,audited_source_training_record,pre_split_source_candidate
168,data/raw/v2/ceymo/train/extracted/train/images/168.jpg,data/raw/v2/ceymo/train/extracted/train/bbox_annotations/168.xml,DM,DM:2,2,road_marking:2,yes,927d683aa08e01e4dc417b2fb36ba55777517f4f5802d0dc2ed5ac4550b35cdf,,unique,audited_source_training_record,pre_split_source_candidate
168a,data/raw/v2/ceymo/train/extracted/train/images/168a.jpg,data/raw/v2/ceymo/train/extracted/train/bbox_annotations/168a.xml,DM,DM:2,2,road_marking:2,yes,d8108fc2fb21cd3d718ee5f20625ce8577a29e79a24f92f24bdde63714df60d8,,unique,audited_source_training_record,pre_split_source_candidate
168b,data/raw/v2/ceymo/train/extracted/train/images/168b.jpg,data/raw/v2/ceymo/train/extracted/train/bbox_annotations/168b.xml,DM,DM:2,2,road_marking:2,yes,274dbcabef036ddd4ad9de624aa6e0c9059bc6bcf8f2444006b48aa3fc459b4f,,unique,audited_source_training_record,pre_split_source_candidate
169,data/raw/v2/ceymo/train/extracted/train/images/169.jpg,data/raw/v2/ceymo/train/extracted/train/bbox_annotations/169.xml,SA;SRA,SA:1;SRA:1,2,road_marking:2,yes,a38863bd8355eedfa4f423454ecc2d969fd0d28e5e19b144d5365387c9203519,,unique,audited_source_training_record,pre_split_source_candidate
169a,data/raw/v2/ceymo/train/extracted/train/images/169a.jpg,data/raw/v2/ceymo/train/extracted/train/bbox_annotations/169a.xml,SRA,SRA:1,1,road_marking:1,yes,106738145861d24d94c4423336cbcd1a0efe5dba474832caa84607f655a73596,,unique,audited_source_training_record,pre_split_source_candidate
169b,data/raw/v2/ceymo/train/extracted/train/images/169b.jpg,data/raw/v2/ceymo/train/extracted/train/bbox_annotations/169b.xml,SA;SRA,SA:1;SRA:1,2,road_marking:2,yes,f2eb0bad84ac38626ecf610c3bd13de4fecce6947e271fe41f48c6476fab6238,,unique,audited_source_training_record,pre_split_source_candidate
169c,data/raw/v2/ceymo/train/extracted/train/images/169c.jpg,data/raw/v2/ceymo/train/extracted/train/bbox_annotations/169c.xml,SA;SRA,SA:1;SRA:1,2,road_marking:2,yes,e89ffc0571ba76591e86021fef2460600eabf52a8a2af40fe4e205a658ff0d2d,,unique,audited_source_training_record,pre_split_source_candidate
169d,data/raw/v2/ceymo/train/extracted/train/images/169d.jpg,data/raw/v2/ceymo/train/extracted/train/bbox_annotations/169d.xml,SA;SRA,SA:1;SRA:1,2,road_marking:2,yes,e4ba3e5f30a374840d4231ebbef7ebf02959bfbc5aff663cc8b334b0f9c00380,,unique,audited_source_training_record,pre_split_source_candidate
16a,data/raw/v2/ceymo/train/extracted/train/images/16a.jpg,data/raw/v2/ceymo/train/extracted/train/bbox_annotations/16a.xml,JB,JB:1,1,road_marking:1,yes,2ad29fac6ace6c5e2f84b03ac25896b58fa0684f51069f5d4fd55fa19e5e1a49,,unique,audited_source_training_record,pre_split_source_candidate
16b,data/raw/v2/ceymo/train/extracted/train/images/16b.jpg,data/raw/v2/ceymo/train/extracted/train/bbox_annotations/16b.xml,JB,JB:1,1,road_marking:1,yes,788b5352bb4f65d4643bf459ab9900b2d05789c68a4f17ae3f90d963380b258b,,unique,audited_source_training_record,pre_split_source_candidate
17,data/raw/v2/ceymo/train/extracted/train/images/17.jpg,data/raw/v2/ceymo/train/extracted/train/bbox_annotations/17.xml,DM,DM:2,2,road_marking:2,yes,aac19ebaa0b6ef90aa2c7338741b14944a8ae1c31ee72caaced3d953b465b634,,unique,audited_source_training_record,pre_split_source_candidate
170,data/raw/v2/ceymo/train/extracted/train/images/170.jpg,data/raw/v2/ceymo/train/extracted/train/bbox_annotations/170.xml,SA,SA:3,3,road_marking:3,yes,e1e4609ef39f650f92f7e963248df00f63b7def8d9593674f2b32794cf1dc7d2,,unique,audited_source_training_record,pre_split_source_candidate
170a,data/raw/v2/ceymo/train/extracted/train/images/170a.jpg,data/raw/v2/ceymo/train/extracted/train/bbox_annotations/170a.xml,LA;SA,LA:1;SA:3,4,road_marking:4,yes,3bbef12be19a9041625b75a04dc02c0afb0374043417c66b6895486ff2b38ad2,,unique,audited_source_training_record,pre_split_source_candidate
170b,data/raw/v2/ceymo/train/extracted/train/images/170b.jpg,data/raw/v2/ceymo/train/extracted/train/bbox_annotations/170b.xml,LA;SA,LA:2;SA:3,5,road_marking:5,yes,c33fe5f0b370898a5856346949bbf066bd1ce6b06aae7b07e2f274eb7a169fd3,,unique,audited_source_training_record,pre_split_source_candidate
170c,data/raw/v2/ceymo/train/extracted/train/images/170c.jpg,data/raw/v2/ceymo/train/extracted/train/bbox_annotations/170c.xml,LA;SA,LA:1;SA:3,4,road_marking:4,yes,6feada709b480599ae2248b0aa84a553d2a8197cf8509c5da5aaa0ef8cdef799,,unique,audited_source_training_record,pre_split_source_candidate
171,data/raw/v2/ceymo/train/extracted/train/images/171.jpg,data/raw/v2/ceymo/train/extracted/train/bbox_annotations/171.xml,LA;SA,LA:1;SA:2,3,road_marking:3,yes,7f1aa2c74f99dbea943166369ba60592a56cc0af87b78f7ff954b6cae42b34b5,,unique,audited_source_training_record,pre_split_source_candidate
171a,data/raw/v2/ceymo/train/extracted/train/images/171a.jpg,data/raw/v2/ceymo/train/extracted/train/bbox_annotations/171a.xml,LA;SA,LA:2;SA:1,3,road_marking:3,yes,8023d25f6ff21ea420b68c63a23a87dcdbcf24ca7423130ee821721ada6f218f,,unique,audited_source_training_record,pre_split_source_candidate
171b,data/raw/v2/ceymo/train/extracted/train/images/171b.jpg,data/raw/v2/ceymo/train/extracted/train/bbox_annotations/171b.xml,LA;SA,LA:1;SA:2,3,road_marking:3,yes,54330a2d0fd92ea6012db3e09a7f965e0784ee186c9da2ed97a28452ae5d3466,,unique,audited_source_training_record,pre_split_source_candidate
171c,data/raw/v2/ceymo/train/extracted/train/images/171c.jpg,data/raw/v2/ceymo/train/extracted/train/bbox_annotations/171c.xml,LA;SA,LA:1;SA:2,3,road_marking:3,yes,d6d96056fb49c086ad140b38d4906aeb261f77d23e05f740e222a00fb7c34cf4,,unique,audited_source_training_record,pre_split_source_candidate
172,data/raw/v2/ceymo/train/extracted/train/images/172.jpg,data/raw/v2/ceymo/train/extracted/train/bbox_annotations/172.xml,SA,SA:2,2,road_marking:2,yes,c105c7d8db2c9ce2f185178062e58d9d30700fdd898a63576764eba8155141d8,,unique,audited_source_training_record,pre_split_source_candidate
172a,data/raw/v2/ceymo/train/extracted/train/images/172a.jpg,data/raw/v2/ceymo/train/extracted/train/bbox_annotations/172a.xml,SA,SA:2,2,road_marking:2,yes,9639fe2a8e03ac1619d9999e26599a08424ce55aa6f33374863841396cf20c72,,unique,audited_source_training_record,pre_split_source_candidate
172b,data/raw/v2/ceymo/train/extracted/train/images/172b.jpg,data/raw/v2/ceymo/train/extracted/train/bbox_annotations/172b.xml,SA,SA:2,2,road_marking:2,yes,499f70844c731a7056bde7b5fea38ca18e919ccd071b1ad9b237674f98ea2572,,unique,audited_source_training_record,pre_split_source_candidate
172c,data/raw/v2/ceymo/train/extracted/train/images/172c.jpg,data/raw/v2/ceymo/train/extracted/train/bbox_annotations/172c.xml,SA,SA:1,1,road_marking:1,yes,e518a8d3d7c5a9f2e939605a6b7eb1980344576cc7da33a94dc71890be290b74,,unique,audited_source_training_record,pre_split_source_candidate
173,data/raw/v2/ceymo/train/extracted/train/images/173.jpg,data/raw/v2/ceymo/train/extracted/train/bbox_annotations/173.xml,DM,DM:2,2,road_marking:2,yes,e668253dc1098159bc6596448cc4efd6e0e3f2d6916f8d22a5670f22b124ca78,,unique,audited_source_training_record,pre_split_source_candidate
173a,data/raw/v2/ceymo/train/extracted/train/images/173a.jpg,data/raw/v2/ceymo/train/extracted/train/bbox_annotations/173a.xml,DM,DM:2,2,road_marking:2,yes,677b41ffb6b3b7f6351c9f0fe3c84bb7bccc0bb5964d7c33856793d57080c87c,,unique,audited_source_training_record,pre_split_source_candidate
174,data/raw/v2/ceymo/train/extracted/train/images/174.jpg,data/raw/v2/ceymo/train/extracted/train/bbox_annotations/174.xml,DM,DM:2,2,road_marking:2,yes,0366590704bc478a12e24386a02cf27f0e37bb65a6d15aa90c463ca9e026ce7d,,unique,audited_source_training_record,pre_split_source_candidate
174a,data/raw/v2/ceymo/train/extracted/train/images/174a.jpg,data/raw/v2/ceymo/train/extracted/train/bbox_annotations/174a.xml,DM,DM:2,2,road_marking:2,yes,f8f86a29de58fae0a2177b47433a18a5a24cfc0f49f902545ca30c597ac4e2ce,,unique,audited_source_training_record,pre_split_source_candidate
174b,data/raw/v2/ceymo/train/extracted/train/images/174b.jpg,data/raw/v2/ceymo/train/extracted/train/bbox_annotations/174b.xml,DM,DM:2,2,road_marking:2,yes,72e613b36e7a98785ffcf0995da1fab1a3432b1f6d62ca2b04b9e6828173640e,,unique,audited_source_training_record,pre_split_source_candidate
175,data/raw/v2/ceymo/train/extracted/train/images/175.jpg,data/raw/v2/ceymo/train/extracted/train/bbox_annotations/175.xml,DM,DM:2,2,road_marking:2,yes,4b5a6b750c785487ce8f6eb892c10a4f8e8c431d5b1e4dbcd08d73311ee50178,,unique,audited_source_training_record,pre_split_source_candidate
175a,data/raw/v2/ceymo/train/extracted/train/images/175a.jpg,data/raw/v2/ceymo/train/extracted/train/bbox_annotations/175a.xml,DM,DM:2,2,road_marking:2,yes,1e7a849c45402cbe83c5df0240ad9e85ac26d9b0e8721820527004090197ebf8,,unique,audited_source_training_record,pre_split_source_candidate
175b,data/raw/v2/ceymo/train/extracted/train/images/175b.jpg,data/raw/v2/ceymo/train/extracted/train/bbox_annotations/175b.xml,DM,DM:2,2,road_marking:2,yes,df5885a8d9cf89288bfd51bb4b0bd18cbd1c6a8b7155afe6e63243194575b153,,unique,audited_source_training_record,pre_split_source_candidate
176,data/raw/v2/ceymo/train/extracted/train/images/176.jpg,data/raw/v2/ceymo/train/extracted/train/bbox_annotations/176.xml,DM,DM:2,2,road_marking:2,yes,a34eec509c26f88eebe16054a289e8477a0903c0ad8b874d7f27d081529d8911,,unique,audited_source_training_record,pre_split_source_candidate
176a,data/raw/v2/ceymo/train/extracted/train/images/176a.jpg,data/raw/v2/ceymo/train/extracted/train/bbox_annotations/176a.xml,DM,DM:2,2,road_marking:2,yes,6785210fe9b0001199459dee68f6f672f69626028fa2b8fe4540b7246f110031,,unique,audited_source_training_record,pre_split_source_candidate
176b,data/raw/v2/ceymo/train/extracted/train/images/176b.jpg,data/raw/v2/ceymo/train/extracted/train/bbox_annotations/176b.xml,DM,DM:2,2,road_marking:2,yes,4a33555dd4c9c82a548db082dd1ce023f63a55e8a594f2d87c44edbb0422d9a9,,unique,audited_source_training_record,pre_split_source_candidate
177,data/raw/v2/ceymo/train/extracted/train/images/177.jpg,data/raw/v2/ceymo/train/extracted/train/bbox_annotations/177.xml,PC,PC:1,1,road_marking:1,yes,3e890830030964823067104556310f582a294238cdb5b8f1b8516c0aef8ab991,,unique,audited_source_training_record,pre_split_source_candidate
177a,data/raw/v2/ceymo/train/extracted/train/images/177a.jpg,data/raw/v2/ceymo/train/extracted/train/bbox_annotations/177a.xml,PC,PC:1,1,road_marking:1,yes,b8d0451cc0178828a9cb4819a2290190c20750f0106a18b78a148c0c23acbf7d,,unique,audited_source_training_record,pre_split_source_candidate
177b,data/raw/v2/ceymo/train/extracted/train/images/177b.jpg,data/raw/v2/ceymo/train/extracted/train/bbox_annotations/177b.xml,PC,PC:1,1,road_marking:1,yes,5c5a659804797d12accd2d3e65ae2e4f82a4579b581f5bb341272d990ad5c795,,unique,audited_source_training_record,pre_split_source_candidate
178,data/raw/v2/ceymo/train/extracted/train/images/178.jpg,data/raw/v2/ceymo/train/extracted/train/bbox_annotations/178.xml,DM,DM:2,2,road_marking:2,yes,910f88d710c6264cddd23f49365f0c1a41a385660ab86b34c4d0521a1f3e7a59,,unique,audited_source_training_record,pre_split_source_candidate
178a,data/raw/v2/ceymo/train/extracted/train/images/178a.jpg,data/raw/v2/ceymo/train/extracted/train/bbox_annotations/178a.xml,DM,DM:2,2,road_marking:2,yes,c1eb5ab28392b7158f0d18483cb94084ff181d481396a3211c5e1f7c19b186b8,,unique,audited_source_training_record,pre_split_source_candidate
178b,data/raw/v2/ceymo/train/extracted/train/images/178b.jpg,data/raw/v2/ceymo/train/extracted/train/bbox_annotations/178b.xml,DM,DM:2,2,road_marking:2,yes,428ef1d7dd5b99725c62fb6ddfbcce9a45290bd1bf33b1d824c359b74c70de43,,unique,audited_source_training_record,pre_split_source_candidate
179a,data/raw/v2/ceymo/train/extracted/train/images/179a.jpg,data/raw/v2/ceymo/train/extracted/train/bbox_annotations/179a.xml,PC,PC:1,1,road_marking:1,yes,2d4e1a82c93ab86b4b29dc08e2d03b701c28bb5af0e2f212b86a2f1fd57f92ea,,unique,audited_source_training_record,pre_split_source_candidate
17a,data/raw/v2/ceymo/train/extracted/train/images/17a.jpg,data/raw/v2/ceymo/train/extracted/train/bbox_annotations/17a.xml,DM,DM:2,2,road_marking:2,yes,0d218d99d676bdcabd5ff467d0d265eb3245bb62a38cfe50f6b6d10e8ece6c25,,unique,audited_source_training_record,pre_split_source_candidate
18,data/raw/v2/ceymo/train/extracted/train/images/18.jpg,data/raw/v2/ceymo/train/extracted/train/bbox_annotations/18.xml,PC,PC:1,1,road_marking:1,yes,1d55010f966b97ad9ff63ba06250d5778b40f746b18362a052e33eee992b4150,,unique,audited_source_training_record,pre_split_source_candidate
180,data/raw/v2/ceymo/train/extracted/train/images/180.jpg,data/raw/v2/ceymo/train/extracted/train/bbox_annotations/180.xml,DM,DM:2,2,road_marking:2,yes,467df9efbdb54ebb25cea9005f9d22f454ba31a270205177119d1affe14b824a,,unique,audited_source_training_record,pre_split_source_candidate
180a,data/raw/v2/ceymo/train/extracted/train/images/180a.jpg,data/raw/v2/ceymo/train/extracted/train/bbox_annotations/180a.xml,DM,DM:2,2,road_marking:2,yes,7dc7319f350d890664d40e5423f7e8c38473f2d92558b5eabac5382954654258,,unique,audited_source_training_record,pre_split_source_candidate
181,data/raw/v2/ceymo/train/extracted/train/images/181.jpg,data/raw/v2/ceymo/train/extracted/train/bbox_annotations/181.xml,RA;SA,RA:1;SA:1,2,road_marking:2,yes,239c3df41c973330f62f2e9f5c802f3c4703c082f566c5f3ba4edfc941666af7,,unique,audited_source_training_record,pre_split_source_candidate
181a,data/raw/v2/ceymo/train/extracted/train/images/181a.jpg,data/raw/v2/ceymo/train/extracted/train/bbox_annotations/181a.xml,RA;SLA,RA:1;SLA:1,2,road_marking:2,yes,cc6f4203915c13a47c2faf1dd2483eb135eb69096dee6fdab93a615394278606,,unique,audited_source_training_record,pre_split_source_candidate
181b,data/raw/v2/ceymo/train/extracted/train/images/181b.jpg,data/raw/v2/ceymo/train/extracted/train/bbox_annotations/181b.xml,RA;SA,RA:1;SA:1,2,road_marking:2,yes,9240fc8602d7e8abd99699fe951059e93e61d316670c8a3b2ab65ec1f119aedc,,unique,audited_source_training_record,pre_split_source_candidate
181c,data/raw/v2/ceymo/train/extracted/train/images/181c.jpg,data/raw/v2/ceymo/train/extracted/train/bbox_annotations/181c.xml,RA;SA,RA:1;SA:1,2,road_marking:2,yes,ea048b6ddc33612e4d9a3bbe4d51e32819dd3c94fd56ad9825f10d66679d8cb1,,unique,audited_source_training_record,pre_split_source_candidate
182,data/raw/v2/ceymo/train/extracted/train/images/182.jpg,data/raw/v2/ceymo/train/extracted/train/bbox_annotations/182.xml,RA,RA:1,1,road_marking:1,yes,b997506835e963ed23c9a81e295d9cf7fc2607c6d3c7becd6bac11cc8098c81a,,unique,audited_source_training_record,pre_split_source_candidate
182a,data/raw/v2/ceymo/train/extracted/train/images/182a.jpg,data/raw/v2/ceymo/train/extracted/train/bbox_annotations/182a.xml,RA,RA:1,1,road_marking:1,yes,e691696cdd514c96b44962834f7cc3baf8d53a1f67f2483ec39fbdbf8f24a952,,unique,audited_source_training_record,pre_split_source_candidate
182b,data/raw/v2/ceymo/train/extracted/train/images/182b.jpg,data/raw/v2/ceymo/train/extracted/train/bbox_annotations/182b.xml,RA,RA:1,1,road_marking:1,yes,048d5ea3f51780ae889de1bde00faf76dfaf81a43f01e572127077ac96d118a2,,unique,audited_source_training_record,pre_split_source_candidate
182c,data/raw/v2/ceymo/train/extracted/train/images/182c.jpg,data/raw/v2/ceymo/train/extracted/train/bbox_annotations/182c.xml,RA;SA,RA:1;SA:1,2,road_marking:2,yes,b79293517a265eb83e41b058a84da5307c2a8cbfd5256f855599afa9c909e353,,unique,audited_source_training_record,pre_split_source_candidate
182d,data/raw/v2/ceymo/train/extracted/train/images/182d.jpg,data/raw/v2/ceymo/train/extracted/train/bbox_annotations/182d.xml,SA,SA:1,1,road_marking:1,yes,3a9de165c119d564dbb8f800dadf685c49ed426716a8d538cb68e3a8b7804472,,unique,audited_source_training_record,pre_split_source_candidate
184,data/raw/v2/ceymo/train/extracted/train/images/184.jpg,data/raw/v2/ceymo/train/extracted/train/bbox_annotations/184.xml,RA;SA;SLA,RA:1;SA:1;SLA:1,3,road_marking:3,yes,9863499108e52efaafba5b4565edafe2c564ecfd829b0f18efc5e61134a0c6c0,,unique,audited_source_training_record,pre_split_source_candidate
184a,data/raw/v2/ceymo/train/extracted/train/images/184a.jpg,data/raw/v2/ceymo/train/extracted/train/bbox_annotations/184a.xml,RA;SA;SLA,RA:1;SA:1;SLA:1,3,road_marking:3,yes,3682a20332fb21bdffa15d4df3e99df1465ad1e033b564c726a11a35f11d989c,,unique,audited_source_training_record,pre_split_source_candidate
184b,data/raw/v2/ceymo/train/extracted/train/images/184b.jpg,data/raw/v2/ceymo/train/extracted/train/bbox_annotations/184b.xml,RA;SA;SLA,RA:1;SA:1;SLA:1,3,road_marking:3,yes,729f9d8e2fd0d20e91fa3c1fcb9e338c9d9bb8be563841e922f7f32d4ed13159,,unique,audited_source_training_record,pre_split_source_candidate
184c,data/raw/v2/ceymo/train/extracted/train/images/184c.jpg,data/raw/v2/ceymo/train/extracted/train/bbox_annotations/184c.xml,RA;SA;SLA,RA:1;SA:1;SLA:1,3,road_marking:3,yes,9929eeba355bd1baf7694d554c89d0b49e4b194e448f6d67362617189e69d4c2,,unique,audited_source_training_record,pre_split_source_candidate
185,data/raw/v2/ceymo/train/extracted/train/images/185.jpg,data/raw/v2/ceymo/train/extracted/train/bbox_annotations/185.xml,RA;SA,RA:2;SA:2,4,road_marking:4,yes,51b9c4cfbe6bbea2a45bcadbaee9625a6e30330f572f6e8eec8d006869fa2aba,,unique,audited_source_training_record,pre_split_source_candidate
185a,data/raw/v2/ceymo/train/extracted/train/images/185a.jpg,data/raw/v2/ceymo/train/extracted/train/bbox_annotations/185a.xml,RA;SA,RA:2;SA:1,3,road_marking:3,yes,4c8f903ab618b53a6919a8257899f81e0400fa1ec7f666e9eff2d8a62f0aad90,,unique,audited_source_training_record,pre_split_source_candidate
185b,data/raw/v2/ceymo/train/extracted/train/images/185b.jpg,data/raw/v2/ceymo/train/extracted/train/bbox_annotations/185b.xml,RA;SA,RA:2;SA:2,4,road_marking:4,yes,11382506dcf40eaec0ed1d6d6dc50399b3a66afa153ac2f03c679549e6b856e5,,unique,audited_source_training_record,pre_split_source_candidate
186,data/raw/v2/ceymo/train/extracted/train/images/186.jpg,data/raw/v2/ceymo/train/extracted/train/bbox_annotations/186.xml,RA;SA,RA:1;SA:2,3,road_marking:3,yes,a825c15cb3e56e8196b208ead5c7813475573ac77298c6bbb2b803fb5d837f6d,,unique,audited_source_training_record,pre_split_source_candidate
186a,data/raw/v2/ceymo/train/extracted/train/images/186a.jpg,data/raw/v2/ceymo/train/extracted/train/bbox_annotations/186a.xml,RA;SA,RA:1;SA:2,3,road_marking:3,yes,1632fc22a3d4afed5cacea816f464ee7a924ccb3b458a3ed74ce124d7edb38c4,,unique,audited_source_training_record,pre_split_source_candidate
186b,data/raw/v2/ceymo/train/extracted/train/images/186b.jpg,data/raw/v2/ceymo/train/extracted/train/bbox_annotations/186b.xml,RA;SA,RA:1;SA:1,2,road_marking:2,yes,b184e16fa181e0e9dfaded947f79c4dc673100bfaf72b053e2f93ee0d0f980e1,,unique,audited_source_training_record,pre_split_source_candidate
187,data/raw/v2/ceymo/train/extracted/train/images/187.jpg,data/raw/v2/ceymo/train/extracted/train/bbox_annotations/187.xml,SA,SA:1,1,road_marking:1,yes,bb12816f4b2a609265dae8cd3025257743a540a85397827db157d6bc07f0c951,,unique,audited_source_training_record,pre_split_source_candidate
187a,data/raw/v2/ceymo/train/extracted/train/images/187a.jpg,data/raw/v2/ceymo/train/extracted/train/bbox_annotations/187a.xml,SA,SA:2,2,road_marking:2,yes,aa12cdb79ccf5b23c7c2dfef8b1bad578947b0342debbc47ea62c82c15b3c412,,unique,audited_source_training_record,pre_split_source_candidate
187b,data/raw/v2/ceymo/train/extracted/train/images/187b.jpg,data/raw/v2/ceymo/train/extracted/train/bbox_annotations/187b.xml,SA,SA:2,2,road_marking:2,yes,2502e49695d45a36fcf728690fcfbb65a64c0aad7b0e867b3c80114c1b7844ad,,unique,audited_source_training_record,pre_split_source_candidate
188,data/raw/v2/ceymo/train/extracted/train/images/188.jpg,data/raw/v2/ceymo/train/extracted/train/bbox_annotations/188.xml,DM,DM:2,2,road_marking:2,yes,2b02ce3cd211537a8f9cf457fdd1ff7006cca00e8075f3775395bcc0065cfbd0,,unique,audited_source_training_record,pre_split_source_candidate
188a,data/raw/v2/ceymo/train/extracted/train/images/188a.jpg,data/raw/v2/ceymo/train/extracted/train/bbox_annotations/188a.xml,DM,DM:2,2,road_marking:2,yes,a0d0bb7724676b55921de216716d65e2b0303d36ca38b55f1f8af995c24336ec,,unique,audited_source_training_record,pre_split_source_candidate
189,data/raw/v2/ceymo/train/extracted/train/images/189.jpg,data/raw/v2/ceymo/train/extracted/train/bbox_annotations/189.xml,LA;SA,LA:1;SA:2,3,road_marking:3,yes,9ffd2010b7147410a97737eaac806ef5301d621bfa4dbf4982c94146ad537d79,,unique,audited_source_training_record,pre_split_source_candidate
189a,data/raw/v2/ceymo/train/extracted/train/images/189a.jpg,data/raw/v2/ceymo/train/extracted/train/bbox_annotations/189a.xml,LA;SA,LA:1;SA:2,3,road_marking:3,yes,13ec07568362f8d02850ce931323de7f18a6cea2574e0ed7db463b6559da0160,,unique,audited_source_training_record,pre_split_source_candidate
189b,data/raw/v2/ceymo/train/extracted/train/images/189b.jpg,data/raw/v2/ceymo/train/extracted/train/bbox_annotations/189b.xml,LA;SA,LA:1;SA:2,3,road_marking:3,yes,7d24388255adea1d1738d1a0952c1603d0f80f7a32af47dea60e356f6e949246,,unique,audited_source_training_record,pre_split_source_candidate
18a,data/raw/v2/ceymo/train/extracted/train/images/18a.jpg,data/raw/v2/ceymo/train/extracted/train/bbox_annotations/18a.xml,PC,PC:1,1,road_marking:1,yes,54e4013ab1bac2358c73c2c708069955e2eaba461616dc189722623eb190a7a8,,unique,audited_source_training_record,pre_split_source_candidate
19,data/raw/v2/ceymo/train/extracted/train/images/19.jpg,data/raw/v2/ceymo/train/extracted/train/bbox_annotations/19.xml,PC,PC:1,1,road_marking:1,yes,a98504d3694350db3bd38c13063295e1ad112968ee55b3514042191df4f127a3,,unique,audited_source_training_record,pre_split_source_candidate
195,data/raw/v2/ceymo/train/extracted/train/images/195.jpg,data/raw/v2/ceymo/train/extracted/train/bbox_annotations/195.xml,RA;SA,RA:2;SA:4,6,road_marking:6,yes,9cddc4dc886292119617b5016bfc0d454bc55cd975d60a6c23d86fe9381edf66,,unique,audited_source_training_record,pre_split_source_candidate
195a,data/raw/v2/ceymo/train/extracted/train/images/195a.jpg,data/raw/v2/ceymo/train/extracted/train/bbox_annotations/195a.xml,RA;SA,RA:2;SA:4,6,road_marking:6,yes,71128080eb112a2d9bbc8f0ceebd3910681b569b28a57398522e4fe8263e18ed,,unique,audited_source_training_record,pre_split_source_candidate
195b,data/raw/v2/ceymo/train/extracted/train/images/195b.jpg,data/raw/v2/ceymo/train/extracted/train/bbox_annotations/195b.xml,RA;SA,RA:2;SA:4,6,road_marking:6,yes,189ac7bf3d75277ffd998fd8a3696a2d1db93a4de9b3c1677a3513edb7ab01b0,,unique,audited_source_training_record,pre_split_source_candidate
195c,data/raw/v2/ceymo/train/extracted/train/images/195c.jpg,data/raw/v2/ceymo/train/extracted/train/bbox_annotations/195c.xml,RA;SA,RA:2;SA:4,6,road_marking:6,yes,13d54dd94663d3426d9dcf72c9fb76b05d3b9317522a398141c99674aa18c6b2,,unique,audited_source_training_record,pre_split_source_candidate
195d,data/raw/v2/ceymo/train/extracted/train/images/195d.jpg,data/raw/v2/ceymo/train/extracted/train/bbox_annotations/195d.xml,RA;SA,RA:2;SA:4,6,road_marking:6,yes,077fc4a8d5979b3dee78a78ef19b9a4ca24d69af1d6d58ed10ab7ba5d2825cfe,,unique,audited_source_training_record,pre_split_source_candidate
196,data/raw/v2/ceymo/train/extracted/train/images/196.jpg,data/raw/v2/ceymo/train/extracted/train/bbox_annotations/196.xml,RA;SA,RA:2;SA:4,6,road_marking:6,yes,f41b6e6cfe20ff438d0e415b86cb1a31c404721353953920bb0c6716f430dc05,,unique,audited_source_training_record,pre_split_source_candidate
196a,data/raw/v2/ceymo/train/extracted/train/images/196a.jpg,data/raw/v2/ceymo/train/extracted/train/bbox_annotations/196a.xml,RA;SA,RA:2;SA:4,6,road_marking:6,yes,72081936e7f1445d04d6c35f017e2b57a3f62677ec4e6d042de9f023499fa388,,unique,audited_source_training_record,pre_split_source_candidate
196b,data/raw/v2/ceymo/train/extracted/train/images/196b.jpg,data/raw/v2/ceymo/train/extracted/train/bbox_annotations/196b.xml,RA;SA,RA:2;SA:4,6,road_marking:6,yes,9a9d5a8bce6ec6baed7ba72dafe8665c4d4b72d2dbd78e65a48131e5f972bcee,,unique,audited_source_training_record,pre_split_source_candidate
196c,data/raw/v2/ceymo/train/extracted/train/images/196c.jpg,data/raw/v2/ceymo/train/extracted/train/bbox_annotations/196c.xml,RA;SA,RA:2;SA:4,6,road_marking:6,yes,87eebd124994b99a07da44578f7445fc4de85a6c82e5aa37ad219128562556e0,,unique,audited_source_training_record,pre_split_source_candidate
196d,data/raw/v2/ceymo/train/extracted/train/images/196d.jpg,data/raw/v2/ceymo/train/extracted/train/bbox_annotations/196d.xml,RA;SA,RA:2;SA:4,6,road_marking:6,yes,b1fe09a53a83dd38c2eabb4122b7fb1fe50b971393dc582199711e798d27aaae,,unique,audited_source_training_record,pre_split_source_candidate
197,data/raw/v2/ceymo/train/extracted/train/images/197.jpg,data/raw/v2/ceymo/train/extracted/train/bbox_annotations/197.xml,RA;SA,RA:1;SA:2,3,road_marking:3,yes,ecdca1c772ec017137faaf97d37bf4b39be56b224e6df16c3766655d0e12d27a,,unique,audited_source_training_record,pre_split_source_candidate
197a,data/raw/v2/ceymo/train/extracted/train/images/197a.jpg,data/raw/v2/ceymo/train/extracted/train/bbox_annotations/197a.xml,RA;SA,RA:1;SA:2,3,road_marking:3,yes,5d6edc1ce02150de117206c4a8dae0fdeb27f4903faba05eb9c95b1c4564a531,,unique,audited_source_training_record,pre_split_source_candidate
197b,data/raw/v2/ceymo/train/extracted/train/images/197b.jpg,data/raw/v2/ceymo/train/extracted/train/bbox_annotations/197b.xml,RA;SA,RA:1;SA:2,3,road_marking:3,yes,248c011ffaccd3f500808bbdbc0109bf7753be053e375abca2a462a7ea14e647,,unique,audited_source_training_record,pre_split_source_candidate
197c,data/raw/v2/ceymo/train/extracted/train/images/197c.jpg,data/raw/v2/ceymo/train/extracted/train/bbox_annotations/197c.xml,RA;SA,RA:1;SA:2,3,road_marking:3,yes,b23370ee13224c0a8dc3e165f0e0c7f693304e586a80b0bd34efb47691432d65,,unique,audited_source_training_record,pre_split_source_candidate
197d,data/raw/v2/ceymo/train/extracted/train/images/197d.jpg,data/raw/v2/ceymo/train/extracted/train/bbox_annotations/197d.xml,RA;SA,RA:1;SA:2,3,road_marking:3,yes,0b581d82efc91573df5e29643cd939a72fd19b89831af0b95384b51e0af74a69,,unique,audited_source_training_record,pre_split_source_candidate
19a,data/raw/v2/ceymo/train/extracted/train/images/19a.jpg,data/raw/v2/ceymo/train/extracted/train/bbox_annotations/19a.xml,PC,PC:1,1,road_marking:1,yes,579096f273d1941cd24ba332bc50fb23fb969d18bae648cc56edbabaaec63798,,unique,audited_source_training_record,pre_split_source_candidate
1a,data/raw/v2/ceymo/train/extracted/train/images/1a.jpg,data/raw/v2/ceymo/train/extracted/train/bbox_annotations/1a.xml,LA,LA:1,1,road_marking:1,yes,32f8bc305bca17d9a4a9db727cc9103ce7107941ca30b0d5fd6a57c5045bd694,,unique,audited_source_training_record,pre_split_source_candidate
1b,data/raw/v2/ceymo/train/extracted/train/images/1b.jpg,data/raw/v2/ceymo/train/extracted/train/bbox_annotations/1b.xml,LA,LA:1,1,road_marking:1,yes,9157f8b779a323a4451b9371b4f1a8b51194e2626c81b530704688e931b68164,,unique,audited_source_training_record,pre_split_source_candidate
2,data/raw/v2/ceymo/train/extracted/train/images/2.jpg,data/raw/v2/ceymo/train/extracted/train/bbox_annotations/2.xml,SL,SL:1,1,road_marking:1,yes,0171ef59095ed8022812d13e808c8694d85a2e68b35cdbc775abe25ae2406b3e,,unique,audited_source_training_record,pre_split_source_candidate
20,data/raw/v2/ceymo/train/extracted/train/images/20.jpg,data/raw/v2/ceymo/train/extracted/train/bbox_annotations/20.xml,SA;SLA,SA:1;SLA:1,2,road_marking:2,yes,bc8b7070e3bac57854baddb0b9ebfc4779177c2777121f23ed4c6d5004183e0e,,unique,audited_source_training_record,pre_split_source_candidate
200,data/raw/v2/ceymo/train/extracted/train/images/200.jpg,data/raw/v2/ceymo/train/extracted/train/bbox_annotations/200.xml,DM,DM:2,2,road_marking:2,yes,cfe93d83f789f50c40801709e4c7ec26727a3607cb0f2bbf0204759f4ea6765a,,unique,audited_source_training_record,pre_split_source_candidate
201,data/raw/v2/ceymo/train/extracted/train/images/201.jpg,data/raw/v2/ceymo/train/extracted/train/bbox_annotations/201.xml,DM,DM:2,2,road_marking:2,yes,2e91c416a0c5186105c382f1ede7b39cc1c8ec0bc803c60b75fbebba6a689853,,unique,audited_source_training_record,pre_split_source_candidate
201a,data/raw/v2/ceymo/train/extracted/train/images/201a.jpg,data/raw/v2/ceymo/train/extracted/train/bbox_annotations/201a.xml,DM,DM:2,2,road_marking:2,yes,3e0bfaccf6affc161ebb7b40b707ef7f2217e728655b4b6d5f4cc170f8388f7a,,unique,audited_source_training_record,pre_split_source_candidate
201b,data/raw/v2/ceymo/train/extracted/train/images/201b.jpg,data/raw/v2/ceymo/train/extracted/train/bbox_annotations/201b.xml,DM,DM:2,2,road_marking:2,yes,b5fb5ce2339e52d00bffdb996e5da6421760ca7bd6a01816c1f9989f19db2077,,unique,audited_source_training_record,pre_split_source_candidate
202,data/raw/v2/ceymo/train/extracted/train/images/202.jpg,data/raw/v2/ceymo/train/extracted/train/bbox_annotations/202.xml,DM,DM:2,2,road_marking:2,yes,e61361bde25f32288e6af4ed9e934921027294bca70c440acb4441f85ac0a659,,unique,audited_source_training_record,pre_split_source_candidate
202a,data/raw/v2/ceymo/train/extracted/train/images/202a.jpg,data/raw/v2/ceymo/train/extracted/train/bbox_annotations/202a.xml,DM,DM:2,2,road_marking:2,yes,01e342359eccc79df113aee726bd7d6a7affcf19574d3f668ef984f4d0c23467,,unique,audited_source_training_record,pre_split_source_candidate
202b,data/raw/v2/ceymo/train/extracted/train/images/202b.jpg,data/raw/v2/ceymo/train/extracted/train/bbox_annotations/202b.xml,DM,DM:2,2,road_marking:2,yes,e4825f70f53851da41b729bad9e7e5eb6e163425fb5c6af4fc4385c4ce2677c1,,unique,audited_source_training_record,pre_split_source_candidate
203,data/raw/v2/ceymo/train/extracted/train/images/203.jpg,data/raw/v2/ceymo/train/extracted/train/bbox_annotations/203.xml,DM,DM:2,2,road_marking:2,yes,18f46a6e8d355df2d063e4a684b82234a1511a24f33bda14d4f6519bc5556992,,unique,audited_source_training_record,pre_split_source_candidate
203a,data/raw/v2/ceymo/train/extracted/train/images/203a.jpg,data/raw/v2/ceymo/train/extracted/train/bbox_annotations/203a.xml,DM,DM:2,2,road_marking:2,yes,e97e02279fa444069806da913e8ad07f0c668ece77c541869555fb98a1ea700a,,unique,audited_source_training_record,pre_split_source_candidate
203b,data/raw/v2/ceymo/train/extracted/train/images/203b.jpg,data/raw/v2/ceymo/train/extracted/train/bbox_annotations/203b.xml,DM,DM:2,2,road_marking:2,yes,41043df58ebc6d20fe18db4249e792e1d2c14b19cd47a3d47b41cd6bd282b24d,,unique,audited_source_training_record,pre_split_source_candidate
204,data/raw/v2/ceymo/train/extracted/train/images/204.jpg,data/raw/v2/ceymo/train/extracted/train/bbox_annotations/204.xml,DM,DM:2,2,road_marking:2,yes,897eb4e4e19f05d976079cbc01c25791d009b0d03a35b2a00f7240ca1ffa64ff,,unique,audited_source_training_record,pre_split_source_candidate
204a,data/raw/v2/ceymo/train/extracted/train/images/204a.jpg,data/raw/v2/ceymo/train/extracted/train/bbox_annotations/204a.xml,DM,DM:2,2,road_marking:2,yes,6337f8fd3fbcb1730e4816a9185f49ff24a8efe4bf78da32d933ae7b09fe7ed3,,unique,audited_source_training_record,pre_split_source_candidate
205,data/raw/v2/ceymo/train/extracted/train/images/205.jpg,data/raw/v2/ceymo/train/extracted/train/bbox_annotations/205.xml,SA,SA:1,1,road_marking:1,yes,6c3360a9dbbbdafd98a699e1305ea77e87594cc77dc46653b0cce1fe76cc53c8,,unique,audited_source_training_record,pre_split_source_candidate
205a,data/raw/v2/ceymo/train/extracted/train/images/205a.jpg,data/raw/v2/ceymo/train/extracted/train/bbox_annotations/205a.xml,SA,SA:1,1,road_marking:1,yes,d7e0752f2b2e02785a4dcb6e49bc427fe137fd976262bbc6a7de671543a6c748,,unique,audited_source_training_record,pre_split_source_candidate
205b,data/raw/v2/ceymo/train/extracted/train/images/205b.jpg,data/raw/v2/ceymo/train/extracted/train/bbox_annotations/205b.xml,SA,SA:1,1,road_marking:1,yes,68019dd35cf7e4c79e7ee8c28715076c28e7c3459a87265d69d0d52a888f6520,,unique,audited_source_training_record,pre_split_source_candidate
205c,data/raw/v2/ceymo/train/extracted/train/images/205c.jpg,data/raw/v2/ceymo/train/extracted/train/bbox_annotations/205c.xml,SA,SA:1,1,road_marking:1,yes,a508636d8b735929f49684205ea0856c681d346b2fe2ea3894e66da4f7d78760,,unique,audited_source_training_record,pre_split_source_candidate
206,data/raw/v2/ceymo/train/extracted/train/images/206.jpg,data/raw/v2/ceymo/train/extracted/train/bbox_annotations/206.xml,SA,SA:1,1,road_marking:1,yes,dc431f29ec7d5a66b1a58daf9c93667f4874b94c458f6789452501ebb07eacfb,,unique,audited_source_training_record,pre_split_source_candidate
206a,data/raw/v2/ceymo/train/extracted/train/images/206a.jpg,data/raw/v2/ceymo/train/extracted/train/bbox_annotations/206a.xml,SA,SA:1,1,road_marking:1,yes,1a0efb4b7421733a5a805ff51e698dbcae44698bc1a9515883f79fb4cd2072ff,,unique,audited_source_training_record,pre_split_source_candidate
206b,data/raw/v2/ceymo/train/extracted/train/images/206b.jpg,data/raw/v2/ceymo/train/extracted/train/bbox_annotations/206b.xml,SA,SA:1,1,road_marking:1,yes,00fdf9a7c27634049a69ecaa8bfea7bf2d1f0537485ae2c4746f2301982a7575,,unique,audited_source_training_record,pre_split_source_candidate
206c,data/raw/v2/ceymo/train/extracted/train/images/206c.jpg,data/raw/v2/ceymo/train/extracted/train/bbox_annotations/206c.xml,SA,SA:1,1,road_marking:1,yes,4de7da7af9974925a96cd7bec5f8e3b1ca5fdd4289bda96985af5c2cf56e1623,,unique,audited_source_training_record,pre_split_source_candidate
207,data/raw/v2/ceymo/train/extracted/train/images/207.jpg,data/raw/v2/ceymo/train/extracted/train/bbox_annotations/207.xml,SA,SA:1,1,road_marking:1,yes,3d94a448b99137a1105843b7126cce7f2c1c556f7bfe1937350435f4a35d7e78,,unique,audited_source_training_record,pre_split_source_candidate
207a,data/raw/v2/ceymo/train/extracted/train/images/207a.jpg,data/raw/v2/ceymo/train/extracted/train/bbox_annotations/207a.xml,SA,SA:1,1,road_marking:1,yes,c969ad8e2211afe49ff9cefe4b4c21b12958ba2d029edf3ed6c35bf19fe15134,,unique,audited_source_training_record,pre_split_source_candidate
207b,data/raw/v2/ceymo/train/extracted/train/images/207b.jpg,data/raw/v2/ceymo/train/extracted/train/bbox_annotations/207b.xml,SA,SA:1,1,road_marking:1,yes,dd24e0355db5183a2f1d3ad6bc4f936e4092fff8daf568f2e8c3aa6f6a6ec8ee,,unique,audited_source_training_record,pre_split_source_candidate
207c,data/raw/v2/ceymo/train/extracted/train/images/207c.jpg,data/raw/v2/ceymo/train/extracted/train/bbox_annotations/207c.xml,SA,SA:1,1,road_marking:1,yes,085c4ffd3f599aae68425e893371f7008ee79d28372695d918b045aae0adaf15,,unique,audited_source_training_record,pre_split_source_candidate
208,data/raw/v2/ceymo/train/extracted/train/images/208.jpg,data/raw/v2/ceymo/train/extracted/train/bbox_annotations/208.xml,DM,DM:2,2,road_marking:2,yes,b25933c2b355844a15d02f8b5152f20dd115864260a3f25263cd1f6fa713132f,,unique,audited_source_training_record,pre_split_source_candidate
208a,data/raw/v2/ceymo/train/extracted/train/images/208a.jpg,data/raw/v2/ceymo/train/extracted/train/bbox_annotations/208a.xml,DM,DM:2,2,road_marking:2,yes,3412fb76b1ec01575295f0f4d42f2a7a7aa17964c950cbf61467bda886ee7038,,unique,audited_source_training_record,pre_split_source_candidate
208b,data/raw/v2/ceymo/train/extracted/train/images/208b.jpg,data/raw/v2/ceymo/train/extracted/train/bbox_annotations/208b.xml,DM,DM:2,2,road_marking:2,yes,d19fc6cf144f2d3b17b46c6c98e2ecf816fc91f612a7e82b1aad847512a467d5,,unique,audited_source_training_record,pre_split_source_candidate
209,data/raw/v2/ceymo/train/extracted/train/images/209.jpg,data/raw/v2/ceymo/train/extracted/train/bbox_annotations/209.xml,DM,DM:2,2,road_marking:2,yes,7ed08d1d24c2e9774038063527b8281ccf06e19b4666e750d2815cd7b07b05b5,,unique,audited_source_training_record,pre_split_source_candidate
209a,data/raw/v2/ceymo/train/extracted/train/images/209a.jpg,data/raw/v2/ceymo/train/extracted/train/bbox_annotations/209a.xml,DM,DM:2,2,road_marking:2,yes,4449515b063c93bd04cb79924cf5f0b401a60e9c3d24c51461f0115dff8dc957,,unique,audited_source_training_record,pre_split_source_candidate
209b,data/raw/v2/ceymo/train/extracted/train/images/209b.jpg,data/raw/v2/ceymo/train/extracted/train/bbox_annotations/209b.xml,DM,DM:2,2,road_marking:2,yes,21221039f08bd1c8e30511963010a5f67e64872a9a37c21ce67eefcba49cd585,,unique,audited_source_training_record,pre_split_source_candidate
20a,data/raw/v2/ceymo/train/extracted/train/images/20a.jpg,data/raw/v2/ceymo/train/extracted/train/bbox_annotations/20a.xml,SA;SLA,SA:1;SLA:1,2,road_marking:2,yes,da9cab61678270e48e7300cd1a05df43a75ca716b4c066cee0ab5a14259b581e,,unique,audited_source_training_record,pre_split_source_candidate
20b,data/raw/v2/ceymo/train/extracted/train/images/20b.jpg,data/raw/v2/ceymo/train/extracted/train/bbox_annotations/20b.xml,SA;SLA,SA:1;SLA:1,2,road_marking:2,yes,0fbbbc3edd23045ace1f13a9cf58dd0d297b14116911acaf6f485ac498af6d50,,unique,audited_source_training_record,pre_split_source_candidate
20c,data/raw/v2/ceymo/train/extracted/train/images/20c.jpg,data/raw/v2/ceymo/train/extracted/train/bbox_annotations/20c.xml,SA;SLA,SA:1;SLA:1,2,road_marking:2,yes,03f8685055ac892f42ea3993a2c3e5a2f91474059a1e358b5d16b3baf2d01d3e,,unique,audited_source_training_record,pre_split_source_candidate
20d,data/raw/v2/ceymo/train/extracted/train/images/20d.jpg,data/raw/v2/ceymo/train/extracted/train/bbox_annotations/20d.xml,SA;SLA,SA:1;SLA:1,2,road_marking:2,yes,877741a022dee89617791fad120e3d75812f104a4691f94b022e0c7b97b79747,,unique,audited_source_training_record,pre_split_source_candidate
21,data/raw/v2/ceymo/train/extracted/train/images/21.jpg,data/raw/v2/ceymo/train/extracted/train/bbox_annotations/21.xml,SA;SLA,SA:1;SLA:1,2,road_marking:2,yes,838390e17010ae64aa9cb43a49dd9a51570895addf0ca6348c4610294b66a079,,unique,audited_source_training_record,pre_split_source_candidate
210,data/raw/v2/ceymo/train/extracted/train/images/210.jpg,data/raw/v2/ceymo/train/extracted/train/bbox_annotations/210.xml,DM,DM:2,2,road_marking:2,yes,9df6312051572d32806833f0650e2dff430ef66111f33c5e95c85a1767ebd1e9,,unique,audited_source_training_record,pre_split_source_candidate
210a,data/raw/v2/ceymo/train/extracted/train/images/210a.jpg,data/raw/v2/ceymo/train/extracted/train/bbox_annotations/210a.xml,DM,DM:2,2,road_marking:2,yes,fce3147c07182fc1a50b222e71eb94cb77f0ab8c4cacb3db8d95eec57024c549,,unique,audited_source_training_record,pre_split_source_candidate
210b,data/raw/v2/ceymo/train/extracted/train/images/210b.jpg,data/raw/v2/ceymo/train/extracted/train/bbox_annotations/210b.xml,DM,DM:2,2,road_marking:2,yes,f2df1464ee2bf7fea0177c9daa7dde4c2c1440f551818327f248144903d5949e,,unique,audited_source_training_record,pre_split_source_candidate
211,data/raw/v2/ceymo/train/extracted/train/images/211.jpg,data/raw/v2/ceymo/train/extracted/train/bbox_annotations/211.xml,DM,DM:2,2,road_marking:2,yes,2f8b1920e77a3a99da0cb90df14310565e738ed1ce142c7f61e72e93b8cb03e7,,unique,audited_source_training_record,pre_split_source_candidate
211a,data/raw/v2/ceymo/train/extracted/train/images/211a.jpg,data/raw/v2/ceymo/train/extracted/train/bbox_annotations/211a.xml,DM,DM:2,2,road_marking:2,yes,6fb9fd47cc731ee9af4abae98458001f7d9afd6b482fd5dd2de2bf655b5a591d,,unique,audited_source_training_record,pre_split_source_candidate
211b,data/raw/v2/ceymo/train/extracted/train/images/211b.jpg,data/raw/v2/ceymo/train/extracted/train/bbox_annotations/211b.xml,DM,DM:2,2,road_marking:2,yes,6e04aa6b9d333fc1fd49cd2914b19fa276fabb175179dd1174d189e1563b3d3b,,unique,audited_source_training_record,pre_split_source_candidate
212,data/raw/v2/ceymo/train/extracted/train/images/212.jpg,data/raw/v2/ceymo/train/extracted/train/bbox_annotations/212.xml,SA,SA:3,3,road_marking:3,yes,86978ce4131caf7dc02f7252a114b71c7fdead8c5eb52e2cf57a7d19aa37c091,,unique,audited_source_training_record,pre_split_source_candidate
212a,data/raw/v2/ceymo/train/extracted/train/images/212a.jpg,data/raw/v2/ceymo/train/extracted/train/bbox_annotations/212a.xml,SA,SA:3,3,road_marking:3,yes,6e20a5948d8f3c9cdf2279bcfdd0e8706c09a52b495b11cca71ede35a4f3fea3,,unique,audited_source_training_record,pre_split_source_candidate
212b,data/raw/v2/ceymo/train/extracted/train/images/212b.jpg,data/raw/v2/ceymo/train/extracted/train/bbox_annotations/212b.xml,SA,SA:3,3,road_marking:3,yes,2a3aff601a43470dcdd06a47c3c7f45813ed5a71ef46e010da3a3b43adb8d976,,unique,audited_source_training_record,pre_split_source_candidate
212c,data/raw/v2/ceymo/train/extracted/train/images/212c.jpg,data/raw/v2/ceymo/train/extracted/train/bbox_annotations/212c.xml,SA,SA:3,3,road_marking:3,yes,ea08fcf1a970da159ed7d8b338ca54beac1052b6f78b8145ccd80c31b7e98e3c,,unique,audited_source_training_record,pre_split_source_candidate
212d,data/raw/v2/ceymo/train/extracted/train/images/212d.jpg,data/raw/v2/ceymo/train/extracted/train/bbox_annotations/212d.xml,SA,SA:3,3,road_marking:3,yes,ff50c321f5297f022870d28b9fcfe6ed4106d6c8cf4ed033d923ca467531fa41,,unique,audited_source_training_record,pre_split_source_candidate
213,data/raw/v2/ceymo/train/extracted/train/images/213.jpg,data/raw/v2/ceymo/train/extracted/train/bbox_annotations/213.xml,SA,SA:2,2,road_marking:2,yes,945a0c421a744142d655258ed98ba149dbaa6011ac6fd94fd69e995794f9d908,,unique,audited_source_training_record,pre_split_source_candidate
213a,data/raw/v2/ceymo/train/extracted/train/images/213a.jpg,data/raw/v2/ceymo/train/extracted/train/bbox_annotations/213a.xml,SA,SA:2,2,road_marking:2,yes,a178cc4517a8fa76c1d27f6309b90f27426815ec2fdc6fee25c178568f9c7f03,,unique,audited_source_training_record,pre_split_source_candidate
213b,data/raw/v2/ceymo/train/extracted/train/images/213b.jpg,data/raw/v2/ceymo/train/extracted/train/bbox_annotations/213b.xml,SA,SA:2,2,road_marking:2,yes,d1902a6dc83c57475301897fab8ba88f02aa3ab214320227afc0517bcfbba31c,,unique,audited_source_training_record,pre_split_source_candidate
213c,data/raw/v2/ceymo/train/extracted/train/images/213c.jpg,data/raw/v2/ceymo/train/extracted/train/bbox_annotations/213c.xml,SA,SA:2,2,road_marking:2,yes,0d2a590fcdf812e550d2d71a14fae5c8d7f0ece1dd2a2e1a4e0dc19e3b7d4847,,unique,audited_source_training_record,pre_split_source_candidate
213d,data/raw/v2/ceymo/train/extracted/train/images/213d.jpg,data/raw/v2/ceymo/train/extracted/train/bbox_annotations/213d.xml,SA,SA:2,2,road_marking:2,yes,790485f97c7ad568ee9800cbd14ce7a71683a8f93462d1c3cc131c8ed126976b,,unique,audited_source_training_record,pre_split_source_candidate
214,data/raw/v2/ceymo/train/extracted/train/images/214.jpg,data/raw/v2/ceymo/train/extracted/train/bbox_annotations/214.xml,SA,SA:3,3,road_marking:3,yes,64c51bc8fc8987eb2b6d9eb0f002d3f51aba04172c9fe0fb1551bdddd59d2b85,,unique,audited_source_training_record,pre_split_source_candidate
214a,data/raw/v2/ceymo/train/extracted/train/images/214a.jpg,data/raw/v2/ceymo/train/extracted/train/bbox_annotations/214a.xml,SA,SA:2,2,road_marking:2,yes,14eae054298ea5f856c75894d7151b3201e99166813aa8937fbfe645cc9167ce,,unique,audited_source_training_record,pre_split_source_candidate
214b,data/raw/v2/ceymo/train/extracted/train/images/214b.jpg,data/raw/v2/ceymo/train/extracted/train/bbox_annotations/214b.xml,SA,SA:3,3,road_marking:3,yes,de30b9c015690d1b191714761191dc486403f04b7c82307a3a19c9315f35148b,,unique,audited_source_training_record,pre_split_source_candidate
214c,data/raw/v2/ceymo/train/extracted/train/images/214c.jpg,data/raw/v2/ceymo/train/extracted/train/bbox_annotations/214c.xml,SA,SA:3,3,road_marking:3,yes,a626e8e9e0090ffeab432a46d10f5a0e6bac1af3754d7adbb6a52975053c3b2c,,unique,audited_source_training_record,pre_split_source_candidate
215,data/raw/v2/ceymo/train/extracted/train/images/215.jpg,data/raw/v2/ceymo/train/extracted/train/bbox_annotations/215.xml,SA,SA:2,2,road_marking:2,yes,4d03529b491b2f435459f7ea69fb91978281161b6e56be265018c7a4ffcf964a,,unique,audited_source_training_record,pre_split_source_candidate
215a,data/raw/v2/ceymo/train/extracted/train/images/215a.jpg,data/raw/v2/ceymo/train/extracted/train/bbox_annotations/215a.xml,SA,SA:2,2,road_marking:2,yes,4d16a7240e4268d7fdba02e277630dcc1f632b829480dc7d9ed720aae4d5e672,,unique,audited_source_training_record,pre_split_source_candidate
215b,data/raw/v2/ceymo/train/extracted/train/images/215b.jpg,data/raw/v2/ceymo/train/extracted/train/bbox_annotations/215b.xml,SA,SA:2,2,road_marking:2,yes,a3be4aeafdefe4bce5ec143a868849ba26d81814b8ff502ec6080b47d928f764,,unique,audited_source_training_record,pre_split_source_candidate
215c,data/raw/v2/ceymo/train/extracted/train/images/215c.jpg,data/raw/v2/ceymo/train/extracted/train/bbox_annotations/215c.xml,SA,SA:2,2,road_marking:2,yes,037e7f2cb2d4f24f6287ff5864da4076a6492ea35edde1b7ff86d1a8087ad937,,unique,audited_source_training_record,pre_split_source_candidate
216,data/raw/v2/ceymo/train/extracted/train/images/216.jpg,data/raw/v2/ceymo/train/extracted/train/bbox_annotations/216.xml,SL,SL:1,1,road_marking:1,yes,b072d6872faa430b5fe25325c53e9d5f2923dbc67b9aaa54cb58455f7746b808,,unique,audited_source_training_record,pre_split_source_candidate
216a,data/raw/v2/ceymo/train/extracted/train/images/216a.jpg,data/raw/v2/ceymo/train/extracted/train/bbox_annotations/216a.xml,SL,SL:1,1,road_marking:1,yes,6e74b60392b8cbed67b17ba8e82eb3548ac09fc27bb0c98eda5e36ef2a7b8194,,unique,audited_source_training_record,pre_split_source_candidate
216b,data/raw/v2/ceymo/train/extracted/train/images/216b.jpg,data/raw/v2/ceymo/train/extracted/train/bbox_annotations/216b.xml,SL,SL:1,1,road_marking:1,yes,4fbbf706c515253d018b9c8f0d862a18b87461f9037b41b68149544a76527a46,,unique,audited_source_training_record,pre_split_source_candidate
216c,data/raw/v2/ceymo/train/extracted/train/images/216c.jpg,data/raw/v2/ceymo/train/extracted/train/bbox_annotations/216c.xml,SL,SL:1,1,road_marking:1,yes,ec01a358aedc5b6b8a650bfb87682367605d01750675eb21121013a9396d536e,,unique,audited_source_training_record,pre_split_source_candidate
216d,data/raw/v2/ceymo/train/extracted/train/images/216d.jpg,data/raw/v2/ceymo/train/extracted/train/bbox_annotations/216d.xml,SL,SL:1,1,road_marking:1,yes,a069e37f0023204a644ccbcd844e88ee4051f93199501af4efadd86573cf366f,,unique,audited_source_training_record,pre_split_source_candidate
218,data/raw/v2/ceymo/train/extracted/train/images/218.jpg,data/raw/v2/ceymo/train/extracted/train/bbox_annotations/218.xml,SL,SL:2,2,road_marking:2,yes,51e1276bf8c24fe829a4aa5f9fdee45a1d93cdf3824966ef4383ff1667e949e8,,unique,audited_source_training_record,pre_split_source_candidate
218a,data/raw/v2/ceymo/train/extracted/train/images/218a.jpg,data/raw/v2/ceymo/train/extracted/train/bbox_annotations/218a.xml,SL,SL:2,2,road_marking:2,yes,d21bdb91848d3b18264ce00efb6a748fd3c3e8e08cb2675c2becc18e70982151,,unique,audited_source_training_record,pre_split_source_candidate
218b,data/raw/v2/ceymo/train/extracted/train/images/218b.jpg,data/raw/v2/ceymo/train/extracted/train/bbox_annotations/218b.xml,SL,SL:2,2,road_marking:2,yes,d1a6f15bd832c6c5fa36ff51e65532e4f3793ac0f4701e05c96b4ba5ad06d0fb,,unique,audited_source_training_record,pre_split_source_candidate
218c,data/raw/v2/ceymo/train/extracted/train/images/218c.jpg,data/raw/v2/ceymo/train/extracted/train/bbox_annotations/218c.xml,SL,SL:2,2,road_marking:2,yes,93354448f6f72c796531e73a351de8c91b4b3f97b488597d358192be0e0b00f9,,unique,audited_source_training_record,pre_split_source_candidate
218d,data/raw/v2/ceymo/train/extracted/train/images/218d.jpg,data/raw/v2/ceymo/train/extracted/train/bbox_annotations/218d.xml,SL,SL:2,2,road_marking:2,yes,62b7a681e4ed58d88080ad3a0e4dbeaff7910dfa6931cb5a2cdad50765ba7776,,unique,audited_source_training_record,pre_split_source_candidate
219,data/raw/v2/ceymo/train/extracted/train/images/219.jpg,data/raw/v2/ceymo/train/extracted/train/bbox_annotations/219.xml,SA,SA:2,2,road_marking:2,yes,abf837f6002b3fc7171b86d8b93060b6ea93ccf823979d49196fc54d3433a798,,unique,audited_source_training_record,pre_split_source_candidate
219a,data/raw/v2/ceymo/train/extracted/train/images/219a.jpg,data/raw/v2/ceymo/train/extracted/train/bbox_annotations/219a.xml,SA,SA:2,2,road_marking:2,yes,312b822b86527de8e6fa2a48c5abc0ab7dcc1a098749ad3090980d6f893a9254,,unique,audited_source_training_record,pre_split_source_candidate
219b,data/raw/v2/ceymo/train/extracted/train/images/219b.jpg,data/raw/v2/ceymo/train/extracted/train/bbox_annotations/219b.xml,SA,SA:2,2,road_marking:2,yes,28a160bff4bbc2e731d9f6839f0b3308d8e1dd70a9cb00ff26bd7cebe8ebae50,,unique,audited_source_training_record,pre_split_source_candidate
219c,data/raw/v2/ceymo/train/extracted/train/images/219c.jpg,data/raw/v2/ceymo/train/extracted/train/bbox_annotations/219c.xml,SA,SA:2,2,road_marking:2,yes,c28cf6e43e4d214531eee6550f1de6629fb071c20cb19bd01efa79cf45177e0a,,unique,audited_source_training_record,pre_split_source_candidate
219d,data/raw/v2/ceymo/train/extracted/train/images/219d.jpg,data/raw/v2/ceymo/train/extracted/train/bbox_annotations/219d.xml,SA,SA:2,2,road_marking:2,yes,47a37e41cacd75a3e34d6e666df55d754eccaf8fb2a94c68ff83944ba71e69a2,,unique,audited_source_training_record,pre_split_source_candidate
21a,data/raw/v2/ceymo/train/extracted/train/images/21a.jpg,data/raw/v2/ceymo/train/extracted/train/bbox_annotations/21a.xml,SA;SLA,SA:1;SLA:1,2,road_marking:2,yes,42f5dfabe6763e34b7d0e71ea47f32fc12386df507d1606365ac6ac3147581dd,,unique,audited_source_training_record,pre_split_source_candidate
21b,data/raw/v2/ceymo/train/extracted/train/images/21b.jpg,data/raw/v2/ceymo/train/extracted/train/bbox_annotations/21b.xml,SA;SLA,SA:1;SLA:1,2,road_marking:2,yes,64a511aee1851978aac8c4f1f20cde2cfea1ff278c2e776f4939807ad78de661,,unique,audited_source_training_record,pre_split_source_candidate
21c,data/raw/v2/ceymo/train/extracted/train/images/21c.jpg,data/raw/v2/ceymo/train/extracted/train/bbox_annotations/21c.xml,SA;SLA,SA:1;SLA:1,2,road_marking:2,yes,f58f80c56b997347ae1b6997353fb9cf2bb0040d5051b00954cae57d776e4ad9,,unique,audited_source_training_record,pre_split_source_candidate
22,data/raw/v2/ceymo/train/extracted/train/images/22.jpg,data/raw/v2/ceymo/train/extracted/train/bbox_annotations/22.xml,SA,SA:1,1,road_marking:1,yes,d15ea14c0755cde07c86eb414fb6824cf547d03d0b11332823577e031a5e8a43,,unique,audited_source_training_record,pre_split_source_candidate
220,data/raw/v2/ceymo/train/extracted/train/images/220.jpg,data/raw/v2/ceymo/train/extracted/train/bbox_annotations/220.xml,SA;SRA,SA:1;SRA:1,2,road_marking:2,yes,16adc2599d8f09ac6664f128a8f7ba2f8f4751f40e2c627c585f7a210e510fc8,,unique,audited_source_training_record,pre_split_source_candidate
220a,data/raw/v2/ceymo/train/extracted/train/images/220a.jpg,data/raw/v2/ceymo/train/extracted/train/bbox_annotations/220a.xml,SA;SRA,SA:1;SRA:1,2,road_marking:2,yes,787e4429d40070fa36286ec6f19fea8e6ea5f03b7e7df3f7468b709279d0e8dd,,unique,audited_source_training_record,pre_split_source_candidate
220b,data/raw/v2/ceymo/train/extracted/train/images/220b.jpg,data/raw/v2/ceymo/train/extracted/train/bbox_annotations/220b.xml,SA;SRA,SA:1;SRA:1,2,road_marking:2,yes,3970cb5de931b2681559d1a48e634fe30a952b0ad5f120e810c0e955aeb43578,,unique,audited_source_training_record,pre_split_source_candidate
220c,data/raw/v2/ceymo/train/extracted/train/images/220c.jpg,data/raw/v2/ceymo/train/extracted/train/bbox_annotations/220c.xml,SA;SRA,SA:1;SRA:1,2,road_marking:2,yes,80ab67b75d7795499dd637b5a57171b17096f8f3fdb56d55401468dcd88b24b8,,unique,audited_source_training_record,pre_split_source_candidate
220d,data/raw/v2/ceymo/train/extracted/train/images/220d.jpg,data/raw/v2/ceymo/train/extracted/train/bbox_annotations/220d.xml,SA;SRA,SA:1;SRA:1,2,road_marking:2,yes,ebf39c2c6d456059033a4a491af088d02d85a8c02d3368d3df46b4954a994c73,,unique,audited_source_training_record,pre_split_source_candidate
221,data/raw/v2/ceymo/train/extracted/train/images/221.jpg,data/raw/v2/ceymo/train/extracted/train/bbox_annotations/221.xml,RA;SA,RA:1;SA:1,2,road_marking:2,yes,597346482d7bc59e4e51c7b52c0109e2116df23c34e0863455b18452d73bbbca,,unique,audited_source_training_record,pre_split_source_candidate
221a,data/raw/v2/ceymo/train/extracted/train/images/221a.jpg,data/raw/v2/ceymo/train/extracted/train/bbox_annotations/221a.xml,RA;SA,RA:1;SA:1,2,road_marking:2,yes,19930d6ec67d7a8bc0207ffe3c9dfc0337c8dd35035e2e8ba37e9fe55029cee7,,unique,audited_source_training_record,pre_split_source_candidate
221b,data/raw/v2/ceymo/train/extracted/train/images/221b.jpg,data/raw/v2/ceymo/train/extracted/train/bbox_annotations/221b.xml,RA;SA,RA:1;SA:1,2,road_marking:2,yes,17f082e89f6a6d4f9b7d1a345b1c075468966b1eed0f3aced43c997a16a840c1,,unique,audited_source_training_record,pre_split_source_candidate
221c,data/raw/v2/ceymo/train/extracted/train/images/221c.jpg,data/raw/v2/ceymo/train/extracted/train/bbox_annotations/221c.xml,RA;SA,RA:1;SA:1,2,road_marking:2,yes,88a57fe4035a4340abe7b5f19d3fa3994d0ed52e925a04986368cd4a2acbfd4d,,unique,audited_source_training_record,pre_split_source_candidate
223,data/raw/v2/ceymo/train/extracted/train/images/223.jpg,data/raw/v2/ceymo/train/extracted/train/bbox_annotations/223.xml,SA;SLA,SA:1;SLA:1,2,road_marking:2,yes,c63b7b3de1983acbf3c42cb834b533251dad148e415641869f1587501d1fa33f,,unique,audited_source_training_record,pre_split_source_candidate
223a,data/raw/v2/ceymo/train/extracted/train/images/223a.jpg,data/raw/v2/ceymo/train/extracted/train/bbox_annotations/223a.xml,SA;SLA,SA:1;SLA:1,2,road_marking:2,yes,860fdac3572f853cc18f7315e7c31058921275d0191cc1629ce40a604b139710,,unique,audited_source_training_record,pre_split_source_candidate
223b,data/raw/v2/ceymo/train/extracted/train/images/223b.jpg,data/raw/v2/ceymo/train/extracted/train/bbox_annotations/223b.xml,SA;SLA,SA:1;SLA:1,2,road_marking:2,yes,73bdf67beca756190847fb7445875670f0a329918f4da473a4b8d9b05141a072,,unique,audited_source_training_record,pre_split_source_candidate
223c,data/raw/v2/ceymo/train/extracted/train/images/223c.jpg,data/raw/v2/ceymo/train/extracted/train/bbox_annotations/223c.xml,SA;SLA,SA:1;SLA:1,2,road_marking:2,yes,b60be37e8355caa4765b7f8640e30318bcf669b3b8203cd9efc53fc13fbdb5ac,,unique,audited_source_training_record,pre_split_source_candidate
224,data/raw/v2/ceymo/train/extracted/train/images/224.jpg,data/raw/v2/ceymo/train/extracted/train/bbox_annotations/224.xml,SA,SA:1,1,road_marking:1,yes,217aa50e24503170a2a974832c4597dc209e303e79ebba0d517ea5ab2eb9b9e7,,unique,audited_source_training_record,pre_split_source_candidate
224a,data/raw/v2/ceymo/train/extracted/train/images/224a.jpg,data/raw/v2/ceymo/train/extracted/train/bbox_annotations/224a.xml,SA,SA:1,1,road_marking:1,yes,9e428e3cb0a77e9d9827ecd716c4a7b77ba4f78b98a57bdb58446c6d7debdb3a,,unique,audited_source_training_record,pre_split_source_candidate
224b,data/raw/v2/ceymo/train/extracted/train/images/224b.jpg,data/raw/v2/ceymo/train/extracted/train/bbox_annotations/224b.xml,SA,SA:1,1,road_marking:1,yes,1ec4b67950a4f7120fb16ea83540158089c95d89ad394bcd982b60f5b4962bcd,,unique,audited_source_training_record,pre_split_source_candidate
224c,data/raw/v2/ceymo/train/extracted/train/images/224c.jpg,data/raw/v2/ceymo/train/extracted/train/bbox_annotations/224c.xml,SA,SA:1,1,road_marking:1,yes,dba8fb79c254e750dea4cb83f5b2d5130ed88ead78cf9020928000bb5f4d221e,,unique,audited_source_training_record,pre_split_source_candidate
225,data/raw/v2/ceymo/train/extracted/train/images/225.jpg,data/raw/v2/ceymo/train/extracted/train/bbox_annotations/225.xml,RA;SA,RA:2;SA:2,4,road_marking:4,yes,96d5c5578e3baea710b1207ad77b6fc02db7cf8a304060eaddee7410e7d55612,,unique,audited_source_training_record,pre_split_source_candidate
225a,data/raw/v2/ceymo/train/extracted/train/images/225a.jpg,data/raw/v2/ceymo/train/extracted/train/bbox_annotations/225a.xml,RA;SA,RA:2;SA:2,4,road_marking:4,yes,9f2487c7071b40f22f707df2a80d8b0f8251d7749dbe75de1d73356d07b2bd96,,unique,audited_source_training_record,pre_split_source_candidate
225b,data/raw/v2/ceymo/train/extracted/train/images/225b.jpg,data/raw/v2/ceymo/train/extracted/train/bbox_annotations/225b.xml,RA;SA,RA:2;SA:2,4,road_marking:4,yes,9c16334f2053d133cdfe828101a8f33323f10f026ac4c759b4d70a6e8516784d,,unique,audited_source_training_record,pre_split_source_candidate
226,data/raw/v2/ceymo/train/extracted/train/images/226.jpg,data/raw/v2/ceymo/train/extracted/train/bbox_annotations/226.xml,RA;SA,RA:1;SA:1,2,road_marking:2,yes,2dba2eaaca8fb807e9779c2a400011b2863a5bac474c56b7bd6002167e30d524,,unique,audited_source_training_record,pre_split_source_candidate
226a,data/raw/v2/ceymo/train/extracted/train/images/226a.jpg,data/raw/v2/ceymo/train/extracted/train/bbox_annotations/226a.xml,RA;SA,RA:1;SA:1,2,road_marking:2,yes,48549cc28b56364155b5681bfa55be4525fe29828dd2c5035ba272a843185f0a,,unique,audited_source_training_record,pre_split_source_candidate
226b,data/raw/v2/ceymo/train/extracted/train/images/226b.jpg,data/raw/v2/ceymo/train/extracted/train/bbox_annotations/226b.xml,RA;SA,RA:1;SA:1,2,road_marking:2,yes,097d3bba312904d047427c173fad1ec2eda72643531271ecacdd0a3525fc728d,,unique,audited_source_training_record,pre_split_source_candidate
226c,data/raw/v2/ceymo/train/extracted/train/images/226c.jpg,data/raw/v2/ceymo/train/extracted/train/bbox_annotations/226c.xml,RA;SA,RA:1;SA:1,2,road_marking:2,yes,8e7bffc66abc5a542ffb74d36064435f94f51e1d0910bda0afb273692f71383b,,unique,audited_source_training_record,pre_split_source_candidate
227,data/raw/v2/ceymo/train/extracted/train/images/227.jpg,data/raw/v2/ceymo/train/extracted/train/bbox_annotations/227.xml,LA;SA,LA:1;SA:2,3,road_marking:3,yes,4cf8c9b0ea317018ab79917165191e9d0ed4c7bf70ebe0228f9b2a28a3a862f3,,unique,audited_source_training_record,pre_split_source_candidate
227a,data/raw/v2/ceymo/train/extracted/train/images/227a.jpg,data/raw/v2/ceymo/train/extracted/train/bbox_annotations/227a.xml,SA,SA:2,2,road_marking:2,yes,2801d8ebe482226352d683ce824464cc805c9d45dad0c1d4dda7b833cb905ed8,,unique,audited_source_training_record,pre_split_source_candidate
227b,data/raw/v2/ceymo/train/extracted/train/images/227b.jpg,data/raw/v2/ceymo/train/extracted/train/bbox_annotations/227b.xml,LA;SA,LA:1;SA:2,3,road_marking:3,yes,517e4f0c7ab070ac8b9a190a03fcebbf339bb81428314be32b82e371b8d11e5e,,unique,audited_source_training_record,pre_split_source_candidate
227c,data/raw/v2/ceymo/train/extracted/train/images/227c.jpg,data/raw/v2/ceymo/train/extracted/train/bbox_annotations/227c.xml,LA;SA,LA:1;SA:2,3,road_marking:3,yes,f67025094bf7ecb527322493326e136cbaf00c82e17d910a7d39fa06ce011684,,unique,audited_source_training_record,pre_split_source_candidate
228,data/raw/v2/ceymo/train/extracted/train/images/228.jpg,data/raw/v2/ceymo/train/extracted/train/bbox_annotations/228.xml,SA,SA:2,2,road_marking:2,yes,e489ae2b9f17bb869eac44b7ba81aecf0babdf7ad96fe6890fc96c3549250736,,unique,audited_source_training_record,pre_split_source_candidate
228a,data/raw/v2/ceymo/train/extracted/train/images/228a.jpg,data/raw/v2/ceymo/train/extracted/train/bbox_annotations/228a.xml,SA,SA:2,2,road_marking:2,yes,0822885ab8e084192e22b1c3c5a34052d2c3cb6ae59c15312464baf13dab9366,,unique,audited_source_training_record,pre_split_source_candidate
228b,data/raw/v2/ceymo/train/extracted/train/images/228b.jpg,data/raw/v2/ceymo/train/extracted/train/bbox_annotations/228b.xml,SA,SA:2,2,road_marking:2,yes,2cf17e2dfb5fdc55ca7f92a0185f5315bffb7c8c5fabb8ceb152b2d52c9700c3,,unique,audited_source_training_record,pre_split_source_candidate
228c,data/raw/v2/ceymo/train/extracted/train/images/228c.jpg,data/raw/v2/ceymo/train/extracted/train/bbox_annotations/228c.xml,LA;SA,LA:1;SA:2,3,road_marking:3,yes,b14e35f0fe7036572c453b075b62bc8f7a75973fad235359cf27d86f5dbc2c50,,unique,audited_source_training_record,pre_split_source_candidate
228d,data/raw/v2/ceymo/train/extracted/train/images/228d.jpg,data/raw/v2/ceymo/train/extracted/train/bbox_annotations/228d.xml,LA;SA,LA:1;SA:2,3,road_marking:3,yes,7671f9af07397f408920054f5bf876e6f5f850a1b84c7b68681b2188762dad9e,,unique,audited_source_training_record,pre_split_source_candidate
229,data/raw/v2/ceymo/train/extracted/train/images/229.jpg,data/raw/v2/ceymo/train/extracted/train/bbox_annotations/229.xml,LA;SA,LA:1;SA:1,2,road_marking:2,yes,dd17be1265db09d6d1da437dc7d5f38d3d537aff35bb8529a1900bd66027c341,,unique,audited_source_training_record,pre_split_source_candidate
229a,data/raw/v2/ceymo/train/extracted/train/images/229a.jpg,data/raw/v2/ceymo/train/extracted/train/bbox_annotations/229a.xml,LA;SA,LA:1;SA:1,2,road_marking:2,yes,1a168169e45fe47dfb67ce9bf8dafd40f2fb6887de3c29f58a98a644295decc1,,unique,audited_source_training_record,pre_split_source_candidate
22a,data/raw/v2/ceymo/train/extracted/train/images/22a.jpg,data/raw/v2/ceymo/train/extracted/train/bbox_annotations/22a.xml,SA,SA:1,1,road_marking:1,yes,329944efcc47636ca5071c7b076e00a88bf14dad37efde97f66f04b3158c21ff,,unique,audited_source_training_record,pre_split_source_candidate
22b,data/raw/v2/ceymo/train/extracted/train/images/22b.jpg,data/raw/v2/ceymo/train/extracted/train/bbox_annotations/22b.xml,SA,SA:1,1,road_marking:1,yes,63589cfabf8e54b670e06b1cf82c5ecb77691ce063f3e9fc787712122bc75c1b,,unique,audited_source_training_record,pre_split_source_candidate
22c,data/raw/v2/ceymo/train/extracted/train/images/22c.jpg,data/raw/v2/ceymo/train/extracted/train/bbox_annotations/22c.xml,SA,SA:1,1,road_marking:1,yes,22fddf59b5a94a0fad1f54a376d54d19acbd7fa1503a24b90fb2844755e53490,,unique,audited_source_training_record,pre_split_source_candidate
22d,data/raw/v2/ceymo/train/extracted/train/images/22d.jpg,data/raw/v2/ceymo/train/extracted/train/bbox_annotations/22d.xml,SA,SA:1,1,road_marking:1,yes,8d51b2795134f57265f6a9078e32bad2a8df7bdc0b3d19ab7301229ca4f538c5,,unique,audited_source_training_record,pre_split_source_candidate
230,data/raw/v2/ceymo/train/extracted/train/images/230.jpg,data/raw/v2/ceymo/train/extracted/train/bbox_annotations/230.xml,LA;SA,LA:1;SA:1,2,road_marking:2,yes,1b99a5b9532bbcb96baecf7f9003c4d4012227054597ce96adcf0d709fa0b6bd,,unique,audited_source_training_record,pre_split_source_candidate
230a,data/raw/v2/ceymo/train/extracted/train/images/230a.jpg,data/raw/v2/ceymo/train/extracted/train/bbox_annotations/230a.xml,SA,SA:1,1,road_marking:1,yes,43bed77645c7ea1bb8d891a7bc1e6124588301265fe480a96002551488ac8fc0,,unique,audited_source_training_record,pre_split_source_candidate
230b,data/raw/v2/ceymo/train/extracted/train/images/230b.jpg,data/raw/v2/ceymo/train/extracted/train/bbox_annotations/230b.xml,LA;SA,LA:1;SA:1,2,road_marking:2,yes,db8570a6f454da3175190d63a6012bdfeba4a8c04667e6ed6e67a0c3086f9dad,,unique,audited_source_training_record,pre_split_source_candidate
230c,data/raw/v2/ceymo/train/extracted/train/images/230c.jpg,data/raw/v2/ceymo/train/extracted/train/bbox_annotations/230c.xml,LA;SA,LA:1;SA:1,2,road_marking:2,yes,74b3733789dcd654d27c7a9d90b3f1a99f945cb230902d2fe64c629e1f46b0f8,,unique,audited_source_training_record,pre_split_source_candidate
231,data/raw/v2/ceymo/train/extracted/train/images/231.jpg,data/raw/v2/ceymo/train/extracted/train/bbox_annotations/231.xml,LA;SA,LA:1;SA:1,2,road_marking:2,yes,1fbc3e1a0b7ca6e9c8389d0238b016917cfb83c7437a561f2cd9433bcafe49a6,,unique,audited_source_training_record,pre_split_source_candidate
232,data/raw/v2/ceymo/train/extracted/train/images/232.jpg,data/raw/v2/ceymo/train/extracted/train/bbox_annotations/232.xml,SA,SA:2,2,road_marking:2,yes,ec23b6a819fffedcaf76e1ff6dd78bc53578d0d3ffc40e45de0b574c22e69708,,unique,audited_source_training_record,pre_split_source_candidate
234,data/raw/v2/ceymo/train/extracted/train/images/234.jpg,data/raw/v2/ceymo/train/extracted/train/bbox_annotations/234.xml,SA;SLA,SA:1;SLA:1,2,road_marking:2,yes,bd90ed414928dc0b80732f6159b7b050801ea4a612a99db4a82bfcd33dd4a89b,,unique,audited_source_training_record,pre_split_source_candidate
234a,data/raw/v2/ceymo/train/extracted/train/images/234a.jpg,data/raw/v2/ceymo/train/extracted/train/bbox_annotations/234a.xml,SA;SLA,SA:1;SLA:1,2,road_marking:2,yes,93b4ec0b2dd19e5aed313aedca9107ccd3a8893ad451d11cff843dce456ee1be,,unique,audited_source_training_record,pre_split_source_candidate
234b,data/raw/v2/ceymo/train/extracted/train/images/234b.jpg,data/raw/v2/ceymo/train/extracted/train/bbox_annotations/234b.xml,SA;SLA,SA:1;SLA:1,2,road_marking:2,yes,eb090343abd11e051f23993908b9f35a596634c883e117bd64ba92d2598fedbc,,unique,audited_source_training_record,pre_split_source_candidate
234c,data/raw/v2/ceymo/train/extracted/train/images/234c.jpg,data/raw/v2/ceymo/train/extracted/train/bbox_annotations/234c.xml,SA;SLA,SA:1;SLA:1,2,road_marking:2,yes,63137e48ffd560a25e78a5e7863787e7a6c00cbb083a1cab6a19dcb77e2b8e2b,,unique,audited_source_training_record,pre_split_source_candidate
234d,data/raw/v2/ceymo/train/extracted/train/images/234d.jpg,data/raw/v2/ceymo/train/extracted/train/bbox_annotations/234d.xml,SA;SLA,SA:1;SLA:1,2,road_marking:2,yes,9dd8e0ce82c419b8e3d620bec85d735b1c97ddbdb8efa471c9cd909d8d3989b9,,unique,audited_source_training_record,pre_split_source_candidate
235,data/raw/v2/ceymo/train/extracted/train/images/235.jpg,data/raw/v2/ceymo/train/extracted/train/bbox_annotations/235.xml,SA;SLA,SA:1;SLA:1,2,road_marking:2,yes,85fea956776bef8bae59422778c11e1203c3db3b89d92bb4b7dc2a3ba4be6423,,unique,audited_source_training_record,pre_split_source_candidate
235a,data/raw/v2/ceymo/train/extracted/train/images/235a.jpg,data/raw/v2/ceymo/train/extracted/train/bbox_annotations/235a.xml,SLA,SLA:1,1,road_marking:1,yes,b4517c03ce4e08c35a48756cc3cd6360ea4e90cd6566cefb3a8db6be9c3fee74,,unique,audited_source_training_record,pre_split_source_candidate
235b,data/raw/v2/ceymo/train/extracted/train/images/235b.jpg,data/raw/v2/ceymo/train/extracted/train/bbox_annotations/235b.xml,SA;SLA,SA:1;SLA:1,2,road_marking:2,yes,5fdfad5511488465eaa6e1101ac9860e4f861b9f1d21340c709b45b0a06346d5,,unique,audited_source_training_record,pre_split_source_candidate
235c,data/raw/v2/ceymo/train/extracted/train/images/235c.jpg,data/raw/v2/ceymo/train/extracted/train/bbox_annotations/235c.xml,SA;SLA,SA:1;SLA:1,2,road_marking:2,yes,b67bb9a70417863ae61297bb8f67c471442e6fb7bb9b8ffe2297b11d589fd845,,unique,audited_source_training_record,pre_split_source_candidate
235d,data/raw/v2/ceymo/train/extracted/train/images/235d.jpg,data/raw/v2/ceymo/train/extracted/train/bbox_annotations/235d.xml,SA;SLA,SA:1;SLA:1,2,road_marking:2,yes,6562bbe42b8f9fa7ea7043c972759cce3b777aeefbb2bac9f18768095462def8,,unique,audited_source_training_record,pre_split_source_candidate
236,data/raw/v2/ceymo/train/extracted/train/images/236.jpg,data/raw/v2/ceymo/train/extracted/train/bbox_annotations/236.xml,SL,SL:3,3,road_marking:3,yes,dc81991fa1bdb189c17f45e612a863695889de61cdaa1037e5f4ef168c575965,,unique,audited_source_training_record,pre_split_source_candidate
236a,data/raw/v2/ceymo/train/extracted/train/images/236a.jpg,data/raw/v2/ceymo/train/extracted/train/bbox_annotations/236a.xml,SL,SL:3,3,road_marking:3,yes,9b023a6afb000d34b5a8e705f3e5e46e72331da7ff20a7b6638746cf722ba197,,unique,audited_source_training_record,pre_split_source_candidate
236b,data/raw/v2/ceymo/train/extracted/train/images/236b.jpg,data/raw/v2/ceymo/train/extracted/train/bbox_annotations/236b.xml,SL,SL:3,3,road_marking:3,yes,555b3bfb2fefcc6a21a0ec51f6a20311c6b56a1c6e77e87c8c0af83715a1e204,,unique,audited_source_training_record,pre_split_source_candidate
236c,data/raw/v2/ceymo/train/extracted/train/images/236c.jpg,data/raw/v2/ceymo/train/extracted/train/bbox_annotations/236c.xml,SL,SL:3,3,road_marking:3,yes,9887f876ecc8086f2b8a4758a282a97c74743db3bc8dbd8565fc4dc3621568ed,,unique,audited_source_training_record,pre_split_source_candidate
236d,data/raw/v2/ceymo/train/extracted/train/images/236d.jpg,data/raw/v2/ceymo/train/extracted/train/bbox_annotations/236d.xml,SL,SL:3,3,road_marking:3,yes,6750f13758eba17653926b172828ab1e642a1c5753c770a90109154c11591bc9,,unique,audited_source_training_record,pre_split_source_candidate
237,data/raw/v2/ceymo/train/extracted/train/images/237.jpg,data/raw/v2/ceymo/train/extracted/train/bbox_annotations/237.xml,LA;RA,LA:2;RA:1,3,road_marking:3,yes,697c2856678b0d23c4c77eb7febeb0a982d049ed728ab8c0cdf1f0ffa482da73,,unique,audited_source_training_record,pre_split_source_candidate
237a,data/raw/v2/ceymo/train/extracted/train/images/237a.jpg,data/raw/v2/ceymo/train/extracted/train/bbox_annotations/237a.xml,LA,LA:2,2,road_marking:2,yes,21224814e9dfc630ba716926ffb44e7f0f228def0da13619a39e1b56a940dc8b,,unique,audited_source_training_record,pre_split_source_candidate
237b,data/raw/v2/ceymo/train/extracted/train/images/237b.jpg,data/raw/v2/ceymo/train/extracted/train/bbox_annotations/237b.xml,LA,LA:2,2,road_marking:2,yes,1e386041d23a1502f83fdde16ce7ef10a6d33889cc92d7edffe6d46f9c2f4eb7,,unique,audited_source_training_record,pre_split_source_candidate
238,data/raw/v2/ceymo/train/extracted/train/images/238.jpg,data/raw/v2/ceymo/train/extracted/train/bbox_annotations/238.xml,LA;RA,LA:1;RA:1,2,road_marking:2,yes,76c65d6a347d8a69aef1cb1d4516ced8b73935225c154b805008a8984f9ba34c,,unique,audited_source_training_record,pre_split_source_candidate
238a,data/raw/v2/ceymo/train/extracted/train/images/238a.jpg,data/raw/v2/ceymo/train/extracted/train/bbox_annotations/238a.xml,LA,LA:1,1,road_marking:1,yes,89043a5d96e6a3e275e7ba49bcfc0a5bc1ab266e3cd977986c54970f1a324d18,,unique,audited_source_training_record,pre_split_source_candidate
238b,data/raw/v2/ceymo/train/extracted/train/images/238b.jpg,data/raw/v2/ceymo/train/extracted/train/bbox_annotations/238b.xml,LA;RA,LA:1;RA:1,2,road_marking:2,yes,7c28d1442bda39e44c8a8b28c67831aa8307c4a0cb90021861d98604297720ad,,unique,audited_source_training_record,pre_split_source_candidate
239,data/raw/v2/ceymo/train/extracted/train/images/239.jpg,data/raw/v2/ceymo/train/extracted/train/bbox_annotations/239.xml,RA;SA,RA:1;SA:1,2,road_marking:2,yes,7ff29b0c954b0a90ad8ed5c23de0bb0bdf8551a07cb52c3dc5a1ba20ef32241e,,unique,audited_source_training_record,pre_split_source_candidate
239a,data/raw/v2/ceymo/train/extracted/train/images/239a.jpg,data/raw/v2/ceymo/train/extracted/train/bbox_annotations/239a.xml,RA,RA:1,1,road_marking:1,yes,2eed9bcd7980106fd20718a6ba8173bef4b61aca85d7b43957c3873db132dd0f,,unique,audited_source_training_record,pre_split_source_candidate
239b,data/raw/v2/ceymo/train/extracted/train/images/239b.jpg,data/raw/v2/ceymo/train/extracted/train/bbox_annotations/239b.xml,RA;SA,RA:2;SA:1,3,road_marking:3,yes,184fe047ae4b330aa067fce592f0d5c1064920ac805c9aaf6a5885cde748f017,,unique,audited_source_training_record,pre_split_source_candidate
239c,data/raw/v2/ceymo/train/extracted/train/images/239c.jpg,data/raw/v2/ceymo/train/extracted/train/bbox_annotations/239c.xml,RA;SA,RA:1;SA:1,2,road_marking:2,yes,ccf2b65c7aabca328afe913ccb78ecc6398434b1883f4cfbfd25b085b96d0448,,unique,audited_source_training_record,pre_split_source_candidate
24,data/raw/v2/ceymo/train/extracted/train/images/24.jpg,data/raw/v2/ceymo/train/extracted/train/bbox_annotations/24.xml,BL;SA,BL:1;SA:1,2,road_marking:2,yes,2565c3ce006c7910ccf05cfcc8caefd6192fdc15d818661e770c779173061ed3,,unique,audited_source_training_record,pre_split_source_candidate
246,data/raw/v2/ceymo/train/extracted/train/images/246.jpg,data/raw/v2/ceymo/train/extracted/train/bbox_annotations/246.xml,RA;SRA,RA:1;SRA:1,2,road_marking:2,yes,69c9792e69a29de6226eb6a59c8029db264f8659b862d02321d8b36e19bab89e,,unique,audited_source_training_record,pre_split_source_candidate
246a,data/raw/v2/ceymo/train/extracted/train/images/246a.jpg,data/raw/v2/ceymo/train/extracted/train/bbox_annotations/246a.xml,SRA,SRA:1,1,road_marking:1,yes,71f8d016e65fc38f2a26259d261f25f996b6e3af4feef517d77263769cfc9ad5,,unique,audited_source_training_record,pre_split_source_candidate
246b,data/raw/v2/ceymo/train/extracted/train/images/246b.jpg,data/raw/v2/ceymo/train/extracted/train/bbox_annotations/246b.xml,SRA,SRA:1,1,road_marking:1,yes,e81dd7afad719f14da44cd879c378a5b6cf642beca83c5c38169d13c3a41ef48,,unique,audited_source_training_record,pre_split_source_candidate
24a,data/raw/v2/ceymo/train/extracted/train/images/24a.jpg,data/raw/v2/ceymo/train/extracted/train/bbox_annotations/24a.xml,BL;SA,BL:1;SA:1,2,road_marking:2,yes,5d93cfe5061525eb9c382de3285cfca8d7a03c43e9d7e41a0d2b7a6d5b88ea52,,unique,audited_source_training_record,pre_split_source_candidate
24b,data/raw/v2/ceymo/train/extracted/train/images/24b.jpg,data/raw/v2/ceymo/train/extracted/train/bbox_annotations/24b.xml,BL,BL:1,1,road_marking:1,yes,756a90f7f576b7defafe1ce803073de1f7494fb00826221ce5c24ff2b352fb93,,unique,audited_source_training_record,pre_split_source_candidate
25,data/raw/v2/ceymo/train/extracted/train/images/25.jpg,data/raw/v2/ceymo/train/extracted/train/bbox_annotations/25.xml,PC,PC:1,1,road_marking:1,yes,5b73d17b8d03725ad7c9a0f5d2602098274a47ae5dedcd9d55a8522c570127b7,,unique,audited_source_training_record,pre_split_source_candidate
250,data/raw/v2/ceymo/train/extracted/train/images/250.jpg,data/raw/v2/ceymo/train/extracted/train/bbox_annotations/250.xml,CL,CL:1,1,road_marking:1,yes,2bc072bf1e213dfedf847374748b8483e6da7631797831c9547f0bcbcc2bf49c,,unique,audited_source_training_record,pre_split_source_candidate
250a,data/raw/v2/ceymo/train/extracted/train/images/250a.jpg,data/raw/v2/ceymo/train/extracted/train/bbox_annotations/250a.xml,CL,CL:1,1,road_marking:1,yes,7f18ec4a73d18174609fa4b73c335e54cc74f3eb2f6a3f52396b3bc10952d7de,,unique,audited_source_training_record,pre_split_source_candidate
250b,data/raw/v2/ceymo/train/extracted/train/images/250b.jpg,data/raw/v2/ceymo/train/extracted/train/bbox_annotations/250b.xml,CL,CL:1,1,road_marking:1,yes,6d1d33c739a2fa37f92ef89327030382c8de4a0db3c00d9c7cdc73b55b2a43ac,,unique,audited_source_training_record,pre_split_source_candidate
250c,data/raw/v2/ceymo/train/extracted/train/images/250c.jpg,data/raw/v2/ceymo/train/extracted/train/bbox_annotations/250c.xml,CL,CL:1,1,road_marking:1,yes,0b7cb7660a5ca7a568941e9ca8a7d414eb3a06a963130760a955de4941dbf183,,unique,audited_source_training_record,pre_split_source_candidate
250d,data/raw/v2/ceymo/train/extracted/train/images/250d.jpg,data/raw/v2/ceymo/train/extracted/train/bbox_annotations/250d.xml,CL,CL:1,1,road_marking:1,yes,85cdc6ebe6a18dad6826c23a7e68da5900a64279d884732720c108574330ee40,,unique,audited_source_training_record,pre_split_source_candidate
253,data/raw/v2/ceymo/train/extracted/train/images/253.jpg,data/raw/v2/ceymo/train/extracted/train/bbox_annotations/253.xml,CL,CL:1,1,road_marking:1,yes,7ff435c97701ea498dc2cbb379a3f146a0081fd6e17fa0c6e2af6cc902ab1e07,,unique,audited_source_training_record,pre_split_source_candidate
253a,data/raw/v2/ceymo/train/extracted/train/images/253a.jpg,data/raw/v2/ceymo/train/extracted/train/bbox_annotations/253a.xml,CL,CL:1,1,road_marking:1,yes,ea6c9014c06864c843da664efeb0265fadb13a3523b46f5705ab96fe961ad6c6,,unique,audited_source_training_record,pre_split_source_candidate
253b,data/raw/v2/ceymo/train/extracted/train/images/253b.jpg,data/raw/v2/ceymo/train/extracted/train/bbox_annotations/253b.xml,CL,CL:1,1,road_marking:1,yes,bd8df12a90fbb26210abe82727c52080a8af608bc970cc5217e4d5218ed1776d,,unique,audited_source_training_record,pre_split_source_candidate
253c,data/raw/v2/ceymo/train/extracted/train/images/253c.jpg,data/raw/v2/ceymo/train/extracted/train/bbox_annotations/253c.xml,CL,CL:1,1,road_marking:1,yes,e3305e8021f16099f8976730e4015a31f967d485d825480ff9ddf526da2374d9,,unique,audited_source_training_record,pre_split_source_candidate
253d,data/raw/v2/ceymo/train/extracted/train/images/253d.jpg,data/raw/v2/ceymo/train/extracted/train/bbox_annotations/253d.xml,CL,CL:1,1,road_marking:1,yes,da056d7350a69e1804f1bd9b66e5d5ba2e85e3179c132c2e5666dd5925e3b958,,unique,audited_source_training_record,pre_split_source_candidate
255,data/raw/v2/ceymo/train/extracted/train/images/255.jpg,data/raw/v2/ceymo/train/extracted/train/bbox_annotations/255.xml,CL,CL:1,1,road_marking:1,yes,2c0220ac56f6f6f0eecdd7d741daa3a41aec6a52046f485c7dd6f44f17060a83,,unique,audited_source_training_record,pre_split_source_candidate
255a,data/raw/v2/ceymo/train/extracted/train/images/255a.jpg,data/raw/v2/ceymo/train/extracted/train/bbox_annotations/255a.xml,CL,CL:1,1,road_marking:1,yes,c576f6d83bcfdcd5854e658a9e5546191447e7d596b0e527bb16be99e308f321,,unique,audited_source_training_record,pre_split_source_candidate
255b,data/raw/v2/ceymo/train/extracted/train/images/255b.jpg,data/raw/v2/ceymo/train/extracted/train/bbox_annotations/255b.xml,CL,CL:1,1,road_marking:1,yes,d185213bf00f46e9393578255afd36b40098c06934e6c5c5f4e87ab1e863d4a1,,unique,audited_source_training_record,pre_split_source_candidate
255c,data/raw/v2/ceymo/train/extracted/train/images/255c.jpg,data/raw/v2/ceymo/train/extracted/train/bbox_annotations/255c.xml,CL,CL:1,1,road_marking:1,yes,40622a18c26695d56e0aa5a2a4fae0a7ae9312b0e2ff1e61d07ade51968d4159,,unique,audited_source_training_record,pre_split_source_candidate
255d,data/raw/v2/ceymo/train/extracted/train/images/255d.jpg,data/raw/v2/ceymo/train/extracted/train/bbox_annotations/255d.xml,CL,CL:1,1,road_marking:1,yes,bca163e89ccc73394d115602573f3bcfa4eca27c689493042634b4a64bdc88ad,,unique,audited_source_training_record,pre_split_source_candidate
257,data/raw/v2/ceymo/train/extracted/train/images/257.jpg,data/raw/v2/ceymo/train/extracted/train/bbox_annotations/257.xml,CL,CL:1,1,road_marking:1,yes,af9ec7bc85e63f1804a8bcebc88b03ae55aa8528c1b720250a107d5d6726afd2,,unique,audited_source_training_record,pre_split_source_candidate
257a,data/raw/v2/ceymo/train/extracted/train/images/257a.jpg,data/raw/v2/ceymo/train/extracted/train/bbox_annotations/257a.xml,CL,CL:1,1,road_marking:1,yes,1247d78685289e5c2316046111cf4ab72260d50c5472769b2b44d8fb6222bbf7,,unique,audited_source_training_record,pre_split_source_candidate
257b,data/raw/v2/ceymo/train/extracted/train/images/257b.jpg,data/raw/v2/ceymo/train/extracted/train/bbox_annotations/257b.xml,CL,CL:1,1,road_marking:1,yes,361e6cc416d711d392f359e731ee0dad713c9a67708934fb21008efc97cbf29a,,unique,audited_source_training_record,pre_split_source_candidate
257c,data/raw/v2/ceymo/train/extracted/train/images/257c.jpg,data/raw/v2/ceymo/train/extracted/train/bbox_annotations/257c.xml,CL,CL:1,1,road_marking:1,yes,eca5b8a30b73cfcabc012dd47af099a1396e4db610260b153b6c1aa2c40297aa,,unique,audited_source_training_record,pre_split_source_candidate
257d,data/raw/v2/ceymo/train/extracted/train/images/257d.jpg,data/raw/v2/ceymo/train/extracted/train/bbox_annotations/257d.xml,CL,CL:1,1,road_marking:1,yes,a239ff94d34d06d64d75f5ae3f0acc756f98ee01020f1053c6d9cc34b7f83541,,unique,audited_source_training_record,pre_split_source_candidate
258,data/raw/v2/ceymo/train/extracted/train/images/258.jpg,data/raw/v2/ceymo/train/extracted/train/bbox_annotations/258.xml,CL,CL:1,1,road_marking:1,yes,46889869e98db0e44d70e859028196f07c24e983f76578104bddcebf3fcb647e,,unique,audited_source_training_record,pre_split_source_candidate
258a,data/raw/v2/ceymo/train/extracted/train/images/258a.jpg,data/raw/v2/ceymo/train/extracted/train/bbox_annotations/258a.xml,CL,CL:1,1,road_marking:1,yes,51306ef4e34b994fa266bbe3bb9449efeb09fc250d0242291ac3442b2b86097b,,unique,audited_source_training_record,pre_split_source_candidate
258b,data/raw/v2/ceymo/train/extracted/train/images/258b.jpg,data/raw/v2/ceymo/train/extracted/train/bbox_annotations/258b.xml,CL,CL:1,1,road_marking:1,yes,f51fc876a4e117719f0a64d662a1b8b252116179dbf1eaad7be5acbed5b4c1e2,,unique,audited_source_training_record,pre_split_source_candidate
258c,data/raw/v2/ceymo/train/extracted/train/images/258c.jpg,data/raw/v2/ceymo/train/extracted/train/bbox_annotations/258c.xml,CL,CL:1,1,road_marking:1,yes,8df47a86897350351b0941bb184a57706d5fcd6dde926213862d8e80a781593a,,unique,audited_source_training_record,pre_split_source_candidate
258d,data/raw/v2/ceymo/train/extracted/train/images/258d.jpg,data/raw/v2/ceymo/train/extracted/train/bbox_annotations/258d.xml,CL,CL:1,1,road_marking:1,yes,0d82fc986ffcc230b6cdd35f6a347235ae558a26abc9b4d9b27a35de32f3c7e5,,unique,audited_source_training_record,pre_split_source_candidate
25a,data/raw/v2/ceymo/train/extracted/train/images/25a.jpg,data/raw/v2/ceymo/train/extracted/train/bbox_annotations/25a.xml,PC,PC:1,1,road_marking:1,yes,75e98a489e4857ea01f2019010bdc43eb9004d77dc1373439156f26bde908ab5,,unique,audited_source_training_record,pre_split_source_candidate
25b,data/raw/v2/ceymo/train/extracted/train/images/25b.jpg,data/raw/v2/ceymo/train/extracted/train/bbox_annotations/25b.xml,PC,PC:1,1,road_marking:1,yes,c87fe5cbacff673943f92799e38bdae84ef09b811f32a60652352e50a50707f7,,unique,audited_source_training_record,pre_split_source_candidate
26,data/raw/v2/ceymo/train/extracted/train/images/26.jpg,data/raw/v2/ceymo/train/extracted/train/bbox_annotations/26.xml,BL;SA,BL:1;SA:1,2,road_marking:2,yes,1f874ed95bb58f8f940ae64981b430c22590c11613c4cf7fa1ee686b1929d0e7,,unique,audited_source_training_record,pre_split_source_candidate
261,data/raw/v2/ceymo/train/extracted/train/images/261.jpg,data/raw/v2/ceymo/train/extracted/train/bbox_annotations/261.xml,CL,CL:1,1,road_marking:1,yes,368a809702808734f8d8baa49872c6354ea057c623b9b000424b7244756d4e30,,unique,audited_source_training_record,pre_split_source_candidate
261a,data/raw/v2/ceymo/train/extracted/train/images/261a.jpg,data/raw/v2/ceymo/train/extracted/train/bbox_annotations/261a.xml,CL,CL:1,1,road_marking:1,yes,30b36dfa36427ced35b5aeed2662a833d618582b42ae9b9add2f07e397d0da78,,unique,audited_source_training_record,pre_split_source_candidate
261b,data/raw/v2/ceymo/train/extracted/train/images/261b.jpg,data/raw/v2/ceymo/train/extracted/train/bbox_annotations/261b.xml,CL,CL:1,1,road_marking:1,yes,2179d90c7b87b2c2f19f7c45046e834db435b67346fa2482ca320a823b2f23c9,,unique,audited_source_training_record,pre_split_source_candidate
261c,data/raw/v2/ceymo/train/extracted/train/images/261c.jpg,data/raw/v2/ceymo/train/extracted/train/bbox_annotations/261c.xml,CL,CL:1,1,road_marking:1,yes,3f690ac7cef3b35793f022e52b3291949005c973614dcfa35665fc5188c52255,,unique,audited_source_training_record,pre_split_source_candidate
261d,data/raw/v2/ceymo/train/extracted/train/images/261d.jpg,data/raw/v2/ceymo/train/extracted/train/bbox_annotations/261d.xml,CL,CL:1,1,road_marking:1,yes,833bf87b2d897e202cb60b8bc952807067b8053d00eaa463d45824a187088578,,unique,audited_source_training_record,pre_split_source_candidate
261e,data/raw/v2/ceymo/train/extracted/train/images/261e.jpg,data/raw/v2/ceymo/train/extracted/train/bbox_annotations/261e.xml,CL,CL:1,1,road_marking:1,yes,170d5607a9960ee849550558988ff6832f53b307b919dcf6f49db064bd90d97e,,unique,audited_source_training_record,pre_split_source_candidate
263,data/raw/v2/ceymo/train/extracted/train/images/263.jpg,data/raw/v2/ceymo/train/extracted/train/bbox_annotations/263.xml,CL,CL:1,1,road_marking:1,yes,de21ec7bb93c08a5568e24ea154d1eed1f4eee863f015a833b7b7934fd6f9ce4,,unique,audited_source_training_record,pre_split_source_candidate
263a,data/raw/v2/ceymo/train/extracted/train/images/263a.jpg,data/raw/v2/ceymo/train/extracted/train/bbox_annotations/263a.xml,CL,CL:1,1,road_marking:1,yes,2d6ecbfaf055e783f25a51f8ef5a2f22bc72651d60ac6bf77064e5cc9c5cee0f,,unique,audited_source_training_record,pre_split_source_candidate
263b,data/raw/v2/ceymo/train/extracted/train/images/263b.jpg,data/raw/v2/ceymo/train/extracted/train/bbox_annotations/263b.xml,CL,CL:1,1,road_marking:1,yes,7467f27cf0ccc87fbae7535a7ce31951f8d779af504536a0450a1a171490200a,,unique,audited_source_training_record,pre_split_source_candidate
263c,data/raw/v2/ceymo/train/extracted/train/images/263c.jpg,data/raw/v2/ceymo/train/extracted/train/bbox_annotations/263c.xml,CL,CL:1,1,road_marking:1,yes,b722ec3904e4fd73fbffc7f382b8c2a2c36671fcb7eb048d095065c424bd1b84,,unique,audited_source_training_record,pre_split_source_candidate
263d,data/raw/v2/ceymo/train/extracted/train/images/263d.jpg,data/raw/v2/ceymo/train/extracted/train/bbox_annotations/263d.xml,CL,CL:1,1,road_marking:1,yes,034f78b8090b2286c4e5672f2ada215ec1acc61db2bfc03f78509eca1e17f748,,unique,audited_source_training_record,pre_split_source_candidate
264,data/raw/v2/ceymo/train/extracted/train/images/264.jpg,data/raw/v2/ceymo/train/extracted/train/bbox_annotations/264.xml,CL,CL:1,1,road_marking:1,yes,b04abf1c57013a4cf9ac7f0346be681748f6f2f3851f713b90076f2b8417a1ed,,unique,audited_source_training_record,pre_split_source_candidate
264a,data/raw/v2/ceymo/train/extracted/train/images/264a.jpg,data/raw/v2/ceymo/train/extracted/train/bbox_annotations/264a.xml,CL,CL:1,1,road_marking:1,yes,80d0b6344ce6e45b1d1fbf0c18d8830bd15b70bed8c641ca43c9cfb4c67ef6bb,,unique,audited_source_training_record,pre_split_source_candidate
264b,data/raw/v2/ceymo/train/extracted/train/images/264b.jpg,data/raw/v2/ceymo/train/extracted/train/bbox_annotations/264b.xml,CL,CL:1,1,road_marking:1,yes,03a3b97b5b3dd6ab54b6a09bc054b56c0c977719b34fd512e795bf843c38ef15,,unique,audited_source_training_record,pre_split_source_candidate
264c,data/raw/v2/ceymo/train/extracted/train/images/264c.jpg,data/raw/v2/ceymo/train/extracted/train/bbox_annotations/264c.xml,CL,CL:1,1,road_marking:1,yes,da0082648f482018d11a454c422c5534e08c4f65d5c93c69e0c5cbd5e80d833c,,unique,audited_source_training_record,pre_split_source_candidate
264d,data/raw/v2/ceymo/train/extracted/train/images/264d.jpg,data/raw/v2/ceymo/train/extracted/train/bbox_annotations/264d.xml,CL,CL:1,1,road_marking:1,yes,6f25a59890d663ac36808d969542bb58facbf8f4be1d6016e6726489ebef96a7,,unique,audited_source_training_record,pre_split_source_candidate
266,data/raw/v2/ceymo/train/extracted/train/images/266.jpg,data/raw/v2/ceymo/train/extracted/train/bbox_annotations/266.xml,CL,CL:1,1,road_marking:1,yes,cc7d36e0b99c778f31c4c2dc73fc7c09c87aabe2a96037b5a63d03d5b4e0e169,,unique,audited_source_training_record,pre_split_source_candidate
266a,data/raw/v2/ceymo/train/extracted/train/images/266a.jpg,data/raw/v2/ceymo/train/extracted/train/bbox_annotations/266a.xml,CL,CL:1,1,road_marking:1,yes,255dffb4b41b6528f54fb2d6d3b1d8b8a6f6a7b5b1bb82da28c4135efb3a655e,,unique,audited_source_training_record,pre_split_source_candidate
266b,data/raw/v2/ceymo/train/extracted/train/images/266b.jpg,data/raw/v2/ceymo/train/extracted/train/bbox_annotations/266b.xml,CL,CL:1,1,road_marking:1,yes,e135891ce71d95ef6f55483332502d68d7290c24831d898e2e87f8f2212fdc1a,,unique,audited_source_training_record,pre_split_source_candidate
266c,data/raw/v2/ceymo/train/extracted/train/images/266c.jpg,data/raw/v2/ceymo/train/extracted/train/bbox_annotations/266c.xml,CL,CL:1,1,road_marking:1,yes,657a0337ec0563868c81c9f4703b1b0be82c33e19ceae9353874aae575f8aa7a,,unique,audited_source_training_record,pre_split_source_candidate
266d,data/raw/v2/ceymo/train/extracted/train/images/266d.jpg,data/raw/v2/ceymo/train/extracted/train/bbox_annotations/266d.xml,CL,CL:1,1,road_marking:1,yes,7d7e0184a0460030627278426aa87c9c31254afc2ce95fb883b33b9b0beca449,,unique,audited_source_training_record,pre_split_source_candidate
267,data/raw/v2/ceymo/train/extracted/train/images/267.jpg,data/raw/v2/ceymo/train/extracted/train/bbox_annotations/267.xml,CL,CL:1,1,road_marking:1,yes,0391f7515eebb79790332a0174c5eaff67a61784e5782898be305c0df8345cf1,,unique,audited_source_training_record,pre_split_source_candidate
267a,data/raw/v2/ceymo/train/extracted/train/images/267a.jpg,data/raw/v2/ceymo/train/extracted/train/bbox_annotations/267a.xml,CL,CL:1,1,road_marking:1,yes,50946611631a86aeb15b51184016f336b5ca136feda5b8a065483974c3b4d17e,,unique,audited_source_training_record,pre_split_source_candidate
267b,data/raw/v2/ceymo/train/extracted/train/images/267b.jpg,data/raw/v2/ceymo/train/extracted/train/bbox_annotations/267b.xml,CL,CL:1,1,road_marking:1,yes,b0eaef85672e31968f06a0f04ed6282cb0d4e41303109028b50615b895f4e941,,unique,audited_source_training_record,pre_split_source_candidate
267c,data/raw/v2/ceymo/train/extracted/train/images/267c.jpg,data/raw/v2/ceymo/train/extracted/train/bbox_annotations/267c.xml,CL,CL:1,1,road_marking:1,yes,f63db242d20e500941be491f11a21ba672993f48578b30e999b8ea5d4846fc44,,unique,audited_source_training_record,pre_split_source_candidate
267d,data/raw/v2/ceymo/train/extracted/train/images/267d.jpg,data/raw/v2/ceymo/train/extracted/train/bbox_annotations/267d.xml,CL,CL:1,1,road_marking:1,yes,c0be7980dd46999f307695fa5f42990a3d5db17963dc0d075621112ff1b2f00a,,unique,audited_source_training_record,pre_split_source_candidate
268,data/raw/v2/ceymo/train/extracted/train/images/268.jpg,data/raw/v2/ceymo/train/extracted/train/bbox_annotations/268.xml,CL,CL:1,1,road_marking:1,yes,eedf087bc29df94f9d5d0994c40f37160f36cec9ee54e0802ee6abcdd2f2b2c8,,unique,audited_source_training_record,pre_split_source_candidate
268a,data/raw/v2/ceymo/train/extracted/train/images/268a.jpg,data/raw/v2/ceymo/train/extracted/train/bbox_annotations/268a.xml,CL,CL:1,1,road_marking:1,yes,5dfebb9b3bd4317777ccdd66ff1a63699339346cc7695496d0a6ec7b1acc4409,,unique,audited_source_training_record,pre_split_source_candidate
268b,data/raw/v2/ceymo/train/extracted/train/images/268b.jpg,data/raw/v2/ceymo/train/extracted/train/bbox_annotations/268b.xml,CL,CL:1,1,road_marking:1,yes,f28f483abfbe1031341a247e83a577d314c9baf2d038ee0078c8a73d60bd43af,,unique,audited_source_training_record,pre_split_source_candidate
268c,data/raw/v2/ceymo/train/extracted/train/images/268c.jpg,data/raw/v2/ceymo/train/extracted/train/bbox_annotations/268c.xml,CL,CL:1,1,road_marking:1,yes,10e7885d1acad1f1a88902d9919e6a4a8a9b1c9f50eabd96ac844a41be650e26,,unique,audited_source_training_record,pre_split_source_candidate
268d,data/raw/v2/ceymo/train/extracted/train/images/268d.jpg,data/raw/v2/ceymo/train/extracted/train/bbox_annotations/268d.xml,CL,CL:1,1,road_marking:1,yes,90c7a58dfbf176270366ce2022cac2b7f921ee45330d7583598e96b5bee9590c,,unique,audited_source_training_record,pre_split_source_candidate
26a,data/raw/v2/ceymo/train/extracted/train/images/26a.jpg,data/raw/v2/ceymo/train/extracted/train/bbox_annotations/26a.xml,BL;SA,BL:1;SA:1,2,road_marking:2,yes,91f20ce78656395bb80d1b83480365b77296943c912f95fd121c2753057d5dfc,,unique,audited_source_training_record,pre_split_source_candidate
26b,data/raw/v2/ceymo/train/extracted/train/images/26b.jpg,data/raw/v2/ceymo/train/extracted/train/bbox_annotations/26b.xml,BL;SA,BL:1;SA:1,2,road_marking:2,yes,12e639c84d5df18c0f0a73e81c2b1f9d4fd23ceed128263640a326e66bf80181,,unique,audited_source_training_record,pre_split_source_candidate
26c,data/raw/v2/ceymo/train/extracted/train/images/26c.jpg,data/raw/v2/ceymo/train/extracted/train/bbox_annotations/26c.xml,BL,BL:1,1,road_marking:1,yes,43d120d7d8fe657f430d88e53eb27c33277410cf403e3bf1c2edc08545620bb4,,unique,audited_source_training_record,pre_split_source_candidate
27,data/raw/v2/ceymo/train/extracted/train/images/27.jpg,data/raw/v2/ceymo/train/extracted/train/bbox_annotations/27.xml,BL,BL:1,1,road_marking:1,yes,3e0b3f404ff9b059f2f4a4a8df14373cd9ee0a8884328004f2e8b5f90b5549c2,,unique,audited_source_training_record,pre_split_source_candidate
270,data/raw/v2/ceymo/train/extracted/train/images/270.jpg,data/raw/v2/ceymo/train/extracted/train/bbox_annotations/270.xml,CL;DM,CL:1;DM:1,2,road_marking:2,yes,5464e09e19dae4d59eca1f90fc519ae4a835005c349e81d0f061a79674ac3f6f,,unique,audited_source_training_record,pre_split_source_candidate
270a,data/raw/v2/ceymo/train/extracted/train/images/270a.jpg,data/raw/v2/ceymo/train/extracted/train/bbox_annotations/270a.xml,CL;DM,CL:1;DM:1,2,road_marking:2,yes,269db3f4195b69df7bb1992436c1d6e10580a55bf8c4ff00ab03a80b6e0b9fa9,,unique,audited_source_training_record,pre_split_source_candidate
270b,data/raw/v2/ceymo/train/extracted/train/images/270b.jpg,data/raw/v2/ceymo/train/extracted/train/bbox_annotations/270b.xml,CL;DM,CL:1;DM:1,2,road_marking:2,yes,1222cf4f2208c19a959294587a4318430385cec6cb84e33451d1be5f1601908f,,unique,audited_source_training_record,pre_split_source_candidate
270c,data/raw/v2/ceymo/train/extracted/train/images/270c.jpg,data/raw/v2/ceymo/train/extracted/train/bbox_annotations/270c.xml,CL;DM,CL:1;DM:1,2,road_marking:2,yes,68dfeb3b1197ec368aa87eda5b3b81000e75f47b5622f4b1fd0c95afb289b3bd,,unique,audited_source_training_record,pre_split_source_candidate
270d,data/raw/v2/ceymo/train/extracted/train/images/270d.jpg,data/raw/v2/ceymo/train/extracted/train/bbox_annotations/270d.xml,CL,CL:1,1,road_marking:1,yes,6c56420a9313b8b9757d39eba8828ef3758e7c9574126e579c45e4124ab7f6e4,,unique,audited_source_training_record,pre_split_source_candidate
271,data/raw/v2/ceymo/train/extracted/train/images/271.jpg,data/raw/v2/ceymo/train/extracted/train/bbox_annotations/271.xml,DM,DM:2,2,road_marking:2,yes,55204531adaf08f9db731f110668f0587defeedf2db2cbbd97e2005c80880eed,,unique,audited_source_training_record,pre_split_source_candidate
271a,data/raw/v2/ceymo/train/extracted/train/images/271a.jpg,data/raw/v2/ceymo/train/extracted/train/bbox_annotations/271a.xml,DM,DM:2,2,road_marking:2,yes,0796fc4befcdc2e470a1f3509fa4804aaab384e6d9cc1c28fbdb035c3f283456,,unique,audited_source_training_record,pre_split_source_candidate
271b,data/raw/v2/ceymo/train/extracted/train/images/271b.jpg,data/raw/v2/ceymo/train/extracted/train/bbox_annotations/271b.xml,DM,DM:2,2,road_marking:2,yes,8e6d56b67fdcb3b877fecdd9f41fc10b9ec0e9fec0efac15c8b465595332e498,,unique,audited_source_training_record,pre_split_source_candidate
272,data/raw/v2/ceymo/train/extracted/train/images/272.jpg,data/raw/v2/ceymo/train/extracted/train/bbox_annotations/272.xml,SA;SLA,SA:1;SLA:1,2,road_marking:2,yes,8508d479ce24be35e1621e6cc8d1be1b76d267165ba21b262eb5193517557828,,unique,audited_source_training_record,pre_split_source_candidate
272a,data/raw/v2/ceymo/train/extracted/train/images/272a.jpg,data/raw/v2/ceymo/train/extracted/train/bbox_annotations/272a.xml,SLA,SLA:1,1,road_marking:1,yes,5c08f92f870e50991fb0733339db30751e7e3daa5df6104894ea80c138d552c3,,unique,audited_source_training_record,pre_split_source_candidate
272b,data/raw/v2/ceymo/train/extracted/train/images/272b.jpg,data/raw/v2/ceymo/train/extracted/train/bbox_annotations/272b.xml,SLA,SLA:1,1,road_marking:1,yes,5f2eca563c19f3c4b9cd2bd4aa81c3fb7a2b4de3c4f6473fe68a30e531256710,,unique,audited_source_training_record,pre_split_source_candidate
272c,data/raw/v2/ceymo/train/extracted/train/images/272c.jpg,data/raw/v2/ceymo/train/extracted/train/bbox_annotations/272c.xml,SA;SLA,SA:1;SLA:1,2,road_marking:2,yes,09c20e4a1265f5e1066a8ee8c939cbcea780b5c5cb369ae3ed35513c9327285f,,unique,audited_source_training_record,pre_split_source_candidate
273,data/raw/v2/ceymo/train/extracted/train/images/273.jpg,data/raw/v2/ceymo/train/extracted/train/bbox_annotations/273.xml,LA;SA;SLA,LA:1;SA:2;SLA:1,4,road_marking:4,yes,8df7afae3e4047172e6e56cc0b831d8e086922b26ce62b506558c53af56187ba,,unique,audited_source_training_record,pre_split_source_candidate
273a,data/raw/v2/ceymo/train/extracted/train/images/273a.jpg,data/raw/v2/ceymo/train/extracted/train/bbox_annotations/273a.xml,LA;SA;SLA,LA:1;SA:2;SLA:1,4,road_marking:4,yes,e23ecc2fbd20ffca2f86ceba51fd1653ed46b2885c57f94a00bd82a55801fad0,,unique,audited_source_training_record,pre_split_source_candidate
273b,data/raw/v2/ceymo/train/extracted/train/images/273b.jpg,data/raw/v2/ceymo/train/extracted/train/bbox_annotations/273b.xml,LA;SA;SLA,LA:1;SA:2;SLA:1,4,road_marking:4,yes,75c61eb796f1789e31c71792f9fa1a40a006435255b648ce5c8b2cd53b32a0f6,,unique,audited_source_training_record,pre_split_source_candidate
273c,data/raw/v2/ceymo/train/extracted/train/images/273c.jpg,data/raw/v2/ceymo/train/extracted/train/bbox_annotations/273c.xml,LA;SA;SLA,LA:1;SA:2;SLA:1,4,road_marking:4,yes,2453d4979beae5f5f82cc073adf2208c94340d903db2dfb6257ee5578b859fcc,,unique,audited_source_training_record,pre_split_source_candidate
273d,data/raw/v2/ceymo/train/extracted/train/images/273d.jpg,data/raw/v2/ceymo/train/extracted/train/bbox_annotations/273d.xml,LA;SA;SLA,LA:1;SA:2;SLA:1,4,road_marking:4,yes,e74126e33de3db822867deb6038a40def74e8fc1a60becb23fb5b81de6b4e79d,,unique,audited_source_training_record,pre_split_source_candidate
274,data/raw/v2/ceymo/train/extracted/train/images/274.jpg,data/raw/v2/ceymo/train/extracted/train/bbox_annotations/274.xml,SA,SA:3,3,road_marking:3,yes,bf7b9e60ab105ee122c1a5d6645dc2ad9ef7a1817bd7e6de778b1e88650309e0,,unique,audited_source_training_record,pre_split_source_candidate
274a,data/raw/v2/ceymo/train/extracted/train/images/274a.jpg,data/raw/v2/ceymo/train/extracted/train/bbox_annotations/274a.xml,SA,SA:3,3,road_marking:3,yes,44647c3a17a601f1ccef4e254d7a487fea7a69696d830b3b5a1fa90af5b0428a,,unique,audited_source_training_record,pre_split_source_candidate
274b,data/raw/v2/ceymo/train/extracted/train/images/274b.jpg,data/raw/v2/ceymo/train/extracted/train/bbox_annotations/274b.xml,SA,SA:3,3,road_marking:3,yes,71054d53be50a79d695a68ab37c08f99575a1af594aeb75180f8d6a2b910d97f,,unique,audited_source_training_record,pre_split_source_candidate
274c,data/raw/v2/ceymo/train/extracted/train/images/274c.jpg,data/raw/v2/ceymo/train/extracted/train/bbox_annotations/274c.xml,SA,SA:3,3,road_marking:3,yes,95ad6fe2b999be218228b300aed2af0fddb4a7d427452c2cfde232cb3dd1ebde,,unique,audited_source_training_record,pre_split_source_candidate
275,data/raw/v2/ceymo/train/extracted/train/images/275.jpg,data/raw/v2/ceymo/train/extracted/train/bbox_annotations/275.xml,SL,SL:1,1,road_marking:1,yes,a892a9747c8635c997fbe5cf76c3ac66ad15f9d689591a6a0635ba41a4ffb783,,unique,audited_source_training_record,pre_split_source_candidate
275a,data/raw/v2/ceymo/train/extracted/train/images/275a.jpg,data/raw/v2/ceymo/train/extracted/train/bbox_annotations/275a.xml,SL,SL:1,1,road_marking:1,yes,877617a9469e1382e35f2d9fff34099cea19cdb52822af12943f0c2347755e86,,unique,audited_source_training_record,pre_split_source_candidate
275b,data/raw/v2/ceymo/train/extracted/train/images/275b.jpg,data/raw/v2/ceymo/train/extracted/train/bbox_annotations/275b.xml,SL,SL:1,1,road_marking:1,yes,fced4d9f06ff59ea285958c8936791db50b0fd88d747d91018b9eb41b210fb42,,unique,audited_source_training_record,pre_split_source_candidate
275c,data/raw/v2/ceymo/train/extracted/train/images/275c.jpg,data/raw/v2/ceymo/train/extracted/train/bbox_annotations/275c.xml,SL,SL:1,1,road_marking:1,yes,f6101e0f9adfccf316e8cd7238d2745b1c6e1de3f9369fdf62ca11f8c5492bd2,,unique,audited_source_training_record,pre_split_source_candidate
276,data/raw/v2/ceymo/train/extracted/train/images/276.jpg,data/raw/v2/ceymo/train/extracted/train/bbox_annotations/276.xml,SL,SL:1,1,road_marking:1,yes,b72717ac43c4becc02e450231a7110d55bf1794504b49f54c2622127e88b6a20,,unique,audited_source_training_record,pre_split_source_candidate
276a,data/raw/v2/ceymo/train/extracted/train/images/276a.jpg,data/raw/v2/ceymo/train/extracted/train/bbox_annotations/276a.xml,SL,SL:1,1,road_marking:1,yes,a749a58b72f0ea951931dc52c1ee12b5b72249a8e93b55dd7466f82a0ea85d68,,unique,audited_source_training_record,pre_split_source_candidate
276b,data/raw/v2/ceymo/train/extracted/train/images/276b.jpg,data/raw/v2/ceymo/train/extracted/train/bbox_annotations/276b.xml,SL,SL:1,1,road_marking:1,yes,1cf748572e023d4f690c7d8de931a4b3306f892e15e742c5adaa85311f641631,,unique,audited_source_training_record,pre_split_source_candidate
276c,data/raw/v2/ceymo/train/extracted/train/images/276c.jpg,data/raw/v2/ceymo/train/extracted/train/bbox_annotations/276c.xml,SL,SL:1,1,road_marking:1,yes,e939fcb6a0f37d18048a09a16bd7fd3e9f73d3a5192766220e57bc06dae346f9,,unique,audited_source_training_record,pre_split_source_candidate
277,data/raw/v2/ceymo/train/extracted/train/images/277.jpg,data/raw/v2/ceymo/train/extracted/train/bbox_annotations/277.xml,SA,SA:2,2,road_marking:2,yes,bb4235cfb32453be9a5ab1851508305be212326a6a22f6ab552d5d08e4a3bd67,,unique,audited_source_training_record,pre_split_source_candidate
277a,data/raw/v2/ceymo/train/extracted/train/images/277a.jpg,data/raw/v2/ceymo/train/extracted/train/bbox_annotations/277a.xml,SA,SA:1,1,road_marking:1,yes,c0e7fe8d9797f15918e527e4c1988d68ffe7393071698bbfe16bff7d0033c69c,,unique,audited_source_training_record,pre_split_source_candidate
277b,data/raw/v2/ceymo/train/extracted/train/images/277b.jpg,data/raw/v2/ceymo/train/extracted/train/bbox_annotations/277b.xml,SA,SA:1,1,road_marking:1,yes,88e7bd67ac6960da0cdeac02727afb8d8655bb7eed3f73f8180d617eb8e21b97,,unique,audited_source_training_record,pre_split_source_candidate
277c,data/raw/v2/ceymo/train/extracted/train/images/277c.jpg,data/raw/v2/ceymo/train/extracted/train/bbox_annotations/277c.xml,SA,SA:2,2,road_marking:2,yes,025952d870b907a45fb772eaef3789dd5eb5b37bbe332755e73966285add5cb9,,unique,audited_source_training_record,pre_split_source_candidate
278,data/raw/v2/ceymo/train/extracted/train/images/278.jpg,data/raw/v2/ceymo/train/extracted/train/bbox_annotations/278.xml,SA,SA:2,2,road_marking:2,yes,4f00308d145400683cfc9ab959dee5d4340f6f5b931db4fb63ef84dfa88c8d52,,unique,audited_source_training_record,pre_split_source_candidate
278a,data/raw/v2/ceymo/train/extracted/train/images/278a.jpg,data/raw/v2/ceymo/train/extracted/train/bbox_annotations/278a.xml,SA,SA:2,2,road_marking:2,yes,f91e777eb958eba38734e011272c8078d21523411aaa9902c7f793892651f101,,unique,audited_source_training_record,pre_split_source_candidate
278b,data/raw/v2/ceymo/train/extracted/train/images/278b.jpg,data/raw/v2/ceymo/train/extracted/train/bbox_annotations/278b.xml,SA,SA:2,2,road_marking:2,yes,6b9f9947fd38778fa2dbeb49c921e4dcf286341366ddbe3cbaca5f6b0429a7cd,,unique,audited_source_training_record,pre_split_source_candidate
278c,data/raw/v2/ceymo/train/extracted/train/images/278c.jpg,data/raw/v2/ceymo/train/extracted/train/bbox_annotations/278c.xml,SA,SA:2,2,road_marking:2,yes,d9e852d444a4015f39bd8acf0930350408c697692a35d3435dd33d6abd3e91f5,,unique,audited_source_training_record,pre_split_source_candidate
278d,data/raw/v2/ceymo/train/extracted/train/images/278d.jpg,data/raw/v2/ceymo/train/extracted/train/bbox_annotations/278d.xml,SA,SA:2,2,road_marking:2,yes,c7d1b7f8132a556a6d006c28dd4b3bab7c83f9b96d634c5331a0f2ce45b1dc12,,unique,audited_source_training_record,pre_split_source_candidate
279,data/raw/v2/ceymo/train/extracted/train/images/279.jpg,data/raw/v2/ceymo/train/extracted/train/bbox_annotations/279.xml,SA,SA:2,2,road_marking:2,yes,295e43a542dacd7e94586b6a1ec1368cbb75ef95f40d48e90652369594ce47f4,,unique,audited_source_training_record,pre_split_source_candidate
279a,data/raw/v2/ceymo/train/extracted/train/images/279a.jpg,data/raw/v2/ceymo/train/extracted/train/bbox_annotations/279a.xml,SA,SA:2,2,road_marking:2,yes,a008fe297a596ababf063f6ac69959b6091f7e059c3b56f71567a043befd3250,,unique,audited_source_training_record,pre_split_source_candidate
279b,data/raw/v2/ceymo/train/extracted/train/images/279b.jpg,data/raw/v2/ceymo/train/extracted/train/bbox_annotations/279b.xml,SA,SA:2,2,road_marking:2,yes,20663d993853ba6e0a2d9fd5ab7aa3c07e41b23aa7c6ea7dbc5e5adcee1785b9,,unique,audited_source_training_record,pre_split_source_candidate
279c,data/raw/v2/ceymo/train/extracted/train/images/279c.jpg,data/raw/v2/ceymo/train/extracted/train/bbox_annotations/279c.xml,SA,SA:2,2,road_marking:2,yes,d93c21b2f139e461c9f5e10f79003d6a971a3ebe075ec148e0b3378641f735ee,,unique,audited_source_training_record,pre_split_source_candidate
279d,data/raw/v2/ceymo/train/extracted/train/images/279d.jpg,data/raw/v2/ceymo/train/extracted/train/bbox_annotations/279d.xml,SA,SA:1,1,road_marking:1,yes,9f21a2f4a8797e1a828e665f9cec423b66b458c59d1fc7360f36081f003d3dc3,,unique,audited_source_training_record,pre_split_source_candidate
27a,data/raw/v2/ceymo/train/extracted/train/images/27a.jpg,data/raw/v2/ceymo/train/extracted/train/bbox_annotations/27a.xml,BL;SA,BL:1;SA:1,2,road_marking:2,yes,e88e3e0f1817e2ed78aa2935af7c1e2917b42e74364c034cb0a89dbe62b9d8ee,,unique,audited_source_training_record,pre_split_source_candidate
27b,data/raw/v2/ceymo/train/extracted/train/images/27b.jpg,data/raw/v2/ceymo/train/extracted/train/bbox_annotations/27b.xml,BL;SA,BL:1;SA:1,2,road_marking:2,yes,3917e48c68e204b4453a0c29a653b853845f62d2a66a40554f02fff81df36190,,unique,audited_source_training_record,pre_split_source_candidate
28,data/raw/v2/ceymo/train/extracted/train/images/28.jpg,data/raw/v2/ceymo/train/extracted/train/bbox_annotations/28.xml,BL,BL:1,1,road_marking:1,yes,789ccd8d0162d7518cf6bb0c443c46efacf5fca006a10a52f433ba4e8c831e49,,unique,audited_source_training_record,pre_split_source_candidate
280,data/raw/v2/ceymo/train/extracted/train/images/280.jpg,data/raw/v2/ceymo/train/extracted/train/bbox_annotations/280.xml,DM,DM:2,2,road_marking:2,yes,1464d4d97badaae5e32d1bf055ebb0d3e1bc7e0eb35f8c8b143c3a5aa8345fae,,unique,audited_source_training_record,pre_split_source_candidate
280a,data/raw/v2/ceymo/train/extracted/train/images/280a.jpg,data/raw/v2/ceymo/train/extracted/train/bbox_annotations/280a.xml,DM,DM:2,2,road_marking:2,yes,c4ae34c606794227f7f0845cd5dc77e38477c5d99ce232875c86658e57ef380f,,unique,audited_source_training_record,pre_split_source_candidate
280b,data/raw/v2/ceymo/train/extracted/train/images/280b.jpg,data/raw/v2/ceymo/train/extracted/train/bbox_annotations/280b.xml,DM,DM:2,2,road_marking:2,yes,ed227d6f98a3ee960445706ea20a262960797a7ec2b52f81fa004e423a714387,,unique,audited_source_training_record,pre_split_source_candidate
281,data/raw/v2/ceymo/train/extracted/train/images/281.jpg,data/raw/v2/ceymo/train/extracted/train/bbox_annotations/281.xml,PC,PC:1,1,road_marking:1,yes,0ab0b8f15f327496dffa3142d8c789437d63355bbeab6296e2b294ea0e89badc,,unique,audited_source_training_record,pre_split_source_candidate
281a,data/raw/v2/ceymo/train/extracted/train/images/281a.jpg,data/raw/v2/ceymo/train/extracted/train/bbox_annotations/281a.xml,PC,PC:1,1,road_marking:1,yes,094a67b6e34655badc7ec9f3f3c9d1e3b837619b771bc24b1c38a417f9374ac0,,unique,audited_source_training_record,pre_split_source_candidate
282,data/raw/v2/ceymo/train/extracted/train/images/282.jpg,data/raw/v2/ceymo/train/extracted/train/bbox_annotations/282.xml,DM,DM:2,2,road_marking:2,yes,36f5ac0188cf618bbf9c8fcfb2f9f633cbd6c8ddc01178530d42dc555330abf5,,unique,audited_source_training_record,pre_split_source_candidate
282a,data/raw/v2/ceymo/train/extracted/train/images/282a.jpg,data/raw/v2/ceymo/train/extracted/train/bbox_annotations/282a.xml,DM,DM:2,2,road_marking:2,yes,a346587b3e469c76c07e5ce1f72ce17aefa0aae3bebfad8885be837225236762,,unique,audited_source_training_record,pre_split_source_candidate
282b,data/raw/v2/ceymo/train/extracted/train/images/282b.jpg,data/raw/v2/ceymo/train/extracted/train/bbox_annotations/282b.xml,DM,DM:2,2,road_marking:2,yes,eb655a14f3b44634297236cb59b727559d44737e36605f0cf8c2aaaee57a47c4,,unique,audited_source_training_record,pre_split_source_candidate
283,data/raw/v2/ceymo/train/extracted/train/images/283.jpg,data/raw/v2/ceymo/train/extracted/train/bbox_annotations/283.xml,PC,PC:1,1,road_marking:1,yes,58b9cda74ac77938bb3d33d9d93ba7622206dd11b4cd23621c170cd199711d78,,unique,audited_source_training_record,pre_split_source_candidate
283a,data/raw/v2/ceymo/train/extracted/train/images/283a.jpg,data/raw/v2/ceymo/train/extracted/train/bbox_annotations/283a.xml,PC,PC:1,1,road_marking:1,yes,afe3144ff990cfa339e923d5741b7b417f6a2d0d2ec565be653502c278403157,,unique,audited_source_training_record,pre_split_source_candidate
284,data/raw/v2/ceymo/train/extracted/train/images/284.jpg,data/raw/v2/ceymo/train/extracted/train/bbox_annotations/284.xml,DM,DM:3,3,road_marking:3,yes,3a008b9ffadb186dbb3f63f5c1383cdfd17d25c38846ef47d7f84d1a030d972d,,unique,audited_source_training_record,pre_split_source_candidate
284a,data/raw/v2/ceymo/train/extracted/train/images/284a.jpg,data/raw/v2/ceymo/train/extracted/train/bbox_annotations/284a.xml,DM,DM:3,3,road_marking:3,yes,4fbf8d293c7cfbfb4d9bdc6c9e9bd75d19acff7edb8edb9ea881f098af8556f4,,unique,audited_source_training_record,pre_split_source_candidate
285,data/raw/v2/ceymo/train/extracted/train/images/285.jpg,data/raw/v2/ceymo/train/extracted/train/bbox_annotations/285.xml,PC,PC:1,1,road_marking:1,yes,d641bfd26651ece88597061f8cc1b75b85ecbc7b863b4b497e12326b988b6d61,,unique,audited_source_training_record,pre_split_source_candidate
286,data/raw/v2/ceymo/train/extracted/train/images/286.jpg,data/raw/v2/ceymo/train/extracted/train/bbox_annotations/286.xml,DM,DM:1,1,road_marking:1,yes,8420fd56d5e10e462b32900e1735b9248b49970a3be1e702a69f55d290fde335,,unique,audited_source_training_record,pre_split_source_candidate
286a,data/raw/v2/ceymo/train/extracted/train/images/286a.jpg,data/raw/v2/ceymo/train/extracted/train/bbox_annotations/286a.xml,DM,DM:1,1,road_marking:1,yes,081710f3d8a9025999c7f77b52f2fdc91b50cdc4c6dd65fda751d6b1c1e01b5a,,unique,audited_source_training_record,pre_split_source_candidate
286b,data/raw/v2/ceymo/train/extracted/train/images/286b.jpg,data/raw/v2/ceymo/train/extracted/train/bbox_annotations/286b.xml,DM,DM:1,1,road_marking:1,yes,e85d5771e0af86eb1404e409a3aabb08c5e6224adb71cb7fd3fada13bc598d44,,unique,audited_source_training_record,pre_split_source_candidate
287,data/raw/v2/ceymo/train/extracted/train/images/287.jpg,data/raw/v2/ceymo/train/extracted/train/bbox_annotations/287.xml,PC,PC:1,1,road_marking:1,yes,14dcca04177222e38fe547ca4ab144987fa16006e054ece73675cba39f2a5980,,unique,audited_source_training_record,pre_split_source_candidate
287a,data/raw/v2/ceymo/train/extracted/train/images/287a.jpg,data/raw/v2/ceymo/train/extracted/train/bbox_annotations/287a.xml,PC,PC:1,1,road_marking:1,yes,5545c7340989aa195ad51bf2cafc2670a8577f080496a80f90c5a4c6ae09f670,,unique,audited_source_training_record,pre_split_source_candidate
287b,data/raw/v2/ceymo/train/extracted/train/images/287b.jpg,data/raw/v2/ceymo/train/extracted/train/bbox_annotations/287b.xml,PC,PC:1,1,road_marking:1,yes,2103b1731d772f2de24cec55d7a77460158db5796bed05cba23d1f6f938cc0fd,,unique,audited_source_training_record,pre_split_source_candidate
288,data/raw/v2/ceymo/train/extracted/train/images/288.jpg,data/raw/v2/ceymo/train/extracted/train/bbox_annotations/288.xml,PC,PC:1,1,road_marking:1,yes,4eaeb50c86aa8afd064f4445896d5222eea663ec5d5fdbdbd4d316313a484f9c,,unique,audited_source_training_record,pre_split_source_candidate
289,data/raw/v2/ceymo/train/extracted/train/images/289.jpg,data/raw/v2/ceymo/train/extracted/train/bbox_annotations/289.xml,LA;RA;SA,LA:1;RA:1;SA:1,3,road_marking:3,yes,b02a101ae6b75832b242eb666e96a7a8757b2b6e6bbd700fd1674cacf01918e6,,unique,audited_source_training_record,pre_split_source_candidate
289a,data/raw/v2/ceymo/train/extracted/train/images/289a.jpg,data/raw/v2/ceymo/train/extracted/train/bbox_annotations/289a.xml,LA;SA,LA:2;SA:1,3,road_marking:3,yes,620e5cd5b2206f2480c9d1579de2a0a9eb8fa523d3b10e775c557d6b59dd6883,,unique,audited_source_training_record,pre_split_source_candidate
289b,data/raw/v2/ceymo/train/extracted/train/images/289b.jpg,data/raw/v2/ceymo/train/extracted/train/bbox_annotations/289b.xml,LA;RA;SA,LA:1;RA:1;SA:1,3,road_marking:3,yes,24c4e6879cb9ab28b8a9c78f88463687bf3184335b78fe046b0990acac25a70b,,unique,audited_source_training_record,pre_split_source_candidate
289c,data/raw/v2/ceymo/train/extracted/train/images/289c.jpg,data/raw/v2/ceymo/train/extracted/train/bbox_annotations/289c.xml,LA;RA;SA,LA:1;RA:1;SA:1,3,road_marking:3,yes,e9e1040d2d666c957335e6133c4fc9e87f7fd6d092dcf9dc615f0070616fcb48,,unique,audited_source_training_record,pre_split_source_candidate
289d,data/raw/v2/ceymo/train/extracted/train/images/289d.jpg,data/raw/v2/ceymo/train/extracted/train/bbox_annotations/289d.xml,RA;SA,RA:1;SA:1,2,road_marking:2,yes,77cc70c071b410ae600bf27c21ce51f68872aa947fadb9b30349c8c938f1e4e6,,unique,audited_source_training_record,pre_split_source_candidate
28a,data/raw/v2/ceymo/train/extracted/train/images/28a.jpg,data/raw/v2/ceymo/train/extracted/train/bbox_annotations/28a.xml,BL;SA,BL:1;SA:1,2,road_marking:2,yes,19da8cbd9848c81ff2f052103b6b91e848998f38e19fda19a4c93bb89b3c0934,,unique,audited_source_training_record,pre_split_source_candidate
28b,data/raw/v2/ceymo/train/extracted/train/images/28b.jpg,data/raw/v2/ceymo/train/extracted/train/bbox_annotations/28b.xml,BL;SA,BL:1;SA:1,2,road_marking:2,yes,4a5fb1bbf305c51535a4ede3dc5c666972ba5cd2993e95302faeb0210187d23f,,unique,audited_source_training_record,pre_split_source_candidate
28c,data/raw/v2/ceymo/train/extracted/train/images/28c.jpg,data/raw/v2/ceymo/train/extracted/train/bbox_annotations/28c.xml,BL;SA,BL:1;SA:1,2,road_marking:2,yes,7f4ede470cd53a6ea1b01281ae54b2058e5eccb90686db805e57b3e44b544e36,,unique,audited_source_training_record,pre_split_source_candidate
3,data/raw/v2/ceymo/train/extracted/train/images/3.jpg,data/raw/v2/ceymo/train/extracted/train/bbox_annotations/3.xml,SL,SL:1,1,road_marking:1,yes,efb3414b11f7360ef12b4b2c7d02fd101c80faf1bf48590db0c478d1e3c0ac1f,,unique,audited_source_training_record,pre_split_source_candidate
30,data/raw/v2/ceymo/train/extracted/train/images/30.jpg,data/raw/v2/ceymo/train/extracted/train/bbox_annotations/30.xml,SA,SA:3,3,road_marking:3,yes,f96b9a33978f1618a98b1ef71af20cdb93d589cd26c528589dafd0c229336c05,,unique,audited_source_training_record,pre_split_source_candidate
300,data/raw/v2/ceymo/train/extracted/train/images/300.jpg,data/raw/v2/ceymo/train/extracted/train/bbox_annotations/300.xml,BL;SA,BL:1;SA:1,2,road_marking:2,yes,7908d85de63c6a14e4913a2d278de25b12472d9d3a783272b3553347e27a3ca5,,unique,audited_source_training_record,pre_split_source_candidate
300a,data/raw/v2/ceymo/train/extracted/train/images/300a.jpg,data/raw/v2/ceymo/train/extracted/train/bbox_annotations/300a.xml,BL;SA,BL:1;SA:1,2,road_marking:2,yes,a1ac2ea2943d067964dae86c30686f736a71d7274fa51c78f6f0dc29b95246c3,,unique,audited_source_training_record,pre_split_source_candidate
300b,data/raw/v2/ceymo/train/extracted/train/images/300b.jpg,data/raw/v2/ceymo/train/extracted/train/bbox_annotations/300b.xml,BL;SA,BL:1;SA:1,2,road_marking:2,yes,10cfd8d0f91c380a6503748659356a878b8c02c69d778989dc6de8467250cbcd,,unique,audited_source_training_record,pre_split_source_candidate
300c,data/raw/v2/ceymo/train/extracted/train/images/300c.jpg,data/raw/v2/ceymo/train/extracted/train/bbox_annotations/300c.xml,BL,BL:1,1,road_marking:1,yes,4c7b1d00fe2ebb48001554bbbf6b68ae68d8ad533de6e40cda620bd2fed0576f,,unique,audited_source_training_record,pre_split_source_candidate
301,data/raw/v2/ceymo/train/extracted/train/images/301.jpg,data/raw/v2/ceymo/train/extracted/train/bbox_annotations/301.xml,BL;SA,BL:1;SA:1,2,road_marking:2,yes,e26615005c991300bd287606351e54a47350273ef87ff35acc82a57fd4a17d83,,unique,audited_source_training_record,pre_split_source_candidate
301a,data/raw/v2/ceymo/train/extracted/train/images/301a.jpg,data/raw/v2/ceymo/train/extracted/train/bbox_annotations/301a.xml,SA,SA:1,1,road_marking:1,yes,edfdfd65bbac6d226d736f34c22137f24058a993ac223c43294e71894dd63de4,,unique,audited_source_training_record,pre_split_source_candidate
301b,data/raw/v2/ceymo/train/extracted/train/images/301b.jpg,data/raw/v2/ceymo/train/extracted/train/bbox_annotations/301b.xml,BL;SA,BL:1;SA:1,2,road_marking:2,yes,3f8db81efde4bd5c2e71679a2a9fa7a173d819b794038afaacc2bc26d625a8a0,,unique,audited_source_training_record,pre_split_source_candidate
301c,data/raw/v2/ceymo/train/extracted/train/images/301c.jpg,data/raw/v2/ceymo/train/extracted/train/bbox_annotations/301c.xml,BL,BL:1,1,road_marking:1,yes,d034390766f42ec9a57c2cd7e037ab8322266c0a84c74a1fdccb9133e5eb2a00,,unique,audited_source_training_record,pre_split_source_candidate
302,data/raw/v2/ceymo/train/extracted/train/images/302.jpg,data/raw/v2/ceymo/train/extracted/train/bbox_annotations/302.xml,JB,JB:1,1,road_marking:1,yes,1cfef4bd6b931d1fd96d50eb8a065b150f8b2a2aadf86d819debb0bbe8274aeb,,unique,audited_source_training_record,pre_split_source_candidate
302a,data/raw/v2/ceymo/train/extracted/train/images/302a.jpg,data/raw/v2/ceymo/train/extracted/train/bbox_annotations/302a.xml,JB,JB:1,1,road_marking:1,yes,6f748cbbba10bff48b01bfd3d0501d014278d57e69287444369eaf13a6f73ded,,unique,audited_source_training_record,pre_split_source_candidate
302b,data/raw/v2/ceymo/train/extracted/train/images/302b.jpg,data/raw/v2/ceymo/train/extracted/train/bbox_annotations/302b.xml,JB,JB:1,1,road_marking:1,yes,57ad902312d492795e241ef312252b2b7194c4e09d3bc28f6787faa4ce052954,,unique,audited_source_training_record,pre_split_source_candidate
302c,data/raw/v2/ceymo/train/extracted/train/images/302c.jpg,data/raw/v2/ceymo/train/extracted/train/bbox_annotations/302c.xml,JB,JB:1,1,road_marking:1,yes,3bde31653dc1029bab9767b2bca9d2fa2f6017f1a138e169085dbf718cff0fa3,,unique,audited_source_training_record,pre_split_source_candidate
302d,data/raw/v2/ceymo/train/extracted/train/images/302d.jpg,data/raw/v2/ceymo/train/extracted/train/bbox_annotations/302d.xml,JB,JB:1,1,road_marking:1,yes,963006a604e28c80fe8921e5d205c63c9bd1c80630a21f54821ff89c4e86abea,,unique,audited_source_training_record,pre_split_source_candidate
303,data/raw/v2/ceymo/train/extracted/train/images/303.jpg,data/raw/v2/ceymo/train/extracted/train/bbox_annotations/303.xml,PC,PC:1,1,road_marking:1,yes,8a8ff63f763ce6b0fd66b9cc7a30f22b78a6381db40267e9f19657b331a98505,,unique,audited_source_training_record,pre_split_source_candidate
304,data/raw/v2/ceymo/train/extracted/train/images/304.jpg,data/raw/v2/ceymo/train/extracted/train/bbox_annotations/304.xml,BL,BL:1,1,road_marking:1,yes,43595e6041b01bb70e8d490f5098bc6bb29c735e38dfe6fe2ff2ae2d53b20e5f,,unique,audited_source_training_record,pre_split_source_candidate
304a,data/raw/v2/ceymo/train/extracted/train/images/304a.jpg,data/raw/v2/ceymo/train/extracted/train/bbox_annotations/304a.xml,BL;SA,BL:1;SA:1,2,road_marking:2,yes,ea30e56c34e824c5dfd121ab89bcfb610b277bdcd6851de342f725c5c13e056d,,unique,audited_source_training_record,pre_split_source_candidate
304b,data/raw/v2/ceymo/train/extracted/train/images/304b.jpg,data/raw/v2/ceymo/train/extracted/train/bbox_annotations/304b.xml,BL;SA,BL:1;SA:1,2,road_marking:2,yes,435a3d136147e61852b5a3c5f23c8fbb59f49f50d73aa19a753e697f0a66688f,,unique,audited_source_training_record,pre_split_source_candidate
304c,data/raw/v2/ceymo/train/extracted/train/images/304c.jpg,data/raw/v2/ceymo/train/extracted/train/bbox_annotations/304c.xml,BL,BL:1,1,road_marking:1,yes,6584ac2ff09552018f3084a82302cedd7a180de30e4d84f83d4be0ba849d74ab,,unique,audited_source_training_record,pre_split_source_candidate
305,data/raw/v2/ceymo/train/extracted/train/images/305.jpg,data/raw/v2/ceymo/train/extracted/train/bbox_annotations/305.xml,PC,PC:1,1,road_marking:1,yes,4b65a94f67c970cd2d4cdfb33985029440b79932b39babd44b4ff2e93aba2530,,unique,audited_source_training_record,pre_split_source_candidate
307,data/raw/v2/ceymo/train/extracted/train/images/307.jpg,data/raw/v2/ceymo/train/extracted/train/bbox_annotations/307.xml,PC,PC:1,1,road_marking:1,yes,4aa7db89ab209fb758c23f0f8fbe91b321d6141de52e0dcaf6ffd5c42365d006,,unique,audited_source_training_record,pre_split_source_candidate
307a,data/raw/v2/ceymo/train/extracted/train/images/307a.jpg,data/raw/v2/ceymo/train/extracted/train/bbox_annotations/307a.xml,PC,PC:1,1,road_marking:1,yes,ce8119eea26de1caa001f620663a2c7a7d3a5c342594c12895eca5cea0b95b26,,unique,audited_source_training_record,pre_split_source_candidate
307b,data/raw/v2/ceymo/train/extracted/train/images/307b.jpg,data/raw/v2/ceymo/train/extracted/train/bbox_annotations/307b.xml,PC,PC:1,1,road_marking:1,yes,fa321b407070c7a5504385a31b1fa0ee97165300c7b649603dc1ed22d6652e51,,unique,audited_source_training_record,pre_split_source_candidate
308,data/raw/v2/ceymo/train/extracted/train/images/308.jpg,data/raw/v2/ceymo/train/extracted/train/bbox_annotations/308.xml,SA,SA:3,3,road_marking:3,yes,b75d2084b8dde200ab1624a55a3a9cd9b67e5573ea46c7309e5566a102dd5742,,unique,audited_source_training_record,pre_split_source_candidate
308a,data/raw/v2/ceymo/train/extracted/train/images/308a.jpg,data/raw/v2/ceymo/train/extracted/train/bbox_annotations/308a.xml,SA,SA:2,2,road_marking:2,yes,c40f041a0adceb80c16d9d066eda71256c3fbfd4a62efd7b204f6f66afcf1c94,,unique,audited_source_training_record,pre_split_source_candidate
308b,data/raw/v2/ceymo/train/extracted/train/images/308b.jpg,data/raw/v2/ceymo/train/extracted/train/bbox_annotations/308b.xml,SA,SA:3,3,road_marking:3,yes,656465cb2d6b12950b21dcc6133c6c808cca535541ef97e9fe9b0a9c9155dc30,,unique,audited_source_training_record,pre_split_source_candidate
308c,data/raw/v2/ceymo/train/extracted/train/images/308c.jpg,data/raw/v2/ceymo/train/extracted/train/bbox_annotations/308c.xml,SA,SA:3,3,road_marking:3,yes,ee3811bd362bd101ef2eb130c8363f23f403396c986403f495542c68b911033c,,unique,audited_source_training_record,pre_split_source_candidate
308d,data/raw/v2/ceymo/train/extracted/train/images/308d.jpg,data/raw/v2/ceymo/train/extracted/train/bbox_annotations/308d.xml,SA,SA:3,3,road_marking:3,yes,50b33f1be0aaba03b220decf93face3609cd99ff60adabbb0b79be6d2bf90855,,unique,audited_source_training_record,pre_split_source_candidate
309,data/raw/v2/ceymo/train/extracted/train/images/309.jpg,data/raw/v2/ceymo/train/extracted/train/bbox_annotations/309.xml,SLA,SLA:1,1,road_marking:1,yes,cf2e6b8fffa6cd5aedcabd1144a93dab14785cd4a30664a2ae5d2808b4fd0c0f,,unique,audited_source_training_record,pre_split_source_candidate
309a,data/raw/v2/ceymo/train/extracted/train/images/309a.jpg,data/raw/v2/ceymo/train/extracted/train/bbox_annotations/309a.xml,SLA,SLA:1,1,road_marking:1,yes,53d724a09d65cb49d85d8527b14f861785be4c1a3f1defe836ac0d2d8038910d,,unique,audited_source_training_record,pre_split_source_candidate
309b,data/raw/v2/ceymo/train/extracted/train/images/309b.jpg,data/raw/v2/ceymo/train/extracted/train/bbox_annotations/309b.xml,SLA,SLA:1,1,road_marking:1,yes,dc80495a930b1b5b0f657b1d5c0426c6e97e0b2dc2aa099b990a3cbb8af94be9,,unique,audited_source_training_record,pre_split_source_candidate
309c,data/raw/v2/ceymo/train/extracted/train/images/309c.jpg,data/raw/v2/ceymo/train/extracted/train/bbox_annotations/309c.xml,SLA,SLA:1,1,road_marking:1,yes,976dffe1ece1cc539e210bd4d2bdb3900708de6b454f9b56759ba46a72ec6e23,,unique,audited_source_training_record,pre_split_source_candidate
309d,data/raw/v2/ceymo/train/extracted/train/images/309d.jpg,data/raw/v2/ceymo/train/extracted/train/bbox_annotations/309d.xml,SLA,SLA:1,1,road_marking:1,yes,cc7a2c14c33c5b55726b0597289f9c8acf7f7cd4387c69cdc282d2e9fc6aeac8,,unique,audited_source_training_record,pre_split_source_candidate
30a,data/raw/v2/ceymo/train/extracted/train/images/30a.jpg,data/raw/v2/ceymo/train/extracted/train/bbox_annotations/30a.xml,SA,SA:2,2,road_marking:2,yes,08de6f4256f339fa1220109dc68e315d7ceafb4d549299f55701d4cd9b8bb7b4,,unique,audited_source_training_record,pre_split_source_candidate
30b,data/raw/v2/ceymo/train/extracted/train/images/30b.jpg,data/raw/v2/ceymo/train/extracted/train/bbox_annotations/30b.xml,SA,SA:3,3,road_marking:3,yes,0f4a75a66bcf6d60daac697a8d49a55f38298ebeb752f620f9a6397f7a30d0fc,,unique,audited_source_training_record,pre_split_source_candidate
30c,data/raw/v2/ceymo/train/extracted/train/images/30c.jpg,data/raw/v2/ceymo/train/extracted/train/bbox_annotations/30c.xml,SA,SA:3,3,road_marking:3,yes,c5172e7674bf2bb6b17d40549354f03f294aa88f03e6478576688581bde94fe0,,unique,audited_source_training_record,pre_split_source_candidate
30d,data/raw/v2/ceymo/train/extracted/train/images/30d.jpg,data/raw/v2/ceymo/train/extracted/train/bbox_annotations/30d.xml,SA,SA:3,3,road_marking:3,yes,49c0e2a34cd456e086cb5a6a23d58341ddb7c3236c85cc5328eea95a672d7e91,,unique,audited_source_training_record,pre_split_source_candidate
31,data/raw/v2/ceymo/train/extracted/train/images/31.jpg,data/raw/v2/ceymo/train/extracted/train/bbox_annotations/31.xml,SLA,SLA:1,1,road_marking:1,yes,ef07b7f2f590d0f055454a6ff91a1d43a91c3ee732f5c0997063e0bff339f24a,,unique,audited_source_training_record,pre_split_source_candidate
310,data/raw/v2/ceymo/train/extracted/train/images/310.jpg,data/raw/v2/ceymo/train/extracted/train/bbox_annotations/310.xml,SA;SLA,SA:1;SLA:1,2,road_marking:2,yes,a944774f12e644b872f7bda47168eef59a8a644e7d90d2ac960b924c885ec487,,unique,audited_source_training_record,pre_split_source_candidate
310a,data/raw/v2/ceymo/train/extracted/train/images/310a.jpg,data/raw/v2/ceymo/train/extracted/train/bbox_annotations/310a.xml,SA,SA:1,1,road_marking:1,yes,892745ffefce95ba804fc0fb742a3d7f244bed9980afa8842f7ca9aaaf0e7b33,,unique,audited_source_training_record,pre_split_source_candidate
310b,data/raw/v2/ceymo/train/extracted/train/images/310b.jpg,data/raw/v2/ceymo/train/extracted/train/bbox_annotations/310b.xml,SA;SLA,SA:1;SLA:1,2,road_marking:2,yes,45e730190e07df5261fb36a3bf8de4a7def3e88eff48b0865c4c97f04820cdd5,,unique,audited_source_training_record,pre_split_source_candidate
310c,data/raw/v2/ceymo/train/extracted/train/images/310c.jpg,data/raw/v2/ceymo/train/extracted/train/bbox_annotations/310c.xml,SA;SLA,SA:1;SLA:1,2,road_marking:2,yes,49311c9e74e90eb68fb36b61c45a65df7a50567afc8061f44e1bfb9a89defed0,,unique,audited_source_training_record,pre_split_source_candidate
310d,data/raw/v2/ceymo/train/extracted/train/images/310d.jpg,data/raw/v2/ceymo/train/extracted/train/bbox_annotations/310d.xml,SA;SLA,SA:1;SLA:1,2,road_marking:2,yes,6ba7a4f1c9f0fec14a42bac12232e9fbf2486d3c943a08119df91fc233b2f3c2,,unique,audited_source_training_record,pre_split_source_candidate
311,data/raw/v2/ceymo/train/extracted/train/images/311.jpg,data/raw/v2/ceymo/train/extracted/train/bbox_annotations/311.xml,SA;SLA,SA:1;SLA:1,2,road_marking:2,yes,4b60697bbcb69c31169181aad908fa889f1ee3eefe17b09743e198cac887a7eb,,unique,audited_source_training_record,pre_split_source_candidate
311a,data/raw/v2/ceymo/train/extracted/train/images/311a.jpg,data/raw/v2/ceymo/train/extracted/train/bbox_annotations/311a.xml,SA,SA:1,1,road_marking:1,yes,b0d45b50e6d849477e8582464436b7a8f575f599fd57d706c00773c830e80a65,,unique,audited_source_training_record,pre_split_source_candidate
311b,data/raw/v2/ceymo/train/extracted/train/images/311b.jpg,data/raw/v2/ceymo/train/extracted/train/bbox_annotations/311b.xml,SA;SLA,SA:1;SLA:1,2,road_marking:2,yes,2cb2b8c68bcfe308f0d7a70fc30327a77473d771a07a266971ecfb2e58177a20,,unique,audited_source_training_record,pre_split_source_candidate
311c,data/raw/v2/ceymo/train/extracted/train/images/311c.jpg,data/raw/v2/ceymo/train/extracted/train/bbox_annotations/311c.xml,SA;SLA,SA:1;SLA:1,2,road_marking:2,yes,ffae427466f5e967a9ef5b6d50a54b34232c8bb997c994192ddeae03379f95b8,,unique,audited_source_training_record,pre_split_source_candidate
312,data/raw/v2/ceymo/train/extracted/train/images/312.jpg,data/raw/v2/ceymo/train/extracted/train/bbox_annotations/312.xml,SLA,SLA:1,1,road_marking:1,yes,581ba4bcdd9c5b78ae4587741355c9fb20a8709cd230215c93e8dc3c1fd4a0d2,,unique,audited_source_training_record,pre_split_source_candidate
312a,data/raw/v2/ceymo/train/extracted/train/images/312a.jpg,data/raw/v2/ceymo/train/extracted/train/bbox_annotations/312a.xml,SLA,SLA:1,1,road_marking:1,yes,1932e34ea71a9c4e7e73a4f0eda394dc822256d946b965d4cb1abd131daacfa8,,unique,audited_source_training_record,pre_split_source_candidate
312b,data/raw/v2/ceymo/train/extracted/train/images/312b.jpg,data/raw/v2/ceymo/train/extracted/train/bbox_annotations/312b.xml,SLA,SLA:1,1,road_marking:1,yes,364a6591eb5ce04c6d281daab1b95efd35b94728d10c9ad39cd43fc5419da900,,unique,audited_source_training_record,pre_split_source_candidate
313,data/raw/v2/ceymo/train/extracted/train/images/313.jpg,data/raw/v2/ceymo/train/extracted/train/bbox_annotations/313.xml,PC,PC:1,1,road_marking:1,yes,0d459dd000b584a4af73c6389681f7cbd2a20f3ea282ddf2feac98a31ac12c97,,unique,audited_source_training_record,pre_split_source_candidate
313a,data/raw/v2/ceymo/train/extracted/train/images/313a.jpg,data/raw/v2/ceymo/train/extracted/train/bbox_annotations/313a.xml,PC,PC:1,1,road_marking:1,yes,20b1b970ff6ce2c8cf5ef7d2303336a3e70f42d543074a7672deb26754005d3d,,unique,audited_source_training_record,pre_split_source_candidate
314,data/raw/v2/ceymo/train/extracted/train/images/314.jpg,data/raw/v2/ceymo/train/extracted/train/bbox_annotations/314.xml,DM,DM:2,2,road_marking:2,yes,17e3f65b997ef7b3ec74bad89b42b62006a8d69fd5808ea27ba20cb14c93315e,,unique,audited_source_training_record,pre_split_source_candidate
314a,data/raw/v2/ceymo/train/extracted/train/images/314a.jpg,data/raw/v2/ceymo/train/extracted/train/bbox_annotations/314a.xml,DM,DM:2,2,road_marking:2,yes,faeebc8a13b29679d69c114917c3761dd415ba9575619614597c76ab9ce832bc,,unique,audited_source_training_record,pre_split_source_candidate
314b,data/raw/v2/ceymo/train/extracted/train/images/314b.jpg,data/raw/v2/ceymo/train/extracted/train/bbox_annotations/314b.xml,DM,DM:2,2,road_marking:2,yes,72a0a7a2b7117ecfe2b161563a9581d30115dfc83534e89dbacce3df4ed567e0,,unique,audited_source_training_record,pre_split_source_candidate
315,data/raw/v2/ceymo/train/extracted/train/images/315.jpg,data/raw/v2/ceymo/train/extracted/train/bbox_annotations/315.xml,PC,PC:1,1,road_marking:1,yes,28c0b83e36b0266fea9dece80bc38b8578a9c84027c995c2649013623302fafe,,unique,audited_source_training_record,pre_split_source_candidate
316,data/raw/v2/ceymo/train/extracted/train/images/316.jpg,data/raw/v2/ceymo/train/extracted/train/bbox_annotations/316.xml,DM,DM:2,2,road_marking:2,yes,de0e68514d7fba2a58237091c949d773a8c15f6b264a6fa68c4d2a6521f4a281,,unique,audited_source_training_record,pre_split_source_candidate
316a,data/raw/v2/ceymo/train/extracted/train/images/316a.jpg,data/raw/v2/ceymo/train/extracted/train/bbox_annotations/316a.xml,DM,DM:2,2,road_marking:2,yes,d631bac148a566eadcfeddafbb5a01a8abd1c0c6b6731f5806d7985634456a04,,unique,audited_source_training_record,pre_split_source_candidate
316b,data/raw/v2/ceymo/train/extracted/train/images/316b.jpg,data/raw/v2/ceymo/train/extracted/train/bbox_annotations/316b.xml,DM,DM:2,2,road_marking:2,yes,1bfedfaacbd57d67db29f5031404db80331e9ed52d2df158852fc6f55a7e4741,,unique,audited_source_training_record,pre_split_source_candidate
317,data/raw/v2/ceymo/train/extracted/train/images/317.jpg,data/raw/v2/ceymo/train/extracted/train/bbox_annotations/317.xml,PC,PC:1,1,road_marking:1,yes,e6c53cb7785a15540d0c68916d19078a91076282a97452ec5e6aad8ecef39170,,unique,audited_source_training_record,pre_split_source_candidate
317a,data/raw/v2/ceymo/train/extracted/train/images/317a.jpg,data/raw/v2/ceymo/train/extracted/train/bbox_annotations/317a.xml,PC,PC:1,1,road_marking:1,yes,1dc8979a03cba9e42189fc3d568f1bbc579a0a46a2148383457358339ac30a0a,,unique,audited_source_training_record,pre_split_source_candidate
317b,data/raw/v2/ceymo/train/extracted/train/images/317b.jpg,data/raw/v2/ceymo/train/extracted/train/bbox_annotations/317b.xml,PC,PC:1,1,road_marking:1,yes,f1c1fc57f4ed349f8a22f00218fb7ffc7f68bcd19b6a140b9e3debb1deefc67d,,unique,audited_source_training_record,pre_split_source_candidate
318,data/raw/v2/ceymo/train/extracted/train/images/318.jpg,data/raw/v2/ceymo/train/extracted/train/bbox_annotations/318.xml,DM,DM:3,3,road_marking:3,yes,e8588acb0a4a4b36aa579bf0031da8e654932c7fe3a03f35515cb9ccb642ebcc,,unique,audited_source_training_record,pre_split_source_candidate
318a,data/raw/v2/ceymo/train/extracted/train/images/318a.jpg,data/raw/v2/ceymo/train/extracted/train/bbox_annotations/318a.xml,DM,DM:3,3,road_marking:3,yes,7aac9c6ddaa69ba163f95abf74f8f134d921ed5e3b2c1220e80b75881b1eef4a,,unique,audited_source_training_record,pre_split_source_candidate
318b,data/raw/v2/ceymo/train/extracted/train/images/318b.jpg,data/raw/v2/ceymo/train/extracted/train/bbox_annotations/318b.xml,DM,DM:3,3,road_marking:3,yes,b78959f1d894a6970b28800519bded2d606d514a4f3350ca74e97aa0bc67c9fc,,unique,audited_source_training_record,pre_split_source_candidate
319,data/raw/v2/ceymo/train/extracted/train/images/319.jpg,data/raw/v2/ceymo/train/extracted/train/bbox_annotations/319.xml,PC,PC:1,1,road_marking:1,yes,7bb24488980833652c0553107c7bf6b15cc2d450729577f55fca55a7634b24d5,,unique,audited_source_training_record,pre_split_source_candidate
319a,data/raw/v2/ceymo/train/extracted/train/images/319a.jpg,data/raw/v2/ceymo/train/extracted/train/bbox_annotations/319a.xml,PC,PC:1,1,road_marking:1,yes,3bdfa086d9b3852902f4d79b23e8b81350d71e6f93a4777684bbc6d728d9066f,,unique,audited_source_training_record,pre_split_source_candidate
31a,data/raw/v2/ceymo/train/extracted/train/images/31a.jpg,data/raw/v2/ceymo/train/extracted/train/bbox_annotations/31a.xml,SLA,SLA:1,1,road_marking:1,yes,bb9fae63a51498422f90e24c364bb3cbe3cdc95c71f924722c2c3f5c28178bd7,,unique,audited_source_training_record,pre_split_source_candidate
31b,data/raw/v2/ceymo/train/extracted/train/images/31b.jpg,data/raw/v2/ceymo/train/extracted/train/bbox_annotations/31b.xml,SLA,SLA:1,1,road_marking:1,yes,fbc599b76eb3fb8e4ced92c9f76f2840eee260369b692f5330558031bcdcfd67,,unique,audited_source_training_record,pre_split_source_candidate
31c,data/raw/v2/ceymo/train/extracted/train/images/31c.jpg,data/raw/v2/ceymo/train/extracted/train/bbox_annotations/31c.xml,SLA,SLA:1,1,road_marking:1,yes,9b8d13a801d9a6d72a6e13517cc103de977825ea355485a85cbedf821ba71227,,unique,audited_source_training_record,pre_split_source_candidate
31d,data/raw/v2/ceymo/train/extracted/train/images/31d.jpg,data/raw/v2/ceymo/train/extracted/train/bbox_annotations/31d.xml,SLA,SLA:1,1,road_marking:1,yes,ee6d74843d2563b0ce2fb9e5c2f823b87c1069c27cc06e1307ada1246b935619,,unique,audited_source_training_record,pre_split_source_candidate
32,data/raw/v2/ceymo/train/extracted/train/images/32.jpg,data/raw/v2/ceymo/train/extracted/train/bbox_annotations/32.xml,SA;SLA,SA:1;SLA:1,2,road_marking:2,yes,5f2eaf9775213a62805c724cb6b079ad76b77edbfd8bd3fc554d32b81898c5b8,,unique,audited_source_training_record,pre_split_source_candidate
320,data/raw/v2/ceymo/train/extracted/train/images/320.jpg,data/raw/v2/ceymo/train/extracted/train/bbox_annotations/320.xml,PC,PC:1,1,road_marking:1,yes,c1d514ae8108fcf76177a9d45f81391cba88761103ad19d53017f8a9dc2a36f7,,unique,audited_source_training_record,pre_split_source_candidate
320a,data/raw/v2/ceymo/train/extracted/train/images/320a.jpg,data/raw/v2/ceymo/train/extracted/train/bbox_annotations/320a.xml,PC,PC:1,1,road_marking:1,yes,c28d73b5797ac3382520a00109585a18af3225bac20e699348b581345258303b,,unique,audited_source_training_record,pre_split_source_candidate
320b,data/raw/v2/ceymo/train/extracted/train/images/320b.jpg,data/raw/v2/ceymo/train/extracted/train/bbox_annotations/320b.xml,PC,PC:1,1,road_marking:1,yes,703d3f1d21cd801af58dc5b996ca1a3212fe72afd29e4b41a1adcb7ee6265e9b,,unique,audited_source_training_record,pre_split_source_candidate
321,data/raw/v2/ceymo/train/extracted/train/images/321.jpg,data/raw/v2/ceymo/train/extracted/train/bbox_annotations/321.xml,PC,PC:1,1,road_marking:1,yes,cd90a8416f37288ee41e5c94712bcb925216918f0f05e47e3bd55800a1b0bb99,,unique,audited_source_training_record,pre_split_source_candidate
321a,data/raw/v2/ceymo/train/extracted/train/images/321a.jpg,data/raw/v2/ceymo/train/extracted/train/bbox_annotations/321a.xml,PC,PC:1,1,road_marking:1,yes,1d16cce4cb16793f2e25b350498619119081a9cc7a556889089aeaae7bc1adf3,,unique,audited_source_training_record,pre_split_source_candidate
321b,data/raw/v2/ceymo/train/extracted/train/images/321b.jpg,data/raw/v2/ceymo/train/extracted/train/bbox_annotations/321b.xml,PC,PC:1,1,road_marking:1,yes,1f6470be82c9f21e1c22cbb2a44f85bfd13c16b0652fb0f092a8131333e019a0,,unique,audited_source_training_record,pre_split_source_candidate
322,data/raw/v2/ceymo/train/extracted/train/images/322.jpg,data/raw/v2/ceymo/train/extracted/train/bbox_annotations/322.xml,SA;SRA,SA:1;SRA:1,2,road_marking:2,yes,d2e74b2322c102f3f8d4cdaf124409238dc345cedd305b2b6532965624c9a2f4,,unique,audited_source_training_record,pre_split_source_candidate
322a,data/raw/v2/ceymo/train/extracted/train/images/322a.jpg,data/raw/v2/ceymo/train/extracted/train/bbox_annotations/322a.xml,SA;SRA,SA:1;SRA:1,2,road_marking:2,yes,94578b51de2b350946cf34c4da0db5c17e2139280bc035606e4b4250f39c79bf,,unique,audited_source_training_record,pre_split_source_candidate
322b,data/raw/v2/ceymo/train/extracted/train/images/322b.jpg,data/raw/v2/ceymo/train/extracted/train/bbox_annotations/322b.xml,SA;SRA,SA:1;SRA:1,2,road_marking:2,yes,d72bf6bb804f27432313c363131627d1bb13255197e2540b7510fbb5476ad739,,unique,audited_source_training_record,pre_split_source_candidate
322c,data/raw/v2/ceymo/train/extracted/train/images/322c.jpg,data/raw/v2/ceymo/train/extracted/train/bbox_annotations/322c.xml,SA;SRA,SA:1;SRA:1,2,road_marking:2,yes,42424d1eec15b9a00097ab63d8ade003f5e6f0ef583e568fdc1a4af78f35f034,,unique,audited_source_training_record,pre_split_source_candidate
322d,data/raw/v2/ceymo/train/extracted/train/images/322d.jpg,data/raw/v2/ceymo/train/extracted/train/bbox_annotations/322d.xml,SA;SRA,SA:1;SRA:1,2,road_marking:2,yes,cef89c3ba2151535f63b373269994ef7f7e40e5aea0134029eade738115d5115,,unique,audited_source_training_record,pre_split_source_candidate
324,data/raw/v2/ceymo/train/extracted/train/images/324.jpg,data/raw/v2/ceymo/train/extracted/train/bbox_annotations/324.xml,RA,RA:1,1,road_marking:1,yes,a172d3c3e1919de9c3e9f4e9ee7427dea747786589c9f800ae96b86350f03f48,,unique,audited_source_training_record,pre_split_source_candidate
324a,data/raw/v2/ceymo/train/extracted/train/images/324a.jpg,data/raw/v2/ceymo/train/extracted/train/bbox_annotations/324a.xml,RA,RA:1,1,road_marking:1,yes,d119f9a14aeee7423aa615b0d3ecdeb5b2a1665d5452fcf4201b2e21132899fc,,unique,audited_source_training_record,pre_split_source_candidate
324b,data/raw/v2/ceymo/train/extracted/train/images/324b.jpg,data/raw/v2/ceymo/train/extracted/train/bbox_annotations/324b.xml,RA,RA:1,1,road_marking:1,yes,fecddf3c2c02348fd0a180c7e7c755868b2c3d640ad6512853361957aaf9d4a3,,unique,audited_source_training_record,pre_split_source_candidate
325,data/raw/v2/ceymo/train/extracted/train/images/325.jpg,data/raw/v2/ceymo/train/extracted/train/bbox_annotations/325.xml,RA,RA:1,1,road_marking:1,yes,670210a64365c76f8f02fed0ed961cb018c2a3be3a766abe36aa32112b3f28f2,,unique,audited_source_training_record,pre_split_source_candidate
325a,data/raw/v2/ceymo/train/extracted/train/images/325a.jpg,data/raw/v2/ceymo/train/extracted/train/bbox_annotations/325a.xml,RA,RA:1,1,road_marking:1,yes,f57ced37a2630afda0e359881e1ea179ee26bd2b77ddb6647b28c3e31716c988,,unique,audited_source_training_record,pre_split_source_candidate
325b,data/raw/v2/ceymo/train/extracted/train/images/325b.jpg,data/raw/v2/ceymo/train/extracted/train/bbox_annotations/325b.xml,RA,RA:1,1,road_marking:1,yes,3459f0ade99c65720421b368713d724701af1f377cb7c9fd10d4e07d1b1dc0e8,,unique,audited_source_training_record,pre_split_source_candidate
325c,data/raw/v2/ceymo/train/extracted/train/images/325c.jpg,data/raw/v2/ceymo/train/extracted/train/bbox_annotations/325c.xml,RA,RA:1,1,road_marking:1,yes,388392add3bbe35382db7e2a242d9ce8d72bc5d3bff72deeb033203d3583d693,,unique,audited_source_training_record,pre_split_source_candidate
325d,data/raw/v2/ceymo/train/extracted/train/images/325d.jpg,data/raw/v2/ceymo/train/extracted/train/bbox_annotations/325d.xml,RA,RA:1,1,road_marking:1,yes,5a10019d976e7cd8c33c8da020312bd68a2d88959233659f72b59d4af17a0afa,,unique,audited_source_training_record,pre_split_source_candidate
326,data/raw/v2/ceymo/train/extracted/train/images/326.jpg,data/raw/v2/ceymo/train/extracted/train/bbox_annotations/326.xml,RA;SLA,RA:1;SLA:1,2,road_marking:2,yes,58eafe8ea4a000727c1df158e89b9963e6c44deecdb5faa298bc73cc9e94f446,,unique,audited_source_training_record,pre_split_source_candidate
326a,data/raw/v2/ceymo/train/extracted/train/images/326a.jpg,data/raw/v2/ceymo/train/extracted/train/bbox_annotations/326a.xml,RA,RA:1,1,road_marking:1,yes,f3e0d3d0399a7895e1867cc5ebebcf9f282aacd738afbf90f61098b54d8dea89,,unique,audited_source_training_record,pre_split_source_candidate
326b,data/raw/v2/ceymo/train/extracted/train/images/326b.jpg,data/raw/v2/ceymo/train/extracted/train/bbox_annotations/326b.xml,RA;SLA,RA:1;SLA:1,2,road_marking:2,yes,facc00f842dc923d1940074ebc4e078dc1203916c1029542165a36251ee05f89,,unique,audited_source_training_record,pre_split_source_candidate
326c,data/raw/v2/ceymo/train/extracted/train/images/326c.jpg,data/raw/v2/ceymo/train/extracted/train/bbox_annotations/326c.xml,RA;SLA,RA:1;SLA:1,2,road_marking:2,yes,90b834a287b8684fe081462c8c370f372602b9b26de19475012839e18388ccb6,,unique,audited_source_training_record,pre_split_source_candidate
326d,data/raw/v2/ceymo/train/extracted/train/images/326d.jpg,data/raw/v2/ceymo/train/extracted/train/bbox_annotations/326d.xml,RA;SLA,RA:1;SLA:1,2,road_marking:2,yes,281d1d2821b96cc45eff48df1855e465602def515aa73a898cbdb1a3e5bf51ea,,unique,audited_source_training_record,pre_split_source_candidate
327,data/raw/v2/ceymo/train/extracted/train/images/327.jpg,data/raw/v2/ceymo/train/extracted/train/bbox_annotations/327.xml,DM,DM:1,1,road_marking:1,yes,6a129af9ad0217062d54f5539f9de1d543ad9f3af39f83c41bd2074674a8d0d2,,unique,audited_source_training_record,pre_split_source_candidate
327a,data/raw/v2/ceymo/train/extracted/train/images/327a.jpg,data/raw/v2/ceymo/train/extracted/train/bbox_annotations/327a.xml,DM,DM:1,1,road_marking:1,yes,78ddb24212f275988ab63ea3fa49274d8cb62873020b11dab83880180ac5cbf2,,unique,audited_source_training_record,pre_split_source_candidate
328,data/raw/v2/ceymo/train/extracted/train/images/328.jpg,data/raw/v2/ceymo/train/extracted/train/bbox_annotations/328.xml,DM,DM:2,2,road_marking:2,yes,b8383f4db80b3cc0617fba446eccd2fd4275616e686fbb65291946b0b540e5ca,,unique,audited_source_training_record,pre_split_source_candidate
328a,data/raw/v2/ceymo/train/extracted/train/images/328a.jpg,data/raw/v2/ceymo/train/extracted/train/bbox_annotations/328a.xml,DM,DM:2,2,road_marking:2,yes,37993e593441947f6ac016cfa2fd0403f9371a6456d5320da1a334686f436c43,,unique,audited_source_training_record,pre_split_source_candidate
329,data/raw/v2/ceymo/train/extracted/train/images/329.jpg,data/raw/v2/ceymo/train/extracted/train/bbox_annotations/329.xml,DM,DM:3,3,road_marking:3,yes,7f76a0db50abb4e139de18c94d41d0c8281685a5ab330c55e54388e5bdae20f2,,unique,audited_source_training_record,pre_split_source_candidate
329a,data/raw/v2/ceymo/train/extracted/train/images/329a.jpg,data/raw/v2/ceymo/train/extracted/train/bbox_annotations/329a.xml,DM,DM:3,3,road_marking:3,yes,00ba15f88e3cf39dc33b0d539f27c7518115c595af56fc5d211ad9795a79a5ca,,unique,audited_source_training_record,pre_split_source_candidate
32a,data/raw/v2/ceymo/train/extracted/train/images/32a.jpg,data/raw/v2/ceymo/train/extracted/train/bbox_annotations/32a.xml,SA;SLA,SA:1;SLA:1,2,road_marking:2,yes,3fbdab4c887f229a1236163edf64cdf66b265230a61188c2782f84f18d551504,,unique,audited_source_training_record,pre_split_source_candidate
32b,data/raw/v2/ceymo/train/extracted/train/images/32b.jpg,data/raw/v2/ceymo/train/extracted/train/bbox_annotations/32b.xml,SA;SLA,SA:1;SLA:1,2,road_marking:2,yes,46ff93b673bd8c78f6a9cf6d5762f679bcbbe916dae54f3a957261ab94582bd2,,unique,audited_source_training_record,pre_split_source_candidate
32c,data/raw/v2/ceymo/train/extracted/train/images/32c.jpg,data/raw/v2/ceymo/train/extracted/train/bbox_annotations/32c.xml,SA;SLA,SA:1;SLA:1,2,road_marking:2,yes,0ec234238a63d52969b366cad0a79c08f5fdfefd004db69cc6360eab8dc04daf,,unique,audited_source_training_record,pre_split_source_candidate
32d,data/raw/v2/ceymo/train/extracted/train/images/32d.jpg,data/raw/v2/ceymo/train/extracted/train/bbox_annotations/32d.xml,SA;SLA,SA:1;SLA:1,2,road_marking:2,yes,c7241d5f7447a3c5a743ada2f4167c5fb5c9c7255d9ce375896025a304e4150f,,unique,audited_source_training_record,pre_split_source_candidate
33,data/raw/v2/ceymo/train/extracted/train/images/33.jpg,data/raw/v2/ceymo/train/extracted/train/bbox_annotations/33.xml,SA;SLA,SA:1;SLA:1,2,road_marking:2,yes,04c6287c219e4bc0ca2c32dac89c393db740f933b9ea3e889f27ca9da7a4954a,,unique,audited_source_training_record,pre_split_source_candidate
330,data/raw/v2/ceymo/train/extracted/train/images/330.jpg,data/raw/v2/ceymo/train/extracted/train/bbox_annotations/330.xml,DM,DM:3,3,road_marking:3,yes,e6616c17beda75926a5ab86d8392a15caf879d67f79fbedfab64f6226030ed99,,unique,audited_source_training_record,pre_split_source_candidate
330a,data/raw/v2/ceymo/train/extracted/train/images/330a.jpg,data/raw/v2/ceymo/train/extracted/train/bbox_annotations/330a.xml,DM,DM:3,3,road_marking:3,yes,afde8b4e310e73a1d354fe5f9deaa3b716c79c1503424385ee3b59882e1a17b1,,unique,audited_source_training_record,pre_split_source_candidate
330b,data/raw/v2/ceymo/train/extracted/train/images/330b.jpg,data/raw/v2/ceymo/train/extracted/train/bbox_annotations/330b.xml,DM,DM:3,3,road_marking:3,yes,f33b4997bc8f24d4c2aaebe9a84893a947be27ef8ef12ad496012bcd2d39baab,,unique,audited_source_training_record,pre_split_source_candidate
331,data/raw/v2/ceymo/train/extracted/train/images/331.jpg,data/raw/v2/ceymo/train/extracted/train/bbox_annotations/331.xml,DM,DM:3,3,road_marking:3,yes,3ed0bdf7446c99f1f0d24a5f6e7f566bcbafb67e88c6af0f6eaf8f71ea933d88,,unique,audited_source_training_record,pre_split_source_candidate
331a,data/raw/v2/ceymo/train/extracted/train/images/331a.jpg,data/raw/v2/ceymo/train/extracted/train/bbox_annotations/331a.xml,DM,DM:2,2,road_marking:2,yes,a290e54cd1c7c062d839c7b97659da9acd548289d272aac65b3c1a75d2fc2862,,unique,audited_source_training_record,pre_split_source_candidate
331b,data/raw/v2/ceymo/train/extracted/train/images/331b.jpg,data/raw/v2/ceymo/train/extracted/train/bbox_annotations/331b.xml,DM,DM:3,3,road_marking:3,yes,8c4a0ae391c0c3cc7608ebaa69c9ba4d4e78558719c5c2417b55e13ddc448011,,unique,audited_source_training_record,pre_split_source_candidate
332,data/raw/v2/ceymo/train/extracted/train/images/332.jpg,data/raw/v2/ceymo/train/extracted/train/bbox_annotations/332.xml,PC,PC:1,1,road_marking:1,yes,bf286d16e24163db8c7ebc85031c7cb8505c50a2c25fac319a9b085089f9893a,,unique,audited_source_training_record,pre_split_source_candidate
332a,data/raw/v2/ceymo/train/extracted/train/images/332a.jpg,data/raw/v2/ceymo/train/extracted/train/bbox_annotations/332a.xml,PC,PC:1,1,road_marking:1,yes,5dc9cce0e35830e1ea1114360cdb9a40b4e289da87f52e9007f82532e0718f3c,,unique,audited_source_training_record,pre_split_source_candidate
332b,data/raw/v2/ceymo/train/extracted/train/images/332b.jpg,data/raw/v2/ceymo/train/extracted/train/bbox_annotations/332b.xml,PC,PC:1,1,road_marking:1,yes,0f0d9d0da99061582017e6e1ec509df1e57dd14c658b98f1b8e642dd9ebf651e,,unique,audited_source_training_record,pre_split_source_candidate
333,data/raw/v2/ceymo/train/extracted/train/images/333.jpg,data/raw/v2/ceymo/train/extracted/train/bbox_annotations/333.xml,DM,DM:3,3,road_marking:3,yes,be182b31e237bc087d937f78056b9183717ae0c099922d0ea62ef507c90e191a,,unique,audited_source_training_record,pre_split_source_candidate
333a,data/raw/v2/ceymo/train/extracted/train/images/333a.jpg,data/raw/v2/ceymo/train/extracted/train/bbox_annotations/333a.xml,DM,DM:3,3,road_marking:3,yes,897c51e21d62cb83090f9fb9b2d786c2ee8b2a508456358805c5acf6ed20c50c,,unique,audited_source_training_record,pre_split_source_candidate
333b,data/raw/v2/ceymo/train/extracted/train/images/333b.jpg,data/raw/v2/ceymo/train/extracted/train/bbox_annotations/333b.xml,DM,DM:3,3,road_marking:3,yes,67e088327b43ab7d4fe62d4b3f1cb293d042d8045777419c3bade31578b69a7d,,unique,audited_source_training_record,pre_split_source_candidate
334,data/raw/v2/ceymo/train/extracted/train/images/334.jpg,data/raw/v2/ceymo/train/extracted/train/bbox_annotations/334.xml,DM,DM:3,3,road_marking:3,yes,46437f62cce74a5098ee528c7edf753ae3e16a124ac1414268df9bf5cc4b4932,,unique,audited_source_training_record,pre_split_source_candidate
334a,data/raw/v2/ceymo/train/extracted/train/images/334a.jpg,data/raw/v2/ceymo/train/extracted/train/bbox_annotations/334a.xml,DM,DM:3,3,road_marking:3,yes,c30251ab05124f9cb978974bf188e86973b06606fc651c1febafaae6c1bd239f,,unique,audited_source_training_record,pre_split_source_candidate
334b,data/raw/v2/ceymo/train/extracted/train/images/334b.jpg,data/raw/v2/ceymo/train/extracted/train/bbox_annotations/334b.xml,DM,DM:3,3,road_marking:3,yes,a30165d9bbdc532eff21942dc201ae47ae2fd3e5da013c0919cb48ba6ce33a88,,unique,audited_source_training_record,pre_split_source_candidate
335,data/raw/v2/ceymo/train/extracted/train/images/335.jpg,data/raw/v2/ceymo/train/extracted/train/bbox_annotations/335.xml,PC,PC:1,1,road_marking:1,yes,4a6e61e6ef716502a7a92b0d0375c7e27efc5f367ed5c3ee350dd7cbf2cd0f13,,unique,audited_source_training_record,pre_split_source_candidate
335a,data/raw/v2/ceymo/train/extracted/train/images/335a.jpg,data/raw/v2/ceymo/train/extracted/train/bbox_annotations/335a.xml,PC,PC:1,1,road_marking:1,yes,7563549791f43d1846fe27ce1106c23522f87a64a73242e2612e2da87fee9224,,unique,audited_source_training_record,pre_split_source_candidate
336,data/raw/v2/ceymo/train/extracted/train/images/336.jpg,data/raw/v2/ceymo/train/extracted/train/bbox_annotations/336.xml,DM,DM:3,3,road_marking:3,yes,fe0f1cb72673b559c5277e4465d666ae6b43c0eb5d42ad0c3705bac095f3653e,,unique,audited_source_training_record,pre_split_source_candidate
336a,data/raw/v2/ceymo/train/extracted/train/images/336a.jpg,data/raw/v2/ceymo/train/extracted/train/bbox_annotations/336a.xml,DM,DM:3,3,road_marking:3,yes,b90f9285bc121489ee195fda98daddbed28d7aa7975049b1f68e92f02335b28c,,unique,audited_source_training_record,pre_split_source_candidate
336b,data/raw/v2/ceymo/train/extracted/train/images/336b.jpg,data/raw/v2/ceymo/train/extracted/train/bbox_annotations/336b.xml,DM,DM:3,3,road_marking:3,yes,41f4358edf1754c893d41822c50d28c4c9031e89ef68440017154da1fbda5de2,,unique,audited_source_training_record,pre_split_source_candidate
337,data/raw/v2/ceymo/train/extracted/train/images/337.jpg,data/raw/v2/ceymo/train/extracted/train/bbox_annotations/337.xml,PC,PC:1,1,road_marking:1,yes,fe6fb7ee4c3c4b0f9beb5edce7a50bbe2860f90a4d45676201fee0bb803ffc4c,,unique,audited_source_training_record,pre_split_source_candidate
337a,data/raw/v2/ceymo/train/extracted/train/images/337a.jpg,data/raw/v2/ceymo/train/extracted/train/bbox_annotations/337a.xml,PC,PC:1,1,road_marking:1,yes,1ec863af67c634e9f539c70544f2e49719032f3b50e835701aab621bca9bc92f,,unique,audited_source_training_record,pre_split_source_candidate
338,data/raw/v2/ceymo/train/extracted/train/images/338.jpg,data/raw/v2/ceymo/train/extracted/train/bbox_annotations/338.xml,DM,DM:3,3,road_marking:3,yes,f9eedbd0619cfb40bad88e078e999f3d6e8499cbb19119958dbb4205d74865f6,,unique,audited_source_training_record,pre_split_source_candidate
338a,data/raw/v2/ceymo/train/extracted/train/images/338a.jpg,data/raw/v2/ceymo/train/extracted/train/bbox_annotations/338a.xml,DM,DM:2,2,road_marking:2,yes,c9dd6334b9e0ebe3e8f54a6f50f1abf70037b6603b09995b58059edab730f5e7,,unique,audited_source_training_record,pre_split_source_candidate
338b,data/raw/v2/ceymo/train/extracted/train/images/338b.jpg,data/raw/v2/ceymo/train/extracted/train/bbox_annotations/338b.xml,DM,DM:2,2,road_marking:2,yes,7484256440c4192cc209ca41652def0ae125ba2d1048e383d5697089d245641b,,unique,audited_source_training_record,pre_split_source_candidate
339,data/raw/v2/ceymo/train/extracted/train/images/339.jpg,data/raw/v2/ceymo/train/extracted/train/bbox_annotations/339.xml,SA;SLA;SRA,SA:1;SLA:1;SRA:1,3,road_marking:3,yes,b2625b486da83a2d912718c554257126cabe60b82197b1a6fe93b662c3cacf7e,,unique,audited_source_training_record,pre_split_source_candidate
339a,data/raw/v2/ceymo/train/extracted/train/images/339a.jpg,data/raw/v2/ceymo/train/extracted/train/bbox_annotations/339a.xml,SA;SLA;SRA,SA:1;SLA:1;SRA:1,3,road_marking:3,yes,9bab470aa4add68e9815dca631e3611ad605a82400916cf00504d8fc9fcf5853,,unique,audited_source_training_record,pre_split_source_candidate
339b,data/raw/v2/ceymo/train/extracted/train/images/339b.jpg,data/raw/v2/ceymo/train/extracted/train/bbox_annotations/339b.xml,SA;SLA,SA:1;SLA:1,2,road_marking:2,yes,1abbd6cd314dd3b210c16b14b41b4d944feef02ee3d6e8e731c75b7dc04fcfba,,unique,audited_source_training_record,pre_split_source_candidate
339c,data/raw/v2/ceymo/train/extracted/train/images/339c.jpg,data/raw/v2/ceymo/train/extracted/train/bbox_annotations/339c.xml,SA;SLA;SRA,SA:1;SLA:1;SRA:1,3,road_marking:3,yes,da9530f04a98fc94db03f18824a92c65c3b2fa39b76969f4d8a39fe17f69b804,,unique,audited_source_training_record,pre_split_source_candidate
339d,data/raw/v2/ceymo/train/extracted/train/images/339d.jpg,data/raw/v2/ceymo/train/extracted/train/bbox_annotations/339d.xml,SA;SLA;SRA,SA:1;SLA:1;SRA:1,3,road_marking:3,yes,d7f108b136f79c4a29463e0faaaf6d3a7c27e0a1d38837b339e0fbfcf83b83c4,,unique,audited_source_training_record,pre_split_source_candidate
33a,data/raw/v2/ceymo/train/extracted/train/images/33a.jpg,data/raw/v2/ceymo/train/extracted/train/bbox_annotations/33a.xml,SA;SLA,SA:1;SLA:1,2,road_marking:2,yes,a7e0358ddb5b0f8d130f44ce3a0ddd6504263f40730b247f80079512e0a41b88,,unique,audited_source_training_record,pre_split_source_candidate
33b,data/raw/v2/ceymo/train/extracted/train/images/33b.jpg,data/raw/v2/ceymo/train/extracted/train/bbox_annotations/33b.xml,SA;SLA,SA:1;SLA:1,2,road_marking:2,yes,4b4407df882110d3574359e9ccfa8656a50dc7cfdf9ecb7d31ceea57818b1024,,unique,audited_source_training_record,pre_split_source_candidate
33c,data/raw/v2/ceymo/train/extracted/train/images/33c.jpg,data/raw/v2/ceymo/train/extracted/train/bbox_annotations/33c.xml,SA;SLA,SA:1;SLA:1,2,road_marking:2,yes,6c1e65daf757e30262d8e2dfc7b4589ea47f524f146a197577b3de434fec5c78,,unique,audited_source_training_record,pre_split_source_candidate
33d,data/raw/v2/ceymo/train/extracted/train/images/33d.jpg,data/raw/v2/ceymo/train/extracted/train/bbox_annotations/33d.xml,SA;SLA,SA:1;SLA:1,2,road_marking:2,yes,0e35d91534308404d9f7d5ee25cec788acb1278bca4a9ef1694df5e8e8f5f3eb,,unique,audited_source_training_record,pre_split_source_candidate
34,data/raw/v2/ceymo/train/extracted/train/images/34.jpg,data/raw/v2/ceymo/train/extracted/train/bbox_annotations/34.xml,SLA,SLA:1,1,road_marking:1,yes,a7efac931234fcaf0f5dfac638c0a57ca432e45c4b3ad3b3ee0b2cd54391a94e,,unique,audited_source_training_record,pre_split_source_candidate
34a,data/raw/v2/ceymo/train/extracted/train/images/34a.jpg,data/raw/v2/ceymo/train/extracted/train/bbox_annotations/34a.xml,SLA,SLA:1,1,road_marking:1,yes,64b2bdada1e210ee3c87375a1c9f7c77b0d56140b6f480aacc53a5c1a3012341,,unique,audited_source_training_record,pre_split_source_candidate
34b,data/raw/v2/ceymo/train/extracted/train/images/34b.jpg,data/raw/v2/ceymo/train/extracted/train/bbox_annotations/34b.xml,SLA,SLA:1,1,road_marking:1,yes,06a551616f8493a161911d520745e91a14aaf4b7a142c6f8afcc0c6c9aca20ba,,unique,audited_source_training_record,pre_split_source_candidate
34c,data/raw/v2/ceymo/train/extracted/train/images/34c.jpg,data/raw/v2/ceymo/train/extracted/train/bbox_annotations/34c.xml,SLA,SLA:1,1,road_marking:1,yes,a19cc061687ff5656695cd4ab94e040e5679c383e8fa65f04311e00af84da4e6,,unique,audited_source_training_record,pre_split_source_candidate
34d,data/raw/v2/ceymo/train/extracted/train/images/34d.jpg,data/raw/v2/ceymo/train/extracted/train/bbox_annotations/34d.xml,SLA,SLA:1,1,road_marking:1,yes,58d0eecbeba45528209685d8e5df655b943f526870596ec2036e3b701a464641,,unique,audited_source_training_record,pre_split_source_candidate
35,data/raw/v2/ceymo/train/extracted/train/images/35.jpg,data/raw/v2/ceymo/train/extracted/train/bbox_annotations/35.xml,PC,PC:1,1,road_marking:1,yes,62856af255d36ab1082a43dd490b0380693da03bffefbdb74d88170f476143ae,,unique,audited_source_training_record,pre_split_source_candidate
350,data/raw/v2/ceymo/train/extracted/train/images/350.jpg,data/raw/v2/ceymo/train/extracted/train/bbox_annotations/350.xml,DM,DM:1,1,road_marking:1,yes,9b48648eb10121a5422f446cad157445e491f313f74ade5b4fc0eab865563d41,,unique,audited_source_training_record,pre_split_source_candidate
350a,data/raw/v2/ceymo/train/extracted/train/images/350a.jpg,data/raw/v2/ceymo/train/extracted/train/bbox_annotations/350a.xml,DM,DM:1,1,road_marking:1,yes,ed0ea27e2661faffaa19baade528f4b52a63030406154b1110ae41359b3b2a5b,,unique,audited_source_training_record,pre_split_source_candidate
352,data/raw/v2/ceymo/train/extracted/train/images/352.jpg,data/raw/v2/ceymo/train/extracted/train/bbox_annotations/352.xml,SA;SLA,SA:1;SLA:1,2,road_marking:2,yes,a92481737a2581b38fb0ba854857aa3271b987487c90cd7d49af5ddc043de2f6,,unique,audited_source_training_record,pre_split_source_candidate
352a,data/raw/v2/ceymo/train/extracted/train/images/352a.jpg,data/raw/v2/ceymo/train/extracted/train/bbox_annotations/352a.xml,SA;SLA,SA:1;SLA:1,2,road_marking:2,yes,115bab9a3ca49ba0c590787707540d59ac6b32fb13c4e38722f2a54a9f6aae7a,,unique,audited_source_training_record,pre_split_source_candidate
352b,data/raw/v2/ceymo/train/extracted/train/images/352b.jpg,data/raw/v2/ceymo/train/extracted/train/bbox_annotations/352b.xml,SA;SLA,SA:1;SLA:1,2,road_marking:2,yes,6c7047a9e934f3e1148611c8adc618409df0feb7679f8f10356eb63c472a57f2,,unique,audited_source_training_record,pre_split_source_candidate
352c,data/raw/v2/ceymo/train/extracted/train/images/352c.jpg,data/raw/v2/ceymo/train/extracted/train/bbox_annotations/352c.xml,SA;SLA,SA:1;SLA:1,2,road_marking:2,yes,3aa44a85f04541b0c0010ed132f020caae5f589e9ad129af7345e62cf0747e9e,,unique,audited_source_training_record,pre_split_source_candidate
352d,data/raw/v2/ceymo/train/extracted/train/images/352d.jpg,data/raw/v2/ceymo/train/extracted/train/bbox_annotations/352d.xml,SA;SLA,SA:1;SLA:1,2,road_marking:2,yes,634b7446bd1fe668071d24139b8d2898e601a6fed91af109d0b82b994c6b5051,,unique,audited_source_training_record,pre_split_source_candidate
353,data/raw/v2/ceymo/train/extracted/train/images/353.jpg,data/raw/v2/ceymo/train/extracted/train/bbox_annotations/353.xml,RA;SLA,RA:1;SLA:1,2,road_marking:2,yes,ecd9c6c42bba2bae9aeda9c2b25c98e9c6cca052b86064f8414010286c7e64e9,,unique,audited_source_training_record,pre_split_source_candidate
353a,data/raw/v2/ceymo/train/extracted/train/images/353a.jpg,data/raw/v2/ceymo/train/extracted/train/bbox_annotations/353a.xml,RA;SLA,RA:1;SLA:1,2,road_marking:2,yes,5caa2a9ffde085ad61b3472f6330266f191d7b91995178c735186e989c0e05bc,,unique,audited_source_training_record,pre_split_source_candidate
353b,data/raw/v2/ceymo/train/extracted/train/images/353b.jpg,data/raw/v2/ceymo/train/extracted/train/bbox_annotations/353b.xml,RA;SLA,RA:1;SLA:1,2,road_marking:2,yes,9a8c6f4eafda84338c8ac658ffb756f736d9858e538ef6a1039e833f009a6f02,,unique,audited_source_training_record,pre_split_source_candidate
353c,data/raw/v2/ceymo/train/extracted/train/images/353c.jpg,data/raw/v2/ceymo/train/extracted/train/bbox_annotations/353c.xml,RA;SLA,RA:1;SLA:1,2,road_marking:2,yes,d791fcbc2c1af3a731e5e1143dbc09ad16da3945c3262465e9978a5793c62358,,unique,audited_source_training_record,pre_split_source_candidate
353d,data/raw/v2/ceymo/train/extracted/train/images/353d.jpg,data/raw/v2/ceymo/train/extracted/train/bbox_annotations/353d.xml,RA;SLA,RA:1;SLA:1,2,road_marking:2,yes,6eb750fc63a442b28e0cbafa8ee871f124c4483ebfa1579d7dbf5f4f881be58d,,unique,audited_source_training_record,pre_split_source_candidate
354,data/raw/v2/ceymo/train/extracted/train/images/354.jpg,data/raw/v2/ceymo/train/extracted/train/bbox_annotations/354.xml,RA;SA;SLA,RA:1;SA:1;SLA:1,3,road_marking:3,yes,fa1cea26fd345759a8b5c870c8e7dde0e8c4eaea22a3ba4f79d44ec3c2b68235,,unique,audited_source_training_record,pre_split_source_candidate
354a,data/raw/v2/ceymo/train/extracted/train/images/354a.jpg,data/raw/v2/ceymo/train/extracted/train/bbox_annotations/354a.xml,RA;SA;SLA,RA:1;SA:1;SLA:1,3,road_marking:3,yes,01e30b6bb655d6cac5ce9a8cbe0c4457f56b527e1e53164cc72fb906615e74a6,,unique,audited_source_training_record,pre_split_source_candidate
354b,data/raw/v2/ceymo/train/extracted/train/images/354b.jpg,data/raw/v2/ceymo/train/extracted/train/bbox_annotations/354b.xml,RA;SA;SLA,RA:1;SA:1;SLA:1,3,road_marking:3,yes,e995218e3268cfd4f0dc451570b37ae352cee7b6575a59d475abf5b24f5a4eb0,,unique,audited_source_training_record,pre_split_source_candidate
354c,data/raw/v2/ceymo/train/extracted/train/images/354c.jpg,data/raw/v2/ceymo/train/extracted/train/bbox_annotations/354c.xml,RA;SA;SLA,RA:1;SA:1;SLA:1,3,road_marking:3,yes,4c41433c05647c68bd7097ed4cca827d7ef66c294cc4ee6d055d61c3b9c4fb56,,unique,audited_source_training_record,pre_split_source_candidate
354d,data/raw/v2/ceymo/train/extracted/train/images/354d.jpg,data/raw/v2/ceymo/train/extracted/train/bbox_annotations/354d.xml,RA;SA;SLA,RA:1;SA:1;SLA:1,3,road_marking:3,yes,83e335c87897722991ec6fd651b67a91b75b09157b2b838786fa078c46c23de4,,unique,audited_source_training_record,pre_split_source_candidate
354e,data/raw/v2/ceymo/train/extracted/train/images/354e.jpg,data/raw/v2/ceymo/train/extracted/train/bbox_annotations/354e.xml,RA;SA,RA:1;SA:1,2,road_marking:2,yes,a737101abb87c676fca2ed62bc4a5503b784fc3b5b35675183c0a4b0fd516ee6,,unique,audited_source_training_record,pre_split_source_candidate
355,data/raw/v2/ceymo/train/extracted/train/images/355.jpg,data/raw/v2/ceymo/train/extracted/train/bbox_annotations/355.xml,BL,BL:1,1,road_marking:1,yes,4b7ba7a1d699fc87e0b75bfb2d344b9147397ca41889a13152d50367f61167c4,,unique,audited_source_training_record,pre_split_source_candidate
355a,data/raw/v2/ceymo/train/extracted/train/images/355a.jpg,data/raw/v2/ceymo/train/extracted/train/bbox_annotations/355a.xml,SA,SA:1,1,road_marking:1,yes,d1694e0c05a1216ad5c9eacb991ea96feab6754b7b0f37f7de779c852b226635,,unique,audited_source_training_record,pre_split_source_candidate
355b,data/raw/v2/ceymo/train/extracted/train/images/355b.jpg,data/raw/v2/ceymo/train/extracted/train/bbox_annotations/355b.xml,BL;SA,BL:1;SA:1,2,road_marking:2,yes,e25b8f0a23717ce9ad5d863422c6e56828b44d8a4318da183f059a2cb3f8aefa,,unique,audited_source_training_record,pre_split_source_candidate
356,data/raw/v2/ceymo/train/extracted/train/images/356.jpg,data/raw/v2/ceymo/train/extracted/train/bbox_annotations/356.xml,BL,BL:1,1,road_marking:1,yes,6b84191e9a3c535f109aabb01fd13dc2ab07a2f565caa0fe2d15734f41f05264,,unique,audited_source_training_record,pre_split_source_candidate
356a,data/raw/v2/ceymo/train/extracted/train/images/356a.jpg,data/raw/v2/ceymo/train/extracted/train/bbox_annotations/356a.xml,BL;SA,BL:1;SA:1,2,road_marking:2,yes,5db48a642879d2657b843660c90024dccca77bdfa97e26d1379b9cfa98b89409,,unique,audited_source_training_record,pre_split_source_candidate
356b,data/raw/v2/ceymo/train/extracted/train/images/356b.jpg,data/raw/v2/ceymo/train/extracted/train/bbox_annotations/356b.xml,BL;SA,BL:1;SA:1,2,road_marking:2,yes,558e923005451eaad6753d7f65822e2ac60209a8c52b21cf467717dad8fcfa0a,,unique,audited_source_training_record,pre_split_source_candidate
357,data/raw/v2/ceymo/train/extracted/train/images/357.jpg,data/raw/v2/ceymo/train/extracted/train/bbox_annotations/357.xml,JB,JB:1,1,road_marking:1,yes,cad4306a57b604cec61728229fd93322da4426a964b30f5ba5abee59ba52b0ba,,unique,audited_source_training_record,pre_split_source_candidate
357a,data/raw/v2/ceymo/train/extracted/train/images/357a.jpg,data/raw/v2/ceymo/train/extracted/train/bbox_annotations/357a.xml,JB,JB:1,1,road_marking:1,yes,2acb04849f05f29f3369ec30acf0869eace13aa7c290091aab76d2e820132c0c,,unique,audited_source_training_record,pre_split_source_candidate
357b,data/raw/v2/ceymo/train/extracted/train/images/357b.jpg,data/raw/v2/ceymo/train/extracted/train/bbox_annotations/357b.xml,JB,JB:1,1,road_marking:1,yes,7a90a40f5b21ddfaf8c53e803bfae46ec031a1158c0ab4d9cf5f51c17384c4c0,,unique,audited_source_training_record,pre_split_source_candidate
357c,data/raw/v2/ceymo/train/extracted/train/images/357c.jpg,data/raw/v2/ceymo/train/extracted/train/bbox_annotations/357c.xml,JB,JB:1,1,road_marking:1,yes,3098869c75ce45bf7cdbf5db68766c29b14aca5c1c5aa571169586f59604fcb5,,unique,audited_source_training_record,pre_split_source_candidate
359,data/raw/v2/ceymo/train/extracted/train/images/359.jpg,data/raw/v2/ceymo/train/extracted/train/bbox_annotations/359.xml,BL,BL:1,1,road_marking:1,yes,37dae34aee44e573b2b2645539c5e9e9dd33efdaec22691d478e8e0ec38b60cd,,unique,audited_source_training_record,pre_split_source_candidate
359a,data/raw/v2/ceymo/train/extracted/train/images/359a.jpg,data/raw/v2/ceymo/train/extracted/train/bbox_annotations/359a.xml,BL;SA,BL:1;SA:1,2,road_marking:2,yes,1b34e8601ee21ef7fab45bfd13807de8e350b660a1a1cbc3f0452362998cd388,,unique,audited_source_training_record,pre_split_source_candidate
359b,data/raw/v2/ceymo/train/extracted/train/images/359b.jpg,data/raw/v2/ceymo/train/extracted/train/bbox_annotations/359b.xml,BL;SA,BL:1;SA:1,2,road_marking:2,yes,3f66a5a06c0058a5e8ebae2f7da9527a4fa635615b8f7412391da5e5b7766565,,unique,audited_source_training_record,pre_split_source_candidate
35a,data/raw/v2/ceymo/train/extracted/train/images/35a.jpg,data/raw/v2/ceymo/train/extracted/train/bbox_annotations/35a.xml,PC,PC:1,1,road_marking:1,yes,801e6bbf382b0e14e2fd39436a75e4507765400f33cbd9bb89bcd8eaed8f69b2,,unique,audited_source_training_record,pre_split_source_candidate
35b,data/raw/v2/ceymo/train/extracted/train/images/35b.jpg,data/raw/v2/ceymo/train/extracted/train/bbox_annotations/35b.xml,PC,PC:1,1,road_marking:1,yes,89e8c51ee17f6f4fbbd4142a9265a0dbfca67c3d596bfbd4e3fd94dc17b4d4eb,,unique,audited_source_training_record,pre_split_source_candidate
36,data/raw/v2/ceymo/train/extracted/train/images/36.jpg,data/raw/v2/ceymo/train/extracted/train/bbox_annotations/36.xml,PC,PC:1,1,road_marking:1,yes,9e4dcd31cf54d7d42e8d5a0f0c2c835b21cf5334ee35dea3ee2dfee581687c47,,unique,audited_source_training_record,pre_split_source_candidate
361,data/raw/v2/ceymo/train/extracted/train/images/361.jpg,data/raw/v2/ceymo/train/extracted/train/bbox_annotations/361.xml,BL,BL:1,1,road_marking:1,yes,208c2b058a29cf447daf1722244db79625e1cbd8497f1290ac30cf712cab0b2c,,unique,audited_source_training_record,pre_split_source_candidate
361a,data/raw/v2/ceymo/train/extracted/train/images/361a.jpg,data/raw/v2/ceymo/train/extracted/train/bbox_annotations/361a.xml,BL;SA,BL:1;SA:1,2,road_marking:2,yes,3b506347cb1d1cff1ce0ec74018aadef9fae876a2e4d876e117b4300315b9dcc,,unique,audited_source_training_record,pre_split_source_candidate
362,data/raw/v2/ceymo/train/extracted/train/images/362.jpg,data/raw/v2/ceymo/train/extracted/train/bbox_annotations/362.xml,JB,JB:1,1,road_marking:1,yes,c4a9c6fcbfe6829bd3333294a970c0dd75c38cef4589b1169bbc7f12b65b76bb,,unique,audited_source_training_record,pre_split_source_candidate
362a,data/raw/v2/ceymo/train/extracted/train/images/362a.jpg,data/raw/v2/ceymo/train/extracted/train/bbox_annotations/362a.xml,JB,JB:1,1,road_marking:1,yes,6e90bc0952a8ff16371f1d684f623192908de98bc64207bb25e1ad5cccb45061,,unique,audited_source_training_record,pre_split_source_candidate
362b,data/raw/v2/ceymo/train/extracted/train/images/362b.jpg,data/raw/v2/ceymo/train/extracted/train/bbox_annotations/362b.xml,JB,JB:1,1,road_marking:1,yes,6600fd35a5c640721664e51c4897839e911a816c97cf9f56281d9911ba8bed75,,unique,audited_source_training_record,pre_split_source_candidate
363,data/raw/v2/ceymo/train/extracted/train/images/363.jpg,data/raw/v2/ceymo/train/extracted/train/bbox_annotations/363.xml,BL;SA,BL:1;SA:2,3,road_marking:3,yes,c5e7218fee318783836a1516bebbb26ef2ab230bfcb62d338051d3d1863bd872,,unique,audited_source_training_record,pre_split_source_candidate
363a,data/raw/v2/ceymo/train/extracted/train/images/363a.jpg,data/raw/v2/ceymo/train/extracted/train/bbox_annotations/363a.xml,SA,SA:3,3,road_marking:3,yes,74edd8a9be2771af74dc638fcf02c3bd2e2f66603ad07448b7db7e99a68031c0,,unique,audited_source_training_record,pre_split_source_candidate
363b,data/raw/v2/ceymo/train/extracted/train/images/363b.jpg,data/raw/v2/ceymo/train/extracted/train/bbox_annotations/363b.xml,BL;SA,BL:1;SA:3,4,road_marking:4,yes,90c77db11914102561a95e2138228fe606e584a29f3e950bcb820cf6e9f539bc,,unique,audited_source_training_record,pre_split_source_candidate
363c,data/raw/v2/ceymo/train/extracted/train/images/363c.jpg,data/raw/v2/ceymo/train/extracted/train/bbox_annotations/363c.xml,BL;SA,BL:1;SA:2,3,road_marking:3,yes,a3daaa9ad3093c80fa3b43eac90d177014b2c28fdb6156b22bacbfbc99e1f4f4,,unique,audited_source_training_record,pre_split_source_candidate
363d,data/raw/v2/ceymo/train/extracted/train/images/363d.jpg,data/raw/v2/ceymo/train/extracted/train/bbox_annotations/363d.xml,SA,SA:2,2,road_marking:2,yes,1188f90dc55b123e19d4c82c049501bc4e5cfa239de7b5b9074b73a0e6a8115a,,unique,audited_source_training_record,pre_split_source_candidate
364,data/raw/v2/ceymo/train/extracted/train/images/364.jpg,data/raw/v2/ceymo/train/extracted/train/bbox_annotations/364.xml,JB,JB:1,1,road_marking:1,yes,0214cdb588e09e02713292bb1f27e19ce18147dfadc0542ababd36652e7af3b3,,unique,audited_source_training_record,pre_split_source_candidate
364a,data/raw/v2/ceymo/train/extracted/train/images/364a.jpg,data/raw/v2/ceymo/train/extracted/train/bbox_annotations/364a.xml,JB,JB:1,1,road_marking:1,yes,d87cd66105330844430471b38b93a0354a1c40658e4f308196bc122b410a9b38,,unique,audited_source_training_record,pre_split_source_candidate
364b,data/raw/v2/ceymo/train/extracted/train/images/364b.jpg,data/raw/v2/ceymo/train/extracted/train/bbox_annotations/364b.xml,JB,JB:1,1,road_marking:1,yes,20b5fdb76692e2956f2bf82e58aef4055125c4d648f5babcc35a4501658da2b3,,unique,audited_source_training_record,pre_split_source_candidate
365,data/raw/v2/ceymo/train/extracted/train/images/365.jpg,data/raw/v2/ceymo/train/extracted/train/bbox_annotations/365.xml,SA,SA:3,3,road_marking:3,yes,b9a224a3a74183419754b641f1cf32709ec3febbe0c442fb9d897b5bbd2a53d4,,unique,audited_source_training_record,pre_split_source_candidate
365a,data/raw/v2/ceymo/train/extracted/train/images/365a.jpg,data/raw/v2/ceymo/train/extracted/train/bbox_annotations/365a.xml,BL;SA,BL:1;SA:3,4,road_marking:4,yes,910493ec3c838e863d606d0be839be7cfb9ee20b3c9bfe4381b7b3d6c8e344bb,,unique,audited_source_training_record,pre_split_source_candidate
365b,data/raw/v2/ceymo/train/extracted/train/images/365b.jpg,data/raw/v2/ceymo/train/extracted/train/bbox_annotations/365b.xml,BL;SA,BL:1;SA:2,3,road_marking:3,yes,679d64ceccd03530988bd23075824fd648e48117fc44076a7fcbed099a396650,,unique,audited_source_training_record,pre_split_source_candidate
365c,data/raw/v2/ceymo/train/extracted/train/images/365c.jpg,data/raw/v2/ceymo/train/extracted/train/bbox_annotations/365c.xml,BL;SA,BL:1;SA:2,3,road_marking:3,yes,e5b874f1c64b2a3793611f17c3354a98c66c32d6e10be0ca8d53e1e176cac34d,,unique,audited_source_training_record,pre_split_source_candidate
366,data/raw/v2/ceymo/train/extracted/train/images/366.jpg,data/raw/v2/ceymo/train/extracted/train/bbox_annotations/366.xml,BL;SA,BL:1;SA:1,2,road_marking:2,yes,331f5d9da179b3dd7ea4710e4fd863d4ecdf1c958aaf47355130abf2c92525e4,,unique,audited_source_training_record,pre_split_source_candidate
366a,data/raw/v2/ceymo/train/extracted/train/images/366a.jpg,data/raw/v2/ceymo/train/extracted/train/bbox_annotations/366a.xml,SA,SA:1,1,road_marking:1,yes,1bcfe7721ea749d4822b6fa9160c0884a40add701236f0d3e8a967c954332a4d,,unique,audited_source_training_record,pre_split_source_candidate
366b,data/raw/v2/ceymo/train/extracted/train/images/366b.jpg,data/raw/v2/ceymo/train/extracted/train/bbox_annotations/366b.xml,BL;SA,BL:1;SA:1,2,road_marking:2,yes,c063d3a3d5ee92a2668f7bea059be44f9824794a727ead12bbde94848e722ca5,,unique,audited_source_training_record,pre_split_source_candidate
366c,data/raw/v2/ceymo/train/extracted/train/images/366c.jpg,data/raw/v2/ceymo/train/extracted/train/bbox_annotations/366c.xml,BL,BL:1,1,road_marking:1,yes,e75160d3f823f1508e08f89370d95d8c6d813379decfb81af58700b98f18f74d,,unique,audited_source_training_record,pre_split_source_candidate
367,data/raw/v2/ceymo/train/extracted/train/images/367.jpg,data/raw/v2/ceymo/train/extracted/train/bbox_annotations/367.xml,BL;SA,BL:1;SA:3,4,road_marking:4,yes,5ac8da30616aa33430823b165de2a63114d6e5d7e9b6e37518dbf4c6e179c47c,,unique,audited_source_training_record,pre_split_source_candidate
367a,data/raw/v2/ceymo/train/extracted/train/images/367a.jpg,data/raw/v2/ceymo/train/extracted/train/bbox_annotations/367a.xml,SA,SA:3,3,road_marking:3,yes,e081b67192989c6e2cd5ec0fd64ff14b1f7e6f550328d5eec3f40c6893f6bd68,,unique,audited_source_training_record,pre_split_source_candidate
367b,data/raw/v2/ceymo/train/extracted/train/images/367b.jpg,data/raw/v2/ceymo/train/extracted/train/bbox_annotations/367b.xml,BL;JB;SA,BL:1;JB:1;SA:2,4,road_marking:4,yes,186cc51a28a0306e7e46ad43234d7ee97b6108e87942b5c3c0572fe5dc9d1f37,,unique,audited_source_training_record,pre_split_source_candidate
367c,data/raw/v2/ceymo/train/extracted/train/images/367c.jpg,data/raw/v2/ceymo/train/extracted/train/bbox_annotations/367c.xml,BL;JB;SA,BL:1;JB:1;SA:1,3,road_marking:3,yes,8d2b25f4fe686e505b6343cc22577f45a324848b7e68e2ea6e327b3282e2b3d8,,unique,audited_source_training_record,pre_split_source_candidate
368,data/raw/v2/ceymo/train/extracted/train/images/368.jpg,data/raw/v2/ceymo/train/extracted/train/bbox_annotations/368.xml,JB;SA,JB:1;SA:1,2,road_marking:2,yes,f2d08de93628fd54bec1bbe7a8275c9006e8d7a0be79cd0825e9adbb5b7b1f25,,unique,audited_source_training_record,pre_split_source_candidate
368a,data/raw/v2/ceymo/train/extracted/train/images/368a.jpg,data/raw/v2/ceymo/train/extracted/train/bbox_annotations/368a.xml,SA,SA:1,1,road_marking:1,yes,2f0b772d53c8212dc9e7d0039c0514deeffaad8321233b0ae9f46488222abc07,,unique,audited_source_training_record,pre_split_source_candidate
369,data/raw/v2/ceymo/train/extracted/train/images/369.jpg,data/raw/v2/ceymo/train/extracted/train/bbox_annotations/369.xml,BL,BL:1,1,road_marking:1,yes,9e4d62e4ecacbaa9dca210c9581a9f217632e4ef2583797673541f47a432324d,,unique,audited_source_training_record,pre_split_source_candidate
369a,data/raw/v2/ceymo/train/extracted/train/images/369a.jpg,data/raw/v2/ceymo/train/extracted/train/bbox_annotations/369a.xml,SA,SA:1,1,road_marking:1,yes,f009eee39b646557c3bad080c00ff0e59f4f44fd9abf8ca193a392b3a5e479bc,,unique,audited_source_training_record,pre_split_source_candidate
36a,data/raw/v2/ceymo/train/extracted/train/images/36a.jpg,data/raw/v2/ceymo/train/extracted/train/bbox_annotations/36a.xml,PC,PC:1,1,road_marking:1,yes,e55a1132f2465ac12275a4832219ef75202b55d02832cb4fbd999fa345cb99bf,,unique,audited_source_training_record,pre_split_source_candidate
36b,data/raw/v2/ceymo/train/extracted/train/images/36b.jpg,data/raw/v2/ceymo/train/extracted/train/bbox_annotations/36b.xml,PC,PC:1,1,road_marking:1,yes,45cb5bd8e6495bf3f01d4fe74def9c1804f01600521e09c79c07c8cfb3a32051,,unique,audited_source_training_record,pre_split_source_candidate
37,data/raw/v2/ceymo/train/extracted/train/images/37.jpg,data/raw/v2/ceymo/train/extracted/train/bbox_annotations/37.xml,LA,LA:2,2,road_marking:2,yes,26a14b39d35a3da17c7576e87cfd89ab36251975051736310a062b6d86d94782,,unique,audited_source_training_record,pre_split_source_candidate
370,data/raw/v2/ceymo/train/extracted/train/images/370.jpg,data/raw/v2/ceymo/train/extracted/train/bbox_annotations/370.xml,PC,PC:1,1,road_marking:1,yes,c792810c44ed1a4c8a314285349b6e70f1173f53b62ac1fcf4c6d7db04d188fd,,unique,audited_source_training_record,pre_split_source_candidate
370a,data/raw/v2/ceymo/train/extracted/train/images/370a.jpg,data/raw/v2/ceymo/train/extracted/train/bbox_annotations/370a.xml,PC,PC:1,1,road_marking:1,yes,cc8a5d8403b0aad87d757d5510d1dfa324b452c6eb081ff8475332035284ca7c,,unique,audited_source_training_record,pre_split_source_candidate
370b,data/raw/v2/ceymo/train/extracted/train/images/370b.jpg,data/raw/v2/ceymo/train/extracted/train/bbox_annotations/370b.xml,PC,PC:1,1,road_marking:1,yes,e6085ed02362321a8dbfecf6aa986230ce33bb739ff965d1958b58c1c344a7aa,,unique,audited_source_training_record,pre_split_source_candidate
371,data/raw/v2/ceymo/train/extracted/train/images/371.jpg,data/raw/v2/ceymo/train/extracted/train/bbox_annotations/371.xml,PC,PC:1,1,road_marking:1,yes,b0a2dab5c65e166477522c48561aead42c9ddd4097cdb7187157bdfd2a6d6ab8,,unique,audited_source_training_record,pre_split_source_candidate
371a,data/raw/v2/ceymo/train/extracted/train/images/371a.jpg,data/raw/v2/ceymo/train/extracted/train/bbox_annotations/371a.xml,PC,PC:1,1,road_marking:1,yes,9b0aaaba094ba8661ba73346a43391e8ffdf69874b6a76d61e65a3b8e151435d,,unique,audited_source_training_record,pre_split_source_candidate
372,data/raw/v2/ceymo/train/extracted/train/images/372.jpg,data/raw/v2/ceymo/train/extracted/train/bbox_annotations/372.xml,PC,PC:1,1,road_marking:1,yes,b1316184d89d458e532ab64c2fa3051d4615015d4bccc64469d7744af3286aad,,unique,audited_source_training_record,pre_split_source_candidate
372a,data/raw/v2/ceymo/train/extracted/train/images/372a.jpg,data/raw/v2/ceymo/train/extracted/train/bbox_annotations/372a.xml,PC,PC:1,1,road_marking:1,yes,e310f0050cc7e090e65cc7cefb92471f4e73c127a41db92c88d95e8a7e4470f3,,unique,audited_source_training_record,pre_split_source_candidate
372b,data/raw/v2/ceymo/train/extracted/train/images/372b.jpg,data/raw/v2/ceymo/train/extracted/train/bbox_annotations/372b.xml,PC,PC:1,1,road_marking:1,yes,9182094b3dd0c39d10195d6a1509dc2e33476972ebc3641df54d9887718e0629,,unique,audited_source_training_record,pre_split_source_candidate
373,data/raw/v2/ceymo/train/extracted/train/images/373.jpg,data/raw/v2/ceymo/train/extracted/train/bbox_annotations/373.xml,PC,PC:1,1,road_marking:1,yes,96026f15f9ba3bc06f073935762fb0536a3bd61d1cfe51780a9e788f1aa790fa,,unique,audited_source_training_record,pre_split_source_candidate
373a,data/raw/v2/ceymo/train/extracted/train/images/373a.jpg,data/raw/v2/ceymo/train/extracted/train/bbox_annotations/373a.xml,PC,PC:1,1,road_marking:1,yes,4b9d3584afce5cb48ad2912795e7c50895d85b7f2591052c5e5805c27a094b94,,unique,audited_source_training_record,pre_split_source_candidate
373b,data/raw/v2/ceymo/train/extracted/train/images/373b.jpg,data/raw/v2/ceymo/train/extracted/train/bbox_annotations/373b.xml,PC,PC:1,1,road_marking:1,yes,18a4690e718ab1074adc05bc9ed4930ebe10f57a496c0dfe980c64e8e213d8e0,,unique,audited_source_training_record,pre_split_source_candidate
374,data/raw/v2/ceymo/train/extracted/train/images/374.jpg,data/raw/v2/ceymo/train/extracted/train/bbox_annotations/374.xml,PC,PC:1,1,road_marking:1,yes,69a6db6fce01e80395dd7b32ed4e561bbc87f93c7cfd52adc0ba22541af65c6a,,unique,audited_source_training_record,pre_split_source_candidate
374a,data/raw/v2/ceymo/train/extracted/train/images/374a.jpg,data/raw/v2/ceymo/train/extracted/train/bbox_annotations/374a.xml,PC,PC:1,1,road_marking:1,yes,6e289b4cd213753f313fca45088b608e5ce4ae24c70e57c8594c2c9c8ab991b7,,unique,audited_source_training_record,pre_split_source_candidate
374b,data/raw/v2/ceymo/train/extracted/train/images/374b.jpg,data/raw/v2/ceymo/train/extracted/train/bbox_annotations/374b.xml,PC,PC:1,1,road_marking:1,yes,098b766a8525c75b9203715fc182e9d012b1ffa7effb5858949fbb3704d3d7da,,unique,audited_source_training_record,pre_split_source_candidate
375,data/raw/v2/ceymo/train/extracted/train/images/375.jpg,data/raw/v2/ceymo/train/extracted/train/bbox_annotations/375.xml,PC,PC:1,1,road_marking:1,yes,965ea79e47581b1053bc92982f2858f876a43d3c13c6336f28de8e83299668dd,,unique,audited_source_training_record,pre_split_source_candidate
376,data/raw/v2/ceymo/train/extracted/train/images/376.jpg,data/raw/v2/ceymo/train/extracted/train/bbox_annotations/376.xml,PC,PC:1,1,road_marking:1,yes,f7c34dd1cc3e246607b111bfd524ecd79372e207de6d4b6ba58a79b0a94d0031,,unique,audited_source_training_record,pre_split_source_candidate
376a,data/raw/v2/ceymo/train/extracted/train/images/376a.jpg,data/raw/v2/ceymo/train/extracted/train/bbox_annotations/376a.xml,PC,PC:1,1,road_marking:1,yes,d9e8e4c7bfc5502c4d18474a16101d6ba594aba12b241740dc2ba6bffa5bc54a,,unique,audited_source_training_record,pre_split_source_candidate
376b,data/raw/v2/ceymo/train/extracted/train/images/376b.jpg,data/raw/v2/ceymo/train/extracted/train/bbox_annotations/376b.xml,PC,PC:1,1,road_marking:1,yes,7987c7e9f6f4579d0fbb02fd074011e7a9584102ac2804e197b2e0d92e7f179f,,unique,audited_source_training_record,pre_split_source_candidate
377,data/raw/v2/ceymo/train/extracted/train/images/377.jpg,data/raw/v2/ceymo/train/extracted/train/bbox_annotations/377.xml,DM,DM:2,2,road_marking:2,yes,1d17ad3959351addc70415bb7d06c4117094b6500b12027c72f49d6b4cce97a3,,unique,audited_source_training_record,pre_split_source_candidate
377a,data/raw/v2/ceymo/train/extracted/train/images/377a.jpg,data/raw/v2/ceymo/train/extracted/train/bbox_annotations/377a.xml,DM,DM:2,2,road_marking:2,yes,1fa5f348cd11377bc5096840729cce2ebbdefc7fe88a1141e7b19856f6776605,,unique,audited_source_training_record,pre_split_source_candidate
377b,data/raw/v2/ceymo/train/extracted/train/images/377b.jpg,data/raw/v2/ceymo/train/extracted/train/bbox_annotations/377b.xml,DM,DM:2,2,road_marking:2,yes,cd52fd4c897dcf77a8089b39e5d04d042a19536bb8810e32b4b7b28984f891ab,,unique,audited_source_training_record,pre_split_source_candidate
378,data/raw/v2/ceymo/train/extracted/train/images/378.jpg,data/raw/v2/ceymo/train/extracted/train/bbox_annotations/378.xml,PC,PC:1,1,road_marking:1,yes,0516787ef27df907a67eab0ead07d2d7febf8b83e6f6e96bead03340da00706a,,unique,audited_source_training_record,pre_split_source_candidate
378a,data/raw/v2/ceymo/train/extracted/train/images/378a.jpg,data/raw/v2/ceymo/train/extracted/train/bbox_annotations/378a.xml,PC,PC:1,1,road_marking:1,yes,b7bbbf01c2bce0d47e2e8ffa9cd4acdceec36137a02c49189462d09f07caebdb,,unique,audited_source_training_record,pre_split_source_candidate
378b,data/raw/v2/ceymo/train/extracted/train/images/378b.jpg,data/raw/v2/ceymo/train/extracted/train/bbox_annotations/378b.xml,PC,PC:1,1,road_marking:1,yes,a3e195fc8e7fcc7ded7c28838b4a79a18c6d2be55db144b13155aca46e87654c,,unique,audited_source_training_record,pre_split_source_candidate
379,data/raw/v2/ceymo/train/extracted/train/images/379.jpg,data/raw/v2/ceymo/train/extracted/train/bbox_annotations/379.xml,DM,DM:2,2,road_marking:2,yes,59aec6a5b7799abb28c218eee71796a43dd396326a0d2331057efcc4a0727692,,unique,audited_source_training_record,pre_split_source_candidate
379a,data/raw/v2/ceymo/train/extracted/train/images/379a.jpg,data/raw/v2/ceymo/train/extracted/train/bbox_annotations/379a.xml,DM,DM:2,2,road_marking:2,yes,654874072663f095aa512936495aa073df996da493c5aa1a3c07b7f24ba3c7d9,,unique,audited_source_training_record,pre_split_source_candidate
379b,data/raw/v2/ceymo/train/extracted/train/images/379b.jpg,data/raw/v2/ceymo/train/extracted/train/bbox_annotations/379b.xml,DM,DM:2,2,road_marking:2,yes,0fc04a7dfbc488a044e785ca53dc975a99b8d9bcf7bd82f80b6eae20a4d4fd29,,unique,audited_source_training_record,pre_split_source_candidate
37a,data/raw/v2/ceymo/train/extracted/train/images/37a.jpg,data/raw/v2/ceymo/train/extracted/train/bbox_annotations/37a.xml,LA,LA:2,2,road_marking:2,yes,72210b99cc7eb45e188b00870f912ba9ef9bc78cbb1baee5016a682db059d36d,,unique,audited_source_training_record,pre_split_source_candidate
37b,data/raw/v2/ceymo/train/extracted/train/images/37b.jpg,data/raw/v2/ceymo/train/extracted/train/bbox_annotations/37b.xml,LA,LA:2,2,road_marking:2,yes,cc8335b4ded5f9808c2d29b42c95285b0942c34714126c8cb07711198b8a89a8,,unique,audited_source_training_record,pre_split_source_candidate
37c,data/raw/v2/ceymo/train/extracted/train/images/37c.jpg,data/raw/v2/ceymo/train/extracted/train/bbox_annotations/37c.xml,LA,LA:2,2,road_marking:2,yes,59261028da780e2426b75100a2f7f2ae0a0ba57748f4082d55f48b1cef62bd19,,unique,audited_source_training_record,pre_split_source_candidate
37d,data/raw/v2/ceymo/train/extracted/train/images/37d.jpg,data/raw/v2/ceymo/train/extracted/train/bbox_annotations/37d.xml,LA,LA:2,2,road_marking:2,yes,e22c8b47c51b0a123c61a8a20d47963e87969d7a4a0402f9c979454e2a9f77fa,,unique,audited_source_training_record,pre_split_source_candidate
38,data/raw/v2/ceymo/train/extracted/train/images/38.jpg,data/raw/v2/ceymo/train/extracted/train/bbox_annotations/38.xml,PC,PC:1,1,road_marking:1,yes,f2891c49cee6cb179c6d9bb84b2e3b5c1f94b155270841f503868a8d4ede11e1,,unique,audited_source_training_record,pre_split_source_candidate
380,data/raw/v2/ceymo/train/extracted/train/images/380.jpg,data/raw/v2/ceymo/train/extracted/train/bbox_annotations/380.xml,DM,DM:2,2,road_marking:2,yes,b629834615eb1f792b5b7734b5c3030fb1fdddace8dc2e49dc899c761385b2e0,,unique,audited_source_training_record,pre_split_source_candidate
380a,data/raw/v2/ceymo/train/extracted/train/images/380a.jpg,data/raw/v2/ceymo/train/extracted/train/bbox_annotations/380a.xml,DM,DM:2,2,road_marking:2,yes,c65ffd3beb2625a034cfdc13e664455cf894825e27f3e4c46e7a0f0bf025fd48,,unique,audited_source_training_record,pre_split_source_candidate
380b,data/raw/v2/ceymo/train/extracted/train/images/380b.jpg,data/raw/v2/ceymo/train/extracted/train/bbox_annotations/380b.xml,DM,DM:2,2,road_marking:2,yes,7051ef45a14e70142229751fe35050cc2df6e602c97a793a7a48119864e6d7a2,,unique,audited_source_training_record,pre_split_source_candidate
381,data/raw/v2/ceymo/train/extracted/train/images/381.jpg,data/raw/v2/ceymo/train/extracted/train/bbox_annotations/381.xml,PC,PC:1,1,road_marking:1,yes,7bc297194334175fd4f85421445ddfafdefc8d6d7645f0e62f40d4407f3e0689,,unique,audited_source_training_record,pre_split_source_candidate
381a,data/raw/v2/ceymo/train/extracted/train/images/381a.jpg,data/raw/v2/ceymo/train/extracted/train/bbox_annotations/381a.xml,PC,PC:1,1,road_marking:1,yes,500a69507917ecd2c843f46025a4318a20e519877f067ad763129c877b171b87,,unique,audited_source_training_record,pre_split_source_candidate
381b,data/raw/v2/ceymo/train/extracted/train/images/381b.jpg,data/raw/v2/ceymo/train/extracted/train/bbox_annotations/381b.xml,PC,PC:1,1,road_marking:1,yes,08d19999f5ca1f94bcda05f981db42a9fa018f5528e6721756993742e5b195f1,,unique,audited_source_training_record,pre_split_source_candidate
382,data/raw/v2/ceymo/train/extracted/train/images/382.jpg,data/raw/v2/ceymo/train/extracted/train/bbox_annotations/382.xml,DM,DM:2,2,road_marking:2,yes,d9f5d324a2312d37fb136eb531068cf46eb407fee807232134babb589a57c194,,unique,audited_source_training_record,pre_split_source_candidate
382a,data/raw/v2/ceymo/train/extracted/train/images/382a.jpg,data/raw/v2/ceymo/train/extracted/train/bbox_annotations/382a.xml,DM,DM:2,2,road_marking:2,yes,467275cc1865e7981eb43466805ff4a3e9c9930a1bf387f2aec27b2334d2bbec,,unique,audited_source_training_record,pre_split_source_candidate
382b,data/raw/v2/ceymo/train/extracted/train/images/382b.jpg,data/raw/v2/ceymo/train/extracted/train/bbox_annotations/382b.xml,DM,DM:2,2,road_marking:2,yes,45882202e6e80aebbbcbfb57ae8a52aa32fa70ea4ac043a874635a42c83283e7,,unique,audited_source_training_record,pre_split_source_candidate
383,data/raw/v2/ceymo/train/extracted/train/images/383.jpg,data/raw/v2/ceymo/train/extracted/train/bbox_annotations/383.xml,PC,PC:1,1,road_marking:1,yes,1b8e70af3e4a5c53aeba7ae5db26fba544bba17d8c15377a82684c88810789f8,,unique,audited_source_training_record,pre_split_source_candidate
383a,data/raw/v2/ceymo/train/extracted/train/images/383a.jpg,data/raw/v2/ceymo/train/extracted/train/bbox_annotations/383a.xml,PC,PC:1,1,road_marking:1,yes,93554be0fc07ac3bd71bbac5ed923f6be52b663a3eac04addcaa45490ce7d0ad,,unique,audited_source_training_record,pre_split_source_candidate
384,data/raw/v2/ceymo/train/extracted/train/images/384.jpg,data/raw/v2/ceymo/train/extracted/train/bbox_annotations/384.xml,DM,DM:2,2,road_marking:2,yes,9a8d16048f0fa27d82bb6240c7678f2881ec4b0893ff87122d08d5e673ce3ccb,,unique,audited_source_training_record,pre_split_source_candidate
384a,data/raw/v2/ceymo/train/extracted/train/images/384a.jpg,data/raw/v2/ceymo/train/extracted/train/bbox_annotations/384a.xml,DM,DM:2,2,road_marking:2,yes,02c5d43ee047b2f10ca1e4317078853252c7b2c40324666cb7241925e92fca92,,unique,audited_source_training_record,pre_split_source_candidate
385,data/raw/v2/ceymo/train/extracted/train/images/385.jpg,data/raw/v2/ceymo/train/extracted/train/bbox_annotations/385.xml,DM,DM:2,2,road_marking:2,yes,c1dcbbfa9a9e09ca6db5cd8207a48ac08227ece11f93258b93b51200a83687d6,,unique,audited_source_training_record,pre_split_source_candidate
385a,data/raw/v2/ceymo/train/extracted/train/images/385a.jpg,data/raw/v2/ceymo/train/extracted/train/bbox_annotations/385a.xml,DM,DM:2,2,road_marking:2,yes,507857424ba3dfcb864578be6a90ebbb2c250effb0718e35200a7a3a99d48b0c,,unique,audited_source_training_record,pre_split_source_candidate
386,data/raw/v2/ceymo/train/extracted/train/images/386.jpg,data/raw/v2/ceymo/train/extracted/train/bbox_annotations/386.xml,DM,DM:1,1,road_marking:1,yes,cfed577a4e1677645d46adbe698cc0d0af5ff587bd555af9ae7044447d86f3e1,,unique,audited_source_training_record,pre_split_source_candidate
386a,data/raw/v2/ceymo/train/extracted/train/images/386a.jpg,data/raw/v2/ceymo/train/extracted/train/bbox_annotations/386a.xml,DM,DM:1,1,road_marking:1,yes,2e22aa7f07ea4908f1d4b6153ce6c3a7bd77950c974f95509cdb0994bd35d39e,,unique,audited_source_training_record,pre_split_source_candidate
387,data/raw/v2/ceymo/train/extracted/train/images/387.jpg,data/raw/v2/ceymo/train/extracted/train/bbox_annotations/387.xml,DM,DM:2,2,road_marking:2,yes,46ee5acbc8eafe68666d3889ba63b313373794b527290065fc65086b5ca086a7,,unique,audited_source_training_record,pre_split_source_candidate
387a,data/raw/v2/ceymo/train/extracted/train/images/387a.jpg,data/raw/v2/ceymo/train/extracted/train/bbox_annotations/387a.xml,DM,DM:2,2,road_marking:2,yes,2adc1082212a5a2aad6981d4eed6264202a3760994d5ee4b78370f54348d894c,,unique,audited_source_training_record,pre_split_source_candidate
387b,data/raw/v2/ceymo/train/extracted/train/images/387b.jpg,data/raw/v2/ceymo/train/extracted/train/bbox_annotations/387b.xml,DM,DM:2,2,road_marking:2,yes,a3925d04a305f9c566edee0c8dd67c481257e3b2e2e912d20b269f2ac0adda72,,unique,audited_source_training_record,pre_split_source_candidate
388,data/raw/v2/ceymo/train/extracted/train/images/388.jpg,data/raw/v2/ceymo/train/extracted/train/bbox_annotations/388.xml,DM,DM:2,2,road_marking:2,yes,382a123072afea82379f81f8f579295e749b41932d093426e2edaf11137b1df3,,unique,audited_source_training_record,pre_split_source_candidate
388a,data/raw/v2/ceymo/train/extracted/train/images/388a.jpg,data/raw/v2/ceymo/train/extracted/train/bbox_annotations/388a.xml,DM,DM:2,2,road_marking:2,yes,22b525d052b129bc9892a15f4d6a5e8b45992efdc0d010241925a0697b85cd33,,unique,audited_source_training_record,pre_split_source_candidate
388b,data/raw/v2/ceymo/train/extracted/train/images/388b.jpg,data/raw/v2/ceymo/train/extracted/train/bbox_annotations/388b.xml,DM,DM:2,2,road_marking:2,yes,a6eaecd1ae09c1214df993ffcce4dd6a70a296a48f766e1ef72c9890ae329a0c,,unique,audited_source_training_record,pre_split_source_candidate
389,data/raw/v2/ceymo/train/extracted/train/images/389.jpg,data/raw/v2/ceymo/train/extracted/train/bbox_annotations/389.xml,PC,PC:1,1,road_marking:1,yes,cd408d15c3abef18a3b303894ab10b32f7d958ae694b708deb5c2bf359864045,,unique,audited_source_training_record,pre_split_source_candidate
38a,data/raw/v2/ceymo/train/extracted/train/images/38a.jpg,data/raw/v2/ceymo/train/extracted/train/bbox_annotations/38a.xml,PC,PC:1,1,road_marking:1,yes,eca9dce6817370dce588035766bc98f519dfe6fa09024e92e29850b57630c885,,unique,audited_source_training_record,pre_split_source_candidate
38b,data/raw/v2/ceymo/train/extracted/train/images/38b.jpg,data/raw/v2/ceymo/train/extracted/train/bbox_annotations/38b.xml,PC,PC:1,1,road_marking:1,yes,f7ba0635e4075ec8b3ea65e863bc068703b308f3d9967a3fdff2895d8dd7caf4,,unique,audited_source_training_record,pre_split_source_candidate
39,data/raw/v2/ceymo/train/extracted/train/images/39.jpg,data/raw/v2/ceymo/train/extracted/train/bbox_annotations/39.xml,SA;SLA,SA:1;SLA:1,2,road_marking:2,yes,645aa0c72d0f2b297b13ac13c471cc56e6d58331d10336608952d486d3740893,,unique,audited_source_training_record,pre_split_source_candidate
39a,data/raw/v2/ceymo/train/extracted/train/images/39a.jpg,data/raw/v2/ceymo/train/extracted/train/bbox_annotations/39a.xml,SA;SLA,SA:1;SLA:1,2,road_marking:2,yes,09393fd7f9263b6ac898af478969ee99a2a25e84d440b5f1abe1cee06dd0cb11,,unique,audited_source_training_record,pre_split_source_candidate
39b,data/raw/v2/ceymo/train/extracted/train/images/39b.jpg,data/raw/v2/ceymo/train/extracted/train/bbox_annotations/39b.xml,SA;SLA,SA:1;SLA:1,2,road_marking:2,yes,d5fb3fd95fb981810cbe67a8332bbff4ff31239204e0aef3d4eee92933a3b3ab,,unique,audited_source_training_record,pre_split_source_candidate
39c,data/raw/v2/ceymo/train/extracted/train/images/39c.jpg,data/raw/v2/ceymo/train/extracted/train/bbox_annotations/39c.xml,SA;SLA,SA:1;SLA:1,2,road_marking:2,yes,77a5c1d1b2312e50ef0978f314d24692d9af5fd2263e59e36941e8452ef9a452,,unique,audited_source_training_record,pre_split_source_candidate
39d,data/raw/v2/ceymo/train/extracted/train/images/39d.jpg,data/raw/v2/ceymo/train/extracted/train/bbox_annotations/39d.xml,SA;SLA,SA:1;SLA:1,2,road_marking:2,yes,7c0bdcf766e002d3f643a7c4ca3f5f2c1a41a31de84ff56ba9c15ab2af184fa0,,unique,audited_source_training_record,pre_split_source_candidate
3a,data/raw/v2/ceymo/train/extracted/train/images/3a.jpg,data/raw/v2/ceymo/train/extracted/train/bbox_annotations/3a.xml,SL,SL:1,1,road_marking:1,yes,d8c9d9b5ac7e3e0dc6787f81756e1f9951e4b176b6978c2fe036a93d76de79d9,,unique,audited_source_training_record,pre_split_source_candidate
3b,data/raw/v2/ceymo/train/extracted/train/images/3b.jpg,data/raw/v2/ceymo/train/extracted/train/bbox_annotations/3b.xml,SL,SL:1,1,road_marking:1,yes,5b769ce83f16356eb296eac1ea6097420c55dc5f47e437d419267631d4fe1db7,,unique,audited_source_training_record,pre_split_source_candidate
3c,data/raw/v2/ceymo/train/extracted/train/images/3c.jpg,data/raw/v2/ceymo/train/extracted/train/bbox_annotations/3c.xml,SL,SL:1,1,road_marking:1,yes,91caf75c1f9719e75d0de113b6eda8349ce53736122d434073cf67c3cbec5641,,unique,audited_source_training_record,pre_split_source_candidate
3d,data/raw/v2/ceymo/train/extracted/train/images/3d.jpg,data/raw/v2/ceymo/train/extracted/train/bbox_annotations/3d.xml,SL,SL:1,1,road_marking:1,yes,d9a48da33f08009a0b82f6d76a6157b407e992771d0f36d521a5bbbbabd34d64,,unique,audited_source_training_record,pre_split_source_candidate
4,data/raw/v2/ceymo/train/extracted/train/images/4.jpg,data/raw/v2/ceymo/train/extracted/train/bbox_annotations/4.xml,SA,SA:1,1,road_marking:1,yes,177907e82d2c9884da261a5a058f367eab3e2a0ca2c06ec151774d59af19f9bf,,unique,audited_source_training_record,pre_split_source_candidate
400,data/raw/v2/ceymo/train/extracted/train/images/400.jpg,data/raw/v2/ceymo/train/extracted/train/bbox_annotations/400.xml,SA,SA:2,2,road_marking:2,yes,c01efb9a59fc229ae90fe894b161aa747430575aac5ed48af1d56998c0c7d13c,,unique,audited_source_training_record,pre_split_source_candidate
400a,data/raw/v2/ceymo/train/extracted/train/images/400a.jpg,data/raw/v2/ceymo/train/extracted/train/bbox_annotations/400a.xml,SA,SA:2,2,road_marking:2,yes,4127bcbb555a37cc4dc1909404f0e73c5c7d2e5cf697b3992806916752be523b,,unique,audited_source_training_record,pre_split_source_candidate
400b,data/raw/v2/ceymo/train/extracted/train/images/400b.jpg,data/raw/v2/ceymo/train/extracted/train/bbox_annotations/400b.xml,SA,SA:2,2,road_marking:2,yes,a595e25ed664a915568a7a3edcfec6c00d15a92b0866a9d9153e03d33941d307,,unique,audited_source_training_record,pre_split_source_candidate
400c,data/raw/v2/ceymo/train/extracted/train/images/400c.jpg,data/raw/v2/ceymo/train/extracted/train/bbox_annotations/400c.xml,SA,SA:2,2,road_marking:2,yes,17f073dc70d42fe4c1dee0ed092f760fa026150376f76ac3416977c03a7f3792,,unique,audited_source_training_record,pre_split_source_candidate
400d,data/raw/v2/ceymo/train/extracted/train/images/400d.jpg,data/raw/v2/ceymo/train/extracted/train/bbox_annotations/400d.xml,SA,SA:2,2,road_marking:2,yes,1c45e2b907c8f20c757850f0fc5e06f26ec4e41fa0813649f9a04ffe2dca34df,,unique,audited_source_training_record,pre_split_source_candidate
401,data/raw/v2/ceymo/train/extracted/train/images/401.jpg,data/raw/v2/ceymo/train/extracted/train/bbox_annotations/401.xml,SA,SA:1,1,road_marking:1,yes,ba75dfa9cb7d19b00ccc95007eee8895ce6b41887236f675b5d99f3b9a167961,,unique,audited_source_training_record,pre_split_source_candidate
401a,data/raw/v2/ceymo/train/extracted/train/images/401a.jpg,data/raw/v2/ceymo/train/extracted/train/bbox_annotations/401a.xml,SA,SA:1,1,road_marking:1,yes,eb61e5db39f4bf88f7b64874db4a298e5949a6bff5e51c26ce4a63e849a07aff,,unique,audited_source_training_record,pre_split_source_candidate
401b,data/raw/v2/ceymo/train/extracted/train/images/401b.jpg,data/raw/v2/ceymo/train/extracted/train/bbox_annotations/401b.xml,SA,SA:1,1,road_marking:1,yes,3c0312973e75aaf27cdb7ee193265bd01e42600d95b9e28d4febe615bc996b4b,,unique,audited_source_training_record,pre_split_source_candidate
401c,data/raw/v2/ceymo/train/extracted/train/images/401c.jpg,data/raw/v2/ceymo/train/extracted/train/bbox_annotations/401c.xml,SA,SA:1,1,road_marking:1,yes,c4487560664f22dac409fa5bbcc97a405bc73562c769b3f3d1408206f3f98393,,unique,audited_source_training_record,pre_split_source_candidate
402,data/raw/v2/ceymo/train/extracted/train/images/402.jpg,data/raw/v2/ceymo/train/extracted/train/bbox_annotations/402.xml,BL;SA,BL:1;SA:1,2,road_marking:2,yes,e33762b6ae3b53f06f2fae40c475156a9c3a722d422912c2d09f5b6ed3728a48,,unique,audited_source_training_record,pre_split_source_candidate
402a,data/raw/v2/ceymo/train/extracted/train/images/402a.jpg,data/raw/v2/ceymo/train/extracted/train/bbox_annotations/402a.xml,BL;SA,BL:1;SA:1,2,road_marking:2,yes,9678274a7b4ea7db752521d20a82e31ed747ac9f13afa11cf1bed0272fe3fb65,,unique,audited_source_training_record,pre_split_source_candidate
402b,data/raw/v2/ceymo/train/extracted/train/images/402b.jpg,data/raw/v2/ceymo/train/extracted/train/bbox_annotations/402b.xml,BL;SA,BL:1;SA:1,2,road_marking:2,yes,5dbf23d7243781921c3d06325c5d48c37ca577f38af9785677d8bd456bd4bb49,,unique,audited_source_training_record,pre_split_source_candidate
402c,data/raw/v2/ceymo/train/extracted/train/images/402c.jpg,data/raw/v2/ceymo/train/extracted/train/bbox_annotations/402c.xml,BL,BL:1,1,road_marking:1,yes,f0ad1e42c58eaa1311e2f33c07bec1caf5b2bf51169626781b923cac933bb141,,unique,audited_source_training_record,pre_split_source_candidate
405,data/raw/v2/ceymo/train/extracted/train/images/405.jpg,data/raw/v2/ceymo/train/extracted/train/bbox_annotations/405.xml,BL,BL:1,1,road_marking:1,yes,50b8685d7fa094ba030f045b23b8a4a05ef825a2d92ed5de98c4be1c85674058,,unique,audited_source_training_record,pre_split_source_candidate
405a,data/raw/v2/ceymo/train/extracted/train/images/405a.jpg,data/raw/v2/ceymo/train/extracted/train/bbox_annotations/405a.xml,BL;SA,BL:1;SA:1,2,road_marking:2,yes,8970129e91a2c36fb6bfaf30adf1a853801dcb73c7be36d14fffbb5de7a7e1fe,,unique,audited_source_training_record,pre_split_source_candidate
405b,data/raw/v2/ceymo/train/extracted/train/images/405b.jpg,data/raw/v2/ceymo/train/extracted/train/bbox_annotations/405b.xml,BL;SA,BL:1;SA:1,2,road_marking:2,yes,279a3d8a5215fb3c9af25622c1bd3ebcfd06d6590b9c7c0d8cc3cbaf41fdc3f8,,unique,audited_source_training_record,pre_split_source_candidate
406,data/raw/v2/ceymo/train/extracted/train/images/406.jpg,data/raw/v2/ceymo/train/extracted/train/bbox_annotations/406.xml,JB,JB:1,1,road_marking:1,yes,bd9c0641abe6f9e43bb5c539dbb94fb5d1805f29277fec31664b91411b0bb1de,,unique,audited_source_training_record,pre_split_source_candidate
406a,data/raw/v2/ceymo/train/extracted/train/images/406a.jpg,data/raw/v2/ceymo/train/extracted/train/bbox_annotations/406a.xml,JB,JB:1,1,road_marking:1,yes,52177022905c1b3fcabceb58aaf9cb0dd39950c919a66f4925cd0248f302587d,,unique,audited_source_training_record,pre_split_source_candidate
406b,data/raw/v2/ceymo/train/extracted/train/images/406b.jpg,data/raw/v2/ceymo/train/extracted/train/bbox_annotations/406b.xml,JB,JB:1,1,road_marking:1,yes,68a90fba121304822c805d2cba24728538cb616186799553fca8acb2e9705ed4,,unique,audited_source_training_record,pre_split_source_candidate
407,data/raw/v2/ceymo/train/extracted/train/images/407.jpg,data/raw/v2/ceymo/train/extracted/train/bbox_annotations/407.xml,BL,BL:1,1,road_marking:1,yes,220c5c8f9041c357310fe4d2715cd2033a309989a5d52e688fa5869d79275754,,unique,audited_source_training_record,pre_split_source_candidate
407a,data/raw/v2/ceymo/train/extracted/train/images/407a.jpg,data/raw/v2/ceymo/train/extracted/train/bbox_annotations/407a.xml,BL;SA,BL:1;SA:1,2,road_marking:2,yes,e32a4fa86f23dd28149aee82b4486a3bcad423c2182342928e702131c83fdb70,,unique,audited_source_training_record,pre_split_source_candidate
407b,data/raw/v2/ceymo/train/extracted/train/images/407b.jpg,data/raw/v2/ceymo/train/extracted/train/bbox_annotations/407b.xml,BL;SA,BL:1;SA:1,2,road_marking:2,yes,2fa35c341059becb7abe4f1cf2f7624ac9820b0316457325f5e1b641ef4a6cc1,,unique,audited_source_training_record,pre_split_source_candidate
408,data/raw/v2/ceymo/train/extracted/train/images/408.jpg,data/raw/v2/ceymo/train/extracted/train/bbox_annotations/408.xml,JB,JB:1,1,road_marking:1,yes,c43a338c15ecb6034fd1b64b6b31379915a9b0c43775ed92504b676fd7b4af47,,unique,audited_source_training_record,pre_split_source_candidate
408a,data/raw/v2/ceymo/train/extracted/train/images/408a.jpg,data/raw/v2/ceymo/train/extracted/train/bbox_annotations/408a.xml,JB,JB:1,1,road_marking:1,yes,0b757ff607b5efe24957f7cc296715e2178b5220bf6a21ddc2234b198fe64d46,,unique,audited_source_training_record,pre_split_source_candidate
409,data/raw/v2/ceymo/train/extracted/train/images/409.jpg,data/raw/v2/ceymo/train/extracted/train/bbox_annotations/409.xml,JB,JB:1,1,road_marking:1,yes,5ee0c6a32f68b24ea233e5584fdce2fc86564282e2a0f66242c8b1d4fd64267e,,unique,audited_source_training_record,pre_split_source_candidate
409a,data/raw/v2/ceymo/train/extracted/train/images/409a.jpg,data/raw/v2/ceymo/train/extracted/train/bbox_annotations/409a.xml,JB,JB:1,1,road_marking:1,yes,aefcef7bdb95ca7f5e65f9634c38fa5c82f1d1758a10dbf19949622f2da29687,,unique,audited_source_training_record,pre_split_source_candidate
409b,data/raw/v2/ceymo/train/extracted/train/images/409b.jpg,data/raw/v2/ceymo/train/extracted/train/bbox_annotations/409b.xml,JB,JB:1,1,road_marking:1,yes,7b1cc008ed70c653f68b7aa7b890fe4a66a37be0bde487e4df96c7caac4fc8f9,,unique,audited_source_training_record,pre_split_source_candidate
410,data/raw/v2/ceymo/train/extracted/train/images/410.jpg,data/raw/v2/ceymo/train/extracted/train/bbox_annotations/410.xml,BL;DM;SA,BL:1;DM:3;SA:1,5,road_marking:5,yes,5c3133e04ba4f95aec4165a9f62050c32ecd645f4d1729086edcc0d594f1b5d7,,unique,audited_source_training_record,pre_split_source_candidate
410a,data/raw/v2/ceymo/train/extracted/train/images/410a.jpg,data/raw/v2/ceymo/train/extracted/train/bbox_annotations/410a.xml,BL;DM;SA,BL:1;DM:3;SA:1,5,road_marking:5,yes,ac7745630e8f49ab6dafcd153f30205eee227d3f380e0d81cf35997dbd7d7da6,,unique,audited_source_training_record,pre_split_source_candidate
411,data/raw/v2/ceymo/train/extracted/train/images/411.jpg,data/raw/v2/ceymo/train/extracted/train/bbox_annotations/411.xml,PC,PC:1,1,road_marking:1,yes,a0e5fc56a21aaede72fbf3bf36ff052097be99bd6808cd557807b224932753d2,,unique,audited_source_training_record,pre_split_source_candidate
412,data/raw/v2/ceymo/train/extracted/train/images/412.jpg,data/raw/v2/ceymo/train/extracted/train/bbox_annotations/412.xml,JB,JB:1,1,road_marking:1,yes,63acd5c3064880ab481c213241a180e12ccc2c8659b26dc69fba89328f830b4d,,unique,audited_source_training_record,pre_split_source_candidate
412a,data/raw/v2/ceymo/train/extracted/train/images/412a.jpg,data/raw/v2/ceymo/train/extracted/train/bbox_annotations/412a.xml,JB,JB:1,1,road_marking:1,yes,779f7a7d406b6f52567595197838d40e6837b9383c4eef5e06d64b03f5eaf458,,unique,audited_source_training_record,pre_split_source_candidate
412b,data/raw/v2/ceymo/train/extracted/train/images/412b.jpg,data/raw/v2/ceymo/train/extracted/train/bbox_annotations/412b.xml,JB,JB:1,1,road_marking:1,yes,f8a2cc15b661a6639dbdd23b5ee094149c7ae84d5cf14a9dace860811a2b1b81,,unique,audited_source_training_record,pre_split_source_candidate
412c,data/raw/v2/ceymo/train/extracted/train/images/412c.jpg,data/raw/v2/ceymo/train/extracted/train/bbox_annotations/412c.xml,JB,JB:1,1,road_marking:1,yes,829fd825decbfe5f84473b9f51dfbaf277d706f37ad144b1caee0f36e5dc6056,,unique,audited_source_training_record,pre_split_source_candidate
412d,data/raw/v2/ceymo/train/extracted/train/images/412d.jpg,data/raw/v2/ceymo/train/extracted/train/bbox_annotations/412d.xml,JB,JB:1,1,road_marking:1,yes,2b57218e2128c5ef57451da7297e3acbcfc8a5d2f016380682b03938dd1696f4,,unique,audited_source_training_record,pre_split_source_candidate
413,data/raw/v2/ceymo/train/extracted/train/images/413.jpg,data/raw/v2/ceymo/train/extracted/train/bbox_annotations/413.xml,SA,SA:1,1,road_marking:1,yes,8ba2a286ec09eaaef76aaed915afc74c9a7fabb7468cd875c33cfad54fbf3730,,unique,audited_source_training_record,pre_split_source_candidate
413a,data/raw/v2/ceymo/train/extracted/train/images/413a.jpg,data/raw/v2/ceymo/train/extracted/train/bbox_annotations/413a.xml,SA,SA:1,1,road_marking:1,yes,caedee851589222ea8b6be3535c1383dd09c9aa9d49a646ce53f08564df7a0fd,,unique,audited_source_training_record,pre_split_source_candidate
413b,data/raw/v2/ceymo/train/extracted/train/images/413b.jpg,data/raw/v2/ceymo/train/extracted/train/bbox_annotations/413b.xml,SA,SA:1,1,road_marking:1,yes,d99c6a8bf2cdb181f31b3bb1037880c689785bd7113e98f75224429b3b08b713,,unique,audited_source_training_record,pre_split_source_candidate
414,data/raw/v2/ceymo/train/extracted/train/images/414.jpg,data/raw/v2/ceymo/train/extracted/train/bbox_annotations/414.xml,BL;SA,BL:1;SA:1,2,road_marking:2,yes,85aafebbc78f4163df7efcca883e9ee3cd48bb2994c54af885c68adef144779e,,unique,audited_source_training_record,pre_split_source_candidate
414a,data/raw/v2/ceymo/train/extracted/train/images/414a.jpg,data/raw/v2/ceymo/train/extracted/train/bbox_annotations/414a.xml,BL;SA,BL:1;SA:1,2,road_marking:2,yes,1f28d1d3b34b91db8b23ca2f2ba64f0c207db4abbb33bbf51fae46096c30496a,,unique,audited_source_training_record,pre_split_source_candidate
414b,data/raw/v2/ceymo/train/extracted/train/images/414b.jpg,data/raw/v2/ceymo/train/extracted/train/bbox_annotations/414b.xml,BL;SA,BL:1;SA:1,2,road_marking:2,yes,c2e580eb7f971df41a41026f2eb00c5d647f8809f1331722d54be7cfa39befc4,,unique,audited_source_training_record,pre_split_source_candidate
414c,data/raw/v2/ceymo/train/extracted/train/images/414c.jpg,data/raw/v2/ceymo/train/extracted/train/bbox_annotations/414c.xml,BL,BL:1,1,road_marking:1,yes,5a30234c3d9b6695b3fb4f9a37bdabf888692ae99c38db2441546219b27bdffd,,unique,audited_source_training_record,pre_split_source_candidate
415,data/raw/v2/ceymo/train/extracted/train/images/415.jpg,data/raw/v2/ceymo/train/extracted/train/bbox_annotations/415.xml,BL;SA,BL:1;SA:1,2,road_marking:2,yes,8ba386b44584b23abbee8d06b1bae2f13445144430b75c7c408ee6ad3cd57d8c,,unique,audited_source_training_record,pre_split_source_candidate
415a,data/raw/v2/ceymo/train/extracted/train/images/415a.jpg,data/raw/v2/ceymo/train/extracted/train/bbox_annotations/415a.xml,BL;SA,BL:1;SA:1,2,road_marking:2,yes,bf6b9f694b757468957aadf4de6849f7dda2b7be5da50f916d25e2363563bed1,,unique,audited_source_training_record,pre_split_source_candidate
415b,data/raw/v2/ceymo/train/extracted/train/images/415b.jpg,data/raw/v2/ceymo/train/extracted/train/bbox_annotations/415b.xml,BL;SA,BL:1;SA:1,2,road_marking:2,yes,9a8c54d8b78c82e767d859940bf57bb1f43f328af12f512df29cf2c231b5cc9a,,unique,audited_source_training_record,pre_split_source_candidate
415c,data/raw/v2/ceymo/train/extracted/train/images/415c.jpg,data/raw/v2/ceymo/train/extracted/train/bbox_annotations/415c.xml,BL,BL:1,1,road_marking:1,yes,7b180d8286c0da56a62335c99a329b43c895a11e77496354f651edeb9ec18a64,,unique,audited_source_training_record,pre_split_source_candidate
416,data/raw/v2/ceymo/train/extracted/train/images/416.jpg,data/raw/v2/ceymo/train/extracted/train/bbox_annotations/416.xml,BL;SA,BL:1;SA:1,2,road_marking:2,yes,8e966631d0e2b83c0c862c292fe49d45d4b3f6bc4338924009666563a3f9f49b,,unique,audited_source_training_record,pre_split_source_candidate
416a,data/raw/v2/ceymo/train/extracted/train/images/416a.jpg,data/raw/v2/ceymo/train/extracted/train/bbox_annotations/416a.xml,BL;SA,BL:1;SA:1,2,road_marking:2,yes,9bba23815178ebfc9a30c490b03b279d1897a55983156cca77a09b05d095da99,,unique,audited_source_training_record,pre_split_source_candidate
416b,data/raw/v2/ceymo/train/extracted/train/images/416b.jpg,data/raw/v2/ceymo/train/extracted/train/bbox_annotations/416b.xml,BL;SA,BL:1;SA:1,2,road_marking:2,yes,2bd95e4d5ef5a2c93b46aefcf67031d1fa059a1b368c4dfdf7097cd6b2d5df4e,,unique,audited_source_training_record,pre_split_source_candidate
416c,data/raw/v2/ceymo/train/extracted/train/images/416c.jpg,data/raw/v2/ceymo/train/extracted/train/bbox_annotations/416c.xml,BL,BL:1,1,road_marking:1,yes,dab45c9e698234685dc51a74321ab88a5820087e119cd4b46e420489b00796ab,,unique,audited_source_training_record,pre_split_source_candidate
417,data/raw/v2/ceymo/train/extracted/train/images/417.jpg,data/raw/v2/ceymo/train/extracted/train/bbox_annotations/417.xml,JB,JB:1,1,road_marking:1,yes,7a6295669ebb0c837d194101ac21db3c499ef04139cf6dea25d03c514ab4e32b,,unique,audited_source_training_record,pre_split_source_candidate
417a,data/raw/v2/ceymo/train/extracted/train/images/417a.jpg,data/raw/v2/ceymo/train/extracted/train/bbox_annotations/417a.xml,JB,JB:1,1,road_marking:1,yes,ed5a98ab96dbcebe4444ac136519fc6fdc0ac5484b99d497c3679b7982b4f7cf,,unique,audited_source_training_record,pre_split_source_candidate
417b,data/raw/v2/ceymo/train/extracted/train/images/417b.jpg,data/raw/v2/ceymo/train/extracted/train/bbox_annotations/417b.xml,JB,JB:1,1,road_marking:1,yes,88300ee05576cb685c543b0a4754e9ccd168f48e493dd1a8c74053bacb7174cd,,unique,audited_source_training_record,pre_split_source_candidate
418,data/raw/v2/ceymo/train/extracted/train/images/418.jpg,data/raw/v2/ceymo/train/extracted/train/bbox_annotations/418.xml,JB,JB:1,1,road_marking:1,yes,9f18df114000e634581f419b8da8b65fc0b2cb477fc60d4e1cf6a2427cf34c4b,,unique,audited_source_training_record,pre_split_source_candidate
418a,data/raw/v2/ceymo/train/extracted/train/images/418a.jpg,data/raw/v2/ceymo/train/extracted/train/bbox_annotations/418a.xml,JB,JB:1,1,road_marking:1,yes,b3087be389bea8bd8ec308142f57b7b4b01c566a7fc7e4ce9335861901d94069,,unique,audited_source_training_record,pre_split_source_candidate
418b,data/raw/v2/ceymo/train/extracted/train/images/418b.jpg,data/raw/v2/ceymo/train/extracted/train/bbox_annotations/418b.xml,JB,JB:1,1,road_marking:1,yes,f5d9d2db4a3da2e885d44d31c6e43c58209754e4da15371cdf8da9ed689cbdb9,,unique,audited_source_training_record,pre_split_source_candidate
419,data/raw/v2/ceymo/train/extracted/train/images/419.jpg,data/raw/v2/ceymo/train/extracted/train/bbox_annotations/419.xml,SA;SLA,SA:2;SLA:1,3,road_marking:3,yes,f145d1b9d32142b64cf7afbdc93099463dd4450195c004f25e125b48ce5e3310,,unique,audited_source_training_record,pre_split_source_candidate
420,data/raw/v2/ceymo/train/extracted/train/images/420.jpg,data/raw/v2/ceymo/train/extracted/train/bbox_annotations/420.xml,RA;SA,RA:1;SA:2,3,road_marking:3,yes,9b087c590fdf2305300bee08960ed9ac10b14122999ab0c1bf24d9766fafe2e1,,unique,audited_source_training_record,pre_split_source_candidate
420a,data/raw/v2/ceymo/train/extracted/train/images/420a.jpg,data/raw/v2/ceymo/train/extracted/train/bbox_annotations/420a.xml,RA;SA,RA:1;SA:2,3,road_marking:3,yes,5bcbb5fd9a4e49863e09689771ee0490542aaa679fc46923b03f1ee3a2d0d685,,unique,audited_source_training_record,pre_split_source_candidate
420b,data/raw/v2/ceymo/train/extracted/train/images/420b.jpg,data/raw/v2/ceymo/train/extracted/train/bbox_annotations/420b.xml,RA;SA,RA:1;SA:2,3,road_marking:3,yes,bc4d50b785628fdd1c3f85f2438d7d47521fac632679d692481d092f866a3293,,unique,audited_source_training_record,pre_split_source_candidate
420c,data/raw/v2/ceymo/train/extracted/train/images/420c.jpg,data/raw/v2/ceymo/train/extracted/train/bbox_annotations/420c.xml,RA;SA,RA:1;SA:2,3,road_marking:3,yes,4a50444e6b2d922c3565cd0c6fb0ad8ae242349cac84cd8fcc4a1be160e1c7b3,,unique,audited_source_training_record,pre_split_source_candidate
420d,data/raw/v2/ceymo/train/extracted/train/images/420d.jpg,data/raw/v2/ceymo/train/extracted/train/bbox_annotations/420d.xml,RA;SA;SLA,RA:1;SA:2;SLA:1,4,road_marking:4,yes,cb9fed91a7795b0941eaa146a465a169dd6a63121398e4dd6415f726b3e21fb9,,unique,audited_source_training_record,pre_split_source_candidate
421,data/raw/v2/ceymo/train/extracted/train/images/421.jpg,data/raw/v2/ceymo/train/extracted/train/bbox_annotations/421.xml,DM,DM:1,1,road_marking:1,yes,acf799c0d8e2b4f8f9a105011004ced554918cb59d168013e68136207ee9ddd8,,unique,audited_source_training_record,pre_split_source_candidate
421a,data/raw/v2/ceymo/train/extracted/train/images/421a.jpg,data/raw/v2/ceymo/train/extracted/train/bbox_annotations/421a.xml,DM,DM:2,2,road_marking:2,yes,4578e4deebf9af46a9c60af5706c9bf7cb2d2082b8b362cab8381bc813f37ca1,,unique,audited_source_training_record,pre_split_source_candidate
422,data/raw/v2/ceymo/train/extracted/train/images/422.jpg,data/raw/v2/ceymo/train/extracted/train/bbox_annotations/422.xml,BL;DM,BL:1;DM:2,3,road_marking:3,yes,cbc8fae4444bf21aa6e2064ca06304ce42241f9fb2b18f919592577de1d5391d,,unique,audited_source_training_record,pre_split_source_candidate
422a,data/raw/v2/ceymo/train/extracted/train/images/422a.jpg,data/raw/v2/ceymo/train/extracted/train/bbox_annotations/422a.xml,SA,SA:1,1,road_marking:1,yes,312dc47b40a35bdfeef95c50b8c5faaaed5fa942e90d515b6ca87207f4da9ed2,,unique,audited_source_training_record,pre_split_source_candidate
422b,data/raw/v2/ceymo/train/extracted/train/images/422b.jpg,data/raw/v2/ceymo/train/extracted/train/bbox_annotations/422b.xml,BL;SA,BL:1;SA:1,2,road_marking:2,yes,90ba50a5c1872bbe815056f09739c0e9521a75f53952dad9b0417a83a9c5497e,,unique,audited_source_training_record,pre_split_source_candidate
423,data/raw/v2/ceymo/train/extracted/train/images/423.jpg,data/raw/v2/ceymo/train/extracted/train/bbox_annotations/423.xml,SA,SA:2,2,road_marking:2,yes,c924497d0a39a012df938b31166bc786e7da921e369a3428cb66eadd05e01df6,,unique,audited_source_training_record,pre_split_source_candidate
423a,data/raw/v2/ceymo/train/extracted/train/images/423a.jpg,data/raw/v2/ceymo/train/extracted/train/bbox_annotations/423a.xml,SA;SLA,SA:2;SLA:1,3,road_marking:3,yes,b2feabf828905958bd5719c657f0f54f88c1b0f58cb07831c3c5868f05bec787,,unique,audited_source_training_record,pre_split_source_candidate
423b,data/raw/v2/ceymo/train/extracted/train/images/423b.jpg,data/raw/v2/ceymo/train/extracted/train/bbox_annotations/423b.xml,SA,SA:2,2,road_marking:2,yes,a9d49ecf0afc169fa24f3a64a56a091ecce86e488393985f5ee0298fe2b93650,,unique,audited_source_training_record,pre_split_source_candidate
424,data/raw/v2/ceymo/train/extracted/train/images/424.jpg,data/raw/v2/ceymo/train/extracted/train/bbox_annotations/424.xml,BL,BL:1,1,road_marking:1,yes,7c88f9e406879deb910bd8b1118f9275f899c326bd6876e9fb2446f5bc211c87,,unique,audited_source_training_record,pre_split_source_candidate
424a,data/raw/v2/ceymo/train/extracted/train/images/424a.jpg,data/raw/v2/ceymo/train/extracted/train/bbox_annotations/424a.xml,BL;SA,BL:1;SA:1,2,road_marking:2,yes,5949440a362fa22c93b5cda1282f144ac0d4e5af8b69dc2b5ce952add34a64c4,,unique,audited_source_training_record,pre_split_source_candidate
424b,data/raw/v2/ceymo/train/extracted/train/images/424b.jpg,data/raw/v2/ceymo/train/extracted/train/bbox_annotations/424b.xml,BL;SA,BL:1;SA:1,2,road_marking:2,yes,c2f534e305a79723c9f3709381272835ca6028742233f1f1ffb439d42015c8de,,unique,audited_source_training_record,pre_split_source_candidate
425,data/raw/v2/ceymo/train/extracted/train/images/425.jpg,data/raw/v2/ceymo/train/extracted/train/bbox_annotations/425.xml,SA,SA:2,2,road_marking:2,yes,c03f50093b0235d5768d6b09267965a6dccf0076db78e0a5aee6681d353b25da,,unique,audited_source_training_record,pre_split_source_candidate
425a,data/raw/v2/ceymo/train/extracted/train/images/425a.jpg,data/raw/v2/ceymo/train/extracted/train/bbox_annotations/425a.xml,SA,SA:3,3,road_marking:3,yes,c019c7cd4a27dd0f74aa9e01e2f5a1d7d26106b2606203c7445ea9c04d6a56ca,,unique,audited_source_training_record,pre_split_source_candidate
425b,data/raw/v2/ceymo/train/extracted/train/images/425b.jpg,data/raw/v2/ceymo/train/extracted/train/bbox_annotations/425b.xml,SA,SA:2,2,road_marking:2,yes,1846b58e0982c5a38ad00499c518fc4ad08a301ef4594b894fc417809a5cf13c,,unique,audited_source_training_record,pre_split_source_candidate
426,data/raw/v2/ceymo/train/extracted/train/images/426.jpg,data/raw/v2/ceymo/train/extracted/train/bbox_annotations/426.xml,SA,SA:3,3,road_marking:3,yes,be50ac9013ebf9a19c36542baa33318dd45244d5f5d6ea745d1d0ad1c0af301d,,unique,audited_source_training_record,pre_split_source_candidate
426a,data/raw/v2/ceymo/train/extracted/train/images/426a.jpg,data/raw/v2/ceymo/train/extracted/train/bbox_annotations/426a.xml,SA,SA:2,2,road_marking:2,yes,f954d90689bb8dc56d752c9a6c1736041a78075ec1c958d2ada8c1ea45acfc74,,unique,audited_source_training_record,pre_split_source_candidate
427a,data/raw/v2/ceymo/train/extracted/train/images/427a.jpg,data/raw/v2/ceymo/train/extracted/train/bbox_annotations/427a.xml,SA,SA:1,1,road_marking:1,yes,d39427dc9e0f12bdaaca6a1dd3651bf42f192caa3e015c70a23e0d3849eb7822,,unique,audited_source_training_record,pre_split_source_candidate
428,data/raw/v2/ceymo/train/extracted/train/images/428.jpg,data/raw/v2/ceymo/train/extracted/train/bbox_annotations/428.xml,DM,DM:3,3,road_marking:3,yes,da3d886181aba07418e5b2b686fe36d0f4e635911a2b48147953f14e6e034d14,,unique,audited_source_training_record,pre_split_source_candidate
428a,data/raw/v2/ceymo/train/extracted/train/images/428a.jpg,data/raw/v2/ceymo/train/extracted/train/bbox_annotations/428a.xml,DM,DM:3,3,road_marking:3,yes,d49c2aa7763fb69fa3bf5f7ffdc7f1d5729f46e3edba5692def881ce07e32dea,,unique,audited_source_training_record,pre_split_source_candidate
430,data/raw/v2/ceymo/train/extracted/train/images/430.jpg,data/raw/v2/ceymo/train/extracted/train/bbox_annotations/430.xml,BL,BL:1,1,road_marking:1,yes,994182dda60438540278a4b7f4d17910547669888f49d07530ed10311346811a,,unique,audited_source_training_record,pre_split_source_candidate
430a,data/raw/v2/ceymo/train/extracted/train/images/430a.jpg,data/raw/v2/ceymo/train/extracted/train/bbox_annotations/430a.xml,BL;SA,BL:1;SA:1,2,road_marking:2,yes,274afd7ce0c671157221694bc5721ba8a626700a50fb8aa6623990cc11480453,,unique,audited_source_training_record,pre_split_source_candidate
430b,data/raw/v2/ceymo/train/extracted/train/images/430b.jpg,data/raw/v2/ceymo/train/extracted/train/bbox_annotations/430b.xml,SA,SA:1,1,road_marking:1,yes,a72af8ee226f71de81c97d03a56ce28fa85d236d081f99e076ac6633479ed31f,,unique,audited_source_training_record,pre_split_source_candidate
431,data/raw/v2/ceymo/train/extracted/train/images/431.jpg,data/raw/v2/ceymo/train/extracted/train/bbox_annotations/431.xml,PC,PC:1,1,road_marking:1,yes,4001bf088cc498db0b26cadd313a97fef8a92abc07aafe4140c2e3a650cfc830,,unique,audited_source_training_record,pre_split_source_candidate
431a,data/raw/v2/ceymo/train/extracted/train/images/431a.jpg,data/raw/v2/ceymo/train/extracted/train/bbox_annotations/431a.xml,PC,PC:1,1,road_marking:1,yes,ec7f32810b3559f91146e69538d635815e47e61e69e79b0909683e556d607667,,unique,audited_source_training_record,pre_split_source_candidate
432,data/raw/v2/ceymo/train/extracted/train/images/432.jpg,data/raw/v2/ceymo/train/extracted/train/bbox_annotations/432.xml,BL,BL:1,1,road_marking:1,yes,b296578ca3d10d8651d76ee78ecf2d01d00bd584e1ead29b037309abadbdfe04,,unique,audited_source_training_record,pre_split_source_candidate
432a,data/raw/v2/ceymo/train/extracted/train/images/432a.jpg,data/raw/v2/ceymo/train/extracted/train/bbox_annotations/432a.xml,BL;SA,BL:1;SA:1,2,road_marking:2,yes,5c0fcf520460cd164baa5b2c5cff5f14fefd02491883b41f78ed617f1b9a7743,,unique,audited_source_training_record,pre_split_source_candidate
432b,data/raw/v2/ceymo/train/extracted/train/images/432b.jpg,data/raw/v2/ceymo/train/extracted/train/bbox_annotations/432b.xml,BL;SA,BL:1;SA:1,2,road_marking:2,yes,8d6506d6c476c9ec38f1df442c4106cc5bb59dbfbdc5720c15a36501abec089e,,unique,audited_source_training_record,pre_split_source_candidate
433,data/raw/v2/ceymo/train/extracted/train/images/433.jpg,data/raw/v2/ceymo/train/extracted/train/bbox_annotations/433.xml,BL,BL:1,1,road_marking:1,yes,0cfc2aa41d907b28a650fab67be7c9ad87fbbcb07c5fccfb2fc8bf2ec8e61b9d,,unique,audited_source_training_record,pre_split_source_candidate
433a,data/raw/v2/ceymo/train/extracted/train/images/433a.jpg,data/raw/v2/ceymo/train/extracted/train/bbox_annotations/433a.xml,BL;SA,BL:1;SA:1,2,road_marking:2,yes,6b8bd9fe15d4168a8a3160cb358a778f36cfdbab814294e808b3a20ee91c61f0,,unique,audited_source_training_record,pre_split_source_candidate
433b,data/raw/v2/ceymo/train/extracted/train/images/433b.jpg,data/raw/v2/ceymo/train/extracted/train/bbox_annotations/433b.xml,BL;SA,BL:1;SA:1,2,road_marking:2,yes,02adf79a177425b432f78dd7a1b8b9ded78423a71e1128d55038697bb9499551,,unique,audited_source_training_record,pre_split_source_candidate
434,data/raw/v2/ceymo/train/extracted/train/images/434.jpg,data/raw/v2/ceymo/train/extracted/train/bbox_annotations/434.xml,BL;RA;SA,BL:1;RA:1;SA:2,4,road_marking:4,yes,66c5ee0e6aa8bb83b18dfd2b48e9f3aa50f1aae6c6eb801e5918db69f6a9d35a,,unique,audited_source_training_record,pre_split_source_candidate
434a,data/raw/v2/ceymo/train/extracted/train/images/434a.jpg,data/raw/v2/ceymo/train/extracted/train/bbox_annotations/434a.xml,RA;SA,RA:1;SA:2,3,road_marking:3,yes,fe1b15a30c287e2c9bf1b677d755b201c1adfcccc298039cd18e5393669c6130,,unique,audited_source_training_record,pre_split_source_candidate
434b,data/raw/v2/ceymo/train/extracted/train/images/434b.jpg,data/raw/v2/ceymo/train/extracted/train/bbox_annotations/434b.xml,RA;SA,RA:1;SA:2,3,road_marking:3,yes,e76ab58fc3ff7f05dc9a316d700c86ef081b37cbb26df45e100c760812a733ed,,unique,audited_source_training_record,pre_split_source_candidate
434c,data/raw/v2/ceymo/train/extracted/train/images/434c.jpg,data/raw/v2/ceymo/train/extracted/train/bbox_annotations/434c.xml,BL;RA;SA,BL:1;RA:1;SA:2,4,road_marking:4,yes,8c206cc85c2db77f6a95ed5d697d6c3e7e2bb8ebcfd9bb5685bca8efb30743e7,,unique,audited_source_training_record,pre_split_source_candidate
434d,data/raw/v2/ceymo/train/extracted/train/images/434d.jpg,data/raw/v2/ceymo/train/extracted/train/bbox_annotations/434d.xml,BL;RA;SA,BL:1;RA:1;SA:2,4,road_marking:4,yes,deb81d06456ffe62322fc3a7a0abd825cc0ff3cc9d8f383254d6d052dacf1756,,unique,audited_source_training_record,pre_split_source_candidate
435,data/raw/v2/ceymo/train/extracted/train/images/435.jpg,data/raw/v2/ceymo/train/extracted/train/bbox_annotations/435.xml,SA,SA:3,3,road_marking:3,yes,65ba9c814181e03e66d40ac2112e09f2b1ca1efd4898eaf464dc690cfaa7aec0,,unique,audited_source_training_record,pre_split_source_candidate
435a,data/raw/v2/ceymo/train/extracted/train/images/435a.jpg,data/raw/v2/ceymo/train/extracted/train/bbox_annotations/435a.xml,SA,SA:3,3,road_marking:3,yes,2a0f13af0817dfa83224b6687a33f4f3378284c3e57662ae1c54eaf9feaeb679,,unique,audited_source_training_record,pre_split_source_candidate
435b,data/raw/v2/ceymo/train/extracted/train/images/435b.jpg,data/raw/v2/ceymo/train/extracted/train/bbox_annotations/435b.xml,SA,SA:3,3,road_marking:3,yes,8f1d17d0399604b359ef719e1f93217ab3c2004027613cf2833b1dfefe0d2296,,unique,audited_source_training_record,pre_split_source_candidate
435c,data/raw/v2/ceymo/train/extracted/train/images/435c.jpg,data/raw/v2/ceymo/train/extracted/train/bbox_annotations/435c.xml,SA,SA:2,2,road_marking:2,yes,fab4a913147378335ebcec8ae946dc888b127a51dd7819bff445fca35e6353f8,,unique,audited_source_training_record,pre_split_source_candidate
436,data/raw/v2/ceymo/train/extracted/train/images/436.jpg,data/raw/v2/ceymo/train/extracted/train/bbox_annotations/436.xml,SA,SA:2,2,road_marking:2,yes,c3891033988c57c1b9b314b2c3118167a2e0a79227d3daea2d9fdcda4933bfc8,,unique,audited_source_training_record,pre_split_source_candidate
436a,data/raw/v2/ceymo/train/extracted/train/images/436a.jpg,data/raw/v2/ceymo/train/extracted/train/bbox_annotations/436a.xml,SA,SA:2,2,road_marking:2,yes,cdf4b5eac673a9bcf26d30396fdc6f9ff77c8fdac174f4dd744862690321b834,,unique,audited_source_training_record,pre_split_source_candidate
436b,data/raw/v2/ceymo/train/extracted/train/images/436b.jpg,data/raw/v2/ceymo/train/extracted/train/bbox_annotations/436b.xml,SA,SA:2,2,road_marking:2,yes,99580b860fed07ee544110594aec92898b1ec6cc04da57d40b07b3edaf8c7955,,unique,audited_source_training_record,pre_split_source_candidate
437a,data/raw/v2/ceymo/train/extracted/train/images/437a.jpg,data/raw/v2/ceymo/train/extracted/train/bbox_annotations/437a.xml,SA,SA:1,1,road_marking:1,yes,68ca4d9ed3e8bcfd612eed0bb22b8aaf9a6391ad2b9bab05a0d15a334dfab425,,unique,audited_source_training_record,pre_split_source_candidate
437b,data/raw/v2/ceymo/train/extracted/train/images/437b.jpg,data/raw/v2/ceymo/train/extracted/train/bbox_annotations/437b.xml,SA,SA:2,2,road_marking:2,yes,04608145d6f46980c393cd9534f28bcdf486fa89da16122cb66ca9be299efcbc,,unique,audited_source_training_record,pre_split_source_candidate
438,data/raw/v2/ceymo/train/extracted/train/images/438.jpg,data/raw/v2/ceymo/train/extracted/train/bbox_annotations/438.xml,SA,SA:2,2,road_marking:2,yes,ca6774fca9aadec842d11e15fc244b39a0f0318a42a466efd97a4d26198043de,,unique,audited_source_training_record,pre_split_source_candidate
438a,data/raw/v2/ceymo/train/extracted/train/images/438a.jpg,data/raw/v2/ceymo/train/extracted/train/bbox_annotations/438a.xml,SA,SA:2,2,road_marking:2,yes,a9702ee6ad18c91cf8dbc419c24d4d3ffb3d6f5f967a2e3c579520416d35abce,,unique,audited_source_training_record,pre_split_source_candidate
438b,data/raw/v2/ceymo/train/extracted/train/images/438b.jpg,data/raw/v2/ceymo/train/extracted/train/bbox_annotations/438b.xml,SA,SA:2,2,road_marking:2,yes,7f1b7c52e1011b6d3ad17fdeaa9c2bf40c3e98ceeba112b9227668e5a654bf3a,,unique,audited_source_training_record,pre_split_source_candidate
439,data/raw/v2/ceymo/train/extracted/train/images/439.jpg,data/raw/v2/ceymo/train/extracted/train/bbox_annotations/439.xml,JB,JB:1,1,road_marking:1,yes,b6a7d89ae4366a6dc0bd1aae4cb1a5f13ba36e718c93c98f89aedbc8b1600e47,,unique,audited_source_training_record,pre_split_source_candidate
439a,data/raw/v2/ceymo/train/extracted/train/images/439a.jpg,data/raw/v2/ceymo/train/extracted/train/bbox_annotations/439a.xml,JB,JB:1,1,road_marking:1,yes,8fcb2bb3eca24b3b0e5f073f4c089d52fabb9c1f460d4a92410e45909e642f9f,,unique,audited_source_training_record,pre_split_source_candidate
450,data/raw/v2/ceymo/train/extracted/train/images/450.jpg,data/raw/v2/ceymo/train/extracted/train/bbox_annotations/450.xml,DM,DM:2,2,road_marking:2,yes,fb73f95725e6aff42732fce4fb782a3e9d0950bac0a5f3d15b12f3ce7f48ad88,,unique,audited_source_training_record,pre_split_source_candidate
450a,data/raw/v2/ceymo/train/extracted/train/images/450a.jpg,data/raw/v2/ceymo/train/extracted/train/bbox_annotations/450a.xml,DM,DM:2,2,road_marking:2,yes,c74cc206938fa4ccbdf1f1aeb3aede0fb44876fa47fcc196b8c8b6c8c44e8bdd,,unique,audited_source_training_record,pre_split_source_candidate
450b,data/raw/v2/ceymo/train/extracted/train/images/450b.jpg,data/raw/v2/ceymo/train/extracted/train/bbox_annotations/450b.xml,DM,DM:2,2,road_marking:2,yes,28be25c412410875e9d15466dde0dd9bbb0bc937dd07adfeb619e4d6dcea7e97,,unique,audited_source_training_record,pre_split_source_candidate
451,data/raw/v2/ceymo/train/extracted/train/images/451.jpg,data/raw/v2/ceymo/train/extracted/train/bbox_annotations/451.xml,DM,DM:2,2,road_marking:2,yes,f73dfc9fcae9b3def329e013c2f5f8b08763a5677dbd4a1ae2b6c56d9b8a83d8,,unique,audited_source_training_record,pre_split_source_candidate
452,data/raw/v2/ceymo/train/extracted/train/images/452.jpg,data/raw/v2/ceymo/train/extracted/train/bbox_annotations/452.xml,RA,RA:1,1,road_marking:1,yes,8e508b6c1f7a6a56e8e9cef75df7baae15413a8ca0cbf0f2a70d33b3577d9cc4,,unique,audited_source_training_record,pre_split_source_candidate
452a,data/raw/v2/ceymo/train/extracted/train/images/452a.jpg,data/raw/v2/ceymo/train/extracted/train/bbox_annotations/452a.xml,RA,RA:1,1,road_marking:1,yes,7c4b74876c7c8a73d12c46c92d88ea8a750289f3d05dd8bfd063b2f5d77c858c,,unique,audited_source_training_record,pre_split_source_candidate
452b,data/raw/v2/ceymo/train/extracted/train/images/452b.jpg,data/raw/v2/ceymo/train/extracted/train/bbox_annotations/452b.xml,RA,RA:1,1,road_marking:1,yes,9a4990f2db7e28cec73f8e03420538fb77c4c145f7a8d0b7240fe21d059a7d80,,unique,audited_source_training_record,pre_split_source_candidate
452c,data/raw/v2/ceymo/train/extracted/train/images/452c.jpg,data/raw/v2/ceymo/train/extracted/train/bbox_annotations/452c.xml,RA,RA:1,1,road_marking:1,yes,8c222e8dfc40d3ffee04340edfad20f83b6a25fe99106af641e0bcecd93b5f35,,unique,audited_source_training_record,pre_split_source_candidate
453,data/raw/v2/ceymo/train/extracted/train/images/453.jpg,data/raw/v2/ceymo/train/extracted/train/bbox_annotations/453.xml,LA;RA;SA,LA:1;RA:1;SA:2,4,road_marking:4,yes,920d2adea0a7572ffb71b6dc884a9691362ef55128286f4dcd81021a9aeb8074,,unique,audited_source_training_record,pre_split_source_candidate
453a,data/raw/v2/ceymo/train/extracted/train/images/453a.jpg,data/raw/v2/ceymo/train/extracted/train/bbox_annotations/453a.xml,LA;RA;SA,LA:1;RA:1;SA:1,3,road_marking:3,yes,4443f10f1b0a541d6a7231e8156dbfb394684dca8f3e5e34642b70cab3e48661,,unique,audited_source_training_record,pre_split_source_candidate
453b,data/raw/v2/ceymo/train/extracted/train/images/453b.jpg,data/raw/v2/ceymo/train/extracted/train/bbox_annotations/453b.xml,LA;RA;SA,LA:1;RA:1;SA:2,4,road_marking:4,yes,8004bbd2707a92378b2d17484e5d2c839abf7c270f01c27ad1137276ebbe8e8d,,unique,audited_source_training_record,pre_split_source_candidate
453c,data/raw/v2/ceymo/train/extracted/train/images/453c.jpg,data/raw/v2/ceymo/train/extracted/train/bbox_annotations/453c.xml,LA;RA;SA,LA:1;RA:1;SA:2,4,road_marking:4,yes,c2b220eaef61cf22bd50afa952c0395ceae3c44e8b359e1bcab183fddab98d34,,unique,audited_source_training_record,pre_split_source_candidate
454,data/raw/v2/ceymo/train/extracted/train/images/454.jpg,data/raw/v2/ceymo/train/extracted/train/bbox_annotations/454.xml,RA;SA,RA:1;SA:1,2,road_marking:2,yes,343ea5cbd5a3a97429b2d9743373b0e42f3562e3f7a1dba7429299536f6b55bc,,unique,audited_source_training_record,pre_split_source_candidate
454a,data/raw/v2/ceymo/train/extracted/train/images/454a.jpg,data/raw/v2/ceymo/train/extracted/train/bbox_annotations/454a.xml,RA;SA,RA:1;SA:1,2,road_marking:2,yes,46863e940ae97e421c5a282d9ba0ba77f120015473bbfd04085b34557755cbce,,unique,audited_source_training_record,pre_split_source_candidate
454b,data/raw/v2/ceymo/train/extracted/train/images/454b.jpg,data/raw/v2/ceymo/train/extracted/train/bbox_annotations/454b.xml,RA;SA,RA:1;SA:1,2,road_marking:2,yes,374a35c3fc566d0fdf89af114afe59bafd16272ea385a73164d2f0763f5b51dd,,unique,audited_source_training_record,pre_split_source_candidate
455,data/raw/v2/ceymo/train/extracted/train/images/455.jpg,data/raw/v2/ceymo/train/extracted/train/bbox_annotations/455.xml,DM,DM:3,3,road_marking:3,yes,05b78d934d24a2e7f480c4f8df6a9bca6d24b3b83cd61ac5cf03318a569a6787,,unique,audited_source_training_record,pre_split_source_candidate
456,data/raw/v2/ceymo/train/extracted/train/images/456.jpg,data/raw/v2/ceymo/train/extracted/train/bbox_annotations/456.xml,PC,PC:1,1,road_marking:1,yes,f5463932ac03f4c49c9175e0adac8693354521ae8eacf601321834a0d755ec46,,unique,audited_source_training_record,pre_split_source_candidate
456a,data/raw/v2/ceymo/train/extracted/train/images/456a.jpg,data/raw/v2/ceymo/train/extracted/train/bbox_annotations/456a.xml,PC,PC:1,1,road_marking:1,yes,80fdfcdb731390b39b83727695edc9713359ce4e2c68803ab476d0d93a350af6,,unique,audited_source_training_record,pre_split_source_candidate
456b,data/raw/v2/ceymo/train/extracted/train/images/456b.jpg,data/raw/v2/ceymo/train/extracted/train/bbox_annotations/456b.xml,PC,PC:1,1,road_marking:1,yes,6e96d1949a6654bb4e033a7372dd530c41ce90876a8734885d4bead6611b0af0,,unique,audited_source_training_record,pre_split_source_candidate
457,data/raw/v2/ceymo/train/extracted/train/images/457.jpg,data/raw/v2/ceymo/train/extracted/train/bbox_annotations/457.xml,JB,JB:1,1,road_marking:1,yes,66e50e60016dfce0776f57dd91332eea9991fdde9ad387d0d221c6bf327b14e6,,unique,audited_source_training_record,pre_split_source_candidate
457a,data/raw/v2/ceymo/train/extracted/train/images/457a.jpg,data/raw/v2/ceymo/train/extracted/train/bbox_annotations/457a.xml,JB,JB:1,1,road_marking:1,yes,b96fb36315fbc0e617ac3c0f0cbb3ed59c2ae9a3d3e25091ce0320466a340834,,unique,audited_source_training_record,pre_split_source_candidate
457b,data/raw/v2/ceymo/train/extracted/train/images/457b.jpg,data/raw/v2/ceymo/train/extracted/train/bbox_annotations/457b.xml,JB,JB:1,1,road_marking:1,yes,3694b1ad8470aee59b9c2ba99f2a257af3f5c3b0b4ecccea734fba93da34f7fc,,unique,audited_source_training_record,pre_split_source_candidate
457c,data/raw/v2/ceymo/train/extracted/train/images/457c.jpg,data/raw/v2/ceymo/train/extracted/train/bbox_annotations/457c.xml,JB,JB:1,1,road_marking:1,yes,e8973269c77d62f9ad6b98f2c4b5e157e2de98699328834be2db89174af315b3,,unique,audited_source_training_record,pre_split_source_candidate
458,data/raw/v2/ceymo/train/extracted/train/images/458.jpg,data/raw/v2/ceymo/train/extracted/train/bbox_annotations/458.xml,PC,PC:1,1,road_marking:1,yes,5c9ffae51b53b61b902d78613ec53f023542dbb026b55636aa769f982d2b4b9c,,unique,audited_source_training_record,pre_split_source_candidate
458a,data/raw/v2/ceymo/train/extracted/train/images/458a.jpg,data/raw/v2/ceymo/train/extracted/train/bbox_annotations/458a.xml,PC,PC:1,1,road_marking:1,yes,baafcbd615a75a9d0ff523246d685a31dfe3bbd5052ab2fd5893d96f03729c10,,unique,audited_source_training_record,pre_split_source_candidate
458b,data/raw/v2/ceymo/train/extracted/train/images/458b.jpg,data/raw/v2/ceymo/train/extracted/train/bbox_annotations/458b.xml,PC,PC:1,1,road_marking:1,yes,f6d771888f840b25dc40a9bff9fcc467d88cef480d82d665df9a39220e1135a1,,unique,audited_source_training_record,pre_split_source_candidate
459,data/raw/v2/ceymo/train/extracted/train/images/459.jpg,data/raw/v2/ceymo/train/extracted/train/bbox_annotations/459.xml,SLA,SLA:1,1,road_marking:1,yes,786588f9289603b3869603bc70ac07179c91a9bfad6d052039252a870fd49fc3,,unique,audited_source_training_record,pre_split_source_candidate
459a,data/raw/v2/ceymo/train/extracted/train/images/459a.jpg,data/raw/v2/ceymo/train/extracted/train/bbox_annotations/459a.xml,SLA,SLA:1,1,road_marking:1,yes,9280e00e585d8139b172a420df0e56e784c16bf0274358d2f79ea513d2653683,,unique,audited_source_training_record,pre_split_source_candidate
459b,data/raw/v2/ceymo/train/extracted/train/images/459b.jpg,data/raw/v2/ceymo/train/extracted/train/bbox_annotations/459b.xml,SLA,SLA:1,1,road_marking:1,yes,6b891a664031c8e8ce541bf21ad16a6b4a82699772beb594c4bc371b8b3b9d44,,unique,audited_source_training_record,pre_split_source_candidate
460,data/raw/v2/ceymo/train/extracted/train/images/460.jpg,data/raw/v2/ceymo/train/extracted/train/bbox_annotations/460.xml,SLA,SLA:1,1,road_marking:1,yes,047bc5176e0a02295efa3b1d69ed3ea72883feb35c8deaed86a7dd7044c46bfc,,unique,audited_source_training_record,pre_split_source_candidate
460a,data/raw/v2/ceymo/train/extracted/train/images/460a.jpg,data/raw/v2/ceymo/train/extracted/train/bbox_annotations/460a.xml,SLA,SLA:1,1,road_marking:1,yes,d821aaf2a54c5c17781cd6e3acb7d7a10294ab84e266f2caf3abab644a942f3b,,unique,audited_source_training_record,pre_split_source_candidate
460b,data/raw/v2/ceymo/train/extracted/train/images/460b.jpg,data/raw/v2/ceymo/train/extracted/train/bbox_annotations/460b.xml,SLA,SLA:1,1,road_marking:1,yes,2cbab0b6b0eb86f871d976101e890abd71460f78b6cfcb1c955a4b4df3594c82,,unique,audited_source_training_record,pre_split_source_candidate
460c,data/raw/v2/ceymo/train/extracted/train/images/460c.jpg,data/raw/v2/ceymo/train/extracted/train/bbox_annotations/460c.xml,SLA,SLA:1,1,road_marking:1,yes,7e66ba041154c4b1e6ee0742dbbc159e6c21709b041a6cb8eef4d5f5d4305bd4,,unique,audited_source_training_record,pre_split_source_candidate
461,data/raw/v2/ceymo/train/extracted/train/images/461.jpg,data/raw/v2/ceymo/train/extracted/train/bbox_annotations/461.xml,LA,LA:1,1,road_marking:1,yes,5f88042d361bc12f447d74067e20700d5f008c4b2daefe6ff2e0eba8a49c10cc,,unique,audited_source_training_record,pre_split_source_candidate
461a,data/raw/v2/ceymo/train/extracted/train/images/461a.jpg,data/raw/v2/ceymo/train/extracted/train/bbox_annotations/461a.xml,LA,LA:1,1,road_marking:1,yes,3d5815163cfd34257d3dd450a163ebf9f36d2cd45d4cf902a93cfef1d1d3ec35,,unique,audited_source_training_record,pre_split_source_candidate
461b,data/raw/v2/ceymo/train/extracted/train/images/461b.jpg,data/raw/v2/ceymo/train/extracted/train/bbox_annotations/461b.xml,LA,LA:1,1,road_marking:1,yes,d642930183da92f5ac0ca3057bad9fcd44230ffa27833adc9bbf76992d78fcd4,,unique,audited_source_training_record,pre_split_source_candidate
461c,data/raw/v2/ceymo/train/extracted/train/images/461c.jpg,data/raw/v2/ceymo/train/extracted/train/bbox_annotations/461c.xml,LA;SA,LA:1;SA:1,2,road_marking:2,yes,f99120e3f20b622610e52a187efe7560808dca9a08ec41b2a1f65b36991113dc,,unique,audited_source_training_record,pre_split_source_candidate
462,data/raw/v2/ceymo/train/extracted/train/images/462.jpg,data/raw/v2/ceymo/train/extracted/train/bbox_annotations/462.xml,LA;SA,LA:1;SA:1,2,road_marking:2,yes,92fb720f1aab204ea99941253933e41dbe43d21e06a8e3e044719c804f4e2a11,,unique,audited_source_training_record,pre_split_source_candidate
462a,data/raw/v2/ceymo/train/extracted/train/images/462a.jpg,data/raw/v2/ceymo/train/extracted/train/bbox_annotations/462a.xml,LA;SA,LA:1;SA:1,2,road_marking:2,yes,af8940683a40135d4788a38e4e5753d4e3c58fb8f8d766fc8295135c8e7f16e3,,unique,audited_source_training_record,pre_split_source_candidate
462b,data/raw/v2/ceymo/train/extracted/train/images/462b.jpg,data/raw/v2/ceymo/train/extracted/train/bbox_annotations/462b.xml,LA;SA,LA:1;SA:1,2,road_marking:2,yes,223e1592a06c0f5a3a1384bf82aff649924ade6e0664eee3d05e52b28acefa17,,unique,audited_source_training_record,pre_split_source_candidate
462c,data/raw/v2/ceymo/train/extracted/train/images/462c.jpg,data/raw/v2/ceymo/train/extracted/train/bbox_annotations/462c.xml,LA;SA,LA:1;SA:1,2,road_marking:2,yes,0bd9d7da3c18f9f1f6bd5a9402b5d05d6cdd401510d720766afaa1646fa088b3,,unique,audited_source_training_record,pre_split_source_candidate
463,data/raw/v2/ceymo/train/extracted/train/images/463.jpg,data/raw/v2/ceymo/train/extracted/train/bbox_annotations/463.xml,DM,DM:2,2,road_marking:2,yes,3a70d33a7552a5c88b447bf84764359e2e58052115ab7fde4a8f6c1c708a6e8d,,unique,audited_source_training_record,pre_split_source_candidate
464,data/raw/v2/ceymo/train/extracted/train/images/464.jpg,data/raw/v2/ceymo/train/extracted/train/bbox_annotations/464.xml,SA;SLA;SRA,SA:1;SLA:1;SRA:1,3,road_marking:3,yes,68f1e26eaa662659c9fb9c3b002bca88fc87d121a5b6abc7b82c363bd3b7edd5,,unique,audited_source_training_record,pre_split_source_candidate
464a,data/raw/v2/ceymo/train/extracted/train/images/464a.jpg,data/raw/v2/ceymo/train/extracted/train/bbox_annotations/464a.xml,SA;SLA;SRA,SA:1;SLA:1;SRA:1,3,road_marking:3,yes,7e61f95dbe0cc9883a3787bc932ef0986a7025eed182581e7c46518371aa1703,,unique,audited_source_training_record,pre_split_source_candidate
465,data/raw/v2/ceymo/train/extracted/train/images/465.jpg,data/raw/v2/ceymo/train/extracted/train/bbox_annotations/465.xml,LA;SA,LA:1;SA:1,2,road_marking:2,yes,3d80135cc0975842a5907a08534c3c59c8a4c5f9ee386e633e469bf39b4046c0,,unique,audited_source_training_record,pre_split_source_candidate
465a,data/raw/v2/ceymo/train/extracted/train/images/465a.jpg,data/raw/v2/ceymo/train/extracted/train/bbox_annotations/465a.xml,LA;SA,LA:1;SA:1,2,road_marking:2,yes,ae4a4ecbc7e2cfb01f6c217f6f5007545f1055e38c10ce386bfee8d319d5915b,,unique,audited_source_training_record,pre_split_source_candidate
465b,data/raw/v2/ceymo/train/extracted/train/images/465b.jpg,data/raw/v2/ceymo/train/extracted/train/bbox_annotations/465b.xml,LA;SA,LA:1;SA:1,2,road_marking:2,yes,8a3b7dabba90f4ca57d95736c188a76a7f5ff57e2b4d93cdb5b0b080732d6a91,,unique,audited_source_training_record,pre_split_source_candidate
466,data/raw/v2/ceymo/train/extracted/train/images/466.jpg,data/raw/v2/ceymo/train/extracted/train/bbox_annotations/466.xml,LA;SA,LA:1;SA:1,2,road_marking:2,yes,a308fc59b173a94bff7fa54ccf04744c3a1412780086b22b60f7dbd4572faab6,,unique,audited_source_training_record,pre_split_source_candidate
466a,data/raw/v2/ceymo/train/extracted/train/images/466a.jpg,data/raw/v2/ceymo/train/extracted/train/bbox_annotations/466a.xml,LA;SA,LA:1;SA:1,2,road_marking:2,yes,91c057e5799e5e0781daf260ac926bf0b3b2d95d10f9e6c2baed55eaf2c436a8,,unique,audited_source_training_record,pre_split_source_candidate
466b,data/raw/v2/ceymo/train/extracted/train/images/466b.jpg,data/raw/v2/ceymo/train/extracted/train/bbox_annotations/466b.xml,LA;SA,LA:1;SA:1,2,road_marking:2,yes,1ebb48643d0e5b022e5b0ceac40dbb5a3f0596ca47312c1e9f69841aacba6df6,,unique,audited_source_training_record,pre_split_source_candidate
467,data/raw/v2/ceymo/train/extracted/train/images/467.jpg,data/raw/v2/ceymo/train/extracted/train/bbox_annotations/467.xml,LA;SA,LA:1;SA:1,2,road_marking:2,yes,90eba409d9264d13763043362b9aed33871fa85ab32224f1ec68b73d9e9cfcb2,,unique,audited_source_training_record,pre_split_source_candidate
467a,data/raw/v2/ceymo/train/extracted/train/images/467a.jpg,data/raw/v2/ceymo/train/extracted/train/bbox_annotations/467a.xml,LA;SA,LA:1;SA:1,2,road_marking:2,yes,c4b0aef098981699ccbbca2b5a52beed0c1f1f39e9ce11f19ed6bbb74874c84c,,unique,audited_source_training_record,pre_split_source_candidate
467b,data/raw/v2/ceymo/train/extracted/train/images/467b.jpg,data/raw/v2/ceymo/train/extracted/train/bbox_annotations/467b.xml,LA;SA,LA:1;SA:1,2,road_marking:2,yes,ea5d627db06f6cce561d6a0a2d8a129eca391c991e6ac29085fd0c95d09913f2,,unique,audited_source_training_record,pre_split_source_candidate
468,data/raw/v2/ceymo/train/extracted/train/images/468.jpg,data/raw/v2/ceymo/train/extracted/train/bbox_annotations/468.xml,DM,DM:3,3,road_marking:3,yes,1604aaf596d1bdb2f946cbeb2e5e91ea0b004d8315df53b318c1e0f818681c56,,unique,audited_source_training_record,pre_split_source_candidate
469,data/raw/v2/ceymo/train/extracted/train/images/469.jpg,data/raw/v2/ceymo/train/extracted/train/bbox_annotations/469.xml,DM,DM:3,3,road_marking:3,yes,a24d067e2a2290fc063607d076cce7af0b33727e30267f44f5e2833b331e9994,,unique,audited_source_training_record,pre_split_source_candidate
470,data/raw/v2/ceymo/train/extracted/train/images/470.jpg,data/raw/v2/ceymo/train/extracted/train/bbox_annotations/470.xml,PC,PC:1,1,road_marking:1,yes,4a30550b82962570adef99e78f18fcaa8ee7b84636224dd443f8b81a9bb71e78,,unique,audited_source_training_record,pre_split_source_candidate
470a,data/raw/v2/ceymo/train/extracted/train/images/470a.jpg,data/raw/v2/ceymo/train/extracted/train/bbox_annotations/470a.xml,PC,PC:1,1,road_marking:1,yes,ac94b843b69ea58c087ada2c4395ab60c704c1a2245a66c98f88cd1897135299,,unique,audited_source_training_record,pre_split_source_candidate
470b,data/raw/v2/ceymo/train/extracted/train/images/470b.jpg,data/raw/v2/ceymo/train/extracted/train/bbox_annotations/470b.xml,PC,PC:1,1,road_marking:1,yes,86d51d11dd03f50687b7c2d7658c789ea9bcfd867a2b8dc48072f579db1cce0b,,unique,audited_source_training_record,pre_split_source_candidate
471,data/raw/v2/ceymo/train/extracted/train/images/471.jpg,data/raw/v2/ceymo/train/extracted/train/bbox_annotations/471.xml,PC,PC:1,1,road_marking:1,yes,05d714ffde7a22f01c8063580dd2a08f38c2162a0b655836c40a47a282634aae,,unique,audited_source_training_record,pre_split_source_candidate
472,data/raw/v2/ceymo/train/extracted/train/images/472.jpg,data/raw/v2/ceymo/train/extracted/train/bbox_annotations/472.xml,DM,DM:3,3,road_marking:3,yes,9367fdbe6705567801ab16f90d66bf370b254c85cda9e2fb38f24908b9de5410,,unique,audited_source_training_record,pre_split_source_candidate
473,data/raw/v2/ceymo/train/extracted/train/images/473.jpg,data/raw/v2/ceymo/train/extracted/train/bbox_annotations/473.xml,PC,PC:1,1,road_marking:1,yes,50df814e48cb5ab533e89d6bbce0256df4821f5101b71f657398ca51c24b513c,,unique,audited_source_training_record,pre_split_source_candidate
473a,data/raw/v2/ceymo/train/extracted/train/images/473a.jpg,data/raw/v2/ceymo/train/extracted/train/bbox_annotations/473a.xml,PC,PC:1,1,road_marking:1,yes,febdb854b26e6118895c2aca7dbbff894f6afff6c7a2f40bd0eac9b6c6bb9bc5,,unique,audited_source_training_record,pre_split_source_candidate
474,data/raw/v2/ceymo/train/extracted/train/images/474.jpg,data/raw/v2/ceymo/train/extracted/train/bbox_annotations/474.xml,DM,DM:3,3,road_marking:3,yes,117fbc2ae797a7031f8235ee1e34ec0d1b95a8644d19d2a7cb0e4f26a145c8f9,,unique,audited_source_training_record,pre_split_source_candidate
475,data/raw/v2/ceymo/train/extracted/train/images/475.jpg,data/raw/v2/ceymo/train/extracted/train/bbox_annotations/475.xml,PC,PC:1,1,road_marking:1,yes,4b7c83301f89fa0f2f09387657d33271f16308f10dc6ef2f9ef6e7a907d3eedf,,unique,audited_source_training_record,pre_split_source_candidate
476,data/raw/v2/ceymo/train/extracted/train/images/476.jpg,data/raw/v2/ceymo/train/extracted/train/bbox_annotations/476.xml,LA;SA,LA:1;SA:2,3,road_marking:3,yes,1a3e1c9193bd5e33a2fe735411f8b85a3333cd0cb0c6611fcc854f2f04f36a69,,unique,audited_source_training_record,pre_split_source_candidate
476a,data/raw/v2/ceymo/train/extracted/train/images/476a.jpg,data/raw/v2/ceymo/train/extracted/train/bbox_annotations/476a.xml,LA;SA,LA:1;SA:2,3,road_marking:3,yes,d9a2a42bd2652b394cfeb7216a6bde741d4f5140a0cd881934bb2afa134be690,,unique,audited_source_training_record,pre_split_source_candidate
476b,data/raw/v2/ceymo/train/extracted/train/images/476b.jpg,data/raw/v2/ceymo/train/extracted/train/bbox_annotations/476b.xml,LA;SA,LA:1;SA:3,4,road_marking:4,yes,55568a3403a0720e698d240aaabb4280f008c66ed96c107aea05cbfe302cf48a,,unique,audited_source_training_record,pre_split_source_candidate
477,data/raw/v2/ceymo/train/extracted/train/images/477.jpg,data/raw/v2/ceymo/train/extracted/train/bbox_annotations/477.xml,LA;SA;SRA,LA:1;SA:1;SRA:1,3,road_marking:3,yes,29eec07cf55f02fe7b9c8481946384365ab0faec496022b97fa9ed0e9580248d,,unique,audited_source_training_record,pre_split_source_candidate
477a,data/raw/v2/ceymo/train/extracted/train/images/477a.jpg,data/raw/v2/ceymo/train/extracted/train/bbox_annotations/477a.xml,LA;SA;SRA,LA:1;SA:1;SRA:1,3,road_marking:3,yes,6f61faa8074f2a854a18d6067711282f2d039e8f3a5aeb779492cccd3d78333c,,unique,audited_source_training_record,pre_split_source_candidate
477b,data/raw/v2/ceymo/train/extracted/train/images/477b.jpg,data/raw/v2/ceymo/train/extracted/train/bbox_annotations/477b.xml,LA;SA;SRA,LA:1;SA:1;SRA:1,3,road_marking:3,yes,f6a47bb2bd6b5230c21c9cbd850cc2b7fb5f9f17ac03066e79d400c907faff5d,,unique,audited_source_training_record,pre_split_source_candidate
477c,data/raw/v2/ceymo/train/extracted/train/images/477c.jpg,data/raw/v2/ceymo/train/extracted/train/bbox_annotations/477c.xml,LA;SA;SRA,LA:1;SA:1;SRA:1,3,road_marking:3,yes,d559e43cb34c5a1a0fc811224ae1333b8729aa820ae2477d6b4a3876d96d0552,,unique,audited_source_training_record,pre_split_source_candidate
478,data/raw/v2/ceymo/train/extracted/train/images/478.jpg,data/raw/v2/ceymo/train/extracted/train/bbox_annotations/478.xml,LA;SA;SRA,LA:1;SA:1;SRA:1,3,road_marking:3,yes,88a15884b45663d339ee4039175f2df79ea4219c27216379215daea0dcde680a,,unique,audited_source_training_record,pre_split_source_candidate
478a,data/raw/v2/ceymo/train/extracted/train/images/478a.jpg,data/raw/v2/ceymo/train/extracted/train/bbox_annotations/478a.xml,LA;SA;SRA,LA:1;SA:1;SRA:1,3,road_marking:3,yes,7cad3d81a3c5d757de4c8c8f7339d0d19a7d94a2d43ba8d1d26dd2c2862dab78,,unique,audited_source_training_record,pre_split_source_candidate
478b,data/raw/v2/ceymo/train/extracted/train/images/478b.jpg,data/raw/v2/ceymo/train/extracted/train/bbox_annotations/478b.xml,LA;SA;SRA,LA:1;SA:1;SRA:1,3,road_marking:3,yes,001c2ae1bc52cc12b2c40d8972f17e43bf29fdc833c434fb4d45fe74728bc2c8,,unique,audited_source_training_record,pre_split_source_candidate
479,data/raw/v2/ceymo/train/extracted/train/images/479.jpg,data/raw/v2/ceymo/train/extracted/train/bbox_annotations/479.xml,JB,JB:1,1,road_marking:1,yes,3f76f918309afb1ffd967ac10d44470fd7a55449f4adb4f5039f8b9f7042629f,,unique,audited_source_training_record,pre_split_source_candidate
479a,data/raw/v2/ceymo/train/extracted/train/images/479a.jpg,data/raw/v2/ceymo/train/extracted/train/bbox_annotations/479a.xml,JB,JB:1,1,road_marking:1,yes,016dd27f7854c12df53c943a4d8d7fa6546792fde1b8b16e6d90efe3eea21775,,unique,audited_source_training_record,pre_split_source_candidate
479b,data/raw/v2/ceymo/train/extracted/train/images/479b.jpg,data/raw/v2/ceymo/train/extracted/train/bbox_annotations/479b.xml,JB,JB:1,1,road_marking:1,yes,ad023ded004f8107751d16fa2c43d2f8fc04ebc90f12c13f16d638c55e764d4c,,unique,audited_source_training_record,pre_split_source_candidate
480,data/raw/v2/ceymo/train/extracted/train/images/480.jpg,data/raw/v2/ceymo/train/extracted/train/bbox_annotations/480.xml,DM,DM:3,3,road_marking:3,yes,8b8c4c94c85da1ff84a7ff88f3864f367d8383e283723ed8f36be74f361ef7e4,,unique,audited_source_training_record,pre_split_source_candidate
481,data/raw/v2/ceymo/train/extracted/train/images/481.jpg,data/raw/v2/ceymo/train/extracted/train/bbox_annotations/481.xml,PC,PC:1,1,road_marking:1,yes,922990cbd69a12f123d10a460720c7d5f76cd470df150a61b1f9a5b50dc91f72,,unique,audited_source_training_record,pre_split_source_candidate
481a,data/raw/v2/ceymo/train/extracted/train/images/481a.jpg,data/raw/v2/ceymo/train/extracted/train/bbox_annotations/481a.xml,PC,PC:1,1,road_marking:1,yes,bcc5ae719d628021d0e93e07c12bd943c9ebd29c228f8bdea9864aa94207f4ad,,unique,audited_source_training_record,pre_split_source_candidate
481b,data/raw/v2/ceymo/train/extracted/train/images/481b.jpg,data/raw/v2/ceymo/train/extracted/train/bbox_annotations/481b.xml,PC,PC:1,1,road_marking:1,yes,0f6b6c4e5eb75271aaf7e395c2b9c3007dc3b9c07df1a8fedde35208d0fb2364,,unique,audited_source_training_record,pre_split_source_candidate
482,data/raw/v2/ceymo/train/extracted/train/images/482.jpg,data/raw/v2/ceymo/train/extracted/train/bbox_annotations/482.xml,PC,PC:1,1,road_marking:1,yes,fdfcf938b27504801b5469df849d2cd708030a72c464098a1ae413364ec3e704,,unique,audited_source_training_record,pre_split_source_candidate
483,data/raw/v2/ceymo/train/extracted/train/images/483.jpg,data/raw/v2/ceymo/train/extracted/train/bbox_annotations/483.xml,PC,PC:1,1,road_marking:1,yes,b15b06669104e95cb3dbbd512e33648a16f8420ac7e1ec5156dc08fd6eda5ba9,,unique,audited_source_training_record,pre_split_source_candidate
483a,data/raw/v2/ceymo/train/extracted/train/images/483a.jpg,data/raw/v2/ceymo/train/extracted/train/bbox_annotations/483a.xml,PC,PC:1,1,road_marking:1,yes,b73dd2c004446bf23e94151195101f10deda6353dbb9da695ea955b13e24bf02,,unique,audited_source_training_record,pre_split_source_candidate
483b,data/raw/v2/ceymo/train/extracted/train/images/483b.jpg,data/raw/v2/ceymo/train/extracted/train/bbox_annotations/483b.xml,PC,PC:1,1,road_marking:1,yes,8edef7e202735ea9b005e477e1ae1cb90cf86361d09d47db1ba81158b66add1f,,unique,audited_source_training_record,pre_split_source_candidate
484,data/raw/v2/ceymo/train/extracted/train/images/484.jpg,data/raw/v2/ceymo/train/extracted/train/bbox_annotations/484.xml,SL,SL:1,1,road_marking:1,yes,a68851c48f60e83c0ead8af1d3ae35918489af41d9c20802f568c09f87f4516f,,unique,audited_source_training_record,pre_split_source_candidate
484a,data/raw/v2/ceymo/train/extracted/train/images/484a.jpg,data/raw/v2/ceymo/train/extracted/train/bbox_annotations/484a.xml,SL,SL:1,1,road_marking:1,yes,6af0a4d9b9d58215e63c524959f06ad4dc0903415da6227856717d3ab703b8ed,,unique,audited_source_training_record,pre_split_source_candidate
484b,data/raw/v2/ceymo/train/extracted/train/images/484b.jpg,data/raw/v2/ceymo/train/extracted/train/bbox_annotations/484b.xml,SL,SL:1,1,road_marking:1,yes,2fa957da28c85ed5ce1ec07b727ec67e12b42ef7a78f10fd3e69fa6d2fc1398c,,unique,audited_source_training_record,pre_split_source_candidate
484c,data/raw/v2/ceymo/train/extracted/train/images/484c.jpg,data/raw/v2/ceymo/train/extracted/train/bbox_annotations/484c.xml,SL,SL:1,1,road_marking:1,yes,3f6da8eccf5f6696f255a6055b7614e1c7143a8c8a05ecc96810e78793415f5c,,unique,audited_source_training_record,pre_split_source_candidate
484d,data/raw/v2/ceymo/train/extracted/train/images/484d.jpg,data/raw/v2/ceymo/train/extracted/train/bbox_annotations/484d.xml,SL,SL:1,1,road_marking:1,yes,b9678d413a87d7c3ee60f455a2ccb14d81c2be0fe818d75b369a395b1441ef99,,unique,audited_source_training_record,pre_split_source_candidate
485,data/raw/v2/ceymo/train/extracted/train/images/485.jpg,data/raw/v2/ceymo/train/extracted/train/bbox_annotations/485.xml,SL,SL:1,1,road_marking:1,yes,a343a44c1daf9b5e734bdd6a9ea2ec5eaa68e4330967ef2eadbff4cca4af6330,,unique,audited_source_training_record,pre_split_source_candidate
485a,data/raw/v2/ceymo/train/extracted/train/images/485a.jpg,data/raw/v2/ceymo/train/extracted/train/bbox_annotations/485a.xml,SL,SL:1,1,road_marking:1,yes,9698fd3ff539ce8b1790b720033486ef2fc30086a086b954b14b7f3a25b83025,,unique,audited_source_training_record,pre_split_source_candidate
485b,data/raw/v2/ceymo/train/extracted/train/images/485b.jpg,data/raw/v2/ceymo/train/extracted/train/bbox_annotations/485b.xml,SL,SL:1,1,road_marking:1,yes,fe22bd64b6285c47553107e227a4b70ef15bc68261af76f2c8d73f53402ecd75,,unique,audited_source_training_record,pre_split_source_candidate
485c,data/raw/v2/ceymo/train/extracted/train/images/485c.jpg,data/raw/v2/ceymo/train/extracted/train/bbox_annotations/485c.xml,SL,SL:1,1,road_marking:1,yes,fa95472462490247c22d70d75d55607cd88327667ff176a2de48d1c0b34a20f4,,unique,audited_source_training_record,pre_split_source_candidate
485d,data/raw/v2/ceymo/train/extracted/train/images/485d.jpg,data/raw/v2/ceymo/train/extracted/train/bbox_annotations/485d.xml,SL,SL:1,1,road_marking:1,yes,afd4e1c9731e0c789e5b5915d5b70d9054348da5c7932e0cd0cff49b6f5d7901,,unique,audited_source_training_record,pre_split_source_candidate
486,data/raw/v2/ceymo/train/extracted/train/images/486.jpg,data/raw/v2/ceymo/train/extracted/train/bbox_annotations/486.xml,SL,SL:1,1,road_marking:1,yes,47fd7989a794fef27859808861da0a64f8c607b120c4c7b21743438c65e80796,,unique,audited_source_training_record,pre_split_source_candidate
486a,data/raw/v2/ceymo/train/extracted/train/images/486a.jpg,data/raw/v2/ceymo/train/extracted/train/bbox_annotations/486a.xml,SL,SL:1,1,road_marking:1,yes,f99120464311eaff8c007a28b76e4f4da13cc4625330b984095f425bda210f3c,,unique,audited_source_training_record,pre_split_source_candidate
486b,data/raw/v2/ceymo/train/extracted/train/images/486b.jpg,data/raw/v2/ceymo/train/extracted/train/bbox_annotations/486b.xml,SL,SL:1,1,road_marking:1,yes,1bc55cc712ce5c5fc8a4b31cabc6f6980dca13ed186746ecf8c707c9deb32dee,,unique,audited_source_training_record,pre_split_source_candidate
487,data/raw/v2/ceymo/train/extracted/train/images/487.jpg,data/raw/v2/ceymo/train/extracted/train/bbox_annotations/487.xml,LA,LA:1,1,road_marking:1,yes,8173e2c320d562a82be067d77430a2c6e8e0377251bc753ac3b013449baaf051,,unique,audited_source_training_record,pre_split_source_candidate
487a,data/raw/v2/ceymo/train/extracted/train/images/487a.jpg,data/raw/v2/ceymo/train/extracted/train/bbox_annotations/487a.xml,LA,LA:1,1,road_marking:1,yes,6b391c62cdcfdcbe9043d9de3d0c96ca60bf00d8da360f7625debe33f8958897,,unique,audited_source_training_record,pre_split_source_candidate
487b,data/raw/v2/ceymo/train/extracted/train/images/487b.jpg,data/raw/v2/ceymo/train/extracted/train/bbox_annotations/487b.xml,LA,LA:1,1,road_marking:1,yes,0b5f0b761db7fa630ebdd5b6cfda8b8e3923b855637bb7ebffcd0ebd23e952c8,,unique,audited_source_training_record,pre_split_source_candidate
487c,data/raw/v2/ceymo/train/extracted/train/images/487c.jpg,data/raw/v2/ceymo/train/extracted/train/bbox_annotations/487c.xml,LA;SRA,LA:1;SRA:1,2,road_marking:2,yes,ef2c8abbcd1387c189d667d89f6c41a4a1646d72a3ac5d1b1e50414476ce6e23,,unique,audited_source_training_record,pre_split_source_candidate
488,data/raw/v2/ceymo/train/extracted/train/images/488.jpg,data/raw/v2/ceymo/train/extracted/train/bbox_annotations/488.xml,RA;SA,RA:1;SA:2,3,road_marking:3,yes,d5bfd0a88cd8d50c46ebfba61ffc1b2ba572b7ed2d1ee3ba8bf17724cd028f0f,,unique,audited_source_training_record,pre_split_source_candidate
488a,data/raw/v2/ceymo/train/extracted/train/images/488a.jpg,data/raw/v2/ceymo/train/extracted/train/bbox_annotations/488a.xml,RA;SA,RA:1;SA:2,3,road_marking:3,yes,ed51db6908965b0648e9337e80b92e832c3253d82fa3ac63be0aa1a524dd3dbb,,unique,audited_source_training_record,pre_split_source_candidate
489,data/raw/v2/ceymo/train/extracted/train/images/489.jpg,data/raw/v2/ceymo/train/extracted/train/bbox_annotations/489.xml,RA;SA,RA:1;SA:2,3,road_marking:3,yes,47224d58fec86ecd216e3151c5ae35c18f5e0b8f5d7db24d101acb928200d8a4,,unique,audited_source_training_record,pre_split_source_candidate
489a,data/raw/v2/ceymo/train/extracted/train/images/489a.jpg,data/raw/v2/ceymo/train/extracted/train/bbox_annotations/489a.xml,RA;SA,RA:1;SA:1,2,road_marking:2,yes,f64afea765a32010dee1760394c6121bb4a7ea0c4ec9f1cb7b71f73f4b7cc35b,,unique,audited_source_training_record,pre_split_source_candidate
489b,data/raw/v2/ceymo/train/extracted/train/images/489b.jpg,data/raw/v2/ceymo/train/extracted/train/bbox_annotations/489b.xml,RA;SA,RA:1;SA:2,3,road_marking:3,yes,a9ae965155a00e6faa31aa3da9e67dec9981fc9de77659c9f9def57000ac1331,,unique,audited_source_training_record,pre_split_source_candidate
489c,data/raw/v2/ceymo/train/extracted/train/images/489c.jpg,data/raw/v2/ceymo/train/extracted/train/bbox_annotations/489c.xml,RA;SA,RA:1;SA:2,3,road_marking:3,yes,d94fe76099bc6326966af5fa3bb6a271669c6e6289583243af758aad46f82ffe,,unique,audited_source_training_record,pre_split_source_candidate
489d,data/raw/v2/ceymo/train/extracted/train/images/489d.jpg,data/raw/v2/ceymo/train/extracted/train/bbox_annotations/489d.xml,RA;SA,RA:1;SA:2,3,road_marking:3,yes,d8f9ceb874548c10d54fc0f1ca64fcefef87d3a64b76e63948cce7e736e79662,,unique,audited_source_training_record,pre_split_source_candidate
4a,data/raw/v2/ceymo/train/extracted/train/images/4a.jpg,data/raw/v2/ceymo/train/extracted/train/bbox_annotations/4a.xml,SA,SA:1,1,road_marking:1,yes,37b4f8599e9ddbbc314919f610f0a2f5de69a1315fccc1b97d0dfbcc5a36baac,,unique,audited_source_training_record,pre_split_source_candidate
4b,data/raw/v2/ceymo/train/extracted/train/images/4b.jpg,data/raw/v2/ceymo/train/extracted/train/bbox_annotations/4b.xml,SA,SA:1,1,road_marking:1,yes,e9233b1991cb040d9258448aa52d0cea78ba6cd91af0aaf7790f9bfe0b8d4d06,,unique,audited_source_training_record,pre_split_source_candidate
4c,data/raw/v2/ceymo/train/extracted/train/images/4c.jpg,data/raw/v2/ceymo/train/extracted/train/bbox_annotations/4c.xml,SA,SA:1,1,road_marking:1,yes,de56b196bfb9f9e71150ca0c157775b67bbdd57b74dfe5f163b9c09d7d35e480,,unique,audited_source_training_record,pre_split_source_candidate
5,data/raw/v2/ceymo/train/extracted/train/images/5.jpg,data/raw/v2/ceymo/train/extracted/train/bbox_annotations/5.xml,DM,DM:2,2,road_marking:2,yes,1eeeddc760b2878ceda4125c44c0030dd105a29f223ec6341a1103fa6746fe36,,unique,audited_source_training_record,pre_split_source_candidate
50,data/raw/v2/ceymo/train/extracted/train/images/50.jpg,data/raw/v2/ceymo/train/extracted/train/bbox_annotations/50.xml,DM,DM:2,2,road_marking:2,yes,574aa73f0804a5085e4297e71c66425b71a63528779dcb9d798adfcd58d8357b,,unique,audited_source_training_record,pre_split_source_candidate
500,data/raw/v2/ceymo/train/extracted/train/images/500.jpg,data/raw/v2/ceymo/train/extracted/train/bbox_annotations/500.xml,SA;SLA,SA:1;SLA:1,2,road_marking:2,yes,3d24df599c586394db7d0b62bb42a853650448f57f87266797c6eb5178b6f68f,,unique,audited_source_training_record,pre_split_source_candidate
500a,data/raw/v2/ceymo/train/extracted/train/images/500a.jpg,data/raw/v2/ceymo/train/extracted/train/bbox_annotations/500a.xml,SA;SLA,SA:1;SLA:1,2,road_marking:2,yes,c5f0788a69f8db5839fd952c4ade9785279e0386604194f854d0510a07e30777,,unique,audited_source_training_record,pre_split_source_candidate
500b,data/raw/v2/ceymo/train/extracted/train/images/500b.jpg,data/raw/v2/ceymo/train/extracted/train/bbox_annotations/500b.xml,SA;SLA,SA:1;SLA:1,2,road_marking:2,yes,4f1427ae790aeade5d986a6d10882634c3eac99d256e35fe5e4bbe9fbc4fa48e,,unique,audited_source_training_record,pre_split_source_candidate
500c,data/raw/v2/ceymo/train/extracted/train/images/500c.jpg,data/raw/v2/ceymo/train/extracted/train/bbox_annotations/500c.xml,SA;SLA,SA:1;SLA:1,2,road_marking:2,yes,c6d0cb36ff12ce91a893805af460c2d19ca2c2866b356938ae9c38cf3d685489,,unique,audited_source_training_record,pre_split_source_candidate
500d,data/raw/v2/ceymo/train/extracted/train/images/500d.jpg,data/raw/v2/ceymo/train/extracted/train/bbox_annotations/500d.xml,SA;SLA,SA:1;SLA:1,2,road_marking:2,yes,e2724d7802e62ad0bedbcd1c79701b3b4375ce732ea3730fb4df7490de49a617,,unique,audited_source_training_record,pre_split_source_candidate
501,data/raw/v2/ceymo/train/extracted/train/images/501.jpg,data/raw/v2/ceymo/train/extracted/train/bbox_annotations/501.xml,SA;SLA,SA:1;SLA:1,2,road_marking:2,yes,31f99cac1f6263b9225bf1b4127edde5d9c4084b8049b8c01b9fc7ebd8da1478,,unique,audited_source_training_record,pre_split_source_candidate
501a,data/raw/v2/ceymo/train/extracted/train/images/501a.jpg,data/raw/v2/ceymo/train/extracted/train/bbox_annotations/501a.xml,SA;SLA,SA:1;SLA:1,2,road_marking:2,yes,5b187b36e371693c0a3c59ec920e6dd739d37e0154c84884e768b33a8b71e440,,unique,audited_source_training_record,pre_split_source_candidate
501b,data/raw/v2/ceymo/train/extracted/train/images/501b.jpg,data/raw/v2/ceymo/train/extracted/train/bbox_annotations/501b.xml,SA;SLA,SA:1;SLA:1,2,road_marking:2,yes,0474a348fbb02312823c46ee0e5caa6ba24cda2848c9c39bef17f6724769bff6,,unique,audited_source_training_record,pre_split_source_candidate
501c,data/raw/v2/ceymo/train/extracted/train/images/501c.jpg,data/raw/v2/ceymo/train/extracted/train/bbox_annotations/501c.xml,SA;SLA,SA:1;SLA:1,2,road_marking:2,yes,e92260d272c312ea48c4be42e7496cf342820320dd503f428861a0c44afe6aae,,unique,audited_source_training_record,pre_split_source_candidate
501d,data/raw/v2/ceymo/train/extracted/train/images/501d.jpg,data/raw/v2/ceymo/train/extracted/train/bbox_annotations/501d.xml,SA;SLA,SA:1;SLA:1,2,road_marking:2,yes,baf931b7701cbd429a2fed23a97acb0bcbc67cb5a0b06ac5c911bbc08614cbda,,unique,audited_source_training_record,pre_split_source_candidate
502,data/raw/v2/ceymo/train/extracted/train/images/502.jpg,data/raw/v2/ceymo/train/extracted/train/bbox_annotations/502.xml,SA;SLA,SA:1;SLA:1,2,road_marking:2,yes,a779589a609727ec35d00b950746078b29b46d013f40e982fa5796d6c7c91921,,unique,audited_source_training_record,pre_split_source_candidate
502a,data/raw/v2/ceymo/train/extracted/train/images/502a.jpg,data/raw/v2/ceymo/train/extracted/train/bbox_annotations/502a.xml,SA;SLA,SA:1;SLA:1,2,road_marking:2,yes,b99b64f8fe97c03936d2b07b1741258202f4d700bbebb99cb56b8943fefe7b43,,unique,audited_source_training_record,pre_split_source_candidate
502b,data/raw/v2/ceymo/train/extracted/train/images/502b.jpg,data/raw/v2/ceymo/train/extracted/train/bbox_annotations/502b.xml,SA;SLA,SA:1;SLA:1,2,road_marking:2,yes,a87ba11601adc43e7a8f9f203d52401b1879bf60b86c45cd5b21d480b8bfe1f4,,unique,audited_source_training_record,pre_split_source_candidate
502c,data/raw/v2/ceymo/train/extracted/train/images/502c.jpg,data/raw/v2/ceymo/train/extracted/train/bbox_annotations/502c.xml,SA;SLA,SA:1;SLA:1,2,road_marking:2,yes,4782aa6aadb03d055dc50dec0840cee748d8e0b5ac3877a3a2a90fe10250b3de,,unique,audited_source_training_record,pre_split_source_candidate
502d,data/raw/v2/ceymo/train/extracted/train/images/502d.jpg,data/raw/v2/ceymo/train/extracted/train/bbox_annotations/502d.xml,SA;SLA,SA:1;SLA:1,2,road_marking:2,yes,92635f8069323edcfe26537c5964c51b0425876f34f2122692bd115242de2142,,unique,audited_source_training_record,pre_split_source_candidate
503,data/raw/v2/ceymo/train/extracted/train/images/503.jpg,data/raw/v2/ceymo/train/extracted/train/bbox_annotations/503.xml,SA;SLA,SA:1;SLA:1,2,road_marking:2,yes,f07bedda1f6efcda7a03dc2c1878904731b4a1644f7331671847762a79175240,,unique,audited_source_training_record,pre_split_source_candidate
503a,data/raw/v2/ceymo/train/extracted/train/images/503a.jpg,data/raw/v2/ceymo/train/extracted/train/bbox_annotations/503a.xml,SA;SLA,SA:1;SLA:1,2,road_marking:2,yes,9292fbc059d9f748ed1e5e5a755875ab3a9bbe6a575722b4cce7e6c356ef880a,,unique,audited_source_training_record,pre_split_source_candidate
503b,data/raw/v2/ceymo/train/extracted/train/images/503b.jpg,data/raw/v2/ceymo/train/extracted/train/bbox_annotations/503b.xml,SA;SLA,SA:1;SLA:1,2,road_marking:2,yes,f8a18059c9de9a5e01b0660accd69f497d8a448d06dd7363d93c89a7ec34e183,,unique,audited_source_training_record,pre_split_source_candidate
503c,data/raw/v2/ceymo/train/extracted/train/images/503c.jpg,data/raw/v2/ceymo/train/extracted/train/bbox_annotations/503c.xml,SA;SLA,SA:1;SLA:1,2,road_marking:2,yes,7153645230bbfd4474d8a036f92f8ac2608ff34edb6bda9652d5765a842c8c4d,,unique,audited_source_training_record,pre_split_source_candidate
503d,data/raw/v2/ceymo/train/extracted/train/images/503d.jpg,data/raw/v2/ceymo/train/extracted/train/bbox_annotations/503d.xml,SA;SLA,SA:1;SLA:1,2,road_marking:2,yes,ebbbb81947efece4b97f3e3b9afe8376151d25939980b2e2a4319c66913dd4e9,,unique,audited_source_training_record,pre_split_source_candidate
504,data/raw/v2/ceymo/train/extracted/train/images/504.jpg,data/raw/v2/ceymo/train/extracted/train/bbox_annotations/504.xml,SLA,SLA:1,1,road_marking:1,yes,2e10c72519351c8f0ccadf2a610f367c5af6f9acdc485ebb5519d21588754e96,,unique,audited_source_training_record,pre_split_source_candidate
504a,data/raw/v2/ceymo/train/extracted/train/images/504a.jpg,data/raw/v2/ceymo/train/extracted/train/bbox_annotations/504a.xml,SLA,SLA:1,1,road_marking:1,yes,80d871514224ad3057e5bac4f8494a643860f9cb11de70e5592783e5ff05b484,,unique,audited_source_training_record,pre_split_source_candidate
504b,data/raw/v2/ceymo/train/extracted/train/images/504b.jpg,data/raw/v2/ceymo/train/extracted/train/bbox_annotations/504b.xml,SLA,SLA:1,1,road_marking:1,yes,fd42b56f190650c8aab079eb09004a29be2e69b11e74140bf3ed34de3bf171e5,,unique,audited_source_training_record,pre_split_source_candidate
504c,data/raw/v2/ceymo/train/extracted/train/images/504c.jpg,data/raw/v2/ceymo/train/extracted/train/bbox_annotations/504c.xml,SLA,SLA:1,1,road_marking:1,yes,1021cba6327201b7bbeb9cc025732d91feb1823e7803235bf4716e53e8dd6564,,unique,audited_source_training_record,pre_split_source_candidate
504d,data/raw/v2/ceymo/train/extracted/train/images/504d.jpg,data/raw/v2/ceymo/train/extracted/train/bbox_annotations/504d.xml,SLA,SLA:1,1,road_marking:1,yes,9e71b7b49a8414a2682f4da8f7fe9c6776ca9cff8d191bc19269f74380a6dfab,,unique,audited_source_training_record,pre_split_source_candidate
505,data/raw/v2/ceymo/train/extracted/train/images/505.jpg,data/raw/v2/ceymo/train/extracted/train/bbox_annotations/505.xml,SL,SL:2,2,road_marking:2,yes,e7050988d9ee8f41b2ceb38328dd2ddf8515cf3d868bf8e0f6d4479f527e8f47,,unique,audited_source_training_record,pre_split_source_candidate
505a,data/raw/v2/ceymo/train/extracted/train/images/505a.jpg,data/raw/v2/ceymo/train/extracted/train/bbox_annotations/505a.xml,SL,SL:2,2,road_marking:2,yes,fc9cd73a35650a4ede50167e8139704451bd9e180442ebaabdee7a0e5ac1bfb6,,unique,audited_source_training_record,pre_split_source_candidate
505b,data/raw/v2/ceymo/train/extracted/train/images/505b.jpg,data/raw/v2/ceymo/train/extracted/train/bbox_annotations/505b.xml,SL,SL:2,2,road_marking:2,yes,3af39e11e9c5dd077c7f0534b26dc7853eadf906fb30c0feb52f32ef223123d1,,unique,audited_source_training_record,pre_split_source_candidate
505c,data/raw/v2/ceymo/train/extracted/train/images/505c.jpg,data/raw/v2/ceymo/train/extracted/train/bbox_annotations/505c.xml,SL,SL:2,2,road_marking:2,yes,8ef7ead8de0a46ec579d782c454a6e1a37e3db31972f03d16c7ee97c19fb4c91,,unique,audited_source_training_record,pre_split_source_candidate
505d,data/raw/v2/ceymo/train/extracted/train/images/505d.jpg,data/raw/v2/ceymo/train/extracted/train/bbox_annotations/505d.xml,SL,SL:2,2,road_marking:2,yes,a6d0db9098b8ffe6f157515a170ded415a940f90af6d98b68044765a17d52371,,unique,audited_source_training_record,pre_split_source_candidate
505e,data/raw/v2/ceymo/train/extracted/train/images/505e.jpg,data/raw/v2/ceymo/train/extracted/train/bbox_annotations/505e.xml,SL,SL:2,2,road_marking:2,yes,dd25e408e4d69ff02b935a3585595fb823990728f278e13e0e789fc019263c6c,,unique,audited_source_training_record,pre_split_source_candidate
506,data/raw/v2/ceymo/train/extracted/train/images/506.jpg,data/raw/v2/ceymo/train/extracted/train/bbox_annotations/506.xml,PC,PC:1,1,road_marking:1,yes,841e703e8fb1020b07507eddcd204afd983749a4ef92226c9a29c73393672f6f,,unique,audited_source_training_record,pre_split_source_candidate
506a,data/raw/v2/ceymo/train/extracted/train/images/506a.jpg,data/raw/v2/ceymo/train/extracted/train/bbox_annotations/506a.xml,PC,PC:1,1,road_marking:1,yes,1724c50c73d4db9040156e2145ef7f19ba44f41877cef26a4442b98fbf7debcd,,unique,audited_source_training_record,pre_split_source_candidate
506b,data/raw/v2/ceymo/train/extracted/train/images/506b.jpg,data/raw/v2/ceymo/train/extracted/train/bbox_annotations/506b.xml,PC,PC:1,1,road_marking:1,yes,c0758c7d52e09b03b17b4acd37692ad3fb0ab373a54648e9e5d6e891331dc834,,unique,audited_source_training_record,pre_split_source_candidate
506c,data/raw/v2/ceymo/train/extracted/train/images/506c.jpg,data/raw/v2/ceymo/train/extracted/train/bbox_annotations/506c.xml,PC,PC:1,1,road_marking:1,yes,91f4eebc6021a970328321a48565f18c1f4b60455924c8d02b689d426ab2328a,,unique,audited_source_training_record,pre_split_source_candidate
507,data/raw/v2/ceymo/train/extracted/train/images/507.jpg,data/raw/v2/ceymo/train/extracted/train/bbox_annotations/507.xml,DM,DM:1,1,road_marking:1,yes,be5ca688f5cd24e491b1b894e05b15320057780bb8706939f19240720864cdbf,,unique,audited_source_training_record,pre_split_source_candidate
507a,data/raw/v2/ceymo/train/extracted/train/images/507a.jpg,data/raw/v2/ceymo/train/extracted/train/bbox_annotations/507a.xml,DM,DM:1,1,road_marking:1,yes,171ace9d7df3f2cc8c1bfce5f0fad7f788f738ef15c35cc9aaa5fee245e025e3,,unique,audited_source_training_record,pre_split_source_candidate
507b,data/raw/v2/ceymo/train/extracted/train/images/507b.jpg,data/raw/v2/ceymo/train/extracted/train/bbox_annotations/507b.xml,DM,DM:1,1,road_marking:1,yes,fb135aaf06ad475449d80d6201690af6200b78bae95d720b1d2401bcc3b5b87e,,unique,audited_source_training_record,pre_split_source_candidate
508,data/raw/v2/ceymo/train/extracted/train/images/508.jpg,data/raw/v2/ceymo/train/extracted/train/bbox_annotations/508.xml,PC,PC:1,1,road_marking:1,yes,157985a3ccc2fd50820cde6171a9b6f6d1d3253f7ebc8b17e7e7581a611a2947,,unique,audited_source_training_record,pre_split_source_candidate
508a,data/raw/v2/ceymo/train/extracted/train/images/508a.jpg,data/raw/v2/ceymo/train/extracted/train/bbox_annotations/508a.xml,PC,PC:1,1,road_marking:1,yes,9cb244b9c2c97a589d0647ec25718f0269b1e5abee1eda2c5fb48ea28bb975ca,,unique,audited_source_training_record,pre_split_source_candidate
508b,data/raw/v2/ceymo/train/extracted/train/images/508b.jpg,data/raw/v2/ceymo/train/extracted/train/bbox_annotations/508b.xml,PC,PC:1,1,road_marking:1,yes,4e594ec4fe1621ec17d9e1bdf3b792d608688e0c14f177df6d5ec73d4ffef281,,unique,audited_source_training_record,pre_split_source_candidate
508c,data/raw/v2/ceymo/train/extracted/train/images/508c.jpg,data/raw/v2/ceymo/train/extracted/train/bbox_annotations/508c.xml,PC,PC:1,1,road_marking:1,yes,1dc567f77cbb7ddf4edf0eb7dbef341ce1394b5c994f9d6913a8f79bca9d3353,,unique,audited_source_training_record,pre_split_source_candidate
509,data/raw/v2/ceymo/train/extracted/train/images/509.jpg,data/raw/v2/ceymo/train/extracted/train/bbox_annotations/509.xml,DM,DM:1,1,road_marking:1,yes,8f91634ae10de2f48d8cd386ee97a4740b84ebe3bba11d631f81d1337e84974b,,unique,audited_source_training_record,pre_split_source_candidate
509a,data/raw/v2/ceymo/train/extracted/train/images/509a.jpg,data/raw/v2/ceymo/train/extracted/train/bbox_annotations/509a.xml,DM,DM:1,1,road_marking:1,yes,0dde87e21a51cc478298d315ab1b15a8f31f6383a0ae8c975b12a2f82d5d14ee,,unique,audited_source_training_record,pre_split_source_candidate
509b,data/raw/v2/ceymo/train/extracted/train/images/509b.jpg,data/raw/v2/ceymo/train/extracted/train/bbox_annotations/509b.xml,DM,DM:1,1,road_marking:1,yes,09d4e5e445db8371ec06bb92f734954e493dbdf4e507b4d47663d5caf4aedb1c,,unique,audited_source_training_record,pre_split_source_candidate
50a,data/raw/v2/ceymo/train/extracted/train/images/50a.jpg,data/raw/v2/ceymo/train/extracted/train/bbox_annotations/50a.xml,DM,DM:2,2,road_marking:2,yes,54f56d70ee1753c4b5e74a5f9cce34d886df4b38bfa8b0f25808f808bb316367,,unique,audited_source_training_record,pre_split_source_candidate
50b,data/raw/v2/ceymo/train/extracted/train/images/50b.jpg,data/raw/v2/ceymo/train/extracted/train/bbox_annotations/50b.xml,DM,DM:2,2,road_marking:2,yes,7f912fbea819fe681605a19e54c42efaacbe57288a3d2c6c8a7e5d39d01790a5,,unique,audited_source_training_record,pre_split_source_candidate
51,data/raw/v2/ceymo/train/extracted/train/images/51.jpg,data/raw/v2/ceymo/train/extracted/train/bbox_annotations/51.xml,JB,JB:1,1,road_marking:1,yes,84e3eddb4a55ca4140b742be204a3eea761218cb6558b56245a66576315c225c,,unique,audited_source_training_record,pre_split_source_candidate
510,data/raw/v2/ceymo/train/extracted/train/images/510.jpg,data/raw/v2/ceymo/train/extracted/train/bbox_annotations/510.xml,PC,PC:1,1,road_marking:1,yes,3eca4622079eddaedc9f2aab6a7335fdff7fd2965004ff2dd4341f40301626a7,,unique,audited_source_training_record,pre_split_source_candidate
510a,data/raw/v2/ceymo/train/extracted/train/images/510a.jpg,data/raw/v2/ceymo/train/extracted/train/bbox_annotations/510a.xml,PC,PC:1,1,road_marking:1,yes,7be638e8ead8817c9e7ee29c32ba4713bde9cb5494bb4fc64d73e4b2d97f2848,,unique,audited_source_training_record,pre_split_source_candidate
510b,data/raw/v2/ceymo/train/extracted/train/images/510b.jpg,data/raw/v2/ceymo/train/extracted/train/bbox_annotations/510b.xml,PC,PC:1,1,road_marking:1,yes,a109a13805b9a36caca390c8d9a7d9ec2eb28fab5d08d23ee69ec73b3efa2abd,,unique,audited_source_training_record,pre_split_source_candidate
511,data/raw/v2/ceymo/train/extracted/train/images/511.jpg,data/raw/v2/ceymo/train/extracted/train/bbox_annotations/511.xml,DM,DM:1,1,road_marking:1,yes,9e8fd6170493178637a80a981a3d0d546891f753280a04fa636a14f0b7ef1e82,,unique,audited_source_training_record,pre_split_source_candidate
511a,data/raw/v2/ceymo/train/extracted/train/images/511a.jpg,data/raw/v2/ceymo/train/extracted/train/bbox_annotations/511a.xml,DM,DM:1,1,road_marking:1,yes,b12984275bce07d5d354ef952c5779c52a0a6738fe093235908ca44bcca37a14,,unique,audited_source_training_record,pre_split_source_candidate
511b,data/raw/v2/ceymo/train/extracted/train/images/511b.jpg,data/raw/v2/ceymo/train/extracted/train/bbox_annotations/511b.xml,DM,DM:1,1,road_marking:1,yes,b2056c0110ec2ead53a09d2edd554e9cd16a539071eb8dfc52495300409b5fca,,unique,audited_source_training_record,pre_split_source_candidate
512,data/raw/v2/ceymo/train/extracted/train/images/512.jpg,data/raw/v2/ceymo/train/extracted/train/bbox_annotations/512.xml,DM,DM:1,1,road_marking:1,yes,fbd3b3b75316397dc58e995e4cd9fbdf413986f6b135ea7ca0340a48552a1fc2,,unique,audited_source_training_record,pre_split_source_candidate
512a,data/raw/v2/ceymo/train/extracted/train/images/512a.jpg,data/raw/v2/ceymo/train/extracted/train/bbox_annotations/512a.xml,DM,DM:1,1,road_marking:1,yes,09edb382c335f0a8ce32a9c7a87849937e028deff7fae6140df94f3b9a65f3e3,,unique,audited_source_training_record,pre_split_source_candidate
512b,data/raw/v2/ceymo/train/extracted/train/images/512b.jpg,data/raw/v2/ceymo/train/extracted/train/bbox_annotations/512b.xml,DM,DM:1,1,road_marking:1,yes,c90d9122a4aa88ad3a91a683d6ed4d2268a82610b03f80252602a00c1196e105,,unique,audited_source_training_record,pre_split_source_candidate
513,data/raw/v2/ceymo/train/extracted/train/images/513.jpg,data/raw/v2/ceymo/train/extracted/train/bbox_annotations/513.xml,PC,PC:1,1,road_marking:1,yes,580549b941a9c36e55df8004754e5e24f281069c317d12ce3d32943cb10df58c,,unique,audited_source_training_record,pre_split_source_candidate
513a,data/raw/v2/ceymo/train/extracted/train/images/513a.jpg,data/raw/v2/ceymo/train/extracted/train/bbox_annotations/513a.xml,PC,PC:1,1,road_marking:1,yes,c8708039ba74f1e7abffd62791fef687becd0100b64e9416ec0da721796016bc,,unique,audited_source_training_record,pre_split_source_candidate
513b,data/raw/v2/ceymo/train/extracted/train/images/513b.jpg,data/raw/v2/ceymo/train/extracted/train/bbox_annotations/513b.xml,PC,PC:1,1,road_marking:1,yes,9559686de0d964bbddf10436325f98ccfc93ef8aa043870e2248a3c68e9bb743,,unique,audited_source_training_record,pre_split_source_candidate
514,data/raw/v2/ceymo/train/extracted/train/images/514.jpg,data/raw/v2/ceymo/train/extracted/train/bbox_annotations/514.xml,DM,DM:1,1,road_marking:1,yes,ee30a6db093838f7efba905b1bf152ec42927395d5f21e900d5a1d43f6867610,,unique,audited_source_training_record,pre_split_source_candidate
514a,data/raw/v2/ceymo/train/extracted/train/images/514a.jpg,data/raw/v2/ceymo/train/extracted/train/bbox_annotations/514a.xml,DM,DM:1,1,road_marking:1,yes,bdf7c7880a4ada2c5eab593123a85e3361c91b96c3b77f83ca64b37e6dec7a70,,unique,audited_source_training_record,pre_split_source_candidate
514b,data/raw/v2/ceymo/train/extracted/train/images/514b.jpg,data/raw/v2/ceymo/train/extracted/train/bbox_annotations/514b.xml,DM,DM:1,1,road_marking:1,yes,d8b47d05545272b4734ab7044b19283b75a34a41a73cfe31692ba19bb38a8d31,,unique,audited_source_training_record,pre_split_source_candidate
515,data/raw/v2/ceymo/train/extracted/train/images/515.jpg,data/raw/v2/ceymo/train/extracted/train/bbox_annotations/515.xml,PC,PC:1,1,road_marking:1,yes,18dd62c5b1019ba6cce964358566b34cd4b91d9f11e980173093cb6dd256174e,,unique,audited_source_training_record,pre_split_source_candidate
515a,data/raw/v2/ceymo/train/extracted/train/images/515a.jpg,data/raw/v2/ceymo/train/extracted/train/bbox_annotations/515a.xml,PC,PC:1,1,road_marking:1,yes,81262e3729fa3be677be24b4aa9714ed0a480eb668138b1c7dd3d5716b23275d,,unique,audited_source_training_record,pre_split_source_candidate
515b,data/raw/v2/ceymo/train/extracted/train/images/515b.jpg,data/raw/v2/ceymo/train/extracted/train/bbox_annotations/515b.xml,PC,PC:1,1,road_marking:1,yes,8bb7f1b0a4b3944b86edb17277063f5fd5c6e74886c55f75443d4709271d90ee,,unique,audited_source_training_record,pre_split_source_candidate
516,data/raw/v2/ceymo/train/extracted/train/images/516.jpg,data/raw/v2/ceymo/train/extracted/train/bbox_annotations/516.xml,DM,DM:1,1,road_marking:1,yes,8012335cfa47afe20db22e2d24ac5cc25d782c18f23f682aa58de520d82ca4ab,,unique,audited_source_training_record,pre_split_source_candidate
516a,data/raw/v2/ceymo/train/extracted/train/images/516a.jpg,data/raw/v2/ceymo/train/extracted/train/bbox_annotations/516a.xml,DM,DM:1,1,road_marking:1,yes,6bfb0ea9883dff2a41228bd9e138afb55553ae5aba083857c8c76dc9f2cb2d40,,unique,audited_source_training_record,pre_split_source_candidate
517,data/raw/v2/ceymo/train/extracted/train/images/517.jpg,data/raw/v2/ceymo/train/extracted/train/bbox_annotations/517.xml,PC,PC:1,1,road_marking:1,yes,4c2f042fc949aaeabd813ac5dbbb2051b737a51007cf24df40af8f0f6c1a4e86,,unique,audited_source_training_record,pre_split_source_candidate
517a,data/raw/v2/ceymo/train/extracted/train/images/517a.jpg,data/raw/v2/ceymo/train/extracted/train/bbox_annotations/517a.xml,PC,PC:1,1,road_marking:1,yes,f77b439234cc0509789b8c29ac9a9e7c08cadad2d8e45372307994588d10ac00,,unique,audited_source_training_record,pre_split_source_candidate
517b,data/raw/v2/ceymo/train/extracted/train/images/517b.jpg,data/raw/v2/ceymo/train/extracted/train/bbox_annotations/517b.xml,PC,PC:1,1,road_marking:1,yes,b5f687cdbaedf7012d72044408a0ab31257ca72971a53d5a5f0d746aca8ea680,,unique,audited_source_training_record,pre_split_source_candidate
518,data/raw/v2/ceymo/train/extracted/train/images/518.jpg,data/raw/v2/ceymo/train/extracted/train/bbox_annotations/518.xml,DM,DM:1,1,road_marking:1,yes,5ddcb2341d392bb0d16a7e87ef8988ff0fda18d98a1b21e9bfdd86eb31bfc9e7,,unique,audited_source_training_record,pre_split_source_candidate
518a,data/raw/v2/ceymo/train/extracted/train/images/518a.jpg,data/raw/v2/ceymo/train/extracted/train/bbox_annotations/518a.xml,DM,DM:1,1,road_marking:1,yes,684b9450b126478c107196f6f111f7d8eeed0b6b944e4c35031696cf3ed4cf8c,,unique,audited_source_training_record,pre_split_source_candidate
519,data/raw/v2/ceymo/train/extracted/train/images/519.jpg,data/raw/v2/ceymo/train/extracted/train/bbox_annotations/519.xml,DM,DM:1,1,road_marking:1,yes,0db7045b89937cf17299ca5a0d35607009fb65ec704f032c9a159de3b39094de,,unique,audited_source_training_record,pre_split_source_candidate
519a,data/raw/v2/ceymo/train/extracted/train/images/519a.jpg,data/raw/v2/ceymo/train/extracted/train/bbox_annotations/519a.xml,DM,DM:1,1,road_marking:1,yes,91059ad59c48bf34e4a69fe4a2538a448d5e6707e0b9b0927627f74f42a60386,,unique,audited_source_training_record,pre_split_source_candidate
51a,data/raw/v2/ceymo/train/extracted/train/images/51a.jpg,data/raw/v2/ceymo/train/extracted/train/bbox_annotations/51a.xml,JB,JB:1,1,road_marking:1,yes,a77de94a6ae3facc4599352e641ed6c5813e82682bd735fd15e349d3dc5fc706,,unique,audited_source_training_record,pre_split_source_candidate
51b,data/raw/v2/ceymo/train/extracted/train/images/51b.jpg,data/raw/v2/ceymo/train/extracted/train/bbox_annotations/51b.xml,JB,JB:1,1,road_marking:1,yes,69673dec4f4aefc555acb1aa33abfa143ff35a8e83ecc3f6d2d9069a78775127,,unique,audited_source_training_record,pre_split_source_candidate
52,data/raw/v2/ceymo/train/extracted/train/images/52.jpg,data/raw/v2/ceymo/train/extracted/train/bbox_annotations/52.xml,DM,DM:1,1,road_marking:1,yes,7aa41d40c6c23bda2450c7813d1815b96e0c3af659cc647805b80414aa7d1594,,unique,audited_source_training_record,pre_split_source_candidate
520,data/raw/v2/ceymo/train/extracted/train/images/520.jpg,data/raw/v2/ceymo/train/extracted/train/bbox_annotations/520.xml,PC,PC:1,1,road_marking:1,yes,f10c2dca087fc1ee1e32492efd1b0c0017d9be547b9a8f8b3a7d7ac871f9fa3f,,unique,audited_source_training_record,pre_split_source_candidate
520a,data/raw/v2/ceymo/train/extracted/train/images/520a.jpg,data/raw/v2/ceymo/train/extracted/train/bbox_annotations/520a.xml,PC,PC:1,1,road_marking:1,yes,8dc9c364638d25dd5dacd2424fb4490dcebeb8d9f1e1f5708b3a6c7885ba206a,,unique,audited_source_training_record,pre_split_source_candidate
520b,data/raw/v2/ceymo/train/extracted/train/images/520b.jpg,data/raw/v2/ceymo/train/extracted/train/bbox_annotations/520b.xml,PC,PC:1,1,road_marking:1,yes,8ba8f45b5ce1a0c68b48d0bffba6cb998d5fa13eae9a27adff7e5fcf854ac6e0,,unique,audited_source_training_record,pre_split_source_candidate
521,data/raw/v2/ceymo/train/extracted/train/images/521.jpg,data/raw/v2/ceymo/train/extracted/train/bbox_annotations/521.xml,DM,DM:1,1,road_marking:1,yes,0d9805c985bba015c2246116d22c4403f73387f892c02f35bd2f140be8309257,,unique,audited_source_training_record,pre_split_source_candidate
521a,data/raw/v2/ceymo/train/extracted/train/images/521a.jpg,data/raw/v2/ceymo/train/extracted/train/bbox_annotations/521a.xml,DM,DM:1,1,road_marking:1,yes,f02021e64ed6ff6dd0fdee2e26b56c7e9933780ad3c2b0897f4e8ea0e707fa10,,unique,audited_source_training_record,pre_split_source_candidate
522,data/raw/v2/ceymo/train/extracted/train/images/522.jpg,data/raw/v2/ceymo/train/extracted/train/bbox_annotations/522.xml,DM,DM:1,1,road_marking:1,yes,d50786a1603feb40bb88dd3ee693266e864faf2b545b2b0e5c78a77b456073ce,,unique,audited_source_training_record,pre_split_source_candidate
522a,data/raw/v2/ceymo/train/extracted/train/images/522a.jpg,data/raw/v2/ceymo/train/extracted/train/bbox_annotations/522a.xml,DM,DM:1,1,road_marking:1,yes,2cf175fee0efd3c058ad07c8d3f3059cc69899db6bd315aef8199ea4ebd353b2,,unique,audited_source_training_record,pre_split_source_candidate
522b,data/raw/v2/ceymo/train/extracted/train/images/522b.jpg,data/raw/v2/ceymo/train/extracted/train/bbox_annotations/522b.xml,DM,DM:1,1,road_marking:1,yes,b6f9422b12f05d67ea02733e8c797792d970526e8e50874fc915b5b09d277870,,unique,audited_source_training_record,pre_split_source_candidate
523,data/raw/v2/ceymo/train/extracted/train/images/523.jpg,data/raw/v2/ceymo/train/extracted/train/bbox_annotations/523.xml,DM,DM:1,1,road_marking:1,yes,7d5ff8d639e9425d796c075c50d095606d4138ffebf6de0570d88534f2c0c3f1,,unique,audited_source_training_record,pre_split_source_candidate
523a,data/raw/v2/ceymo/train/extracted/train/images/523a.jpg,data/raw/v2/ceymo/train/extracted/train/bbox_annotations/523a.xml,DM,DM:1,1,road_marking:1,yes,abf092dd33c00ef63870c14cf4a8ca06cf53be8a537c7700abc1b168a16316d2,,unique,audited_source_training_record,pre_split_source_candidate
523b,data/raw/v2/ceymo/train/extracted/train/images/523b.jpg,data/raw/v2/ceymo/train/extracted/train/bbox_annotations/523b.xml,DM,DM:1,1,road_marking:1,yes,b9ce98ba06d8453c6303da17fab3a9b48c8bb7e8088c59ea184ff4d8462de557,,unique,audited_source_training_record,pre_split_source_candidate
523c,data/raw/v2/ceymo/train/extracted/train/images/523c.jpg,data/raw/v2/ceymo/train/extracted/train/bbox_annotations/523c.xml,DM,DM:1,1,road_marking:1,yes,81514cbc2378380aab8c15a0e7b998ddc6254493d825a72948625cf200c9a6ef,,unique,audited_source_training_record,pre_split_source_candidate
525,data/raw/v2/ceymo/train/extracted/train/images/525.jpg,data/raw/v2/ceymo/train/extracted/train/bbox_annotations/525.xml,DM,DM:1,1,road_marking:1,yes,e8af108ba07785787dde0a5fdb174c714d65fb5e09071772d4c98320fde9c96b,,unique,audited_source_training_record,pre_split_source_candidate
525a,data/raw/v2/ceymo/train/extracted/train/images/525a.jpg,data/raw/v2/ceymo/train/extracted/train/bbox_annotations/525a.xml,DM,DM:1,1,road_marking:1,yes,29a90e3c5afb47ea79b4b43378eeb5563c8f35e347f0882af96199cc87405f47,,unique,audited_source_training_record,pre_split_source_candidate
527,data/raw/v2/ceymo/train/extracted/train/images/527.jpg,data/raw/v2/ceymo/train/extracted/train/bbox_annotations/527.xml,DM,DM:1,1,road_marking:1,yes,6a4d669f6e1313dd54b3a9c0b141d4d6c287a52a3ac2b0ece1902c9bce3ee7f7,,unique,audited_source_training_record,pre_split_source_candidate
527a,data/raw/v2/ceymo/train/extracted/train/images/527a.jpg,data/raw/v2/ceymo/train/extracted/train/bbox_annotations/527a.xml,DM,DM:1,1,road_marking:1,yes,9384067abf66a5b4656a17fd7507faa01e8b70ed505fd8425e6c48dee68c296e,,unique,audited_source_training_record,pre_split_source_candidate
527b,data/raw/v2/ceymo/train/extracted/train/images/527b.jpg,data/raw/v2/ceymo/train/extracted/train/bbox_annotations/527b.xml,DM,DM:1,1,road_marking:1,yes,bbcb77d7115ed7de9a6998042fdcaacd39ebb55e6f7721b44541cef9e30c738d,,unique,audited_source_training_record,pre_split_source_candidate
528,data/raw/v2/ceymo/train/extracted/train/images/528.jpg,data/raw/v2/ceymo/train/extracted/train/bbox_annotations/528.xml,PC,PC:1,1,road_marking:1,yes,588108a571232d88b1ff23068290f7219652931e1cede749b3b26fd64e1e09cd,,unique,audited_source_training_record,pre_split_source_candidate
528a,data/raw/v2/ceymo/train/extracted/train/images/528a.jpg,data/raw/v2/ceymo/train/extracted/train/bbox_annotations/528a.xml,PC,PC:1,1,road_marking:1,yes,d787420cf81f898a31e4dfa780f2663b9c30feb9f6f2e9170efdb15efef08378,,unique,audited_source_training_record,pre_split_source_candidate
529,data/raw/v2/ceymo/train/extracted/train/images/529.jpg,data/raw/v2/ceymo/train/extracted/train/bbox_annotations/529.xml,DM,DM:1,1,road_marking:1,yes,03809d7afd6ab5e44f2ebd45fc37b655e435fa7192ca024b478ec35aa345967c,,unique,audited_source_training_record,pre_split_source_candidate
529a,data/raw/v2/ceymo/train/extracted/train/images/529a.jpg,data/raw/v2/ceymo/train/extracted/train/bbox_annotations/529a.xml,DM,DM:1,1,road_marking:1,yes,af281db3dda9b112eb31120f9d81944b8219d57b9209b3eec582d8e140cfa758,,unique,audited_source_training_record,pre_split_source_candidate
52a,data/raw/v2/ceymo/train/extracted/train/images/52a.jpg,data/raw/v2/ceymo/train/extracted/train/bbox_annotations/52a.xml,DM,DM:1,1,road_marking:1,yes,582f471f4c0785b7626c1daf994eb0a92ce3841aa2e11000af41a37ead61a767,,unique,audited_source_training_record,pre_split_source_candidate
52b,data/raw/v2/ceymo/train/extracted/train/images/52b.jpg,data/raw/v2/ceymo/train/extracted/train/bbox_annotations/52b.xml,DM,DM:1,1,road_marking:1,yes,8a0102af1cc10e7d34df6591c69de76a0c020986805e73337b17fd31bfc87e9d,,unique,audited_source_training_record,pre_split_source_candidate
53,data/raw/v2/ceymo/train/extracted/train/images/53.jpg,data/raw/v2/ceymo/train/extracted/train/bbox_annotations/53.xml,PC,PC:1,1,road_marking:1,yes,d7ad9917056ba18600f909f1240d3ba1df4bc2fb72c7eb6a867597ca5781b235,,unique,audited_source_training_record,pre_split_source_candidate
530,data/raw/v2/ceymo/train/extracted/train/images/530.jpg,data/raw/v2/ceymo/train/extracted/train/bbox_annotations/530.xml,PC,PC:1,1,road_marking:1,yes,a643e254e90b592e09fee7dd6c87d4d28d70c8114fd5a71ec157a899409c7b35,,unique,audited_source_training_record,pre_split_source_candidate
530a,data/raw/v2/ceymo/train/extracted/train/images/530a.jpg,data/raw/v2/ceymo/train/extracted/train/bbox_annotations/530a.xml,PC,PC:1,1,road_marking:1,yes,62c157ee48d8e325c95f727de95e0875a5473c9da770f941d4d58b3ec112679c,,unique,audited_source_training_record,pre_split_source_candidate
530b,data/raw/v2/ceymo/train/extracted/train/images/530b.jpg,data/raw/v2/ceymo/train/extracted/train/bbox_annotations/530b.xml,PC,PC:1,1,road_marking:1,yes,e9932a9428dbbe167e66c0fcc8d2bc28f4a6e655aea82f59dff3133859a50fe8,,unique,audited_source_training_record,pre_split_source_candidate
531,data/raw/v2/ceymo/train/extracted/train/images/531.jpg,data/raw/v2/ceymo/train/extracted/train/bbox_annotations/531.xml,DM,DM:1,1,road_marking:1,yes,05bc38c389d6687b2a2492616e3104863395f572ed4c9a9287095d10a058292f,,unique,audited_source_training_record,pre_split_source_candidate
531a,data/raw/v2/ceymo/train/extracted/train/images/531a.jpg,data/raw/v2/ceymo/train/extracted/train/bbox_annotations/531a.xml,DM,DM:1,1,road_marking:1,yes,d3dc42d755dc1bb4bcaa0e43f6ca102cc9b4d02905b65f8161d7508ec3decead,,unique,audited_source_training_record,pre_split_source_candidate
532,data/raw/v2/ceymo/train/extracted/train/images/532.jpg,data/raw/v2/ceymo/train/extracted/train/bbox_annotations/532.xml,DM,DM:1,1,road_marking:1,yes,ed5bf5e8d0ad2f9556a1290b726f497216ea8ffa48108ef86aaa15867f4ea974,,unique,audited_source_training_record,pre_split_source_candidate
532a,data/raw/v2/ceymo/train/extracted/train/images/532a.jpg,data/raw/v2/ceymo/train/extracted/train/bbox_annotations/532a.xml,DM,DM:1,1,road_marking:1,yes,27a2c4c995ef655ceef8693c7a45093407109e97062d9661ce9ebe91735dd871,,unique,audited_source_training_record,pre_split_source_candidate
533,data/raw/v2/ceymo/train/extracted/train/images/533.jpg,data/raw/v2/ceymo/train/extracted/train/bbox_annotations/533.xml,DM,DM:1,1,road_marking:1,yes,9ce08eb2a999482f1f3aa367537458d003d5063b091b63a8ad69086c0c4448fa,,unique,audited_source_training_record,pre_split_source_candidate
533a,data/raw/v2/ceymo/train/extracted/train/images/533a.jpg,data/raw/v2/ceymo/train/extracted/train/bbox_annotations/533a.xml,DM,DM:1,1,road_marking:1,yes,ee634701472e710c821f9a3021e7f00b5903dca18dfbb04b0f403f85392a1e7b,,unique,audited_source_training_record,pre_split_source_candidate
533b,data/raw/v2/ceymo/train/extracted/train/images/533b.jpg,data/raw/v2/ceymo/train/extracted/train/bbox_annotations/533b.xml,DM,DM:1,1,road_marking:1,yes,23c4fd2942fe785569a9a7378cf701a2030181e179ed8e5a3a18dad687984c5b,,unique,audited_source_training_record,pre_split_source_candidate
534,data/raw/v2/ceymo/train/extracted/train/images/534.jpg,data/raw/v2/ceymo/train/extracted/train/bbox_annotations/534.xml,PC,PC:1,1,road_marking:1,yes,f3c3b7d60e831526c291a414171c71e9e105cbe5eb121a45ecb08684c9871eb2,,unique,audited_source_training_record,pre_split_source_candidate
534a,data/raw/v2/ceymo/train/extracted/train/images/534a.jpg,data/raw/v2/ceymo/train/extracted/train/bbox_annotations/534a.xml,PC,PC:1,1,road_marking:1,yes,2c752dfd9b7b653c57e7175a2e687f46233f7052e044493308946099217e1609,,unique,audited_source_training_record,pre_split_source_candidate
534b,data/raw/v2/ceymo/train/extracted/train/images/534b.jpg,data/raw/v2/ceymo/train/extracted/train/bbox_annotations/534b.xml,PC,PC:1,1,road_marking:1,yes,49a84437336b8ec5f61359c4093ea95c546dc1ea6e88bf87227abd876bd14d4a,,unique,audited_source_training_record,pre_split_source_candidate
535,data/raw/v2/ceymo/train/extracted/train/images/535.jpg,data/raw/v2/ceymo/train/extracted/train/bbox_annotations/535.xml,PC,PC:1,1,road_marking:1,yes,79c9da41190a4a358465d9cf0e1ed565ed246678fc9615546a1fe82b9f1d41ec,,unique,audited_source_training_record,pre_split_source_candidate
535a,data/raw/v2/ceymo/train/extracted/train/images/535a.jpg,data/raw/v2/ceymo/train/extracted/train/bbox_annotations/535a.xml,PC,PC:1,1,road_marking:1,yes,ebb8fb6ae21ac04e5bc70fba276dee20f9e23b237d33aac4203fc9deaad519ad,,unique,audited_source_training_record,pre_split_source_candidate
536,data/raw/v2/ceymo/train/extracted/train/images/536.jpg,data/raw/v2/ceymo/train/extracted/train/bbox_annotations/536.xml,PC,PC:1,1,road_marking:1,yes,37f14ecf8a223e3ba9032730651ae209a823869e34a523a7a9221aee5509758d,,unique,audited_source_training_record,pre_split_source_candidate
537a,data/raw/v2/ceymo/train/extracted/train/images/537a.jpg,data/raw/v2/ceymo/train/extracted/train/bbox_annotations/537a.xml,PC,PC:1,1,road_marking:1,yes,cd4ed770d3553d78985b88b0ecf83c333b2132951815dc6c623c3fd24ab997b3,,unique,audited_source_training_record,pre_split_source_candidate
538,data/raw/v2/ceymo/train/extracted/train/images/538.jpg,data/raw/v2/ceymo/train/extracted/train/bbox_annotations/538.xml,PC,PC:1,1,road_marking:1,yes,58611f83a4546bc59ab88bc74acd04e1135e7fb8cd37467e3a73a7db3c107d5c,,unique,audited_source_training_record,pre_split_source_candidate
538a,data/raw/v2/ceymo/train/extracted/train/images/538a.jpg,data/raw/v2/ceymo/train/extracted/train/bbox_annotations/538a.xml,PC,PC:1,1,road_marking:1,yes,1ed9f99836a5bfc04bd496a524e978c73e54f9bf585bfc0f96f1b8fcbb933f98,,unique,audited_source_training_record,pre_split_source_candidate
538b,data/raw/v2/ceymo/train/extracted/train/images/538b.jpg,data/raw/v2/ceymo/train/extracted/train/bbox_annotations/538b.xml,PC,PC:1,1,road_marking:1,yes,c5ef5add429d716a38a524635d87fabde06e0678088ad51261515da7ce2f0689,,unique,audited_source_training_record,pre_split_source_candidate
539,data/raw/v2/ceymo/train/extracted/train/images/539.jpg,data/raw/v2/ceymo/train/extracted/train/bbox_annotations/539.xml,PC,PC:1,1,road_marking:1,yes,135ec0f0671c87a78408023bb7a868f37b26ef5612f7bd858300c9075d257ff6,,unique,audited_source_training_record,pre_split_source_candidate
539a,data/raw/v2/ceymo/train/extracted/train/images/539a.jpg,data/raw/v2/ceymo/train/extracted/train/bbox_annotations/539a.xml,PC,PC:1,1,road_marking:1,yes,b5a9b4eb40a3d0cc212f4254f609a1a02a0ce6302916bb7da8d80deb18a29936,,unique,audited_source_training_record,pre_split_source_candidate
539b,data/raw/v2/ceymo/train/extracted/train/images/539b.jpg,data/raw/v2/ceymo/train/extracted/train/bbox_annotations/539b.xml,PC,PC:1,1,road_marking:1,yes,3c4906138896576080a3856ae1effdfd47de497e019ce2cb9bfc41d5c66486db,,unique,audited_source_training_record,pre_split_source_candidate
53a,data/raw/v2/ceymo/train/extracted/train/images/53a.jpg,data/raw/v2/ceymo/train/extracted/train/bbox_annotations/53a.xml,PC,PC:1,1,road_marking:1,yes,404b0e842706905db92a2a02f969d64937fbfecde2c36178ce594ed28eabeb9e,,unique,audited_source_training_record,pre_split_source_candidate
53b,data/raw/v2/ceymo/train/extracted/train/images/53b.jpg,data/raw/v2/ceymo/train/extracted/train/bbox_annotations/53b.xml,PC,PC:1,1,road_marking:1,yes,75dd43463bcbdd54ceee36536ac07dbdb354bb942db8cce8b19cd7262f90e54e,,unique,audited_source_training_record,pre_split_source_candidate
55,data/raw/v2/ceymo/train/extracted/train/images/55.jpg,data/raw/v2/ceymo/train/extracted/train/bbox_annotations/55.xml,BL;SA,BL:1;SA:1,2,road_marking:2,yes,0340c07be8a65593b4a22bb352dec88cbb5bac4c539e08f30088f05f2b038753,,unique,audited_source_training_record,pre_split_source_candidate
550,data/raw/v2/ceymo/train/extracted/train/images/550.jpg,data/raw/v2/ceymo/train/extracted/train/bbox_annotations/550.xml,PC,PC:1,1,road_marking:1,yes,2c9dd2ca39c71be673a07e91d64869883329f8d6213398385cbf2784c299adac,,unique,audited_source_training_record,pre_split_source_candidate
550a,data/raw/v2/ceymo/train/extracted/train/images/550a.jpg,data/raw/v2/ceymo/train/extracted/train/bbox_annotations/550a.xml,PC,PC:1,1,road_marking:1,yes,6065cb120da5e41ddc3e05ef44d3b9202dd5bd524b1e3c3631a45332c582aaa8,,unique,audited_source_training_record,pre_split_source_candidate
550b,data/raw/v2/ceymo/train/extracted/train/images/550b.jpg,data/raw/v2/ceymo/train/extracted/train/bbox_annotations/550b.xml,PC,PC:1,1,road_marking:1,yes,4a8284b7c84f25398be15719578cda748369a8954fbd95bd7870905b15c9f54c,,unique,audited_source_training_record,pre_split_source_candidate
551,data/raw/v2/ceymo/train/extracted/train/images/551.jpg,data/raw/v2/ceymo/train/extracted/train/bbox_annotations/551.xml,PC,PC:1,1,road_marking:1,yes,a3eb64bcbf5d9a10604fd9213cb2466894778d2230039946259575618bffd227,,unique,audited_source_training_record,pre_split_source_candidate
551a,data/raw/v2/ceymo/train/extracted/train/images/551a.jpg,data/raw/v2/ceymo/train/extracted/train/bbox_annotations/551a.xml,PC,PC:1,1,road_marking:1,yes,98f1bf232c949c65a28e2db3be580e63ca762118b55f8e2acc16dea513ae33e0,,unique,audited_source_training_record,pre_split_source_candidate
551b,data/raw/v2/ceymo/train/extracted/train/images/551b.jpg,data/raw/v2/ceymo/train/extracted/train/bbox_annotations/551b.xml,PC,PC:1,1,road_marking:1,yes,030aa14ae0889c406501e2e3d5f4a1788e2107162903913b7818c79ad8d849f5,,unique,audited_source_training_record,pre_split_source_candidate
552,data/raw/v2/ceymo/train/extracted/train/images/552.jpg,data/raw/v2/ceymo/train/extracted/train/bbox_annotations/552.xml,PC,PC:1,1,road_marking:1,yes,bd7eeeb5bfe13397a7c0ed12b52d6047547d47ffa2c44bf8ca71540a21845147,,unique,audited_source_training_record,pre_split_source_candidate
552a,data/raw/v2/ceymo/train/extracted/train/images/552a.jpg,data/raw/v2/ceymo/train/extracted/train/bbox_annotations/552a.xml,PC,PC:1,1,road_marking:1,yes,07aaca343b09bcf012df4bda74453f2e68151c72de640e7d36ca5238de9ae7ec,,unique,audited_source_training_record,pre_split_source_candidate
552b,data/raw/v2/ceymo/train/extracted/train/images/552b.jpg,data/raw/v2/ceymo/train/extracted/train/bbox_annotations/552b.xml,PC,PC:1,1,road_marking:1,yes,9398a77a8c6e3d3ade43affe3e62130e97add09722eddf4bfcdfd5878d7e81b9,,unique,audited_source_training_record,pre_split_source_candidate
553,data/raw/v2/ceymo/train/extracted/train/images/553.jpg,data/raw/v2/ceymo/train/extracted/train/bbox_annotations/553.xml,PC,PC:1,1,road_marking:1,yes,22c3d1e59dbd8ea202fd69fad603497e88ac58485a4e96e1da0e06807a49fc41,,unique,audited_source_training_record,pre_split_source_candidate
553a,data/raw/v2/ceymo/train/extracted/train/images/553a.jpg,data/raw/v2/ceymo/train/extracted/train/bbox_annotations/553a.xml,PC,PC:1,1,road_marking:1,yes,826cddb34d1dea23adb44981d1f43631b36cf01ec28a2c3b499c842df3807cb5,,unique,audited_source_training_record,pre_split_source_candidate
553b,data/raw/v2/ceymo/train/extracted/train/images/553b.jpg,data/raw/v2/ceymo/train/extracted/train/bbox_annotations/553b.xml,PC,PC:1,1,road_marking:1,yes,0e2dedba38fa731c5d775d010b47e3b6c62f84819b2440850713e9ab69304349,,unique,audited_source_training_record,pre_split_source_candidate
554,data/raw/v2/ceymo/train/extracted/train/images/554.jpg,data/raw/v2/ceymo/train/extracted/train/bbox_annotations/554.xml,PC,PC:1,1,road_marking:1,yes,58da34d3afd222f3c60c9aba86c6a22448b6341c5c70618367b1d68dd59fe8a9,,unique,audited_source_training_record,pre_split_source_candidate
554a,data/raw/v2/ceymo/train/extracted/train/images/554a.jpg,data/raw/v2/ceymo/train/extracted/train/bbox_annotations/554a.xml,PC,PC:1,1,road_marking:1,yes,950eeb9b4b56459eeefcb08c276da140bf2f74638824fd9cb9cab9d5d1949299,,unique,audited_source_training_record,pre_split_source_candidate
554b,data/raw/v2/ceymo/train/extracted/train/images/554b.jpg,data/raw/v2/ceymo/train/extracted/train/bbox_annotations/554b.xml,PC,PC:1,1,road_marking:1,yes,e8c4a473bb198e42cb1a2cb557308a76360a9ced71306b45c0bbc550f7703e87,,unique,audited_source_training_record,pre_split_source_candidate
555,data/raw/v2/ceymo/train/extracted/train/images/555.jpg,data/raw/v2/ceymo/train/extracted/train/bbox_annotations/555.xml,PC,PC:1,1,road_marking:1,yes,bda5d3d7437e69150382ea37a56dc97922178bbe69eb7381b10f443f5f6cdb4a,,unique,audited_source_training_record,pre_split_source_candidate
555a,data/raw/v2/ceymo/train/extracted/train/images/555a.jpg,data/raw/v2/ceymo/train/extracted/train/bbox_annotations/555a.xml,PC,PC:1,1,road_marking:1,yes,cdfe335eca9454936f1865ee5c30944694e90c241499059401a9bedc5f94f028,,unique,audited_source_training_record,pre_split_source_candidate
555b,data/raw/v2/ceymo/train/extracted/train/images/555b.jpg,data/raw/v2/ceymo/train/extracted/train/bbox_annotations/555b.xml,PC,PC:1,1,road_marking:1,yes,0fa0c202bfdb4f4071a2c473fbe8748cf1e7f274e9a4865fcfcb0a3aeec8fc32,,unique,audited_source_training_record,pre_split_source_candidate
556,data/raw/v2/ceymo/train/extracted/train/images/556.jpg,data/raw/v2/ceymo/train/extracted/train/bbox_annotations/556.xml,PC,PC:1,1,road_marking:1,yes,0c7aff2f2e15c6fc12ee429a5916f8d059f904bd770ce654506ac3eeebc3c811,,unique,audited_source_training_record,pre_split_source_candidate
557,data/raw/v2/ceymo/train/extracted/train/images/557.jpg,data/raw/v2/ceymo/train/extracted/train/bbox_annotations/557.xml,PC,PC:1,1,road_marking:1,yes,7d45f875e1f0dee7bb3b7bba2049904698611571b29b0495aa5398a38498d149,,unique,audited_source_training_record,pre_split_source_candidate
557a,data/raw/v2/ceymo/train/extracted/train/images/557a.jpg,data/raw/v2/ceymo/train/extracted/train/bbox_annotations/557a.xml,PC,PC:1,1,road_marking:1,yes,206f92d1df7f41619b5dd3fbf10d5694503423bd34055c13bdc4948261bd9009,,unique,audited_source_training_record,pre_split_source_candidate
557b,data/raw/v2/ceymo/train/extracted/train/images/557b.jpg,data/raw/v2/ceymo/train/extracted/train/bbox_annotations/557b.xml,PC,PC:1,1,road_marking:1,yes,15d99c086fe480f5d585cce6cd8c1bc0c968364a051d89e27b3d0650eccda530,,unique,audited_source_training_record,pre_split_source_candidate
558,data/raw/v2/ceymo/train/extracted/train/images/558.jpg,data/raw/v2/ceymo/train/extracted/train/bbox_annotations/558.xml,PC,PC:1,1,road_marking:1,yes,f59c29ed64e261368029b678e2f49242ce4ed5516d8ed2749ccad203dff27cf6,,unique,audited_source_training_record,pre_split_source_candidate
558a,data/raw/v2/ceymo/train/extracted/train/images/558a.jpg,data/raw/v2/ceymo/train/extracted/train/bbox_annotations/558a.xml,PC,PC:1,1,road_marking:1,yes,6d76cedb21af878cf493c8f8c0cf6a9931519156e05b0bba91ac5e05e62803fd,,unique,audited_source_training_record,pre_split_source_candidate
558b,data/raw/v2/ceymo/train/extracted/train/images/558b.jpg,data/raw/v2/ceymo/train/extracted/train/bbox_annotations/558b.xml,PC,PC:1,1,road_marking:1,yes,306e286594dcb2f4627df74c4efe755292f33c9e1896d675d37d44ddaf41d909,,unique,audited_source_training_record,pre_split_source_candidate
559,data/raw/v2/ceymo/train/extracted/train/images/559.jpg,data/raw/v2/ceymo/train/extracted/train/bbox_annotations/559.xml,PC,PC:1,1,road_marking:1,yes,e73059ac2da0c0aaedf714fc8a4537e0a63e0733b2e8b242a3ebac164698c71d,,unique,audited_source_training_record,pre_split_source_candidate
559a,data/raw/v2/ceymo/train/extracted/train/images/559a.jpg,data/raw/v2/ceymo/train/extracted/train/bbox_annotations/559a.xml,PC,PC:1,1,road_marking:1,yes,5eb80ec2c830bc5482474c8ebe3e31b0d204154a94b23b1c0093171843553aec,,unique,audited_source_training_record,pre_split_source_candidate
559b,data/raw/v2/ceymo/train/extracted/train/images/559b.jpg,data/raw/v2/ceymo/train/extracted/train/bbox_annotations/559b.xml,PC,PC:1,1,road_marking:1,yes,5eabdbf947bb105fee08c2a52e040eb66d789bb50d752c04ec82739aa781b73e,,unique,audited_source_training_record,pre_split_source_candidate
55a,data/raw/v2/ceymo/train/extracted/train/images/55a.jpg,data/raw/v2/ceymo/train/extracted/train/bbox_annotations/55a.xml,BL;SA,BL:1;SA:1,2,road_marking:2,yes,e741a6da44f946744b7aec3f1b614a77caa9d70feb4146976f2b0891712c15e3,,unique,audited_source_training_record,pre_split_source_candidate
55b,data/raw/v2/ceymo/train/extracted/train/images/55b.jpg,data/raw/v2/ceymo/train/extracted/train/bbox_annotations/55b.xml,BL;SA,BL:1;SA:1,2,road_marking:2,yes,dc89b29d952128bc24f692fd8e66b3f91e2d6338cf92096f0eb5c6ba3b73c550,,unique,audited_source_training_record,pre_split_source_candidate
55c,data/raw/v2/ceymo/train/extracted/train/images/55c.jpg,data/raw/v2/ceymo/train/extracted/train/bbox_annotations/55c.xml,BL,BL:1,1,road_marking:1,yes,cb7bb6110c22ba00845eb53eb3488585b3534965338f72c72c1e0a01a25364a3,,unique,audited_source_training_record,pre_split_source_candidate
560,data/raw/v2/ceymo/train/extracted/train/images/560.jpg,data/raw/v2/ceymo/train/extracted/train/bbox_annotations/560.xml,PC,PC:1,1,road_marking:1,yes,6bb95588ce5e26544c8b935a10bd963641d4ce378b0896f16c38a492f55ac998,,unique,audited_source_training_record,pre_split_source_candidate
560a,data/raw/v2/ceymo/train/extracted/train/images/560a.jpg,data/raw/v2/ceymo/train/extracted/train/bbox_annotations/560a.xml,PC,PC:1,1,road_marking:1,yes,c906a00fa3aa4dc48e8a427e45e22d52028f3c5aa1d48af563fa9e52fa831d77,,unique,audited_source_training_record,pre_split_source_candidate
560b,data/raw/v2/ceymo/train/extracted/train/images/560b.jpg,data/raw/v2/ceymo/train/extracted/train/bbox_annotations/560b.xml,PC,PC:1,1,road_marking:1,yes,3e1b709d26f8b8931a4579bc36858e379b20ca4c609dc930a4e48d07e991e8ae,,unique,audited_source_training_record,pre_split_source_candidate
562,data/raw/v2/ceymo/train/extracted/train/images/562.jpg,data/raw/v2/ceymo/train/extracted/train/bbox_annotations/562.xml,PC,PC:1,1,road_marking:1,yes,9e5f80220afe2b055a184a5951af5831d0d889078c8e5c01cb2150e2262e7f06,,unique,audited_source_training_record,pre_split_source_candidate
562a,data/raw/v2/ceymo/train/extracted/train/images/562a.jpg,data/raw/v2/ceymo/train/extracted/train/bbox_annotations/562a.xml,PC,PC:1,1,road_marking:1,yes,0676bf93631daf385bddea689c2df29986450afa9a110171b5990085ba314c8a,,unique,audited_source_training_record,pre_split_source_candidate
562b,data/raw/v2/ceymo/train/extracted/train/images/562b.jpg,data/raw/v2/ceymo/train/extracted/train/bbox_annotations/562b.xml,PC,PC:1,1,road_marking:1,yes,f88ff1128ea655431197ac275e876b806525b362cfcf28db7b65dc28310c816a,,unique,audited_source_training_record,pre_split_source_candidate
563,data/raw/v2/ceymo/train/extracted/train/images/563.jpg,data/raw/v2/ceymo/train/extracted/train/bbox_annotations/563.xml,PC,PC:1,1,road_marking:1,yes,8218ae7854ff7dea004eb9a9f2ba876d747e6b7e455815ce3de9277b8bf538d2,,unique,audited_source_training_record,pre_split_source_candidate
563a,data/raw/v2/ceymo/train/extracted/train/images/563a.jpg,data/raw/v2/ceymo/train/extracted/train/bbox_annotations/563a.xml,PC,PC:1,1,road_marking:1,yes,ade876ce4eeebb46fffba9448c77bbd6e0870dd9124cacde4ca7d3d7e1ff9846,,unique,audited_source_training_record,pre_split_source_candidate
563b,data/raw/v2/ceymo/train/extracted/train/images/563b.jpg,data/raw/v2/ceymo/train/extracted/train/bbox_annotations/563b.xml,PC,PC:1,1,road_marking:1,yes,46d2c5b2ad391c4538eab173b6dbe037b721e24d2229938f211a922e6d364452,,unique,audited_source_training_record,pre_split_source_candidate
564,data/raw/v2/ceymo/train/extracted/train/images/564.jpg,data/raw/v2/ceymo/train/extracted/train/bbox_annotations/564.xml,PC,PC:1,1,road_marking:1,yes,e2d290dc3691c1c34f714cbfcb9800027fbe70a3bf6d05a1e00903f6366bbf10,,unique,audited_source_training_record,pre_split_source_candidate
565,data/raw/v2/ceymo/train/extracted/train/images/565.jpg,data/raw/v2/ceymo/train/extracted/train/bbox_annotations/565.xml,PC,PC:1,1,road_marking:1,yes,8e4693c917b4d5a45a6321f0b4de45d738c0bcafa35747cc1ef3a0efefec3596,,unique,audited_source_training_record,pre_split_source_candidate
565a,data/raw/v2/ceymo/train/extracted/train/images/565a.jpg,data/raw/v2/ceymo/train/extracted/train/bbox_annotations/565a.xml,PC,PC:1,1,road_marking:1,yes,007311570449196e4601f72e6f14e71166c8925f5caf493e13c37bd396f4880b,,unique,audited_source_training_record,pre_split_source_candidate
566,data/raw/v2/ceymo/train/extracted/train/images/566.jpg,data/raw/v2/ceymo/train/extracted/train/bbox_annotations/566.xml,PC,PC:1,1,road_marking:1,yes,c9c9976f679a85d501eedcc0c135fe8ada5f4d54e49e49dadf5e193ed7fcae3a,,unique,audited_source_training_record,pre_split_source_candidate
567,data/raw/v2/ceymo/train/extracted/train/images/567.jpg,data/raw/v2/ceymo/train/extracted/train/bbox_annotations/567.xml,PC,PC:1,1,road_marking:1,yes,31565c486e02c7a7dc8ed715b4cbc89870c8434be88f373701caed2c3d5531c7,,unique,audited_source_training_record,pre_split_source_candidate
567a,data/raw/v2/ceymo/train/extracted/train/images/567a.jpg,data/raw/v2/ceymo/train/extracted/train/bbox_annotations/567a.xml,PC,PC:1,1,road_marking:1,yes,68efc11b669000355da5fb73bfed4998b9e21c3d272cc9587d72b846fbd58cf5,,unique,audited_source_training_record,pre_split_source_candidate
567b,data/raw/v2/ceymo/train/extracted/train/images/567b.jpg,data/raw/v2/ceymo/train/extracted/train/bbox_annotations/567b.xml,PC,PC:1,1,road_marking:1,yes,c0f0169dd125db3a838fd3efa193bcf38d9b81de5b3e7189703333b1bdc1b6ec,,unique,audited_source_training_record,pre_split_source_candidate
569,data/raw/v2/ceymo/train/extracted/train/images/569.jpg,data/raw/v2/ceymo/train/extracted/train/bbox_annotations/569.xml,PC,PC:1,1,road_marking:1,yes,0e502db18b33a4b54dc6ded54a749ab8e6d5262fc2c293824ffe263ed1c064a2,,unique,audited_source_training_record,pre_split_source_candidate
569a,data/raw/v2/ceymo/train/extracted/train/images/569a.jpg,data/raw/v2/ceymo/train/extracted/train/bbox_annotations/569a.xml,PC,PC:1,1,road_marking:1,yes,539ed7d89cabfc54a08912a25684bfc0ba85eb722ab22aea61ea3bb5d08e5594,,unique,audited_source_training_record,pre_split_source_candidate
569b,data/raw/v2/ceymo/train/extracted/train/images/569b.jpg,data/raw/v2/ceymo/train/extracted/train/bbox_annotations/569b.xml,PC,PC:1,1,road_marking:1,yes,cab4448083404848153754b8c35e0ba0c4d50f39ee66bcff8aeeb846600b3fde,,unique,audited_source_training_record,pre_split_source_candidate
57,data/raw/v2/ceymo/train/extracted/train/images/57.jpg,data/raw/v2/ceymo/train/extracted/train/bbox_annotations/57.xml,BL;SA,BL:1;SA:1,2,road_marking:2,yes,0f5cb046b76df351de0a8c14ddf5fbdf61824015d852fbedf1b4188ae94b5294,,unique,audited_source_training_record,pre_split_source_candidate
570,data/raw/v2/ceymo/train/extracted/train/images/570.jpg,data/raw/v2/ceymo/train/extracted/train/bbox_annotations/570.xml,PC,PC:1,1,road_marking:1,yes,515f0a07baeee8d7f2ae9c139974da2b695b17ec4ab74561b79abd290f2fa73d,,unique,audited_source_training_record,pre_split_source_candidate
570a,data/raw/v2/ceymo/train/extracted/train/images/570a.jpg,data/raw/v2/ceymo/train/extracted/train/bbox_annotations/570a.xml,PC,PC:1,1,road_marking:1,yes,6ded74335f38e4e6b90639e7c0857070300a5ec032e2ccd35a16681af8389f7b,,unique,audited_source_training_record,pre_split_source_candidate
570b,data/raw/v2/ceymo/train/extracted/train/images/570b.jpg,data/raw/v2/ceymo/train/extracted/train/bbox_annotations/570b.xml,PC,PC:1,1,road_marking:1,yes,3b217c37eefb29f930c6c1f79e98180876d7e2978ffbfc951c7779a47aea8b59,,unique,audited_source_training_record,pre_split_source_candidate
571,data/raw/v2/ceymo/train/extracted/train/images/571.jpg,data/raw/v2/ceymo/train/extracted/train/bbox_annotations/571.xml,PC,PC:1,1,road_marking:1,yes,ee71b084fb87a2bf443897b89fd55e072bd24ca4676a0adb473d2278e659ab47,,unique,audited_source_training_record,pre_split_source_candidate
571a,data/raw/v2/ceymo/train/extracted/train/images/571a.jpg,data/raw/v2/ceymo/train/extracted/train/bbox_annotations/571a.xml,PC,PC:1,1,road_marking:1,yes,9b601783652e9e3c9bfcf952089cc18e6f856be3ab9db7f91490f9a275a55cd5,,unique,audited_source_training_record,pre_split_source_candidate
571b,data/raw/v2/ceymo/train/extracted/train/images/571b.jpg,data/raw/v2/ceymo/train/extracted/train/bbox_annotations/571b.xml,PC,PC:1,1,road_marking:1,yes,3e3c629063be76907e6599080433c729e1da2689225cbc27701608c7fdc1c11a,,unique,audited_source_training_record,pre_split_source_candidate
572,data/raw/v2/ceymo/train/extracted/train/images/572.jpg,data/raw/v2/ceymo/train/extracted/train/bbox_annotations/572.xml,PC,PC:1,1,road_marking:1,yes,5ca934896783bdce2ca8556673f8e033dcc4398e7a0273f3898ad3b971fddef1,,unique,audited_source_training_record,pre_split_source_candidate
572a,data/raw/v2/ceymo/train/extracted/train/images/572a.jpg,data/raw/v2/ceymo/train/extracted/train/bbox_annotations/572a.xml,PC,PC:1,1,road_marking:1,yes,2b7aeb182cbe7eccf612024601657d45470ea31b50abae203cb11bd6726284c8,,unique,audited_source_training_record,pre_split_source_candidate
572b,data/raw/v2/ceymo/train/extracted/train/images/572b.jpg,data/raw/v2/ceymo/train/extracted/train/bbox_annotations/572b.xml,PC,PC:1,1,road_marking:1,yes,08856563f6e5a1a8d9d34e31f0bb03117e32e1954db09a0437994516c810dbce,,unique,audited_source_training_record,pre_split_source_candidate
573,data/raw/v2/ceymo/train/extracted/train/images/573.jpg,data/raw/v2/ceymo/train/extracted/train/bbox_annotations/573.xml,PC,PC:1,1,road_marking:1,yes,f0bf401deef4716afe3f5cc3fd828a5eaba0ef2550574a71f75730235e0c1ebf,,unique,audited_source_training_record,pre_split_source_candidate
573a,data/raw/v2/ceymo/train/extracted/train/images/573a.jpg,data/raw/v2/ceymo/train/extracted/train/bbox_annotations/573a.xml,PC,PC:1,1,road_marking:1,yes,25a2db00b2f85eb6b9fd6ed09c57ff2d5fc1318a7293ae9b23ef5c44f2c451b1,,unique,audited_source_training_record,pre_split_source_candidate
573b,data/raw/v2/ceymo/train/extracted/train/images/573b.jpg,data/raw/v2/ceymo/train/extracted/train/bbox_annotations/573b.xml,PC,PC:1,1,road_marking:1,yes,1378f698e6c26ad7a4403b3d9e2d8f0e0bce5a20078e7a738e7203f88dc8f2b6,,unique,audited_source_training_record,pre_split_source_candidate
573c,data/raw/v2/ceymo/train/extracted/train/images/573c.jpg,data/raw/v2/ceymo/train/extracted/train/bbox_annotations/573c.xml,PC,PC:1,1,road_marking:1,yes,96d60512f049516a2fabd32fb4a107fd7564b5c67c067165bc437bf7a61f51de,,unique,audited_source_training_record,pre_split_source_candidate
574a,data/raw/v2/ceymo/train/extracted/train/images/574a.jpg,data/raw/v2/ceymo/train/extracted/train/bbox_annotations/574a.xml,PC,PC:1,1,road_marking:1,yes,f78283582ce2dc792083a93fbfb6c5ff4a38c9ddb4bb271bb8927b0c28950d1d,,unique,audited_source_training_record,pre_split_source_candidate
575,data/raw/v2/ceymo/train/extracted/train/images/575.jpg,data/raw/v2/ceymo/train/extracted/train/bbox_annotations/575.xml,PC,PC:1,1,road_marking:1,yes,b4c1b454aaea8afd3c4524b028004de60942e00f7b9dc00ebed615b91b1f7aae,,unique,audited_source_training_record,pre_split_source_candidate
577,data/raw/v2/ceymo/train/extracted/train/images/577.jpg,data/raw/v2/ceymo/train/extracted/train/bbox_annotations/577.xml,PC,PC:1,1,road_marking:1,yes,466cdd0eaa420098ef9abf7344926a6f7e1d5613174e908e25cac2e70b511114,,unique,audited_source_training_record,pre_split_source_candidate
577a,data/raw/v2/ceymo/train/extracted/train/images/577a.jpg,data/raw/v2/ceymo/train/extracted/train/bbox_annotations/577a.xml,PC,PC:1,1,road_marking:1,yes,e25aefe7a827a02845fcecd9687369c4db7767b64b2d86298181bfd1ab5bb2eb,,unique,audited_source_training_record,pre_split_source_candidate
577b,data/raw/v2/ceymo/train/extracted/train/images/577b.jpg,data/raw/v2/ceymo/train/extracted/train/bbox_annotations/577b.xml,PC,PC:1,1,road_marking:1,yes,25ae689d424885ea3119989b5a97526b302439641032b3188769aa8247e5cd5f,,unique,audited_source_training_record,pre_split_source_candidate
578,data/raw/v2/ceymo/train/extracted/train/images/578.jpg,data/raw/v2/ceymo/train/extracted/train/bbox_annotations/578.xml,PC,PC:1,1,road_marking:1,yes,40839446773982209f21ed2c3e45a031f30ec9b982e1dcad35f65dd95fb78528,,unique,audited_source_training_record,pre_split_source_candidate
578a,data/raw/v2/ceymo/train/extracted/train/images/578a.jpg,data/raw/v2/ceymo/train/extracted/train/bbox_annotations/578a.xml,PC,PC:1,1,road_marking:1,yes,d504a68d29b34deda0eaead6addd26e55e10ac70a7425c8f807d046086b75f63,,unique,audited_source_training_record,pre_split_source_candidate
578b,data/raw/v2/ceymo/train/extracted/train/images/578b.jpg,data/raw/v2/ceymo/train/extracted/train/bbox_annotations/578b.xml,PC,PC:1,1,road_marking:1,yes,6efd21b9d3f1161251fb5c12818f7d815c5de24bc0bfb07baa065c1704788584,,unique,audited_source_training_record,pre_split_source_candidate
57a,data/raw/v2/ceymo/train/extracted/train/images/57a.jpg,data/raw/v2/ceymo/train/extracted/train/bbox_annotations/57a.xml,BL;SA,BL:1;SA:1,2,road_marking:2,yes,9e5f1a3f9c2290aab240fd0ed96d1899f774e012f3c936a538dafacddc4598cd,,unique,audited_source_training_record,pre_split_source_candidate
57b,data/raw/v2/ceymo/train/extracted/train/images/57b.jpg,data/raw/v2/ceymo/train/extracted/train/bbox_annotations/57b.xml,BL;SA,BL:1;SA:1,2,road_marking:2,yes,1d87aa442d81fa5f9dc7303a54e17af1db8381460f9e97edc8754ad25d414324,,unique,audited_source_training_record,pre_split_source_candidate
57c,data/raw/v2/ceymo/train/extracted/train/images/57c.jpg,data/raw/v2/ceymo/train/extracted/train/bbox_annotations/57c.xml,BL,BL:1,1,road_marking:1,yes,803690a8c485e06c513363d8cded022a75375b0d2eff4fd267c3db799082cccb,,unique,audited_source_training_record,pre_split_source_candidate
58,data/raw/v2/ceymo/train/extracted/train/images/58.jpg,data/raw/v2/ceymo/train/extracted/train/bbox_annotations/58.xml,JB,JB:1,1,road_marking:1,yes,6e5d3ad5f4f3a6b4efea6caaaa6505c8128ec4010c4a901c7ff41781d4de18a2,,unique,audited_source_training_record,pre_split_source_candidate
580,data/raw/v2/ceymo/train/extracted/train/images/580.jpg,data/raw/v2/ceymo/train/extracted/train/bbox_annotations/580.xml,PC,PC:1,1,road_marking:1,yes,6d7f94a10b670c9ad53a17ed3e290d74e074a570a4f3fc0976a388ccc6337e39,,unique,audited_source_training_record,pre_split_source_candidate
580a,data/raw/v2/ceymo/train/extracted/train/images/580a.jpg,data/raw/v2/ceymo/train/extracted/train/bbox_annotations/580a.xml,PC,PC:1,1,road_marking:1,yes,cb00245fc1dd22b7eddd6ac1a7bfd62d716118e10a1b1fd7ef3c9c4c9cdf0e35,,unique,audited_source_training_record,pre_split_source_candidate
580b,data/raw/v2/ceymo/train/extracted/train/images/580b.jpg,data/raw/v2/ceymo/train/extracted/train/bbox_annotations/580b.xml,PC,PC:1,1,road_marking:1,yes,5094bb4066ca307d5bd862fbaa5955a759aefc6f6b5b1c1f2aacbba42b700dd3,,unique,audited_source_training_record,pre_split_source_candidate
581,data/raw/v2/ceymo/train/extracted/train/images/581.jpg,data/raw/v2/ceymo/train/extracted/train/bbox_annotations/581.xml,PC,PC:1,1,road_marking:1,yes,2d590aa15566ac38a252fc9ffe3bd0ceaca65ebf14f328e8beeaa550d5667c89,,unique,audited_source_training_record,pre_split_source_candidate
581a,data/raw/v2/ceymo/train/extracted/train/images/581a.jpg,data/raw/v2/ceymo/train/extracted/train/bbox_annotations/581a.xml,PC,PC:1,1,road_marking:1,yes,2e62d1ea86d1eebc6c1056407cbe302fed740a9b863923b07b58b6c978e6f03a,,unique,audited_source_training_record,pre_split_source_candidate
583,data/raw/v2/ceymo/train/extracted/train/images/583.jpg,data/raw/v2/ceymo/train/extracted/train/bbox_annotations/583.xml,RA;SA;SLA;SRA,RA:1;SA:1;SLA:1;SRA:1,4,road_marking:4,yes,c5cd6096fe8952e06d4556f276a2cccbfe89a435c867cdfd7d31665f7bf9673a,,unique,audited_source_training_record,pre_split_source_candidate
583a,data/raw/v2/ceymo/train/extracted/train/images/583a.jpg,data/raw/v2/ceymo/train/extracted/train/bbox_annotations/583a.xml,RA;SRA,RA:1;SRA:1,2,road_marking:2,yes,2f796b7f66adb72f2fb3ef69108e2d9ac29d9f9875a85b0e7eba3be6eed700ab,,unique,audited_source_training_record,pre_split_source_candidate
583b,data/raw/v2/ceymo/train/extracted/train/images/583b.jpg,data/raw/v2/ceymo/train/extracted/train/bbox_annotations/583b.xml,RA;SA;SLA;SRA,RA:1;SA:1;SLA:1;SRA:1,4,road_marking:4,yes,8c336e90ad82acadde0e6ef0de00ce4ae0d7bb091b600335f4a45014c983df06,,unique,audited_source_training_record,pre_split_source_candidate
584,data/raw/v2/ceymo/train/extracted/train/images/584.jpg,data/raw/v2/ceymo/train/extracted/train/bbox_annotations/584.xml,RA;SA,RA:1;SA:1,2,road_marking:2,yes,649cf42e4122419420e73f47c6ce6d258a9e2914b4d3e7aafd93a7bd5e0e0da8,,unique,audited_source_training_record,pre_split_source_candidate
584a,data/raw/v2/ceymo/train/extracted/train/images/584a.jpg,data/raw/v2/ceymo/train/extracted/train/bbox_annotations/584a.xml,RA;SA,RA:1;SA:1,2,road_marking:2,yes,08e3a8e3e62b52a353b9fb20fdd4fcd5757999ad7d83cec86fb3b964fd2b7a92,,unique,audited_source_training_record,pre_split_source_candidate
584b,data/raw/v2/ceymo/train/extracted/train/images/584b.jpg,data/raw/v2/ceymo/train/extracted/train/bbox_annotations/584b.xml,RA;SA,RA:1;SA:1,2,road_marking:2,yes,6f7ab441ec1f2aef6790c75c04fef577513e6697234d0ceb5c608bc2b781e622,,unique,audited_source_training_record,pre_split_source_candidate
585,data/raw/v2/ceymo/train/extracted/train/images/585.jpg,data/raw/v2/ceymo/train/extracted/train/bbox_annotations/585.xml,PC,PC:1,1,road_marking:1,yes,0ebffeac1ff70251b8b0ad0561fd1fcee2e419641445f4c31a92009f34210529,,unique,audited_source_training_record,pre_split_source_candidate
585a,data/raw/v2/ceymo/train/extracted/train/images/585a.jpg,data/raw/v2/ceymo/train/extracted/train/bbox_annotations/585a.xml,PC,PC:1,1,road_marking:1,yes,13ad5f352e56758ce8ed5e064a2f7b2a3d82481f0abb8e9ae9cddd159e450bcc,,unique,audited_source_training_record,pre_split_source_candidate
585b,data/raw/v2/ceymo/train/extracted/train/images/585b.jpg,data/raw/v2/ceymo/train/extracted/train/bbox_annotations/585b.xml,PC,PC:1,1,road_marking:1,yes,5a191c0a07ce4b5b55deb2e5672aaa3e9173f856d64675340b9f0d7a6cb4330e,,unique,audited_source_training_record,pre_split_source_candidate
585c,data/raw/v2/ceymo/train/extracted/train/images/585c.jpg,data/raw/v2/ceymo/train/extracted/train/bbox_annotations/585c.xml,PC,PC:1,1,road_marking:1,yes,e6244d4c055dd4239d0e6ab34a452271e61bd1ac3509bb02d541f4d74445c644,,unique,audited_source_training_record,pre_split_source_candidate
585d,data/raw/v2/ceymo/train/extracted/train/images/585d.jpg,data/raw/v2/ceymo/train/extracted/train/bbox_annotations/585d.xml,PC,PC:1,1,road_marking:1,yes,c45528b83f12427e8ecbf4772f24090762d99d8ab1e1edb78845c2a924d5f14c,,unique,audited_source_training_record,pre_split_source_candidate
586,data/raw/v2/ceymo/train/extracted/train/images/586.jpg,data/raw/v2/ceymo/train/extracted/train/bbox_annotations/586.xml,PC,PC:1,1,road_marking:1,yes,bd961ab535154dc31f361026f06af2e699093039ee72ee98fb09fd0d3cc41140,,unique,audited_source_training_record,pre_split_source_candidate
586a,data/raw/v2/ceymo/train/extracted/train/images/586a.jpg,data/raw/v2/ceymo/train/extracted/train/bbox_annotations/586a.xml,PC,PC:1,1,road_marking:1,yes,74838e3ff1a57c154415abca289a39f74286ae892057553efb4bb9f0e5b695e9,,unique,audited_source_training_record,pre_split_source_candidate
586b,data/raw/v2/ceymo/train/extracted/train/images/586b.jpg,data/raw/v2/ceymo/train/extracted/train/bbox_annotations/586b.xml,PC,PC:1,1,road_marking:1,yes,be1e1d15800a8608962837379c8a319aad2cc28fb739c85526d1079ab65e85af,,unique,audited_source_training_record,pre_split_source_candidate
586c,data/raw/v2/ceymo/train/extracted/train/images/586c.jpg,data/raw/v2/ceymo/train/extracted/train/bbox_annotations/586c.xml,PC,PC:1,1,road_marking:1,yes,5fb4f01565936fc11dd39ce4254b936f1425dedb1c84a139608bd3e9dd44c570,,unique,audited_source_training_record,pre_split_source_candidate
586d,data/raw/v2/ceymo/train/extracted/train/images/586d.jpg,data/raw/v2/ceymo/train/extracted/train/bbox_annotations/586d.xml,PC,PC:1,1,road_marking:1,yes,f7a3191d37fbff0298021ba0004b8ec3927d9aae2388b658a5ed25ee896d22a0,,unique,audited_source_training_record,pre_split_source_candidate
587,data/raw/v2/ceymo/train/extracted/train/images/587.jpg,data/raw/v2/ceymo/train/extracted/train/bbox_annotations/587.xml,PC,PC:1,1,road_marking:1,yes,482fd419a164b6b8a51e0bd8261f834448d3496f849bcac52ac2b04e56437367,,unique,audited_source_training_record,pre_split_source_candidate
587a,data/raw/v2/ceymo/train/extracted/train/images/587a.jpg,data/raw/v2/ceymo/train/extracted/train/bbox_annotations/587a.xml,PC,PC:1,1,road_marking:1,yes,a2ace3d7b9dc2c5132d194635d11310010d3aab17809cc601c48333256e220f2,,unique,audited_source_training_record,pre_split_source_candidate
587b,data/raw/v2/ceymo/train/extracted/train/images/587b.jpg,data/raw/v2/ceymo/train/extracted/train/bbox_annotations/587b.xml,PC,PC:1,1,road_marking:1,yes,2d38f456692265effb820d425add54740f126cd14ddb7a935fe8879c247938e3,,unique,audited_source_training_record,pre_split_source_candidate
588,data/raw/v2/ceymo/train/extracted/train/images/588.jpg,data/raw/v2/ceymo/train/extracted/train/bbox_annotations/588.xml,PC,PC:1,1,road_marking:1,yes,160f421ba8c7900ca7a3c100cdc564d8df60a0aed190b817d19fbc8e8d5398bd,,unique,audited_source_training_record,pre_split_source_candidate
588a,data/raw/v2/ceymo/train/extracted/train/images/588a.jpg,data/raw/v2/ceymo/train/extracted/train/bbox_annotations/588a.xml,PC,PC:1,1,road_marking:1,yes,46126e00881bf6c56e60abfa9f248af239909ea4efbc4ec6db8bc28df7cf39cd,,unique,audited_source_training_record,pre_split_source_candidate
589,data/raw/v2/ceymo/train/extracted/train/images/589.jpg,data/raw/v2/ceymo/train/extracted/train/bbox_annotations/589.xml,RA;SA,RA:1;SA:2,3,road_marking:3,yes,6d7a1fdc110e0a17fc51349ccd0bc2c781873e90f5fe2b5fab62c52a3f76fc98,,unique,audited_source_training_record,pre_split_source_candidate
589a,data/raw/v2/ceymo/train/extracted/train/images/589a.jpg,data/raw/v2/ceymo/train/extracted/train/bbox_annotations/589a.xml,RA;SA,RA:1;SA:2,3,road_marking:3,yes,c6ef1e131d0b0bb6b4e859669a70d5b154d60161659d6b15e68133df5c228498,,unique,audited_source_training_record,pre_split_source_candidate
589b,data/raw/v2/ceymo/train/extracted/train/images/589b.jpg,data/raw/v2/ceymo/train/extracted/train/bbox_annotations/589b.xml,RA;SA,RA:1;SA:2,3,road_marking:3,yes,10778d7ad3dc3c750d406b199fbc5446991b87f4e648368fa868505d838af444,,unique,audited_source_training_record,pre_split_source_candidate
589c,data/raw/v2/ceymo/train/extracted/train/images/589c.jpg,data/raw/v2/ceymo/train/extracted/train/bbox_annotations/589c.xml,RA;SA,RA:1;SA:2,3,road_marking:3,yes,2254fc158147fdf389718940ecde043ea3aed83a8faeb3436c3684969fe25fe4,,unique,audited_source_training_record,pre_split_source_candidate
58a,data/raw/v2/ceymo/train/extracted/train/images/58a.jpg,data/raw/v2/ceymo/train/extracted/train/bbox_annotations/58a.xml,JB,JB:1,1,road_marking:1,yes,3fb2d9b6044acad07bc0e921d549cd86ca98fa1f06cea8e4319df1f4ffbd1376,,unique,audited_source_training_record,pre_split_source_candidate
58b,data/raw/v2/ceymo/train/extracted/train/images/58b.jpg,data/raw/v2/ceymo/train/extracted/train/bbox_annotations/58b.xml,JB,JB:1,1,road_marking:1,yes,d5b174de342a4aa0656ddf2e3f31859d4509015a0aa1c39f5b067eecdae2e338,,unique,audited_source_training_record,pre_split_source_candidate
58c,data/raw/v2/ceymo/train/extracted/train/images/58c.jpg,data/raw/v2/ceymo/train/extracted/train/bbox_annotations/58c.xml,JB,JB:1,1,road_marking:1,yes,b99efe7849a56cbff9af6b61504481c6e3c8b64d9a0c575dc5fd43faae757153,,unique,audited_source_training_record,pre_split_source_candidate
59,data/raw/v2/ceymo/train/extracted/train/images/59.jpg,data/raw/v2/ceymo/train/extracted/train/bbox_annotations/59.xml,JB,JB:1,1,road_marking:1,yes,52af85be752d392c84dc37ecc5f9c7b9ee57605d3cbf4fd492e397ce7ba6b9c8,,unique,audited_source_training_record,pre_split_source_candidate
59a,data/raw/v2/ceymo/train/extracted/train/images/59a.jpg,data/raw/v2/ceymo/train/extracted/train/bbox_annotations/59a.xml,JB,JB:1,1,road_marking:1,yes,6febde4c7eb8ebe4540b1590a308bd9b3adec6b7fd3525828efdc0827a9de527,,unique,audited_source_training_record,pre_split_source_candidate
59b,data/raw/v2/ceymo/train/extracted/train/images/59b.jpg,data/raw/v2/ceymo/train/extracted/train/bbox_annotations/59b.xml,JB,JB:1,1,road_marking:1,yes,94e40a95df1a75bbee256053ebfe5992019048b4b3fa0cfac042f4e2559ea6bc,,unique,audited_source_training_record,pre_split_source_candidate
59c,data/raw/v2/ceymo/train/extracted/train/images/59c.jpg,data/raw/v2/ceymo/train/extracted/train/bbox_annotations/59c.xml,JB,JB:1,1,road_marking:1,yes,36ce982d68d5e8a10b303b951059d9271d9cf72862a5e7131bff9046d004afc6,,unique,audited_source_training_record,pre_split_source_candidate
5a,data/raw/v2/ceymo/train/extracted/train/images/5a.jpg,data/raw/v2/ceymo/train/extracted/train/bbox_annotations/5a.xml,DM,DM:2,2,road_marking:2,yes,e092ff0eac02c34d870940bb7b6383e05e796cd9d759b23768e16b030db07fe2,,unique,audited_source_training_record,pre_split_source_candidate
5b,data/raw/v2/ceymo/train/extracted/train/images/5b.jpg,data/raw/v2/ceymo/train/extracted/train/bbox_annotations/5b.xml,DM,DM:2,2,road_marking:2,yes,de097ddf218ca60df00f1f18468ef19454d931f06b934a999a53c161737e501e,,unique,audited_source_training_record,pre_split_source_candidate
6,data/raw/v2/ceymo/train/extracted/train/images/6.jpg,data/raw/v2/ceymo/train/extracted/train/bbox_annotations/6.xml,DM,DM:2,2,road_marking:2,yes,0f39c3acb5d6034aa1f87a31b9bd68d0040536fb45c2b27c7f88b40c29eb587c,,unique,audited_source_training_record,pre_split_source_candidate
60,data/raw/v2/ceymo/train/extracted/train/images/60.jpg,data/raw/v2/ceymo/train/extracted/train/bbox_annotations/60.xml,DM,DM:1,1,road_marking:1,yes,3ff6969e7515ced61b67609bd79fc24d9f7c90dd86013be177d04ab66f4bdab2,,unique,audited_source_training_record,pre_split_source_candidate
600,data/raw/v2/ceymo/train/extracted/train/images/600.jpg,data/raw/v2/ceymo/train/extracted/train/bbox_annotations/600.xml,SA;SRA,SA:1;SRA:1,2,road_marking:2,yes,8c57b6e5eeca021c19faf823bdadf587556b6868b0ac35882b4ba675545a4a92,,unique,audited_source_training_record,pre_split_source_candidate
600a,data/raw/v2/ceymo/train/extracted/train/images/600a.jpg,data/raw/v2/ceymo/train/extracted/train/bbox_annotations/600a.xml,SA;SRA,SA:1;SRA:1,2,road_marking:2,yes,9f40278f45298a3cd56c5c7680d31b6e2194e04751187422e8fba2602ddbb648,,unique,audited_source_training_record,pre_split_source_candidate
600b,data/raw/v2/ceymo/train/extracted/train/images/600b.jpg,data/raw/v2/ceymo/train/extracted/train/bbox_annotations/600b.xml,SA;SRA,SA:1;SRA:1,2,road_marking:2,yes,893a4f4905d7bd22f4f0678bead7506d4de1aa6da4229766a86e762f43c8ee6f,,unique,audited_source_training_record,pre_split_source_candidate
600c,data/raw/v2/ceymo/train/extracted/train/images/600c.jpg,data/raw/v2/ceymo/train/extracted/train/bbox_annotations/600c.xml,SA;SRA,SA:1;SRA:1,2,road_marking:2,yes,a884d09bfe434afadcaaf212bbf40fd4a20a37f7bea43e7cb651f8f8fa18fd02,,unique,audited_source_training_record,pre_split_source_candidate
600d,data/raw/v2/ceymo/train/extracted/train/images/600d.jpg,data/raw/v2/ceymo/train/extracted/train/bbox_annotations/600d.xml,SA;SRA,SA:1;SRA:1,2,road_marking:2,yes,04498cb8bca3f65f8c4ba62adcc8b221239bbaec3f29564f40a17dce7d37073d,,unique,audited_source_training_record,pre_split_source_candidate
601,data/raw/v2/ceymo/train/extracted/train/images/601.jpg,data/raw/v2/ceymo/train/extracted/train/bbox_annotations/601.xml,RA;SA,RA:1;SA:2,3,road_marking:3,yes,c6325ab76b8affd1a50b9cdba807b621876e5ebf23db525cc5811406c53fe7c2,,unique,audited_source_training_record,pre_split_source_candidate
602b,data/raw/v2/ceymo/train/extracted/train/images/602b.jpg,data/raw/v2/ceymo/train/extracted/train/bbox_annotations/602b.xml,RA;SA,RA:1;SA:2,3,road_marking:3,yes,f9cd2f95b519c71a7676300aec684788632d1720add4dfae959066103cecf6a9,ceymo_exact_dup_0002,redundant_copy,excluded_exact_duplicate,exclude_exact_duplicate
603a,data/raw/v2/ceymo/train/extracted/train/images/603a.jpg,data/raw/v2/ceymo/train/extracted/train/bbox_annotations/603a.xml,RA;SA,RA:1;SA:2,3,road_marking:3,yes,c3f27e3d9f41393707b5a9c8d346bd74c50f6380b3721043b984c37cb57e216d,,unique,audited_source_training_record,pre_split_source_candidate
604,data/raw/v2/ceymo/train/extracted/train/images/604.jpg,data/raw/v2/ceymo/train/extracted/train/bbox_annotations/604.xml,PC,PC:1,1,road_marking:1,yes,66da3089b9ed59e5e88c3994d262f4a8b2dc343bd74b9bc6eb1388817be0f1a3,,unique,audited_source_training_record,pre_split_source_candidate
604a,data/raw/v2/ceymo/train/extracted/train/images/604a.jpg,data/raw/v2/ceymo/train/extracted/train/bbox_annotations/604a.xml,PC,PC:1,1,road_marking:1,yes,1428ef5ad6f9f9e4805298e0e257badebe943f1dd5cb9c1ca11fcc8f7b578642,,unique,audited_source_training_record,pre_split_source_candidate
604b,data/raw/v2/ceymo/train/extracted/train/images/604b.jpg,data/raw/v2/ceymo/train/extracted/train/bbox_annotations/604b.xml,PC,PC:1,1,road_marking:1,yes,ad5af7d649ed9fbcc0a82ab0c4024da244bd155c7c1a81faca74fcb32e2aa1bc,,unique,audited_source_training_record,pre_split_source_candidate
604c,data/raw/v2/ceymo/train/extracted/train/images/604c.jpg,data/raw/v2/ceymo/train/extracted/train/bbox_annotations/604c.xml,PC,PC:1,1,road_marking:1,yes,ea8318be1988239846d568a8bdfca8e1335556056b50a162277ec1d3ebf0919f,,unique,audited_source_training_record,pre_split_source_candidate
605,data/raw/v2/ceymo/train/extracted/train/images/605.jpg,data/raw/v2/ceymo/train/extracted/train/bbox_annotations/605.xml,PC,PC:1,1,road_marking:1,yes,d70d25867b86433fa2e6047b3b1fda8b704213d04c26b49f6c8df51a42955223,ceymo_exact_dup_0001,keeper,duplicate_keeper_most_objects_then_source_id,pre_split_source_candidate
605b,data/raw/v2/ceymo/train/extracted/train/images/605b.jpg,data/raw/v2/ceymo/train/extracted/train/bbox_annotations/605b.xml,PC,PC:1,1,road_marking:1,yes,badbcd934d4c33305a7a360be34613ae504ffa9ae03d7ace8c2a6cd3afcedae7,,unique,audited_source_training_record,pre_split_source_candidate
606,data/raw/v2/ceymo/train/extracted/train/images/606.jpg,data/raw/v2/ceymo/train/extracted/train/bbox_annotations/606.xml,PC,PC:1,1,road_marking:1,yes,4fa9c9d65f3aec34fefd0e3c0562b3fc464aadf1258e929e98ad652cf6770dad,,unique,audited_source_training_record,pre_split_source_candidate
606b,data/raw/v2/ceymo/train/extracted/train/images/606b.jpg,data/raw/v2/ceymo/train/extracted/train/bbox_annotations/606b.xml,PC,PC:1,1,road_marking:1,yes,241eb3053b57e203bea81ed390985f3553e80b4e859fcd44917e74099dfd0384,,unique,audited_source_training_record,pre_split_source_candidate
606c,data/raw/v2/ceymo/train/extracted/train/images/606c.jpg,data/raw/v2/ceymo/train/extracted/train/bbox_annotations/606c.xml,PC,PC:1,1,road_marking:1,yes,a8e93ddd75f3bb40f641d88bd7f9eb33f5d8b19dc0bb4c4824e19f17e37ed300,,unique,audited_source_training_record,pre_split_source_candidate
608,data/raw/v2/ceymo/train/extracted/train/images/608.jpg,data/raw/v2/ceymo/train/extracted/train/bbox_annotations/608.xml,PC,PC:1,1,road_marking:1,yes,15142b3d9ac1468d0d31e42597021cc78f54746c15e2ec6572d9c1aacb5f85d9,,unique,audited_source_training_record,pre_split_source_candidate
608b,data/raw/v2/ceymo/train/extracted/train/images/608b.jpg,data/raw/v2/ceymo/train/extracted/train/bbox_annotations/608b.xml,PC,PC:1,1,road_marking:1,yes,806e24d642bdf61a9483b8e3a7844a556739082b466d71cfb7660376c691b091,,unique,audited_source_training_record,pre_split_source_candidate
608c,data/raw/v2/ceymo/train/extracted/train/images/608c.jpg,data/raw/v2/ceymo/train/extracted/train/bbox_annotations/608c.xml,PC,PC:1,1,road_marking:1,yes,0dad5e5d531cebb6dd2200ca79fea165b282385b60fed4af5ec5bbc48291dce8,,unique,audited_source_training_record,pre_split_source_candidate
609,data/raw/v2/ceymo/train/extracted/train/images/609.jpg,data/raw/v2/ceymo/train/extracted/train/bbox_annotations/609.xml,PC,PC:1,1,road_marking:1,yes,189b5659ed73b8306ddca8e8eff65d15f77bd26d0b58f0c5ad49c780585863ba,,unique,audited_source_training_record,pre_split_source_candidate
609a,data/raw/v2/ceymo/train/extracted/train/images/609a.jpg,data/raw/v2/ceymo/train/extracted/train/bbox_annotations/609a.xml,PC,PC:1,1,road_marking:1,yes,2e7ef4a878e6af6ef7cd3a196571ecf55bf3d5b366b9bc39834ee59ac4ae7957,,unique,audited_source_training_record,pre_split_source_candidate
609b,data/raw/v2/ceymo/train/extracted/train/images/609b.jpg,data/raw/v2/ceymo/train/extracted/train/bbox_annotations/609b.xml,PC,PC:1,1,road_marking:1,yes,b813e196216420c2f3f86e2c079cc6fee2593b70c1941838d05343661c0d7d4e,,unique,audited_source_training_record,pre_split_source_candidate
61,data/raw/v2/ceymo/train/extracted/train/images/61.jpg,data/raw/v2/ceymo/train/extracted/train/bbox_annotations/61.xml,PC,PC:1,1,road_marking:1,yes,cbf1455e350d5eb1e9ec91bca25e2e65ab228472d5468b0152be1c816edcf6c5,,unique,audited_source_training_record,pre_split_source_candidate
610,data/raw/v2/ceymo/train/extracted/train/images/610.jpg,data/raw/v2/ceymo/train/extracted/train/bbox_annotations/610.xml,PC,PC:1,1,road_marking:1,yes,73625d4d5e2ca808263b8d8e5876f9e3714b45e47faed63d0cc885112d27549c,,unique,audited_source_training_record,pre_split_source_candidate
610b,data/raw/v2/ceymo/train/extracted/train/images/610b.jpg,data/raw/v2/ceymo/train/extracted/train/bbox_annotations/610b.xml,PC,PC:1,1,road_marking:1,yes,a5d851d74c097b48dff5f1df4c53881c81f2f966e2b0c151232ff1d755ffdae5,,unique,audited_source_training_record,pre_split_source_candidate
611,data/raw/v2/ceymo/train/extracted/train/images/611.jpg,data/raw/v2/ceymo/train/extracted/train/bbox_annotations/611.xml,PC,PC:1,1,road_marking:1,yes,d750200074b8c1e1a27efc573500b3d4d86b98900f8f575e74a1c189e6aef59e,,unique,audited_source_training_record,pre_split_source_candidate
612,data/raw/v2/ceymo/train/extracted/train/images/612.jpg,data/raw/v2/ceymo/train/extracted/train/bbox_annotations/612.xml,SA;SRA,SA:1;SRA:1,2,road_marking:2,yes,4abf83940850ea0b616c441bee9701947ae7b596d9a00bd745baa7ccc9d227cf,,unique,audited_source_training_record,pre_split_source_candidate
612a,data/raw/v2/ceymo/train/extracted/train/images/612a.jpg,data/raw/v2/ceymo/train/extracted/train/bbox_annotations/612a.xml,SA;SRA,SA:1;SRA:1,2,road_marking:2,yes,3d9c0da0e77fceaee0bd15e6473468ddcee16a5a9d1f64331868708945a62171,,unique,audited_source_training_record,pre_split_source_candidate
612b,data/raw/v2/ceymo/train/extracted/train/images/612b.jpg,data/raw/v2/ceymo/train/extracted/train/bbox_annotations/612b.xml,SA;SRA,SA:1;SRA:1,2,road_marking:2,yes,13ae2ce63b443dbe0c1ed5e7be9b3dcc691e49feef18ef1203523aaf02f21468,,unique,audited_source_training_record,pre_split_source_candidate
612c,data/raw/v2/ceymo/train/extracted/train/images/612c.jpg,data/raw/v2/ceymo/train/extracted/train/bbox_annotations/612c.xml,SA;SRA,SA:1;SRA:1,2,road_marking:2,yes,394d15ea7ddd915e2ed74b49fe4522e85c51e9d557bd0222c5e47b70789c90f7,,unique,audited_source_training_record,pre_split_source_candidate
613,data/raw/v2/ceymo/train/extracted/train/images/613.jpg,data/raw/v2/ceymo/train/extracted/train/bbox_annotations/613.xml,SA;SRA,SA:1;SRA:1,2,road_marking:2,yes,bdaf0125e1669722764e54a272c0fb9fdae35c2c79679a049e340987885ccd1a,,unique,audited_source_training_record,pre_split_source_candidate
613a,data/raw/v2/ceymo/train/extracted/train/images/613a.jpg,data/raw/v2/ceymo/train/extracted/train/bbox_annotations/613a.xml,SA;SRA,SA:1;SRA:1,2,road_marking:2,yes,e738afb803b38ff0982bcb9ae68b3e8e9367e70d094ab98959c567b5f7ff8453,,unique,audited_source_training_record,pre_split_source_candidate
613b,data/raw/v2/ceymo/train/extracted/train/images/613b.jpg,data/raw/v2/ceymo/train/extracted/train/bbox_annotations/613b.xml,SA;SRA,SA:1;SRA:1,2,road_marking:2,yes,69043e2afb29faaff8d9ec1a3d3fe9ac816728f4041d56b7692553a32aac86ea,,unique,audited_source_training_record,pre_split_source_candidate
613c,data/raw/v2/ceymo/train/extracted/train/images/613c.jpg,data/raw/v2/ceymo/train/extracted/train/bbox_annotations/613c.xml,SA;SRA,SA:1;SRA:1,2,road_marking:2,yes,e86d3d9c8b6ec02008fd718dc0dd3529f8f23573e4f79a67c75ebff4f982683d,,unique,audited_source_training_record,pre_split_source_candidate
614,data/raw/v2/ceymo/train/extracted/train/images/614.jpg,data/raw/v2/ceymo/train/extracted/train/bbox_annotations/614.xml,RA;SA,RA:2;SA:4,6,road_marking:6,yes,1a526c185256c4d32fdc5b205e4b336ee9fb47b08fa1fafe74869f2a593d25d1,,unique,audited_source_training_record,pre_split_source_candidate
614a,data/raw/v2/ceymo/train/extracted/train/images/614a.jpg,data/raw/v2/ceymo/train/extracted/train/bbox_annotations/614a.xml,RA;SA,RA:2;SA:4,6,road_marking:6,yes,9cf0a570e476c028719e187375ab9a95c14cc83efb42fed06f8a60d6a24cbecd,,unique,audited_source_training_record,pre_split_source_candidate
614b,data/raw/v2/ceymo/train/extracted/train/images/614b.jpg,data/raw/v2/ceymo/train/extracted/train/bbox_annotations/614b.xml,RA;SA,RA:2;SA:4,6,road_marking:6,yes,44f8a173efbe9bc2f4f348b4af37fc9418e2788a467265e815857b2c9ba0abb3,,unique,audited_source_training_record,pre_split_source_candidate
614c,data/raw/v2/ceymo/train/extracted/train/images/614c.jpg,data/raw/v2/ceymo/train/extracted/train/bbox_annotations/614c.xml,RA;SA,RA:2;SA:4,6,road_marking:6,yes,6ddba27eb2c94dd376a869d659eae6b69028cea968a87359a858c6f104e053d3,,unique,audited_source_training_record,pre_split_source_candidate
614d,data/raw/v2/ceymo/train/extracted/train/images/614d.jpg,data/raw/v2/ceymo/train/extracted/train/bbox_annotations/614d.xml,RA;SA,RA:3;SA:3,6,road_marking:6,yes,f826c901ae8243dc52131f3aa82398957ff323a596d234ac8247d03f69c486a2,,unique,audited_source_training_record,pre_split_source_candidate
615,data/raw/v2/ceymo/train/extracted/train/images/615.jpg,data/raw/v2/ceymo/train/extracted/train/bbox_annotations/615.xml,RA;SA,RA:2;SA:4,6,road_marking:6,yes,f8988c08141ff31b788162203ff388656410b0a51793ca1cfccf0cc8115ab90d,,unique,audited_source_training_record,pre_split_source_candidate
615a,data/raw/v2/ceymo/train/extracted/train/images/615a.jpg,data/raw/v2/ceymo/train/extracted/train/bbox_annotations/615a.xml,RA;SA,RA:2;SA:4,6,road_marking:6,yes,cdab59ffc73500990f1eeddd56020983fa8c8736543a861bc1a1ca17609a91cf,,unique,audited_source_training_record,pre_split_source_candidate
615b,data/raw/v2/ceymo/train/extracted/train/images/615b.jpg,data/raw/v2/ceymo/train/extracted/train/bbox_annotations/615b.xml,RA;SA,RA:2;SA:4,6,road_marking:6,yes,f9cd2f95b519c71a7676300aec684788632d1720add4dfae959066103cecf6a9,ceymo_exact_dup_0002,keeper,duplicate_keeper_most_objects_then_source_id,pre_split_source_candidate
615c,data/raw/v2/ceymo/train/extracted/train/images/615c.jpg,data/raw/v2/ceymo/train/extracted/train/bbox_annotations/615c.xml,RA;SA,RA:2;SA:4,6,road_marking:6,yes,209b0b18859c84030a7287f52a3345b848c1a1fbbbbd7fe8d5a34a902f47e617,,unique,audited_source_training_record,pre_split_source_candidate
616,data/raw/v2/ceymo/train/extracted/train/images/616.jpg,data/raw/v2/ceymo/train/extracted/train/bbox_annotations/616.xml,RA;SA,RA:1;SA:2,3,road_marking:3,yes,784956655a01b02ef15e26e76bda1197c6ef15a294f43a4e9894d58f22044daf,,unique,audited_source_training_record,pre_split_source_candidate
616a,data/raw/v2/ceymo/train/extracted/train/images/616a.jpg,data/raw/v2/ceymo/train/extracted/train/bbox_annotations/616a.xml,RA;SA,RA:1;SA:2,3,road_marking:3,yes,ef28177b990d44c6027a6de999456f2d4583f0efc448603c065901e482d321b7,,unique,audited_source_training_record,pre_split_source_candidate
616b,data/raw/v2/ceymo/train/extracted/train/images/616b.jpg,data/raw/v2/ceymo/train/extracted/train/bbox_annotations/616b.xml,RA;SA,RA:1;SA:2,3,road_marking:3,yes,36fdbde57d4902717c099c119f6cd8775296628aa59079cf74f876f2d18b72f9,,unique,audited_source_training_record,pre_split_source_candidate
617,data/raw/v2/ceymo/train/extracted/train/images/617.jpg,data/raw/v2/ceymo/train/extracted/train/bbox_annotations/617.xml,PC,PC:1,1,road_marking:1,yes,ca1f32c5c3b20b01951c83aca11faa4a493702d1220934e402c0d354e1dd3794,,unique,audited_source_training_record,pre_split_source_candidate
617a,data/raw/v2/ceymo/train/extracted/train/images/617a.jpg,data/raw/v2/ceymo/train/extracted/train/bbox_annotations/617a.xml,PC,PC:1,1,road_marking:1,yes,be5b05e5b00b80866b86f39316dcfbf140ca9c6da1c1f14f28a69d8cda626b9c,,unique,audited_source_training_record,pre_split_source_candidate
617b,data/raw/v2/ceymo/train/extracted/train/images/617b.jpg,data/raw/v2/ceymo/train/extracted/train/bbox_annotations/617b.xml,PC,PC:1,1,road_marking:1,yes,4ab5ca4bc1bf3ced5ceef696f1d88b69c9ec68ce458ca39534d8d8300c5c8117,,unique,audited_source_training_record,pre_split_source_candidate
617c,data/raw/v2/ceymo/train/extracted/train/images/617c.jpg,data/raw/v2/ceymo/train/extracted/train/bbox_annotations/617c.xml,PC,PC:1,1,road_marking:1,yes,d7a710ae7d688454a94a16d8f7c568d263fe1e1c3609e9bdefedead0c09a8b9f,,unique,audited_source_training_record,pre_split_source_candidate
617d,data/raw/v2/ceymo/train/extracted/train/images/617d.jpg,data/raw/v2/ceymo/train/extracted/train/bbox_annotations/617d.xml,PC,PC:1,1,road_marking:1,yes,3df73e81fdcec1b732e604a268b2ce161e6f18259a1083a429d1ba1c6309b4a2,,unique,audited_source_training_record,pre_split_source_candidate
618,data/raw/v2/ceymo/train/extracted/train/images/618.jpg,data/raw/v2/ceymo/train/extracted/train/bbox_annotations/618.xml,PC,PC:1,1,road_marking:1,yes,02c9a2314dd1aedeb3ee0678522cb51cf1dd241b28e8a57dd8456df3897ca54b,,unique,audited_source_training_record,pre_split_source_candidate
618a,data/raw/v2/ceymo/train/extracted/train/images/618a.jpg,data/raw/v2/ceymo/train/extracted/train/bbox_annotations/618a.xml,PC,PC:1,1,road_marking:1,yes,7a4ec278a985879e23cce5463df012ab836cf0e366949a90f8a2fccb2976f135,,unique,audited_source_training_record,pre_split_source_candidate
618b,data/raw/v2/ceymo/train/extracted/train/images/618b.jpg,data/raw/v2/ceymo/train/extracted/train/bbox_annotations/618b.xml,PC,PC:1,1,road_marking:1,yes,5f22a14d6f656233977e602d64ff73681c645bbf911c39911f06ba253ab372db,,unique,audited_source_training_record,pre_split_source_candidate
618c,data/raw/v2/ceymo/train/extracted/train/images/618c.jpg,data/raw/v2/ceymo/train/extracted/train/bbox_annotations/618c.xml,PC,PC:1,1,road_marking:1,yes,d70d25867b86433fa2e6047b3b1fda8b704213d04c26b49f6c8df51a42955223,ceymo_exact_dup_0001,redundant_copy,excluded_exact_duplicate,exclude_exact_duplicate
618d,data/raw/v2/ceymo/train/extracted/train/images/618d.jpg,data/raw/v2/ceymo/train/extracted/train/bbox_annotations/618d.xml,PC,PC:1,1,road_marking:1,yes,b635052b573b0921b7cab61659dead8c91fa7d7c25075e3b02eb142897085fde,,unique,audited_source_training_record,pre_split_source_candidate
619,data/raw/v2/ceymo/train/extracted/train/images/619.jpg,data/raw/v2/ceymo/train/extracted/train/bbox_annotations/619.xml,PC,PC:1,1,road_marking:1,yes,4908121e2c19dd32002d9b8476ab8103991326df8c1836658dcc10975cd4e536,,unique,audited_source_training_record,pre_split_source_candidate
619a,data/raw/v2/ceymo/train/extracted/train/images/619a.jpg,data/raw/v2/ceymo/train/extracted/train/bbox_annotations/619a.xml,PC,PC:1,1,road_marking:1,yes,b8716b5786c1d4f2cdfbbe8154d62885d1f375ba32022977d5f1242da38d30cd,,unique,audited_source_training_record,pre_split_source_candidate
619b,data/raw/v2/ceymo/train/extracted/train/images/619b.jpg,data/raw/v2/ceymo/train/extracted/train/bbox_annotations/619b.xml,PC,PC:1,1,road_marking:1,yes,8b5e3455ffee34f0eb656eada42b86d2ea29deee1f3e51e21d7a6ade38acf4a0,,unique,audited_source_training_record,pre_split_source_candidate
619c,data/raw/v2/ceymo/train/extracted/train/images/619c.jpg,data/raw/v2/ceymo/train/extracted/train/bbox_annotations/619c.xml,PC,PC:1,1,road_marking:1,yes,963f2cabe582376bba98d4ef986ebd539e221e2c8781dc7d1f2e8a98aa98fc30,,unique,audited_source_training_record,pre_split_source_candidate
619d,data/raw/v2/ceymo/train/extracted/train/images/619d.jpg,data/raw/v2/ceymo/train/extracted/train/bbox_annotations/619d.xml,PC,PC:1,1,road_marking:1,yes,100440ee1e8ab14cdbc23cf249a5b9ba9795ce2dffe6eb9e3beb6d35d41ed297,,unique,audited_source_training_record,pre_split_source_candidate
61a,data/raw/v2/ceymo/train/extracted/train/images/61a.jpg,data/raw/v2/ceymo/train/extracted/train/bbox_annotations/61a.xml,PC,PC:1,1,road_marking:1,yes,2fe8dae945f63dd0b13e9cf4be2ea763c3d30e25758b23df70fba1e90d3970b4,,unique,audited_source_training_record,pre_split_source_candidate
61b,data/raw/v2/ceymo/train/extracted/train/images/61b.jpg,data/raw/v2/ceymo/train/extracted/train/bbox_annotations/61b.xml,PC,PC:1,1,road_marking:1,yes,cd1e800a03e5f39dc923862fabc99f5313521f0b7ba73c80c7d448fc3275cf0d,,unique,audited_source_training_record,pre_split_source_candidate
62,data/raw/v2/ceymo/train/extracted/train/images/62.jpg,data/raw/v2/ceymo/train/extracted/train/bbox_annotations/62.xml,JB,JB:1,1,road_marking:1,yes,60fa5626e5fb1c7530d691a6a506f90995b6c33dcbc3cdb6db5b1b3a78ead160,,unique,audited_source_training_record,pre_split_source_candidate
620,data/raw/v2/ceymo/train/extracted/train/images/620.jpg,data/raw/v2/ceymo/train/extracted/train/bbox_annotations/620.xml,PC,PC:1,1,road_marking:1,yes,c89b28229603dfad38f5429ee1ffed5a35c526ff564fecaea9b364c82a702920,,unique,audited_source_training_record,pre_split_source_candidate
620a,data/raw/v2/ceymo/train/extracted/train/images/620a.jpg,data/raw/v2/ceymo/train/extracted/train/bbox_annotations/620a.xml,PC,PC:1,1,road_marking:1,yes,0c7eec9ae4114452cd94a52acb8759399ae334c7ccc39120a70c2567be274dbe,,unique,audited_source_training_record,pre_split_source_candidate
620b,data/raw/v2/ceymo/train/extracted/train/images/620b.jpg,data/raw/v2/ceymo/train/extracted/train/bbox_annotations/620b.xml,PC,PC:1,1,road_marking:1,yes,e375e6ae99acdc0ce2478a04d595df3cd3268dbadcb2e04693392cc219772119,,unique,audited_source_training_record,pre_split_source_candidate
620c,data/raw/v2/ceymo/train/extracted/train/images/620c.jpg,data/raw/v2/ceymo/train/extracted/train/bbox_annotations/620c.xml,PC,PC:1,1,road_marking:1,yes,ed421668e6c923ee60de005673b2fb4e5378a55f192d1995825e33f2e4d3de7b,,unique,audited_source_training_record,pre_split_source_candidate
620d,data/raw/v2/ceymo/train/extracted/train/images/620d.jpg,data/raw/v2/ceymo/train/extracted/train/bbox_annotations/620d.xml,PC,PC:1,1,road_marking:1,yes,4c66363f46765a30662249f664c638374827c1f6fad77bbbe4202962440f9ef2,,unique,audited_source_training_record,pre_split_source_candidate
621,data/raw/v2/ceymo/train/extracted/train/images/621.jpg,data/raw/v2/ceymo/train/extracted/train/bbox_annotations/621.xml,PC,PC:1,1,road_marking:1,yes,6c581267ac710e0e9b80b81bd73900215a42657c05fb57f3e2a2815717807fd7,,unique,audited_source_training_record,pre_split_source_candidate
621a,data/raw/v2/ceymo/train/extracted/train/images/621a.jpg,data/raw/v2/ceymo/train/extracted/train/bbox_annotations/621a.xml,PC,PC:1,1,road_marking:1,yes,6580163926447fb80ee11a7c25cf985f28f3fbf236633dbc695aec43c0d1955f,,unique,audited_source_training_record,pre_split_source_candidate
621b,data/raw/v2/ceymo/train/extracted/train/images/621b.jpg,data/raw/v2/ceymo/train/extracted/train/bbox_annotations/621b.xml,PC,PC:1,1,road_marking:1,yes,cc8516824ea2f67c60a842bcc7e57fa0a16d17351efc3bca2549233fdd98d6c7,,unique,audited_source_training_record,pre_split_source_candidate
621c,data/raw/v2/ceymo/train/extracted/train/images/621c.jpg,data/raw/v2/ceymo/train/extracted/train/bbox_annotations/621c.xml,PC,PC:1,1,road_marking:1,yes,a963b433cbd1116f37a1c0b6d4f4742d75136b29fa04204362088b7b774deda5,,unique,audited_source_training_record,pre_split_source_candidate
621d,data/raw/v2/ceymo/train/extracted/train/images/621d.jpg,data/raw/v2/ceymo/train/extracted/train/bbox_annotations/621d.xml,PC,PC:1,1,road_marking:1,yes,1374c9e4c31ee1d76b623ea5ed09d475a319cc084c36541bffd42ab4e6f395fa,,unique,audited_source_training_record,pre_split_source_candidate
622,data/raw/v2/ceymo/train/extracted/train/images/622.jpg,data/raw/v2/ceymo/train/extracted/train/bbox_annotations/622.xml,PC,PC:1,1,road_marking:1,yes,765e4a1135f7475642974ccb6271ef87c65364094574d00528252690a83a3b8c,,unique,audited_source_training_record,pre_split_source_candidate
622a,data/raw/v2/ceymo/train/extracted/train/images/622a.jpg,data/raw/v2/ceymo/train/extracted/train/bbox_annotations/622a.xml,PC,PC:1,1,road_marking:1,yes,8b165a11a3eb7abc97fc67b45d4c35a71edf7d73f29cd2999a9e1d46e6867852,,unique,audited_source_training_record,pre_split_source_candidate
622b,data/raw/v2/ceymo/train/extracted/train/images/622b.jpg,data/raw/v2/ceymo/train/extracted/train/bbox_annotations/622b.xml,PC,PC:1,1,road_marking:1,yes,c0019f36f67bd95bfb5f4fb257241151d3bbbd0be3845c67981c376a25ee45df,,unique,audited_source_training_record,pre_split_source_candidate
622c,data/raw/v2/ceymo/train/extracted/train/images/622c.jpg,data/raw/v2/ceymo/train/extracted/train/bbox_annotations/622c.xml,PC,PC:1,1,road_marking:1,yes,985a21d803a3532b09cad7ce870f11beeac357e1f3fd32e69aafd9e3ed9c74e1,,unique,audited_source_training_record,pre_split_source_candidate
623,data/raw/v2/ceymo/train/extracted/train/images/623.jpg,data/raw/v2/ceymo/train/extracted/train/bbox_annotations/623.xml,PC,PC:1,1,road_marking:1,yes,d4a4ff14488ea7f245e3cdcb661e2f5dcdcef277ed687f1ad0605a0d42d1f10b,,unique,audited_source_training_record,pre_split_source_candidate
623a,data/raw/v2/ceymo/train/extracted/train/images/623a.jpg,data/raw/v2/ceymo/train/extracted/train/bbox_annotations/623a.xml,PC,PC:1,1,road_marking:1,yes,9b9b590dbbee918fde871c218e74ab896590c1242baa028adee700d4ce1c0661,,unique,audited_source_training_record,pre_split_source_candidate
624,data/raw/v2/ceymo/train/extracted/train/images/624.jpg,data/raw/v2/ceymo/train/extracted/train/bbox_annotations/624.xml,PC,PC:1,1,road_marking:1,yes,29ab8d7a49bbce191f7d9bc36527b60adb0097edb37792e0122ad68ccb031cd7,,unique,audited_source_training_record,pre_split_source_candidate
624a,data/raw/v2/ceymo/train/extracted/train/images/624a.jpg,data/raw/v2/ceymo/train/extracted/train/bbox_annotations/624a.xml,PC,PC:1,1,road_marking:1,yes,54446d035353918baa89b604e88e60ac043f7e08285bd4d1136bd2adc1db5257,,unique,audited_source_training_record,pre_split_source_candidate
624b,data/raw/v2/ceymo/train/extracted/train/images/624b.jpg,data/raw/v2/ceymo/train/extracted/train/bbox_annotations/624b.xml,PC,PC:1,1,road_marking:1,yes,3698887cf8d8061e7b65bae9618887d31efc499b78c4d1c3e875dd27bea7021d,,unique,audited_source_training_record,pre_split_source_candidate
624c,data/raw/v2/ceymo/train/extracted/train/images/624c.jpg,data/raw/v2/ceymo/train/extracted/train/bbox_annotations/624c.xml,PC,PC:1,1,road_marking:1,yes,76eb105beb3cb67a6f1715851779d6146375dbdfc20652a72945d654a50f9af6,,unique,audited_source_training_record,pre_split_source_candidate
624d,data/raw/v2/ceymo/train/extracted/train/images/624d.jpg,data/raw/v2/ceymo/train/extracted/train/bbox_annotations/624d.xml,PC,PC:1,1,road_marking:1,yes,08dcfd159e34e251180fd4f5c8700f1c481815765c13a4b469dd310076c71bd2,,unique,audited_source_training_record,pre_split_source_candidate
625,data/raw/v2/ceymo/train/extracted/train/images/625.jpg,data/raw/v2/ceymo/train/extracted/train/bbox_annotations/625.xml,PC,PC:1,1,road_marking:1,yes,8711d8ee1deb660636bbbb0d1197857d5b1869e9ee7b31528cef9f98a2090a56,,unique,audited_source_training_record,pre_split_source_candidate
625a,data/raw/v2/ceymo/train/extracted/train/images/625a.jpg,data/raw/v2/ceymo/train/extracted/train/bbox_annotations/625a.xml,PC,PC:1,1,road_marking:1,yes,5e72f1f9474e5cb6fbf12ab715736d7a8ac54ecd6688ab9469d0b5b7c93d915d,,unique,audited_source_training_record,pre_split_source_candidate
625b,data/raw/v2/ceymo/train/extracted/train/images/625b.jpg,data/raw/v2/ceymo/train/extracted/train/bbox_annotations/625b.xml,PC,PC:1,1,road_marking:1,yes,633736e77fa69ace6c4eaa1bf5692918957e213634d3ad5501796ad295d9a980,,unique,audited_source_training_record,pre_split_source_candidate
625c,data/raw/v2/ceymo/train/extracted/train/images/625c.jpg,data/raw/v2/ceymo/train/extracted/train/bbox_annotations/625c.xml,PC,PC:1,1,road_marking:1,yes,a82ee6a62c4f8fc6343063bab3d941994dda552fe08cd23898a541da12cfa62b,,unique,audited_source_training_record,pre_split_source_candidate
625d,data/raw/v2/ceymo/train/extracted/train/images/625d.jpg,data/raw/v2/ceymo/train/extracted/train/bbox_annotations/625d.xml,PC,PC:1,1,road_marking:1,yes,07c5b559d9acfedc4c73d02530bb8c284c02b1e9a84959103ef740cc4b87cd7b,,unique,audited_source_training_record,pre_split_source_candidate
626,data/raw/v2/ceymo/train/extracted/train/images/626.jpg,data/raw/v2/ceymo/train/extracted/train/bbox_annotations/626.xml,PC,PC:1,1,road_marking:1,yes,615e5348d3467179496d8bdc29bdc3f784ebf577dfae4cb3fd001eec05959d30,,unique,audited_source_training_record,pre_split_source_candidate
626a,data/raw/v2/ceymo/train/extracted/train/images/626a.jpg,data/raw/v2/ceymo/train/extracted/train/bbox_annotations/626a.xml,PC,PC:1,1,road_marking:1,yes,61b7150004df2470cf7410acfb586db34edd9d25e360a8842fe65457178bea47,,unique,audited_source_training_record,pre_split_source_candidate
626b,data/raw/v2/ceymo/train/extracted/train/images/626b.jpg,data/raw/v2/ceymo/train/extracted/train/bbox_annotations/626b.xml,PC,PC:1,1,road_marking:1,yes,934bf95b9fa743938f7db779de9db64cee936728cb994ef2aeabbd4bcf57aa7b,,unique,audited_source_training_record,pre_split_source_candidate
626c,data/raw/v2/ceymo/train/extracted/train/images/626c.jpg,data/raw/v2/ceymo/train/extracted/train/bbox_annotations/626c.xml,PC,PC:1,1,road_marking:1,yes,68e5439fe5c88ea50c61e6ac30d3d6d0fe8ec1cb7058009b6bb455ff5bb969d2,,unique,audited_source_training_record,pre_split_source_candidate
626d,data/raw/v2/ceymo/train/extracted/train/images/626d.jpg,data/raw/v2/ceymo/train/extracted/train/bbox_annotations/626d.xml,PC,PC:1,1,road_marking:1,yes,e97150e093fe5418276591b491a5143375cc3f50616201fa7c5ebe67702a3da5,,unique,audited_source_training_record,pre_split_source_candidate
627,data/raw/v2/ceymo/train/extracted/train/images/627.jpg,data/raw/v2/ceymo/train/extracted/train/bbox_annotations/627.xml,PC,PC:1,1,road_marking:1,yes,5889c4e002300511cbf34e4ae4c7f5f8ee6fc20b294a72061111271226c0eefc,,unique,audited_source_training_record,pre_split_source_candidate
627a,data/raw/v2/ceymo/train/extracted/train/images/627a.jpg,data/raw/v2/ceymo/train/extracted/train/bbox_annotations/627a.xml,PC,PC:1,1,road_marking:1,yes,b60be37eecd867371393667f529b1a8beabb1fe503161013b663da80e96c48e8,,unique,audited_source_training_record,pre_split_source_candidate
627b,data/raw/v2/ceymo/train/extracted/train/images/627b.jpg,data/raw/v2/ceymo/train/extracted/train/bbox_annotations/627b.xml,PC,PC:1,1,road_marking:1,yes,da3435cabc04e290012baeac9a89df682f12cfb08061ec77a6fc99972812df44,,unique,audited_source_training_record,pre_split_source_candidate
627c,data/raw/v2/ceymo/train/extracted/train/images/627c.jpg,data/raw/v2/ceymo/train/extracted/train/bbox_annotations/627c.xml,PC,PC:1,1,road_marking:1,yes,20197a84627dfa7db7307d1cd1c3d862acf2608db96994df06c1ffeb665496cd,,unique,audited_source_training_record,pre_split_source_candidate
628,data/raw/v2/ceymo/train/extracted/train/images/628.jpg,data/raw/v2/ceymo/train/extracted/train/bbox_annotations/628.xml,PC,PC:1,1,road_marking:1,yes,1bd243f461c4810e4b882e9b813081b8d471c8af7f005366bee6337825451d44,,unique,audited_source_training_record,pre_split_source_candidate
628a,data/raw/v2/ceymo/train/extracted/train/images/628a.jpg,data/raw/v2/ceymo/train/extracted/train/bbox_annotations/628a.xml,PC,PC:1,1,road_marking:1,yes,8c0cc9a24b76c81b9b9b24f0f815110652c4725f6ca7b8233cfeecb919943f69,,unique,audited_source_training_record,pre_split_source_candidate
628b,data/raw/v2/ceymo/train/extracted/train/images/628b.jpg,data/raw/v2/ceymo/train/extracted/train/bbox_annotations/628b.xml,PC,PC:1,1,road_marking:1,yes,4797c5abd687304960da02eba7ff1f69b524e7d5d052b0ca896cc8875924378c,,unique,audited_source_training_record,pre_split_source_candidate
628c,data/raw/v2/ceymo/train/extracted/train/images/628c.jpg,data/raw/v2/ceymo/train/extracted/train/bbox_annotations/628c.xml,PC,PC:1,1,road_marking:1,yes,50119b8d196a7ff6faecf258a7d2614f2771fe75caaf1c1fb92e26069ffa2083,,unique,audited_source_training_record,pre_split_source_candidate
629,data/raw/v2/ceymo/train/extracted/train/images/629.jpg,data/raw/v2/ceymo/train/extracted/train/bbox_annotations/629.xml,SA;SRA,SA:1;SRA:1,2,road_marking:2,yes,d2946088378efbc25c79bc2d2c54dfee396c279d1b97473dd0be3993e4777533,,unique,audited_source_training_record,pre_split_source_candidate
62a,data/raw/v2/ceymo/train/extracted/train/images/62a.jpg,data/raw/v2/ceymo/train/extracted/train/bbox_annotations/62a.xml,JB,JB:1,1,road_marking:1,yes,b5d40c790ec0bca21c7ebf4360d5ddda7dba4457c5571a1f91c13056b253355f,,unique,audited_source_training_record,pre_split_source_candidate
62b,data/raw/v2/ceymo/train/extracted/train/images/62b.jpg,data/raw/v2/ceymo/train/extracted/train/bbox_annotations/62b.xml,JB,JB:1,1,road_marking:1,yes,944b0f63b7fc6e8ee2a837e19aeeae92f879ccd4e9e8b63e8fa4490f537c6840,,unique,audited_source_training_record,pre_split_source_candidate
62c,data/raw/v2/ceymo/train/extracted/train/images/62c.jpg,data/raw/v2/ceymo/train/extracted/train/bbox_annotations/62c.xml,JB,JB:1,1,road_marking:1,yes,5fb52c4c9cc2bbd02383bfc45acf0c96f596428dcc5e03243bc05d98d68c10e3,,unique,audited_source_training_record,pre_split_source_candidate
63,data/raw/v2/ceymo/train/extracted/train/images/63.jpg,data/raw/v2/ceymo/train/extracted/train/bbox_annotations/63.xml,JB,JB:1,1,road_marking:1,yes,e6e7595bd72eb4f9ee272cf76b2e5a3dca9aab43f1afe1648122e6a20ff70999,,unique,audited_source_training_record,pre_split_source_candidate
630,data/raw/v2/ceymo/train/extracted/train/images/630.jpg,data/raw/v2/ceymo/train/extracted/train/bbox_annotations/630.xml,PC,PC:1,1,road_marking:1,yes,05c9f5f299f6cd73488c5ff8e1af6c0b99cfab2aaba51b7b0e3f59e9f0642094,,unique,audited_source_training_record,pre_split_source_candidate
630a,data/raw/v2/ceymo/train/extracted/train/images/630a.jpg,data/raw/v2/ceymo/train/extracted/train/bbox_annotations/630a.xml,PC,PC:1,1,road_marking:1,yes,ec63d345d36f407c42ef2d792cbcb13406e15ad537dbc3ecec7e8313c8b70f22,,unique,audited_source_training_record,pre_split_source_candidate
630b,data/raw/v2/ceymo/train/extracted/train/images/630b.jpg,data/raw/v2/ceymo/train/extracted/train/bbox_annotations/630b.xml,PC,PC:1,1,road_marking:1,yes,72680b402dc9a148bdf7980370c9d116d6ff925e765f8f8b0eb1cc26b2444ae1,,unique,audited_source_training_record,pre_split_source_candidate
630c,data/raw/v2/ceymo/train/extracted/train/images/630c.jpg,data/raw/v2/ceymo/train/extracted/train/bbox_annotations/630c.xml,PC,PC:1,1,road_marking:1,yes,640bfc9e2726d65778d6df818bdb4b24cd5e03bbcc1dfa20c014e4ca8a229bcd,,unique,audited_source_training_record,pre_split_source_candidate
631,data/raw/v2/ceymo/train/extracted/train/images/631.jpg,data/raw/v2/ceymo/train/extracted/train/bbox_annotations/631.xml,PC,PC:1,1,road_marking:1,yes,569513cc7d38f38f2ecefff1966f5f6f800e43541a4d34761640dc74a5bb9dfa,,unique,audited_source_training_record,pre_split_source_candidate
631a,data/raw/v2/ceymo/train/extracted/train/images/631a.jpg,data/raw/v2/ceymo/train/extracted/train/bbox_annotations/631a.xml,PC,PC:1,1,road_marking:1,yes,62aa5ed371a43dda2ed376223fca8018fe2bf2a29992f9270a592be468f35a99,,unique,audited_source_training_record,pre_split_source_candidate
631b,data/raw/v2/ceymo/train/extracted/train/images/631b.jpg,data/raw/v2/ceymo/train/extracted/train/bbox_annotations/631b.xml,PC,PC:1,1,road_marking:1,yes,c66d62b95ddf8a9b2f6b2b14c1d9bc0c909e9cf6dd6a3ec311966b96fc2eb22f,,unique,audited_source_training_record,pre_split_source_candidate
631c,data/raw/v2/ceymo/train/extracted/train/images/631c.jpg,data/raw/v2/ceymo/train/extracted/train/bbox_annotations/631c.xml,PC,PC:1,1,road_marking:1,yes,726b015cf0284aacd91ba5ebbd60e31770b2111149ec562580a3fbfe35bd9223,,unique,audited_source_training_record,pre_split_source_candidate
631d,data/raw/v2/ceymo/train/extracted/train/images/631d.jpg,data/raw/v2/ceymo/train/extracted/train/bbox_annotations/631d.xml,PC,PC:1,1,road_marking:1,yes,9c0a7023a671d6a766b8e6dd6826a84eb1d6922891ae9c1ccaff91600970597d,,unique,audited_source_training_record,pre_split_source_candidate
632,data/raw/v2/ceymo/train/extracted/train/images/632.jpg,data/raw/v2/ceymo/train/extracted/train/bbox_annotations/632.xml,PC,PC:1,1,road_marking:1,yes,362bc2049226be5b333cf0e1854bd4f315657a376cb59d6864d94fbde4fce8c1,,unique,audited_source_training_record,pre_split_source_candidate
632a,data/raw/v2/ceymo/train/extracted/train/images/632a.jpg,data/raw/v2/ceymo/train/extracted/train/bbox_annotations/632a.xml,PC,PC:1,1,road_marking:1,yes,c2a39c59414e484e9f95a43af581c801a59c3db3c3b6062658de0f25d08ae921,,unique,audited_source_training_record,pre_split_source_candidate
632b,data/raw/v2/ceymo/train/extracted/train/images/632b.jpg,data/raw/v2/ceymo/train/extracted/train/bbox_annotations/632b.xml,PC,PC:1,1,road_marking:1,yes,60ebf8974873d2354eb64ed2a3466dae2d651efed84f4773da5d245febc299ca,,unique,audited_source_training_record,pre_split_source_candidate
632c,data/raw/v2/ceymo/train/extracted/train/images/632c.jpg,data/raw/v2/ceymo/train/extracted/train/bbox_annotations/632c.xml,PC,PC:1,1,road_marking:1,yes,c41ff1ad741aab6dbec58371e5c7c797518850db23452626a93e7e82c399fc63,,unique,audited_source_training_record,pre_split_source_candidate
633,data/raw/v2/ceymo/train/extracted/train/images/633.jpg,data/raw/v2/ceymo/train/extracted/train/bbox_annotations/633.xml,PC,PC:1,1,road_marking:1,yes,207fb35bd86965358898fd8567b75ce3f349f60456121790b912d2bc2d55b8c2,,unique,audited_source_training_record,pre_split_source_candidate
634,data/raw/v2/ceymo/train/extracted/train/images/634.jpg,data/raw/v2/ceymo/train/extracted/train/bbox_annotations/634.xml,RA;SA,RA:1;SA:1,2,road_marking:2,yes,d1525c461078c2996595c05f0ff0c7faf2b74cc9d4a7a4ad98293ce48985185d,,unique,audited_source_training_record,pre_split_source_candidate
634a,data/raw/v2/ceymo/train/extracted/train/images/634a.jpg,data/raw/v2/ceymo/train/extracted/train/bbox_annotations/634a.xml,RA,RA:1,1,road_marking:1,yes,24c2e54e3986765bbf3b06cf3b9b5ffddbbeca1ac7d1bd0553ec7b9979808341,,unique,audited_source_training_record,pre_split_source_candidate
634b,data/raw/v2/ceymo/train/extracted/train/images/634b.jpg,data/raw/v2/ceymo/train/extracted/train/bbox_annotations/634b.xml,RA,RA:1,1,road_marking:1,yes,9d8d96ad848d47fc7be83f8d685fa8f40e13170da28453fb6022643fb8468a48,,unique,audited_source_training_record,pre_split_source_candidate
634c,data/raw/v2/ceymo/train/extracted/train/images/634c.jpg,data/raw/v2/ceymo/train/extracted/train/bbox_annotations/634c.xml,RA;SA,RA:1;SA:1,2,road_marking:2,yes,e87c528ae470cf74bb75ca7d9f20f8bd11d897bbe9640b6caae0fde3ca253409,,unique,audited_source_training_record,pre_split_source_candidate
635,data/raw/v2/ceymo/train/extracted/train/images/635.jpg,data/raw/v2/ceymo/train/extracted/train/bbox_annotations/635.xml,RA,RA:1,1,road_marking:1,yes,0dc4dc315da238459263e1c7daff34147019a4216fe7030bc00ec6430a0b9e84,,unique,audited_source_training_record,pre_split_source_candidate
635a,data/raw/v2/ceymo/train/extracted/train/images/635a.jpg,data/raw/v2/ceymo/train/extracted/train/bbox_annotations/635a.xml,RA,RA:1,1,road_marking:1,yes,88873c72826600dc9c2380ddfd571af785abfe1e44f2299800761c90aa02b675,,unique,audited_source_training_record,pre_split_source_candidate
635b,data/raw/v2/ceymo/train/extracted/train/images/635b.jpg,data/raw/v2/ceymo/train/extracted/train/bbox_annotations/635b.xml,RA,RA:1,1,road_marking:1,yes,4b3f87018d5bc7882340814bf530322418bc1798917871de094583c839a74075,,unique,audited_source_training_record,pre_split_source_candidate
635c,data/raw/v2/ceymo/train/extracted/train/images/635c.jpg,data/raw/v2/ceymo/train/extracted/train/bbox_annotations/635c.xml,RA,RA:1,1,road_marking:1,yes,0133398e560cd0c8f46fd680aebc7d4a4179dfa2fb5c4f6b5c1d8fbce25c39f4,,unique,audited_source_training_record,pre_split_source_candidate
635d,data/raw/v2/ceymo/train/extracted/train/images/635d.jpg,data/raw/v2/ceymo/train/extracted/train/bbox_annotations/635d.xml,RA,RA:1,1,road_marking:1,yes,d1a367e185dca4294da4a52aff95300435fb6792fc4ca7a6c2d0dfa7c5d4d7ce,,unique,audited_source_training_record,pre_split_source_candidate
636,data/raw/v2/ceymo/train/extracted/train/images/636.jpg,data/raw/v2/ceymo/train/extracted/train/bbox_annotations/636.xml,RA,RA:1,1,road_marking:1,yes,56da307cf5091ae2fa1011a50d6468f6fcd94680461515d2fb4ac01adf5bb254,,unique,audited_source_training_record,pre_split_source_candidate
636a,data/raw/v2/ceymo/train/extracted/train/images/636a.jpg,data/raw/v2/ceymo/train/extracted/train/bbox_annotations/636a.xml,RA,RA:1,1,road_marking:1,yes,86f62a9c750882a6ef6e4e433cf961e0af8415984fbe59282bd0625d3342ab06,,unique,audited_source_training_record,pre_split_source_candidate
636b,data/raw/v2/ceymo/train/extracted/train/images/636b.jpg,data/raw/v2/ceymo/train/extracted/train/bbox_annotations/636b.xml,RA,RA:1,1,road_marking:1,yes,2e494bd1b7e739be5c9083ef31baa1a8f54c91b2d14f7c991021fc6161e42c81,,unique,audited_source_training_record,pre_split_source_candidate
636c,data/raw/v2/ceymo/train/extracted/train/images/636c.jpg,data/raw/v2/ceymo/train/extracted/train/bbox_annotations/636c.xml,RA,RA:2,2,road_marking:2,yes,53e8a708f2248d6b1e3d37cf761ae6f32cf3cf267404d0969eb08bc998286c93,,unique,audited_source_training_record,pre_split_source_candidate
637,data/raw/v2/ceymo/train/extracted/train/images/637.jpg,data/raw/v2/ceymo/train/extracted/train/bbox_annotations/637.xml,RA,RA:1,1,road_marking:1,yes,13b2fc603e695479a30943ecc6c14f0a024e239327d4f91c31a7a1fb47409db0,,unique,audited_source_training_record,pre_split_source_candidate
637a,data/raw/v2/ceymo/train/extracted/train/images/637a.jpg,data/raw/v2/ceymo/train/extracted/train/bbox_annotations/637a.xml,RA,RA:1,1,road_marking:1,yes,90d8c5500ffac6c39d014b719875b7faa076a04d460f32ac4fa07db2a2ebbabe,,unique,audited_source_training_record,pre_split_source_candidate
637b,data/raw/v2/ceymo/train/extracted/train/images/637b.jpg,data/raw/v2/ceymo/train/extracted/train/bbox_annotations/637b.xml,RA,RA:1,1,road_marking:1,yes,7c7de6f7c3746fc35fa8650cc8f84734a176bf52317d0b3cde47c7c1eb373fe8,,unique,audited_source_training_record,pre_split_source_candidate
638,data/raw/v2/ceymo/train/extracted/train/images/638.jpg,data/raw/v2/ceymo/train/extracted/train/bbox_annotations/638.xml,RA;SA,RA:1;SA:1,2,road_marking:2,yes,3a7c05942d0435cfb238266228db094b0c1bdbfdf6bb55f9616c17204a21e3a0,,unique,audited_source_training_record,pre_split_source_candidate
638a,data/raw/v2/ceymo/train/extracted/train/images/638a.jpg,data/raw/v2/ceymo/train/extracted/train/bbox_annotations/638a.xml,RA,RA:1,1,road_marking:1,yes,2b43348697fabb507b647dcc9555d0ff72ca3f5efe0f9a7291130c8437a4bc42,,unique,audited_source_training_record,pre_split_source_candidate
638b,data/raw/v2/ceymo/train/extracted/train/images/638b.jpg,data/raw/v2/ceymo/train/extracted/train/bbox_annotations/638b.xml,RA;SA,RA:1;SA:1,2,road_marking:2,yes,5e073c026e1b5013d5f3fc9f840da77700d2c18e33306abb1eaa88fbcf3b7538,,unique,audited_source_training_record,pre_split_source_candidate
638c,data/raw/v2/ceymo/train/extracted/train/images/638c.jpg,data/raw/v2/ceymo/train/extracted/train/bbox_annotations/638c.xml,RA;SA,RA:1;SA:1,2,road_marking:2,yes,f16bba5088be34a0a855e5fee6ac55d124b66572723071b4bb26f1bdc2d5072d,,unique,audited_source_training_record,pre_split_source_candidate
639,data/raw/v2/ceymo/train/extracted/train/images/639.jpg,data/raw/v2/ceymo/train/extracted/train/bbox_annotations/639.xml,RA;SA,RA:1;SA:1,2,road_marking:2,yes,512cc9cfdac179842f00860cb25964c2777e476c4d6bae0884587864be9f97a3,,unique,audited_source_training_record,pre_split_source_candidate
639a,data/raw/v2/ceymo/train/extracted/train/images/639a.jpg,data/raw/v2/ceymo/train/extracted/train/bbox_annotations/639a.xml,RA;SA,RA:1;SA:1,2,road_marking:2,yes,b374c337e5764bdbbc971cfe868f8ec3388e394252b92aaaf219a4ac1a9aa4ae,,unique,audited_source_training_record,pre_split_source_candidate
639b,data/raw/v2/ceymo/train/extracted/train/images/639b.jpg,data/raw/v2/ceymo/train/extracted/train/bbox_annotations/639b.xml,RA;SA,RA:1;SA:1,2,road_marking:2,yes,c7c91c409510a9fc2108a72cb4d7326e92c46033e738bff10f12e61718a7907c,,unique,audited_source_training_record,pre_split_source_candidate
63a,data/raw/v2/ceymo/train/extracted/train/images/63a.jpg,data/raw/v2/ceymo/train/extracted/train/bbox_annotations/63a.xml,JB,JB:1,1,road_marking:1,yes,6d5fa2aa128ce0e8c5bf126dd7d5e7a669ea37606a3487f19b4769149c3571d4,,unique,audited_source_training_record,pre_split_source_candidate
63b,data/raw/v2/ceymo/train/extracted/train/images/63b.jpg,data/raw/v2/ceymo/train/extracted/train/bbox_annotations/63b.xml,JB,JB:1,1,road_marking:1,yes,4395859a3bc122183f3bea57615714764ceee2a4d93ffa06b56f962e90d3861b,,unique,audited_source_training_record,pre_split_source_candidate
63c,data/raw/v2/ceymo/train/extracted/train/images/63c.jpg,data/raw/v2/ceymo/train/extracted/train/bbox_annotations/63c.xml,JB,JB:1,1,road_marking:1,yes,8530c37cbb2f7fb2c5129969660120f31e00f35cfa38f3b4fd526ef10cf6b97f,,unique,audited_source_training_record,pre_split_source_candidate
65,data/raw/v2/ceymo/train/extracted/train/images/65.jpg,data/raw/v2/ceymo/train/extracted/train/bbox_annotations/65.xml,PC,PC:1,1,road_marking:1,yes,43c05d1b2c2c4dc92444bdcf1f822be17555a7e1f7cafc3dd92734077a84549d,,unique,audited_source_training_record,pre_split_source_candidate
650,data/raw/v2/ceymo/train/extracted/train/images/650.jpg,data/raw/v2/ceymo/train/extracted/train/bbox_annotations/650.xml,PC,PC:1,1,road_marking:1,yes,fc8a20f7ea65f28d7a9c7f6cafc7f85c5d80ab18c37f57d00282084a3bd06728,,unique,audited_source_training_record,pre_split_source_candidate
650a,data/raw/v2/ceymo/train/extracted/train/images/650a.jpg,data/raw/v2/ceymo/train/extracted/train/bbox_annotations/650a.xml,PC,PC:1,1,road_marking:1,yes,e3088403e12320777b0501715b895a1f7f9468e1ba03fed614ed66cf4f2e6a4e,,unique,audited_source_training_record,pre_split_source_candidate
650b,data/raw/v2/ceymo/train/extracted/train/images/650b.jpg,data/raw/v2/ceymo/train/extracted/train/bbox_annotations/650b.xml,PC,PC:1,1,road_marking:1,yes,2fe0fcb0ba32bbafb2d8f15206763f9d926566031d4b370df7a83d4e5a1b9502,,unique,audited_source_training_record,pre_split_source_candidate
651,data/raw/v2/ceymo/train/extracted/train/images/651.jpg,data/raw/v2/ceymo/train/extracted/train/bbox_annotations/651.xml,PC,PC:1,1,road_marking:1,yes,d0ca35290f5e757f237f9ecefc3a36000e280e85af00a818f9e51de6c426a441,,unique,audited_source_training_record,pre_split_source_candidate
651a,data/raw/v2/ceymo/train/extracted/train/images/651a.jpg,data/raw/v2/ceymo/train/extracted/train/bbox_annotations/651a.xml,PC,PC:1,1,road_marking:1,yes,15912ceb5a85e7477d4ba426ae334f1ff7a6fbe8db229062fbb3a12643979f9d,,unique,audited_source_training_record,pre_split_source_candidate
651b,data/raw/v2/ceymo/train/extracted/train/images/651b.jpg,data/raw/v2/ceymo/train/extracted/train/bbox_annotations/651b.xml,PC,PC:1,1,road_marking:1,yes,980212a5f0ed9a08fb4236c3120445a2f9bc0da81b01d4c2c592166fcbc7d334,,unique,audited_source_training_record,pre_split_source_candidate
652,data/raw/v2/ceymo/train/extracted/train/images/652.jpg,data/raw/v2/ceymo/train/extracted/train/bbox_annotations/652.xml,DM,DM:1,1,road_marking:1,yes,76a094366d7d2c733ae5d0faec376336f44fa089ada05e33ec616bc42c8313ed,,unique,audited_source_training_record,pre_split_source_candidate
652a,data/raw/v2/ceymo/train/extracted/train/images/652a.jpg,data/raw/v2/ceymo/train/extracted/train/bbox_annotations/652a.xml,DM,DM:1,1,road_marking:1,yes,eddd7d6f729744a0666f8b6a71ea9c2e1f00b459a1380ce8c25143928e05281a,,unique,audited_source_training_record,pre_split_source_candidate
652b,data/raw/v2/ceymo/train/extracted/train/images/652b.jpg,data/raw/v2/ceymo/train/extracted/train/bbox_annotations/652b.xml,DM,DM:1,1,road_marking:1,yes,1db65d6ae8358b6ad907795b24fd1accae2c15340df4d4214e1afca427a7887d,,unique,audited_source_training_record,pre_split_source_candidate
653,data/raw/v2/ceymo/train/extracted/train/images/653.jpg,data/raw/v2/ceymo/train/extracted/train/bbox_annotations/653.xml,PC,PC:1,1,road_marking:1,yes,b84dbd7529393eed96d4af12601f1770adab8bd8c314c4b6af9f60705f7236d8,,unique,audited_source_training_record,pre_split_source_candidate
653a,data/raw/v2/ceymo/train/extracted/train/images/653a.jpg,data/raw/v2/ceymo/train/extracted/train/bbox_annotations/653a.xml,PC,PC:1,1,road_marking:1,yes,2b2f52ef369fa3fc418440c681a5396697311679ea905f7fb7e19873c8de5043,,unique,audited_source_training_record,pre_split_source_candidate
653b,data/raw/v2/ceymo/train/extracted/train/images/653b.jpg,data/raw/v2/ceymo/train/extracted/train/bbox_annotations/653b.xml,PC,PC:1,1,road_marking:1,yes,47c169837b83e2f13deeb46769f2f30f2537cfa92abac1dded717c6ce3517629,,unique,audited_source_training_record,pre_split_source_candidate
655,data/raw/v2/ceymo/train/extracted/train/images/655.jpg,data/raw/v2/ceymo/train/extracted/train/bbox_annotations/655.xml,DM,DM:1,1,road_marking:1,yes,59b833301b1424af1423d2bec50aadc2695821adf8908a11356b6a6f66e80e47,,unique,audited_source_training_record,pre_split_source_candidate
655a,data/raw/v2/ceymo/train/extracted/train/images/655a.jpg,data/raw/v2/ceymo/train/extracted/train/bbox_annotations/655a.xml,DM,DM:1,1,road_marking:1,yes,b96c4c5bbeb170f5c8b44ff599ab7f934893a4f9c2d72c8d66e3362bb1c0fbd7,,unique,audited_source_training_record,pre_split_source_candidate
655b,data/raw/v2/ceymo/train/extracted/train/images/655b.jpg,data/raw/v2/ceymo/train/extracted/train/bbox_annotations/655b.xml,DM,DM:1,1,road_marking:1,yes,e0f593cdeb96af99fdaab11095179e3cbf6a7e009f227a4bae865eecad4f8347,,unique,audited_source_training_record,pre_split_source_candidate
655c,data/raw/v2/ceymo/train/extracted/train/images/655c.jpg,data/raw/v2/ceymo/train/extracted/train/bbox_annotations/655c.xml,DM,DM:1,1,road_marking:1,yes,0161dd58c79ef300cfda44cef7fbd9b635c54b953e0fcfdd8dc23c1588f7a577,,unique,audited_source_training_record,pre_split_source_candidate
656,data/raw/v2/ceymo/train/extracted/train/images/656.jpg,data/raw/v2/ceymo/train/extracted/train/bbox_annotations/656.xml,PC,PC:1,1,road_marking:1,yes,59716848e72a3b06c5c609887352569d90d58e728f3da2c7f7d611d4dafc8bae,,unique,audited_source_training_record,pre_split_source_candidate
656a,data/raw/v2/ceymo/train/extracted/train/images/656a.jpg,data/raw/v2/ceymo/train/extracted/train/bbox_annotations/656a.xml,PC,PC:1,1,road_marking:1,yes,268b513888a949edc5710740216a2a40dc65a092e7aba7f72596627b971c5acf,,unique,audited_source_training_record,pre_split_source_candidate
656b,data/raw/v2/ceymo/train/extracted/train/images/656b.jpg,data/raw/v2/ceymo/train/extracted/train/bbox_annotations/656b.xml,PC,PC:1,1,road_marking:1,yes,f3c61c33e703431575cab8a3681f7ea912fffca7398759501ab2c1d85c123cc1,,unique,audited_source_training_record,pre_split_source_candidate
656c,data/raw/v2/ceymo/train/extracted/train/images/656c.jpg,data/raw/v2/ceymo/train/extracted/train/bbox_annotations/656c.xml,PC,PC:1,1,road_marking:1,yes,178915f23ef899e3f8fe02b075d6c0f0189f14409ed4f2ae37eb77206b211b33,,unique,audited_source_training_record,pre_split_source_candidate
658,data/raw/v2/ceymo/train/extracted/train/images/658.jpg,data/raw/v2/ceymo/train/extracted/train/bbox_annotations/658.xml,DM,DM:1,1,road_marking:1,yes,65ddfaa13208dcc000ffb039aa60ea3d465fd90e222c1e1453ff4394a8e49b34,,unique,audited_source_training_record,pre_split_source_candidate
658c,data/raw/v2/ceymo/train/extracted/train/images/658c.jpg,data/raw/v2/ceymo/train/extracted/train/bbox_annotations/658c.xml,DM,DM:1,1,road_marking:1,yes,bc96ec5ba0d6ea1270cb552b968f0cedf4dd4235f2ec18ffc012c88d90b46b24,,unique,audited_source_training_record,pre_split_source_candidate
659,data/raw/v2/ceymo/train/extracted/train/images/659.jpg,data/raw/v2/ceymo/train/extracted/train/bbox_annotations/659.xml,PC,PC:1,1,road_marking:1,yes,6b4489b082051095d372822a777d3ebb1285d2f2a87c161a85f0d9ca472a7092,,unique,audited_source_training_record,pre_split_source_candidate
659a,data/raw/v2/ceymo/train/extracted/train/images/659a.jpg,data/raw/v2/ceymo/train/extracted/train/bbox_annotations/659a.xml,PC,PC:1,1,road_marking:1,yes,993b4ab69e7a0d99c958f914f8565fd15d098d2fb7b3a207e4d1765e2473b9d8,,unique,audited_source_training_record,pre_split_source_candidate
659b,data/raw/v2/ceymo/train/extracted/train/images/659b.jpg,data/raw/v2/ceymo/train/extracted/train/bbox_annotations/659b.xml,PC,PC:1,1,road_marking:1,yes,d3858cb69a9d3d211160dd33af92f5066499e556eded83e0caeb3c44e3a7beec,,unique,audited_source_training_record,pre_split_source_candidate
659c,data/raw/v2/ceymo/train/extracted/train/images/659c.jpg,data/raw/v2/ceymo/train/extracted/train/bbox_annotations/659c.xml,PC,PC:1,1,road_marking:1,yes,72c30fd0fcf58095e7065a961697338c3b4b3175edb4c81414e070aad197eaea,,unique,audited_source_training_record,pre_split_source_candidate
65a,data/raw/v2/ceymo/train/extracted/train/images/65a.jpg,data/raw/v2/ceymo/train/extracted/train/bbox_annotations/65a.xml,PC,PC:1,1,road_marking:1,yes,12e05ed8bbefde58b3d94b97ccea2d206596e0df841ff8463b33ab9ec23bd32e,,unique,audited_source_training_record,pre_split_source_candidate
65b,data/raw/v2/ceymo/train/extracted/train/images/65b.jpg,data/raw/v2/ceymo/train/extracted/train/bbox_annotations/65b.xml,PC,PC:1,1,road_marking:1,yes,85577879dec4f6a077d49ba407a5d4c445bad522e56865e48290b465313451a6,,unique,audited_source_training_record,pre_split_source_candidate
66,data/raw/v2/ceymo/train/extracted/train/images/66.jpg,data/raw/v2/ceymo/train/extracted/train/bbox_annotations/66.xml,RA,RA:2,2,road_marking:2,yes,200d3b52289de0a815b161f64872cd65890663388c9f8a509898b432906286d1,,unique,audited_source_training_record,pre_split_source_candidate
66a,data/raw/v2/ceymo/train/extracted/train/images/66a.jpg,data/raw/v2/ceymo/train/extracted/train/bbox_annotations/66a.xml,RA,RA:2,2,road_marking:2,yes,0c7b24767a74bc9fd63dc800aaba1ddb7a2cef0ebc59ab560bb20f0c52b32e6c,,unique,audited_source_training_record,pre_split_source_candidate
66b,data/raw/v2/ceymo/train/extracted/train/images/66b.jpg,data/raw/v2/ceymo/train/extracted/train/bbox_annotations/66b.xml,RA,RA:2,2,road_marking:2,yes,6f1c451e7abcda73d8d3e5c0bd881e72f9c52121119583f8a5bfee234f1e0036,,unique,audited_source_training_record,pre_split_source_candidate
66c,data/raw/v2/ceymo/train/extracted/train/images/66c.jpg,data/raw/v2/ceymo/train/extracted/train/bbox_annotations/66c.xml,RA,RA:2,2,road_marking:2,yes,2442216e4f080db35f0e5ffacc6442d8f7de2d00ef2aa32652190d4769ebef1b,,unique,audited_source_training_record,pre_split_source_candidate
66d,data/raw/v2/ceymo/train/extracted/train/images/66d.jpg,data/raw/v2/ceymo/train/extracted/train/bbox_annotations/66d.xml,RA,RA:1,1,road_marking:1,yes,932f6fe20126ebcf207428a0080f393f227f71b8a9af9ccfcd751c5b41d664f9,,unique,audited_source_training_record,pre_split_source_candidate
67,data/raw/v2/ceymo/train/extracted/train/images/67.jpg,data/raw/v2/ceymo/train/extracted/train/bbox_annotations/67.xml,LA;SA,LA:1;SA:2,3,road_marking:3,yes,c148da908703dd3f409466f1b8b8dc8bec7ac8655b736d3dfd989228d6dd0a62,,unique,audited_source_training_record,pre_split_source_candidate
670,data/raw/v2/ceymo/train/extracted/train/images/670.jpg,data/raw/v2/ceymo/train/extracted/train/bbox_annotations/670.xml,DM,DM:1,1,road_marking:1,yes,18a052a22873848c15f306c0ce4a523d220e6e5c8ee414718fd89b397008ac80,,unique,audited_source_training_record,pre_split_source_candidate
670a,data/raw/v2/ceymo/train/extracted/train/images/670a.jpg,data/raw/v2/ceymo/train/extracted/train/bbox_annotations/670a.xml,DM,DM:1,1,road_marking:1,yes,f4aad5179170a8d8f7b3c7d6ffa97af8bc81e065f3840e6d4d7e47947ae3c47d,,unique,audited_source_training_record,pre_split_source_candidate
670b,data/raw/v2/ceymo/train/extracted/train/images/670b.jpg,data/raw/v2/ceymo/train/extracted/train/bbox_annotations/670b.xml,DM,DM:1,1,road_marking:1,yes,2ef09b771ecb01a3f53b3634cdcb8212d9c1fc87d173c94a80135363cb211c87,,unique,audited_source_training_record,pre_split_source_candidate
671,data/raw/v2/ceymo/train/extracted/train/images/671.jpg,data/raw/v2/ceymo/train/extracted/train/bbox_annotations/671.xml,PC,PC:1,1,road_marking:1,yes,4853940c6e5674dd8f6dbd46ba20504af88563801fa646e1336fd23740b61efd,,unique,audited_source_training_record,pre_split_source_candidate
671a,data/raw/v2/ceymo/train/extracted/train/images/671a.jpg,data/raw/v2/ceymo/train/extracted/train/bbox_annotations/671a.xml,PC,PC:1,1,road_marking:1,yes,c86136faab61e84c92fdc068e4c7d3968d2deb470c4fc7586477003ce8a7351d,,unique,audited_source_training_record,pre_split_source_candidate
671b,data/raw/v2/ceymo/train/extracted/train/images/671b.jpg,data/raw/v2/ceymo/train/extracted/train/bbox_annotations/671b.xml,PC,PC:1,1,road_marking:1,yes,58f4db7e471318bfaef4fedbb529829222af0b5f50e192f6b4160be63c4329dd,,unique,audited_source_training_record,pre_split_source_candidate
671c,data/raw/v2/ceymo/train/extracted/train/images/671c.jpg,data/raw/v2/ceymo/train/extracted/train/bbox_annotations/671c.xml,PC,PC:1,1,road_marking:1,yes,501dd3b7b7e2a68323a7f7477d3e584b212dca0f8e6fdedb303c3da20159d628,,unique,audited_source_training_record,pre_split_source_candidate
671d,data/raw/v2/ceymo/train/extracted/train/images/671d.jpg,data/raw/v2/ceymo/train/extracted/train/bbox_annotations/671d.xml,PC,PC:1,1,road_marking:1,yes,19ac3bc3a0e8adb5d1097ca20557b28479fd0a214de405b12ac344031d5f8307,,unique,audited_source_training_record,pre_split_source_candidate
672,data/raw/v2/ceymo/train/extracted/train/images/672.jpg,data/raw/v2/ceymo/train/extracted/train/bbox_annotations/672.xml,PC,PC:1,1,road_marking:1,yes,5a8f617d57c98bbd1e553c8184d49cedc3faf6e13957afbd93555de1c38ae20e,,unique,audited_source_training_record,pre_split_source_candidate
672a,data/raw/v2/ceymo/train/extracted/train/images/672a.jpg,data/raw/v2/ceymo/train/extracted/train/bbox_annotations/672a.xml,PC,PC:1,1,road_marking:1,yes,a023be4dfbc2e22a95ffa5f6675ada17da324de859ad81a71fceb14f3ce276e0,,unique,audited_source_training_record,pre_split_source_candidate
672b,data/raw/v2/ceymo/train/extracted/train/images/672b.jpg,data/raw/v2/ceymo/train/extracted/train/bbox_annotations/672b.xml,PC,PC:1,1,road_marking:1,yes,45f3000388bca9c1fbe81ef47e36c15d2e6305e2834c14744fc515dcf4acc9d9,,unique,audited_source_training_record,pre_split_source_candidate
672c,data/raw/v2/ceymo/train/extracted/train/images/672c.jpg,data/raw/v2/ceymo/train/extracted/train/bbox_annotations/672c.xml,PC,PC:1,1,road_marking:1,yes,914be451fd53ce0c84b55663310311286b593b20b5c8ecc788fc2e6cd9060a0c,,unique,audited_source_training_record,pre_split_source_candidate
672d,data/raw/v2/ceymo/train/extracted/train/images/672d.jpg,data/raw/v2/ceymo/train/extracted/train/bbox_annotations/672d.xml,PC,PC:1,1,road_marking:1,yes,872d21ab3de2a5f259f19b1524fcd4a1c35105165e27e95f149545e0b10d708c,,unique,audited_source_training_record,pre_split_source_candidate
673,data/raw/v2/ceymo/train/extracted/train/images/673.jpg,data/raw/v2/ceymo/train/extracted/train/bbox_annotations/673.xml,DM,DM:1,1,road_marking:1,yes,37a71222f624a70be00d1436ae9244054176b739718aa031e81552736c7d6ffe,,unique,audited_source_training_record,pre_split_source_candidate
673a,data/raw/v2/ceymo/train/extracted/train/images/673a.jpg,data/raw/v2/ceymo/train/extracted/train/bbox_annotations/673a.xml,DM,DM:1,1,road_marking:1,yes,e3d97045aff3de747b20e9193d2e9d7113d14b4a718a29464b6a875eb363503e,,unique,audited_source_training_record,pre_split_source_candidate
673b,data/raw/v2/ceymo/train/extracted/train/images/673b.jpg,data/raw/v2/ceymo/train/extracted/train/bbox_annotations/673b.xml,DM,DM:1,1,road_marking:1,yes,c94c0bbb7be90dc4a31c3867bb13c943e27afdac01b970e9e43f67f5aa0c243e,,unique,audited_source_training_record,pre_split_source_candidate
673c,data/raw/v2/ceymo/train/extracted/train/images/673c.jpg,data/raw/v2/ceymo/train/extracted/train/bbox_annotations/673c.xml,DM,DM:1,1,road_marking:1,yes,53e57243e22f45b11c3ec597169237e3a79c2a1cde66cc6a7f9bca4ecb715138,,unique,audited_source_training_record,pre_split_source_candidate
673d,data/raw/v2/ceymo/train/extracted/train/images/673d.jpg,data/raw/v2/ceymo/train/extracted/train/bbox_annotations/673d.xml,DM,DM:1,1,road_marking:1,yes,08e0a2326c9ae1d0d30543dba8b8a4faf4b374b8d134dc831628d41169aed50c,,unique,audited_source_training_record,pre_split_source_candidate
674,data/raw/v2/ceymo/train/extracted/train/images/674.jpg,data/raw/v2/ceymo/train/extracted/train/bbox_annotations/674.xml,PC,PC:1,1,road_marking:1,yes,a6f30a701682ee117426749f6638b37abb9b87bacb1f1f7521e0c4f47eb4a788,,unique,audited_source_training_record,pre_split_source_candidate
674a,data/raw/v2/ceymo/train/extracted/train/images/674a.jpg,data/raw/v2/ceymo/train/extracted/train/bbox_annotations/674a.xml,PC,PC:1,1,road_marking:1,yes,db39e95c65db101ee9e8bb704db70e87d9ee4a8e180e5b77410a72a22c117d88,,unique,audited_source_training_record,pre_split_source_candidate
674b,data/raw/v2/ceymo/train/extracted/train/images/674b.jpg,data/raw/v2/ceymo/train/extracted/train/bbox_annotations/674b.xml,PC,PC:1,1,road_marking:1,yes,cc806cb46f1a24b47a8163ab6469ada9a3d9a97079c2f2dc086a358b394a2e41,,unique,audited_source_training_record,pre_split_source_candidate
674c,data/raw/v2/ceymo/train/extracted/train/images/674c.jpg,data/raw/v2/ceymo/train/extracted/train/bbox_annotations/674c.xml,PC,PC:1,1,road_marking:1,yes,c97d5f88e358b7e77223c5c4b7c7fa5c72b237c55f26aecc244390c50aec80a4,,unique,audited_source_training_record,pre_split_source_candidate
675,data/raw/v2/ceymo/train/extracted/train/images/675.jpg,data/raw/v2/ceymo/train/extracted/train/bbox_annotations/675.xml,DM,DM:1,1,road_marking:1,yes,a09b072183941e1fdf3dc7daf13fab5c9f5b88a51e9c1f147ed6605cf9a568c4,,unique,audited_source_training_record,pre_split_source_candidate
675a,data/raw/v2/ceymo/train/extracted/train/images/675a.jpg,data/raw/v2/ceymo/train/extracted/train/bbox_annotations/675a.xml,DM,DM:1,1,road_marking:1,yes,aa6f39a68a154e0101b28a17af6648abdb0d2752069206bc5bcc24a5fec9bf97,,unique,audited_source_training_record,pre_split_source_candidate
675b,data/raw/v2/ceymo/train/extracted/train/images/675b.jpg,data/raw/v2/ceymo/train/extracted/train/bbox_annotations/675b.xml,DM,DM:1,1,road_marking:1,yes,b60d5999dfea9c52ed4938479d459b2e215040d2c736c69d9ba266e66150efcb,,unique,audited_source_training_record,pre_split_source_candidate
675c,data/raw/v2/ceymo/train/extracted/train/images/675c.jpg,data/raw/v2/ceymo/train/extracted/train/bbox_annotations/675c.xml,DM,DM:1,1,road_marking:1,yes,b713347e65da31ee202d14f3b3ac7750030bafd5fdcd9c9b9d4bfd5163450f9b,,unique,audited_source_training_record,pre_split_source_candidate
676,data/raw/v2/ceymo/train/extracted/train/images/676.jpg,data/raw/v2/ceymo/train/extracted/train/bbox_annotations/676.xml,PC,PC:1,1,road_marking:1,yes,8077648cca4ffaf97f0c362f44479e4219b9458d0090e520b1a22f6c4d61a1b4,,unique,audited_source_training_record,pre_split_source_candidate
676a,data/raw/v2/ceymo/train/extracted/train/images/676a.jpg,data/raw/v2/ceymo/train/extracted/train/bbox_annotations/676a.xml,PC,PC:1,1,road_marking:1,yes,4ce1bb25d78bb24f05d6af6e3bee3aec121c2bde404bbde5d2b0527e02f3bb3b,,unique,audited_source_training_record,pre_split_source_candidate
676b,data/raw/v2/ceymo/train/extracted/train/images/676b.jpg,data/raw/v2/ceymo/train/extracted/train/bbox_annotations/676b.xml,PC,PC:1,1,road_marking:1,yes,128f24564fd17b521c68a6295697a9ce3f84ee4655c87663beb642bf87af3185,,unique,audited_source_training_record,pre_split_source_candidate
676c,data/raw/v2/ceymo/train/extracted/train/images/676c.jpg,data/raw/v2/ceymo/train/extracted/train/bbox_annotations/676c.xml,PC,PC:1,1,road_marking:1,yes,2c35cd14795e828b6dfadc56c72176a8ae3d290aa3ff453a0bcb053c1955f845,,unique,audited_source_training_record,pre_split_source_candidate
676d,data/raw/v2/ceymo/train/extracted/train/images/676d.jpg,data/raw/v2/ceymo/train/extracted/train/bbox_annotations/676d.xml,PC,PC:1,1,road_marking:1,yes,555313562e5cd1bdaa5d71f5a09d1edb2342e3bae15dfcaf4dd754ddb6070c2c,,unique,audited_source_training_record,pre_split_source_candidate
678,data/raw/v2/ceymo/train/extracted/train/images/678.jpg,data/raw/v2/ceymo/train/extracted/train/bbox_annotations/678.xml,DM,DM:1,1,road_marking:1,yes,bad60093aee4d64562859c8375807bb5d86ea122c28c757ae8939032b199fff6,,unique,audited_source_training_record,pre_split_source_candidate
678a,data/raw/v2/ceymo/train/extracted/train/images/678a.jpg,data/raw/v2/ceymo/train/extracted/train/bbox_annotations/678a.xml,DM,DM:1,1,road_marking:1,yes,624d37ed9a45305a44ccb5040f7bc0371e95a06e74e5015557ea6e0157f33ea0,,unique,audited_source_training_record,pre_split_source_candidate
678b,data/raw/v2/ceymo/train/extracted/train/images/678b.jpg,data/raw/v2/ceymo/train/extracted/train/bbox_annotations/678b.xml,DM,DM:1,1,road_marking:1,yes,4735c6b74e7a1af06114009ca15ea39eb6dacfbe7c4db9b8e4913d0f04951ff8,,unique,audited_source_training_record,pre_split_source_candidate
678c,data/raw/v2/ceymo/train/extracted/train/images/678c.jpg,data/raw/v2/ceymo/train/extracted/train/bbox_annotations/678c.xml,DM,DM:1,1,road_marking:1,yes,a83b6f3db6f2e2c78974a1969f643d486928adcdc17f5a503441a631fb49974c,,unique,audited_source_training_record,pre_split_source_candidate
678d,data/raw/v2/ceymo/train/extracted/train/images/678d.jpg,data/raw/v2/ceymo/train/extracted/train/bbox_annotations/678d.xml,DM,DM:1,1,road_marking:1,yes,71c374fbfe88c50f3e8f32af75aa979883b3d68f7dffdc8f857d770baa910b01,,unique,audited_source_training_record,pre_split_source_candidate
679b,data/raw/v2/ceymo/train/extracted/train/images/679b.jpg,data/raw/v2/ceymo/train/extracted/train/bbox_annotations/679b.xml,PC,PC:1,1,road_marking:1,yes,d28be1c8583f24e29323bcc5efd0fed7c7c8c7d57849d4958aa53806265ebcdb,,unique,audited_source_training_record,pre_split_source_candidate
679c,data/raw/v2/ceymo/train/extracted/train/images/679c.jpg,data/raw/v2/ceymo/train/extracted/train/bbox_annotations/679c.xml,PC,PC:1,1,road_marking:1,yes,9956bbe008c2a14661c7184086a8134622f0fb6a3833408e73ee001007242b41,,unique,audited_source_training_record,pre_split_source_candidate
67a,data/raw/v2/ceymo/train/extracted/train/images/67a.jpg,data/raw/v2/ceymo/train/extracted/train/bbox_annotations/67a.xml,LA;SA,LA:1;SA:1,2,road_marking:2,yes,6cd373d04b2746c055d28abd09071b6212a53dfa9cba72338dd3b4af4101b5a7,,unique,audited_source_training_record,pre_split_source_candidate
67b,data/raw/v2/ceymo/train/extracted/train/images/67b.jpg,data/raw/v2/ceymo/train/extracted/train/bbox_annotations/67b.xml,LA;SA,LA:1;SA:2,3,road_marking:3,yes,499572965d6f37aadbaf2ae5e658a6c0584f929044530ae275ac757621ad036e,,unique,audited_source_training_record,pre_split_source_candidate
67c,data/raw/v2/ceymo/train/extracted/train/images/67c.jpg,data/raw/v2/ceymo/train/extracted/train/bbox_annotations/67c.xml,LA;SA,LA:1;SA:2,3,road_marking:3,yes,215a16b73a9cc5c2b51510265e344743c3df9d339af842dd6fca57d27207bcfa,,unique,audited_source_training_record,pre_split_source_candidate
67d,data/raw/v2/ceymo/train/extracted/train/images/67d.jpg,data/raw/v2/ceymo/train/extracted/train/bbox_annotations/67d.xml,LA;SA,LA:1;SA:2,3,road_marking:3,yes,4cd5ec4b085e6e09cac945cf103eae87a66450f3dcc2a74f986ef3aa0210e75c,,unique,audited_source_training_record,pre_split_source_candidate
67e,data/raw/v2/ceymo/train/extracted/train/images/67e.jpg,data/raw/v2/ceymo/train/extracted/train/bbox_annotations/67e.xml,SA,SA:2,2,road_marking:2,yes,9f742c6083283da8cf13903922a9d9d09157d1aef59a820188aa92a18031f27a,,unique,audited_source_training_record,pre_split_source_candidate
68,data/raw/v2/ceymo/train/extracted/train/images/68.jpg,data/raw/v2/ceymo/train/extracted/train/bbox_annotations/68.xml,SA,SA:2,2,road_marking:2,yes,a9463d6b8581368608f95c99ea7591cd0de876f74742549d8fe3349590255306,,unique,audited_source_training_record,pre_split_source_candidate
680,data/raw/v2/ceymo/train/extracted/train/images/680.jpg,data/raw/v2/ceymo/train/extracted/train/bbox_annotations/680.xml,DM,DM:1,1,road_marking:1,yes,65bcccf85a9b9e30541d298a10d8d0f30898d44859952a58500d41c1df3d8256,,unique,audited_source_training_record,pre_split_source_candidate
680a,data/raw/v2/ceymo/train/extracted/train/images/680a.jpg,data/raw/v2/ceymo/train/extracted/train/bbox_annotations/680a.xml,DM,DM:1,1,road_marking:1,yes,39c2cf5ba93e8d573c296abdcc1336125cf09213769de886f0481325582719de,,unique,audited_source_training_record,pre_split_source_candidate
680b,data/raw/v2/ceymo/train/extracted/train/images/680b.jpg,data/raw/v2/ceymo/train/extracted/train/bbox_annotations/680b.xml,DM,DM:1,1,road_marking:1,yes,f2529f214b6cd8ed0ba6f64feee3eb069d02a1e61bf1ad7e26dc93253b7dc261,,unique,audited_source_training_record,pre_split_source_candidate
680c,data/raw/v2/ceymo/train/extracted/train/images/680c.jpg,data/raw/v2/ceymo/train/extracted/train/bbox_annotations/680c.xml,DM,DM:1,1,road_marking:1,yes,04cfc8ac5a460a4790a351c369bb37722dd0bb0ac283ddb7a15030e779c0421f,,unique,audited_source_training_record,pre_split_source_candidate
680d,data/raw/v2/ceymo/train/extracted/train/images/680d.jpg,data/raw/v2/ceymo/train/extracted/train/bbox_annotations/680d.xml,DM,DM:1,1,road_marking:1,yes,c855d0f8fed640d6ed2bb4f81cf693ad31999209791a5a55362a9fcf12bb2809,,unique,audited_source_training_record,pre_split_source_candidate
681,data/raw/v2/ceymo/train/extracted/train/images/681.jpg,data/raw/v2/ceymo/train/extracted/train/bbox_annotations/681.xml,PC,PC:1,1,road_marking:1,yes,bf69e2c9e6b03456b3b65f5c5ab8107fb015a62cd793a569b3b5430b809454f3,,unique,audited_source_training_record,pre_split_source_candidate
681a,data/raw/v2/ceymo/train/extracted/train/images/681a.jpg,data/raw/v2/ceymo/train/extracted/train/bbox_annotations/681a.xml,PC,PC:1,1,road_marking:1,yes,07007f513e12f6e75dee8504c424aded19dfbb8f31659395297732c252284165,,unique,audited_source_training_record,pre_split_source_candidate
681b,data/raw/v2/ceymo/train/extracted/train/images/681b.jpg,data/raw/v2/ceymo/train/extracted/train/bbox_annotations/681b.xml,PC,PC:1,1,road_marking:1,yes,e1f20668b6cf6303a6c9e28ff571460939dd3e5728d64854cec1a004dcb9d098,,unique,audited_source_training_record,pre_split_source_candidate
681c,data/raw/v2/ceymo/train/extracted/train/images/681c.jpg,data/raw/v2/ceymo/train/extracted/train/bbox_annotations/681c.xml,PC,PC:1,1,road_marking:1,yes,55ced19a7b13fda7479d282996f5606a318a14d2dccec7cd4200ee5f434686b5,,unique,audited_source_training_record,pre_split_source_candidate
683,data/raw/v2/ceymo/train/extracted/train/images/683.jpg,data/raw/v2/ceymo/train/extracted/train/bbox_annotations/683.xml,DM,DM:1,1,road_marking:1,yes,89a463549cd52185da07f7d9d8adf9a9f643d584cdf4927ad707abbccebcc544,,unique,audited_source_training_record,pre_split_source_candidate
683a,data/raw/v2/ceymo/train/extracted/train/images/683a.jpg,data/raw/v2/ceymo/train/extracted/train/bbox_annotations/683a.xml,DM,DM:1,1,road_marking:1,yes,2a119972a4c774006908a485896b4ef8193600f2959e33e7546ad92cb763c2ff,,unique,audited_source_training_record,pre_split_source_candidate
683b,data/raw/v2/ceymo/train/extracted/train/images/683b.jpg,data/raw/v2/ceymo/train/extracted/train/bbox_annotations/683b.xml,DM,DM:1,1,road_marking:1,yes,5450b59c6b33f920e3e2585181e69c85d384de50c7a9d56bb94b987a5ca29662,,unique,audited_source_training_record,pre_split_source_candidate
684,data/raw/v2/ceymo/train/extracted/train/images/684.jpg,data/raw/v2/ceymo/train/extracted/train/bbox_annotations/684.xml,PC,PC:1,1,road_marking:1,yes,2866e6aaef348395af10af93aac94630fc0e77357d691f536be83e910c85c625,,unique,audited_source_training_record,pre_split_source_candidate
684a,data/raw/v2/ceymo/train/extracted/train/images/684a.jpg,data/raw/v2/ceymo/train/extracted/train/bbox_annotations/684a.xml,PC,PC:1,1,road_marking:1,yes,2bb4e069c088a3b0e58a7854f9da5b1c4a9a9ee39c40d257dba0c03926636ff2,,unique,audited_source_training_record,pre_split_source_candidate
685,data/raw/v2/ceymo/train/extracted/train/images/685.jpg,data/raw/v2/ceymo/train/extracted/train/bbox_annotations/685.xml,DM,DM:1,1,road_marking:1,yes,c54edd2dc58c728039946cae63d0a9209e3bebda0dcc3ed361800fd0f8a2eaa1,,unique,audited_source_training_record,pre_split_source_candidate
685b,data/raw/v2/ceymo/train/extracted/train/images/685b.jpg,data/raw/v2/ceymo/train/extracted/train/bbox_annotations/685b.xml,DM,DM:1,1,road_marking:1,yes,4dc789f0d1f8241f7cb0b5b2629236ab2140c69cdb9edde0f2071e41b3b8b005,,unique,audited_source_training_record,pre_split_source_candidate
685c,data/raw/v2/ceymo/train/extracted/train/images/685c.jpg,data/raw/v2/ceymo/train/extracted/train/bbox_annotations/685c.xml,DM,DM:1,1,road_marking:1,yes,1cc538ae671ea9165ba48ebf781e9c9e4dcefe3c4c225fbcd3779df88f1eafad,,unique,audited_source_training_record,pre_split_source_candidate
686,data/raw/v2/ceymo/train/extracted/train/images/686.jpg,data/raw/v2/ceymo/train/extracted/train/bbox_annotations/686.xml,PC,PC:1,1,road_marking:1,yes,79db0afb92b18cd1a1096f80cde410788d1515011fabe4313a5eab5c036e287c,,unique,audited_source_training_record,pre_split_source_candidate
686b,data/raw/v2/ceymo/train/extracted/train/images/686b.jpg,data/raw/v2/ceymo/train/extracted/train/bbox_annotations/686b.xml,PC,PC:1,1,road_marking:1,yes,873da9bb34a039da924355ec30a8a5ff88c7227ee135e8cff40393c71ba36e71,,unique,audited_source_training_record,pre_split_source_candidate
689,data/raw/v2/ceymo/train/extracted/train/images/689.jpg,data/raw/v2/ceymo/train/extracted/train/bbox_annotations/689.xml,DM,DM:1,1,road_marking:1,yes,38020e58ed178a7f4a5f11879a3d29f9c96dca4f44bc102b39ff619af2b50922,,unique,audited_source_training_record,pre_split_source_candidate
689a,data/raw/v2/ceymo/train/extracted/train/images/689a.jpg,data/raw/v2/ceymo/train/extracted/train/bbox_annotations/689a.xml,DM,DM:1,1,road_marking:1,yes,9d386959514fa3cf3aad0a0f46cdb84a8ec93dd588b6fe0123b415ac7bd9e06b,,unique,audited_source_training_record,pre_split_source_candidate
689b,data/raw/v2/ceymo/train/extracted/train/images/689b.jpg,data/raw/v2/ceymo/train/extracted/train/bbox_annotations/689b.xml,DM,DM:1,1,road_marking:1,yes,4fa07905ddc94b1a380b8483a614165c3ddbfd41200f59fd74f49ef5ce8c98a0,,unique,audited_source_training_record,pre_split_source_candidate
689c,data/raw/v2/ceymo/train/extracted/train/images/689c.jpg,data/raw/v2/ceymo/train/extracted/train/bbox_annotations/689c.xml,DM,DM:1,1,road_marking:1,yes,38c2f26f06725c332406b2a09cbde9908866c8ab498b97bfd2c734d2212c7468,,unique,audited_source_training_record,pre_split_source_candidate
689d,data/raw/v2/ceymo/train/extracted/train/images/689d.jpg,data/raw/v2/ceymo/train/extracted/train/bbox_annotations/689d.xml,DM,DM:1,1,road_marking:1,yes,31ddc1cce9b5b92e75c3fd45c1b530c0949c8cc1e0ad70f4d488cde3c38fa0ca,,unique,audited_source_training_record,pre_split_source_candidate
68a,data/raw/v2/ceymo/train/extracted/train/images/68a.jpg,data/raw/v2/ceymo/train/extracted/train/bbox_annotations/68a.xml,LA;SA,LA:1;SA:2,3,road_marking:3,yes,63026ef2a32922dc137d6475f4319deba6d246bbca5b3beb894bbc588b462a9d,,unique,audited_source_training_record,pre_split_source_candidate
68b,data/raw/v2/ceymo/train/extracted/train/images/68b.jpg,data/raw/v2/ceymo/train/extracted/train/bbox_annotations/68b.xml,LA;SA,LA:1;SA:2,3,road_marking:3,yes,abc4437a415209a374f280287cbc9bc51511e43df56b7a15d60a2cf664293480,,unique,audited_source_training_record,pre_split_source_candidate
68c,data/raw/v2/ceymo/train/extracted/train/images/68c.jpg,data/raw/v2/ceymo/train/extracted/train/bbox_annotations/68c.xml,SA,SA:2,2,road_marking:2,yes,f203f20b9b7e9d50f52a48fad659284e725d68d448b9492444d0c2a936737717,,unique,audited_source_training_record,pre_split_source_candidate
68d,data/raw/v2/ceymo/train/extracted/train/images/68d.jpg,data/raw/v2/ceymo/train/extracted/train/bbox_annotations/68d.xml,SA,SA:2,2,road_marking:2,yes,638c8035549f2ccef38de6de959a91a77e08ba2ed5e2c4dea57c990f433d847d,,unique,audited_source_training_record,pre_split_source_candidate
69,data/raw/v2/ceymo/train/extracted/train/images/69.jpg,data/raw/v2/ceymo/train/extracted/train/bbox_annotations/69.xml,PC,PC:1,1,road_marking:1,yes,7054eaf33d5d49e89b56e6add7d03440c93941057bd4d71ba6a22254d1b8d1ed,,unique,audited_source_training_record,pre_split_source_candidate
690,data/raw/v2/ceymo/train/extracted/train/images/690.jpg,data/raw/v2/ceymo/train/extracted/train/bbox_annotations/690.xml,PC,PC:1,1,road_marking:1,yes,0b19bf512dba1b0357d141eb6727477aefeb16ad7e050555c18b710aeffd66a1,,unique,audited_source_training_record,pre_split_source_candidate
690b,data/raw/v2/ceymo/train/extracted/train/images/690b.jpg,data/raw/v2/ceymo/train/extracted/train/bbox_annotations/690b.xml,PC,PC:1,1,road_marking:1,yes,7dfbda03b297ea47b239df764efc261faf5559493cb753c41c3b2a9843b294a6,,unique,audited_source_training_record,pre_split_source_candidate
690c,data/raw/v2/ceymo/train/extracted/train/images/690c.jpg,data/raw/v2/ceymo/train/extracted/train/bbox_annotations/690c.xml,PC,PC:1,1,road_marking:1,yes,4cc6d08c8b43e46016156259677532cc93fc7e0db4c95eca4ef07ca8170b5076,,unique,audited_source_training_record,pre_split_source_candidate
691,data/raw/v2/ceymo/train/extracted/train/images/691.jpg,data/raw/v2/ceymo/train/extracted/train/bbox_annotations/691.xml,DM,DM:1,1,road_marking:1,yes,5543a9066b78d3b6dff793e75f041f74f92a8dd818983d410b629987792cff6c,,unique,audited_source_training_record,pre_split_source_candidate
691b,data/raw/v2/ceymo/train/extracted/train/images/691b.jpg,data/raw/v2/ceymo/train/extracted/train/bbox_annotations/691b.xml,DM,DM:1,1,road_marking:1,yes,86d3ae558d827bd2462cf2828ec0641f1706dc03f72eb34267b911f9c202f01e,,unique,audited_source_training_record,pre_split_source_candidate
691c,data/raw/v2/ceymo/train/extracted/train/images/691c.jpg,data/raw/v2/ceymo/train/extracted/train/bbox_annotations/691c.xml,DM,DM:1,1,road_marking:1,yes,22f6cdf1d2235bf064be32d467beed2c32f057f4c569ba1132fa3600de9b57b9,,unique,audited_source_training_record,pre_split_source_candidate
691d,data/raw/v2/ceymo/train/extracted/train/images/691d.jpg,data/raw/v2/ceymo/train/extracted/train/bbox_annotations/691d.xml,DM,DM:1,1,road_marking:1,yes,e2d19665095f5ad47a133673a66dab07ca07d9f29981fae8c27cbffd7577413e,,unique,audited_source_training_record,pre_split_source_candidate
692,data/raw/v2/ceymo/train/extracted/train/images/692.jpg,data/raw/v2/ceymo/train/extracted/train/bbox_annotations/692.xml,PC,PC:1,1,road_marking:1,yes,e4bb83f02bdafef15564d4800540716926fc88b17fbecf9c003c965217b764ec,,unique,audited_source_training_record,pre_split_source_candidate
692b,data/raw/v2/ceymo/train/extracted/train/images/692b.jpg,data/raw/v2/ceymo/train/extracted/train/bbox_annotations/692b.xml,PC,PC:1,1,road_marking:1,yes,1154a8576a047f51131f5bad32236b206e1e87ba11c2092f991ac060d823ac23,,unique,audited_source_training_record,pre_split_source_candidate
692c,data/raw/v2/ceymo/train/extracted/train/images/692c.jpg,data/raw/v2/ceymo/train/extracted/train/bbox_annotations/692c.xml,PC,PC:1,1,road_marking:1,yes,287c1c79ab592707e7869fcbc4a2542f367248e0b77499fb72c65551b7b04f08,,unique,audited_source_training_record,pre_split_source_candidate
694,data/raw/v2/ceymo/train/extracted/train/images/694.jpg,data/raw/v2/ceymo/train/extracted/train/bbox_annotations/694.xml,PC,PC:1,1,road_marking:1,yes,662294eb0b108887b62ae7e866c418daa645e248133b148de2f64138e26effe4,,unique,audited_source_training_record,pre_split_source_candidate
694b,data/raw/v2/ceymo/train/extracted/train/images/694b.jpg,data/raw/v2/ceymo/train/extracted/train/bbox_annotations/694b.xml,PC,PC:1,1,road_marking:1,yes,d0a496cce91ac84bcb3c2e52c1445e0bec36dab173e55effb6cccbebf240bf2b,,unique,audited_source_training_record,pre_split_source_candidate
694c,data/raw/v2/ceymo/train/extracted/train/images/694c.jpg,data/raw/v2/ceymo/train/extracted/train/bbox_annotations/694c.xml,PC,PC:1,1,road_marking:1,yes,e4db3c8c57c529750620bd4236da9230a07b6019c15e048f11a56fcedbfff574,,unique,audited_source_training_record,pre_split_source_candidate
695,data/raw/v2/ceymo/train/extracted/train/images/695.jpg,data/raw/v2/ceymo/train/extracted/train/bbox_annotations/695.xml,DM,DM:1,1,road_marking:1,yes,2082936fce19e40202ee1b8b3a5c1d7a7586e2551ffacf7bf4779bb24c815703,,unique,audited_source_training_record,pre_split_source_candidate
695a,data/raw/v2/ceymo/train/extracted/train/images/695a.jpg,data/raw/v2/ceymo/train/extracted/train/bbox_annotations/695a.xml,DM,DM:1,1,road_marking:1,yes,d340af8c59ba7e88dc36e3d93613f8b0183e216e83d429f968f8a373d7513101,,unique,audited_source_training_record,pre_split_source_candidate
695b,data/raw/v2/ceymo/train/extracted/train/images/695b.jpg,data/raw/v2/ceymo/train/extracted/train/bbox_annotations/695b.xml,DM,DM:1,1,road_marking:1,yes,6e2b92e1a2702fc69ee4293e0d51593d14c220a2899366368e47eefe7ae9bc96,,unique,audited_source_training_record,pre_split_source_candidate
696,data/raw/v2/ceymo/train/extracted/train/images/696.jpg,data/raw/v2/ceymo/train/extracted/train/bbox_annotations/696.xml,PC,PC:1,1,road_marking:1,yes,29f1cc148eb59fb171115e726921804107a023588d4f6d05740bcf352a2d33e8,,unique,audited_source_training_record,pre_split_source_candidate
696a,data/raw/v2/ceymo/train/extracted/train/images/696a.jpg,data/raw/v2/ceymo/train/extracted/train/bbox_annotations/696a.xml,PC,PC:1,1,road_marking:1,yes,e8f3dc3e19488c79dfa37482630e2362c3db8d89bb5b229f7f507389bc6ee60f,,unique,audited_source_training_record,pre_split_source_candidate
696b,data/raw/v2/ceymo/train/extracted/train/images/696b.jpg,data/raw/v2/ceymo/train/extracted/train/bbox_annotations/696b.xml,PC,PC:1,1,road_marking:1,yes,fe03ffe45221bf8c36c2c1c56b2588a9f868e7dd67cec59daad94483dcda768d,,unique,audited_source_training_record,pre_split_source_candidate
697,data/raw/v2/ceymo/train/extracted/train/images/697.jpg,data/raw/v2/ceymo/train/extracted/train/bbox_annotations/697.xml,DM,DM:1,1,road_marking:1,yes,37968899cce9f103a7933f15f4971956fcf47028a52b013040597d6b680f8aa2,,unique,audited_source_training_record,pre_split_source_candidate
697a,data/raw/v2/ceymo/train/extracted/train/images/697a.jpg,data/raw/v2/ceymo/train/extracted/train/bbox_annotations/697a.xml,DM,DM:1,1,road_marking:1,yes,2cbb4e1d23f7b6d535d46afae8e0f8bd83d6ce8415b15895ff2551dda376f791,,unique,audited_source_training_record,pre_split_source_candidate
698,data/raw/v2/ceymo/train/extracted/train/images/698.jpg,data/raw/v2/ceymo/train/extracted/train/bbox_annotations/698.xml,DM,DM:1,1,road_marking:1,yes,a7a1f889d5b808e959bf3f17042090cd9bb58aceff1c8ba081b72d5ede72150e,,unique,audited_source_training_record,pre_split_source_candidate
699,data/raw/v2/ceymo/train/extracted/train/images/699.jpg,data/raw/v2/ceymo/train/extracted/train/bbox_annotations/699.xml,PC,PC:1,1,road_marking:1,yes,189be830ec2319a776f6608da60565f88618a8b8650753840a67056e55ceaec3,,unique,audited_source_training_record,pre_split_source_candidate
699a,data/raw/v2/ceymo/train/extracted/train/images/699a.jpg,data/raw/v2/ceymo/train/extracted/train/bbox_annotations/699a.xml,PC,PC:1,1,road_marking:1,yes,d4cb035ae6041ce0b1b26880e39ed442a1fd71dd335954f5ca50ea04b5da2d0e,,unique,audited_source_training_record,pre_split_source_candidate
699b,data/raw/v2/ceymo/train/extracted/train/images/699b.jpg,data/raw/v2/ceymo/train/extracted/train/bbox_annotations/699b.xml,PC,PC:1,1,road_marking:1,yes,012b06c0a3e097965c88f7fa10dfee88b79332595f02b8399210eff8bf1ae92b,,unique,audited_source_training_record,pre_split_source_candidate
699c,data/raw/v2/ceymo/train/extracted/train/images/699c.jpg,data/raw/v2/ceymo/train/extracted/train/bbox_annotations/699c.xml,PC,PC:1,1,road_marking:1,yes,44c6d32deffacf42e9a37c3fc17beca56cb6803601467520acc2b42fc00752a4,,unique,audited_source_training_record,pre_split_source_candidate
69a,data/raw/v2/ceymo/train/extracted/train/images/69a.jpg,data/raw/v2/ceymo/train/extracted/train/bbox_annotations/69a.xml,PC,PC:1,1,road_marking:1,yes,a854c4643cabdf5004b1084e08e59d88c70014abf0f796237cf0816fbb3fe83c,,unique,audited_source_training_record,pre_split_source_candidate
6a,data/raw/v2/ceymo/train/extracted/train/images/6a.jpg,data/raw/v2/ceymo/train/extracted/train/bbox_annotations/6a.xml,DM,DM:2,2,road_marking:2,yes,ba7748b6e4266ae4868876c4927dfa46581b633ee344de31dcbf98f94ecb3d72,,unique,audited_source_training_record,pre_split_source_candidate
6b,data/raw/v2/ceymo/train/extracted/train/images/6b.jpg,data/raw/v2/ceymo/train/extracted/train/bbox_annotations/6b.xml,DM,DM:2,2,road_marking:2,yes,c310d2545266b0727a3f78745ee28e736b8b094d78f7158e8e23a4a90345b0b9,,unique,audited_source_training_record,pre_split_source_candidate
7,data/raw/v2/ceymo/train/extracted/train/images/7.jpg,data/raw/v2/ceymo/train/extracted/train/bbox_annotations/7.xml,DM,DM:3,3,road_marking:3,yes,edefe504d34517e99d0d0d623ad3723c632967ad0a7bbb86b476a9b418dc5510,,unique,audited_source_training_record,pre_split_source_candidate
70,data/raw/v2/ceymo/train/extracted/train/images/70.jpg,data/raw/v2/ceymo/train/extracted/train/bbox_annotations/70.xml,RA;SA,RA:1;SA:2,3,road_marking:3,yes,719d4ad75009c6b83add55250871e66bd524518699ef682f40a6c2ace83e561c,,unique,audited_source_training_record,pre_split_source_candidate
703,data/raw/v2/ceymo/train/extracted/train/images/703.jpg,data/raw/v2/ceymo/train/extracted/train/bbox_annotations/703.xml,DM,DM:1,1,road_marking:1,yes,9b74073b797837a1c5b87d2f65e951030cb893f627050930a87f91ac1e3ca023,,unique,audited_source_training_record,pre_split_source_candidate
703a,data/raw/v2/ceymo/train/extracted/train/images/703a.jpg,data/raw/v2/ceymo/train/extracted/train/bbox_annotations/703a.xml,DM,DM:1,1,road_marking:1,yes,a07d46c8a1e1c6337e78108ef8bb88aa3159221d91006794e0fcdd986f1b251a,,unique,audited_source_training_record,pre_split_source_candidate
703b,data/raw/v2/ceymo/train/extracted/train/images/703b.jpg,data/raw/v2/ceymo/train/extracted/train/bbox_annotations/703b.xml,DM,DM:1,1,road_marking:1,yes,3764ca2058d815b6eb65c5fa3097c666151f1cf4a9e6d47b5376c4117b025001,,unique,audited_source_training_record,pre_split_source_candidate
703c,data/raw/v2/ceymo/train/extracted/train/images/703c.jpg,data/raw/v2/ceymo/train/extracted/train/bbox_annotations/703c.xml,DM,DM:1,1,road_marking:1,yes,28645c1c0c82d7bbac8eabf47b0640e94a74044782f197bd22aed55ed2370d92,,unique,audited_source_training_record,pre_split_source_candidate
704,data/raw/v2/ceymo/train/extracted/train/images/704.jpg,data/raw/v2/ceymo/train/extracted/train/bbox_annotations/704.xml,PC,PC:1,1,road_marking:1,yes,ec769214b2bd7822cb4d9841b775feb824be4cc7061d023579d7c5c32e44e9f8,,unique,audited_source_training_record,pre_split_source_candidate
704b,data/raw/v2/ceymo/train/extracted/train/images/704b.jpg,data/raw/v2/ceymo/train/extracted/train/bbox_annotations/704b.xml,PC,PC:1,1,road_marking:1,yes,dd1cf57e2f74f7e10c6d229da29cedaa741edec43965d13bee048bf288b11270,,unique,audited_source_training_record,pre_split_source_candidate
704c,data/raw/v2/ceymo/train/extracted/train/images/704c.jpg,data/raw/v2/ceymo/train/extracted/train/bbox_annotations/704c.xml,PC,PC:1,1,road_marking:1,yes,9aec2c94459a295d90edf8f9a7dee0c186df296a409fc402fafc6ce700aefea9,,unique,audited_source_training_record,pre_split_source_candidate
706,data/raw/v2/ceymo/train/extracted/train/images/706.jpg,data/raw/v2/ceymo/train/extracted/train/bbox_annotations/706.xml,DM,DM:1,1,road_marking:1,yes,59812210d77fb8055a3ec3d0f89ca83beae9952030ffb7debad420b6ae633bfd,,unique,audited_source_training_record,pre_split_source_candidate
706a,data/raw/v2/ceymo/train/extracted/train/images/706a.jpg,data/raw/v2/ceymo/train/extracted/train/bbox_annotations/706a.xml,DM,DM:1,1,road_marking:1,yes,e6e8a22b2f3ae1391461a592ffd8649ded511000833993419357748e0b488b83,,unique,audited_source_training_record,pre_split_source_candidate
706b,data/raw/v2/ceymo/train/extracted/train/images/706b.jpg,data/raw/v2/ceymo/train/extracted/train/bbox_annotations/706b.xml,DM,DM:1,1,road_marking:1,yes,4f1baff3a906c9db4bfebc824a300a74106ff43317c4d2eceb2e7f201a631d5f,,unique,audited_source_training_record,pre_split_source_candidate
706c,data/raw/v2/ceymo/train/extracted/train/images/706c.jpg,data/raw/v2/ceymo/train/extracted/train/bbox_annotations/706c.xml,DM,DM:1,1,road_marking:1,yes,ea881715ee3f63f2f8ffe09c06f828d39744a580523b65ff0f28a13d8168ade9,,unique,audited_source_training_record,pre_split_source_candidate
707,data/raw/v2/ceymo/train/extracted/train/images/707.jpg,data/raw/v2/ceymo/train/extracted/train/bbox_annotations/707.xml,PC,PC:1,1,road_marking:1,yes,a52c1ad06d85a7402a4711c1dff10927cfc04a621782c7080febb096a69c8e24,,unique,audited_source_training_record,pre_split_source_candidate
707b,data/raw/v2/ceymo/train/extracted/train/images/707b.jpg,data/raw/v2/ceymo/train/extracted/train/bbox_annotations/707b.xml,PC,PC:1,1,road_marking:1,yes,21df3453407efc3fc6e357e6f8f331c46ffbda31bf9a752c053b638a811b9a7e,,unique,audited_source_training_record,pre_split_source_candidate
707c,data/raw/v2/ceymo/train/extracted/train/images/707c.jpg,data/raw/v2/ceymo/train/extracted/train/bbox_annotations/707c.xml,PC,PC:1,1,road_marking:1,yes,84976e33e7ab730305f36fde88ef8e6c7638bc420b8400d0f1204edea916ac05,,unique,audited_source_training_record,pre_split_source_candidate
708,data/raw/v2/ceymo/train/extracted/train/images/708.jpg,data/raw/v2/ceymo/train/extracted/train/bbox_annotations/708.xml,DM,DM:1,1,road_marking:1,yes,7ebd334b920dc6be8f9e5e6909924440c83dbe5e93c58f57b0e557ebc584ebcc,,unique,audited_source_training_record,pre_split_source_candidate
708b,data/raw/v2/ceymo/train/extracted/train/images/708b.jpg,data/raw/v2/ceymo/train/extracted/train/bbox_annotations/708b.xml,DM,DM:1,1,road_marking:1,yes,d92c3bdb3f9f5ea5294118ca07e6d46d6367cf266811da32c84ff70202645887,,unique,audited_source_training_record,pre_split_source_candidate
708c,data/raw/v2/ceymo/train/extracted/train/images/708c.jpg,data/raw/v2/ceymo/train/extracted/train/bbox_annotations/708c.xml,DM,DM:1,1,road_marking:1,yes,3ae94a2b0a72b676230795ad997875140bb6f407765653e2d2fe8b9e03b10404,,unique,audited_source_training_record,pre_split_source_candidate
708d,data/raw/v2/ceymo/train/extracted/train/images/708d.jpg,data/raw/v2/ceymo/train/extracted/train/bbox_annotations/708d.xml,DM,DM:1,1,road_marking:1,yes,807a8411498dce4a3574997758dc630ce0b86faf24fe682090713e28ef245cb5,,unique,audited_source_training_record,pre_split_source_candidate
709,data/raw/v2/ceymo/train/extracted/train/images/709.jpg,data/raw/v2/ceymo/train/extracted/train/bbox_annotations/709.xml,PC,PC:1,1,road_marking:1,yes,6ad6d6361f5b3c427e5aa02ac2d2802f01b89e7348fa9f76a6d4fb7315093905,,unique,audited_source_training_record,pre_split_source_candidate
709a,data/raw/v2/ceymo/train/extracted/train/images/709a.jpg,data/raw/v2/ceymo/train/extracted/train/bbox_annotations/709a.xml,PC,PC:1,1,road_marking:1,yes,0639072d782ca3b401a1e90695f08f9987f1367a2f3caf69579530426b8383a5,,unique,audited_source_training_record,pre_split_source_candidate
709b,data/raw/v2/ceymo/train/extracted/train/images/709b.jpg,data/raw/v2/ceymo/train/extracted/train/bbox_annotations/709b.xml,PC,PC:1,1,road_marking:1,yes,6f9c9b452bfe57461f5ddf3715962828aeadf5372b835bf90097dbc80be0898b,,unique,audited_source_training_record,pre_split_source_candidate
709c,data/raw/v2/ceymo/train/extracted/train/images/709c.jpg,data/raw/v2/ceymo/train/extracted/train/bbox_annotations/709c.xml,PC,PC:1,1,road_marking:1,yes,92ec464b5c469dcbdf4ad2994c332b56bcb8affa037403192a5e82f0d7b1f752,,unique,audited_source_training_record,pre_split_source_candidate
709d,data/raw/v2/ceymo/train/extracted/train/images/709d.jpg,data/raw/v2/ceymo/train/extracted/train/bbox_annotations/709d.xml,PC,PC:1,1,road_marking:1,yes,ad7a1bbafcd3cffa2a0cb7bd3a51540274e2eabec077601d84488c222ecf7faf,,unique,audited_source_training_record,pre_split_source_candidate
70a,data/raw/v2/ceymo/train/extracted/train/images/70a.jpg,data/raw/v2/ceymo/train/extracted/train/bbox_annotations/70a.xml,RA;SA,RA:1;SA:2,3,road_marking:3,yes,af16bb77ac56ae7e1e9a43d984cbd553ecbb6dfb364dc81dba9312a34b581874,,unique,audited_source_training_record,pre_split_source_candidate
70b,data/raw/v2/ceymo/train/extracted/train/images/70b.jpg,data/raw/v2/ceymo/train/extracted/train/bbox_annotations/70b.xml,RA;SA,RA:1;SA:2,3,road_marking:3,yes,c3530e5b744b04fcdf99eb50ce6b5d35ca07d7fce671be00cc43161e48432618,,unique,audited_source_training_record,pre_split_source_candidate
70c,data/raw/v2/ceymo/train/extracted/train/images/70c.jpg,data/raw/v2/ceymo/train/extracted/train/bbox_annotations/70c.xml,RA;SA,RA:1;SA:2,3,road_marking:3,yes,2e8ef7dcb9f5606cc926bf4299f7fd1ce20169312c8145f74e938e82555896a6,,unique,audited_source_training_record,pre_split_source_candidate
70d,data/raw/v2/ceymo/train/extracted/train/images/70d.jpg,data/raw/v2/ceymo/train/extracted/train/bbox_annotations/70d.xml,RA;SA,RA:1;SA:2,3,road_marking:3,yes,79508b765973ef7ef662421a8bda96784cc5faed3d944d3e9d8d9490a0d6f067,,unique,audited_source_training_record,pre_split_source_candidate
70e,data/raw/v2/ceymo/train/extracted/train/images/70e.jpg,data/raw/v2/ceymo/train/extracted/train/bbox_annotations/70e.xml,RA;SA,RA:1;SA:2,3,road_marking:3,yes,922df5afbd2e4a86b8531dfb5b8067880c11ddde0f5b38da87dbf26539019a64,,unique,audited_source_training_record,pre_split_source_candidate
71,data/raw/v2/ceymo/train/extracted/train/images/71.jpg,data/raw/v2/ceymo/train/extracted/train/bbox_annotations/71.xml,RA;SA,RA:1;SA:2,3,road_marking:3,yes,0aa71f8d27ca497c1f3a4b314b6fa73a6a6b9c51374aab005d52a9b4d9401e3b,,unique,audited_source_training_record,pre_split_source_candidate
71a,data/raw/v2/ceymo/train/extracted/train/images/71a.jpg,data/raw/v2/ceymo/train/extracted/train/bbox_annotations/71a.xml,RA;SA,RA:1;SA:1,2,road_marking:2,yes,33017c9590526eab7174553530ddc473083619acc2b8d506250ef7fcdbf022d3,,unique,audited_source_training_record,pre_split_source_candidate
71b,data/raw/v2/ceymo/train/extracted/train/images/71b.jpg,data/raw/v2/ceymo/train/extracted/train/bbox_annotations/71b.xml,RA;SA,RA:1;SA:2,3,road_marking:3,yes,956fec02aeaa1ba816d397d4ec071aa31c6f6c49d5cc14c524263d5475a99bb2,,unique,audited_source_training_record,pre_split_source_candidate
71c,data/raw/v2/ceymo/train/extracted/train/images/71c.jpg,data/raw/v2/ceymo/train/extracted/train/bbox_annotations/71c.xml,RA;SA,RA:1;SA:2,3,road_marking:3,yes,1850adaf9f68ad37ac137abd6a1e9821be3107c1a3d1fd5e6d1e569f4b6f2e2f,,unique,audited_source_training_record,pre_split_source_candidate
72,data/raw/v2/ceymo/train/extracted/train/images/72.jpg,data/raw/v2/ceymo/train/extracted/train/bbox_annotations/72.xml,RA;SA,RA:1;SA:1,2,road_marking:2,yes,a1e004674658168276bc5755ae436869b80f8b5920c67dcdd18dba53b6ca27ab,,unique,audited_source_training_record,pre_split_source_candidate
721,data/raw/v2/ceymo/train/extracted/train/images/721.jpg,data/raw/v2/ceymo/train/extracted/train/bbox_annotations/721.xml,JB,JB:1,1,road_marking:1,yes,15e24e51c9c1c1b97730460f4fcdab01f5104d03be3301d50a1caa93b5001608,,unique,audited_source_training_record,pre_split_source_candidate
721d,data/raw/v2/ceymo/train/extracted/train/images/721d.jpg,data/raw/v2/ceymo/train/extracted/train/bbox_annotations/721d.xml,JB,JB:1,1,road_marking:1,yes,af002b3ae36bfb2628f0019b938a16d3c9a5d38593e356a3a4b477095565ae07,,unique,audited_source_training_record,pre_split_source_candidate
721e,data/raw/v2/ceymo/train/extracted/train/images/721e.jpg,data/raw/v2/ceymo/train/extracted/train/bbox_annotations/721e.xml,JB,JB:1,1,road_marking:1,yes,0a1fab3ed573a51615ceee607e953ca24a52133b2434e6f4bdf4c2efedd1d036,,unique,audited_source_training_record,pre_split_source_candidate
721g,data/raw/v2/ceymo/train/extracted/train/images/721g.jpg,data/raw/v2/ceymo/train/extracted/train/bbox_annotations/721g.xml,JB,JB:1,1,road_marking:1,yes,f35ecde7f477d1e4b2b38500a36bce5721a52ab66069c8843898f4dfe19087e8,,unique,audited_source_training_record,pre_split_source_candidate
721h,data/raw/v2/ceymo/train/extracted/train/images/721h.jpg,data/raw/v2/ceymo/train/extracted/train/bbox_annotations/721h.xml,JB,JB:1,1,road_marking:1,yes,c99fb7d4f0a313c1d8d922aeb543617d651073b1ac8fe4b94aedfcc20ebf9462,,unique,audited_source_training_record,pre_split_source_candidate
721m,data/raw/v2/ceymo/train/extracted/train/images/721m.jpg,data/raw/v2/ceymo/train/extracted/train/bbox_annotations/721m.xml,JB,JB:1,1,road_marking:1,yes,0bb84cfa42108de9ca8fb61ddedf23c43f1845763e2aa8dc80dedb5662e348a0,,unique,audited_source_training_record,pre_split_source_candidate
721n,data/raw/v2/ceymo/train/extracted/train/images/721n.jpg,data/raw/v2/ceymo/train/extracted/train/bbox_annotations/721n.xml,JB,JB:1,1,road_marking:1,yes,318efeeafc6af9d2e8a1cfca2f6920ef67ef16a10d7be3a9f6f498db1bba4eb8,,unique,audited_source_training_record,pre_split_source_candidate
722,data/raw/v2/ceymo/train/extracted/train/images/722.jpg,data/raw/v2/ceymo/train/extracted/train/bbox_annotations/722.xml,JB,JB:1,1,road_marking:1,yes,41a649cf63269c8f3acd244aef3978f8465a3aa441668a442cfc5a1ac70ded63,,unique,audited_source_training_record,pre_split_source_candidate
722f,data/raw/v2/ceymo/train/extracted/train/images/722f.jpg,data/raw/v2/ceymo/train/extracted/train/bbox_annotations/722f.xml,JB,JB:1,1,road_marking:1,yes,78d852257df7e530368064ef18c68554c6407ced21283992945f7cfe1995bfb8,,unique,audited_source_training_record,pre_split_source_candidate
723,data/raw/v2/ceymo/train/extracted/train/images/723.jpg,data/raw/v2/ceymo/train/extracted/train/bbox_annotations/723.xml,PC,PC:1,1,road_marking:1,yes,55ab640a6420c265b469be618d5ca3135ff04d85f5838b649189c436506d15d6,,unique,audited_source_training_record,pre_split_source_candidate
723c,data/raw/v2/ceymo/train/extracted/train/images/723c.jpg,data/raw/v2/ceymo/train/extracted/train/bbox_annotations/723c.xml,PC,PC:1,1,road_marking:1,yes,0f8016a81e78d49ebdf8ebe725ff6a63361e8d9c417a6ed0154d3700085b3494,,unique,audited_source_training_record,pre_split_source_candidate
723d,data/raw/v2/ceymo/train/extracted/train/images/723d.jpg,data/raw/v2/ceymo/train/extracted/train/bbox_annotations/723d.xml,PC,PC:1,1,road_marking:1,yes,a3462f87bd0df0c741b69a0e466eda902972453fddff47d73d4fad5614a0cfb9,,unique,audited_source_training_record,pre_split_source_candidate
723e,data/raw/v2/ceymo/train/extracted/train/images/723e.jpg,data/raw/v2/ceymo/train/extracted/train/bbox_annotations/723e.xml,PC,PC:1,1,road_marking:1,yes,c1b3f6dd297c67611a425e78d4b97f39d4c83d97c8466106afce99adb8e3702b,,unique,audited_source_training_record,pre_split_source_candidate
723f,data/raw/v2/ceymo/train/extracted/train/images/723f.jpg,data/raw/v2/ceymo/train/extracted/train/bbox_annotations/723f.xml,PC,PC:1,1,road_marking:1,yes,a8b9e68838d43a9d140946967e7ae190635bb4860f641b1a44c957a56bea5dcf,,unique,audited_source_training_record,pre_split_source_candidate
724,data/raw/v2/ceymo/train/extracted/train/images/724.jpg,data/raw/v2/ceymo/train/extracted/train/bbox_annotations/724.xml,PC,PC:1,1,road_marking:1,yes,076b177ba8b703f379c4063a65a069e9bc1fde48064893f20e8f57863f2eeffa,,unique,audited_source_training_record,pre_split_source_candidate
724a,data/raw/v2/ceymo/train/extracted/train/images/724a.jpg,data/raw/v2/ceymo/train/extracted/train/bbox_annotations/724a.xml,PC,PC:1,1,road_marking:1,yes,6332274c7bcc905598217f99a976dd325e36327d2d95c9a619ac231b3b11e8ad,,unique,audited_source_training_record,pre_split_source_candidate
724b,data/raw/v2/ceymo/train/extracted/train/images/724b.jpg,data/raw/v2/ceymo/train/extracted/train/bbox_annotations/724b.xml,PC,PC:1,1,road_marking:1,yes,ceee21d2b46607f9e10e67de5a0f506b5f9ff3b05aad1c117fe1c92b5fb0cb3e,,unique,audited_source_training_record,pre_split_source_candidate
724c,data/raw/v2/ceymo/train/extracted/train/images/724c.jpg,data/raw/v2/ceymo/train/extracted/train/bbox_annotations/724c.xml,PC,PC:1,1,road_marking:1,yes,aba1abbfbf359956e33e0183f17c47922630ca12a9663088f9bd8e79a883fe8d,,unique,audited_source_training_record,pre_split_source_candidate
724d,data/raw/v2/ceymo/train/extracted/train/images/724d.jpg,data/raw/v2/ceymo/train/extracted/train/bbox_annotations/724d.xml,PC,PC:1,1,road_marking:1,yes,27c049fe67cab8b695edf9038962219b2f108085a6b898af09e096680fa12c2e,,unique,audited_source_training_record,pre_split_source_candidate
725,data/raw/v2/ceymo/train/extracted/train/images/725.jpg,data/raw/v2/ceymo/train/extracted/train/bbox_annotations/725.xml,PC,PC:1,1,road_marking:1,yes,b348df07037fd8228a8a2220f058723c55741cc36dcbe9f95d9c1b0a7aad141e,,unique,audited_source_training_record,pre_split_source_candidate
725a,data/raw/v2/ceymo/train/extracted/train/images/725a.jpg,data/raw/v2/ceymo/train/extracted/train/bbox_annotations/725a.xml,PC,PC:1,1,road_marking:1,yes,95fc8a9397d144678de4d9c978021c7a2425aa76b47fa3a89e964487e197e744,,unique,audited_source_training_record,pre_split_source_candidate
725b,data/raw/v2/ceymo/train/extracted/train/images/725b.jpg,data/raw/v2/ceymo/train/extracted/train/bbox_annotations/725b.xml,PC,PC:1,1,road_marking:1,yes,a6966e9a0c891d9211279c6b7918cab81f826fafaa979e9114ffb9e3f0c84dda,,unique,audited_source_training_record,pre_split_source_candidate
725c,data/raw/v2/ceymo/train/extracted/train/images/725c.jpg,data/raw/v2/ceymo/train/extracted/train/bbox_annotations/725c.xml,PC,PC:1,1,road_marking:1,yes,d895574406aadeb5e77a0d085aabd8ead11ae3b5431ab3dd9fe2610dc686a77f,,unique,audited_source_training_record,pre_split_source_candidate
726,data/raw/v2/ceymo/train/extracted/train/images/726.jpg,data/raw/v2/ceymo/train/extracted/train/bbox_annotations/726.xml,PC,PC:1,1,road_marking:1,yes,d733c0d62541c13ef144364304819067aa4002b9c485c7dd5a2f890469266b04,,unique,audited_source_training_record,pre_split_source_candidate
726a,data/raw/v2/ceymo/train/extracted/train/images/726a.jpg,data/raw/v2/ceymo/train/extracted/train/bbox_annotations/726a.xml,PC,PC:1,1,road_marking:1,yes,12b000f38acb197897d07926db9d17df6fc0e74578884b5ecfd0adcbfd2a735d,,unique,audited_source_training_record,pre_split_source_candidate
726b,data/raw/v2/ceymo/train/extracted/train/images/726b.jpg,data/raw/v2/ceymo/train/extracted/train/bbox_annotations/726b.xml,PC,PC:1,1,road_marking:1,yes,02b575396aecfe7c26e511d5b833d919c206c12aae586449ce11b6779f563e6f,,unique,audited_source_training_record,pre_split_source_candidate
726c,data/raw/v2/ceymo/train/extracted/train/images/726c.jpg,data/raw/v2/ceymo/train/extracted/train/bbox_annotations/726c.xml,PC,PC:1,1,road_marking:1,yes,9248dcad053650a614758f8bc04654985db3cfc0d0dcbc2af57feb8206d377e5,,unique,audited_source_training_record,pre_split_source_candidate
726d,data/raw/v2/ceymo/train/extracted/train/images/726d.jpg,data/raw/v2/ceymo/train/extracted/train/bbox_annotations/726d.xml,PC,PC:1,1,road_marking:1,yes,bba7d65e6b46e7964f7594569849e67dfd96b5b0ee74d3d1e320175b3ff30cc7,,unique,audited_source_training_record,pre_split_source_candidate
727,data/raw/v2/ceymo/train/extracted/train/images/727.jpg,data/raw/v2/ceymo/train/extracted/train/bbox_annotations/727.xml,PC,PC:1,1,road_marking:1,yes,8b9f16f05008cb35db733927680d06f20ca3cb7c5e1a6eae1268eb352fd41596,,unique,audited_source_training_record,pre_split_source_candidate
727a,data/raw/v2/ceymo/train/extracted/train/images/727a.jpg,data/raw/v2/ceymo/train/extracted/train/bbox_annotations/727a.xml,PC,PC:1,1,road_marking:1,yes,fc50f74afb240c7a19fd84cacd4db6b97ebc68e82d6d44355d6cf06e72c13a0e,,unique,audited_source_training_record,pre_split_source_candidate
727b,data/raw/v2/ceymo/train/extracted/train/images/727b.jpg,data/raw/v2/ceymo/train/extracted/train/bbox_annotations/727b.xml,PC,PC:1,1,road_marking:1,yes,bea89809fbbaaffed777a187ddc30aeba7c943e7094090a9d4f4fb00f986acf5,,unique,audited_source_training_record,pre_split_source_candidate
727c,data/raw/v2/ceymo/train/extracted/train/images/727c.jpg,data/raw/v2/ceymo/train/extracted/train/bbox_annotations/727c.xml,PC,PC:1,1,road_marking:1,yes,2ddb173114850b7904e57b9a975d544e454292c780a677a3540d86ad67a19684,,unique,audited_source_training_record,pre_split_source_candidate
728,data/raw/v2/ceymo/train/extracted/train/images/728.jpg,data/raw/v2/ceymo/train/extracted/train/bbox_annotations/728.xml,PC,PC:1,1,road_marking:1,yes,8037a95a3fefff4927248bf00c6d277a4de2d9a4cf12db1182499d6394af9a60,,unique,audited_source_training_record,pre_split_source_candidate
728a,data/raw/v2/ceymo/train/extracted/train/images/728a.jpg,data/raw/v2/ceymo/train/extracted/train/bbox_annotations/728a.xml,PC,PC:1,1,road_marking:1,yes,c58cdb522c4da63e212a3740e4fa2150b933c43d0fca2948b69116032a5cf17b,,unique,audited_source_training_record,pre_split_source_candidate
728b,data/raw/v2/ceymo/train/extracted/train/images/728b.jpg,data/raw/v2/ceymo/train/extracted/train/bbox_annotations/728b.xml,PC,PC:1,1,road_marking:1,yes,4649453b9ca4d920fe2872f412adf2c66a7972aaafcf087f1b899919e2ce615f,,unique,audited_source_training_record,pre_split_source_candidate
728c,data/raw/v2/ceymo/train/extracted/train/images/728c.jpg,data/raw/v2/ceymo/train/extracted/train/bbox_annotations/728c.xml,PC,PC:1,1,road_marking:1,yes,f5afa473fdafed752d5b9a6d55ff876e5b056936deb0d2deca87896c9cdd3890,,unique,audited_source_training_record,pre_split_source_candidate
729,data/raw/v2/ceymo/train/extracted/train/images/729.jpg,data/raw/v2/ceymo/train/extracted/train/bbox_annotations/729.xml,PC,PC:1,1,road_marking:1,yes,3450328f7ac8a35dffc970db5a252dbcc3a853d5ec9a665cbaf7ab4fa0baf884,,unique,audited_source_training_record,pre_split_source_candidate
729a,data/raw/v2/ceymo/train/extracted/train/images/729a.jpg,data/raw/v2/ceymo/train/extracted/train/bbox_annotations/729a.xml,PC,PC:1,1,road_marking:1,yes,aac0ff033c27688e95cc9e7b82d4c8ccde89d06f64f86399d1ef8ba37b9b253c,,unique,audited_source_training_record,pre_split_source_candidate
729b,data/raw/v2/ceymo/train/extracted/train/images/729b.jpg,data/raw/v2/ceymo/train/extracted/train/bbox_annotations/729b.xml,PC,PC:1,1,road_marking:1,yes,8ae2b3785dccae40244144b1e6acbcdc0f1967514975b234a6b07615131590ec,,unique,audited_source_training_record,pre_split_source_candidate
729c,data/raw/v2/ceymo/train/extracted/train/images/729c.jpg,data/raw/v2/ceymo/train/extracted/train/bbox_annotations/729c.xml,PC,PC:1,1,road_marking:1,yes,2744a411b9423f614ad0cdb89c69fe2dbcb49593e60f2c2637985897e32ee24a,,unique,audited_source_training_record,pre_split_source_candidate
72a,data/raw/v2/ceymo/train/extracted/train/images/72a.jpg,data/raw/v2/ceymo/train/extracted/train/bbox_annotations/72a.xml,RA;SA,RA:1;SA:1,2,road_marking:2,yes,765d69ebba4c59c7a80f0db9bfe66a54da7b67fe445e3818ca94b98b87b4e904,,unique,audited_source_training_record,pre_split_source_candidate
72b,data/raw/v2/ceymo/train/extracted/train/images/72b.jpg,data/raw/v2/ceymo/train/extracted/train/bbox_annotations/72b.xml,RA;SA,RA:1;SA:1,2,road_marking:2,yes,97a6828a7609cb19fe181475e4560c8289a92102464145385edb985aefb940dc,,unique,audited_source_training_record,pre_split_source_candidate
72c,data/raw/v2/ceymo/train/extracted/train/images/72c.jpg,data/raw/v2/ceymo/train/extracted/train/bbox_annotations/72c.xml,RA;SA,RA:1;SA:1,2,road_marking:2,yes,8f9072947ff227ee1cdffbc45ce4603be24fe0b3a727b418687f8d41c1f8f2a4,,unique,audited_source_training_record,pre_split_source_candidate
72d,data/raw/v2/ceymo/train/extracted/train/images/72d.jpg,data/raw/v2/ceymo/train/extracted/train/bbox_annotations/72d.xml,RA;SA,RA:1;SA:1,2,road_marking:2,yes,7029f89545a6609ff0a77c341ae9dde6f0ef6ab90fe04cb06e1e8457478c6c73,,unique,audited_source_training_record,pre_split_source_candidate
73,data/raw/v2/ceymo/train/extracted/train/images/73.jpg,data/raw/v2/ceymo/train/extracted/train/bbox_annotations/73.xml,PC,PC:1,1,road_marking:1,yes,fd50dd2511c89474fa95b394482f525832d3241d85b94dd2783a96f41d9c138f,,unique,audited_source_training_record,pre_split_source_candidate
730,data/raw/v2/ceymo/train/extracted/train/images/730.jpg,data/raw/v2/ceymo/train/extracted/train/bbox_annotations/730.xml,DM,DM:2,2,road_marking:2,yes,a05a14228fae5fc2d52261a44ced4cf5cccb31ee102dcbb61e97c3f017aa47d4,,unique,audited_source_training_record,pre_split_source_candidate
730a,data/raw/v2/ceymo/train/extracted/train/images/730a.jpg,data/raw/v2/ceymo/train/extracted/train/bbox_annotations/730a.xml,DM,DM:2,2,road_marking:2,yes,2fcaf9998001f8e99ebfa0f26fd901e731e72ef46685a86d28b0dea133d248d3,,unique,audited_source_training_record,pre_split_source_candidate
730b,data/raw/v2/ceymo/train/extracted/train/images/730b.jpg,data/raw/v2/ceymo/train/extracted/train/bbox_annotations/730b.xml,DM,DM:2,2,road_marking:2,yes,17eb4d2883157514ad7d3c1434c8d5c9408eadee54bcde37f0abe5ecad143a62,,unique,audited_source_training_record,pre_split_source_candidate
731,data/raw/v2/ceymo/train/extracted/train/images/731.jpg,data/raw/v2/ceymo/train/extracted/train/bbox_annotations/731.xml,PC,PC:1,1,road_marking:1,yes,b95e9fdc8bf3f836abfbcbe47fb77cdd6d193f3370a47c4bafb06b9d4bcc6366,,unique,audited_source_training_record,pre_split_source_candidate
731a,data/raw/v2/ceymo/train/extracted/train/images/731a.jpg,data/raw/v2/ceymo/train/extracted/train/bbox_annotations/731a.xml,PC,PC:1,1,road_marking:1,yes,9e1fe682c836b5429a75aa48ad815906c4b91c81b2c91f7d05eea960fe860bc0,,unique,audited_source_training_record,pre_split_source_candidate
732,data/raw/v2/ceymo/train/extracted/train/images/732.jpg,data/raw/v2/ceymo/train/extracted/train/bbox_annotations/732.xml,DM,DM:2,2,road_marking:2,yes,7dcf41575bc15265282e9dbdfe9c2df04b8b8deafbab1065550e09d5db8878b0,,unique,audited_source_training_record,pre_split_source_candidate
732a,data/raw/v2/ceymo/train/extracted/train/images/732a.jpg,data/raw/v2/ceymo/train/extracted/train/bbox_annotations/732a.xml,DM,DM:2,2,road_marking:2,yes,e1a85f41c71dd60da84a9a55538387ae3b5f4776685a1daf4c8efee9d3a7fd2e,,unique,audited_source_training_record,pre_split_source_candidate
732b,data/raw/v2/ceymo/train/extracted/train/images/732b.jpg,data/raw/v2/ceymo/train/extracted/train/bbox_annotations/732b.xml,DM,DM:2,2,road_marking:2,yes,43af987c7aa6e1d95b3e16210d7d90f6bac236eda491709586d45ff2f5b15806,,unique,audited_source_training_record,pre_split_source_candidate
733,data/raw/v2/ceymo/train/extracted/train/images/733.jpg,data/raw/v2/ceymo/train/extracted/train/bbox_annotations/733.xml,PC,PC:1,1,road_marking:1,yes,fd19a448d89be7f5853da9033b842a4803e7e6fc319cf24d5acc71fcdb8fe193,,unique,audited_source_training_record,pre_split_source_candidate
733a,data/raw/v2/ceymo/train/extracted/train/images/733a.jpg,data/raw/v2/ceymo/train/extracted/train/bbox_annotations/733a.xml,PC,PC:1,1,road_marking:1,yes,9dcdff916f3ff341034ddc2e0e549b1b3da4dcca011409d0b6a91eac64066bef,,unique,audited_source_training_record,pre_split_source_candidate
733b,data/raw/v2/ceymo/train/extracted/train/images/733b.jpg,data/raw/v2/ceymo/train/extracted/train/bbox_annotations/733b.xml,PC,PC:1,1,road_marking:1,yes,5096085bceb037bece42b00ed7faf55b13c1427614019d656168089fe282b967,,unique,audited_source_training_record,pre_split_source_candidate
734,data/raw/v2/ceymo/train/extracted/train/images/734.jpg,data/raw/v2/ceymo/train/extracted/train/bbox_annotations/734.xml,DM,DM:2,2,road_marking:2,yes,d947fa0e9be649a692f22cd6851267b4a14dc62ccb1359132d636d8f40ca3e35,,unique,audited_source_training_record,pre_split_source_candidate
734a,data/raw/v2/ceymo/train/extracted/train/images/734a.jpg,data/raw/v2/ceymo/train/extracted/train/bbox_annotations/734a.xml,DM,DM:2,2,road_marking:2,yes,b7baf700ec73fc440eaabb7029a6d4155c7e0eec2243ba9f4cbd80d90f801f4f,,unique,audited_source_training_record,pre_split_source_candidate
734b,data/raw/v2/ceymo/train/extracted/train/images/734b.jpg,data/raw/v2/ceymo/train/extracted/train/bbox_annotations/734b.xml,DM,DM:2,2,road_marking:2,yes,a326157e796420cf5ba50c27a5aab75fe4229bac756dd8f530295e5ff963dac6,,unique,audited_source_training_record,pre_split_source_candidate
735,data/raw/v2/ceymo/train/extracted/train/images/735.jpg,data/raw/v2/ceymo/train/extracted/train/bbox_annotations/735.xml,PC,PC:1,1,road_marking:1,yes,f4d7fda684e8a5bfd7176560a80a0df8e75a70e784d038b8a4ac0985fa9d51c3,,unique,audited_source_training_record,pre_split_source_candidate
735a,data/raw/v2/ceymo/train/extracted/train/images/735a.jpg,data/raw/v2/ceymo/train/extracted/train/bbox_annotations/735a.xml,PC,PC:1,1,road_marking:1,yes,a480b1548e34296aeeafb92d3087de6f5b40133a5f9c326ffdd9e59f6537bc41,,unique,audited_source_training_record,pre_split_source_candidate
736,data/raw/v2/ceymo/train/extracted/train/images/736.jpg,data/raw/v2/ceymo/train/extracted/train/bbox_annotations/736.xml,DM,DM:2,2,road_marking:2,yes,03c13517ba1ca05e6308075448b37f2cd6bdabe0260bbbe65a2f14402dac7ccc,,unique,audited_source_training_record,pre_split_source_candidate
736a,data/raw/v2/ceymo/train/extracted/train/images/736a.jpg,data/raw/v2/ceymo/train/extracted/train/bbox_annotations/736a.xml,DM,DM:2,2,road_marking:2,yes,679e52b8392b47ad415dfa6dd395dd5b2c86e0381f699583b4c3d6154ae86048,,unique,audited_source_training_record,pre_split_source_candidate
736b,data/raw/v2/ceymo/train/extracted/train/images/736b.jpg,data/raw/v2/ceymo/train/extracted/train/bbox_annotations/736b.xml,DM,DM:2,2,road_marking:2,yes,77835f00708abbe85e2de66ddc4ffbcbfe85e718072e4a7319dc8f14ca69a952,,unique,audited_source_training_record,pre_split_source_candidate
737,data/raw/v2/ceymo/train/extracted/train/images/737.jpg,data/raw/v2/ceymo/train/extracted/train/bbox_annotations/737.xml,PC,PC:1,1,road_marking:1,yes,0450c47b058a6bc99ca55f0079295805df17876984861e135d9a777978807779,,unique,audited_source_training_record,pre_split_source_candidate
737a,data/raw/v2/ceymo/train/extracted/train/images/737a.jpg,data/raw/v2/ceymo/train/extracted/train/bbox_annotations/737a.xml,PC,PC:1,1,road_marking:1,yes,7608c82f2706433a5d3595be09b316adc1a6c5a5a642d7902f2494f26bb40a45,,unique,audited_source_training_record,pre_split_source_candidate
737b,data/raw/v2/ceymo/train/extracted/train/images/737b.jpg,data/raw/v2/ceymo/train/extracted/train/bbox_annotations/737b.xml,PC,PC:1,1,road_marking:1,yes,b99fe07e0d1b1b0a17e798b18b36639c3465b21ce7dcdbc7cbb51d7726e15231,,unique,audited_source_training_record,pre_split_source_candidate
738,data/raw/v2/ceymo/train/extracted/train/images/738.jpg,data/raw/v2/ceymo/train/extracted/train/bbox_annotations/738.xml,DM,DM:2,2,road_marking:2,yes,1be9ffe531543d186bef16adf0d8739fdebd1f2403a835a2d33a4bed7eadf51b,,unique,audited_source_training_record,pre_split_source_candidate
738a,data/raw/v2/ceymo/train/extracted/train/images/738a.jpg,data/raw/v2/ceymo/train/extracted/train/bbox_annotations/738a.xml,DM,DM:2,2,road_marking:2,yes,272197c380fd43b173b6fdfa4ba2b584095a48e9db87cd66af09f0bbb8e7d7c1,,unique,audited_source_training_record,pre_split_source_candidate
738b,data/raw/v2/ceymo/train/extracted/train/images/738b.jpg,data/raw/v2/ceymo/train/extracted/train/bbox_annotations/738b.xml,DM,DM:2,2,road_marking:2,yes,4c90908bb1d0296da70292ac976b4faabf3ad2e7dacdb94fa750bbf98c70fc22,,unique,audited_source_training_record,pre_split_source_candidate
73a,data/raw/v2/ceymo/train/extracted/train/images/73a.jpg,data/raw/v2/ceymo/train/extracted/train/bbox_annotations/73a.xml,PC,PC:1,1,road_marking:1,yes,79f8c31a89159810a8df9afdd753c3ef9f1c51581a72106388dcdc67a7055743,,unique,audited_source_training_record,pre_split_source_candidate
73b,data/raw/v2/ceymo/train/extracted/train/images/73b.jpg,data/raw/v2/ceymo/train/extracted/train/bbox_annotations/73b.xml,PC,PC:1,1,road_marking:1,yes,20da9f639bfccf6732646f82da2026ec83e4082f6a6dc8161b42c02e91422d25,,unique,audited_source_training_record,pre_split_source_candidate
748,data/raw/v2/ceymo/train/extracted/train/images/748.jpg,data/raw/v2/ceymo/train/extracted/train/bbox_annotations/748.xml,DM,DM:2,2,road_marking:2,yes,b3ff2698b02592412bbf0e4ea32798d91f683ef39214200a9d7534e0fbb1e64a,,unique,audited_source_training_record,pre_split_source_candidate
748a,data/raw/v2/ceymo/train/extracted/train/images/748a.jpg,data/raw/v2/ceymo/train/extracted/train/bbox_annotations/748a.xml,DM,DM:2,2,road_marking:2,yes,dc262ec33ed36b4ef62af19c084f518a044050f223dc9ef679c126c037ac33d4,,unique,audited_source_training_record,pre_split_source_candidate
748b,data/raw/v2/ceymo/train/extracted/train/images/748b.jpg,data/raw/v2/ceymo/train/extracted/train/bbox_annotations/748b.xml,DM,DM:2,2,road_marking:2,yes,ef8c02f91f2332c88a80390b3d3b33a5bf3cb1765d879a6162a02694493d1d60,,unique,audited_source_training_record,pre_split_source_candidate
74a,data/raw/v2/ceymo/train/extracted/train/images/74a.jpg,data/raw/v2/ceymo/train/extracted/train/bbox_annotations/74a.xml,RA;SA,RA:1;SA:1,2,road_marking:2,yes,af3919079d1c0549d07a7ef1d3db15c934373eecfa8e7b967f4e06df46770ec5,,unique,audited_source_training_record,pre_split_source_candidate
74b,data/raw/v2/ceymo/train/extracted/train/images/74b.jpg,data/raw/v2/ceymo/train/extracted/train/bbox_annotations/74b.xml,RA;SA;SLA,RA:1;SA:1;SLA:1,3,road_marking:3,yes,b2fe67dd79b06803875e4ba8aba014b66f92747fb383bf566d2efd7f7e0f17ee,,unique,audited_source_training_record,pre_split_source_candidate
74c,data/raw/v2/ceymo/train/extracted/train/images/74c.jpg,data/raw/v2/ceymo/train/extracted/train/bbox_annotations/74c.xml,RA;SA,RA:1;SA:1,2,road_marking:2,yes,25c685259a95369080282d9d4123f2ba35925c9467ea04257d6cad556d6d6a6b,,unique,audited_source_training_record,pre_split_source_candidate
74d,data/raw/v2/ceymo/train/extracted/train/images/74d.jpg,data/raw/v2/ceymo/train/extracted/train/bbox_annotations/74d.xml,RA;SA,RA:1;SA:1,2,road_marking:2,yes,19459ca972d0502bbe8a1d0049caa60f057de3e3bd897ddcdc14c5c0594646ef,,unique,audited_source_training_record,pre_split_source_candidate
75,data/raw/v2/ceymo/train/extracted/train/images/75.jpg,data/raw/v2/ceymo/train/extracted/train/bbox_annotations/75.xml,RA;SA;SLA,RA:1;SA:1;SLA:1,3,road_marking:3,yes,c86edb7d20e43bd4e333405adccab6c821b712fb761e98937374076c954dbab2,,unique,audited_source_training_record,pre_split_source_candidate
750,data/raw/v2/ceymo/train/extracted/train/images/750.jpg,data/raw/v2/ceymo/train/extracted/train/bbox_annotations/750.xml,DM,DM:1,1,road_marking:1,yes,5aec7a2bfc10ab4cafbb1e6526688445c60c7532398eb50308be7d9fb882a206,,unique,audited_source_training_record,pre_split_source_candidate
750a,data/raw/v2/ceymo/train/extracted/train/images/750a.jpg,data/raw/v2/ceymo/train/extracted/train/bbox_annotations/750a.xml,DM,DM:2,2,road_marking:2,yes,53d98cfaf2003463732c84f351856d1660a71024740622ae533802a76a369793,,unique,audited_source_training_record,pre_split_source_candidate
751,data/raw/v2/ceymo/train/extracted/train/images/751.jpg,data/raw/v2/ceymo/train/extracted/train/bbox_annotations/751.xml,PC,PC:1,1,road_marking:1,yes,ac466b5762a16d8c08df7becd610021dd3ca1b4f9f46282213631c0ed2cf2057,,unique,audited_source_training_record,pre_split_source_candidate
751b,data/raw/v2/ceymo/train/extracted/train/images/751b.jpg,data/raw/v2/ceymo/train/extracted/train/bbox_annotations/751b.xml,PC,PC:1,1,road_marking:1,yes,be384eea4d548f74292acc13b0b1e17b3d5bd64be55a8f75ca8f8c284c02023a,,unique,audited_source_training_record,pre_split_source_candidate
752a,data/raw/v2/ceymo/train/extracted/train/images/752a.jpg,data/raw/v2/ceymo/train/extracted/train/bbox_annotations/752a.xml,DM,DM:2,2,road_marking:2,yes,03739d0ee1187614bccb4c14d9b2214429821e091ba4c4527ca652e21a36e43e,,unique,audited_source_training_record,pre_split_source_candidate
752b,data/raw/v2/ceymo/train/extracted/train/images/752b.jpg,data/raw/v2/ceymo/train/extracted/train/bbox_annotations/752b.xml,DM,DM:2,2,road_marking:2,yes,daa74cf05fcf5d23f7035c9ee4de66da3ed86387fe1486539c32cf17e83ea0d6,,unique,audited_source_training_record,pre_split_source_candidate
752c,data/raw/v2/ceymo/train/extracted/train/images/752c.jpg,data/raw/v2/ceymo/train/extracted/train/bbox_annotations/752c.xml,DM,DM:2,2,road_marking:2,yes,2adc7249a5381ccffb2b0fab4f7df3b07913baf24da19aa32cdd0f58fda20059,,unique,audited_source_training_record,pre_split_source_candidate
753,data/raw/v2/ceymo/train/extracted/train/images/753.jpg,data/raw/v2/ceymo/train/extracted/train/bbox_annotations/753.xml,PC,PC:1,1,road_marking:1,yes,9e614701b29b615f3d0bb11155fa63ba6df201cd84fc54729feae50ad6871fdf,,unique,audited_source_training_record,pre_split_source_candidate
753a,data/raw/v2/ceymo/train/extracted/train/images/753a.jpg,data/raw/v2/ceymo/train/extracted/train/bbox_annotations/753a.xml,PC,PC:1,1,road_marking:1,yes,71180659d5b91dc46c138a65d898ff5e5ed21e684923e3f9b7ed69c200e4292b,,unique,audited_source_training_record,pre_split_source_candidate
753b,data/raw/v2/ceymo/train/extracted/train/images/753b.jpg,data/raw/v2/ceymo/train/extracted/train/bbox_annotations/753b.xml,PC,PC:1,1,road_marking:1,yes,9a87a90e12692fc723ce256c947e4de0a38f64d17fc8a79262c120662539195f,,unique,audited_source_training_record,pre_split_source_candidate
754b,data/raw/v2/ceymo/train/extracted/train/images/754b.jpg,data/raw/v2/ceymo/train/extracted/train/bbox_annotations/754b.xml,DM,DM:2,2,road_marking:2,yes,6eae2c63fc5114d779b48d4e2caef092d6919f8af0de1ed77fb94d8542791929,,unique,audited_source_training_record,pre_split_source_candidate
755,data/raw/v2/ceymo/train/extracted/train/images/755.jpg,data/raw/v2/ceymo/train/extracted/train/bbox_annotations/755.xml,PC,PC:1,1,road_marking:1,yes,9cd0dc3a9e95189258f6e89cc0265856de76639e073f2494178f38d8301039be,,unique,audited_source_training_record,pre_split_source_candidate
755a,data/raw/v2/ceymo/train/extracted/train/images/755a.jpg,data/raw/v2/ceymo/train/extracted/train/bbox_annotations/755a.xml,PC,PC:1,1,road_marking:1,yes,2a8343b4008fa4839a5c467d4dc63e44ec9e2aae1ea33e0d6bd39be02ff86935,,unique,audited_source_training_record,pre_split_source_candidate
755b,data/raw/v2/ceymo/train/extracted/train/images/755b.jpg,data/raw/v2/ceymo/train/extracted/train/bbox_annotations/755b.xml,PC,PC:1,1,road_marking:1,yes,08643a7840ec95166839f42906c3d6419d13ee2f62ff13c5d5ee465a3ec380a7,,unique,audited_source_training_record,pre_split_source_candidate
756,data/raw/v2/ceymo/train/extracted/train/images/756.jpg,data/raw/v2/ceymo/train/extracted/train/bbox_annotations/756.xml,DM,DM:2,2,road_marking:2,yes,2fb37982927a27f22d31d49f11ca9f0eee4ff4973c5e346238dd24924a69122d,,unique,audited_source_training_record,pre_split_source_candidate
756a,data/raw/v2/ceymo/train/extracted/train/images/756a.jpg,data/raw/v2/ceymo/train/extracted/train/bbox_annotations/756a.xml,DM,DM:2,2,road_marking:2,yes,b2ba59e4ce530c91e4ff49d661dc8a3d6b46ccd6bc4a4f93c6eb635f192c81ee,,unique,audited_source_training_record,pre_split_source_candidate
756b,data/raw/v2/ceymo/train/extracted/train/images/756b.jpg,data/raw/v2/ceymo/train/extracted/train/bbox_annotations/756b.xml,DM,DM:2,2,road_marking:2,yes,cf5a9c35a9289df8c34b636c5f338ee58199732425d93c87195605d8d7d74835,,unique,audited_source_training_record,pre_split_source_candidate
757,data/raw/v2/ceymo/train/extracted/train/images/757.jpg,data/raw/v2/ceymo/train/extracted/train/bbox_annotations/757.xml,PC,PC:1,1,road_marking:1,yes,655cf919250b79eaccd6e8dec30623b723f8fab6d38a3f397b70b178f09c162d,,unique,audited_source_training_record,pre_split_source_candidate
757a,data/raw/v2/ceymo/train/extracted/train/images/757a.jpg,data/raw/v2/ceymo/train/extracted/train/bbox_annotations/757a.xml,PC,PC:1,1,road_marking:1,yes,f7e654df3ffbcbba8caae1e228c061188feb69e52e0bbe0241448de44bb50a45,,unique,audited_source_training_record,pre_split_source_candidate
757b,data/raw/v2/ceymo/train/extracted/train/images/757b.jpg,data/raw/v2/ceymo/train/extracted/train/bbox_annotations/757b.xml,PC,PC:1,1,road_marking:1,yes,8d8dbf4961ca1fce897fd24f8c20626de7b76715fe2ab2a53971ffefada71ac1,,unique,audited_source_training_record,pre_split_source_candidate
758,data/raw/v2/ceymo/train/extracted/train/images/758.jpg,data/raw/v2/ceymo/train/extracted/train/bbox_annotations/758.xml,DM,DM:2,2,road_marking:2,yes,0c7083773a93cf736f47d9122dd63cfc55b55db04a221c29cc3d819567fb1d5f,,unique,audited_source_training_record,pre_split_source_candidate
758a,data/raw/v2/ceymo/train/extracted/train/images/758a.jpg,data/raw/v2/ceymo/train/extracted/train/bbox_annotations/758a.xml,DM,DM:2,2,road_marking:2,yes,1f8c0f46d69b74d0ddfbd733a255cee9ea1def0e4be3956a3692069d5ad98a67,,unique,audited_source_training_record,pre_split_source_candidate
758b,data/raw/v2/ceymo/train/extracted/train/images/758b.jpg,data/raw/v2/ceymo/train/extracted/train/bbox_annotations/758b.xml,DM,DM:2,2,road_marking:2,yes,6a6b9d2d287e0fb365dee5648a09824950aeba0aa33100ddf346f463b1f3dccd,,unique,audited_source_training_record,pre_split_source_candidate
758c,data/raw/v2/ceymo/train/extracted/train/images/758c.jpg,data/raw/v2/ceymo/train/extracted/train/bbox_annotations/758c.xml,DM,DM:2,2,road_marking:2,yes,dbfbf200fa31e0843d0c042f52710a184d1859fbe9f73ddf46920caad1d84fcd,,unique,audited_source_training_record,pre_split_source_candidate
759,data/raw/v2/ceymo/train/extracted/train/images/759.jpg,data/raw/v2/ceymo/train/extracted/train/bbox_annotations/759.xml,PC,PC:1,1,road_marking:1,yes,f2ce6378508d89e4049c5308efc28ca82de79df8d94ff6779d920ab7aebd83b6,,unique,audited_source_training_record,pre_split_source_candidate
759a,data/raw/v2/ceymo/train/extracted/train/images/759a.jpg,data/raw/v2/ceymo/train/extracted/train/bbox_annotations/759a.xml,PC,PC:1,1,road_marking:1,yes,21e42d19dddc02474819bebd3b3c39fce5fbb4c2d8c12b555796f458ff7f6e98,,unique,audited_source_training_record,pre_split_source_candidate
75a,data/raw/v2/ceymo/train/extracted/train/images/75a.jpg,data/raw/v2/ceymo/train/extracted/train/bbox_annotations/75a.xml,RA;SA;SLA,RA:1;SA:1;SLA:1,3,road_marking:3,yes,68bc46afa5fa30b0218d06e846f830c81653fef78372e36e1d9528829db7270e,,unique,audited_source_training_record,pre_split_source_candidate
75b,data/raw/v2/ceymo/train/extracted/train/images/75b.jpg,data/raw/v2/ceymo/train/extracted/train/bbox_annotations/75b.xml,RA;SA;SLA,RA:1;SA:1;SLA:1,3,road_marking:3,yes,744d045363378dcf16386695bcb3e3d8c27a852acb05a8b740524d7de24e6db8,,unique,audited_source_training_record,pre_split_source_candidate
75c,data/raw/v2/ceymo/train/extracted/train/images/75c.jpg,data/raw/v2/ceymo/train/extracted/train/bbox_annotations/75c.xml,RA;SA;SLA,RA:1;SA:1;SLA:1,3,road_marking:3,yes,92aa4af7fb7401d9e25f9bce8548fceb853ae192f1c9712bfc9de6bc37fa5963,,unique,audited_source_training_record,pre_split_source_candidate
75d,data/raw/v2/ceymo/train/extracted/train/images/75d.jpg,data/raw/v2/ceymo/train/extracted/train/bbox_annotations/75d.xml,RA;SA,RA:1;SA:1,2,road_marking:2,yes,a32d024a3b06cf7044b3ed81ad47aea5d91b3a7ae740d9a88acbd0b9cd7030b7,,unique,audited_source_training_record,pre_split_source_candidate
76,data/raw/v2/ceymo/train/extracted/train/images/76.jpg,data/raw/v2/ceymo/train/extracted/train/bbox_annotations/76.xml,RA;SA,RA:1;SA:2,3,road_marking:3,yes,e6bbd24032b48514cca4329d329dab422f1fe1205a32d6d017e3d07ba866513c,,unique,audited_source_training_record,pre_split_source_candidate
760,data/raw/v2/ceymo/train/extracted/train/images/760.jpg,data/raw/v2/ceymo/train/extracted/train/bbox_annotations/760.xml,DM,DM:2,2,road_marking:2,yes,05e9a725e25931abac5a043f48fec9dc1ebbfab6509c53e43b61dd8674a55e8a,,unique,audited_source_training_record,pre_split_source_candidate
760a,data/raw/v2/ceymo/train/extracted/train/images/760a.jpg,data/raw/v2/ceymo/train/extracted/train/bbox_annotations/760a.xml,DM,DM:2,2,road_marking:2,yes,ac433ffad365e8baa7342732d84a68a29a235121182eb98485c638bdec5488e8,,unique,audited_source_training_record,pre_split_source_candidate
760b,data/raw/v2/ceymo/train/extracted/train/images/760b.jpg,data/raw/v2/ceymo/train/extracted/train/bbox_annotations/760b.xml,DM,DM:2,2,road_marking:2,yes,98de6caae0ebe7ec2b8b936c1d2207e4205f912549e673cb1b5179cf79538b28,,unique,audited_source_training_record,pre_split_source_candidate
760c,data/raw/v2/ceymo/train/extracted/train/images/760c.jpg,data/raw/v2/ceymo/train/extracted/train/bbox_annotations/760c.xml,DM,DM:2,2,road_marking:2,yes,215c9d3ead29759dc4a3aab19e27c14669d3ad1ca6779e30c213d66ecc02ffd9,,unique,audited_source_training_record,pre_split_source_candidate
761,data/raw/v2/ceymo/train/extracted/train/images/761.jpg,data/raw/v2/ceymo/train/extracted/train/bbox_annotations/761.xml,PC,PC:1,1,road_marking:1,yes,e365da63e36ff33ecd61584eb75b322caa8dbbc961a3726118752679442b96ae,,unique,audited_source_training_record,pre_split_source_candidate
761a,data/raw/v2/ceymo/train/extracted/train/images/761a.jpg,data/raw/v2/ceymo/train/extracted/train/bbox_annotations/761a.xml,PC,PC:1,1,road_marking:1,yes,7c1f3f2de1bfa1e03b484f01e844a913c587a0c71d07aa88729ac56f67dbc6ec,,unique,audited_source_training_record,pre_split_source_candidate
762,data/raw/v2/ceymo/train/extracted/train/images/762.jpg,data/raw/v2/ceymo/train/extracted/train/bbox_annotations/762.xml,DM,DM:2,2,road_marking:2,yes,a4d35b720adf3ab917faff0ce0695bb8da70273ae0947626e6c98167289ba2e5,,unique,audited_source_training_record,pre_split_source_candidate
762b,data/raw/v2/ceymo/train/extracted/train/images/762b.jpg,data/raw/v2/ceymo/train/extracted/train/bbox_annotations/762b.xml,DM,DM:2,2,road_marking:2,yes,fc94aef73f2fbc85183d7a7939b772c1ad6061b2fc543b7b0e033c9f91aab7a0,,unique,audited_source_training_record,pre_split_source_candidate
763,data/raw/v2/ceymo/train/extracted/train/images/763.jpg,data/raw/v2/ceymo/train/extracted/train/bbox_annotations/763.xml,PC,PC:1,1,road_marking:1,yes,9d52a0583fc1b94ecf93997f2a91ca4c01b97d2f18f1477d846585b0a7ebba11,,unique,audited_source_training_record,pre_split_source_candidate
763a,data/raw/v2/ceymo/train/extracted/train/images/763a.jpg,data/raw/v2/ceymo/train/extracted/train/bbox_annotations/763a.xml,PC,PC:1,1,road_marking:1,yes,7c43424b43b3b192c9ceafbfed4ef48b5e6609b6a9e06b8cae16aedaaf613ad9,,unique,audited_source_training_record,pre_split_source_candidate
764,data/raw/v2/ceymo/train/extracted/train/images/764.jpg,data/raw/v2/ceymo/train/extracted/train/bbox_annotations/764.xml,DM,DM:2,2,road_marking:2,yes,574cac53d6a5666cc94d460124c2a38669c2da38cc638ed1e7f848b149b7afff,,unique,audited_source_training_record,pre_split_source_candidate
764a,data/raw/v2/ceymo/train/extracted/train/images/764a.jpg,data/raw/v2/ceymo/train/extracted/train/bbox_annotations/764a.xml,DM,DM:2,2,road_marking:2,yes,468914b53449c08b598ce320bf681a20517c21b46c2c59492a1e845204aef123,,unique,audited_source_training_record,pre_split_source_candidate
764b,data/raw/v2/ceymo/train/extracted/train/images/764b.jpg,data/raw/v2/ceymo/train/extracted/train/bbox_annotations/764b.xml,DM,DM:2,2,road_marking:2,yes,ce09bb7e9a5b41678d220b45bab83aa177b019f5e15d683ca0efc98196b9ee13,,unique,audited_source_training_record,pre_split_source_candidate
765,data/raw/v2/ceymo/train/extracted/train/images/765.jpg,data/raw/v2/ceymo/train/extracted/train/bbox_annotations/765.xml,PC,PC:1,1,road_marking:1,yes,0ef31bec9844b4e57ffff8e86cafc2a0ceeab1b3598f3dfb2523be62b3fd24a5,,unique,audited_source_training_record,pre_split_source_candidate
765a,data/raw/v2/ceymo/train/extracted/train/images/765a.jpg,data/raw/v2/ceymo/train/extracted/train/bbox_annotations/765a.xml,PC,PC:1,1,road_marking:1,yes,5547810b4dd23148241f3c15bbe64bbfa779c25ef151641dfe5408359ee2c59e,,unique,audited_source_training_record,pre_split_source_candidate
765b,data/raw/v2/ceymo/train/extracted/train/images/765b.jpg,data/raw/v2/ceymo/train/extracted/train/bbox_annotations/765b.xml,PC,PC:1,1,road_marking:1,yes,6e85441828a3fad9a3ebdfe0221d8579e238eb75016ea72b41e32d527cc2ee64,,unique,audited_source_training_record,pre_split_source_candidate
766,data/raw/v2/ceymo/train/extracted/train/images/766.jpg,data/raw/v2/ceymo/train/extracted/train/bbox_annotations/766.xml,DM,DM:2,2,road_marking:2,yes,9e469cb8f3f203622a281b520b5fcd167905eea5250b5803b448fe971a472ed0,,unique,audited_source_training_record,pre_split_source_candidate
766a,data/raw/v2/ceymo/train/extracted/train/images/766a.jpg,data/raw/v2/ceymo/train/extracted/train/bbox_annotations/766a.xml,DM,DM:2,2,road_marking:2,yes,2cc5e6069756a3dfeb2d2bc0c962309e5edd0a1d38a1abb638f13e8060821aee,,unique,audited_source_training_record,pre_split_source_candidate
766b,data/raw/v2/ceymo/train/extracted/train/images/766b.jpg,data/raw/v2/ceymo/train/extracted/train/bbox_annotations/766b.xml,DM,DM:2,2,road_marking:2,yes,65589d2e62e63243c7c9631a91e4684564d9e0b26727595fa59b8035b4c7ed54,,unique,audited_source_training_record,pre_split_source_candidate
767,data/raw/v2/ceymo/train/extracted/train/images/767.jpg,data/raw/v2/ceymo/train/extracted/train/bbox_annotations/767.xml,PC,PC:1,1,road_marking:1,yes,a3aa0a778d48aa30497c05a6b38a786854e85b2e742ff27140d97f08a31c525a,,unique,audited_source_training_record,pre_split_source_candidate
767a,data/raw/v2/ceymo/train/extracted/train/images/767a.jpg,data/raw/v2/ceymo/train/extracted/train/bbox_annotations/767a.xml,PC,PC:1,1,road_marking:1,yes,06315cb244d162247927bcd4f6d78091e8a640d2ee8a206ac15f85ee4e21c4b5,,unique,audited_source_training_record,pre_split_source_candidate
767b,data/raw/v2/ceymo/train/extracted/train/images/767b.jpg,data/raw/v2/ceymo/train/extracted/train/bbox_annotations/767b.xml,PC,PC:1,1,road_marking:1,yes,deecca797f651e987c16673391a6ac967ed634cdb1614b0888157dc3c65ffb3c,,unique,audited_source_training_record,pre_split_source_candidate
768,data/raw/v2/ceymo/train/extracted/train/images/768.jpg,data/raw/v2/ceymo/train/extracted/train/bbox_annotations/768.xml,DM,DM:1,1,road_marking:1,yes,c9e344915574ea27b62e192579fac96dec13290a5d54ab0e8fabd1ae097bbdca,,unique,audited_source_training_record,pre_split_source_candidate
768a,data/raw/v2/ceymo/train/extracted/train/images/768a.jpg,data/raw/v2/ceymo/train/extracted/train/bbox_annotations/768a.xml,DM,DM:1,1,road_marking:1,yes,c0459c200ff651361acfaba5d05a63f3ef3ed42886971e931001666e8e1bf554,,unique,audited_source_training_record,pre_split_source_candidate
768b,data/raw/v2/ceymo/train/extracted/train/images/768b.jpg,data/raw/v2/ceymo/train/extracted/train/bbox_annotations/768b.xml,DM,DM:1,1,road_marking:1,yes,40f698c9a3eb82e3e35bdca744ed73b49349fdb886831a95c11aa3481280ba2a,,unique,audited_source_training_record,pre_split_source_candidate
769,data/raw/v2/ceymo/train/extracted/train/images/769.jpg,data/raw/v2/ceymo/train/extracted/train/bbox_annotations/769.xml,PC,PC:1,1,road_marking:1,yes,2310056c71932e109c03ddec839fcb8c6456654a7c701d0ebe5f8a4d0572c72d,,unique,audited_source_training_record,pre_split_source_candidate
769a,data/raw/v2/ceymo/train/extracted/train/images/769a.jpg,data/raw/v2/ceymo/train/extracted/train/bbox_annotations/769a.xml,PC,PC:1,1,road_marking:1,yes,4fd94ea53ab3200723b742cb265e9ee31318cf3d4dd50b76938d59d55299457a,,unique,audited_source_training_record,pre_split_source_candidate
76a,data/raw/v2/ceymo/train/extracted/train/images/76a.jpg,data/raw/v2/ceymo/train/extracted/train/bbox_annotations/76a.xml,RA;SA,RA:1;SA:2,3,road_marking:3,yes,1aaf816c29a4e89457136007965175e2691534d64ca898f4ae9a3b9befe55cbc,,unique,audited_source_training_record,pre_split_source_candidate
76b,data/raw/v2/ceymo/train/extracted/train/images/76b.jpg,data/raw/v2/ceymo/train/extracted/train/bbox_annotations/76b.xml,RA;SA,RA:1;SA:2,3,road_marking:3,yes,2bfb19a7965f29e24bc0a11d9b11f9d25a97216c94d8ccb81e05605908a28e9e,,unique,audited_source_training_record,pre_split_source_candidate
76c,data/raw/v2/ceymo/train/extracted/train/images/76c.jpg,data/raw/v2/ceymo/train/extracted/train/bbox_annotations/76c.xml,RA;SA,RA:1;SA:2,3,road_marking:3,yes,1448c1b777b6451fadbe6918fffde14a33419827448135ab37937917de8d8fff,,unique,audited_source_training_record,pre_split_source_candidate
76d,data/raw/v2/ceymo/train/extracted/train/images/76d.jpg,data/raw/v2/ceymo/train/extracted/train/bbox_annotations/76d.xml,RA;SA,RA:1;SA:2,3,road_marking:3,yes,a5c9a97eaf600279fd92a286ba37b251e589af0c54742663e6cdc37634b0a417,,unique,audited_source_training_record,pre_split_source_candidate
778,data/raw/v2/ceymo/train/extracted/train/images/778.jpg,data/raw/v2/ceymo/train/extracted/train/bbox_annotations/778.xml,DM,DM:2,2,road_marking:2,yes,8712d1c9090164dd8f7a3af3df056a8ae9dcc136709894f0aea14cc4e3a4c933,,unique,audited_source_training_record,pre_split_source_candidate
778a,data/raw/v2/ceymo/train/extracted/train/images/778a.jpg,data/raw/v2/ceymo/train/extracted/train/bbox_annotations/778a.xml,DM,DM:2,2,road_marking:2,yes,67382c4e033e03553ef0285606a93cbab16a95d8636f5a16345f144b6b09cd3f,,unique,audited_source_training_record,pre_split_source_candidate
778b,data/raw/v2/ceymo/train/extracted/train/images/778b.jpg,data/raw/v2/ceymo/train/extracted/train/bbox_annotations/778b.xml,DM,DM:2,2,road_marking:2,yes,d5a506811299cc7503ebd15b62c0b7436a6a4393072ddf3b16ec1f3cd5314132,,unique,audited_source_training_record,pre_split_source_candidate
778c,data/raw/v2/ceymo/train/extracted/train/images/778c.jpg,data/raw/v2/ceymo/train/extracted/train/bbox_annotations/778c.xml,DM,DM:2,2,road_marking:2,yes,db3e9b088ee83df982c1852de3cc756dd9586a0c3d7f982413c17af7dc471cd8,,unique,audited_source_training_record,pre_split_source_candidate
78,data/raw/v2/ceymo/train/extracted/train/images/78.jpg,data/raw/v2/ceymo/train/extracted/train/bbox_annotations/78.xml,PC,PC:1,1,road_marking:1,yes,a83dcf40076bc17da98bea6c3eac18c8d4f03b6f34adc7ad57121c9ce335bd77,,unique,audited_source_training_record,pre_split_source_candidate
780a,data/raw/v2/ceymo/train/extracted/train/images/780a.jpg,data/raw/v2/ceymo/train/extracted/train/bbox_annotations/780a.xml,SL,SL:1,1,road_marking:1,yes,cc06c94554a91cb570813979de4fb2611b05d7a723b54eb30104d13e3189f848,,unique,audited_source_training_record,pre_split_source_candidate
780b,data/raw/v2/ceymo/train/extracted/train/images/780b.jpg,data/raw/v2/ceymo/train/extracted/train/bbox_annotations/780b.xml,SL,SL:2,2,road_marking:2,yes,74403501bb2a76b11fdfbda478cb8c3d8adfd78d6c36321166496672728f1c67,,unique,audited_source_training_record,pre_split_source_candidate
781,data/raw/v2/ceymo/train/extracted/train/images/781.jpg,data/raw/v2/ceymo/train/extracted/train/bbox_annotations/781.xml,DM,DM:2,2,road_marking:2,yes,873240891a348d71902477417b15a1d209c7bca33e51fa053dd3bd281b4a272b,,unique,audited_source_training_record,pre_split_source_candidate
781a,data/raw/v2/ceymo/train/extracted/train/images/781a.jpg,data/raw/v2/ceymo/train/extracted/train/bbox_annotations/781a.xml,DM,DM:2,2,road_marking:2,yes,dca8b856455bd247c4dc4458a76996ff5c8a4b36865a9b649ffeb33ddce6259f,,unique,audited_source_training_record,pre_split_source_candidate
781b,data/raw/v2/ceymo/train/extracted/train/images/781b.jpg,data/raw/v2/ceymo/train/extracted/train/bbox_annotations/781b.xml,DM,DM:2,2,road_marking:2,yes,5353ef6bccdd2042a9310a041b46d848b967b38151764abfc78b567839bd1fe3,,unique,audited_source_training_record,pre_split_source_candidate
781c,data/raw/v2/ceymo/train/extracted/train/images/781c.jpg,data/raw/v2/ceymo/train/extracted/train/bbox_annotations/781c.xml,DM,DM:2,2,road_marking:2,yes,2feebf41468a9e27512eb38a0f2668524ef1676fe406917b3f397dc6465997a9,,unique,audited_source_training_record,pre_split_source_candidate
782,data/raw/v2/ceymo/train/extracted/train/images/782.jpg,data/raw/v2/ceymo/train/extracted/train/bbox_annotations/782.xml,PC,PC:1,1,road_marking:1,yes,247b619488a64c78c640496cf2d9d3fb54eaeb9315d6c9b4f8d4995f58ec8722,,unique,audited_source_training_record,pre_split_source_candidate
782a,data/raw/v2/ceymo/train/extracted/train/images/782a.jpg,data/raw/v2/ceymo/train/extracted/train/bbox_annotations/782a.xml,PC,PC:1,1,road_marking:1,yes,567c37c751e05cef928e2b398d4b9f7983103582840cae4ecece59ee6cce244b,,unique,audited_source_training_record,pre_split_source_candidate
782b,data/raw/v2/ceymo/train/extracted/train/images/782b.jpg,data/raw/v2/ceymo/train/extracted/train/bbox_annotations/782b.xml,PC,PC:1,1,road_marking:1,yes,fd6451a9ce96edeab07e4ad9c19e75c53bb5718b8e5a9a5e65da7928604c681c,,unique,audited_source_training_record,pre_split_source_candidate
783,data/raw/v2/ceymo/train/extracted/train/images/783.jpg,data/raw/v2/ceymo/train/extracted/train/bbox_annotations/783.xml,PC,PC:1,1,road_marking:1,yes,d1a08e4f6500c5d88599a4f9bd7d1c1bb284528d88d071313abc5f28151833f5,,unique,audited_source_training_record,pre_split_source_candidate
783a,data/raw/v2/ceymo/train/extracted/train/images/783a.jpg,data/raw/v2/ceymo/train/extracted/train/bbox_annotations/783a.xml,PC,PC:1,1,road_marking:1,yes,3a9fda93c5831ccd258a0f2314056a662c94c794d9bf39f7e2ac09ac2e693254,,unique,audited_source_training_record,pre_split_source_candidate
783b,data/raw/v2/ceymo/train/extracted/train/images/783b.jpg,data/raw/v2/ceymo/train/extracted/train/bbox_annotations/783b.xml,PC,PC:1,1,road_marking:1,yes,0c4b31efb912291d4471dfc9a7b3fef28814ddeec42ae2bd04b5253764365b1b,,unique,audited_source_training_record,pre_split_source_candidate
784,data/raw/v2/ceymo/train/extracted/train/images/784.jpg,data/raw/v2/ceymo/train/extracted/train/bbox_annotations/784.xml,DM,DM:2,2,road_marking:2,yes,de15e47027134ed3fb16bf42984523f5e36cc2bd29ec9308ecb5d32b8845cefd,,unique,audited_source_training_record,pre_split_source_candidate
784a,data/raw/v2/ceymo/train/extracted/train/images/784a.jpg,data/raw/v2/ceymo/train/extracted/train/bbox_annotations/784a.xml,DM,DM:2,2,road_marking:2,yes,27565f1d0075899494aca456a6a67b98b14681e2228beedb0148dfa941742f02,,unique,audited_source_training_record,pre_split_source_candidate
784b,data/raw/v2/ceymo/train/extracted/train/images/784b.jpg,data/raw/v2/ceymo/train/extracted/train/bbox_annotations/784b.xml,DM,DM:2,2,road_marking:2,yes,127fd88f1ebc07e8c85bb78822847f10e3fad7b5aacdc66266efae68961b35a6,,unique,audited_source_training_record,pre_split_source_candidate
784c,data/raw/v2/ceymo/train/extracted/train/images/784c.jpg,data/raw/v2/ceymo/train/extracted/train/bbox_annotations/784c.xml,DM,DM:2,2,road_marking:2,yes,5d606403b2255e0617b31f1a66c2e783cdca21ecba51b5d2fd440cb26dd334a0,,unique,audited_source_training_record,pre_split_source_candidate
785,data/raw/v2/ceymo/train/extracted/train/images/785.jpg,data/raw/v2/ceymo/train/extracted/train/bbox_annotations/785.xml,PC,PC:1,1,road_marking:1,yes,8c4b3251049339bf91c6b829a1ff957406e00c24b11bfc0109c6d0aed19186d5,,unique,audited_source_training_record,pre_split_source_candidate
785a,data/raw/v2/ceymo/train/extracted/train/images/785a.jpg,data/raw/v2/ceymo/train/extracted/train/bbox_annotations/785a.xml,PC,PC:1,1,road_marking:1,yes,9f271a891994d8c2de4b45289a6896b60e95da812b1dfe5d4a11c9ea4f17cad8,,unique,audited_source_training_record,pre_split_source_candidate
786,data/raw/v2/ceymo/train/extracted/train/images/786.jpg,data/raw/v2/ceymo/train/extracted/train/bbox_annotations/786.xml,PC,PC:1,1,road_marking:1,yes,c5213e119ab8c6ff2bf5293f4c56d516cd79f41abc9e1fa9313565d400be4335,,unique,audited_source_training_record,pre_split_source_candidate
786a,data/raw/v2/ceymo/train/extracted/train/images/786a.jpg,data/raw/v2/ceymo/train/extracted/train/bbox_annotations/786a.xml,PC,PC:1,1,road_marking:1,yes,8a21913e65d5a31c55f6c3c96a9aea0ec6aed1edf880fac7dc7a7768ba15aac3,,unique,audited_source_training_record,pre_split_source_candidate
786c,data/raw/v2/ceymo/train/extracted/train/images/786c.jpg,data/raw/v2/ceymo/train/extracted/train/bbox_annotations/786c.xml,PC,PC:1,1,road_marking:1,yes,d4f3b07bc0bda83a86fa8578867d0f90c5465cbbd03856e206ea7ca861481e21,,unique,audited_source_training_record,pre_split_source_candidate
787,data/raw/v2/ceymo/train/extracted/train/images/787.jpg,data/raw/v2/ceymo/train/extracted/train/bbox_annotations/787.xml,DM,DM:1,1,road_marking:1,yes,2215cd849aa2b15af700e99d16581f0a92508b547f5c8ce12c80a5cff13fa4cc,,unique,audited_source_training_record,pre_split_source_candidate
787a,data/raw/v2/ceymo/train/extracted/train/images/787a.jpg,data/raw/v2/ceymo/train/extracted/train/bbox_annotations/787a.xml,DM,DM:1,1,road_marking:1,yes,d72255646d6d1543f20bc3d95d81eed075a4484bdfc5c6868ef9aacb9c1f020a,,unique,audited_source_training_record,pre_split_source_candidate
787b,data/raw/v2/ceymo/train/extracted/train/images/787b.jpg,data/raw/v2/ceymo/train/extracted/train/bbox_annotations/787b.xml,DM,DM:1,1,road_marking:1,yes,c0f80fb9cb717fc4f6802041e4258b0abbd95957756cc14f6ecf0ded34b3042b,,unique,audited_source_training_record,pre_split_source_candidate
787c,data/raw/v2/ceymo/train/extracted/train/images/787c.jpg,data/raw/v2/ceymo/train/extracted/train/bbox_annotations/787c.xml,DM,DM:1,1,road_marking:1,yes,37a393b85ba173a244aa60d7d4a7d560c56e26661ab6b316d672a1bbbf901e32,,unique,audited_source_training_record,pre_split_source_candidate
787d,data/raw/v2/ceymo/train/extracted/train/images/787d.jpg,data/raw/v2/ceymo/train/extracted/train/bbox_annotations/787d.xml,DM,DM:1,1,road_marking:1,yes,647192031a237e487f0b320cf508d36ddac0a23aa5a7f701bf644e707ac64b86,,unique,audited_source_training_record,pre_split_source_candidate
788,data/raw/v2/ceymo/train/extracted/train/images/788.jpg,data/raw/v2/ceymo/train/extracted/train/bbox_annotations/788.xml,PC,PC:1,1,road_marking:1,yes,5c535f1d5d125dc57d286b8d5ff3f85554ae0cc44d4f345efcf49dab23186404,,unique,audited_source_training_record,pre_split_source_candidate
788a,data/raw/v2/ceymo/train/extracted/train/images/788a.jpg,data/raw/v2/ceymo/train/extracted/train/bbox_annotations/788a.xml,PC,PC:1,1,road_marking:1,yes,d22a613d903dac261e76d87eb5bcc5170e867764967480a9a4a0543d81418439,,unique,audited_source_training_record,pre_split_source_candidate
788c,data/raw/v2/ceymo/train/extracted/train/images/788c.jpg,data/raw/v2/ceymo/train/extracted/train/bbox_annotations/788c.xml,PC,PC:1,1,road_marking:1,yes,4b365aa592aa586926330db5fb329dee420d0a0c7744a3aebe7a4e0db1a3a0d3,,unique,audited_source_training_record,pre_split_source_candidate
789,data/raw/v2/ceymo/train/extracted/train/images/789.jpg,data/raw/v2/ceymo/train/extracted/train/bbox_annotations/789.xml,DM,DM:2,2,road_marking:2,yes,e0c41cdd227cfb732140960e89b119a4a97987a0d3c9fd56e3efff1aacd05cfe,,unique,audited_source_training_record,pre_split_source_candidate
789b,data/raw/v2/ceymo/train/extracted/train/images/789b.jpg,data/raw/v2/ceymo/train/extracted/train/bbox_annotations/789b.xml,DM,DM:2,2,road_marking:2,yes,7e29ce4dba00f4480e45d6eff8197f7f41121c3c6eecf972f937358bfccd2464,,unique,audited_source_training_record,pre_split_source_candidate
789c,data/raw/v2/ceymo/train/extracted/train/images/789c.jpg,data/raw/v2/ceymo/train/extracted/train/bbox_annotations/789c.xml,DM,DM:2,2,road_marking:2,yes,0e2990575f34b4ee1833d5ee6d193cb2cf825f04e0045df9ef12b8b69ec8d82e,,unique,audited_source_training_record,pre_split_source_candidate
78a,data/raw/v2/ceymo/train/extracted/train/images/78a.jpg,data/raw/v2/ceymo/train/extracted/train/bbox_annotations/78a.xml,PC,PC:1,1,road_marking:1,yes,2be15ec76547074d240997df85b080510f5fb66f54180025dc1e45e4226e9fa4,,unique,audited_source_training_record,pre_split_source_candidate
79,data/raw/v2/ceymo/train/extracted/train/images/79.jpg,data/raw/v2/ceymo/train/extracted/train/bbox_annotations/79.xml,PC,PC:1,1,road_marking:1,yes,63a9fbae2f65e3da93e1b813f8ba690e1b149895ea07ca0ee4e814acf3bd0a6e,,unique,audited_source_training_record,pre_split_source_candidate
79a,data/raw/v2/ceymo/train/extracted/train/images/79a.jpg,data/raw/v2/ceymo/train/extracted/train/bbox_annotations/79a.xml,PC,PC:1,1,road_marking:1,yes,8d1d50633a65e521d52a09240923a18ae0b3cc9e2916e8a086457f64e9cc9c53,,unique,audited_source_training_record,pre_split_source_candidate
79b,data/raw/v2/ceymo/train/extracted/train/images/79b.jpg,data/raw/v2/ceymo/train/extracted/train/bbox_annotations/79b.xml,PC,PC:1,1,road_marking:1,yes,61fd64d5f6e92ee5e515f87666e0bd75ccb1d9a8746849f8272a507ed43aa740,,unique,audited_source_training_record,pre_split_source_candidate
7a,data/raw/v2/ceymo/train/extracted/train/images/7a.jpg,data/raw/v2/ceymo/train/extracted/train/bbox_annotations/7a.xml,DM,DM:3,3,road_marking:3,yes,2f5f8016c20804f95ca434f562f76178f0860d6773c3fb3316b42308b320a978,,unique,audited_source_training_record,pre_split_source_candidate
7b,data/raw/v2/ceymo/train/extracted/train/images/7b.jpg,data/raw/v2/ceymo/train/extracted/train/bbox_annotations/7b.xml,DM,DM:3,3,road_marking:3,yes,c8b63c19a515dffad956bddd3168eb2078628151cf3fc38d992db121fb77fb44,,unique,audited_source_training_record,pre_split_source_candidate
8,data/raw/v2/ceymo/train/extracted/train/images/8.jpg,data/raw/v2/ceymo/train/extracted/train/bbox_annotations/8.xml,PC,PC:1,1,road_marking:1,yes,58e7803d33b5f3bd091207d4ae51189c3001e8e2e448935a81e53c525638d283,,unique,audited_source_training_record,pre_split_source_candidate
80,data/raw/v2/ceymo/train/extracted/train/images/80.jpg,data/raw/v2/ceymo/train/extracted/train/bbox_annotations/80.xml,SA,SA:2,2,road_marking:2,yes,581fb972999c477d1a43e755498228dc0595dc27a1fc09ad15739788656e2f61,,unique,audited_source_training_record,pre_split_source_candidate
800,data/raw/v2/ceymo/train/extracted/train/images/800.jpg,data/raw/v2/ceymo/train/extracted/train/bbox_annotations/800.xml,DM,DM:2,2,road_marking:2,yes,4bab74a5a4f8affeda1295ea5c3fd428f3c9f1436eabe7058236bace98ab6a00,,unique,audited_source_training_record,pre_split_source_candidate
800a,data/raw/v2/ceymo/train/extracted/train/images/800a.jpg,data/raw/v2/ceymo/train/extracted/train/bbox_annotations/800a.xml,DM,DM:2,2,road_marking:2,yes,3aebdd5b34ed68e61efc2152851a602b6059df037791a3b8c3fde2f5eed19aeb,,unique,audited_source_training_record,pre_split_source_candidate
801,data/raw/v2/ceymo/train/extracted/train/images/801.jpg,data/raw/v2/ceymo/train/extracted/train/bbox_annotations/801.xml,PC,PC:1,1,road_marking:1,yes,bcbecb1f2a159d6af7d9593085c79116f9d0c8a1848ab9399f4114bcb3d8cbb2,,unique,audited_source_training_record,pre_split_source_candidate
801a,data/raw/v2/ceymo/train/extracted/train/images/801a.jpg,data/raw/v2/ceymo/train/extracted/train/bbox_annotations/801a.xml,PC,PC:1,1,road_marking:1,yes,b465f4abb1b57da4118cd48381bb9b7a282ed45b8e42bc7c3067c236d135f9fd,,unique,audited_source_training_record,pre_split_source_candidate
801b,data/raw/v2/ceymo/train/extracted/train/images/801b.jpg,data/raw/v2/ceymo/train/extracted/train/bbox_annotations/801b.xml,PC,PC:1,1,road_marking:1,yes,aa9addbf0607155f7d3754395a741b8a56722a2b018bcb8aaa7b3e27af15af27,,unique,audited_source_training_record,pre_split_source_candidate
802,data/raw/v2/ceymo/train/extracted/train/images/802.jpg,data/raw/v2/ceymo/train/extracted/train/bbox_annotations/802.xml,DM,DM:2,2,road_marking:2,yes,725da468da88e2d79ef7679d0611563fcc8d56a11bc36d4f3388d9eb6d6ce79a,,unique,audited_source_training_record,pre_split_source_candidate
802a,data/raw/v2/ceymo/train/extracted/train/images/802a.jpg,data/raw/v2/ceymo/train/extracted/train/bbox_annotations/802a.xml,DM,DM:2,2,road_marking:2,yes,5f06ac5df808367f38b09706bfb4622ecf5907875a09e1fd2c7c354dbc20cfaa,,unique,audited_source_training_record,pre_split_source_candidate
802b,data/raw/v2/ceymo/train/extracted/train/images/802b.jpg,data/raw/v2/ceymo/train/extracted/train/bbox_annotations/802b.xml,DM,DM:2,2,road_marking:2,yes,76ff5322df16d92a6266f431d1bd9499163dd8a0119ffe48eb01af8174044813,,unique,audited_source_training_record,pre_split_source_candidate
803,data/raw/v2/ceymo/train/extracted/train/images/803.jpg,data/raw/v2/ceymo/train/extracted/train/bbox_annotations/803.xml,PC,PC:1,1,road_marking:1,yes,3ede79062e03cff4074aba8854189c272aad0c95ed0f9371674c43cd3084703d,,unique,audited_source_training_record,pre_split_source_candidate
803a,data/raw/v2/ceymo/train/extracted/train/images/803a.jpg,data/raw/v2/ceymo/train/extracted/train/bbox_annotations/803a.xml,PC,PC:1,1,road_marking:1,yes,1cbdf6f63f6cc5c3afc1c50120fa746c14e1f7e0195ac4c1007ad23e4638eae5,,unique,audited_source_training_record,pre_split_source_candidate
804,data/raw/v2/ceymo/train/extracted/train/images/804.jpg,data/raw/v2/ceymo/train/extracted/train/bbox_annotations/804.xml,PC,PC:1,1,road_marking:1,yes,4a7982a1384e33ce97a539acb99ba48f4518ed7e90540fc3fbcdad7df5f36a40,,unique,audited_source_training_record,pre_split_source_candidate
804a,data/raw/v2/ceymo/train/extracted/train/images/804a.jpg,data/raw/v2/ceymo/train/extracted/train/bbox_annotations/804a.xml,PC,PC:1,1,road_marking:1,yes,8e7f74470c3365d80a6e6e8b9476ed8f0147223913ed5a46adbfb19000de19c1,,unique,audited_source_training_record,pre_split_source_candidate
805,data/raw/v2/ceymo/train/extracted/train/images/805.jpg,data/raw/v2/ceymo/train/extracted/train/bbox_annotations/805.xml,DM,DM:2,2,road_marking:2,yes,8761155b72f2580957b0367cd3c3902fc0994c03401a7f2a8ea79fd03e06a08b,,unique,audited_source_training_record,pre_split_source_candidate
805a,data/raw/v2/ceymo/train/extracted/train/images/805a.jpg,data/raw/v2/ceymo/train/extracted/train/bbox_annotations/805a.xml,DM,DM:2,2,road_marking:2,yes,ba16e33c311f7dab088a5182ff8f20f2c627bd7cafca13673c8e23cafd721fd1,,unique,audited_source_training_record,pre_split_source_candidate
805b,data/raw/v2/ceymo/train/extracted/train/images/805b.jpg,data/raw/v2/ceymo/train/extracted/train/bbox_annotations/805b.xml,DM,DM:2,2,road_marking:2,yes,e0aebee892e8d574a59361a19ff16eadb59dfc8f849f8289ee8386a724b21fe7,,unique,audited_source_training_record,pre_split_source_candidate
806,data/raw/v2/ceymo/train/extracted/train/images/806.jpg,data/raw/v2/ceymo/train/extracted/train/bbox_annotations/806.xml,PC,PC:1,1,road_marking:1,yes,4841bc8fa72be38e628194b1c93e9321d9b1490684be4bf22fbd7e33663147b4,,unique,audited_source_training_record,pre_split_source_candidate
806a,data/raw/v2/ceymo/train/extracted/train/images/806a.jpg,data/raw/v2/ceymo/train/extracted/train/bbox_annotations/806a.xml,PC,PC:1,1,road_marking:1,yes,34f7f9e3a1c68ec1c4d1e3a22e39d13170cc152f15f804855a748ff965788845,,unique,audited_source_training_record,pre_split_source_candidate
807,data/raw/v2/ceymo/train/extracted/train/images/807.jpg,data/raw/v2/ceymo/train/extracted/train/bbox_annotations/807.xml,DM,DM:2,2,road_marking:2,yes,b7ee9c084fe9b3b47958ee8e54b83f1be0075a9f2464eaa954a98605bbf9091b,,unique,audited_source_training_record,pre_split_source_candidate
807a,data/raw/v2/ceymo/train/extracted/train/images/807a.jpg,data/raw/v2/ceymo/train/extracted/train/bbox_annotations/807a.xml,DM,DM:2,2,road_marking:2,yes,fd0028fb3302026ddf6a4eb7b90b036b40907fd7fb3c0a1c6e380da935f23add,,unique,audited_source_training_record,pre_split_source_candidate
807b,data/raw/v2/ceymo/train/extracted/train/images/807b.jpg,data/raw/v2/ceymo/train/extracted/train/bbox_annotations/807b.xml,DM,DM:2,2,road_marking:2,yes,d5349b1d40a2b5bba51d408562364cfb8968b2df2871be8ce70a22af945cc26b,,unique,audited_source_training_record,pre_split_source_candidate
808,data/raw/v2/ceymo/train/extracted/train/images/808.jpg,data/raw/v2/ceymo/train/extracted/train/bbox_annotations/808.xml,PC,PC:1,1,road_marking:1,yes,8af7b24959104ebd0988f8c90c6c2a873796b4459ac7c1cf3f5f7c8b0cd3be0f,,unique,audited_source_training_record,pre_split_source_candidate
808a,data/raw/v2/ceymo/train/extracted/train/images/808a.jpg,data/raw/v2/ceymo/train/extracted/train/bbox_annotations/808a.xml,PC,PC:1,1,road_marking:1,yes,5e243cbd069b9d4459374198169a686c78bcb6b494a84640c48f50d3ee25e92e,,unique,audited_source_training_record,pre_split_source_candidate
809,data/raw/v2/ceymo/train/extracted/train/images/809.jpg,data/raw/v2/ceymo/train/extracted/train/bbox_annotations/809.xml,DM,DM:2,2,road_marking:2,yes,8ea43088bdd9b4c6f41c84e926991327a3855087b92f07542f13c81482d1b2ea,,unique,audited_source_training_record,pre_split_source_candidate
809a,data/raw/v2/ceymo/train/extracted/train/images/809a.jpg,data/raw/v2/ceymo/train/extracted/train/bbox_annotations/809a.xml,DM,DM:2,2,road_marking:2,yes,dbb94047cf6957e14d6488b7c7df85dfebf05e531d0eb69ebe29815e70347eac,,unique,audited_source_training_record,pre_split_source_candidate
809b,data/raw/v2/ceymo/train/extracted/train/images/809b.jpg,data/raw/v2/ceymo/train/extracted/train/bbox_annotations/809b.xml,DM,DM:2,2,road_marking:2,yes,148f47d67ce93593f7c1f37bb491bd951f708a4cd68a73532cf1c50c05a14177,,unique,audited_source_training_record,pre_split_source_candidate
809c,data/raw/v2/ceymo/train/extracted/train/images/809c.jpg,data/raw/v2/ceymo/train/extracted/train/bbox_annotations/809c.xml,DM,DM:2,2,road_marking:2,yes,5fafce3419efb5fe9f157b4743d2732c956406ab5ae8f77642064de019308292,,unique,audited_source_training_record,pre_split_source_candidate
80a,data/raw/v2/ceymo/train/extracted/train/images/80a.jpg,data/raw/v2/ceymo/train/extracted/train/bbox_annotations/80a.xml,SA,SA:2,2,road_marking:2,yes,38c607986e36d71d4fb1c8d29b98bfdb69c3b40ddd1d83038c8bf91531723871,,unique,audited_source_training_record,pre_split_source_candidate
80b,data/raw/v2/ceymo/train/extracted/train/images/80b.jpg,data/raw/v2/ceymo/train/extracted/train/bbox_annotations/80b.xml,SA,SA:2,2,road_marking:2,yes,8efeb70ce6e1ab6685a80d8938f091b290b682d985aa158a8c7682ffd66803c6,,unique,audited_source_training_record,pre_split_source_candidate
80c,data/raw/v2/ceymo/train/extracted/train/images/80c.jpg,data/raw/v2/ceymo/train/extracted/train/bbox_annotations/80c.xml,SA,SA:2,2,road_marking:2,yes,2bd48144226ffc760ae8fa74516d4e2e3b5fbb16561ab15ddf3ba48cb77cf299,,unique,audited_source_training_record,pre_split_source_candidate
80d,data/raw/v2/ceymo/train/extracted/train/images/80d.jpg,data/raw/v2/ceymo/train/extracted/train/bbox_annotations/80d.xml,SA,SA:2,2,road_marking:2,yes,9592b5486724e147e828ee7c06a085bf93ce48005ca9b603d50fed5868f836cb,,unique,audited_source_training_record,pre_split_source_candidate
81,data/raw/v2/ceymo/train/extracted/train/images/81.jpg,data/raw/v2/ceymo/train/extracted/train/bbox_annotations/81.xml,SA,SA:3,3,road_marking:3,yes,c982317857022400e625f63030025c8482577615bab8cbcc17643d467d956f16,,unique,audited_source_training_record,pre_split_source_candidate
810,data/raw/v2/ceymo/train/extracted/train/images/810.jpg,data/raw/v2/ceymo/train/extracted/train/bbox_annotations/810.xml,PC,PC:1,1,road_marking:1,yes,ab2bef141fd928889a2d33181f7249946c6f564a8aa171bb9d19a3c566e92953,,unique,audited_source_training_record,pre_split_source_candidate
810a,data/raw/v2/ceymo/train/extracted/train/images/810a.jpg,data/raw/v2/ceymo/train/extracted/train/bbox_annotations/810a.xml,PC,PC:1,1,road_marking:1,yes,05db312ab232972c39ea8a870b20366789035a20af42945a6eaa4c9c89273d5b,,unique,audited_source_training_record,pre_split_source_candidate
810b,data/raw/v2/ceymo/train/extracted/train/images/810b.jpg,data/raw/v2/ceymo/train/extracted/train/bbox_annotations/810b.xml,PC,PC:1,1,road_marking:1,yes,932aae63f24ab56f901480da44423c105ec60b0957f628b51f6b929066ce57d0,,unique,audited_source_training_record,pre_split_source_candidate
811,data/raw/v2/ceymo/train/extracted/train/images/811.jpg,data/raw/v2/ceymo/train/extracted/train/bbox_annotations/811.xml,DM,DM:2,2,road_marking:2,yes,9566535ef0fda7ce584494b00439e5c1eaa2275f99c300fb6103ae72ae1d5aff,,unique,audited_source_training_record,pre_split_source_candidate
811a,data/raw/v2/ceymo/train/extracted/train/images/811a.jpg,data/raw/v2/ceymo/train/extracted/train/bbox_annotations/811a.xml,DM,DM:2,2,road_marking:2,yes,18cbb3701af4f7aa78ba51ef87fd1ee2c103b512b28cb1e51382fd9f96d42af4,,unique,audited_source_training_record,pre_split_source_candidate
811b,data/raw/v2/ceymo/train/extracted/train/images/811b.jpg,data/raw/v2/ceymo/train/extracted/train/bbox_annotations/811b.xml,DM,DM:2,2,road_marking:2,yes,f5891d404b36f0150871ebed67f4dd81d336008dd464bf17f4703e03741a7ff3,,unique,audited_source_training_record,pre_split_source_candidate
811c,data/raw/v2/ceymo/train/extracted/train/images/811c.jpg,data/raw/v2/ceymo/train/extracted/train/bbox_annotations/811c.xml,DM,DM:2,2,road_marking:2,yes,db9d30e6f7d9b35d05735fd187579dda95e215d09445f989a005f971aeff8379,,unique,audited_source_training_record,pre_split_source_candidate
812,data/raw/v2/ceymo/train/extracted/train/images/812.jpg,data/raw/v2/ceymo/train/extracted/train/bbox_annotations/812.xml,PC,PC:1,1,road_marking:1,yes,f003981a48dc23d9c16b1898a245e4f389a571033aa362dc2cb1e2fb8543ec4d,,unique,audited_source_training_record,pre_split_source_candidate
812a,data/raw/v2/ceymo/train/extracted/train/images/812a.jpg,data/raw/v2/ceymo/train/extracted/train/bbox_annotations/812a.xml,PC,PC:1,1,road_marking:1,yes,cfdce9ca3a69eaaef73d9ad429449540a753d515a8b4c3dfc0b8d38c51a50c4c,,unique,audited_source_training_record,pre_split_source_candidate
813,data/raw/v2/ceymo/train/extracted/train/images/813.jpg,data/raw/v2/ceymo/train/extracted/train/bbox_annotations/813.xml,DM,DM:2,2,road_marking:2,yes,1e357176532cf379e9fdf50c327facdcdcbb59c3bcafde8f2042e4a63025a360,,unique,audited_source_training_record,pre_split_source_candidate
813a,data/raw/v2/ceymo/train/extracted/train/images/813a.jpg,data/raw/v2/ceymo/train/extracted/train/bbox_annotations/813a.xml,DM,DM:1,1,road_marking:1,yes,9ed06a9a79ae9375571b1701599c4f7f71777f6236d904cc643a87c843f895ad,,unique,audited_source_training_record,pre_split_source_candidate
813b,data/raw/v2/ceymo/train/extracted/train/images/813b.jpg,data/raw/v2/ceymo/train/extracted/train/bbox_annotations/813b.xml,DM,DM:2,2,road_marking:2,yes,782480cfec42c3fcb6b37a78d22344bfb1affb787bd0491152bd50eb26da4fc1,,unique,audited_source_training_record,pre_split_source_candidate
813c,data/raw/v2/ceymo/train/extracted/train/images/813c.jpg,data/raw/v2/ceymo/train/extracted/train/bbox_annotations/813c.xml,DM,DM:2,2,road_marking:2,yes,a8fabbb66ebeb7afe871b4c5b9b37f10fdd865988ffd59e410134b168b53ed58,,unique,audited_source_training_record,pre_split_source_candidate
814,data/raw/v2/ceymo/train/extracted/train/images/814.jpg,data/raw/v2/ceymo/train/extracted/train/bbox_annotations/814.xml,PC,PC:1,1,road_marking:1,yes,67786e783140b424f007b45dcc546f94d2985930915bc7553982a0e26c910670,,unique,audited_source_training_record,pre_split_source_candidate
814a,data/raw/v2/ceymo/train/extracted/train/images/814a.jpg,data/raw/v2/ceymo/train/extracted/train/bbox_annotations/814a.xml,PC,PC:1,1,road_marking:1,yes,885930f2f9c951d4fb9aeb1cc4ccc409ba10b72befa35f78ecacc2fc95fe1c64,,unique,audited_source_training_record,pre_split_source_candidate
815,data/raw/v2/ceymo/train/extracted/train/images/815.jpg,data/raw/v2/ceymo/train/extracted/train/bbox_annotations/815.xml,DM,DM:2,2,road_marking:2,yes,2a9bdf4218d71dcd76bdba0058355e8ac11a78755b133257ed83b4c9cc0e7699,,unique,audited_source_training_record,pre_split_source_candidate
815a,data/raw/v2/ceymo/train/extracted/train/images/815a.jpg,data/raw/v2/ceymo/train/extracted/train/bbox_annotations/815a.xml,DM,DM:2,2,road_marking:2,yes,e3f3307d6e6f13ec98a00c5276c5795a98b2f3d49f1fe0e4eb9110865ffabab7,,unique,audited_source_training_record,pre_split_source_candidate
815b,data/raw/v2/ceymo/train/extracted/train/images/815b.jpg,data/raw/v2/ceymo/train/extracted/train/bbox_annotations/815b.xml,DM,DM:2,2,road_marking:2,yes,61a7f705df03e996a6b057997397b342f1da1d2033851ece35c4f31cf336a989,,unique,audited_source_training_record,pre_split_source_candidate
815c,data/raw/v2/ceymo/train/extracted/train/images/815c.jpg,data/raw/v2/ceymo/train/extracted/train/bbox_annotations/815c.xml,DM,DM:2,2,road_marking:2,yes,44a4226aaa0b9f5278ff400b6cd6da66a92e25a37b95a52ade8388481212ea1d,,unique,audited_source_training_record,pre_split_source_candidate
816,data/raw/v2/ceymo/train/extracted/train/images/816.jpg,data/raw/v2/ceymo/train/extracted/train/bbox_annotations/816.xml,PC,PC:1,1,road_marking:1,yes,07f1a012c2d8d5c99a7b424fb96a2fd4d6b436d7952db44dded9b93974cf3525,,unique,audited_source_training_record,pre_split_source_candidate
816a,data/raw/v2/ceymo/train/extracted/train/images/816a.jpg,data/raw/v2/ceymo/train/extracted/train/bbox_annotations/816a.xml,PC,PC:1,1,road_marking:1,yes,0afd2b4954fe578674781a8f0b975ce50683a2c49dba7dc5d9a415c26604ab4e,,unique,audited_source_training_record,pre_split_source_candidate
817,data/raw/v2/ceymo/train/extracted/train/images/817.jpg,data/raw/v2/ceymo/train/extracted/train/bbox_annotations/817.xml,DM,DM:2,2,road_marking:2,yes,12549a76e3f05d676fe7f1368aa2e00e93345e12da2bcda2c66920792ece53ca,,unique,audited_source_training_record,pre_split_source_candidate
817a,data/raw/v2/ceymo/train/extracted/train/images/817a.jpg,data/raw/v2/ceymo/train/extracted/train/bbox_annotations/817a.xml,DM,DM:2,2,road_marking:2,yes,9d8937b164198edb7d5d86c93ce77a6750bafe9232515579d0053a25d7989e9c,,unique,audited_source_training_record,pre_split_source_candidate
817b,data/raw/v2/ceymo/train/extracted/train/images/817b.jpg,data/raw/v2/ceymo/train/extracted/train/bbox_annotations/817b.xml,DM,DM:2,2,road_marking:2,yes,b7356716b017fb2f93010235f322016630d611329ea87b1d292c93d931adecc8,,unique,audited_source_training_record,pre_split_source_candidate
817c,data/raw/v2/ceymo/train/extracted/train/images/817c.jpg,data/raw/v2/ceymo/train/extracted/train/bbox_annotations/817c.xml,DM,DM:2,2,road_marking:2,yes,0cc8569208a1ec9417e529d3ca3b335e82ab230e6f1d4de9089007d6537140fc,,unique,audited_source_training_record,pre_split_source_candidate
818,data/raw/v2/ceymo/train/extracted/train/images/818.jpg,data/raw/v2/ceymo/train/extracted/train/bbox_annotations/818.xml,PC,PC:1,1,road_marking:1,yes,90273bda7eac29f4105a06553db0e519e2f1b4817b9007174bc1680f518d0d7b,,unique,audited_source_training_record,pre_split_source_candidate
818b,data/raw/v2/ceymo/train/extracted/train/images/818b.jpg,data/raw/v2/ceymo/train/extracted/train/bbox_annotations/818b.xml,PC,PC:1,1,road_marking:1,yes,6db1260f3f89882578f1dc7eea41aff13de9533b7eecc5164a94ff024dfb1458,,unique,audited_source_training_record,pre_split_source_candidate
818c,data/raw/v2/ceymo/train/extracted/train/images/818c.jpg,data/raw/v2/ceymo/train/extracted/train/bbox_annotations/818c.xml,PC,PC:1,1,road_marking:1,yes,0aa97f8c87bf1384b19041f029316c40e88e2d22cc7efbbb1d9aab1fef4ba66a,,unique,audited_source_training_record,pre_split_source_candidate
819,data/raw/v2/ceymo/train/extracted/train/images/819.jpg,data/raw/v2/ceymo/train/extracted/train/bbox_annotations/819.xml,DM,DM:2,2,road_marking:2,yes,02669b21fd4e00e8e01c13b110a0452bea0a3aa6ca801da5d13f1d8937616469,,unique,audited_source_training_record,pre_split_source_candidate
819a,data/raw/v2/ceymo/train/extracted/train/images/819a.jpg,data/raw/v2/ceymo/train/extracted/train/bbox_annotations/819a.xml,DM,DM:1,1,road_marking:1,yes,10933089e0f16d0daea3fbce24cd83a9294e9847cc084e28a3fe7863bb78f03f,,unique,audited_source_training_record,pre_split_source_candidate
819b,data/raw/v2/ceymo/train/extracted/train/images/819b.jpg,data/raw/v2/ceymo/train/extracted/train/bbox_annotations/819b.xml,DM,DM:1,1,road_marking:1,yes,d000e8fb2ebdd3698d7d1ad4af44af548df21aff2824392b3c42fc4de78d5531,,unique,audited_source_training_record,pre_split_source_candidate
819c,data/raw/v2/ceymo/train/extracted/train/images/819c.jpg,data/raw/v2/ceymo/train/extracted/train/bbox_annotations/819c.xml,DM,DM:2,2,road_marking:2,yes,aaf7dbf254fc03e83b02e78c74f9363070c81bc2b09df89d4e3c1734e4e7937e,,unique,audited_source_training_record,pre_split_source_candidate
81a,data/raw/v2/ceymo/train/extracted/train/images/81a.jpg,data/raw/v2/ceymo/train/extracted/train/bbox_annotations/81a.xml,SA,SA:3,3,road_marking:3,yes,065b819344be5175900360c6c539a4b534b86805985f0aa53d0d1c7532d3139f,,unique,audited_source_training_record,pre_split_source_candidate
81b,data/raw/v2/ceymo/train/extracted/train/images/81b.jpg,data/raw/v2/ceymo/train/extracted/train/bbox_annotations/81b.xml,SA,SA:3,3,road_marking:3,yes,5aadcb24e7628a66c1db7b51d113dd8534abd19d75f532ceb1c0ddfcd0b47708,,unique,audited_source_training_record,pre_split_source_candidate
81c,data/raw/v2/ceymo/train/extracted/train/images/81c.jpg,data/raw/v2/ceymo/train/extracted/train/bbox_annotations/81c.xml,SA,SA:3,3,road_marking:3,yes,d3d017e4555a96c18a09c0d55fd25d6aff345c5b0a8426156e07ec0ea30f8fea,,unique,audited_source_training_record,pre_split_source_candidate
81d,data/raw/v2/ceymo/train/extracted/train/images/81d.jpg,data/raw/v2/ceymo/train/extracted/train/bbox_annotations/81d.xml,SA,SA:2,2,road_marking:2,yes,5713e15b120da733c870a56a93535118e3134b88179e7da310cf67dc902e05a9,,unique,audited_source_training_record,pre_split_source_candidate
831,data/raw/v2/ceymo/train/extracted/train/images/831.jpg,data/raw/v2/ceymo/train/extracted/train/bbox_annotations/831.xml,PC,PC:1,1,road_marking:1,yes,668eb9f14a8d2b7d7fb4560a49d1c46f25458803e6fbd6a6eab736feff97a0f6,,unique,audited_source_training_record,pre_split_source_candidate
832,data/raw/v2/ceymo/train/extracted/train/images/832.jpg,data/raw/v2/ceymo/train/extracted/train/bbox_annotations/832.xml,PC,PC:1,1,road_marking:1,yes,af6d66b7097a3feac814281c940690d040e2e519088fe71f11631bf889b08e47,,unique,audited_source_training_record,pre_split_source_candidate
832a,data/raw/v2/ceymo/train/extracted/train/images/832a.jpg,data/raw/v2/ceymo/train/extracted/train/bbox_annotations/832a.xml,PC,PC:1,1,road_marking:1,yes,fe437b821a78679bdbd415d2982d247170d6a3627f735d4540ec933b149f3b0f,,unique,audited_source_training_record,pre_split_source_candidate
833,data/raw/v2/ceymo/train/extracted/train/images/833.jpg,data/raw/v2/ceymo/train/extracted/train/bbox_annotations/833.xml,DM,DM:2,2,road_marking:2,yes,09922352b32c250d22d460b3c1d466bee8b0742aeca436e2ad595f2852c39d0b,,unique,audited_source_training_record,pre_split_source_candidate
833a,data/raw/v2/ceymo/train/extracted/train/images/833a.jpg,data/raw/v2/ceymo/train/extracted/train/bbox_annotations/833a.xml,DM,DM:2,2,road_marking:2,yes,2406a5383788bd5d683148adfbe26ed6c8dff01162265414e4a1ca9d31065292,,unique,audited_source_training_record,pre_split_source_candidate
833b,data/raw/v2/ceymo/train/extracted/train/images/833b.jpg,data/raw/v2/ceymo/train/extracted/train/bbox_annotations/833b.xml,DM,DM:2,2,road_marking:2,yes,88fc956bfcc77d00228251e10be08b596ee26d9227ea8c5f939c28aaf5618d58,,unique,audited_source_training_record,pre_split_source_candidate
834,data/raw/v2/ceymo/train/extracted/train/images/834.jpg,data/raw/v2/ceymo/train/extracted/train/bbox_annotations/834.xml,PC,PC:1,1,road_marking:1,yes,a9146fb860f8316bb20a0b52f0efcb7cf69603036867321773b9f8686ca4e31d,,unique,audited_source_training_record,pre_split_source_candidate
834a,data/raw/v2/ceymo/train/extracted/train/images/834a.jpg,data/raw/v2/ceymo/train/extracted/train/bbox_annotations/834a.xml,PC,PC:1,1,road_marking:1,yes,59e77e8753acba0d94f16622b62f0add92836cf00eb5a99b4fa10c66bde3a982,,unique,audited_source_training_record,pre_split_source_candidate
835,data/raw/v2/ceymo/train/extracted/train/images/835.jpg,data/raw/v2/ceymo/train/extracted/train/bbox_annotations/835.xml,DM,DM:2,2,road_marking:2,yes,f61ce975bc4429ea2b401dbdcb83f1db90ab0285213c559b10009f623126af4c,,unique,audited_source_training_record,pre_split_source_candidate
835a,data/raw/v2/ceymo/train/extracted/train/images/835a.jpg,data/raw/v2/ceymo/train/extracted/train/bbox_annotations/835a.xml,DM,DM:2,2,road_marking:2,yes,4a3598a86e9e7c4b8b8083128443c395988d6ca9c85288cff9b8125efcc8d22f,,unique,audited_source_training_record,pre_split_source_candidate
836,data/raw/v2/ceymo/train/extracted/train/images/836.jpg,data/raw/v2/ceymo/train/extracted/train/bbox_annotations/836.xml,PC,PC:1,1,road_marking:1,yes,c2817f5e7c9f1914590c3c44c15989cc6aa87703f75caaae47cbfd13a232246c,,unique,audited_source_training_record,pre_split_source_candidate
836a,data/raw/v2/ceymo/train/extracted/train/images/836a.jpg,data/raw/v2/ceymo/train/extracted/train/bbox_annotations/836a.xml,PC,PC:1,1,road_marking:1,yes,3fe84ad96a73e90ea9804fa40ca0bd9c5a3782a445fb4bee21f2b0444a3d164a,,unique,audited_source_training_record,pre_split_source_candidate
837,data/raw/v2/ceymo/train/extracted/train/images/837.jpg,data/raw/v2/ceymo/train/extracted/train/bbox_annotations/837.xml,SA,SA:1,1,road_marking:1,yes,e7cfd041e2016b5203735365502f146e19fa9b14c8c24296637eb30168716e6a,,unique,audited_source_training_record,pre_split_source_candidate
838,data/raw/v2/ceymo/train/extracted/train/images/838.jpg,data/raw/v2/ceymo/train/extracted/train/bbox_annotations/838.xml,DM;SA,DM:1;SA:1,2,road_marking:2,yes,e2e271be9815fca35ae1fb34dc0f743011019bb5656b652defdcbbd41a481dbb,,unique,audited_source_training_record,pre_split_source_candidate
838a,data/raw/v2/ceymo/train/extracted/train/images/838a.jpg,data/raw/v2/ceymo/train/extracted/train/bbox_annotations/838a.xml,DM;SA,DM:2;SA:1,3,road_marking:3,yes,2758376c54f03f5bae7aad2b766eed306454b0f4e6ca901634c6c7a94eab7a99,,unique,audited_source_training_record,pre_split_source_candidate
839,data/raw/v2/ceymo/train/extracted/train/images/839.jpg,data/raw/v2/ceymo/train/extracted/train/bbox_annotations/839.xml,PC,PC:1,1,road_marking:1,yes,96e246449d0dde9414b2eacaa6440a026bc2313c2a780ecc09ba2803e44912f5,,unique,audited_source_training_record,pre_split_source_candidate
839a,data/raw/v2/ceymo/train/extracted/train/images/839a.jpg,data/raw/v2/ceymo/train/extracted/train/bbox_annotations/839a.xml,PC,PC:1,1,road_marking:1,yes,607bf0dad01b53d90f9f56f0b12658a8e812ff624b00c52eb40a8ad55c68d494,,unique,audited_source_training_record,pre_split_source_candidate
839b,data/raw/v2/ceymo/train/extracted/train/images/839b.jpg,data/raw/v2/ceymo/train/extracted/train/bbox_annotations/839b.xml,PC,PC:1,1,road_marking:1,yes,bf1100bf4a094f0fd6ac88c400fee5212d25805d572ac7234de7ee68725577b5,,unique,audited_source_training_record,pre_split_source_candidate
848,data/raw/v2/ceymo/train/extracted/train/images/848.jpg,data/raw/v2/ceymo/train/extracted/train/bbox_annotations/848.xml,PC,PC:1,1,road_marking:1,yes,2854c2104ee34ffc4145db9c46c181550283219627394bde4dfcf5e19ef9abc2,,unique,audited_source_training_record,pre_split_source_candidate
849,data/raw/v2/ceymo/train/extracted/train/images/849.jpg,data/raw/v2/ceymo/train/extracted/train/bbox_annotations/849.xml,PC,PC:1,1,road_marking:1,yes,e08d6b961664873d36e76f695d1ae00cadacddda823dd8137ebb041576355352,,unique,audited_source_training_record,pre_split_source_candidate
85,data/raw/v2/ceymo/train/extracted/train/images/85.jpg,data/raw/v2/ceymo/train/extracted/train/bbox_annotations/85.xml,SA,SA:2,2,road_marking:2,yes,2dd1c502649a43f512decf1455f5aa92cc0499d4a55ae9d1799f793526eb361a,,unique,audited_source_training_record,pre_split_source_candidate
850,data/raw/v2/ceymo/train/extracted/train/images/850.jpg,data/raw/v2/ceymo/train/extracted/train/bbox_annotations/850.xml,RA;SA,RA:1;SA:2,3,road_marking:3,yes,b39cb8fa51c279f30d425f1175778fa1a1455a3a65afee63def8b3e68a895420,,unique,audited_source_training_record,pre_split_source_candidate
850a,data/raw/v2/ceymo/train/extracted/train/images/850a.jpg,data/raw/v2/ceymo/train/extracted/train/bbox_annotations/850a.xml,RA;SA,RA:1;SA:2,3,road_marking:3,yes,f78d85774a78795db14e72e2b251888afc5a7e78380fa68c034909b6bc74b922,,unique,audited_source_training_record,pre_split_source_candidate
851,data/raw/v2/ceymo/train/extracted/train/images/851.jpg,data/raw/v2/ceymo/train/extracted/train/bbox_annotations/851.xml,RA;SA,RA:1;SA:2,3,road_marking:3,yes,faf7f0cda8ed816db4c86d635a706eb5759850d1ecf90723d08071aaa0ace61b,,unique,audited_source_training_record,pre_split_source_candidate
852,data/raw/v2/ceymo/train/extracted/train/images/852.jpg,data/raw/v2/ceymo/train/extracted/train/bbox_annotations/852.xml,RA;SA,RA:1;SA:2,3,road_marking:3,yes,a0c915fd6b6ad89b89e6e11641b394976d2c90a2384b3cdf4619cf067fe8028b,,unique,audited_source_training_record,pre_split_source_candidate
852a,data/raw/v2/ceymo/train/extracted/train/images/852a.jpg,data/raw/v2/ceymo/train/extracted/train/bbox_annotations/852a.xml,RA;SA,RA:1;SA:2,3,road_marking:3,yes,2eda1dbeeac79e067fd65dde1c93237fc015fa743c6e4254ed8950eccde3178a,,unique,audited_source_training_record,pre_split_source_candidate
853,data/raw/v2/ceymo/train/extracted/train/images/853.jpg,data/raw/v2/ceymo/train/extracted/train/bbox_annotations/853.xml,DM,DM:2,2,road_marking:2,yes,e1aceb14ab46570fcbf5ec89bf6a288e9e7ba578776cac369febe7ed59c01cd5,,unique,audited_source_training_record,pre_split_source_candidate
853a,data/raw/v2/ceymo/train/extracted/train/images/853a.jpg,data/raw/v2/ceymo/train/extracted/train/bbox_annotations/853a.xml,DM,DM:1,1,road_marking:1,yes,c609aa7b5d4e6224f7e447ba1c41caae7f78a332d7c79517460a4085cddbff8a,,unique,audited_source_training_record,pre_split_source_candidate
854,data/raw/v2/ceymo/train/extracted/train/images/854.jpg,data/raw/v2/ceymo/train/extracted/train/bbox_annotations/854.xml,SA,SA:1,1,road_marking:1,yes,d871ebf5e3f13a7535dd8a83e6d2bbaa0af99ad076a32122818ef0d9216ba55d,,unique,audited_source_training_record,pre_split_source_candidate
854a,data/raw/v2/ceymo/train/extracted/train/images/854a.jpg,data/raw/v2/ceymo/train/extracted/train/bbox_annotations/854a.xml,SA,SA:1,1,road_marking:1,yes,d7ad4343eb7e5f8073ef2d5178c33daef6213f99170e378b74575607bc9b5200,,unique,audited_source_training_record,pre_split_source_candidate
854b,data/raw/v2/ceymo/train/extracted/train/images/854b.jpg,data/raw/v2/ceymo/train/extracted/train/bbox_annotations/854b.xml,SA,SA:1,1,road_marking:1,yes,246c02bce3832f161a91d19fe71fe1aac58efad0950ed2dfaa9016ad66a0df12,,unique,audited_source_training_record,pre_split_source_candidate
854c,data/raw/v2/ceymo/train/extracted/train/images/854c.jpg,data/raw/v2/ceymo/train/extracted/train/bbox_annotations/854c.xml,SA,SA:1,1,road_marking:1,yes,858bbd4644c21f0637bea470f21ec2e3b2d90237b0da3e57bec430563e02208e,,unique,audited_source_training_record,pre_split_source_candidate
855,data/raw/v2/ceymo/train/extracted/train/images/855.jpg,data/raw/v2/ceymo/train/extracted/train/bbox_annotations/855.xml,SA,SA:1,1,road_marking:1,yes,7d6aa77d19331fb095cc2d6b29d23e37e3059292323cd8b39597d373e015cc5f,,unique,audited_source_training_record,pre_split_source_candidate
855a,data/raw/v2/ceymo/train/extracted/train/images/855a.jpg,data/raw/v2/ceymo/train/extracted/train/bbox_annotations/855a.xml,SA,SA:1,1,road_marking:1,yes,3b2a864b766d6c98e234021a45c8ef52ee6bbac50c19dc902e6116c450b44ed2,,unique,audited_source_training_record,pre_split_source_candidate
856,data/raw/v2/ceymo/train/extracted/train/images/856.jpg,data/raw/v2/ceymo/train/extracted/train/bbox_annotations/856.xml,SA,SA:1,1,road_marking:1,yes,aff39c12cb0fe3b7c1652da97b7e15dda4df3f78139fdcd0696a0fd40ce0305c,,unique,audited_source_training_record,pre_split_source_candidate
856a,data/raw/v2/ceymo/train/extracted/train/images/856a.jpg,data/raw/v2/ceymo/train/extracted/train/bbox_annotations/856a.xml,SA,SA:1,1,road_marking:1,yes,728206734367af8f781603fac214dc4c3fda9a2a1293e5eb097451827642e85f,,unique,audited_source_training_record,pre_split_source_candidate
856b,data/raw/v2/ceymo/train/extracted/train/images/856b.jpg,data/raw/v2/ceymo/train/extracted/train/bbox_annotations/856b.xml,SA,SA:1,1,road_marking:1,yes,b53652701b1f66c1e7b031367d169add0b5c587df1b71d0e69bdcd231aacd38a,,unique,audited_source_training_record,pre_split_source_candidate
856c,data/raw/v2/ceymo/train/extracted/train/images/856c.jpg,data/raw/v2/ceymo/train/extracted/train/bbox_annotations/856c.xml,SA,SA:1,1,road_marking:1,yes,9f621d17db5a09569b2c018909b1156477d09c7fbdf5d2d647b0338d60c6dfc1,,unique,audited_source_training_record,pre_split_source_candidate
857,data/raw/v2/ceymo/train/extracted/train/images/857.jpg,data/raw/v2/ceymo/train/extracted/train/bbox_annotations/857.xml,DM,DM:1,1,road_marking:1,yes,f8583bc98ed46f88363e724cadcba6b4d1b57490e7c5501daf86425275b5402c,,unique,audited_source_training_record,pre_split_source_candidate
858,data/raw/v2/ceymo/train/extracted/train/images/858.jpg,data/raw/v2/ceymo/train/extracted/train/bbox_annotations/858.xml,DM,DM:2,2,road_marking:2,yes,ee77700b364d603ef6da30ec41c983a29aef28898ac5649bc66e3a18be08f248,,unique,audited_source_training_record,pre_split_source_candidate
859,data/raw/v2/ceymo/train/extracted/train/images/859.jpg,data/raw/v2/ceymo/train/extracted/train/bbox_annotations/859.xml,PC,PC:1,1,road_marking:1,yes,e410438ca1bc9c7fb9852bd3a35066c32fc25ec225dacfe100df1be02be05c06,,unique,audited_source_training_record,pre_split_source_candidate
85a,data/raw/v2/ceymo/train/extracted/train/images/85a.jpg,data/raw/v2/ceymo/train/extracted/train/bbox_annotations/85a.xml,SA,SA:2,2,road_marking:2,yes,6baaccef866b5ae0874162ce8f2b29fbefbeacc29bca7414eb44feecc58023ef,,unique,audited_source_training_record,pre_split_source_candidate
85b,data/raw/v2/ceymo/train/extracted/train/images/85b.jpg,data/raw/v2/ceymo/train/extracted/train/bbox_annotations/85b.xml,SA,SA:3,3,road_marking:3,yes,ce55bb0563f84cde4d477311caa3941a1e9efde5f8db3e57c63108f96bc402bc,,unique,audited_source_training_record,pre_split_source_candidate
85c,data/raw/v2/ceymo/train/extracted/train/images/85c.jpg,data/raw/v2/ceymo/train/extracted/train/bbox_annotations/85c.xml,SA,SA:2,2,road_marking:2,yes,bd20432170d72d260d7f855b11dac6b1ad39596c0ac3a5c57968b44e961dbafe,,unique,audited_source_training_record,pre_split_source_candidate
85d,data/raw/v2/ceymo/train/extracted/train/images/85d.jpg,data/raw/v2/ceymo/train/extracted/train/bbox_annotations/85d.xml,SA,SA:2,2,road_marking:2,yes,38914280a48663b39dafc982ae37dc4c022abb956e39d5703aab8cf13696e9a7,,unique,audited_source_training_record,pre_split_source_candidate
86,data/raw/v2/ceymo/train/extracted/train/images/86.jpg,data/raw/v2/ceymo/train/extracted/train/bbox_annotations/86.xml,BL;SA,BL:1;SA:3,4,road_marking:4,yes,efec25e4d0388e421b2212e2c210ad9ab93788d236bc000b5007d7ef2a124486,,unique,audited_source_training_record,pre_split_source_candidate
860,data/raw/v2/ceymo/train/extracted/train/images/860.jpg,data/raw/v2/ceymo/train/extracted/train/bbox_annotations/860.xml,RA;SA,RA:1;SA:2,3,road_marking:3,yes,684d09902537aac6d657101a1878263165f8dd4b07ede34932344951ad058803,,unique,audited_source_training_record,pre_split_source_candidate
860a,data/raw/v2/ceymo/train/extracted/train/images/860a.jpg,data/raw/v2/ceymo/train/extracted/train/bbox_annotations/860a.xml,RA;SA,RA:1;SA:2,3,road_marking:3,yes,ea69fe0d5e99a69dfcafc1dcb773147de7248fa81785f46dbe3a7f168de66d87,,unique,audited_source_training_record,pre_split_source_candidate
860b,data/raw/v2/ceymo/train/extracted/train/images/860b.jpg,data/raw/v2/ceymo/train/extracted/train/bbox_annotations/860b.xml,RA;SA,RA:1;SA:2,3,road_marking:3,yes,3f1a825108b8c820f71575ac20240a0263264c9e0a5de164d657ca76dc4e6679,,unique,audited_source_training_record,pre_split_source_candidate
861,data/raw/v2/ceymo/train/extracted/train/images/861.jpg,data/raw/v2/ceymo/train/extracted/train/bbox_annotations/861.xml,RA;SA,RA:1;SA:2,3,road_marking:3,yes,21a0d452996dbe52b1189a34e23c9d1e405ab618268fae2794b23cdf9bf59d08,,unique,audited_source_training_record,pre_split_source_candidate
861a,data/raw/v2/ceymo/train/extracted/train/images/861a.jpg,data/raw/v2/ceymo/train/extracted/train/bbox_annotations/861a.xml,RA;SA,RA:1;SA:2,3,road_marking:3,yes,d275fc0fc7d85bc6bf59b74e97f4048aa40af54847081106aa1d5145881476df,,unique,audited_source_training_record,pre_split_source_candidate
861b,data/raw/v2/ceymo/train/extracted/train/images/861b.jpg,data/raw/v2/ceymo/train/extracted/train/bbox_annotations/861b.xml,RA;SA,RA:1;SA:2,3,road_marking:3,yes,91b0c3b69426fca9ca1fca8c3025f1e67f776204ea9f46cd24bf2b707b97e2de,,unique,audited_source_training_record,pre_split_source_candidate
862,data/raw/v2/ceymo/train/extracted/train/images/862.jpg,data/raw/v2/ceymo/train/extracted/train/bbox_annotations/862.xml,RA;SA,RA:1;SA:2,3,road_marking:3,yes,4c03640b698e3c3d8a7ebc725a87e001c83f1306ad965fa2a47f5a52ecf9e2dc,,unique,audited_source_training_record,pre_split_source_candidate
862a,data/raw/v2/ceymo/train/extracted/train/images/862a.jpg,data/raw/v2/ceymo/train/extracted/train/bbox_annotations/862a.xml,RA;SA,RA:1;SA:2,3,road_marking:3,yes,be6798c2e8abfdb8c9006a8d4a98554675317edfa9e9cce03cadaf6f3842186b,,unique,audited_source_training_record,pre_split_source_candidate
862b,data/raw/v2/ceymo/train/extracted/train/images/862b.jpg,data/raw/v2/ceymo/train/extracted/train/bbox_annotations/862b.xml,RA;SA,RA:1;SA:2,3,road_marking:3,yes,4d6e11a69e00570347e67f61073928b7aeb143ea88359f2ee7f9ab3211e28096,,unique,audited_source_training_record,pre_split_source_candidate
863,data/raw/v2/ceymo/train/extracted/train/images/863.jpg,data/raw/v2/ceymo/train/extracted/train/bbox_annotations/863.xml,SA,SA:1,1,road_marking:1,yes,c06e5c037053e1b9b4fadd0012e2147ecf1a92ee379495d0ac0ae52bd6046739,,unique,audited_source_training_record,pre_split_source_candidate
863a,data/raw/v2/ceymo/train/extracted/train/images/863a.jpg,data/raw/v2/ceymo/train/extracted/train/bbox_annotations/863a.xml,SA,SA:1,1,road_marking:1,yes,f497160ff69d578c5e3931d404d19146cd7bb62c3d39580783af7cce23805ec0,,unique,audited_source_training_record,pre_split_source_candidate
863b,data/raw/v2/ceymo/train/extracted/train/images/863b.jpg,data/raw/v2/ceymo/train/extracted/train/bbox_annotations/863b.xml,SA,SA:1,1,road_marking:1,yes,ac4caae028be0722d5165e1b50e39baef9b6792e9ecddbc9b44ae6490cd11904,,unique,audited_source_training_record,pre_split_source_candidate
863c,data/raw/v2/ceymo/train/extracted/train/images/863c.jpg,data/raw/v2/ceymo/train/extracted/train/bbox_annotations/863c.xml,SA,SA:1,1,road_marking:1,yes,6ddaf380f67547f88aeb8b7f2d7f1bd626e5d4823f0619c4877f88961e02b8f9,,unique,audited_source_training_record,pre_split_source_candidate
863d,data/raw/v2/ceymo/train/extracted/train/images/863d.jpg,data/raw/v2/ceymo/train/extracted/train/bbox_annotations/863d.xml,SA,SA:1,1,road_marking:1,yes,dccc1b79d4e11884fd862f577c0d444cd3726bd524873e763c673ca25be2460f,,unique,audited_source_training_record,pre_split_source_candidate
864a,data/raw/v2/ceymo/train/extracted/train/images/864a.jpg,data/raw/v2/ceymo/train/extracted/train/bbox_annotations/864a.xml,DM,DM:2,2,road_marking:2,yes,9c3200524a7688ed0208dc645c6c17bba17ec432225b6ff3093dcf8e4d3b38c7,,unique,audited_source_training_record,pre_split_source_candidate
865,data/raw/v2/ceymo/train/extracted/train/images/865.jpg,data/raw/v2/ceymo/train/extracted/train/bbox_annotations/865.xml,DM,DM:1,1,road_marking:1,yes,13d3ead718f14dc99e53177325f8f36868e868931a7bc38365cab72e14c466e2,,unique,audited_source_training_record,pre_split_source_candidate
865a,data/raw/v2/ceymo/train/extracted/train/images/865a.jpg,data/raw/v2/ceymo/train/extracted/train/bbox_annotations/865a.xml,DM,DM:2,2,road_marking:2,yes,b5452497f266fb8606b76f6195eb1e2be874676e3f47930d13d5e11b53a4cd57,,unique,audited_source_training_record,pre_split_source_candidate
866,data/raw/v2/ceymo/train/extracted/train/images/866.jpg,data/raw/v2/ceymo/train/extracted/train/bbox_annotations/866.xml,DM,DM:2,2,road_marking:2,yes,8d7eca1a99adb5a6766ce6de2662c88f1dca49a7c77b5ad1e43e82a8b2d29df0,,unique,audited_source_training_record,pre_split_source_candidate
867a,data/raw/v2/ceymo/train/extracted/train/images/867a.jpg,data/raw/v2/ceymo/train/extracted/train/bbox_annotations/867a.xml,DM,DM:3,3,road_marking:3,yes,60d77ee3aa24f2c68a2ebcc1899771378448d26655087f1914e4abab668e306b,,unique,audited_source_training_record,pre_split_source_candidate
868,data/raw/v2/ceymo/train/extracted/train/images/868.jpg,data/raw/v2/ceymo/train/extracted/train/bbox_annotations/868.xml,SA,SA:1,1,road_marking:1,yes,ab28aeec68227b0f1b387ad6a67ad4951ff2338271f59a18d6046a22604054f6,,unique,audited_source_training_record,pre_split_source_candidate
868a,data/raw/v2/ceymo/train/extracted/train/images/868a.jpg,data/raw/v2/ceymo/train/extracted/train/bbox_annotations/868a.xml,SA,SA:1,1,road_marking:1,yes,f4ba00b55309c668af5d2b42bb2b37870d76c50a11e66ffc6bfe1435046aecea,,unique,audited_source_training_record,pre_split_source_candidate
868b,data/raw/v2/ceymo/train/extracted/train/images/868b.jpg,data/raw/v2/ceymo/train/extracted/train/bbox_annotations/868b.xml,SA,SA:1,1,road_marking:1,yes,f891536b8188ce884df609a04b54bf45b8b4da3e808bb57bf029bbd209580435,,unique,audited_source_training_record,pre_split_source_candidate
868c,data/raw/v2/ceymo/train/extracted/train/images/868c.jpg,data/raw/v2/ceymo/train/extracted/train/bbox_annotations/868c.xml,SA,SA:1,1,road_marking:1,yes,5d8a8f468b786c08e55cc4d0bf0222f319d77579c46313f12eb4d1f25deb684b,,unique,audited_source_training_record,pre_split_source_candidate
868d,data/raw/v2/ceymo/train/extracted/train/images/868d.jpg,data/raw/v2/ceymo/train/extracted/train/bbox_annotations/868d.xml,RA;SA,RA:1;SA:1,2,road_marking:2,yes,29bda9a7332628bb5b17597cbc270bd419ad1d90d4d62f6f46a01c84810ce713,,unique,audited_source_training_record,pre_split_source_candidate
868e,data/raw/v2/ceymo/train/extracted/train/images/868e.jpg,data/raw/v2/ceymo/train/extracted/train/bbox_annotations/868e.xml,RA;SA,RA:1;SA:1,2,road_marking:2,yes,c05cff80b869ce2fd18340b5a99da7a9027bd80336a0f5ce595ebce386a50674,,unique,audited_source_training_record,pre_split_source_candidate
86a,data/raw/v2/ceymo/train/extracted/train/images/86a.jpg,data/raw/v2/ceymo/train/extracted/train/bbox_annotations/86a.xml,BL;SA,BL:1;SA:3,4,road_marking:4,yes,20b9628ecf4d1504b7001ff64457a3b0c570fac6c525c2338b964cf8456f9f0a,,unique,audited_source_training_record,pre_split_source_candidate
86b,data/raw/v2/ceymo/train/extracted/train/images/86b.jpg,data/raw/v2/ceymo/train/extracted/train/bbox_annotations/86b.xml,BL;SA,BL:1;SA:3,4,road_marking:4,yes,0dce855424e3c5f127f948571e07dfd47ff91a3841a32cbdefcc0c4e557bd286,,unique,audited_source_training_record,pre_split_source_candidate
86c,data/raw/v2/ceymo/train/extracted/train/images/86c.jpg,data/raw/v2/ceymo/train/extracted/train/bbox_annotations/86c.xml,BL;SA,BL:1;SA:2,3,road_marking:3,yes,b26a6c9698fad831b4f38d4ce9283ce8f45c66d05aa933c3b059d0b90bb3bf20,,unique,audited_source_training_record,pre_split_source_candidate
86d,data/raw/v2/ceymo/train/extracted/train/images/86d.jpg,data/raw/v2/ceymo/train/extracted/train/bbox_annotations/86d.xml,BL;SA,BL:1;SA:2,3,road_marking:3,yes,e12be6e457d339aec1d0d934acce3f76fd1a896b717968c1745b717d98294c9a,,unique,audited_source_training_record,pre_split_source_candidate
87,data/raw/v2/ceymo/train/extracted/train/images/87.jpg,data/raw/v2/ceymo/train/extracted/train/bbox_annotations/87.xml,PC,PC:1,1,road_marking:1,yes,9de4eb6c4dc519a19417d452967c1871e6061c3412db4ffd207e246d0cab61da,,unique,audited_source_training_record,pre_split_source_candidate
870,data/raw/v2/ceymo/train/extracted/train/images/870.jpg,data/raw/v2/ceymo/train/extracted/train/bbox_annotations/870.xml,PC,PC:1,1,road_marking:1,yes,19658aeb413a868dc960caf75bcee5724281dc293200e42905fe806034f966f4,,unique,audited_source_training_record,pre_split_source_candidate
870a,data/raw/v2/ceymo/train/extracted/train/images/870a.jpg,data/raw/v2/ceymo/train/extracted/train/bbox_annotations/870a.xml,PC,PC:1,1,road_marking:1,yes,01ca04f05319dc6264cb8b4e1903001fed2e390619e87537481eada7c40ea69e,,unique,audited_source_training_record,pre_split_source_candidate
871,data/raw/v2/ceymo/train/extracted/train/images/871.jpg,data/raw/v2/ceymo/train/extracted/train/bbox_annotations/871.xml,JB,JB:1,1,road_marking:1,yes,c13bfaef6475cb7d7b0422a07135b77ea62a8b3b339233cbc209a674f6bd0250,,unique,audited_source_training_record,pre_split_source_candidate
871a,data/raw/v2/ceymo/train/extracted/train/images/871a.jpg,data/raw/v2/ceymo/train/extracted/train/bbox_annotations/871a.xml,JB,JB:1,1,road_marking:1,yes,715fc0046b8301e8c4eaaa1f9683a3be98fb2c3ee4d2084c9d80a56da8fc8e49,,unique,audited_source_training_record,pre_split_source_candidate
871b,data/raw/v2/ceymo/train/extracted/train/images/871b.jpg,data/raw/v2/ceymo/train/extracted/train/bbox_annotations/871b.xml,JB,JB:1,1,road_marking:1,yes,0d1a33aa7a0cbc83d9deb7331964c379e9c1c1b265aa3f4a68ce93c72eee1421,,unique,audited_source_training_record,pre_split_source_candidate
871c,data/raw/v2/ceymo/train/extracted/train/images/871c.jpg,data/raw/v2/ceymo/train/extracted/train/bbox_annotations/871c.xml,JB,JB:1,1,road_marking:1,yes,adb3c2be3a30f1b166fc64c1553c7ac2589cd03a09ff3347426d122d2ab9bdf8,,unique,audited_source_training_record,pre_split_source_candidate
873,data/raw/v2/ceymo/train/extracted/train/images/873.jpg,data/raw/v2/ceymo/train/extracted/train/bbox_annotations/873.xml,JB,JB:1,1,road_marking:1,yes,2510f878ce3be6af539d943bdd54d0d302173eec6d5addca00be7c30ff027c20,,unique,audited_source_training_record,pre_split_source_candidate
873a,data/raw/v2/ceymo/train/extracted/train/images/873a.jpg,data/raw/v2/ceymo/train/extracted/train/bbox_annotations/873a.xml,JB,JB:1,1,road_marking:1,yes,8e32ba8daa701d1082276ccd10f94e6e4be85330588fb3f4c71bec46a0c11667,,unique,audited_source_training_record,pre_split_source_candidate
873b,data/raw/v2/ceymo/train/extracted/train/images/873b.jpg,data/raw/v2/ceymo/train/extracted/train/bbox_annotations/873b.xml,JB,JB:1,1,road_marking:1,yes,8351dde0e2b9e0bfa01c05d7b7dca4e066c74b53b491118ddf54197f8dd52b1e,,unique,audited_source_training_record,pre_split_source_candidate
873c,data/raw/v2/ceymo/train/extracted/train/images/873c.jpg,data/raw/v2/ceymo/train/extracted/train/bbox_annotations/873c.xml,JB,JB:1,1,road_marking:1,yes,b975f3e9029b6985ad376e75b1933b182093d7574d5a3de178b988c7ef651272,,unique,audited_source_training_record,pre_split_source_candidate
874,data/raw/v2/ceymo/train/extracted/train/images/874.jpg,data/raw/v2/ceymo/train/extracted/train/bbox_annotations/874.xml,JB,JB:1,1,road_marking:1,yes,3f4e6593100c8635e7ff917eec04c51c9778089c0a20717d6e0ea1b2c0b31933,,unique,audited_source_training_record,pre_split_source_candidate
874a,data/raw/v2/ceymo/train/extracted/train/images/874a.jpg,data/raw/v2/ceymo/train/extracted/train/bbox_annotations/874a.xml,JB,JB:1,1,road_marking:1,yes,9af0259cee6ba43fcce9f0b31d5fff937aea3d24d195405d9db8d5c5dc738af3,,unique,audited_source_training_record,pre_split_source_candidate
874b,data/raw/v2/ceymo/train/extracted/train/images/874b.jpg,data/raw/v2/ceymo/train/extracted/train/bbox_annotations/874b.xml,JB,JB:1,1,road_marking:1,yes,0500c16506c673089fff635cd59b261bcc982dea6481af3db6dd7c1c9da0f3a6,,unique,audited_source_training_record,pre_split_source_candidate
874c,data/raw/v2/ceymo/train/extracted/train/images/874c.jpg,data/raw/v2/ceymo/train/extracted/train/bbox_annotations/874c.xml,JB,JB:1,1,road_marking:1,yes,b22e6d2ac235992658e72e58501f2acdafaf263b557c87ff879a6d185796c75d,,unique,audited_source_training_record,pre_split_source_candidate
874d,data/raw/v2/ceymo/train/extracted/train/images/874d.jpg,data/raw/v2/ceymo/train/extracted/train/bbox_annotations/874d.xml,JB,JB:1,1,road_marking:1,yes,40f05292952bf23e610149c5abf6923dbeff16add4aebfbd110c15d013c1ba19,,unique,audited_source_training_record,pre_split_source_candidate
875,data/raw/v2/ceymo/train/extracted/train/images/875.jpg,data/raw/v2/ceymo/train/extracted/train/bbox_annotations/875.xml,JB,JB:1,1,road_marking:1,yes,133a789cdf5af83df12570eb2a9627ace1d75dbd3464de00a526e01223d1fadb,,unique,audited_source_training_record,pre_split_source_candidate
875a,data/raw/v2/ceymo/train/extracted/train/images/875a.jpg,data/raw/v2/ceymo/train/extracted/train/bbox_annotations/875a.xml,JB,JB:1,1,road_marking:1,yes,8839a8592dc536e7796db446197c593a21fd43830c9bc8e763ea3aa55a7dc03d,,unique,audited_source_training_record,pre_split_source_candidate
875b,data/raw/v2/ceymo/train/extracted/train/images/875b.jpg,data/raw/v2/ceymo/train/extracted/train/bbox_annotations/875b.xml,JB,JB:1,1,road_marking:1,yes,c60fd4cfb93c659bac6b52c3f3c9bde49ae8ac8e640f966df1e4b9a5fddbe1cf,,unique,audited_source_training_record,pre_split_source_candidate
876,data/raw/v2/ceymo/train/extracted/train/images/876.jpg,data/raw/v2/ceymo/train/extracted/train/bbox_annotations/876.xml,PC,PC:1,1,road_marking:1,yes,2ebbd111c91e23b74beaf7b2da6cefc87e45f5db96e5d45523a962277fdd0ea9,,unique,audited_source_training_record,pre_split_source_candidate
877,data/raw/v2/ceymo/train/extracted/train/images/877.jpg,data/raw/v2/ceymo/train/extracted/train/bbox_annotations/877.xml,SA,SA:1,1,road_marking:1,yes,e4a48ff28352655fc27d2fd967fb7da2e3b48a041abd81b4f0c81adf774a3c07,,unique,audited_source_training_record,pre_split_source_candidate
877a,data/raw/v2/ceymo/train/extracted/train/images/877a.jpg,data/raw/v2/ceymo/train/extracted/train/bbox_annotations/877a.xml,SA,SA:1,1,road_marking:1,yes,3166608b39c3a568dd2eb66996da14de443662691c38b34aa2ee9beab909395c,,unique,audited_source_training_record,pre_split_source_candidate
877b,data/raw/v2/ceymo/train/extracted/train/images/877b.jpg,data/raw/v2/ceymo/train/extracted/train/bbox_annotations/877b.xml,SA,SA:1,1,road_marking:1,yes,fdb510c1848b80f5be108bdbc8b3520da1bf2dc1f0ed53fce9b2d64789170d1a,,unique,audited_source_training_record,pre_split_source_candidate
878,data/raw/v2/ceymo/train/extracted/train/images/878.jpg,data/raw/v2/ceymo/train/extracted/train/bbox_annotations/878.xml,SA,SA:1,1,road_marking:1,yes,4e1652316babf9caefd4e95ad8ab335baab8f1c73aa8d44702480fd9881b98bc,,unique,audited_source_training_record,pre_split_source_candidate
878a,data/raw/v2/ceymo/train/extracted/train/images/878a.jpg,data/raw/v2/ceymo/train/extracted/train/bbox_annotations/878a.xml,SA,SA:1,1,road_marking:1,yes,217eee73a48b2b9a9fb176e777683e972332bee482acb8c602309253137c10e0,,unique,audited_source_training_record,pre_split_source_candidate
878b,data/raw/v2/ceymo/train/extracted/train/images/878b.jpg,data/raw/v2/ceymo/train/extracted/train/bbox_annotations/878b.xml,SA,SA:1,1,road_marking:1,yes,d0dbf51e868262e7e83eafd259cc1253703dfc99742283a3024b201536872c7c,,unique,audited_source_training_record,pre_split_source_candidate
878c,data/raw/v2/ceymo/train/extracted/train/images/878c.jpg,data/raw/v2/ceymo/train/extracted/train/bbox_annotations/878c.xml,SA,SA:1,1,road_marking:1,yes,b1929948f4e348fb7d2ecc1e155ae3cf760f418c9ff2ac7f2666b6d1a758e2db,,unique,audited_source_training_record,pre_split_source_candidate
878d,data/raw/v2/ceymo/train/extracted/train/images/878d.jpg,data/raw/v2/ceymo/train/extracted/train/bbox_annotations/878d.xml,SA,SA:1,1,road_marking:1,yes,e4c60f0804533977749c1f6295ca253756b78e4a61b8a282ada391457651c380,,unique,audited_source_training_record,pre_split_source_candidate
879,data/raw/v2/ceymo/train/extracted/train/images/879.jpg,data/raw/v2/ceymo/train/extracted/train/bbox_annotations/879.xml,SA;SLA,SA:1;SLA:1,2,road_marking:2,yes,fef48a783fa19aafbe7268ad39dde121976f88fb4bf9939a279414799ec9417b,,unique,audited_source_training_record,pre_split_source_candidate
879a,data/raw/v2/ceymo/train/extracted/train/images/879a.jpg,data/raw/v2/ceymo/train/extracted/train/bbox_annotations/879a.xml,SA,SA:1,1,road_marking:1,yes,7086db98d40c23131ba0066cc222e1ff9ae7d425050a980d3730aa92e70def85,,unique,audited_source_training_record,pre_split_source_candidate
879b,data/raw/v2/ceymo/train/extracted/train/images/879b.jpg,data/raw/v2/ceymo/train/extracted/train/bbox_annotations/879b.xml,SA,SA:1,1,road_marking:1,yes,4b0cd9accf1149f51b58f87abfc562a4eb06c7950ba78fb9fff6bead33975e4f,,unique,audited_source_training_record,pre_split_source_candidate
879c,data/raw/v2/ceymo/train/extracted/train/images/879c.jpg,data/raw/v2/ceymo/train/extracted/train/bbox_annotations/879c.xml,SA;SLA,SA:1;SLA:1,2,road_marking:2,yes,2a6bfc595de905c8e3af63f6d9ad902d2d0b9af8e0c98f772d0c51f332d97c59,,unique,audited_source_training_record,pre_split_source_candidate
879d,data/raw/v2/ceymo/train/extracted/train/images/879d.jpg,data/raw/v2/ceymo/train/extracted/train/bbox_annotations/879d.xml,SA;SLA,SA:1;SLA:1,2,road_marking:2,yes,8ef4dd8d04bf9db0f5ae9d9c8d91b1893beea3e39aef52e6d91beede50201914,,unique,audited_source_training_record,pre_split_source_candidate
87a,data/raw/v2/ceymo/train/extracted/train/images/87a.jpg,data/raw/v2/ceymo/train/extracted/train/bbox_annotations/87a.xml,PC,PC:1,1,road_marking:1,yes,8d83be1f82004a51347a1c40e0a2630d11440b9bbc64db9402ead08f48056a0a,,unique,audited_source_training_record,pre_split_source_candidate
88,data/raw/v2/ceymo/train/extracted/train/images/88.jpg,data/raw/v2/ceymo/train/extracted/train/bbox_annotations/88.xml,PC,PC:1,1,road_marking:1,yes,4a5e44637612565764fef808a7b26c3393ac65a53d9d4ee1b71cbcd78541b690,,unique,audited_source_training_record,pre_split_source_candidate
880,data/raw/v2/ceymo/train/extracted/train/images/880.jpg,data/raw/v2/ceymo/train/extracted/train/bbox_annotations/880.xml,SLA,SLA:1,1,road_marking:1,yes,29fd823d11063f8d6e1245da32dd884dcaf4e5bf363ca0e6a81a9d06f41e6b7e,,unique,audited_source_training_record,pre_split_source_candidate
881,data/raw/v2/ceymo/train/extracted/train/images/881.jpg,data/raw/v2/ceymo/train/extracted/train/bbox_annotations/881.xml,PC,PC:1,1,road_marking:1,yes,42ebf24223a8cc2aaf3f69534b6f2f8567a699eb735d79cdb2832cde0844a4af,,unique,audited_source_training_record,pre_split_source_candidate
881a,data/raw/v2/ceymo/train/extracted/train/images/881a.jpg,data/raw/v2/ceymo/train/extracted/train/bbox_annotations/881a.xml,PC,PC:1,1,road_marking:1,yes,f5bde037c8a128730c297d02ec90295f0db508cd000a6add1a21f237eca0e55a,,unique,audited_source_training_record,pre_split_source_candidate
882,data/raw/v2/ceymo/train/extracted/train/images/882.jpg,data/raw/v2/ceymo/train/extracted/train/bbox_annotations/882.xml,PC,PC:1,1,road_marking:1,yes,915d6e3dc3c560c82054c3b15a406ae208c5926b8c96055769d237e7148a5294,,unique,audited_source_training_record,pre_split_source_candidate
882a,data/raw/v2/ceymo/train/extracted/train/images/882a.jpg,data/raw/v2/ceymo/train/extracted/train/bbox_annotations/882a.xml,PC,PC:1,1,road_marking:1,yes,d9bafe96526bc503b360412d4cdfb058fab4e2dc56338f7f057e2c2967d7cd8e,,unique,audited_source_training_record,pre_split_source_candidate
883,data/raw/v2/ceymo/train/extracted/train/images/883.jpg,data/raw/v2/ceymo/train/extracted/train/bbox_annotations/883.xml,PC,PC:1,1,road_marking:1,yes,ac702d25598d0fc06e3c18cab7903768548250e7aeb4423c98a7824f9511e948,,unique,audited_source_training_record,pre_split_source_candidate
883a,data/raw/v2/ceymo/train/extracted/train/images/883a.jpg,data/raw/v2/ceymo/train/extracted/train/bbox_annotations/883a.xml,PC,PC:1,1,road_marking:1,yes,3c94e7eba0d04333ea77f500cdd0307da61dba7817d2a803b40e275e33b3456c,,unique,audited_source_training_record,pre_split_source_candidate
884,data/raw/v2/ceymo/train/extracted/train/images/884.jpg,data/raw/v2/ceymo/train/extracted/train/bbox_annotations/884.xml,PC,PC:1,1,road_marking:1,yes,fe84865cafaaf5c48ee0e96aa7ea465bd0a9f910cdf7b9accd901bb1c057cebd,,unique,audited_source_training_record,pre_split_source_candidate
884a,data/raw/v2/ceymo/train/extracted/train/images/884a.jpg,data/raw/v2/ceymo/train/extracted/train/bbox_annotations/884a.xml,PC,PC:1,1,road_marking:1,yes,c089903802463d0e924781cadf3ed148eef6d99d6fa383349de806589e041f4c,,unique,audited_source_training_record,pre_split_source_candidate
885,data/raw/v2/ceymo/train/extracted/train/images/885.jpg,data/raw/v2/ceymo/train/extracted/train/bbox_annotations/885.xml,PC,PC:1,1,road_marking:1,yes,99a7e429917ce5684ab395dbde22dc4694c4df28e0a92eaa3d7a58b43356a988,,unique,audited_source_training_record,pre_split_source_candidate
885a,data/raw/v2/ceymo/train/extracted/train/images/885a.jpg,data/raw/v2/ceymo/train/extracted/train/bbox_annotations/885a.xml,PC,PC:1,1,road_marking:1,yes,b9f4623c4d18579aa01741b5238de31b43922223c4cba0c1a07dea200396b0b0,,unique,audited_source_training_record,pre_split_source_candidate
886,data/raw/v2/ceymo/train/extracted/train/images/886.jpg,data/raw/v2/ceymo/train/extracted/train/bbox_annotations/886.xml,PC,PC:1,1,road_marking:1,yes,b714366b7f64eb596c8dc356a84aff88d6f5fe1e0cd62880fbf005b5a69403e9,,unique,audited_source_training_record,pre_split_source_candidate
886a,data/raw/v2/ceymo/train/extracted/train/images/886a.jpg,data/raw/v2/ceymo/train/extracted/train/bbox_annotations/886a.xml,PC,PC:1,1,road_marking:1,yes,18469cf0704e02fb55ee1d34b5851e6a54185440a85c7fa245ed94218a0f1b66,,unique,audited_source_training_record,pre_split_source_candidate
887,data/raw/v2/ceymo/train/extracted/train/images/887.jpg,data/raw/v2/ceymo/train/extracted/train/bbox_annotations/887.xml,PC,PC:1,1,road_marking:1,yes,2fe6ecdda1d4449eccdbe69f37df42fe12bfc326393fa2388d6e3411686677a5,,unique,audited_source_training_record,pre_split_source_candidate
888,data/raw/v2/ceymo/train/extracted/train/images/888.jpg,data/raw/v2/ceymo/train/extracted/train/bbox_annotations/888.xml,PC,PC:1,1,road_marking:1,yes,c47061c871e59e37be4fc5513e2ce1823d8dae7e17d91868c918378ef1dc562a,,unique,audited_source_training_record,pre_split_source_candidate
889,data/raw/v2/ceymo/train/extracted/train/images/889.jpg,data/raw/v2/ceymo/train/extracted/train/bbox_annotations/889.xml,DM,DM:2,2,road_marking:2,yes,35a8598411beded5e45dd6c85b218f5342ec2fa470593a1321d4b949a9f8c5cf,,unique,audited_source_training_record,pre_split_source_candidate
889a,data/raw/v2/ceymo/train/extracted/train/images/889a.jpg,data/raw/v2/ceymo/train/extracted/train/bbox_annotations/889a.xml,DM,DM:2,2,road_marking:2,yes,9d47f6bc63d6a0870275227311d222a55cd05c89f57eee79798df8140a71c45b,,unique,audited_source_training_record,pre_split_source_candidate
889b,data/raw/v2/ceymo/train/extracted/train/images/889b.jpg,data/raw/v2/ceymo/train/extracted/train/bbox_annotations/889b.xml,DM,DM:2,2,road_marking:2,yes,1052608a30173c953fa3bdccb33aef1d7a6143b73181ba2a771468263366cc12,,unique,audited_source_training_record,pre_split_source_candidate
88a,data/raw/v2/ceymo/train/extracted/train/images/88a.jpg,data/raw/v2/ceymo/train/extracted/train/bbox_annotations/88a.xml,PC,PC:1,1,road_marking:1,yes,dd848434f2696e6337734b4aab402e355e3c9ca3021fb7a759eff5587c5d29d3,,unique,audited_source_training_record,pre_split_source_candidate
88b,data/raw/v2/ceymo/train/extracted/train/images/88b.jpg,data/raw/v2/ceymo/train/extracted/train/bbox_annotations/88b.xml,PC,PC:1,1,road_marking:1,yes,d58605882cbca220d4e8b14f1d1af7994301f5dda33f19cd58d127c9c7555c96,,unique,audited_source_training_record,pre_split_source_candidate
89,data/raw/v2/ceymo/train/extracted/train/images/89.jpg,data/raw/v2/ceymo/train/extracted/train/bbox_annotations/89.xml,PC,PC:1,1,road_marking:1,yes,62fd7ec98224b329b8992cccfbea26dc3fa7f2cfc9da0e2e5ec9b83efc94e45c,,unique,audited_source_training_record,pre_split_source_candidate
89a,data/raw/v2/ceymo/train/extracted/train/images/89a.jpg,data/raw/v2/ceymo/train/extracted/train/bbox_annotations/89a.xml,PC,PC:1,1,road_marking:1,yes,5570cb5b270602acf3a59de90c8274a47c6536a8b5b78cb1ff85312bdad9e5f1,,unique,audited_source_training_record,pre_split_source_candidate
89b,data/raw/v2/ceymo/train/extracted/train/images/89b.jpg,data/raw/v2/ceymo/train/extracted/train/bbox_annotations/89b.xml,PC,PC:1,1,road_marking:1,yes,c4acfca28291e5ff3098d49b7a676d474cffdfe18762f0a909bf3da0d9cce6fa,,unique,audited_source_training_record,pre_split_source_candidate
8a,data/raw/v2/ceymo/train/extracted/train/images/8a.jpg,data/raw/v2/ceymo/train/extracted/train/bbox_annotations/8a.xml,PC,PC:1,1,road_marking:1,yes,9f5e1c6182e5081a6c635fb9abe4a37e8285225d0becc8f107cd47ee098bffec,,unique,audited_source_training_record,pre_split_source_candidate
8b,data/raw/v2/ceymo/train/extracted/train/images/8b.jpg,data/raw/v2/ceymo/train/extracted/train/bbox_annotations/8b.xml,PC,PC:1,1,road_marking:1,yes,fadb394a3635d5543c0b0ffd493e433450426b32cc12929b4cadb2ef9bcfd0c3,,unique,audited_source_training_record,pre_split_source_candidate
9,data/raw/v2/ceymo/train/extracted/train/images/9.jpg,data/raw/v2/ceymo/train/extracted/train/bbox_annotations/9.xml,DM,DM:3,3,road_marking:3,yes,558f33d34212e595555c2ac18bb765c249d95a1dd3069e0e988d51679bfc9405,,unique,audited_source_training_record,pre_split_source_candidate
900,data/raw/v2/ceymo/train/extracted/train/images/900.jpg,data/raw/v2/ceymo/train/extracted/train/bbox_annotations/900.xml,PC,PC:1,1,road_marking:1,yes,536f8ab34a19d84daa35cd925e741002f06280b612966aa3d3db85c56bfb0569,,unique,audited_source_training_record,pre_split_source_candidate
901,data/raw/v2/ceymo/train/extracted/train/images/901.jpg,data/raw/v2/ceymo/train/extracted/train/bbox_annotations/901.xml,PC,PC:1,1,road_marking:1,yes,5818015bfc7a2573c6fb9dae98a59673459cc72ce09d66fdbdafc03d3e87e779,,unique,audited_source_training_record,pre_split_source_candidate
902,data/raw/v2/ceymo/train/extracted/train/images/902.jpg,data/raw/v2/ceymo/train/extracted/train/bbox_annotations/902.xml,PC,PC:1,1,road_marking:1,yes,86b204148e960944bf640cb0bbe7a69a5eea272b6dad44a32ace316be46b51af,,unique,audited_source_training_record,pre_split_source_candidate
903,data/raw/v2/ceymo/train/extracted/train/images/903.jpg,data/raw/v2/ceymo/train/extracted/train/bbox_annotations/903.xml,PC,PC:1,1,road_marking:1,yes,1a6f98d6023dc82feaa467c3808efe1a3d830027740185b44e6fbe163bdaedbb,,unique,audited_source_training_record,pre_split_source_candidate
903a,data/raw/v2/ceymo/train/extracted/train/images/903a.jpg,data/raw/v2/ceymo/train/extracted/train/bbox_annotations/903a.xml,PC,PC:1,1,road_marking:1,yes,d0795bab49ae8ca3bd985c7a73d65503c2ab8580ced3d196f5a9cd8d4facd139,,unique,audited_source_training_record,pre_split_source_candidate
904,data/raw/v2/ceymo/train/extracted/train/images/904.jpg,data/raw/v2/ceymo/train/extracted/train/bbox_annotations/904.xml,PC,PC:1,1,road_marking:1,yes,610391fcc7d127cabb7637754ab88beb68309b38defb48c4e2c9a1132d76441f,,unique,audited_source_training_record,pre_split_source_candidate
905,data/raw/v2/ceymo/train/extracted/train/images/905.jpg,data/raw/v2/ceymo/train/extracted/train/bbox_annotations/905.xml,PC,PC:1,1,road_marking:1,yes,8ffa58fb6f3115bf75ec828448eca71e00467840b55ad09d5cc32a6471c529b6,,unique,audited_source_training_record,pre_split_source_candidate
906,data/raw/v2/ceymo/train/extracted/train/images/906.jpg,data/raw/v2/ceymo/train/extracted/train/bbox_annotations/906.xml,PC,PC:1,1,road_marking:1,yes,8aec1431ede56ff9928adea6dd63d8b02225056d80af105e5793e554ddeab435,,unique,audited_source_training_record,pre_split_source_candidate
906a,data/raw/v2/ceymo/train/extracted/train/images/906a.jpg,data/raw/v2/ceymo/train/extracted/train/bbox_annotations/906a.xml,PC,PC:1,1,road_marking:1,yes,ac158a19625f49e6ae222421582f07e39bf6abc609c5bb833851e4f9ffe9c278,,unique,audited_source_training_record,pre_split_source_candidate
907,data/raw/v2/ceymo/train/extracted/train/images/907.jpg,data/raw/v2/ceymo/train/extracted/train/bbox_annotations/907.xml,PC,PC:1,1,road_marking:1,yes,77673a709554569fca0a4e08603f144e8c8784a8285f7bf79ee7784fda7774e9,,unique,audited_source_training_record,pre_split_source_candidate
908,data/raw/v2/ceymo/train/extracted/train/images/908.jpg,data/raw/v2/ceymo/train/extracted/train/bbox_annotations/908.xml,PC,PC:1,1,road_marking:1,yes,0975747685f481cd97173456d4659248fccaa6b614bf6efb52aa613d3baf619e,,unique,audited_source_training_record,pre_split_source_candidate
909,data/raw/v2/ceymo/train/extracted/train/images/909.jpg,data/raw/v2/ceymo/train/extracted/train/bbox_annotations/909.xml,PC,PC:1,1,road_marking:1,yes,600e0b13b84a147cf4e424cf0f8b5f50b81d9a161c357a483b799ca21ad7c4f7,,unique,audited_source_training_record,pre_split_source_candidate
910,data/raw/v2/ceymo/train/extracted/train/images/910.jpg,data/raw/v2/ceymo/train/extracted/train/bbox_annotations/910.xml,JB,JB:1,1,road_marking:1,yes,49ff472d587e28b72301c0dc945c5abc3e9a34475ac267a5b6418d98256614c6,,unique,audited_source_training_record,pre_split_source_candidate
910a,data/raw/v2/ceymo/train/extracted/train/images/910a.jpg,data/raw/v2/ceymo/train/extracted/train/bbox_annotations/910a.xml,JB,JB:1,1,road_marking:1,yes,1b5fe4fd31afb34030867d4a99b71744a590636564f22c1fb31b22cd39177ae9,,unique,audited_source_training_record,pre_split_source_candidate
910b,data/raw/v2/ceymo/train/extracted/train/images/910b.jpg,data/raw/v2/ceymo/train/extracted/train/bbox_annotations/910b.xml,JB,JB:1,1,road_marking:1,yes,69ffcd467fb7a27e7e4e4d0bbb17de9dc7cb2b7abf577a907658c349fbfaec79,,unique,audited_source_training_record,pre_split_source_candidate
910c,data/raw/v2/ceymo/train/extracted/train/images/910c.jpg,data/raw/v2/ceymo/train/extracted/train/bbox_annotations/910c.xml,JB,JB:1,1,road_marking:1,yes,ec006c1231456c05b8f34384ea4b44d7d6a43a8aa7bf407ad9e9da68bf4c2b87,,unique,audited_source_training_record,pre_split_source_candidate
911,data/raw/v2/ceymo/train/extracted/train/images/911.jpg,data/raw/v2/ceymo/train/extracted/train/bbox_annotations/911.xml,DM,DM:2,2,road_marking:2,yes,95b5193674683b07161c43c9fb055103488c17cbfa64da32a9e065bc5ec0604f,,unique,audited_source_training_record,pre_split_source_candidate
911a,data/raw/v2/ceymo/train/extracted/train/images/911a.jpg,data/raw/v2/ceymo/train/extracted/train/bbox_annotations/911a.xml,DM,DM:2,2,road_marking:2,yes,5c8162b959cb5e85c50083f018e89f9d5845f7ca86f7e34a144322cf66eac718,,unique,audited_source_training_record,pre_split_source_candidate
912,data/raw/v2/ceymo/train/extracted/train/images/912.jpg,data/raw/v2/ceymo/train/extracted/train/bbox_annotations/912.xml,PC,PC:1,1,road_marking:1,yes,cffd29598262245f359737c2cd10a2d756ea2098dd1f372c06ebfb0f94585aea,,unique,audited_source_training_record,pre_split_source_candidate
913,data/raw/v2/ceymo/train/extracted/train/images/913.jpg,data/raw/v2/ceymo/train/extracted/train/bbox_annotations/913.xml,JB;PC,JB:1;PC:1,2,road_marking:2,yes,9f1226ed914be579944faec47f1481fca15f77583acf144033700862572f7af1,,unique,audited_source_training_record,pre_split_source_candidate
913a,data/raw/v2/ceymo/train/extracted/train/images/913a.jpg,data/raw/v2/ceymo/train/extracted/train/bbox_annotations/913a.xml,JB,JB:1,1,road_marking:1,yes,1a78bfc095aa15c2ebda776755de330596f281ab155afbc17aed270e8df3402b,,unique,audited_source_training_record,pre_split_source_candidate
913b,data/raw/v2/ceymo/train/extracted/train/images/913b.jpg,data/raw/v2/ceymo/train/extracted/train/bbox_annotations/913b.xml,JB;PC,JB:1;PC:1,2,road_marking:2,yes,4f96bf3d24fe34100e908c1826a3ebeaa87024b33b8ccc80cd6c197c50823d1e,,unique,audited_source_training_record,pre_split_source_candidate
913c,data/raw/v2/ceymo/train/extracted/train/images/913c.jpg,data/raw/v2/ceymo/train/extracted/train/bbox_annotations/913c.xml,JB;PC,JB:1;PC:1,2,road_marking:2,yes,45022378ced7d0cf05c6ae49dde040ffbf09fb5ec0167dfe03e6b35dc8325805,,unique,audited_source_training_record,pre_split_source_candidate
914,data/raw/v2/ceymo/train/extracted/train/images/914.jpg,data/raw/v2/ceymo/train/extracted/train/bbox_annotations/914.xml,JB,JB:1,1,road_marking:1,yes,b21461ea79eca53c52b18a0857e58fcb78ecb7b2d73b20cbe59fdd703b56577a,,unique,audited_source_training_record,pre_split_source_candidate
914a,data/raw/v2/ceymo/train/extracted/train/images/914a.jpg,data/raw/v2/ceymo/train/extracted/train/bbox_annotations/914a.xml,JB,JB:1,1,road_marking:1,yes,354b254e3087fd3a210cfb0a2b6e734f266a9410012ce4713cd254bd376806fa,,unique,audited_source_training_record,pre_split_source_candidate
914b,data/raw/v2/ceymo/train/extracted/train/images/914b.jpg,data/raw/v2/ceymo/train/extracted/train/bbox_annotations/914b.xml,JB,JB:1,1,road_marking:1,yes,935e76f681cb4475f85cd29b07a5e63fb20f65bd9db29c1cc1a8bd09c2bc2f91,,unique,audited_source_training_record,pre_split_source_candidate
915,data/raw/v2/ceymo/train/extracted/train/images/915.jpg,data/raw/v2/ceymo/train/extracted/train/bbox_annotations/915.xml,DM,DM:2,2,road_marking:2,yes,503ad82c41c8880dbf7d4bf79aa2f385a8917ec9888222d4292b9abd899d2877,,unique,audited_source_training_record,pre_split_source_candidate
915a,data/raw/v2/ceymo/train/extracted/train/images/915a.jpg,data/raw/v2/ceymo/train/extracted/train/bbox_annotations/915a.xml,DM,DM:2,2,road_marking:2,yes,14271de2dc5e4662f7c8d04faea1f4bd612803e043aefbe91488b1e0909dfc28,,unique,audited_source_training_record,pre_split_source_candidate
915b,data/raw/v2/ceymo/train/extracted/train/images/915b.jpg,data/raw/v2/ceymo/train/extracted/train/bbox_annotations/915b.xml,DM,DM:2,2,road_marking:2,yes,6e3c47f9122c6476511c0ac68652f5b53f87d52b1b97a60da25023d949c1f895,,unique,audited_source_training_record,pre_split_source_candidate
916,data/raw/v2/ceymo/train/extracted/train/images/916.jpg,data/raw/v2/ceymo/train/extracted/train/bbox_annotations/916.xml,PC,PC:1,1,road_marking:1,yes,ca0643e2f173cd87b8933518ca4e4d834f00da2a3f04ad5231ac3f6b3d3410ac,,unique,audited_source_training_record,pre_split_source_candidate
916a,data/raw/v2/ceymo/train/extracted/train/images/916a.jpg,data/raw/v2/ceymo/train/extracted/train/bbox_annotations/916a.xml,PC,PC:1,1,road_marking:1,yes,6beacba008bd5c21c6671a6479bb6bb3986a3e2dabee516c70f56bf2d2203d30,,unique,audited_source_training_record,pre_split_source_candidate
917,data/raw/v2/ceymo/train/extracted/train/images/917.jpg,data/raw/v2/ceymo/train/extracted/train/bbox_annotations/917.xml,DM,DM:2,2,road_marking:2,yes,e9342500ab6bddfcead027a228529725ea2485662774eff3fd487f252e276dc2,,unique,audited_source_training_record,pre_split_source_candidate
917a,data/raw/v2/ceymo/train/extracted/train/images/917a.jpg,data/raw/v2/ceymo/train/extracted/train/bbox_annotations/917a.xml,DM,DM:2,2,road_marking:2,yes,9f8bf20a3ddb0009fc4ee184cb32f3f407ff8ec665b410c17b6e2580cccf8919,,unique,audited_source_training_record,pre_split_source_candidate
917b,data/raw/v2/ceymo/train/extracted/train/images/917b.jpg,data/raw/v2/ceymo/train/extracted/train/bbox_annotations/917b.xml,DM,DM:2,2,road_marking:2,yes,1e7fc39408c3349c16ceccc570be587f0ce08c0727bdecf52f5c8260310601e8,,unique,audited_source_training_record,pre_split_source_candidate
918,data/raw/v2/ceymo/train/extracted/train/images/918.jpg,data/raw/v2/ceymo/train/extracted/train/bbox_annotations/918.xml,PC,PC:1,1,road_marking:1,yes,7f5a110fecf3d64f00322643812b0c9bf2d912c9dc205e398c9afc832288549a,,unique,audited_source_training_record,pre_split_source_candidate
919,data/raw/v2/ceymo/train/extracted/train/images/919.jpg,data/raw/v2/ceymo/train/extracted/train/bbox_annotations/919.xml,PC,PC:1,1,road_marking:1,yes,cf3ff99b96948ea32257e9d55344d176de62a42e23bdf581c681bd6832e98942,,unique,audited_source_training_record,pre_split_source_candidate
930,data/raw/v2/ceymo/train/extracted/train/images/930.jpg,data/raw/v2/ceymo/train/extracted/train/bbox_annotations/930.xml,DM,DM:1,1,road_marking:1,yes,17f8c0f27ee61c4c9efc9a0709d39d1ffeea5ca3ee71b2ab9ad427e36f05cf84,,unique,audited_source_training_record,pre_split_source_candidate
930a,data/raw/v2/ceymo/train/extracted/train/images/930a.jpg,data/raw/v2/ceymo/train/extracted/train/bbox_annotations/930a.xml,DM,DM:1,1,road_marking:1,yes,6b1e4582b2affd8c51e6e3b2f122008b01a53cb72507d86b9b96a1b0f95370be,,unique,audited_source_training_record,pre_split_source_candidate
930b,data/raw/v2/ceymo/train/extracted/train/images/930b.jpg,data/raw/v2/ceymo/train/extracted/train/bbox_annotations/930b.xml,DM,DM:1,1,road_marking:1,yes,be56cae910c983dadb879cbb2b23a0ef9f2e206f73c691307efd64d52522291f,,unique,audited_source_training_record,pre_split_source_candidate
931,data/raw/v2/ceymo/train/extracted/train/images/931.jpg,data/raw/v2/ceymo/train/extracted/train/bbox_annotations/931.xml,PC,PC:1,1,road_marking:1,yes,03f407bddbd18648ff5e84a42ae9b46324c2fdac82ed988f929ed96050716909,,unique,audited_source_training_record,pre_split_source_candidate
932,data/raw/v2/ceymo/train/extracted/train/images/932.jpg,data/raw/v2/ceymo/train/extracted/train/bbox_annotations/932.xml,DM,DM:1,1,road_marking:1,yes,bd177d5b0a1b1b614264c5fa8f900907664b04a7c3a4ffdd6311501fadba3ea7,,unique,audited_source_training_record,pre_split_source_candidate
932a,data/raw/v2/ceymo/train/extracted/train/images/932a.jpg,data/raw/v2/ceymo/train/extracted/train/bbox_annotations/932a.xml,DM,DM:1,1,road_marking:1,yes,d7c3c2079b71af220c65abca313c5064b1cdcc3c6c6ed47988b0d25778403337,,unique,audited_source_training_record,pre_split_source_candidate
933a,data/raw/v2/ceymo/train/extracted/train/images/933a.jpg,data/raw/v2/ceymo/train/extracted/train/bbox_annotations/933a.xml,PC,PC:1,1,road_marking:1,yes,87b6d04178d3308aa7bb765e7ed21a2be993a7c6cdb87d1579c654937523f498,,unique,audited_source_training_record,pre_split_source_candidate
934,data/raw/v2/ceymo/train/extracted/train/images/934.jpg,data/raw/v2/ceymo/train/extracted/train/bbox_annotations/934.xml,PC,PC:1,1,road_marking:1,yes,e922696ec491fe1d43c2fdf8c5edb7a8481fb7a3efde9bc7c99fa4953c03c6a7,,unique,audited_source_training_record,pre_split_source_candidate
935,data/raw/v2/ceymo/train/extracted/train/images/935.jpg,data/raw/v2/ceymo/train/extracted/train/bbox_annotations/935.xml,DM,DM:1,1,road_marking:1,yes,6e293db4125482d3bb9aa68a4afd0c632378422d6402665f3cb25eaae7580275,,unique,audited_source_training_record,pre_split_source_candidate
936,data/raw/v2/ceymo/train/extracted/train/images/936.jpg,data/raw/v2/ceymo/train/extracted/train/bbox_annotations/936.xml,PC,PC:1,1,road_marking:1,yes,288d6f91281f0650ce3619bf73fc19673ccecabde08726ec632cb5a7a87eedbc,,unique,audited_source_training_record,pre_split_source_candidate
937,data/raw/v2/ceymo/train/extracted/train/images/937.jpg,data/raw/v2/ceymo/train/extracted/train/bbox_annotations/937.xml,DM,DM:1,1,road_marking:1,yes,3ad4b9ee3d2b8ac9b21d0c4f71179865829a69cc1103cb30eb729b9dc7d2c570,,unique,audited_source_training_record,pre_split_source_candidate
937a,data/raw/v2/ceymo/train/extracted/train/images/937a.jpg,data/raw/v2/ceymo/train/extracted/train/bbox_annotations/937a.xml,DM,DM:1,1,road_marking:1,yes,962bd671a06ab05a26a6bbdd0e7afdccf93934cf15f731030e4786e5acc1dabc,,unique,audited_source_training_record,pre_split_source_candidate
938,data/raw/v2/ceymo/train/extracted/train/images/938.jpg,data/raw/v2/ceymo/train/extracted/train/bbox_annotations/938.xml,PC,PC:1,1,road_marking:1,yes,b883068ab6e772bcf5260479817b8c2d55f9d710adf51cc0f4a2e6fe3c162101,,unique,audited_source_training_record,pre_split_source_candidate
938a,data/raw/v2/ceymo/train/extracted/train/images/938a.jpg,data/raw/v2/ceymo/train/extracted/train/bbox_annotations/938a.xml,PC,PC:1,1,road_marking:1,yes,3f44fbba8fb037599005f9982a8ef9f7e0eede63be1924cfaa4d261a88473014,,unique,audited_source_training_record,pre_split_source_candidate
939,data/raw/v2/ceymo/train/extracted/train/images/939.jpg,data/raw/v2/ceymo/train/extracted/train/bbox_annotations/939.xml,SA;SRA,SA:1;SRA:1,2,road_marking:2,yes,cba320548fa84976a4e558028698b6dacca71b80b0b104d07062a8c260b1937c,,unique,audited_source_training_record,pre_split_source_candidate
939a,data/raw/v2/ceymo/train/extracted/train/images/939a.jpg,data/raw/v2/ceymo/train/extracted/train/bbox_annotations/939a.xml,SA;SRA,SA:1;SRA:1,2,road_marking:2,yes,3c11db2f68dd0847048237330f957e74c1f3e4cd1c8f6338a73340af87c4fea2,,unique,audited_source_training_record,pre_split_source_candidate
939b,data/raw/v2/ceymo/train/extracted/train/images/939b.jpg,data/raw/v2/ceymo/train/extracted/train/bbox_annotations/939b.xml,SA;SRA,SA:1;SRA:1,2,road_marking:2,yes,05db8ece88a8b463d8b9bf639ff29beed33981c487847f0c596a34aaf021c7bf,,unique,audited_source_training_record,pre_split_source_candidate
939c,data/raw/v2/ceymo/train/extracted/train/images/939c.jpg,data/raw/v2/ceymo/train/extracted/train/bbox_annotations/939c.xml,SA;SRA,SA:1;SRA:1,2,road_marking:2,yes,5ff7452ee08f744b840e65303dc0a45426ce43b26818a6fe2537faa55293d0d4,,unique,audited_source_training_record,pre_split_source_candidate
939d,data/raw/v2/ceymo/train/extracted/train/images/939d.jpg,data/raw/v2/ceymo/train/extracted/train/bbox_annotations/939d.xml,SA;SRA,SA:2;SRA:1,3,road_marking:3,yes,ff4aa4eeab4f30ba5216deda133058cc284dcc3a16f7d08d72014206cfa02485,,unique,audited_source_training_record,pre_split_source_candidate
939e,data/raw/v2/ceymo/train/extracted/train/images/939e.jpg,data/raw/v2/ceymo/train/extracted/train/bbox_annotations/939e.xml,SA;SRA,SA:2;SRA:1,3,road_marking:3,yes,f9722ad0d281acd0832921311608c9f3184620c942b7b2b95b91224c91db7bc5,,unique,audited_source_training_record,pre_split_source_candidate
940a,data/raw/v2/ceymo/train/extracted/train/images/940a.jpg,data/raw/v2/ceymo/train/extracted/train/bbox_annotations/940a.xml,SA;SRA,SA:1;SRA:1,2,road_marking:2,yes,c514f4b9e83fface2029e5891ad25d6a2f68ee34bfc19cb92803dfe54b14ada0,,unique,audited_source_training_record,pre_split_source_candidate
940b,data/raw/v2/ceymo/train/extracted/train/images/940b.jpg,data/raw/v2/ceymo/train/extracted/train/bbox_annotations/940b.xml,SA;SRA,SA:1;SRA:1,2,road_marking:2,yes,597dceff0b93f5f95f7f739648435a9fad425a3e9ea5f2dfa9ed60a9c89bcbbf,,unique,audited_source_training_record,pre_split_source_candidate
940d,data/raw/v2/ceymo/train/extracted/train/images/940d.jpg,data/raw/v2/ceymo/train/extracted/train/bbox_annotations/940d.xml,SA;SRA,SA:1;SRA:1,2,road_marking:2,yes,60cffecd31ad6d7fa517bad1871f949e9e790106b19252248392ffc101a4b577,,unique,audited_source_training_record,pre_split_source_candidate
940e,data/raw/v2/ceymo/train/extracted/train/images/940e.jpg,data/raw/v2/ceymo/train/extracted/train/bbox_annotations/940e.xml,SA,SA:1,1,road_marking:1,yes,1abaf2cc148f2770b761401a0150d0af774a90692acef72fec2f5e65169d25a7,,unique,audited_source_training_record,pre_split_source_candidate
950,data/raw/v2/ceymo/train/extracted/train/images/950.jpg,data/raw/v2/ceymo/train/extracted/train/bbox_annotations/950.xml,DM,DM:1,1,road_marking:1,yes,520aa2f8e4a8213fb30285f70aefd94d78ce549ec33f971dde421726656cf0e4,,unique,audited_source_training_record,pre_split_source_candidate
950a,data/raw/v2/ceymo/train/extracted/train/images/950a.jpg,data/raw/v2/ceymo/train/extracted/train/bbox_annotations/950a.xml,DM,DM:1,1,road_marking:1,yes,67bfc5bde4c8fe2d065b66f3c9a89fa0697b56d5d1f010eae7744958b74a6a26,,unique,audited_source_training_record,pre_split_source_candidate
951,data/raw/v2/ceymo/train/extracted/train/images/951.jpg,data/raw/v2/ceymo/train/extracted/train/bbox_annotations/951.xml,DM,DM:1,1,road_marking:1,yes,273700966cf847f4a51983c16ecafef6744c6bc66b1106e85e8c8e1e6f726230,,unique,audited_source_training_record,pre_split_source_candidate
951a,data/raw/v2/ceymo/train/extracted/train/images/951a.jpg,data/raw/v2/ceymo/train/extracted/train/bbox_annotations/951a.xml,DM,DM:1,1,road_marking:1,yes,50095f86427fadc27ed7057e153b3b9c3f16c1badccbff391c038751453b8168,,unique,audited_source_training_record,pre_split_source_candidate
952,data/raw/v2/ceymo/train/extracted/train/images/952.jpg,data/raw/v2/ceymo/train/extracted/train/bbox_annotations/952.xml,DM,DM:1,1,road_marking:1,yes,a29c44d95f3fa19608ef08e3353304ad20e759418dc4e09448f8b75f39d9b740,,unique,audited_source_training_record,pre_split_source_candidate
952a,data/raw/v2/ceymo/train/extracted/train/images/952a.jpg,data/raw/v2/ceymo/train/extracted/train/bbox_annotations/952a.xml,DM,DM:1,1,road_marking:1,yes,e7045c49e1f6a181be0de1e5ed30c843932440ed83cb8d8a505f67aa96a7f658,,unique,audited_source_training_record,pre_split_source_candidate
9a,data/raw/v2/ceymo/train/extracted/train/images/9a.jpg,data/raw/v2/ceymo/train/extracted/train/bbox_annotations/9a.xml,DM,DM:3,3,road_marking:3,yes,c912893189f39fe7ee420092237c0e0180f8f1d872c46fb4114487627f7f78e9,,unique,audited_source_training_record,pre_split_source_candidate
9b,data/raw/v2/ceymo/train/extracted/train/images/9b.jpg,data/raw/v2/ceymo/train/extracted/train/bbox_annotations/9b.xml,DM,DM:3,3,road_marking:3,yes,57a758c90a279ad84bcc40ba9a88070e1a18c0ed247b2edea975ab44056ff036,,unique,audited_source_training_record,pre_split_source_candidate
