candidate_id_a,split_a,label_a,source_a,candidate_id_b,split_b,label_b,source_b,hamming_distance,recommended_action
github_pothole::github_pothole::img-1003,validation,pothole,jaygala24_pothole_detection,github_pothole::github_pothole::img-623,train,pothole,jaygala24_pothole_detection,0,holdout_required_same_visual_hash
github_pothole::github_pothole::img-1006,protected_test,pothole,jaygala24_pothole_detection,v1::train::pothole::a7a41d8f05d1_pothole449.jpg,train,pothole,V1_Kaggle_pothole_detection,0,holdout_required_same_visual_hash
github_pothole::github_pothole::img-1008,validation,pothole,jaygala24_pothole_detection,v1::train::pothole::9726e436a953_pothole727.jpg,train,pothole,V1_Kaggle_pothole_detection,0,holdout_required_same_visual_hash
github_pothole::github_pothole::img-1011,protected_test,pothole,jaygala24_pothole_detection,v1::train::pothole::e1f5db4c9613_pothole181.jpg,validation,pothole,V1_Kaggle_pothole_detection,0,holdout_required_same_visual_hash
github_pothole::github_pothole::img-1015,train,pothole,jaygala24_pothole_detection,v1::train::pothole::7d2eb8c60464_pothole359.jpg,protected_test,pothole,V1_Kaggle_pothole_detection,0,holdout_required_same_visual_hash
github_pothole::github_pothole::img-1018,validation,pothole,jaygala24_pothole_detection,github_pothole::github_pothole::img-480,train,pothole,jaygala24_pothole_detection,0,holdout_required_same_visual_hash
github_pothole::github_pothole::img-1024,validation,pothole,jaygala24_pothole_detection,github_pothole::github_pothole::img-373,train,pothole,jaygala24_pothole_detection,0,holdout_required_same_visual_hash
github_pothole::github_pothole::img-1026,train,pothole,jaygala24_pothole_detection,v1::train::pothole::e57649880d18_pothole517.jpg,validation,pothole,V1_Kaggle_pothole_detection,0,holdout_required_same_visual_hash
github_pothole::github_pothole::img-1027,validation,pothole,jaygala24_pothole_detection,github_pothole::github_pothole::img-422,train,pothole,jaygala24_pothole_detection,0,holdout_required_same_visual_hash
github_pothole::github_pothole::img-1027,validation,pothole,jaygala24_pothole_detection,v1::train::pothole::bbebde7e7967_pothole760.jpg,train,pothole,V1_Kaggle_pothole_detection,0,holdout_required_same_visual_hash
github_pothole::github_pothole::img-1028,train,pothole,jaygala24_pothole_detection,github_pothole::github_pothole::img-385,protected_test,pothole,jaygala24_pothole_detection,0,holdout_required_same_visual_hash
github_pothole::github_pothole::img-1029,train,pothole,jaygala24_pothole_detection,v1::train::pothole::584dcacacb42_pothole552.jpg,protected_test,pothole,V1_Kaggle_pothole_detection,0,holdout_required_same_visual_hash
github_pothole::github_pothole::img-1030,train,pothole,jaygala24_pothole_detection,github_pothole::github_pothole::img-785,validation,pothole,jaygala24_pothole_detection,0,holdout_required_same_visual_hash
github_pothole::github_pothole::img-1032,protected_test,pothole,jaygala24_pothole_detection,github_pothole::github_pothole::img-579,train,pothole,jaygala24_pothole_detection,0,holdout_required_same_visual_hash
github_pothole::github_pothole::img-1037,train,pothole,jaygala24_pothole_detection,github_pothole::github_pothole::img-901,protected_test,pothole,jaygala24_pothole_detection,0,holdout_required_same_visual_hash
github_pothole::github_pothole::img-1043,train,pothole,jaygala24_pothole_detection,github_pothole::github_pothole::img-337,protected_test,pothole,jaygala24_pothole_detection,0,holdout_required_same_visual_hash
github_pothole::github_pothole::img-1049,validation,pothole,jaygala24_pothole_detection,github_pothole::github_pothole::img-664,train,pothole,jaygala24_pothole_detection,0,holdout_required_same_visual_hash
github_pothole::github_pothole::img-1051,train,pothole,jaygala24_pothole_detection,github_pothole::github_pothole::img-583,validation,pothole,jaygala24_pothole_detection,0,holdout_required_same_visual_hash
github_pothole::github_pothole::img-1052,train,pothole,jaygala24_pothole_detection,v1::train::pothole::0f3828c1aeb7_pothole215.jpg,protected_test,pothole,V1_Kaggle_pothole_detection,0,holdout_required_same_visual_hash
github_pothole::github_pothole::img-1064,validation,pothole,jaygala24_pothole_detection,github_pothole::github_pothole::img-356,train,pothole,jaygala24_pothole_detection,0,holdout_required_same_visual_hash
github_pothole::github_pothole::img-1066,protected_test,pothole,jaygala24_pothole_detection,github_pothole::github_pothole::img-307,train,pothole,jaygala24_pothole_detection,0,holdout_required_same_visual_hash
github_pothole::github_pothole::img-1068,protected_test,pothole,jaygala24_pothole_detection,v1::train::pothole::21a73f01e906_pothole863.jpg,train,pothole,V1_Kaggle_pothole_detection,0,holdout_required_same_visual_hash
github_pothole::github_pothole::img-1071,validation,pothole,jaygala24_pothole_detection,v1::train::pothole::e86c2e126f71_pothole48.jpg,train,pothole,V1_Kaggle_pothole_detection,0,holdout_required_same_visual_hash
github_pothole::github_pothole::img-1074,train,pothole,jaygala24_pothole_detection,github_pothole::github_pothole::img-403,protected_test,pothole,jaygala24_pothole_detection,0,holdout_required_same_visual_hash
github_pothole::github_pothole::img-1081,protected_test,pothole,jaygala24_pothole_detection,github_pothole::github_pothole::img-323,train,pothole,jaygala24_pothole_detection,0,holdout_required_same_visual_hash
github_pothole::github_pothole::img-1082,validation,pothole,jaygala24_pothole_detection,github_pothole::github_pothole::img-343,train,pothole,jaygala24_pothole_detection,0,holdout_required_same_visual_hash
github_pothole::github_pothole::img-1082,validation,pothole,jaygala24_pothole_detection,v1::train::pothole::3e965f690688_pothole649.jpg,train,pothole,V1_Kaggle_pothole_detection,0,holdout_required_same_visual_hash
github_pothole::github_pothole::img-1093,train,pothole,jaygala24_pothole_detection,github_pothole::github_pothole::img-481,protected_test,pothole,jaygala24_pothole_detection,0,holdout_required_same_visual_hash
github_pothole::github_pothole::img-1093,train,pothole,jaygala24_pothole_detection,v1::train::pothole::4b0e8911adbf_pothole325.jpg,protected_test,pothole,V1_Kaggle_pothole_detection,0,holdout_required_same_visual_hash
github_pothole::github_pothole::img-1097,train,pothole,jaygala24_pothole_detection,v1::train::pothole::dfcec8b1606d_pothole119.jpg,validation,pothole,V1_Kaggle_pothole_detection,0,holdout_required_same_visual_hash
github_pothole::github_pothole::img-1098,validation,pothole,jaygala24_pothole_detection,github_pothole::github_pothole::img-588,train,pothole,jaygala24_pothole_detection,0,holdout_required_same_visual_hash
github_pothole::github_pothole::img-1098,validation,pothole,jaygala24_pothole_detection,v1::train::pothole::4215db0d7a5d_pothole221.jpg,train,pothole,V1_Kaggle_pothole_detection,0,holdout_required_same_visual_hash
github_pothole::github_pothole::img-1100,validation,pothole,jaygala24_pothole_detection,v1::train::pothole::c9800d8e4dea_pothole431.jpg,train,pothole,V1_Kaggle_pothole_detection,0,holdout_required_same_visual_hash
github_pothole::github_pothole::img-1102,validation,pothole,jaygala24_pothole_detection,github_pothole::github_pothole::img-531,train,pothole,jaygala24_pothole_detection,0,holdout_required_same_visual_hash
github_pothole::github_pothole::img-1103,validation,pothole,jaygala24_pothole_detection,github_pothole::github_pothole::img-596,protected_test,pothole,jaygala24_pothole_detection,0,holdout_required_same_visual_hash
github_pothole::github_pothole::img-1104,validation,pothole,jaygala24_pothole_detection,github_pothole::github_pothole::img-425,protected_test,pothole,jaygala24_pothole_detection,0,holdout_required_same_visual_hash
github_pothole::github_pothole::img-1108,validation,pothole,jaygala24_pothole_detection,v1::train::pothole::47b2eaea9f64_pothole561.jpg,protected_test,pothole,V1_Kaggle_pothole_detection,0,holdout_required_same_visual_hash
github_pothole::github_pothole::img-1118,protected_test,pothole,jaygala24_pothole_detection,v1::train::pothole::657fe6de4c9e_pothole6.jpg,train,pothole,V1_Kaggle_pothole_detection,0,holdout_required_same_visual_hash
github_pothole::github_pothole::img-1121,validation,pothole,jaygala24_pothole_detection,v1::train::pothole::3758790b8895_pothole567.jpg,train,pothole,V1_Kaggle_pothole_detection,0,holdout_required_same_visual_hash
github_pothole::github_pothole::img-1127,train,pothole,jaygala24_pothole_detection,v1::train::pothole::1151c0b46bf4_pothole89.jpg,validation,pothole,V1_Kaggle_pothole_detection,0,holdout_required_same_visual_hash
github_pothole::github_pothole::img-1129,train,pothole,jaygala24_pothole_detection,v1::train::pothole::23900c8e21d5_pothole871.jpg,protected_test,pothole,V1_Kaggle_pothole_detection,0,holdout_required_same_visual_hash
github_pothole::github_pothole::img-1137,validation,pothole,jaygala24_pothole_detection,github_pothole::github_pothole::img-576,train,pothole,jaygala24_pothole_detection,0,holdout_required_same_visual_hash
github_pothole::github_pothole::img-1144,train,pothole,jaygala24_pothole_detection,github_pothole::github_pothole::img-521,protected_test,pothole,jaygala24_pothole_detection,0,holdout_required_same_visual_hash
github_pothole::github_pothole::img-1144,train,pothole,jaygala24_pothole_detection,v1::train::pothole::71397b142962_pothole239.jpg,validation,pothole,V1_Kaggle_pothole_detection,0,holdout_required_same_visual_hash
github_pothole::github_pothole::img-1151,train,pothole,jaygala24_pothole_detection,v1::train::pothole::5ba3f6dbcf0a_pothole691.jpg,protected_test,pothole,V1_Kaggle_pothole_detection,0,holdout_required_same_visual_hash
github_pothole::github_pothole::img-1152,protected_test,pothole,jaygala24_pothole_detection,github_pothole::github_pothole::img-456,train,pothole,jaygala24_pothole_detection,0,holdout_required_same_visual_hash
github_pothole::github_pothole::img-1152,protected_test,pothole,jaygala24_pothole_detection,v1::train::pothole::a1eb486bf170_pothole889.jpg,validation,pothole,V1_Kaggle_pothole_detection,0,holdout_required_same_visual_hash
github_pothole::github_pothole::img-1160,train,pothole,jaygala24_pothole_detection,v1::train::pothole::bc3d0032ebb5_pothole641.jpg,validation,pothole,V1_Kaggle_pothole_detection,0,holdout_required_same_visual_hash
github_pothole::github_pothole::img-1164,train,pothole,jaygala24_pothole_detection,github_pothole::github_pothole::img-661,validation,pothole,jaygala24_pothole_detection,0,holdout_required_same_visual_hash
github_pothole::github_pothole::img-1165,validation,pothole,jaygala24_pothole_detection,github_pothole::github_pothole::img-645,train,pothole,jaygala24_pothole_detection,0,holdout_required_same_visual_hash
github_pothole::github_pothole::img-1165,validation,pothole,jaygala24_pothole_detection,v1::train::pothole::e23bc7088e96_pothole479.jpg,train,pothole,V1_Kaggle_pothole_detection,0,holdout_required_same_visual_hash
github_pothole::github_pothole::img-1168,train,pothole,jaygala24_pothole_detection,v1::train::pothole::70de6a6a39d4_pothole246.jpg,validation,pothole,V1_Kaggle_pothole_detection,0,holdout_required_same_visual_hash
github_pothole::github_pothole::img-1171,protected_test,pothole,jaygala24_pothole_detection,github_pothole::github_pothole::img-508,validation,pothole,jaygala24_pothole_detection,0,holdout_required_same_visual_hash
github_pothole::github_pothole::img-1199,validation,pothole,jaygala24_pothole_detection,v1::train::pothole::e8eddf4b50e2_pothole323.jpg,train,pothole,V1_Kaggle_pothole_detection,0,holdout_required_same_visual_hash
github_pothole::github_pothole::img-289,validation,pothole,jaygala24_pothole_detection,github_pothole::github_pothole::img-764,protected_test,pothole,jaygala24_pothole_detection,0,holdout_required_same_visual_hash
github_pothole::github_pothole::img-293,validation,pothole,jaygala24_pothole_detection,github_pothole::github_pothole::img-977,train,pothole,jaygala24_pothole_detection,0,holdout_required_same_visual_hash
github_pothole::github_pothole::img-303,train,pothole,jaygala24_pothole_detection,github_pothole::github_pothole::img-778,protected_test,pothole,jaygala24_pothole_detection,0,holdout_required_same_visual_hash
github_pothole::github_pothole::img-304,validation,pothole,jaygala24_pothole_detection,github_pothole::github_pothole::img-781,protected_test,pothole,jaygala24_pothole_detection,0,holdout_required_same_visual_hash
github_pothole::github_pothole::img-309,protected_test,pothole,jaygala24_pothole_detection,v1::train::pothole::060a7217d1fe_pothole607.jpg,train,pothole,V1_Kaggle_pothole_detection,0,holdout_required_same_visual_hash
github_pothole::github_pothole::img-315,validation,pothole,jaygala24_pothole_detection,v1::train::pothole::fff5320a7c86_pothole302.jpg,protected_test,pothole,V1_Kaggle_pothole_detection,0,holdout_required_same_visual_hash
github_pothole::github_pothole::img-324,validation,pothole,jaygala24_pothole_detection,v1::train::pothole::4e7527cde131_pothole939.jpg,train,pothole,V1_Kaggle_pothole_detection,0,holdout_required_same_visual_hash
github_pothole::github_pothole::img-324,validation,pothole,jaygala24_pothole_detection,v1::train::pothole::d489d4b22b28_pothole90.jpg,train,pothole,V1_Kaggle_pothole_detection,0,holdout_required_same_visual_hash
github_pothole::github_pothole::img-327,protected_test,pothole,jaygala24_pothole_detection,github_pothole::github_pothole::img-894,train,pothole,jaygala24_pothole_detection,0,holdout_required_same_visual_hash
github_pothole::github_pothole::img-327,protected_test,pothole,jaygala24_pothole_detection,v1::train::pothole::06562c7730bd_pothole730.jpg,train,pothole,V1_Kaggle_pothole_detection,0,holdout_required_same_visual_hash
github_pothole::github_pothole::img-328,protected_test,pothole,jaygala24_pothole_detection,v1::train::pothole::5ee2310071c5_pothole733.jpg,train,pothole,V1_Kaggle_pothole_detection,0,holdout_required_same_visual_hash
github_pothole::github_pothole::img-330,train,pothole,jaygala24_pothole_detection,github_pothole::github_pothole::img-735,validation,pothole,jaygala24_pothole_detection,0,holdout_required_same_visual_hash
github_pothole::github_pothole::img-332,validation,pothole,jaygala24_pothole_detection,github_pothole::github_pothole::img-685,train,pothole,jaygala24_pothole_detection,0,holdout_required_same_visual_hash
github_pothole::github_pothole::img-332,validation,pothole,jaygala24_pothole_detection,v1::train::pothole::44f49e4fbdd0_pothole24.jpg,train,pothole,V1_Kaggle_pothole_detection,0,holdout_required_same_visual_hash
github_pothole::github_pothole::img-336,protected_test,pothole,jaygala24_pothole_detection,github_pothole::github_pothole::img-692,train,pothole,jaygala24_pothole_detection,0,holdout_required_same_visual_hash
github_pothole::github_pothole::img-336,protected_test,pothole,jaygala24_pothole_detection,v1::train::pothole::a1d2fb813671_pothole233.jpg,train,pothole,V1_Kaggle_pothole_detection,0,holdout_required_same_visual_hash
github_pothole::github_pothole::img-340,train,pothole,jaygala24_pothole_detection,github_pothole::github_pothole::img-691,protected_test,pothole,jaygala24_pothole_detection,0,holdout_required_same_visual_hash
github_pothole::github_pothole::img-341,protected_test,pothole,jaygala24_pothole_detection,github_pothole::github_pothole::img-988,train,pothole,jaygala24_pothole_detection,0,holdout_required_same_visual_hash
github_pothole::github_pothole::img-341,protected_test,pothole,jaygala24_pothole_detection,v1::train::pothole::697781b1bf37_pothole795.jpg,train,pothole,V1_Kaggle_pothole_detection,0,holdout_required_same_visual_hash
github_pothole::github_pothole::img-344,train,pothole,jaygala24_pothole_detection,github_pothole::github_pothole::img-923,protected_test,pothole,jaygala24_pothole_detection,0,holdout_required_same_visual_hash
github_pothole::github_pothole::img-354,train,pothole,jaygala24_pothole_detection,v1::train::pothole::26d46b3b476b_pothole861.jpg,protected_test,pothole,V1_Kaggle_pothole_detection,0,holdout_required_same_visual_hash
github_pothole::github_pothole::img-360,protected_test,pothole,jaygala24_pothole_detection,v1::train::pothole::07c9b7bfde8e_pothole752.jpg,train,pothole,V1_Kaggle_pothole_detection,0,holdout_required_same_visual_hash
github_pothole::github_pothole::img-368,train,pothole,jaygala24_pothole_detection,v1::train::pothole::e35d642113ca_pothole655.jpg,protected_test,pothole,V1_Kaggle_pothole_detection,0,holdout_required_same_visual_hash
github_pothole::github_pothole::img-372,train,pothole,jaygala24_pothole_detection,github_pothole::github_pothole::img-920,protected_test,pothole,jaygala24_pothole_detection,0,holdout_required_same_visual_hash
github_pothole::github_pothole::img-378,validation,pothole,jaygala24_pothole_detection,github_pothole::github_pothole::img-948,protected_test,pothole,jaygala24_pothole_detection,0,holdout_required_same_visual_hash
github_pothole::github_pothole::img-378,validation,pothole,jaygala24_pothole_detection,v1::train::pothole::4f82bf4c45d3_pothole568.jpg,train,pothole,V1_Kaggle_pothole_detection,0,holdout_required_same_visual_hash
github_pothole::github_pothole::img-381,train,pothole,jaygala24_pothole_detection,github_pothole::github_pothole::img-949,protected_test,pothole,jaygala24_pothole_detection,0,holdout_required_same_visual_hash
github_pothole::github_pothole::img-384,train,pothole,jaygala24_pothole_detection,github_pothole::github_pothole::img-785,validation,pothole,jaygala24_pothole_detection,0,holdout_required_same_visual_hash
github_pothole::github_pothole::img-385,protected_test,pothole,jaygala24_pothole_detection,v1::train::pothole::ef7ef117229f_pothole57.jpg,train,pothole,V1_Kaggle_pothole_detection,0,holdout_required_same_visual_hash
github_pothole::github_pothole::img-403,protected_test,pothole,jaygala24_pothole_detection,v1::train::pothole::e107c9a6a0a1_pothole465.jpg,train,pothole,V1_Kaggle_pothole_detection,0,holdout_required_same_visual_hash
github_pothole::github_pothole::img-406,validation,pothole,jaygala24_pothole_detection,github_pothole::github_pothole::img-719,train,pothole,jaygala24_pothole_detection,0,holdout_required_same_visual_hash
github_pothole::github_pothole::img-406,validation,pothole,jaygala24_pothole_detection,v1::train::pothole::8e43858d1340_pothole667.jpg,train,pothole,V1_Kaggle_pothole_detection,0,holdout_required_same_visual_hash
github_pothole::github_pothole::img-407,train,pothole,jaygala24_pothole_detection,github_pothole::github_pothole::img-761,validation,pothole,jaygala24_pothole_detection,0,holdout_required_same_visual_hash
github_pothole::github_pothole::img-408,train,pothole,jaygala24_pothole_detection,github_pothole::github_pothole::img-985,protected_test,pothole,jaygala24_pothole_detection,0,holdout_required_same_visual_hash
github_pothole::github_pothole::img-417,validation,pothole,jaygala24_pothole_detection,github_pothole::github_pothole::img-996,train,pothole,jaygala24_pothole_detection,0,holdout_required_same_visual_hash
github_pothole::github_pothole::img-426,protected_test,pothole,jaygala24_pothole_detection,github_pothole::github_pothole::img-974,validation,pothole,jaygala24_pothole_detection,0,holdout_required_same_visual_hash
github_pothole::github_pothole::img-429,train,pothole,jaygala24_pothole_detection,github_pothole::github_pothole::img-855,validation,pothole,jaygala24_pothole_detection,0,holdout_required_same_visual_hash
github_pothole::github_pothole::img-430,train,pothole,jaygala24_pothole_detection,github_pothole::github_pothole::img-852,validation,pothole,jaygala24_pothole_detection,0,holdout_required_same_visual_hash
github_pothole::github_pothole::img-435,train,pothole,jaygala24_pothole_detection,github_pothole::github_pothole::img-728,validation,pothole,jaygala24_pothole_detection,0,holdout_required_same_visual_hash
github_pothole::github_pothole::img-438,protected_test,pothole,jaygala24_pothole_detection,github_pothole::github_pothole::img-823,train,pothole,jaygala24_pothole_detection,0,holdout_required_same_visual_hash
github_pothole::github_pothole::img-438,protected_test,pothole,jaygala24_pothole_detection,v1::train::pothole::412b5cc6ece4_pothole838.jpg,train,pothole,V1_Kaggle_pothole_detection,0,holdout_required_same_visual_hash
github_pothole::github_pothole::img-439,train,pothole,jaygala24_pothole_detection,v1::train::pothole::70de6a6a39d4_pothole246.jpg,validation,pothole,V1_Kaggle_pothole_detection,0,holdout_required_same_visual_hash
github_pothole::github_pothole::img-445,protected_test,pothole,jaygala24_pothole_detection,github_pothole::github_pothole::img-754,train,pothole,jaygala24_pothole_detection,0,holdout_required_same_visual_hash
github_pothole::github_pothole::img-455,protected_test,pothole,jaygala24_pothole_detection,github_pothole::github_pothole::img-732,train,pothole,jaygala24_pothole_detection,0,holdout_required_same_visual_hash
github_pothole::github_pothole::img-456,train,pothole,jaygala24_pothole_detection,v1::train::pothole::a1eb486bf170_pothole889.jpg,validation,pothole,V1_Kaggle_pothole_detection,0,holdout_required_same_visual_hash
github_pothole::github_pothole::img-464,train,pothole,jaygala24_pothole_detection,github_pothole::github_pothole::img-962,validation,pothole,jaygala24_pothole_detection,0,holdout_required_same_visual_hash
github_pothole::github_pothole::img-469,protected_test,pothole,jaygala24_pothole_detection,github_pothole::github_pothole::img-731,train,pothole,jaygala24_pothole_detection,0,holdout_required_same_visual_hash
github_pothole::github_pothole::img-470,protected_test,pothole,jaygala24_pothole_detection,github_pothole::github_pothole::img-828,train,pothole,jaygala24_pothole_detection,0,holdout_required_same_visual_hash
github_pothole::github_pothole::img-471,protected_test,pothole,jaygala24_pothole_detection,github_pothole::github_pothole::img-693,train,pothole,jaygala24_pothole_detection,0,holdout_required_same_visual_hash
github_pothole::github_pothole::img-471,protected_test,pothole,jaygala24_pothole_detection,v1::train::pothole::cf1d1a66e201_pothole185.jpg,train,pothole,V1_Kaggle_pothole_detection,0,holdout_required_same_visual_hash
github_pothole::github_pothole::img-474,train,pothole,jaygala24_pothole_detection,v1::train::pothole::0f3828c1aeb7_pothole215.jpg,protected_test,pothole,V1_Kaggle_pothole_detection,0,holdout_required_same_visual_hash
github_pothole::github_pothole::img-478,train,pothole,jaygala24_pothole_detection,v1::train::pothole::5fd7062c20a4_pothole739.jpg,protected_test,pothole,V1_Kaggle_pothole_detection,0,holdout_required_same_visual_hash
github_pothole::github_pothole::img-479,protected_test,pothole,jaygala24_pothole_detection,github_pothole::github_pothole::img-885,validation,pothole,jaygala24_pothole_detection,0,holdout_required_same_visual_hash
github_pothole::github_pothole::img-492,train,pothole,jaygala24_pothole_detection,v1::train::pothole::f7633013faec_pothole442.jpg,protected_test,pothole,V1_Kaggle_pothole_detection,0,holdout_required_same_visual_hash
github_pothole::github_pothole::img-496,train,pothole,jaygala24_pothole_detection,github_pothole::github_pothole::img-863,validation,pothole,jaygala24_pothole_detection,0,holdout_required_same_visual_hash
github_pothole::github_pothole::img-501,train,pothole,jaygala24_pothole_detection,github_pothole::github_pothole::img-848,protected_test,pothole,jaygala24_pothole_detection,0,holdout_required_same_visual_hash
github_pothole::github_pothole::img-507,validation,pothole,jaygala24_pothole_detection,github_pothole::github_pothole::img-982,train,pothole,jaygala24_pothole_detection,0,holdout_required_same_visual_hash
github_pothole::github_pothole::img-517,train,pothole,jaygala24_pothole_detection,v1::train::pothole::1d58f21ec053_pothole413.jpg,protected_test,pothole,V1_Kaggle_pothole_detection,0,holdout_required_same_visual_hash
github_pothole::github_pothole::img-520,train,pothole,jaygala24_pothole_detection,v1::train::pothole::1151c0b46bf4_pothole89.jpg,validation,pothole,V1_Kaggle_pothole_detection,0,holdout_required_same_visual_hash
github_pothole::github_pothole::img-521,protected_test,pothole,jaygala24_pothole_detection,v1::train::pothole::71397b142962_pothole239.jpg,validation,pothole,V1_Kaggle_pothole_detection,0,holdout_required_same_visual_hash
github_pothole::github_pothole::img-526,train,pothole,jaygala24_pothole_detection,github_pothole::github_pothole::img-965,validation,pothole,jaygala24_pothole_detection,0,holdout_required_same_visual_hash
github_pothole::github_pothole::img-527,train,pothole,jaygala24_pothole_detection,github_pothole::github_pothole::img-800,validation,pothole,jaygala24_pothole_detection,0,holdout_required_same_visual_hash
github_pothole::github_pothole::img-528,protected_test,pothole,jaygala24_pothole_detection,github_pothole::github_pothole::img-877,train,pothole,jaygala24_pothole_detection,0,holdout_required_same_visual_hash
github_pothole::github_pothole::img-536,validation,pothole,jaygala24_pothole_detection,github_pothole::github_pothole::img-718,train,pothole,jaygala24_pothole_detection,0,holdout_required_same_visual_hash
github_pothole::github_pothole::img-536,validation,pothole,jaygala24_pothole_detection,v1::train::pothole::c7daf96a855c_pothole543.jpg,train,pothole,V1_Kaggle_pothole_detection,0,holdout_required_same_visual_hash
github_pothole::github_pothole::img-537,train,pothole,jaygala24_pothole_detection,github_pothole::github_pothole::img-827,protected_test,pothole,jaygala24_pothole_detection,0,holdout_required_same_visual_hash
github_pothole::github_pothole::img-538,protected_test,pothole,jaygala24_pothole_detection,v1::train::pothole::f6bfb8567480_pothole460.jpg,train,pothole,V1_Kaggle_pothole_detection,0,holdout_required_same_visual_hash
github_pothole::github_pothole::img-540,protected_test,pothole,jaygala24_pothole_detection,github_pothole::github_pothole::img-803,train,pothole,jaygala24_pothole_detection,0,holdout_required_same_visual_hash
github_pothole::github_pothole::img-543,validation,pothole,jaygala24_pothole_detection,v1::train::pothole::e8eddf4b50e2_pothole323.jpg,train,pothole,V1_Kaggle_pothole_detection,0,holdout_required_same_visual_hash
github_pothole::github_pothole::img-546,train,pothole,jaygala24_pothole_detection,github_pothole::github_pothole::img-768,validation,pothole,jaygala24_pothole_detection,0,holdout_required_same_visual_hash
github_pothole::github_pothole::img-546,train,pothole,jaygala24_pothole_detection,v1::train::pothole::79de7f16caf3_pothole513.jpg,protected_test,pothole,V1_Kaggle_pothole_detection,0,holdout_required_same_visual_hash
github_pothole::github_pothole::img-548,validation,pothole,jaygala24_pothole_detection,github_pothole::github_pothole::img-902,train,pothole,jaygala24_pothole_detection,0,holdout_required_same_visual_hash
github_pothole::github_pothole::img-550,train,pothole,jaygala24_pothole_detection,github_pothole::github_pothole::img-921,validation,pothole,jaygala24_pothole_detection,0,holdout_required_same_visual_hash
github_pothole::github_pothole::img-554,protected_test,pothole,jaygala24_pothole_detection,github_pothole::github_pothole::img-952,train,pothole,jaygala24_pothole_detection,0,holdout_required_same_visual_hash
github_pothole::github_pothole::img-556,train,pothole,jaygala24_pothole_detection,v1::train::pothole::f9db178c3fca_pothole391.jpg,protected_test,pothole,V1_Kaggle_pothole_detection,0,holdout_required_same_visual_hash
github_pothole::github_pothole::img-561,protected_test,pothole,jaygala24_pothole_detection,github_pothole::github_pothole::img-933,train,pothole,jaygala24_pothole_detection,0,holdout_required_same_visual_hash
github_pothole::github_pothole::img-561,protected_test,pothole,jaygala24_pothole_detection,v1::train::pothole::d859299f7bd5_pothole575.jpg,validation,pothole,V1_Kaggle_pothole_detection,0,holdout_required_same_visual_hash
github_pothole::github_pothole::img-564,train,pothole,jaygala24_pothole_detection,github_pothole::github_pothole::img-826,validation,pothole,jaygala24_pothole_detection,0,holdout_required_same_visual_hash
github_pothole::github_pothole::img-567,validation,pothole,jaygala24_pothole_detection,github_pothole::github_pothole::img-969,train,pothole,jaygala24_pothole_detection,0,holdout_required_same_visual_hash
github_pothole::github_pothole::img-578,validation,pothole,jaygala24_pothole_detection,github_pothole::github_pothole::img-771,train,pothole,jaygala24_pothole_detection,0,holdout_required_same_visual_hash
github_pothole::github_pothole::img-582,train,pothole,jaygala24_pothole_detection,github_pothole::github_pothole::img-871,validation,pothole,jaygala24_pothole_detection,0,holdout_required_same_visual_hash
github_pothole::github_pothole::img-583,validation,pothole,jaygala24_pothole_detection,v1::train::pothole::67d13f1d860f_pothole614.jpg,train,pothole,V1_Kaggle_pothole_detection,0,holdout_required_same_visual_hash
github_pothole::github_pothole::img-585,train,pothole,jaygala24_pothole_detection,github_pothole::github_pothole::img-971,protected_test,pothole,jaygala24_pothole_detection,0,holdout_required_same_visual_hash
github_pothole::github_pothole::img-587,train,pothole,jaygala24_pothole_detection,v1::train::pothole::584dcacacb42_pothole552.jpg,protected_test,pothole,V1_Kaggle_pothole_detection,0,holdout_required_same_visual_hash
github_pothole::github_pothole::img-591,protected_test,pothole,jaygala24_pothole_detection,v1::train::pothole::e1f5db4c9613_pothole181.jpg,validation,pothole,V1_Kaggle_pothole_detection,0,holdout_required_same_visual_hash
github_pothole::github_pothole::img-597,train,pothole,jaygala24_pothole_detection,github_pothole::github_pothole::img-888,protected_test,pothole,jaygala24_pothole_detection,0,holdout_required_same_visual_hash
github_pothole::github_pothole::img-603,validation,pothole,jaygala24_pothole_detection,github_pothole::github_pothole::img-704,train,pothole,jaygala24_pothole_detection,0,holdout_required_same_visual_hash
github_pothole::github_pothole::img-609,train,pothole,jaygala24_pothole_detection,v1::train::pothole::d094566ad160_pothole175.jpg,validation,pothole,V1_Kaggle_pothole_detection,0,holdout_required_same_visual_hash
github_pothole::github_pothole::img-615,train,pothole,jaygala24_pothole_detection,github_pothole::github_pothole::img-777,validation,pothole,jaygala24_pothole_detection,0,holdout_required_same_visual_hash
github_pothole::github_pothole::img-617,protected_test,pothole,jaygala24_pothole_detection,v1::train::pothole::a7c7cb3fe5d3_pothole445.jpg,validation,pothole,V1_Kaggle_pothole_detection,0,holdout_required_same_visual_hash
github_pothole::github_pothole::img-618,validation,pothole,jaygala24_pothole_detection,github_pothole::github_pothole::img-944,train,pothole,jaygala24_pothole_detection,0,holdout_required_same_visual_hash
github_pothole::github_pothole::img-618,validation,pothole,jaygala24_pothole_detection,v1::train::pothole::68b908a61651_pothole570.jpg,train,pothole,V1_Kaggle_pothole_detection,0,holdout_required_same_visual_hash
github_pothole::github_pothole::img-619,train,pothole,jaygala24_pothole_detection,github_pothole::github_pothole::img-836,validation,pothole,jaygala24_pothole_detection,0,holdout_required_same_visual_hash
github_pothole::github_pothole::img-622,train,pothole,jaygala24_pothole_detection,v1::train::pothole::389dea517cab_pothole609.jpg,validation,pothole,V1_Kaggle_pothole_detection,0,holdout_required_same_visual_hash
github_pothole::github_pothole::img-629,train,pothole,jaygala24_pothole_detection,github_pothole::github_pothole::img-802,validation,pothole,jaygala24_pothole_detection,0,holdout_required_same_visual_hash
github_pothole::github_pothole::img-629,train,pothole,jaygala24_pothole_detection,v1::train::pothole::8a5ef69a83a8_pothole111.jpg,validation,pothole,V1_Kaggle_pothole_detection,0,holdout_required_same_visual_hash
github_pothole::github_pothole::img-630,train,pothole,jaygala24_pothole_detection,v1::train::pothole::4dbd798dc0c7_pothole377.jpg,validation,pothole,V1_Kaggle_pothole_detection,0,holdout_required_same_visual_hash
github_pothole::github_pothole::img-633,train,pothole,jaygala24_pothole_detection,v1::train::pothole::0302978538da_pothole535.jpg,validation,pothole,V1_Kaggle_pothole_detection,0,holdout_required_same_visual_hash
github_pothole::github_pothole::img-634,protected_test,pothole,jaygala24_pothole_detection,v1::train::pothole::5de8a57303da_pothole61.jpg,train,pothole,V1_Kaggle_pothole_detection,0,holdout_required_same_visual_hash
github_pothole::github_pothole::img-644,protected_test,pothole,jaygala24_pothole_detection,github_pothole::github_pothole::img-856,train,pothole,jaygala24_pothole_detection,0,holdout_required_same_visual_hash
github_pothole::github_pothole::img-646,protected_test,pothole,jaygala24_pothole_detection,github_pothole::github_pothole::img-942,train,pothole,jaygala24_pothole_detection,0,holdout_required_same_visual_hash
github_pothole::github_pothole::img-646,protected_test,pothole,jaygala24_pothole_detection,v1::train::pothole::b3d1a9d23443_pothole671.jpg,train,pothole,V1_Kaggle_pothole_detection,0,holdout_required_same_visual_hash
github_pothole::github_pothole::img-647,train,pothole,jaygala24_pothole_detection,v1::train::pothole::23900c8e21d5_pothole871.jpg,protected_test,pothole,V1_Kaggle_pothole_detection,0,holdout_required_same_visual_hash
github_pothole::github_pothole::img-660,train,pothole,jaygala24_pothole_detection,github_pothole::github_pothole::img-711,protected_test,pothole,jaygala24_pothole_detection,0,holdout_required_same_visual_hash
github_pothole::github_pothole::img-661,validation,pothole,jaygala24_pothole_detection,v1::train::pothole::2d1dcf886f09_pothole486.jpg,train,pothole,V1_Kaggle_pothole_detection,0,holdout_required_same_visual_hash
github_pothole::github_pothole::img-661,validation,pothole,jaygala24_pothole_detection,v1::train::pothole::7dd398b6521a_pothole527.jpg,train,pothole,V1_Kaggle_pothole_detection,0,holdout_required_same_visual_hash
github_pothole::github_pothole::img-662,train,pothole,jaygala24_pothole_detection,github_pothole::github_pothole::img-903,validation,pothole,jaygala24_pothole_detection,0,holdout_required_same_visual_hash
github_pothole::github_pothole::img-662,train,pothole,jaygala24_pothole_detection,v1::train::pothole::961b954b4a41_pothole381.jpg,validation,pothole,V1_Kaggle_pothole_detection,0,holdout_required_same_visual_hash
github_pothole::github_pothole::img-667,validation,pothole,jaygala24_pothole_detection,v1::train::pothole::af80200c9e2e_pothole840.jpg,train,pothole,V1_Kaggle_pothole_detection,0,holdout_required_same_visual_hash
github_pothole::github_pothole::img-675,validation,pothole,jaygala24_pothole_detection,v1::train::pothole::918b88106955_pothole177.jpg,protected_test,pothole,V1_Kaggle_pothole_detection,0,holdout_required_same_visual_hash
github_pothole::github_pothole::img-687,train,pothole,jaygala24_pothole_detection,v1::train::pothole::08502ed22cfb_pothole65.jpg,protected_test,pothole,V1_Kaggle_pothole_detection,0,holdout_required_same_visual_hash
github_pothole::github_pothole::img-702,train,pothole,jaygala24_pothole_detection,v1::train::pothole::c551ff83d183_pothole825.jpg,validation,pothole,V1_Kaggle_pothole_detection,0,holdout_required_same_visual_hash
github_pothole::github_pothole::img-704,train,pothole,jaygala24_pothole_detection,v1::train::pothole::5ca0b39983df_pothole790.jpg,validation,pothole,V1_Kaggle_pothole_detection,0,holdout_required_same_visual_hash
github_pothole::github_pothole::img-714,validation,pothole,jaygala24_pothole_detection,v1::train::pothole::c4a141b5ff7c_pothole193.jpg,train,pothole,V1_Kaggle_pothole_detection,0,holdout_required_same_visual_hash
github_pothole::github_pothole::img-715,validation,pothole,jaygala24_pothole_detection,v1::train::pothole::4260143e5f2d_pothole800.jpg,train,pothole,V1_Kaggle_pothole_detection,0,holdout_required_same_visual_hash
github_pothole::github_pothole::img-726,train,pothole,jaygala24_pothole_detection,v1::train::pothole::5fd7062c20a4_pothole739.jpg,protected_test,pothole,V1_Kaggle_pothole_detection,0,holdout_required_same_visual_hash
github_pothole::github_pothole::img-729,train,pothole,jaygala24_pothole_detection,v1::train::pothole::0302978538da_pothole535.jpg,validation,pothole,V1_Kaggle_pothole_detection,0,holdout_required_same_visual_hash
github_pothole::github_pothole::img-736,train,pothole,jaygala24_pothole_detection,v1::train::pothole::f7633013faec_pothole442.jpg,protected_test,pothole,V1_Kaggle_pothole_detection,0,holdout_required_same_visual_hash
github_pothole::github_pothole::img-750,train,pothole,jaygala24_pothole_detection,v1::train::pothole::c56710db6f3e_pothole836.jpg,protected_test,pothole,V1_Kaggle_pothole_detection,0,holdout_required_same_visual_hash
github_pothole::github_pothole::img-751,train,pothole,jaygala24_pothole_detection,v1::train::pothole::dc435969ef5f_pothole173.jpg,protected_test,pothole,V1_Kaggle_pothole_detection,0,holdout_required_same_visual_hash
github_pothole::github_pothole::img-753,train,pothole,jaygala24_pothole_detection,v1::train::pothole::2354ad18533a_pothole866.jpg,protected_test,pothole,V1_Kaggle_pothole_detection,0,holdout_required_same_visual_hash
github_pothole::github_pothole::img-757,train,pothole,jaygala24_pothole_detection,v1::train::pothole::20d9e5fb33e2_pothole403.jpg,protected_test,pothole,V1_Kaggle_pothole_detection,0,holdout_required_same_visual_hash
github_pothole::github_pothole::img-761,validation,pothole,jaygala24_pothole_detection,v1::train::pothole::c6e48b9e213c_pothole941.jpg,train,pothole,V1_Kaggle_pothole_detection,0,holdout_required_same_visual_hash
github_pothole::github_pothole::img-762,validation,pothole,jaygala24_pothole_detection,v1::train::pothole::9333c2d6a01a_pothole757.jpg,train,pothole,V1_Kaggle_pothole_detection,0,holdout_required_same_visual_hash
github_pothole::github_pothole::img-765,protected_test,pothole,jaygala24_pothole_detection,v1::train::pothole::22a6d806adeb_pothole267.jpg,train,pothole,V1_Kaggle_pothole_detection,0,holdout_required_same_visual_hash
github_pothole::github_pothole::img-768,validation,pothole,jaygala24_pothole_detection,v1::train::pothole::79de7f16caf3_pothole513.jpg,protected_test,pothole,V1_Kaggle_pothole_detection,0,holdout_required_same_visual_hash
github_pothole::github_pothole::img-772,protected_test,pothole,jaygala24_pothole_detection,v1::train::pothole::a7c7cb3fe5d3_pothole445.jpg,validation,pothole,V1_Kaggle_pothole_detection,0,holdout_required_same_visual_hash
github_pothole::github_pothole::img-775,validation,pothole,jaygala24_pothole_detection,v1::train::pothole::744fd95ed23f_pothole668.jpg,train,pothole,V1_Kaggle_pothole_detection,0,holdout_required_same_visual_hash
github_pothole::github_pothole::img-777,validation,pothole,jaygala24_pothole_detection,v1::train::pothole::a999f837b575_pothole927.jpg,train,pothole,V1_Kaggle_pothole_detection,0,holdout_required_same_visual_hash
github_pothole::github_pothole::img-779,validation,pothole,jaygala24_pothole_detection,v1::train::pothole::2ac4eac3e46b_pothole829.jpg,train,pothole,V1_Kaggle_pothole_detection,0,holdout_required_same_visual_hash
github_pothole::github_pothole::img-785,validation,pothole,jaygala24_pothole_detection,v1::train::pothole::53fa457e6f39_pothole331.jpg,train,pothole,V1_Kaggle_pothole_detection,0,holdout_required_same_visual_hash
github_pothole::github_pothole::img-788,protected_test,pothole,jaygala24_pothole_detection,v1::train::pothole::8f554405e88d_pothole161.jpg,validation,pothole,V1_Kaggle_pothole_detection,0,holdout_required_same_visual_hash
github_pothole::github_pothole::img-797,train,pothole,jaygala24_pothole_detection,v1::train::pothole::3a6afa4225f5_pothole197.jpg,protected_test,pothole,V1_Kaggle_pothole_detection,0,holdout_required_same_visual_hash
github_pothole::github_pothole::img-798,train,pothole,jaygala24_pothole_detection,v1::train::pothole::9e59b8be5da2_pothole4.jpg,validation,pothole,V1_Kaggle_pothole_detection,0,holdout_required_same_visual_hash
github_pothole::github_pothole::img-807,train,pothole,jaygala24_pothole_detection,v1::train::pothole::9720a5f3f7bc_pothole569.jpg,protected_test,pothole,V1_Kaggle_pothole_detection,0,holdout_required_same_visual_hash
github_pothole::github_pothole::img-816,validation,pothole,jaygala24_pothole_detection,v1::train::pothole::e86c2e126f71_pothole48.jpg,train,pothole,V1_Kaggle_pothole_detection,0,holdout_required_same_visual_hash
github_pothole::github_pothole::img-821,train,pothole,jaygala24_pothole_detection,v1::train::pothole::1ea8eeb34a7c_pothole339.jpg,protected_test,pothole,V1_Kaggle_pothole_detection,0,holdout_required_same_visual_hash
github_pothole::github_pothole::img-822,train,pothole,jaygala24_pothole_detection,v1::train::pothole::01b8c73c65c3_pothole766.jpg,protected_test,pothole,V1_Kaggle_pothole_detection,0,holdout_required_same_visual_hash
github_pothole::github_pothole::img-827,protected_test,pothole,jaygala24_pothole_detection,v1::train::pothole::3e58f1a80144_pothole528.jpg,train,pothole,V1_Kaggle_pothole_detection,0,holdout_required_same_visual_hash
github_pothole::github_pothole::img-836,validation,pothole,jaygala24_pothole_detection,v1::train::pothole::86f7adf520d7_pothole818.jpg,train,pothole,V1_Kaggle_pothole_detection,0,holdout_required_same_visual_hash
github_pothole::github_pothole::img-848,protected_test,pothole,jaygala24_pothole_detection,v1::train::pothole::6f250b0ca860_pothole785.jpg,train,pothole,V1_Kaggle_pothole_detection,0,holdout_required_same_visual_hash
github_pothole::github_pothole::img-849,train,pothole,jaygala24_pothole_detection,v1::train::pothole::dade17a61802_pothole523.jpg,protected_test,pothole,V1_Kaggle_pothole_detection,0,holdout_required_same_visual_hash
github_pothole::github_pothole::img-851,train,pothole,jaygala24_pothole_detection,v1::train::pothole::dda83a32cfe5_pothole28.jpg,protected_test,pothole,V1_Kaggle_pothole_detection,0,holdout_required_same_visual_hash
github_pothole::github_pothole::img-852,validation,pothole,jaygala24_pothole_detection,v1::train::pothole::3f0f3db45965_pothole117.jpg,train,pothole,V1_Kaggle_pothole_detection,0,holdout_required_same_visual_hash
github_pothole::github_pothole::img-859,validation,pothole,jaygala24_pothole_detection,v1::train::pothole::a83dc7c4093c_pothole837.jpg,train,pothole,V1_Kaggle_pothole_detection,0,holdout_required_same_visual_hash
github_pothole::github_pothole::img-884,protected_test,pothole,jaygala24_pothole_detection,v1::train::pothole::453cfe0971bd_pothole12.jpg,train,pothole,V1_Kaggle_pothole_detection,0,holdout_required_same_visual_hash
github_pothole::github_pothole::img-895,validation,pothole,jaygala24_pothole_detection,v1::train::pothole::94a33b7fce3d_pothole623.jpg,train,pothole,V1_Kaggle_pothole_detection,0,holdout_required_same_visual_hash
github_pothole::github_pothole::img-900,validation,pothole,jaygala24_pothole_detection,v1::train::pothole::fdcfd2c64c19_pothole263.jpg,train,pothole,V1_Kaggle_pothole_detection,0,holdout_required_same_visual_hash
github_pothole::github_pothole::img-901,protected_test,pothole,jaygala24_pothole_detection,github_pothole::github_pothole::img-929,train,pothole,jaygala24_pothole_detection,0,holdout_required_same_visual_hash
github_pothole::github_pothole::img-902,train,pothole,jaygala24_pothole_detection,v1::train::pothole::10c7b90b23f6_pothole741.jpg,validation,pothole,V1_Kaggle_pothole_detection,0,holdout_required_same_visual_hash
github_pothole::github_pothole::img-933,train,pothole,jaygala24_pothole_detection,v1::train::pothole::d859299f7bd5_pothole575.jpg,validation,pothole,V1_Kaggle_pothole_detection,0,holdout_required_same_visual_hash
github_pothole::github_pothole::img-934,train,pothole,jaygala24_pothole_detection,v1::train::pothole::389dea517cab_pothole609.jpg,validation,pothole,V1_Kaggle_pothole_detection,0,holdout_required_same_visual_hash
github_pothole::github_pothole::img-946,validation,pothole,jaygala24_pothole_detection,github_pothole::github_pothole::img-964,protected_test,pothole,jaygala24_pothole_detection,0,holdout_required_same_visual_hash
github_pothole::github_pothole::img-948,protected_test,pothole,jaygala24_pothole_detection,v1::train::pothole::4f82bf4c45d3_pothole568.jpg,train,pothole,V1_Kaggle_pothole_detection,0,holdout_required_same_visual_hash
github_pothole::github_pothole::img-962,validation,pothole,jaygala24_pothole_detection,v1::train::pothole::e2f999b39010_pothole859.jpg,train,pothole,V1_Kaggle_pothole_detection,0,holdout_required_same_visual_hash
github_pothole::github_pothole::img-971,protected_test,pothole,jaygala24_pothole_detection,v1::train::pothole::991851665be9_pothole245.jpg,train,pothole,V1_Kaggle_pothole_detection,0,holdout_required_same_visual_hash
github_pothole::github_pothole::img-982,train,pothole,jaygala24_pothole_detection,v1::train::pothole::f2a948b8c376_pothole547.jpg,validation,pothole,V1_Kaggle_pothole_detection,0,holdout_required_same_visual_hash
github_pothole::github_pothole::img-985,protected_test,pothole,jaygala24_pothole_detection,v1::train::pothole::0d8d0b8daa5b_pothole792.jpg,train,pothole,V1_Kaggle_pothole_detection,0,holdout_required_same_visual_hash
github_pothole::github_pothole::img-992,train,pothole,jaygala24_pothole_detection,v1::train::pothole::c6d15b0580e0_pothole297.jpg,protected_test,pothole,V1_Kaggle_pothole_detection,0,holdout_required_same_visual_hash
github_pothole::github_pothole::img-993,train,pothole,jaygala24_pothole_detection,v1::train::pothole::d094566ad160_pothole175.jpg,validation,pothole,V1_Kaggle_pothole_detection,0,holdout_required_same_visual_hash
kaggle_speed_bump::train::bump::VIDEO0008_017.jpg,protected_test,speed_bump,Kaggle_speed_bump_dataset,kaggle_speed_bump::train::bump::VIDEO0008_019.jpg,train,speed_bump,Kaggle_speed_bump_dataset,0,holdout_required_same_visual_hash
kaggle_speed_bump::train::bump::VIDEO0009_004.jpg,train,speed_bump,Kaggle_speed_bump_dataset,kaggle_speed_bump::train::bump::VIDEO0009_005.jpg,validation,speed_bump,Kaggle_speed_bump_dataset,0,holdout_required_same_visual_hash
kaggle_speed_bump::train::bump::VIDEO0009_005.jpg,validation,speed_bump,Kaggle_speed_bump_dataset,kaggle_speed_bump::train::bump::VIDEO0009_007.jpg,train,speed_bump,Kaggle_speed_bump_dataset,0,holdout_required_same_visual_hash
kaggle_speed_bump::train::bump::VIDEO0009_056.jpg,train,speed_bump,Kaggle_speed_bump_dataset,kaggle_speed_bump::train::bump::VIDEO0009_058.jpg,validation,speed_bump,Kaggle_speed_bump_dataset,0,holdout_required_same_visual_hash
kaggle_speed_bump::train::bump::VIDEO0009_056.jpg,train,speed_bump,Kaggle_speed_bump_dataset,kaggle_speed_bump::train::bump::VIDEO0009_062.jpg,protected_test,speed_bump,Kaggle_speed_bump_dataset,0,holdout_required_same_visual_hash
kaggle_speed_bump::train::bump::VIDEO0009_057.jpg,train,speed_bump,Kaggle_speed_bump_dataset,kaggle_speed_bump::train::bump::VIDEO0009_058.jpg,validation,speed_bump,Kaggle_speed_bump_dataset,0,holdout_required_same_visual_hash
kaggle_speed_bump::train::bump::VIDEO0009_057.jpg,train,speed_bump,Kaggle_speed_bump_dataset,kaggle_speed_bump::train::bump::VIDEO0009_062.jpg,protected_test,speed_bump,Kaggle_speed_bump_dataset,0,holdout_required_same_visual_hash
kaggle_speed_bump::train::bump::VIDEO0009_058.jpg,validation,speed_bump,Kaggle_speed_bump_dataset,kaggle_speed_bump::train::bump::VIDEO0009_059.jpg,train,speed_bump,Kaggle_speed_bump_dataset,0,holdout_required_same_visual_hash
kaggle_speed_bump::train::bump::VIDEO0009_058.jpg,validation,speed_bump,Kaggle_speed_bump_dataset,kaggle_speed_bump::train::bump::VIDEO0009_060.jpg,train,speed_bump,Kaggle_speed_bump_dataset,0,holdout_required_same_visual_hash
kaggle_speed_bump::train::bump::VIDEO0009_058.jpg,validation,speed_bump,Kaggle_speed_bump_dataset,kaggle_speed_bump::train::bump::VIDEO0009_062.jpg,protected_test,speed_bump,Kaggle_speed_bump_dataset,0,holdout_required_same_visual_hash
kaggle_speed_bump::train::bump::VIDEO0009_059.jpg,train,speed_bump,Kaggle_speed_bump_dataset,kaggle_speed_bump::train::bump::VIDEO0009_062.jpg,protected_test,speed_bump,Kaggle_speed_bump_dataset,0,holdout_required_same_visual_hash
kaggle_speed_bump::train::bump::VIDEO0009_060.jpg,train,speed_bump,Kaggle_speed_bump_dataset,kaggle_speed_bump::train::bump::VIDEO0009_062.jpg,protected_test,speed_bump,Kaggle_speed_bump_dataset,0,holdout_required_same_visual_hash
kaggle_speed_bump::train::bump::VIDEO0009_063.jpg,train,speed_bump,Kaggle_speed_bump_dataset,kaggle_speed_bump::train::bump::VIDEO0009_064.jpg,protected_test,speed_bump,Kaggle_speed_bump_dataset,0,holdout_required_same_visual_hash
kaggle_speed_bump::train::bump::VIDEO0009_063.jpg,train,speed_bump,Kaggle_speed_bump_dataset,kaggle_speed_bump::train::bump::VIDEO0009_072.jpg,protected_test,speed_bump,Kaggle_speed_bump_dataset,0,holdout_required_same_visual_hash
kaggle_speed_bump::train::bump::VIDEO0009_064.jpg,protected_test,speed_bump,Kaggle_speed_bump_dataset,kaggle_speed_bump::train::bump::VIDEO0009_065.jpg,train,speed_bump,Kaggle_speed_bump_dataset,0,holdout_required_same_visual_hash
kaggle_speed_bump::train::bump::VIDEO0009_064.jpg,protected_test,speed_bump,Kaggle_speed_bump_dataset,kaggle_speed_bump::train::bump::VIDEO0009_066.jpg,train,speed_bump,Kaggle_speed_bump_dataset,0,holdout_required_same_visual_hash
kaggle_speed_bump::train::bump::VIDEO0009_064.jpg,protected_test,speed_bump,Kaggle_speed_bump_dataset,kaggle_speed_bump::train::bump::VIDEO0009_067.jpg,train,speed_bump,Kaggle_speed_bump_dataset,0,holdout_required_same_visual_hash
kaggle_speed_bump::train::bump::VIDEO0009_064.jpg,protected_test,speed_bump,Kaggle_speed_bump_dataset,kaggle_speed_bump::train::bump::VIDEO0009_069.jpg,train,speed_bump,Kaggle_speed_bump_dataset,0,holdout_required_same_visual_hash
kaggle_speed_bump::train::bump::VIDEO0009_065.jpg,train,speed_bump,Kaggle_speed_bump_dataset,kaggle_speed_bump::train::bump::VIDEO0009_072.jpg,protected_test,speed_bump,Kaggle_speed_bump_dataset,0,holdout_required_same_visual_hash
kaggle_speed_bump::train::bump::VIDEO0009_066.jpg,train,speed_bump,Kaggle_speed_bump_dataset,kaggle_speed_bump::train::bump::VIDEO0009_072.jpg,protected_test,speed_bump,Kaggle_speed_bump_dataset,0,holdout_required_same_visual_hash
kaggle_speed_bump::train::bump::VIDEO0009_067.jpg,train,speed_bump,Kaggle_speed_bump_dataset,kaggle_speed_bump::train::bump::VIDEO0009_072.jpg,protected_test,speed_bump,Kaggle_speed_bump_dataset,0,holdout_required_same_visual_hash
kaggle_speed_bump::train::bump::VIDEO0009_069.jpg,train,speed_bump,Kaggle_speed_bump_dataset,kaggle_speed_bump::train::bump::VIDEO0009_072.jpg,protected_test,speed_bump,Kaggle_speed_bump_dataset,0,holdout_required_same_visual_hash
kaggle_speed_bump::train::bump::VIDEO0009_071.jpg,train,speed_bump,Kaggle_speed_bump_dataset,kaggle_speed_bump::train::bump::VIDEO0009_075.jpg,validation,speed_bump,Kaggle_speed_bump_dataset,0,holdout_required_same_visual_hash
kaggle_speed_bump::train::bump::VIDEO0009_071.jpg,train,speed_bump,Kaggle_speed_bump_dataset,kaggle_speed_bump::train::bump::VIDEO0009_077.jpg,protected_test,speed_bump,Kaggle_speed_bump_dataset,0,holdout_required_same_visual_hash
kaggle_speed_bump::train::bump::VIDEO0009_071.jpg,train,speed_bump,Kaggle_speed_bump_dataset,kaggle_speed_bump::train::bump::VIDEO0009_081.jpg,validation,speed_bump,Kaggle_speed_bump_dataset,0,holdout_required_same_visual_hash
kaggle_speed_bump::train::bump::VIDEO0009_071.jpg,train,speed_bump,Kaggle_speed_bump_dataset,kaggle_speed_bump::train::bump::VIDEO0009_082.jpg,validation,speed_bump,Kaggle_speed_bump_dataset,0,holdout_required_same_visual_hash
kaggle_speed_bump::train::bump::VIDEO0009_071.jpg,train,speed_bump,Kaggle_speed_bump_dataset,kaggle_speed_bump::train::bump::VIDEO0009_086.jpg,validation,speed_bump,Kaggle_speed_bump_dataset,0,holdout_required_same_visual_hash
kaggle_speed_bump::train::bump::VIDEO0009_073.jpg,train,speed_bump,Kaggle_speed_bump_dataset,kaggle_speed_bump::train::bump::VIDEO0009_075.jpg,validation,speed_bump,Kaggle_speed_bump_dataset,0,holdout_required_same_visual_hash
kaggle_speed_bump::train::bump::VIDEO0009_073.jpg,train,speed_bump,Kaggle_speed_bump_dataset,kaggle_speed_bump::train::bump::VIDEO0009_077.jpg,protected_test,speed_bump,Kaggle_speed_bump_dataset,0,holdout_required_same_visual_hash
kaggle_speed_bump::train::bump::VIDEO0009_073.jpg,train,speed_bump,Kaggle_speed_bump_dataset,kaggle_speed_bump::train::bump::VIDEO0009_081.jpg,validation,speed_bump,Kaggle_speed_bump_dataset,0,holdout_required_same_visual_hash
kaggle_speed_bump::train::bump::VIDEO0009_073.jpg,train,speed_bump,Kaggle_speed_bump_dataset,kaggle_speed_bump::train::bump::VIDEO0009_082.jpg,validation,speed_bump,Kaggle_speed_bump_dataset,0,holdout_required_same_visual_hash
kaggle_speed_bump::train::bump::VIDEO0009_073.jpg,train,speed_bump,Kaggle_speed_bump_dataset,kaggle_speed_bump::train::bump::VIDEO0009_086.jpg,validation,speed_bump,Kaggle_speed_bump_dataset,0,holdout_required_same_visual_hash
kaggle_speed_bump::train::bump::VIDEO0009_074.jpg,train,speed_bump,Kaggle_speed_bump_dataset,kaggle_speed_bump::train::bump::VIDEO0009_078.jpg,protected_test,speed_bump,Kaggle_speed_bump_dataset,0,holdout_required_same_visual_hash
kaggle_speed_bump::train::bump::VIDEO0009_075.jpg,validation,speed_bump,Kaggle_speed_bump_dataset,kaggle_speed_bump::train::bump::VIDEO0009_077.jpg,protected_test,speed_bump,Kaggle_speed_bump_dataset,0,holdout_required_same_visual_hash
kaggle_speed_bump::train::bump::VIDEO0009_075.jpg,validation,speed_bump,Kaggle_speed_bump_dataset,kaggle_speed_bump::train::bump::VIDEO0009_079.jpg,train,speed_bump,Kaggle_speed_bump_dataset,0,holdout_required_same_visual_hash
kaggle_speed_bump::train::bump::VIDEO0009_075.jpg,validation,speed_bump,Kaggle_speed_bump_dataset,kaggle_speed_bump::train::bump::VIDEO0009_080.jpg,train,speed_bump,Kaggle_speed_bump_dataset,0,holdout_required_same_visual_hash
kaggle_speed_bump::train::bump::VIDEO0009_075.jpg,validation,speed_bump,Kaggle_speed_bump_dataset,kaggle_speed_bump::train::bump::VIDEO0009_083.jpg,train,speed_bump,Kaggle_speed_bump_dataset,0,holdout_required_same_visual_hash
kaggle_speed_bump::train::bump::VIDEO0009_075.jpg,validation,speed_bump,Kaggle_speed_bump_dataset,kaggle_speed_bump::train::bump::VIDEO0009_084.jpg,train,speed_bump,Kaggle_speed_bump_dataset,0,holdout_required_same_visual_hash
kaggle_speed_bump::train::bump::VIDEO0009_075.jpg,validation,speed_bump,Kaggle_speed_bump_dataset,kaggle_speed_bump::train::bump::VIDEO0009_085.jpg,train,speed_bump,Kaggle_speed_bump_dataset,0,holdout_required_same_visual_hash
kaggle_speed_bump::train::bump::VIDEO0009_076.jpg,train,speed_bump,Kaggle_speed_bump_dataset,kaggle_speed_bump::train::bump::VIDEO0009_078.jpg,protected_test,speed_bump,Kaggle_speed_bump_dataset,0,holdout_required_same_visual_hash
kaggle_speed_bump::train::bump::VIDEO0009_077.jpg,protected_test,speed_bump,Kaggle_speed_bump_dataset,kaggle_speed_bump::train::bump::VIDEO0009_079.jpg,train,speed_bump,Kaggle_speed_bump_dataset,0,holdout_required_same_visual_hash
kaggle_speed_bump::train::bump::VIDEO0009_077.jpg,protected_test,speed_bump,Kaggle_speed_bump_dataset,kaggle_speed_bump::train::bump::VIDEO0009_080.jpg,train,speed_bump,Kaggle_speed_bump_dataset,0,holdout_required_same_visual_hash
kaggle_speed_bump::train::bump::VIDEO0009_077.jpg,protected_test,speed_bump,Kaggle_speed_bump_dataset,kaggle_speed_bump::train::bump::VIDEO0009_081.jpg,validation,speed_bump,Kaggle_speed_bump_dataset,0,holdout_required_same_visual_hash
kaggle_speed_bump::train::bump::VIDEO0009_077.jpg,protected_test,speed_bump,Kaggle_speed_bump_dataset,kaggle_speed_bump::train::bump::VIDEO0009_082.jpg,validation,speed_bump,Kaggle_speed_bump_dataset,0,holdout_required_same_visual_hash
kaggle_speed_bump::train::bump::VIDEO0009_077.jpg,protected_test,speed_bump,Kaggle_speed_bump_dataset,kaggle_speed_bump::train::bump::VIDEO0009_083.jpg,train,speed_bump,Kaggle_speed_bump_dataset,0,holdout_required_same_visual_hash
kaggle_speed_bump::train::bump::VIDEO0009_077.jpg,protected_test,speed_bump,Kaggle_speed_bump_dataset,kaggle_speed_bump::train::bump::VIDEO0009_084.jpg,train,speed_bump,Kaggle_speed_bump_dataset,0,holdout_required_same_visual_hash
kaggle_speed_bump::train::bump::VIDEO0009_077.jpg,protected_test,speed_bump,Kaggle_speed_bump_dataset,kaggle_speed_bump::train::bump::VIDEO0009_085.jpg,train,speed_bump,Kaggle_speed_bump_dataset,0,holdout_required_same_visual_hash
kaggle_speed_bump::train::bump::VIDEO0009_077.jpg,protected_test,speed_bump,Kaggle_speed_bump_dataset,kaggle_speed_bump::train::bump::VIDEO0009_086.jpg,validation,speed_bump,Kaggle_speed_bump_dataset,0,holdout_required_same_visual_hash
kaggle_speed_bump::train::bump::VIDEO0009_079.jpg,train,speed_bump,Kaggle_speed_bump_dataset,kaggle_speed_bump::train::bump::VIDEO0009_081.jpg,validation,speed_bump,Kaggle_speed_bump_dataset,0,holdout_required_same_visual_hash
kaggle_speed_bump::train::bump::VIDEO0009_079.jpg,train,speed_bump,Kaggle_speed_bump_dataset,kaggle_speed_bump::train::bump::VIDEO0009_082.jpg,validation,speed_bump,Kaggle_speed_bump_dataset,0,holdout_required_same_visual_hash
kaggle_speed_bump::train::bump::VIDEO0009_079.jpg,train,speed_bump,Kaggle_speed_bump_dataset,kaggle_speed_bump::train::bump::VIDEO0009_086.jpg,validation,speed_bump,Kaggle_speed_bump_dataset,0,holdout_required_same_visual_hash
kaggle_speed_bump::train::bump::VIDEO0009_080.jpg,train,speed_bump,Kaggle_speed_bump_dataset,kaggle_speed_bump::train::bump::VIDEO0009_081.jpg,validation,speed_bump,Kaggle_speed_bump_dataset,0,holdout_required_same_visual_hash
kaggle_speed_bump::train::bump::VIDEO0009_080.jpg,train,speed_bump,Kaggle_speed_bump_dataset,kaggle_speed_bump::train::bump::VIDEO0009_082.jpg,validation,speed_bump,Kaggle_speed_bump_dataset,0,holdout_required_same_visual_hash
kaggle_speed_bump::train::bump::VIDEO0009_080.jpg,train,speed_bump,Kaggle_speed_bump_dataset,kaggle_speed_bump::train::bump::VIDEO0009_086.jpg,validation,speed_bump,Kaggle_speed_bump_dataset,0,holdout_required_same_visual_hash
kaggle_speed_bump::train::bump::VIDEO0009_081.jpg,validation,speed_bump,Kaggle_speed_bump_dataset,kaggle_speed_bump::train::bump::VIDEO0009_083.jpg,train,speed_bump,Kaggle_speed_bump_dataset,0,holdout_required_same_visual_hash
kaggle_speed_bump::train::bump::VIDEO0009_081.jpg,validation,speed_bump,Kaggle_speed_bump_dataset,kaggle_speed_bump::train::bump::VIDEO0009_084.jpg,train,speed_bump,Kaggle_speed_bump_dataset,0,holdout_required_same_visual_hash
kaggle_speed_bump::train::bump::VIDEO0009_081.jpg,validation,speed_bump,Kaggle_speed_bump_dataset,kaggle_speed_bump::train::bump::VIDEO0009_085.jpg,train,speed_bump,Kaggle_speed_bump_dataset,0,holdout_required_same_visual_hash
kaggle_speed_bump::train::bump::VIDEO0009_082.jpg,validation,speed_bump,Kaggle_speed_bump_dataset,kaggle_speed_bump::train::bump::VIDEO0009_083.jpg,train,speed_bump,Kaggle_speed_bump_dataset,0,holdout_required_same_visual_hash
kaggle_speed_bump::train::bump::VIDEO0009_082.jpg,validation,speed_bump,Kaggle_speed_bump_dataset,kaggle_speed_bump::train::bump::VIDEO0009_084.jpg,train,speed_bump,Kaggle_speed_bump_dataset,0,holdout_required_same_visual_hash
kaggle_speed_bump::train::bump::VIDEO0009_082.jpg,validation,speed_bump,Kaggle_speed_bump_dataset,kaggle_speed_bump::train::bump::VIDEO0009_085.jpg,train,speed_bump,Kaggle_speed_bump_dataset,0,holdout_required_same_visual_hash
kaggle_speed_bump::train::bump::VIDEO0009_083.jpg,train,speed_bump,Kaggle_speed_bump_dataset,kaggle_speed_bump::train::bump::VIDEO0009_086.jpg,validation,speed_bump,Kaggle_speed_bump_dataset,0,holdout_required_same_visual_hash
kaggle_speed_bump::train::bump::VIDEO0009_084.jpg,train,speed_bump,Kaggle_speed_bump_dataset,kaggle_speed_bump::train::bump::VIDEO0009_086.jpg,validation,speed_bump,Kaggle_speed_bump_dataset,0,holdout_required_same_visual_hash
kaggle_speed_bump::train::bump::VIDEO0009_085.jpg,train,speed_bump,Kaggle_speed_bump_dataset,kaggle_speed_bump::train::bump::VIDEO0009_086.jpg,validation,speed_bump,Kaggle_speed_bump_dataset,0,holdout_required_same_visual_hash
kaggle_speed_bump::train::bump::VIDEO0010_001.jpg,validation,speed_bump,Kaggle_speed_bump_dataset,kaggle_speed_bump::train::bump::VIDEO0010_002.jpg,train,speed_bump,Kaggle_speed_bump_dataset,0,holdout_required_same_visual_hash
kaggle_speed_bump::train::bump::VIDEO0011_012.jpg,train,speed_bump,Kaggle_speed_bump_dataset,kaggle_speed_bump::train::bump::VIDEO0011_013.jpg,validation,speed_bump,Kaggle_speed_bump_dataset,0,holdout_required_same_visual_hash
kaggle_speed_bump::train::bump::VIDEO0011_059.jpg,train,speed_bump,Kaggle_speed_bump_dataset,kaggle_speed_bump::train::bump::VIDEO0011_060.jpg,validation,speed_bump,Kaggle_speed_bump_dataset,0,holdout_required_same_visual_hash
kaggle_speed_bump::train::bump::VIDEO0012_012.jpg,train,speed_bump,Kaggle_speed_bump_dataset,kaggle_speed_bump::train::bump::VIDEO0012_013.jpg,validation,speed_bump,Kaggle_speed_bump_dataset,0,holdout_required_same_visual_hash
kaggle_speed_bump::train::bump::VIDEO0012_012.jpg,train,speed_bump,Kaggle_speed_bump_dataset,kaggle_speed_bump::train::bump::VIDEO0012_014.jpg,protected_test,speed_bump,Kaggle_speed_bump_dataset,0,holdout_required_same_visual_hash
kaggle_speed_bump::train::bump::VIDEO0012_013.jpg,validation,speed_bump,Kaggle_speed_bump_dataset,kaggle_speed_bump::train::bump::VIDEO0012_014.jpg,protected_test,speed_bump,Kaggle_speed_bump_dataset,0,holdout_required_same_visual_hash
kaggle_speed_bump::train::bump::VIDEO0012_056.jpg,validation,speed_bump,Kaggle_speed_bump_dataset,kaggle_speed_bump::train::bump::VIDEO0012_057.jpg,protected_test,speed_bump,Kaggle_speed_bump_dataset,0,holdout_required_same_visual_hash
kaggle_speed_bump::train::bump::VIDEO0012_056.jpg,validation,speed_bump,Kaggle_speed_bump_dataset,kaggle_speed_bump::train::bump::VIDEO0012_058.jpg,protected_test,speed_bump,Kaggle_speed_bump_dataset,0,holdout_required_same_visual_hash
kaggle_speed_bump::train::bump::VIDEO0012_063.jpg,protected_test,speed_bump,Kaggle_speed_bump_dataset,kaggle_speed_bump::train::bump::VIDEO0012_064.jpg,validation,speed_bump,Kaggle_speed_bump_dataset,0,holdout_required_same_visual_hash
kaggle_speed_bump::train::bump::VIDEO0012_063.jpg,protected_test,speed_bump,Kaggle_speed_bump_dataset,kaggle_speed_bump::train::bump::VIDEO0012_065.jpg,train,speed_bump,Kaggle_speed_bump_dataset,0,holdout_required_same_visual_hash
kaggle_speed_bump::train::bump::VIDEO0012_064.jpg,validation,speed_bump,Kaggle_speed_bump_dataset,kaggle_speed_bump::train::bump::VIDEO0012_065.jpg,train,speed_bump,Kaggle_speed_bump_dataset,0,holdout_required_same_visual_hash
kaggle_speed_bump::train::bump::VID_20190924_164355_022.jpg,protected_test,speed_bump,Kaggle_speed_bump_dataset,kaggle_speed_bump::train::bump::VID_20190924_164355_023.jpg,validation,speed_bump,Kaggle_speed_bump_dataset,0,holdout_required_same_visual_hash
svrdd::train::09002200121901201615033222L_1295467600_483137100,train,repaired_road,SVRDD_YOLO,svrdd::train::09002200121901201615052102L_1295466000_483136100,protected_test,repaired_road,SVRDD_YOLO,0,holdout_required_same_visual_hash
v1::train::pothole::07c0bb744a71_pothole793.jpg,train,pothole,V1_Kaggle_pothole_detection,v1::train::pothole::f7633013faec_pothole442.jpg,protected_test,pothole,V1_Kaggle_pothole_detection,0,holdout_required_same_visual_hash
v1::train::pothole::cdff4597f327_pothole447.jpg,validation,pothole,V1_Kaggle_pothole_detection,v1::train::pothole::e86c2e126f71_pothole48.jpg,train,pothole,V1_Kaggle_pothole_detection,0,holdout_required_same_visual_hash
zenodo_normal_pothole::normal::NR21,protected_test,normal_asphalt,Zenodo Normal-Pothole Dataset,zenodo_normal_pothole::normal::NR535,train,normal_asphalt,Zenodo Normal-Pothole Dataset,0,holdout_required_same_visual_hash
github_pothole::github_pothole::img-1007,validation,pothole,jaygala24_pothole_detection,github_pothole::github_pothole::img-530,train,pothole,jaygala24_pothole_detection,1,holdout_required_likely_near_duplicate
github_pothole::github_pothole::img-1007,validation,pothole,jaygala24_pothole_detection,v1::train::pothole::95b11b87ebb3_pothole133.jpg,train,pothole,V1_Kaggle_pothole_detection,1,holdout_required_likely_near_duplicate
github_pothole::github_pothole::img-1008,validation,pothole,jaygala24_pothole_detection,github_pothole::github_pothole::img-532,train,pothole,jaygala24_pothole_detection,1,holdout_required_likely_near_duplicate
github_pothole::github_pothole::img-1010,train,pothole,jaygala24_pothole_detection,github_pothole::github_pothole::img-315,validation,pothole,jaygala24_pothole_detection,1,holdout_required_likely_near_duplicate
github_pothole::github_pothole::img-1010,train,pothole,jaygala24_pothole_detection,v1::train::pothole::fff5320a7c86_pothole302.jpg,protected_test,pothole,V1_Kaggle_pothole_detection,1,holdout_required_likely_near_duplicate
github_pothole::github_pothole::img-1017,train,pothole,jaygala24_pothole_detection,github_pothole::github_pothole::img-498,protected_test,pothole,jaygala24_pothole_detection,1,holdout_required_likely_near_duplicate
github_pothole::github_pothole::img-1018,validation,pothole,jaygala24_pothole_detection,v1::train::pothole::6774b22572ba_pothole151.jpg,train,pothole,V1_Kaggle_pothole_detection,1,holdout_required_likely_near_duplicate
github_pothole::github_pothole::img-1030,train,pothole,jaygala24_pothole_detection,v1::train::pothole::283e4691e831_pothole639.jpg,protected_test,pothole,V1_Kaggle_pothole_detection,1,holdout_required_likely_near_duplicate
github_pothole::github_pothole::img-1037,train,pothole,jaygala24_pothole_detection,github_pothole::github_pothole::img-473,protected_test,pothole,jaygala24_pothole_detection,1,holdout_required_likely_near_duplicate
github_pothole::github_pothole::img-1041,train,pothole,jaygala24_pothole_detection,github_pothole::github_pothole::img-345,validation,pothole,jaygala24_pothole_detection,1,holdout_required_likely_near_duplicate
github_pothole::github_pothole::img-1042,train,pothole,jaygala24_pothole_detection,github_pothole::github_pothole::img-946,validation,pothole,jaygala24_pothole_detection,1,holdout_required_likely_near_duplicate
github_pothole::github_pothole::img-1042,train,pothole,jaygala24_pothole_detection,github_pothole::github_pothole::img-964,protected_test,pothole,jaygala24_pothole_detection,1,holdout_required_likely_near_duplicate
github_pothole::github_pothole::img-1044,validation,pothole,jaygala24_pothole_detection,github_pothole::github_pothole::img-405,protected_test,pothole,jaygala24_pothole_detection,1,holdout_required_likely_near_duplicate
github_pothole::github_pothole::img-1044,validation,pothole,jaygala24_pothole_detection,v1::train::pothole::51ea507acfc8_pothole453.jpg,protected_test,pothole,V1_Kaggle_pothole_detection,1,holdout_required_likely_near_duplicate
github_pothole::github_pothole::img-1045,train,pothole,jaygala24_pothole_detection,github_pothole::github_pothole::img-299,protected_test,pothole,jaygala24_pothole_detection,1,holdout_required_likely_near_duplicate
github_pothole::github_pothole::img-1046,protected_test,pothole,jaygala24_pothole_detection,github_pothole::github_pothole::img-391,train,pothole,jaygala24_pothole_detection,1,holdout_required_likely_near_duplicate
github_pothole::github_pothole::img-1047,protected_test,pothole,jaygala24_pothole_detection,v1::train::pothole::91748e90249a_pothole251.jpg,train,pothole,V1_Kaggle_pothole_detection,1,holdout_required_likely_near_duplicate
github_pothole::github_pothole::img-1048,validation,pothole,jaygala24_pothole_detection,github_pothole::github_pothole::img-492,train,pothole,jaygala24_pothole_detection,1,holdout_required_likely_near_duplicate
github_pothole::github_pothole::img-1048,validation,pothole,jaygala24_pothole_detection,github_pothole::github_pothole::img-736,train,pothole,jaygala24_pothole_detection,1,holdout_required_likely_near_duplicate
github_pothole::github_pothole::img-1048,validation,pothole,jaygala24_pothole_detection,v1::train::pothole::07c0bb744a71_pothole793.jpg,train,pothole,V1_Kaggle_pothole_detection,1,holdout_required_likely_near_duplicate
github_pothole::github_pothole::img-1048,validation,pothole,jaygala24_pothole_detection,v1::train::pothole::f7633013faec_pothole442.jpg,protected_test,pothole,V1_Kaggle_pothole_detection,1,holdout_required_likely_near_duplicate
github_pothole::github_pothole::img-1053,train,pothole,jaygala24_pothole_detection,v1::train::pothole::e35d642113ca_pothole655.jpg,protected_test,pothole,V1_Kaggle_pothole_detection,1,holdout_required_likely_near_duplicate
github_pothole::github_pothole::img-1064,validation,pothole,jaygala24_pothole_detection,v1::train::pothole::9d9617db6148_pothole725.jpg,train,pothole,V1_Kaggle_pothole_detection,1,holdout_required_likely_near_duplicate
github_pothole::github_pothole::img-1071,validation,pothole,jaygala24_pothole_detection,github_pothole::github_pothole::img-511,train,pothole,jaygala24_pothole_detection,1,holdout_required_likely_near_duplicate
github_pothole::github_pothole::img-1072,train,pothole,jaygala24_pothole_detection,github_pothole::github_pothole::img-482,validation,pothole,jaygala24_pothole_detection,1,holdout_required_likely_near_duplicate
github_pothole::github_pothole::img-1076,protected_test,pothole,jaygala24_pothole_detection,github_pothole::github_pothole::img-364,train,pothole,jaygala24_pothole_detection,1,holdout_required_likely_near_duplicate
github_pothole::github_pothole::img-1080,validation,pothole,jaygala24_pothole_detection,github_pothole::github_pothole::img-351,train,pothole,jaygala24_pothole_detection,1,holdout_required_likely_near_duplicate
github_pothole::github_pothole::img-1081,protected_test,pothole,jaygala24_pothole_detection,v1::train::pothole::cde53457190e_pothole493.jpg,train,pothole,V1_Kaggle_pothole_detection,1,holdout_required_likely_near_duplicate
github_pothole::github_pothole::img-1087,train,pothole,jaygala24_pothole_detection,github_pothole::github_pothole::img-309,protected_test,pothole,jaygala24_pothole_detection,1,holdout_required_likely_near_duplicate
github_pothole::github_pothole::img-1089,train,pothole,jaygala24_pothole_detection,v1::train::pothole::1e6b614ca583_pothole97.jpg,validation,pothole,V1_Kaggle_pothole_detection,1,holdout_required_likely_near_duplicate
github_pothole::github_pothole::img-1095,validation,pothole,jaygala24_pothole_detection,github_pothole::github_pothole::img-534,train,pothole,jaygala24_pothole_detection,1,holdout_required_likely_near_duplicate
github_pothole::github_pothole::img-1095,validation,pothole,jaygala24_pothole_detection,v1::train::pothole::b07798ad8a00_pothole473.jpg,train,pothole,V1_Kaggle_pothole_detection,1,holdout_required_likely_near_duplicate
github_pothole::github_pothole::img-1100,validation,pothole,jaygala24_pothole_detection,github_pothole::github_pothole::img-490,train,pothole,jaygala24_pothole_detection,1,holdout_required_likely_near_duplicate
github_pothole::github_pothole::img-1104,validation,pothole,jaygala24_pothole_detection,v1::train::pothole::d20232bee405_pothole780.jpg,train,pothole,V1_Kaggle_pothole_detection,1,holdout_required_likely_near_duplicate
github_pothole::github_pothole::img-1106,validation,pothole,jaygala24_pothole_detection,github_pothole::github_pothole::img-610,protected_test,pothole,jaygala24_pothole_detection,1,holdout_required_likely_near_duplicate
github_pothole::github_pothole::img-1117,protected_test,pothole,jaygala24_pothole_detection,github_pothole::github_pothole::img-517,train,pothole,jaygala24_pothole_detection,1,holdout_required_likely_near_duplicate
github_pothole::github_pothole::img-1124,protected_test,pothole,jaygala24_pothole_detection,github_pothole::github_pothole::img-627,train,pothole,jaygala24_pothole_detection,1,holdout_required_likely_near_duplicate
github_pothole::github_pothole::img-1126,train,pothole,jaygala24_pothole_detection,v1::train::pothole::383f477bd2ee_pothole275.jpg,protected_test,pothole,V1_Kaggle_pothole_detection,1,holdout_required_likely_near_duplicate
github_pothole::github_pothole::img-1131,protected_test,pothole,jaygala24_pothole_detection,github_pothole::github_pothole::img-503,validation,pothole,jaygala24_pothole_detection,1,holdout_required_likely_near_duplicate
github_pothole::github_pothole::img-1137,validation,pothole,jaygala24_pothole_detection,v1::train::pothole::d4cb170d6198_pothole437.jpg,train,pothole,V1_Kaggle_pothole_detection,1,holdout_required_likely_near_duplicate
github_pothole::github_pothole::img-1141,train,pothole,jaygala24_pothole_detection,github_pothole::github_pothole::img-424,validation,pothole,jaygala24_pothole_detection,1,holdout_required_likely_near_duplicate
github_pothole::github_pothole::img-1142,train,pothole,jaygala24_pothole_detection,github_pothole::github_pothole::img-396,protected_test,pothole,jaygala24_pothole_detection,1,holdout_required_likely_near_duplicate
github_pothole::github_pothole::img-1150,train,pothole,jaygala24_pothole_detection,github_pothole::github_pothole::img-491,validation,pothole,jaygala24_pothole_detection,1,holdout_required_likely_near_duplicate
github_pothole::github_pothole::img-1154,train,pothole,jaygala24_pothole_detection,v1::train::pothole::f33606651e17_pothole195.jpg,validation,pothole,V1_Kaggle_pothole_detection,1,holdout_required_likely_near_duplicate
github_pothole::github_pothole::img-1158,validation,pothole,jaygala24_pothole_detection,github_pothole::github_pothole::img-620,train,pothole,jaygala24_pothole_detection,1,holdout_required_likely_near_duplicate
github_pothole::github_pothole::img-1159,validation,pothole,jaygala24_pothole_detection,v1::train::pothole::10f46d72ce7b_pothole672.jpg,train,pothole,V1_Kaggle_pothole_detection,1,holdout_required_likely_near_duplicate
github_pothole::github_pothole::img-1166,protected_test,pothole,jaygala24_pothole_detection,github_pothole::github_pothole::img-505,validation,pothole,jaygala24_pothole_detection,1,holdout_required_likely_near_duplicate
github_pothole::github_pothole::img-1167,validation,pothole,jaygala24_pothole_detection,github_pothole::github_pothole::img-388,train,pothole,jaygala24_pothole_detection,1,holdout_required_likely_near_duplicate
github_pothole::github_pothole::img-1169,protected_test,pothole,jaygala24_pothole_detection,v1::train::pothole::ea6a00a7924e_pothole537.jpg,train,pothole,V1_Kaggle_pothole_detection,1,holdout_required_likely_near_duplicate
github_pothole::github_pothole::img-1174,train,pothole,jaygala24_pothole_detection,v1::train::pothole::f94e2737be56_pothole603.jpg,validation,pothole,V1_Kaggle_pothole_detection,1,holdout_required_likely_near_duplicate
github_pothole::github_pothole::img-1177,train,pothole,jaygala24_pothole_detection,github_pothole::github_pothole::img-290,protected_test,pothole,jaygala24_pothole_detection,1,holdout_required_likely_near_duplicate
github_pothole::github_pothole::img-1187,protected_test,pothole,jaygala24_pothole_detection,github_pothole::github_pothole::img-489,train,pothole,jaygala24_pothole_detection,1,holdout_required_likely_near_duplicate
github_pothole::github_pothole::img-1190,train,pothole,jaygala24_pothole_detection,github_pothole::github_pothole::img-447,protected_test,pothole,jaygala24_pothole_detection,1,holdout_required_likely_near_duplicate
github_pothole::github_pothole::img-1194,protected_test,pothole,jaygala24_pothole_detection,v1::train::pothole::0236f588a153_pothole253.jpg,validation,pothole,V1_Kaggle_pothole_detection,1,holdout_required_likely_near_duplicate
github_pothole::github_pothole::img-290,protected_test,pothole,jaygala24_pothole_detection,v1::train::pothole::6251406e3c31_pothole810.jpg,train,pothole,V1_Kaggle_pothole_detection,1,holdout_required_likely_near_duplicate
github_pothole::github_pothole::img-293,validation,pothole,jaygala24_pothole_detection,v1::train::pothole::2c9e8d005fcb_pothole219.jpg,protected_test,pothole,V1_Kaggle_pothole_detection,1,holdout_required_likely_near_duplicate
github_pothole::github_pothole::img-299,protected_test,pothole,jaygala24_pothole_detection,v1::train::pothole::9a42a9bc1c96_pothole783.jpg,train,pothole,V1_Kaggle_pothole_detection,1,holdout_required_likely_near_duplicate
github_pothole::github_pothole::img-303,train,pothole,jaygala24_pothole_detection,v1::train::pothole::20d9e5fb33e2_pothole403.jpg,protected_test,pothole,V1_Kaggle_pothole_detection,1,holdout_required_likely_near_duplicate
github_pothole::github_pothole::img-305,train,pothole,jaygala24_pothole_detection,v1::train::pothole::f33606651e17_pothole195.jpg,validation,pothole,V1_Kaggle_pothole_detection,1,holdout_required_likely_near_duplicate
github_pothole::github_pothole::img-308,train,pothole,jaygala24_pothole_detection,v1::train::pothole::9e5d3cddd6c3_pothole887.jpg,protected_test,pothole,V1_Kaggle_pothole_detection,1,holdout_required_likely_near_duplicate
github_pothole::github_pothole::img-310,train,pothole,jaygala24_pothole_detection,github_pothole::github_pothole::img-946,validation,pothole,jaygala24_pothole_detection,1,holdout_required_likely_near_duplicate
github_pothole::github_pothole::img-310,train,pothole,jaygala24_pothole_detection,github_pothole::github_pothole::img-964,protected_test,pothole,jaygala24_pothole_detection,1,holdout_required_likely_near_duplicate
github_pothole::github_pothole::img-316,protected_test,pothole,jaygala24_pothole_detection,github_pothole::github_pothole::img-756,train,pothole,jaygala24_pothole_detection,1,holdout_required_likely_near_duplicate
github_pothole::github_pothole::img-319,train,pothole,jaygala24_pothole_detection,github_pothole::github_pothole::img-669,protected_test,pothole,jaygala24_pothole_detection,1,holdout_required_likely_near_duplicate
github_pothole::github_pothole::img-328,protected_test,pothole,jaygala24_pothole_detection,github_pothole::github_pothole::img-857,train,pothole,jaygala24_pothole_detection,1,holdout_required_likely_near_duplicate
github_pothole::github_pothole::img-330,train,pothole,jaygala24_pothole_detection,v1::train::pothole::40e5aeaa77dd_pothole430.jpg,validation,pothole,V1_Kaggle_pothole_detection,1,holdout_required_likely_near_duplicate
github_pothole::github_pothole::img-338,protected_test,pothole,jaygala24_pothole_detection,github_pothole::github_pothole::img-840,validation,pothole,jaygala24_pothole_detection,1,holdout_required_likely_near_duplicate
github_pothole::github_pothole::img-340,train,pothole,jaygala24_pothole_detection,v1::train::pothole::b4e628001f96_pothole73.jpg,protected_test,pothole,V1_Kaggle_pothole_detection,1,holdout_required_likely_near_duplicate
github_pothole::github_pothole::img-348,protected_test,pothole,jaygala24_pothole_detection,v1::train::pothole::7d6ec37e1eb9_pothole399.jpg,train,pothole,V1_Kaggle_pothole_detection,1,holdout_required_likely_near_duplicate
github_pothole::github_pothole::img-357,train,pothole,jaygala24_pothole_detection,v1::train::pothole::ef149525a212_pothole207.jpg,protected_test,pothole,V1_Kaggle_pothole_detection,1,holdout_required_likely_near_duplicate
github_pothole::github_pothole::img-375,protected_test,pothole,jaygala24_pothole_detection,v1::train::pothole::657fe6de4c9e_pothole6.jpg,train,pothole,V1_Kaggle_pothole_detection,1,holdout_required_likely_near_duplicate
github_pothole::github_pothole::img-379,validation,pothole,jaygala24_pothole_detection,github_pothole::github_pothole::img-824,train,pothole,jaygala24_pothole_detection,1,holdout_required_likely_near_duplicate
github_pothole::github_pothole::img-379,validation,pothole,jaygala24_pothole_detection,v1::train::pothole::2321bb0b4442_pothole782.jpg,train,pothole,V1_Kaggle_pothole_detection,1,holdout_required_likely_near_duplicate
github_pothole::github_pothole::img-380,train,pothole,jaygala24_pothole_detection,v1::train::pothole::9720a5f3f7bc_pothole569.jpg,protected_test,pothole,V1_Kaggle_pothole_detection,1,holdout_required_likely_near_duplicate
github_pothole::github_pothole::img-384,train,pothole,jaygala24_pothole_detection,v1::train::pothole::283e4691e831_pothole639.jpg,protected_test,pothole,V1_Kaggle_pothole_detection,1,holdout_required_likely_near_duplicate
github_pothole::github_pothole::img-386,train,pothole,jaygala24_pothole_detection,github_pothole::github_pothole::img-940,validation,pothole,jaygala24_pothole_detection,1,holdout_required_likely_near_duplicate
github_pothole::github_pothole::img-389,protected_test,pothole,jaygala24_pothole_detection,v1::train::pothole::a5f0136292b7_pothole427.jpg,train,pothole,V1_Kaggle_pothole_detection,1,holdout_required_likely_near_duplicate
github_pothole::github_pothole::img-394,train,pothole,jaygala24_pothole_detection,v1::train::pothole::0dfeebbe02f6_pothole857.jpg,validation,pothole,V1_Kaggle_pothole_detection,1,holdout_required_likely_near_duplicate
github_pothole::github_pothole::img-397,validation,pothole,jaygala24_pothole_detection,github_pothole::github_pothole::img-835,train,pothole,jaygala24_pothole_detection,1,holdout_required_likely_near_duplicate
github_pothole::github_pothole::img-397,validation,pothole,jaygala24_pothole_detection,v1::train::pothole::3f89729a8a61_pothole461.jpg,train,pothole,V1_Kaggle_pothole_detection,1,holdout_required_likely_near_duplicate
github_pothole::github_pothole::img-399,train,pothole,jaygala24_pothole_detection,github_pothole::github_pothole::img-703,validation,pothole,jaygala24_pothole_detection,1,holdout_required_likely_near_duplicate
github_pothole::github_pothole::img-401,validation,pothole,jaygala24_pothole_detection,v1::train::pothole::dfdf9739cc61_pothole663.jpg,train,pothole,V1_Kaggle_pothole_detection,1,holdout_required_likely_near_duplicate
github_pothole::github_pothole::img-404,protected_test,pothole,jaygala24_pothole_detection,github_pothole::github_pothole::img-968,validation,pothole,jaygala24_pothole_detection,1,holdout_required_likely_near_duplicate
github_pothole::github_pothole::img-409,protected_test,pothole,jaygala24_pothole_detection,github_pothole::github_pothole::img-832,validation,pothole,jaygala24_pothole_detection,1,holdout_required_likely_near_duplicate
github_pothole::github_pothole::img-415,protected_test,pothole,jaygala24_pothole_detection,github_pothole::github_pothole::img-755,train,pothole,jaygala24_pothole_detection,1,holdout_required_likely_near_duplicate
github_pothole::github_pothole::img-417,validation,pothole,jaygala24_pothole_detection,v1::train::pothole::c572eb08122a_pothole652.jpg,train,pothole,V1_Kaggle_pothole_detection,1,holdout_required_likely_near_duplicate
github_pothole::github_pothole::img-418,protected_test,pothole,jaygala24_pothole_detection,github_pothole::github_pothole::img-701,train,pothole,jaygala24_pothole_detection,1,holdout_required_likely_near_duplicate
github_pothole::github_pothole::img-418,protected_test,pothole,jaygala24_pothole_detection,v1::train::pothole::a20d72e29e8b_pothole10.jpg,train,pothole,V1_Kaggle_pothole_detection,1,holdout_required_likely_near_duplicate
github_pothole::github_pothole::img-424,validation,pothole,jaygala24_pothole_detection,v1::train::pothole::552f90722f36_pothole929.jpg,train,pothole,V1_Kaggle_pothole_detection,1,holdout_required_likely_near_duplicate
github_pothole::github_pothole::img-425,protected_test,pothole,jaygala24_pothole_detection,v1::train::pothole::d20232bee405_pothole780.jpg,train,pothole,V1_Kaggle_pothole_detection,1,holdout_required_likely_near_duplicate
github_pothole::github_pothole::img-426,protected_test,pothole,jaygala24_pothole_detection,v1::train::pothole::93e3f2789388_pothole616.jpg,validation,pothole,V1_Kaggle_pothole_detection,1,holdout_required_likely_near_duplicate
github_pothole::github_pothole::img-431,train,pothole,jaygala24_pothole_detection,github_pothole::github_pothole::img-806,protected_test,pothole,jaygala24_pothole_detection,1,holdout_required_likely_near_duplicate
github_pothole::github_pothole::img-448,train,pothole,jaygala24_pothole_detection,v1::train::pothole::01b8c73c65c3_pothole766.jpg,protected_test,pothole,V1_Kaggle_pothole_detection,1,holdout_required_likely_near_duplicate
github_pothole::github_pothole::img-454,train,pothole,jaygala24_pothole_detection,github_pothole::github_pothole::img-776,validation,pothole,jaygala24_pothole_detection,1,holdout_required_likely_near_duplicate
github_pothole::github_pothole::img-455,protected_test,pothole,jaygala24_pothole_detection,v1::train::pothole::2201de7aeeeb_pothole726.jpg,train,pothole,V1_Kaggle_pothole_detection,1,holdout_required_likely_near_duplicate
github_pothole::github_pothole::img-459,protected_test,pothole,jaygala24_pothole_detection,v1::train::pothole::07bb31e5f61f_pothole495.jpg,validation,pothole,V1_Kaggle_pothole_detection,1,holdout_required_likely_near_duplicate
github_pothole::github_pothole::img-469,protected_test,pothole,jaygala24_pothole_detection,v1::train::pothole::1a957541709a_pothole644.jpg,train,pothole,V1_Kaggle_pothole_detection,1,holdout_required_likely_near_duplicate
github_pothole::github_pothole::img-473,protected_test,pothole,jaygala24_pothole_detection,github_pothole::github_pothole::img-929,train,pothole,jaygala24_pothole_detection,1,holdout_required_likely_near_duplicate
github_pothole::github_pothole::img-473,protected_test,pothole,jaygala24_pothole_detection,v1::train::pothole::d6f2b12effcc_pothole923.jpg,train,pothole,V1_Kaggle_pothole_detection,1,holdout_required_likely_near_duplicate
github_pothole::github_pothole::img-485,train,pothole,jaygala24_pothole_detection,v1::train::pothole::e57649880d18_pothole517.jpg,validation,pothole,V1_Kaggle_pothole_detection,1,holdout_required_likely_near_duplicate
github_pothole::github_pothole::img-487,train,pothole,jaygala24_pothole_detection,v1::train::pothole::49d574378974_pothole237.jpg,validation,pothole,V1_Kaggle_pothole_detection,1,holdout_required_likely_near_duplicate
github_pothole::github_pothole::img-497,protected_test,pothole,jaygala24_pothole_detection,v1::train::pothole::eb75d1b9a7bb_pothole820.jpg,train,pothole,V1_Kaggle_pothole_detection,1,holdout_required_likely_near_duplicate
github_pothole::github_pothole::img-498,protected_test,pothole,jaygala24_pothole_detection,v1::train::pothole::1009ab5360ca_pothole353.jpg,validation,pothole,V1_Kaggle_pothole_detection,1,holdout_required_likely_near_duplicate
github_pothole::github_pothole::img-503,validation,pothole,jaygala24_pothole_detection,v1::train::pothole::f2deab59335b_pothole911.jpg,train,pothole,V1_Kaggle_pothole_detection,1,holdout_required_likely_near_duplicate
github_pothole::github_pothole::img-511,train,pothole,jaygala24_pothole_detection,github_pothole::github_pothole::img-816,validation,pothole,jaygala24_pothole_detection,1,holdout_required_likely_near_duplicate
github_pothole::github_pothole::img-511,train,pothole,jaygala24_pothole_detection,v1::train::pothole::cdff4597f327_pothole447.jpg,validation,pothole,V1_Kaggle_pothole_detection,1,holdout_required_likely_near_duplicate
github_pothole::github_pothole::img-514,protected_test,pothole,jaygala24_pothole_detection,github_pothole::github_pothole::img-795,train,pothole,jaygala24_pothole_detection,1,holdout_required_likely_near_duplicate
github_pothole::github_pothole::img-515,validation,pothole,jaygala24_pothole_detection,github_pothole::github_pothole::img-907,train,pothole,jaygala24_pothole_detection,1,holdout_required_likely_near_duplicate
github_pothole::github_pothole::img-516,train,pothole,jaygala24_pothole_detection,github_pothole::github_pothole::img-788,protected_test,pothole,jaygala24_pothole_detection,1,holdout_required_likely_near_duplicate
github_pothole::github_pothole::img-516,train,pothole,jaygala24_pothole_detection,v1::train::pothole::8f554405e88d_pothole161.jpg,validation,pothole,V1_Kaggle_pothole_detection,1,holdout_required_likely_near_duplicate
github_pothole::github_pothole::img-519,validation,pothole,jaygala24_pothole_detection,github_pothole::github_pothole::img-688,train,pothole,jaygala24_pothole_detection,1,holdout_required_likely_near_duplicate
github_pothole::github_pothole::img-522,train,pothole,jaygala24_pothole_detection,github_pothole::github_pothole::img-853,protected_test,pothole,jaygala24_pothole_detection,1,holdout_required_likely_near_duplicate
github_pothole::github_pothole::img-524,train,pothole,jaygala24_pothole_detection,v1::train::pothole::061da31d2204_pothole715.jpg,protected_test,pothole,V1_Kaggle_pothole_detection,1,holdout_required_likely_near_duplicate
github_pothole::github_pothole::img-528,protected_test,pothole,jaygala24_pothole_detection,v1::train::pothole::27de3aeacda6_pothole294.jpg,train,pothole,V1_Kaggle_pothole_detection,1,holdout_required_likely_near_duplicate
github_pothole::github_pothole::img-533,train,pothole,jaygala24_pothole_detection,github_pothole::github_pothole::img-895,validation,pothole,jaygala24_pothole_detection,1,holdout_required_likely_near_duplicate
github_pothole::github_pothole::img-535,train,pothole,jaygala24_pothole_detection,github_pothole::github_pothole::img-820,validation,pothole,jaygala24_pothole_detection,1,holdout_required_likely_near_duplicate
github_pothole::github_pothole::img-538,protected_test,pothole,jaygala24_pothole_detection,github_pothole::github_pothole::img-975,train,pothole,jaygala24_pothole_detection,1,holdout_required_likely_near_duplicate
github_pothole::github_pothole::img-541,train,pothole,jaygala24_pothole_detection,v1::train::pothole::3494921738aa_pothole580.jpg,protected_test,pothole,V1_Kaggle_pothole_detection,1,holdout_required_likely_near_duplicate
github_pothole::github_pothole::img-548,validation,pothole,jaygala24_pothole_detection,v1::train::pothole::c4a141b5ff7c_pothole193.jpg,train,pothole,V1_Kaggle_pothole_detection,1,holdout_required_likely_near_duplicate
github_pothole::github_pothole::img-554,protected_test,pothole,jaygala24_pothole_detection,v1::train::pothole::5c966f37b46e_pothole159.jpg,validation,pothole,V1_Kaggle_pothole_detection,1,holdout_required_likely_near_duplicate
github_pothole::github_pothole::img-556,train,pothole,jaygala24_pothole_detection,github_pothole::github_pothole::img-680,protected_test,pothole,jaygala24_pothole_detection,1,holdout_required_likely_near_duplicate
github_pothole::github_pothole::img-557,protected_test,pothole,jaygala24_pothole_detection,github_pothole::github_pothole::img-961,train,pothole,jaygala24_pothole_detection,1,holdout_required_likely_near_duplicate
github_pothole::github_pothole::img-557,protected_test,pothole,jaygala24_pothole_detection,v1::train::pothole::6964553d2e02_pothole343.jpg,train,pothole,V1_Kaggle_pothole_detection,1,holdout_required_likely_near_duplicate
github_pothole::github_pothole::img-558,train,pothole,jaygala24_pothole_detection,v1::train::pothole::3ff3e76a4179_pothole395.jpg,validation,pothole,V1_Kaggle_pothole_detection,1,holdout_required_likely_near_duplicate
github_pothole::github_pothole::img-559,protected_test,pothole,jaygala24_pothole_detection,github_pothole::github_pothole::img-927,train,pothole,jaygala24_pothole_detection,1,holdout_required_likely_near_duplicate
github_pothole::github_pothole::img-559,protected_test,pothole,jaygala24_pothole_detection,v1::train::pothole::f44f9c189cc1_pothole862.jpg,train,pothole,V1_Kaggle_pothole_detection,1,holdout_required_likely_near_duplicate
github_pothole::github_pothole::img-560,validation,pothole,jaygala24_pothole_detection,v1::train::pothole::697f57b9021c_pothole583.jpg,train,pothole,V1_Kaggle_pothole_detection,1,holdout_required_likely_near_duplicate
github_pothole::github_pothole::img-563,validation,pothole,jaygala24_pothole_detection,github_pothole::github_pothole::img-959,train,pothole,jaygala24_pothole_detection,1,holdout_required_likely_near_duplicate
github_pothole::github_pothole::img-567,validation,pothole,jaygala24_pothole_detection,v1::train::pothole::6b9407fef508_pothole385.jpg,protected_test,pothole,V1_Kaggle_pothole_detection,1,holdout_required_likely_near_duplicate
github_pothole::github_pothole::img-574,protected_test,pothole,jaygala24_pothole_detection,v1::train::pothole::42db82fe662e_pothole611.jpg,validation,pothole,V1_Kaggle_pothole_detection,1,holdout_required_likely_near_duplicate
github_pothole::github_pothole::img-590,validation,pothole,jaygala24_pothole_detection,v1::train::pothole::a805653888f4_pothole292.jpg,train,pothole,V1_Kaggle_pothole_detection,1,holdout_required_likely_near_duplicate
github_pothole::github_pothole::img-600,train,pothole,jaygala24_pothole_detection,v1::train::pothole::c551ff83d183_pothole825.jpg,validation,pothole,V1_Kaggle_pothole_detection,1,holdout_required_likely_near_duplicate
github_pothole::github_pothole::img-604,train,pothole,jaygala24_pothole_detection,v1::train::pothole::1e6b614ca583_pothole97.jpg,validation,pothole,V1_Kaggle_pothole_detection,1,holdout_required_likely_near_duplicate
github_pothole::github_pothole::img-607,train,pothole,jaygala24_pothole_detection,v1::train::pothole::4f4954807252_pothole459.jpg,protected_test,pothole,V1_Kaggle_pothole_detection,1,holdout_required_likely_near_duplicate
github_pothole::github_pothole::img-611,validation,pothole,jaygala24_pothole_detection,github_pothole::github_pothole::img-911,train,pothole,jaygala24_pothole_detection,1,holdout_required_likely_near_duplicate
github_pothole::github_pothole::img-611,validation,pothole,jaygala24_pothole_detection,v1::train::pothole::c968061aa4eb_pothole721.jpg,train,pothole,V1_Kaggle_pothole_detection,1,holdout_required_likely_near_duplicate
github_pothole::github_pothole::img-614,protected_test,pothole,jaygala24_pothole_detection,v1::train::pothole::ea6a00a7924e_pothole537.jpg,train,pothole,V1_Kaggle_pothole_detection,1,holdout_required_likely_near_duplicate
github_pothole::github_pothole::img-616,train,pothole,jaygala24_pothole_detection,v1::train::pothole::867b60b106cb_pothole533.jpg,validation,pothole,V1_Kaggle_pothole_detection,1,holdout_required_likely_near_duplicate
github_pothole::github_pothole::img-620,train,pothole,jaygala24_pothole_detection,v1::train::pothole::55d8b426a52f_pothole732.jpg,validation,pothole,V1_Kaggle_pothole_detection,1,holdout_required_likely_near_duplicate
github_pothole::github_pothole::img-621,protected_test,pothole,jaygala24_pothole_detection,v1::train::pothole::453cfe0971bd_pothole12.jpg,train,pothole,V1_Kaggle_pothole_detection,1,holdout_required_likely_near_duplicate
github_pothole::github_pothole::img-635,train,pothole,jaygala24_pothole_detection,github_pothole::github_pothole::img-887,validation,pothole,jaygala24_pothole_detection,1,holdout_required_likely_near_duplicate
github_pothole::github_pothole::img-638,train,pothole,jaygala24_pothole_detection,v1::train::pothole::28358f92d948_pothole893.jpg,protected_test,pothole,V1_Kaggle_pothole_detection,1,holdout_required_likely_near_duplicate
github_pothole::github_pothole::img-640,train,pothole,jaygala24_pothole_detection,github_pothole::github_pothole::img-763,protected_test,pothole,jaygala24_pothole_detection,1,holdout_required_likely_near_duplicate
github_pothole::github_pothole::img-651,protected_test,pothole,jaygala24_pothole_detection,v1::train::pothole::d176415691ba_pothole401.jpg,validation,pothole,V1_Kaggle_pothole_detection,1,holdout_required_likely_near_duplicate
github_pothole::github_pothole::img-652,train,pothole,jaygala24_pothole_detection,v1::train::pothole::383f477bd2ee_pothole275.jpg,protected_test,pothole,V1_Kaggle_pothole_detection,1,holdout_required_likely_near_duplicate
github_pothole::github_pothole::img-656,train,pothole,jaygala24_pothole_detection,v1::train::pothole::08502ed22cfb_pothole65.jpg,protected_test,pothole,V1_Kaggle_pothole_detection,1,holdout_required_likely_near_duplicate
github_pothole::github_pothole::img-659,protected_test,pothole,jaygala24_pothole_detection,github_pothole::github_pothole::img-906,train,pothole,jaygala24_pothole_detection,1,holdout_required_likely_near_duplicate
github_pothole::github_pothole::img-659,protected_test,pothole,jaygala24_pothole_detection,v1::train::pothole::abaed391b5e7_pothole113.jpg,validation,pothole,V1_Kaggle_pothole_detection,1,holdout_required_likely_near_duplicate
github_pothole::github_pothole::img-674,train,pothole,jaygala24_pothole_detection,v1::train::pothole::ad2c50c7dafa_pothole293.jpg,protected_test,pothole,V1_Kaggle_pothole_detection,1,holdout_required_likely_near_duplicate
github_pothole::github_pothole::img-686,train,pothole,jaygala24_pothole_detection,v1::train::pothole::3494921738aa_pothole580.jpg,protected_test,pothole,V1_Kaggle_pothole_detection,1,holdout_required_likely_near_duplicate
github_pothole::github_pothole::img-690,validation,pothole,jaygala24_pothole_detection,v1::train::pothole::f5e1a31b1a0a_pothole301.jpg,train,pothole,V1_Kaggle_pothole_detection,1,holdout_required_likely_near_duplicate
github_pothole::github_pothole::img-714,validation,pothole,jaygala24_pothole_detection,github_pothole::github_pothole::img-902,train,pothole,jaygala24_pothole_detection,1,holdout_required_likely_near_duplicate
github_pothole::github_pothole::img-727,protected_test,pothole,jaygala24_pothole_detection,v1::train::pothole::33926ba3ae39_pothole299.jpg,validation,pothole,V1_Kaggle_pothole_detection,1,holdout_required_likely_near_duplicate
github_pothole::github_pothole::img-734,validation,pothole,jaygala24_pothole_detection,v1::train::pothole::b9ee655fb756_pothole883.jpg,train,pothole,V1_Kaggle_pothole_detection,1,holdout_required_likely_near_duplicate
github_pothole::github_pothole::img-742,protected_test,pothole,jaygala24_pothole_detection,v1::train::pothole::9b07478c9f68_pothole675.jpg,train,pothole,V1_Kaggle_pothole_detection,1,holdout_required_likely_near_duplicate
github_pothole::github_pothole::img-749,validation,pothole,jaygala24_pothole_detection,v1::train::pothole::7d6ec37e1eb9_pothole399.jpg,train,pothole,V1_Kaggle_pothole_detection,1,holdout_required_likely_near_duplicate
github_pothole::github_pothole::img-754,train,pothole,jaygala24_pothole_detection,v1::train::pothole::db32c7ac656e_pothole769.jpg,protected_test,pothole,V1_Kaggle_pothole_detection,1,holdout_required_likely_near_duplicate
github_pothole::github_pothole::img-757,train,pothole,jaygala24_pothole_detection,github_pothole::github_pothole::img-778,protected_test,pothole,jaygala24_pothole_detection,1,holdout_required_likely_near_duplicate
github_pothole::github_pothole::img-757,train,pothole,jaygala24_pothole_detection,v1::train::pothole::8b78fa1f06ef_pothole564.jpg,protected_test,pothole,V1_Kaggle_pothole_detection,1,holdout_required_likely_near_duplicate
github_pothole::github_pothole::img-763,protected_test,pothole,jaygala24_pothole_detection,v1::train::pothole::a1e3f6cfe191_pothole383.jpg,train,pothole,V1_Kaggle_pothole_detection,1,holdout_required_likely_near_duplicate
github_pothole::github_pothole::img-764,protected_test,pothole,jaygala24_pothole_detection,v1::train::pothole::ec7bf459c71e_pothole582.jpg,validation,pothole,V1_Kaggle_pothole_detection,1,holdout_required_likely_near_duplicate
github_pothole::github_pothole::img-785,validation,pothole,jaygala24_pothole_detection,v1::train::pothole::283e4691e831_pothole639.jpg,protected_test,pothole,V1_Kaggle_pothole_detection,1,holdout_required_likely_near_duplicate
github_pothole::github_pothole::img-790,train,pothole,jaygala24_pothole_detection,v1::train::pothole::42db82fe662e_pothole611.jpg,validation,pothole,V1_Kaggle_pothole_detection,1,holdout_required_likely_near_duplicate
github_pothole::github_pothole::img-791,train,pothole,jaygala24_pothole_detection,v1::train::pothole::60dab83c5bb3_pothole213.jpg,protected_test,pothole,V1_Kaggle_pothole_detection,1,holdout_required_likely_near_duplicate
github_pothole::github_pothole::img-808,train,pothole,jaygala24_pothole_detection,v1::train::pothole::b40d72e167c7_pothole550.jpg,protected_test,pothole,V1_Kaggle_pothole_detection,1,holdout_required_likely_near_duplicate
github_pothole::github_pothole::img-817,train,pothole,jaygala24_pothole_detection,v1::train::pothole::061da31d2204_pothole715.jpg,protected_test,pothole,V1_Kaggle_pothole_detection,1,holdout_required_likely_near_duplicate
github_pothole::github_pothole::img-818,train,pothole,jaygala24_pothole_detection,v1::train::pothole::ef149525a212_pothole207.jpg,protected_test,pothole,V1_Kaggle_pothole_detection,1,holdout_required_likely_near_duplicate
github_pothole::github_pothole::img-819,train,pothole,jaygala24_pothole_detection,v1::train::pothole::ef149525a212_pothole207.jpg,protected_test,pothole,V1_Kaggle_pothole_detection,1,holdout_required_likely_near_duplicate
github_pothole::github_pothole::img-838,protected_test,pothole,jaygala24_pothole_detection,v1::train::pothole::3792e53f61c9_pothole828.jpg,validation,pothole,V1_Kaggle_pothole_detection,1,holdout_required_likely_near_duplicate
github_pothole::github_pothole::img-853,protected_test,pothole,jaygala24_pothole_detection,v1::train::pothole::f56efad6c9a6_pothole341.jpg,train,pothole,V1_Kaggle_pothole_detection,1,holdout_required_likely_near_duplicate
github_pothole::github_pothole::img-854,validation,pothole,jaygala24_pothole_detection,v1::train::pothole::a9f40114e977_pothole551.jpg,train,pothole,V1_Kaggle_pothole_detection,1,holdout_required_likely_near_duplicate
github_pothole::github_pothole::img-872,train,pothole,jaygala24_pothole_detection,v1::train::pothole::307832ffa507_pothole273.jpg,protected_test,pothole,V1_Kaggle_pothole_detection,1,holdout_required_likely_near_duplicate
github_pothole::github_pothole::img-885,validation,pothole,jaygala24_pothole_detection,v1::train::pothole::c9c947a22394_pothole653.jpg,protected_test,pothole,V1_Kaggle_pothole_detection,1,holdout_required_likely_near_duplicate
github_pothole::github_pothole::img-898,train,pothole,jaygala24_pothole_detection,v1::train::pothole::51d1a5aa703b_pothole139.jpg,protected_test,pothole,V1_Kaggle_pothole_detection,1,holdout_required_likely_near_duplicate
github_pothole::github_pothole::img-904,train,pothole,jaygala24_pothole_detection,v1::train::pothole::2a186ff805f2_pothole601.jpg,protected_test,pothole,V1_Kaggle_pothole_detection,1,holdout_required_likely_near_duplicate
github_pothole::github_pothole::img-907,train,pothole,jaygala24_pothole_detection,v1::train::pothole::09d22a9f97dc_pothole943.jpg,validation,pothole,V1_Kaggle_pothole_detection,1,holdout_required_likely_near_duplicate
github_pothole::github_pothole::img-908,protected_test,pothole,jaygala24_pothole_detection,v1::train::pothole::3e86b139ac06_pothole873.jpg,train,pothole,V1_Kaggle_pothole_detection,1,holdout_required_likely_near_duplicate
github_pothole::github_pothole::img-909,validation,pothole,jaygala24_pothole_detection,v1::train::pothole::b516b3a9de36_pothole167.jpg,train,pothole,V1_Kaggle_pothole_detection,1,holdout_required_likely_near_duplicate
github_pothole::github_pothole::img-910,train,pothole,jaygala24_pothole_detection,v1::train::pothole::4f4954807252_pothole459.jpg,protected_test,pothole,V1_Kaggle_pothole_detection,1,holdout_required_likely_near_duplicate
github_pothole::github_pothole::img-918,train,pothole,jaygala24_pothole_detection,v1::train::pothole::9e5d3cddd6c3_pothole887.jpg,protected_test,pothole,V1_Kaggle_pothole_detection,1,holdout_required_likely_near_duplicate
github_pothole::github_pothole::img-931,train,pothole,jaygala24_pothole_detection,v1::train::pothole::d176415691ba_pothole401.jpg,validation,pothole,V1_Kaggle_pothole_detection,1,holdout_required_likely_near_duplicate
github_pothole::github_pothole::img-946,validation,pothole,jaygala24_pothole_detection,v1::train::pothole::7b94abc2494d_pothole546.jpg,train,pothole,V1_Kaggle_pothole_detection,1,holdout_required_likely_near_duplicate
github_pothole::github_pothole::img-950,train,pothole,jaygala24_pothole_detection,v1::train::pothole::867b60b106cb_pothole533.jpg,validation,pothole,V1_Kaggle_pothole_detection,1,holdout_required_likely_near_duplicate
github_pothole::github_pothole::img-952,train,pothole,jaygala24_pothole_detection,v1::train::pothole::5c966f37b46e_pothole159.jpg,validation,pothole,V1_Kaggle_pothole_detection,1,holdout_required_likely_near_duplicate
github_pothole::github_pothole::img-957,train,pothole,jaygala24_pothole_detection,v1::train::pothole::28f9c8505b5c_pothole423.jpg,protected_test,pothole,V1_Kaggle_pothole_detection,1,holdout_required_likely_near_duplicate
github_pothole::github_pothole::img-964,protected_test,pothole,jaygala24_pothole_detection,v1::train::pothole::7b94abc2494d_pothole546.jpg,train,pothole,V1_Kaggle_pothole_detection,1,holdout_required_likely_near_duplicate
github_pothole::github_pothole::img-968,validation,pothole,jaygala24_pothole_detection,v1::train::pothole::29b1765b36a0_pothole63.jpg,train,pothole,V1_Kaggle_pothole_detection,1,holdout_required_likely_near_duplicate
github_pothole::github_pothole::img-969,train,pothole,jaygala24_pothole_detection,v1::train::pothole::6b9407fef508_pothole385.jpg,protected_test,pothole,V1_Kaggle_pothole_detection,1,holdout_required_likely_near_duplicate
github_pothole::github_pothole::img-977,train,pothole,jaygala24_pothole_detection,v1::train::pothole::2c9e8d005fcb_pothole219.jpg,protected_test,pothole,V1_Kaggle_pothole_detection,1,holdout_required_likely_near_duplicate
github_pothole::github_pothole::img-987,validation,pothole,jaygala24_pothole_detection,v1::train::pothole::68a678b0db6d_pothole578.jpg,train,pothole,V1_Kaggle_pothole_detection,1,holdout_required_likely_near_duplicate
github_pothole::github_pothole::img-990,train,pothole,jaygala24_pothole_detection,v1::train::pothole::28358f92d948_pothole893.jpg,protected_test,pothole,V1_Kaggle_pothole_detection,1,holdout_required_likely_near_duplicate
kaggle_speed_bump::train::bump::VIDEO0005_046.jpg,train,speed_bump,Kaggle_speed_bump_dataset,kaggle_speed_bump::train::bump::VIDEO0005_047.jpg,validation,speed_bump,Kaggle_speed_bump_dataset,1,holdout_required_likely_near_duplicate
kaggle_speed_bump::train::bump::VIDEO0005_050.jpg,validation,speed_bump,Kaggle_speed_bump_dataset,kaggle_speed_bump::train::bump::VIDEO0005_051.jpg,train,speed_bump,Kaggle_speed_bump_dataset,1,holdout_required_likely_near_duplicate
kaggle_speed_bump::train::bump::VIDEO0005_052.jpg,train,speed_bump,Kaggle_speed_bump_dataset,kaggle_speed_bump::train::bump::VIDEO0005_053.jpg,protected_test,speed_bump,Kaggle_speed_bump_dataset,1,holdout_required_likely_near_duplicate
kaggle_speed_bump::train::bump::VIDEO0005_053.jpg,protected_test,speed_bump,Kaggle_speed_bump_dataset,kaggle_speed_bump::train::bump::VIDEO0005_054.jpg,train,speed_bump,Kaggle_speed_bump_dataset,1,holdout_required_likely_near_duplicate
kaggle_speed_bump::train::bump::VIDEO0006_073.jpg,train,speed_bump,Kaggle_speed_bump_dataset,kaggle_speed_bump::train::bump::VIDEO0006_075.jpg,protected_test,speed_bump,Kaggle_speed_bump_dataset,1,holdout_required_likely_near_duplicate
kaggle_speed_bump::train::bump::VIDEO0007_007.jpg,train,speed_bump,Kaggle_speed_bump_dataset,kaggle_speed_bump::train::bump::VIDEO0007_008.jpg,protected_test,speed_bump,Kaggle_speed_bump_dataset,1,holdout_required_likely_near_duplicate
kaggle_speed_bump::train::bump::VIDEO0007_019.jpg,train,speed_bump,Kaggle_speed_bump_dataset,kaggle_speed_bump::train::bump::VIDEO0007_020.jpg,validation,speed_bump,Kaggle_speed_bump_dataset,1,holdout_required_likely_near_duplicate
kaggle_speed_bump::train::bump::VIDEO0008_016.jpg,train,speed_bump,Kaggle_speed_bump_dataset,kaggle_speed_bump::train::bump::VIDEO0008_017.jpg,protected_test,speed_bump,Kaggle_speed_bump_dataset,1,holdout_required_likely_near_duplicate
kaggle_speed_bump::train::bump::VIDEO0008_017.jpg,protected_test,speed_bump,Kaggle_speed_bump_dataset,kaggle_speed_bump::train::bump::VIDEO0008_020.jpg,train,speed_bump,Kaggle_speed_bump_dataset,1,holdout_required_likely_near_duplicate
kaggle_speed_bump::train::bump::VIDEO0009_005.jpg,validation,speed_bump,Kaggle_speed_bump_dataset,kaggle_speed_bump::train::bump::VIDEO0009_008.jpg,train,speed_bump,Kaggle_speed_bump_dataset,1,holdout_required_likely_near_duplicate
kaggle_speed_bump::train::bump::VIDEO0009_052.jpg,validation,speed_bump,Kaggle_speed_bump_dataset,kaggle_speed_bump::train::bump::VIDEO0009_054.jpg,train,speed_bump,Kaggle_speed_bump_dataset,1,holdout_required_likely_near_duplicate
kaggle_speed_bump::train::bump::VIDEO0009_054.jpg,train,speed_bump,Kaggle_speed_bump_dataset,kaggle_speed_bump::train::bump::VIDEO0009_058.jpg,validation,speed_bump,Kaggle_speed_bump_dataset,1,holdout_required_likely_near_duplicate
kaggle_speed_bump::train::bump::VIDEO0009_054.jpg,train,speed_bump,Kaggle_speed_bump_dataset,kaggle_speed_bump::train::bump::VIDEO0009_062.jpg,protected_test,speed_bump,Kaggle_speed_bump_dataset,1,holdout_required_likely_near_duplicate
kaggle_speed_bump::train::bump::VIDEO0009_055.jpg,train,speed_bump,Kaggle_speed_bump_dataset,kaggle_speed_bump::train::bump::VIDEO0009_058.jpg,validation,speed_bump,Kaggle_speed_bump_dataset,1,holdout_required_likely_near_duplicate
kaggle_speed_bump::train::bump::VIDEO0009_055.jpg,train,speed_bump,Kaggle_speed_bump_dataset,kaggle_speed_bump::train::bump::VIDEO0009_062.jpg,protected_test,speed_bump,Kaggle_speed_bump_dataset,1,holdout_required_likely_near_duplicate
kaggle_speed_bump::train::bump::VIDEO0009_056.jpg,train,speed_bump,Kaggle_speed_bump_dataset,kaggle_speed_bump::train::bump::VIDEO0009_061.jpg,protected_test,speed_bump,Kaggle_speed_bump_dataset,1,holdout_required_likely_near_duplicate
kaggle_speed_bump::train::bump::VIDEO0009_056.jpg,train,speed_bump,Kaggle_speed_bump_dataset,kaggle_speed_bump::train::bump::VIDEO0009_064.jpg,protected_test,speed_bump,Kaggle_speed_bump_dataset,1,holdout_required_likely_near_duplicate
kaggle_speed_bump::train::bump::VIDEO0009_056.jpg,train,speed_bump,Kaggle_speed_bump_dataset,kaggle_speed_bump::train::bump::VIDEO0009_072.jpg,protected_test,speed_bump,Kaggle_speed_bump_dataset,1,holdout_required_likely_near_duplicate
kaggle_speed_bump::train::bump::VIDEO0009_057.jpg,train,speed_bump,Kaggle_speed_bump_dataset,kaggle_speed_bump::train::bump::VIDEO0009_061.jpg,protected_test,speed_bump,Kaggle_speed_bump_dataset,1,holdout_required_likely_near_duplicate
kaggle_speed_bump::train::bump::VIDEO0009_057.jpg,train,speed_bump,Kaggle_speed_bump_dataset,kaggle_speed_bump::train::bump::VIDEO0009_064.jpg,protected_test,speed_bump,Kaggle_speed_bump_dataset,1,holdout_required_likely_near_duplicate
kaggle_speed_bump::train::bump::VIDEO0009_057.jpg,train,speed_bump,Kaggle_speed_bump_dataset,kaggle_speed_bump::train::bump::VIDEO0009_072.jpg,protected_test,speed_bump,Kaggle_speed_bump_dataset,1,holdout_required_likely_near_duplicate
kaggle_speed_bump::train::bump::VIDEO0009_058.jpg,validation,speed_bump,Kaggle_speed_bump_dataset,kaggle_speed_bump::train::bump::VIDEO0009_061.jpg,protected_test,speed_bump,Kaggle_speed_bump_dataset,1,holdout_required_likely_near_duplicate
kaggle_speed_bump::train::bump::VIDEO0009_058.jpg,validation,speed_bump,Kaggle_speed_bump_dataset,kaggle_speed_bump::train::bump::VIDEO0009_063.jpg,train,speed_bump,Kaggle_speed_bump_dataset,1,holdout_required_likely_near_duplicate
kaggle_speed_bump::train::bump::VIDEO0009_058.jpg,validation,speed_bump,Kaggle_speed_bump_dataset,kaggle_speed_bump::train::bump::VIDEO0009_064.jpg,protected_test,speed_bump,Kaggle_speed_bump_dataset,1,holdout_required_likely_near_duplicate
kaggle_speed_bump::train::bump::VIDEO0009_058.jpg,validation,speed_bump,Kaggle_speed_bump_dataset,kaggle_speed_bump::train::bump::VIDEO0009_065.jpg,train,speed_bump,Kaggle_speed_bump_dataset,1,holdout_required_likely_near_duplicate
kaggle_speed_bump::train::bump::VIDEO0009_058.jpg,validation,speed_bump,Kaggle_speed_bump_dataset,kaggle_speed_bump::train::bump::VIDEO0009_066.jpg,train,speed_bump,Kaggle_speed_bump_dataset,1,holdout_required_likely_near_duplicate
kaggle_speed_bump::train::bump::VIDEO0009_058.jpg,validation,speed_bump,Kaggle_speed_bump_dataset,kaggle_speed_bump::train::bump::VIDEO0009_067.jpg,train,speed_bump,Kaggle_speed_bump_dataset,1,holdout_required_likely_near_duplicate
kaggle_speed_bump::train::bump::VIDEO0009_058.jpg,validation,speed_bump,Kaggle_speed_bump_dataset,kaggle_speed_bump::train::bump::VIDEO0009_069.jpg,train,speed_bump,Kaggle_speed_bump_dataset,1,holdout_required_likely_near_duplicate
kaggle_speed_bump::train::bump::VIDEO0009_058.jpg,validation,speed_bump,Kaggle_speed_bump_dataset,kaggle_speed_bump::train::bump::VIDEO0009_072.jpg,protected_test,speed_bump,Kaggle_speed_bump_dataset,1,holdout_required_likely_near_duplicate
kaggle_speed_bump::train::bump::VIDEO0009_059.jpg,train,speed_bump,Kaggle_speed_bump_dataset,kaggle_speed_bump::train::bump::VIDEO0009_061.jpg,protected_test,speed_bump,Kaggle_speed_bump_dataset,1,holdout_required_likely_near_duplicate
kaggle_speed_bump::train::bump::VIDEO0009_059.jpg,train,speed_bump,Kaggle_speed_bump_dataset,kaggle_speed_bump::train::bump::VIDEO0009_064.jpg,protected_test,speed_bump,Kaggle_speed_bump_dataset,1,holdout_required_likely_near_duplicate
kaggle_speed_bump::train::bump::VIDEO0009_059.jpg,train,speed_bump,Kaggle_speed_bump_dataset,kaggle_speed_bump::train::bump::VIDEO0009_072.jpg,protected_test,speed_bump,Kaggle_speed_bump_dataset,1,holdout_required_likely_near_duplicate
kaggle_speed_bump::train::bump::VIDEO0009_060.jpg,train,speed_bump,Kaggle_speed_bump_dataset,kaggle_speed_bump::train::bump::VIDEO0009_061.jpg,protected_test,speed_bump,Kaggle_speed_bump_dataset,1,holdout_required_likely_near_duplicate
kaggle_speed_bump::train::bump::VIDEO0009_060.jpg,train,speed_bump,Kaggle_speed_bump_dataset,kaggle_speed_bump::train::bump::VIDEO0009_064.jpg,protected_test,speed_bump,Kaggle_speed_bump_dataset,1,holdout_required_likely_near_duplicate
kaggle_speed_bump::train::bump::VIDEO0009_060.jpg,train,speed_bump,Kaggle_speed_bump_dataset,kaggle_speed_bump::train::bump::VIDEO0009_072.jpg,protected_test,speed_bump,Kaggle_speed_bump_dataset,1,holdout_required_likely_near_duplicate
kaggle_speed_bump::train::bump::VIDEO0009_062.jpg,protected_test,speed_bump,Kaggle_speed_bump_dataset,kaggle_speed_bump::train::bump::VIDEO0009_063.jpg,train,speed_bump,Kaggle_speed_bump_dataset,1,holdout_required_likely_near_duplicate
kaggle_speed_bump::train::bump::VIDEO0009_062.jpg,protected_test,speed_bump,Kaggle_speed_bump_dataset,kaggle_speed_bump::train::bump::VIDEO0009_065.jpg,train,speed_bump,Kaggle_speed_bump_dataset,1,holdout_required_likely_near_duplicate
kaggle_speed_bump::train::bump::VIDEO0009_062.jpg,protected_test,speed_bump,Kaggle_speed_bump_dataset,kaggle_speed_bump::train::bump::VIDEO0009_066.jpg,train,speed_bump,Kaggle_speed_bump_dataset,1,holdout_required_likely_near_duplicate
kaggle_speed_bump::train::bump::VIDEO0009_062.jpg,protected_test,speed_bump,Kaggle_speed_bump_dataset,kaggle_speed_bump::train::bump::VIDEO0009_067.jpg,train,speed_bump,Kaggle_speed_bump_dataset,1,holdout_required_likely_near_duplicate
kaggle_speed_bump::train::bump::VIDEO0009_062.jpg,protected_test,speed_bump,Kaggle_speed_bump_dataset,kaggle_speed_bump::train::bump::VIDEO0009_069.jpg,train,speed_bump,Kaggle_speed_bump_dataset,1,holdout_required_likely_near_duplicate
kaggle_speed_bump::train::bump::VIDEO0009_064.jpg,protected_test,speed_bump,Kaggle_speed_bump_dataset,kaggle_speed_bump::train::bump::VIDEO0009_068.jpg,train,speed_bump,Kaggle_speed_bump_dataset,1,holdout_required_likely_near_duplicate
kaggle_speed_bump::train::bump::VIDEO0009_064.jpg,protected_test,speed_bump,Kaggle_speed_bump_dataset,kaggle_speed_bump::train::bump::VIDEO0009_070.jpg,train,speed_bump,Kaggle_speed_bump_dataset,1,holdout_required_likely_near_duplicate
kaggle_speed_bump::train::bump::VIDEO0009_064.jpg,protected_test,speed_bump,Kaggle_speed_bump_dataset,kaggle_speed_bump::train::bump::VIDEO0009_087.jpg,train,speed_bump,Kaggle_speed_bump_dataset,1,holdout_required_likely_near_duplicate
kaggle_speed_bump::train::bump::VIDEO0009_068.jpg,train,speed_bump,Kaggle_speed_bump_dataset,kaggle_speed_bump::train::bump::VIDEO0009_072.jpg,protected_test,speed_bump,Kaggle_speed_bump_dataset,1,holdout_required_likely_near_duplicate
kaggle_speed_bump::train::bump::VIDEO0009_070.jpg,train,speed_bump,Kaggle_speed_bump_dataset,kaggle_speed_bump::train::bump::VIDEO0009_072.jpg,protected_test,speed_bump,Kaggle_speed_bump_dataset,1,holdout_required_likely_near_duplicate
kaggle_speed_bump::train::bump::VIDEO0009_071.jpg,train,speed_bump,Kaggle_speed_bump_dataset,kaggle_speed_bump::train::bump::VIDEO0009_078.jpg,protected_test,speed_bump,Kaggle_speed_bump_dataset,1,holdout_required_likely_near_duplicate
kaggle_speed_bump::train::bump::VIDEO0009_072.jpg,protected_test,speed_bump,Kaggle_speed_bump_dataset,kaggle_speed_bump::train::bump::VIDEO0009_087.jpg,train,speed_bump,Kaggle_speed_bump_dataset,1,holdout_required_likely_near_duplicate
kaggle_speed_bump::train::bump::VIDEO0009_073.jpg,train,speed_bump,Kaggle_speed_bump_dataset,kaggle_speed_bump::train::bump::VIDEO0009_078.jpg,protected_test,speed_bump,Kaggle_speed_bump_dataset,1,holdout_required_likely_near_duplicate
kaggle_speed_bump::train::bump::VIDEO0009_074.jpg,train,speed_bump,Kaggle_speed_bump_dataset,kaggle_speed_bump::train::bump::VIDEO0009_075.jpg,validation,speed_bump,Kaggle_speed_bump_dataset,1,holdout_required_likely_near_duplicate
kaggle_speed_bump::train::bump::VIDEO0009_074.jpg,train,speed_bump,Kaggle_speed_bump_dataset,kaggle_speed_bump::train::bump::VIDEO0009_077.jpg,protected_test,speed_bump,Kaggle_speed_bump_dataset,1,holdout_required_likely_near_duplicate
kaggle_speed_bump::train::bump::VIDEO0009_074.jpg,train,speed_bump,Kaggle_speed_bump_dataset,kaggle_speed_bump::train::bump::VIDEO0009_081.jpg,validation,speed_bump,Kaggle_speed_bump_dataset,1,holdout_required_likely_near_duplicate
kaggle_speed_bump::train::bump::VIDEO0009_074.jpg,train,speed_bump,Kaggle_speed_bump_dataset,kaggle_speed_bump::train::bump::VIDEO0009_082.jpg,validation,speed_bump,Kaggle_speed_bump_dataset,1,holdout_required_likely_near_duplicate
kaggle_speed_bump::train::bump::VIDEO0009_074.jpg,train,speed_bump,Kaggle_speed_bump_dataset,kaggle_speed_bump::train::bump::VIDEO0009_086.jpg,validation,speed_bump,Kaggle_speed_bump_dataset,1,holdout_required_likely_near_duplicate
kaggle_speed_bump::train::bump::VIDEO0009_075.jpg,validation,speed_bump,Kaggle_speed_bump_dataset,kaggle_speed_bump::train::bump::VIDEO0009_076.jpg,train,speed_bump,Kaggle_speed_bump_dataset,1,holdout_required_likely_near_duplicate
kaggle_speed_bump::train::bump::VIDEO0009_075.jpg,validation,speed_bump,Kaggle_speed_bump_dataset,kaggle_speed_bump::train::bump::VIDEO0009_078.jpg,protected_test,speed_bump,Kaggle_speed_bump_dataset,1,holdout_required_likely_near_duplicate
kaggle_speed_bump::train::bump::VIDEO0009_076.jpg,train,speed_bump,Kaggle_speed_bump_dataset,kaggle_speed_bump::train::bump::VIDEO0009_077.jpg,protected_test,speed_bump,Kaggle_speed_bump_dataset,1,holdout_required_likely_near_duplicate
kaggle_speed_bump::train::bump::VIDEO0009_076.jpg,train,speed_bump,Kaggle_speed_bump_dataset,kaggle_speed_bump::train::bump::VIDEO0009_081.jpg,validation,speed_bump,Kaggle_speed_bump_dataset,1,holdout_required_likely_near_duplicate
kaggle_speed_bump::train::bump::VIDEO0009_076.jpg,train,speed_bump,Kaggle_speed_bump_dataset,kaggle_speed_bump::train::bump::VIDEO0009_082.jpg,validation,speed_bump,Kaggle_speed_bump_dataset,1,holdout_required_likely_near_duplicate
kaggle_speed_bump::train::bump::VIDEO0009_076.jpg,train,speed_bump,Kaggle_speed_bump_dataset,kaggle_speed_bump::train::bump::VIDEO0009_086.jpg,validation,speed_bump,Kaggle_speed_bump_dataset,1,holdout_required_likely_near_duplicate
kaggle_speed_bump::train::bump::VIDEO0009_078.jpg,protected_test,speed_bump,Kaggle_speed_bump_dataset,kaggle_speed_bump::train::bump::VIDEO0009_079.jpg,train,speed_bump,Kaggle_speed_bump_dataset,1,holdout_required_likely_near_duplicate
kaggle_speed_bump::train::bump::VIDEO0009_078.jpg,protected_test,speed_bump,Kaggle_speed_bump_dataset,kaggle_speed_bump::train::bump::VIDEO0009_080.jpg,train,speed_bump,Kaggle_speed_bump_dataset,1,holdout_required_likely_near_duplicate
kaggle_speed_bump::train::bump::VIDEO0009_078.jpg,protected_test,speed_bump,Kaggle_speed_bump_dataset,kaggle_speed_bump::train::bump::VIDEO0009_081.jpg,validation,speed_bump,Kaggle_speed_bump_dataset,1,holdout_required_likely_near_duplicate
kaggle_speed_bump::train::bump::VIDEO0009_078.jpg,protected_test,speed_bump,Kaggle_speed_bump_dataset,kaggle_speed_bump::train::bump::VIDEO0009_082.jpg,validation,speed_bump,Kaggle_speed_bump_dataset,1,holdout_required_likely_near_duplicate
kaggle_speed_bump::train::bump::VIDEO0009_078.jpg,protected_test,speed_bump,Kaggle_speed_bump_dataset,kaggle_speed_bump::train::bump::VIDEO0009_083.jpg,train,speed_bump,Kaggle_speed_bump_dataset,1,holdout_required_likely_near_duplicate
kaggle_speed_bump::train::bump::VIDEO0009_078.jpg,protected_test,speed_bump,Kaggle_speed_bump_dataset,kaggle_speed_bump::train::bump::VIDEO0009_084.jpg,train,speed_bump,Kaggle_speed_bump_dataset,1,holdout_required_likely_near_duplicate
kaggle_speed_bump::train::bump::VIDEO0009_078.jpg,protected_test,speed_bump,Kaggle_speed_bump_dataset,kaggle_speed_bump::train::bump::VIDEO0009_085.jpg,train,speed_bump,Kaggle_speed_bump_dataset,1,holdout_required_likely_near_duplicate
kaggle_speed_bump::train::bump::VIDEO0009_078.jpg,protected_test,speed_bump,Kaggle_speed_bump_dataset,kaggle_speed_bump::train::bump::VIDEO0009_086.jpg,validation,speed_bump,Kaggle_speed_bump_dataset,1,holdout_required_likely_near_duplicate
kaggle_speed_bump::train::bump::VIDEO0009_136.jpg,train,speed_bump,Kaggle_speed_bump_dataset,kaggle_speed_bump::train::bump::VIDEO0009_137.jpg,validation,speed_bump,Kaggle_speed_bump_dataset,1,holdout_required_likely_near_duplicate
kaggle_speed_bump::train::bump::VIDEO0010_009.jpg,validation,speed_bump,Kaggle_speed_bump_dataset,kaggle_speed_bump::train::bump::VIDEO0010_010.jpg,train,speed_bump,Kaggle_speed_bump_dataset,1,holdout_required_likely_near_duplicate
kaggle_speed_bump::train::bump::VIDEO0011_016.jpg,protected_test,speed_bump,Kaggle_speed_bump_dataset,kaggle_speed_bump::train::bump::VIDEO0011_017.jpg,train,speed_bump,Kaggle_speed_bump_dataset,1,holdout_required_likely_near_duplicate
kaggle_speed_bump::train::bump::VIDEO0011_046.jpg,validation,speed_bump,Kaggle_speed_bump_dataset,kaggle_speed_bump::train::bump::VIDEO0011_047.jpg,train,speed_bump,Kaggle_speed_bump_dataset,1,holdout_required_likely_near_duplicate
kaggle_speed_bump::train::bump::VIDEO0011_056.jpg,train,speed_bump,Kaggle_speed_bump_dataset,kaggle_speed_bump::train::bump::VIDEO0011_057.jpg,protected_test,speed_bump,Kaggle_speed_bump_dataset,1,holdout_required_likely_near_duplicate
kaggle_speed_bump::train::bump::VIDEO0011_061.jpg,train,speed_bump,Kaggle_speed_bump_dataset,kaggle_speed_bump::train::bump::VIDEO0011_063.jpg,validation,speed_bump,Kaggle_speed_bump_dataset,1,holdout_required_likely_near_duplicate
kaggle_speed_bump::train::bump::VIDEO0011_063.jpg,validation,speed_bump,Kaggle_speed_bump_dataset,kaggle_speed_bump::train::bump::VIDEO0011_065.jpg,train,speed_bump,Kaggle_speed_bump_dataset,1,holdout_required_likely_near_duplicate
kaggle_speed_bump::train::bump::VIDEO0011_064.jpg,validation,speed_bump,Kaggle_speed_bump_dataset,kaggle_speed_bump::train::bump::VIDEO0011_065.jpg,train,speed_bump,Kaggle_speed_bump_dataset,1,holdout_required_likely_near_duplicate
kaggle_speed_bump::train::bump::VIDEO0012_005.jpg,validation,speed_bump,Kaggle_speed_bump_dataset,kaggle_speed_bump::train::bump::VIDEO0012_006.jpg,train,speed_bump,Kaggle_speed_bump_dataset,1,holdout_required_likely_near_duplicate
kaggle_speed_bump::train::bump::VIDEO0012_005.jpg,validation,speed_bump,Kaggle_speed_bump_dataset,kaggle_speed_bump::train::bump::VIDEO0012_009.jpg,train,speed_bump,Kaggle_speed_bump_dataset,1,holdout_required_likely_near_duplicate
kaggle_speed_bump::train::bump::VIDEO0012_010.jpg,validation,speed_bump,Kaggle_speed_bump_dataset,kaggle_speed_bump::train::bump::VIDEO0012_011.jpg,train,speed_bump,Kaggle_speed_bump_dataset,1,holdout_required_likely_near_duplicate
kaggle_speed_bump::train::bump::VIDEO0012_015.jpg,protected_test,speed_bump,Kaggle_speed_bump_dataset,kaggle_speed_bump::train::bump::VIDEO0012_016.jpg,validation,speed_bump,Kaggle_speed_bump_dataset,1,holdout_required_likely_near_duplicate
kaggle_speed_bump::train::bump::VIDEO0012_017.jpg,train,speed_bump,Kaggle_speed_bump_dataset,kaggle_speed_bump::train::bump::VIDEO0012_018.jpg,validation,speed_bump,Kaggle_speed_bump_dataset,1,holdout_required_likely_near_duplicate
kaggle_speed_bump::train::bump::VIDEO0012_021.jpg,validation,speed_bump,Kaggle_speed_bump_dataset,kaggle_speed_bump::train::bump::VIDEO0012_022.jpg,train,speed_bump,Kaggle_speed_bump_dataset,1,holdout_required_likely_near_duplicate
kaggle_speed_bump::train::bump::VIDEO0012_026.jpg,validation,speed_bump,Kaggle_speed_bump_dataset,kaggle_speed_bump::train::bump::VIDEO0012_027.jpg,train,speed_bump,Kaggle_speed_bump_dataset,1,holdout_required_likely_near_duplicate
kaggle_speed_bump::train::bump::VIDEO0012_026.jpg,validation,speed_bump,Kaggle_speed_bump_dataset,kaggle_speed_bump::train::bump::VIDEO0012_028.jpg,train,speed_bump,Kaggle_speed_bump_dataset,1,holdout_required_likely_near_duplicate
kaggle_speed_bump::train::bump::VIDEO0012_033.jpg,validation,speed_bump,Kaggle_speed_bump_dataset,kaggle_speed_bump::train::bump::VIDEO0012_034.jpg,protected_test,speed_bump,Kaggle_speed_bump_dataset,1,holdout_required_likely_near_duplicate
kaggle_speed_bump::train::bump::VIDEO0012_044.jpg,protected_test,speed_bump,Kaggle_speed_bump_dataset,kaggle_speed_bump::train::bump::VIDEO0012_048.jpg,validation,speed_bump,Kaggle_speed_bump_dataset,1,holdout_required_likely_near_duplicate
kaggle_speed_bump::train::bump::VIDEO0012_044.jpg,protected_test,speed_bump,Kaggle_speed_bump_dataset,kaggle_speed_bump::train::bump::VIDEO0012_049.jpg,train,speed_bump,Kaggle_speed_bump_dataset,1,holdout_required_likely_near_duplicate
kaggle_speed_bump::train::bump::VIDEO0012_052.jpg,train,speed_bump,Kaggle_speed_bump_dataset,kaggle_speed_bump::train::bump::VIDEO0012_056.jpg,validation,speed_bump,Kaggle_speed_bump_dataset,1,holdout_required_likely_near_duplicate
kaggle_speed_bump::train::bump::VIDEO0012_053.jpg,train,speed_bump,Kaggle_speed_bump_dataset,kaggle_speed_bump::train::bump::VIDEO0012_059.jpg,validation,speed_bump,Kaggle_speed_bump_dataset,1,holdout_required_likely_near_duplicate
kaggle_speed_bump::train::bump::VIDEO0012_058.jpg,protected_test,speed_bump,Kaggle_speed_bump_dataset,kaggle_speed_bump::train::bump::VIDEO0012_061.jpg,validation,speed_bump,Kaggle_speed_bump_dataset,1,holdout_required_likely_near_duplicate
kaggle_speed_bump::train::bump::VIDEO0012_059.jpg,validation,speed_bump,Kaggle_speed_bump_dataset,kaggle_speed_bump::train::bump::VIDEO0012_060.jpg,train,speed_bump,Kaggle_speed_bump_dataset,1,holdout_required_likely_near_duplicate
kaggle_speed_bump::train::bump::VIDEO0012_063.jpg,protected_test,speed_bump,Kaggle_speed_bump_dataset,kaggle_speed_bump::train::bump::VIDEO0012_066.jpg,validation,speed_bump,Kaggle_speed_bump_dataset,1,holdout_required_likely_near_duplicate
kaggle_speed_bump::train::bump::VIDEO0012_065.jpg,train,speed_bump,Kaggle_speed_bump_dataset,kaggle_speed_bump::train::bump::VIDEO0012_066.jpg,validation,speed_bump,Kaggle_speed_bump_dataset,1,holdout_required_likely_near_duplicate
kaggle_speed_bump::train::bump::VIDEO0012_066.jpg,validation,speed_bump,Kaggle_speed_bump_dataset,kaggle_speed_bump::train::bump::VIDEO0012_067.jpg,train,speed_bump,Kaggle_speed_bump_dataset,1,holdout_required_likely_near_duplicate
kaggle_speed_bump::train::bump::VIDEO0016_019.jpg,validation,speed_bump,Kaggle_speed_bump_dataset,kaggle_speed_bump::train::bump::VIDEO0016_020.jpg,train,speed_bump,Kaggle_speed_bump_dataset,1,holdout_required_likely_near_duplicate
kaggle_speed_bump::train::bump::VIDEO0016_022.jpg,train,speed_bump,Kaggle_speed_bump_dataset,kaggle_speed_bump::train::bump::VIDEO0016_023.jpg,validation,speed_bump,Kaggle_speed_bump_dataset,1,holdout_required_likely_near_duplicate
kaggle_speed_bump::train::bump::VID_20190924_164355_000.jpg,validation,speed_bump,Kaggle_speed_bump_dataset,kaggle_speed_bump::train::bump::VID_20190924_164355_001.jpg,protected_test,speed_bump,Kaggle_speed_bump_dataset,1,holdout_required_likely_near_duplicate
kaggle_speed_bump::train::bump::VID_20190924_164355_025.jpg,train,speed_bump,Kaggle_speed_bump_dataset,kaggle_speed_bump::train::bump::VID_20190924_164355_026.jpg,validation,speed_bump,Kaggle_speed_bump_dataset,1,holdout_required_likely_near_duplicate
kaggle_speed_bump::train::bump::VID_20190924_164355_026.jpg,validation,speed_bump,Kaggle_speed_bump_dataset,kaggle_speed_bump::train::bump::VID_20190924_164355_027.jpg,train,speed_bump,Kaggle_speed_bump_dataset,1,holdout_required_likely_near_duplicate
kaggle_speed_bump::train::bump::VID_20190924_164420_015.jpg,train,speed_bump,Kaggle_speed_bump_dataset,kaggle_speed_bump::train::bump::VID_20190924_164420_017.jpg,protected_test,speed_bump,Kaggle_speed_bump_dataset,1,holdout_required_likely_near_duplicate
kaggle_speed_bump::train::bump::VID_20190924_164420_016.jpg,train,speed_bump,Kaggle_speed_bump_dataset,kaggle_speed_bump::train::bump::VID_20190924_164420_017.jpg,protected_test,speed_bump,Kaggle_speed_bump_dataset,1,holdout_required_likely_near_duplicate
kaggle_speed_bump::train::bump::VID_20190924_165230_054.jpg,train,speed_bump,Kaggle_speed_bump_dataset,kaggle_speed_bump::train::bump::VID_20190924_165230_055.jpg,protected_test,speed_bump,Kaggle_speed_bump_dataset,1,holdout_required_likely_near_duplicate
kaggle_speed_bump::train::bump::VID_20190924_165230_055.jpg,protected_test,speed_bump,Kaggle_speed_bump_dataset,kaggle_speed_bump::train::bump::VID_20190924_165230_056.jpg,train,speed_bump,Kaggle_speed_bump_dataset,1,holdout_required_likely_near_duplicate
svrdd::train::09002200011601121130375669S_1294451100_482773300,validation,crack,SVRDD_YOLO,svrdd::train::09002200011601121130387679S_1294451300_482772000,train,crack,SVRDD_YOLO,1,holdout_required_likely_near_duplicate
svrdd::train::09002200121707081359430712I_1294766000_481462000,train,repaired_road,SVRDD_YOLO,svrdd::train::09002200121707081359456922I_1294760200_481462100,protected_test,repaired_road,SVRDD_YOLO,1,holdout_required_likely_near_duplicate
svrdd::train::09002200121901201518447492L_1295682900_482048800,protected_test,repaired_road,SVRDD_YOLO,svrdd::train::09002200121901201518503652L_1295674500_482048000,train,repaired_road,SVRDD_YOLO,1,holdout_required_likely_near_duplicate
svrdd::train::0900220012200318160822499HJ_1294830900_480816500,validation,crack,SVRDD_YOLO,svrdd::train::0900220012200318160823499HJ_1294829500_480815400,train,crack,SVRDD_YOLO,1,holdout_required_likely_near_duplicate
v1::train::pothole::10c7b90b23f6_pothole741.jpg,validation,pothole,V1_Kaggle_pothole_detection,v1::train::pothole::c4a141b5ff7c_pothole193.jpg,train,pothole,V1_Kaggle_pothole_detection,1,holdout_required_likely_near_duplicate
v1::train::pothole::283e4691e831_pothole639.jpg,protected_test,pothole,V1_Kaggle_pothole_detection,v1::train::pothole::53fa457e6f39_pothole331.jpg,train,pothole,V1_Kaggle_pothole_detection,1,holdout_required_likely_near_duplicate
v1::train::pothole::68ac9c0053d3_pothole843.jpg,train,pothole,V1_Kaggle_pothole_detection,v1::train::pothole::ef149525a212_pothole207.jpg,protected_test,pothole,V1_Kaggle_pothole_detection,1,holdout_required_likely_near_duplicate
github_pothole::github_pothole::img-1002,validation,pothole,jaygala24_pothole_detection,v1::train::pothole::5f4341ecdefd_pothole83.jpg,train,pothole,V1_Kaggle_pothole_detection,2,holdout_required_likely_near_duplicate
github_pothole::github_pothole::img-1003,validation,pothole,jaygala24_pothole_detection,v1::train::pothole::a79052fefa88_pothole471.jpg,train,pothole,V1_Kaggle_pothole_detection,2,holdout_required_likely_near_duplicate
github_pothole::github_pothole::img-1017,train,pothole,jaygala24_pothole_detection,v1::train::pothole::1009ab5360ca_pothole353.jpg,validation,pothole,V1_Kaggle_pothole_detection,2,holdout_required_likely_near_duplicate
github_pothole::github_pothole::img-1020,train,pothole,jaygala24_pothole_detection,v1::train::pothole::0dfeebbe02f6_pothole857.jpg,validation,pothole,V1_Kaggle_pothole_detection,2,holdout_required_likely_near_duplicate
github_pothole::github_pothole::img-1036,protected_test,pothole,jaygala24_pothole_detection,github_pothole::github_pothole::img-302,train,pothole,jaygala24_pothole_detection,2,holdout_required_likely_near_duplicate
github_pothole::github_pothole::img-1054,protected_test,pothole,jaygala24_pothole_detection,github_pothole::github_pothole::img-657,validation,pothole,jaygala24_pothole_detection,2,holdout_required_likely_near_duplicate
github_pothole::github_pothole::img-1054,protected_test,pothole,jaygala24_pothole_detection,v1::train::pothole::fadd5e9bd782_pothole127.jpg,train,pothole,V1_Kaggle_pothole_detection,2,holdout_required_likely_near_duplicate
github_pothole::github_pothole::img-1061,protected_test,pothole,jaygala24_pothole_detection,v1::train::pothole::eee863dea9d3_pothole231.jpg,train,pothole,V1_Kaggle_pothole_detection,2,holdout_required_likely_near_duplicate
github_pothole::github_pothole::img-1070,protected_test,pothole,jaygala24_pothole_detection,github_pothole::github_pothole::img-434,train,pothole,jaygala24_pothole_detection,2,holdout_required_likely_near_duplicate
github_pothole::github_pothole::img-1075,train,pothole,jaygala24_pothole_detection,github_pothole::github_pothole::img-497,protected_test,pothole,jaygala24_pothole_detection,2,holdout_required_likely_near_duplicate
github_pothole::github_pothole::img-1077,train,pothole,jaygala24_pothole_detection,github_pothole::github_pothole::img-592,protected_test,pothole,jaygala24_pothole_detection,2,holdout_required_likely_near_duplicate
github_pothole::github_pothole::img-1090,protected_test,pothole,jaygala24_pothole_detection,github_pothole::github_pothole::img-432,train,pothole,jaygala24_pothole_detection,2,holdout_required_likely_near_duplicate
github_pothole::github_pothole::img-1090,protected_test,pothole,jaygala24_pothole_detection,v1::train::pothole::6b573535c552_pothole677.jpg,train,pothole,V1_Kaggle_pothole_detection,2,holdout_required_likely_near_duplicate
github_pothole::github_pothole::img-1125,train,pothole,jaygala24_pothole_detection,github_pothole::github_pothole::img-590,validation,pothole,jaygala24_pothole_detection,2,holdout_required_likely_near_duplicate
github_pothole::github_pothole::img-1131,protected_test,pothole,jaygala24_pothole_detection,v1::train::pothole::f2deab59335b_pothole911.jpg,train,pothole,V1_Kaggle_pothole_detection,2,holdout_required_likely_near_duplicate
github_pothole::github_pothole::img-1140,protected_test,pothole,jaygala24_pothole_detection,v1::train::pothole::68306b992e63_pothole415.jpg,train,pothole,V1_Kaggle_pothole_detection,2,holdout_required_likely_near_duplicate
github_pothole::github_pothole::img-1183,train,pothole,jaygala24_pothole_detection,v1::train::pothole::02a9af1a404a_pothole558.jpg,validation,pothole,V1_Kaggle_pothole_detection,2,holdout_required_likely_near_duplicate
github_pothole::github_pothole::img-1186,validation,pothole,jaygala24_pothole_detection,github_pothole::github_pothole::img-370,train,pothole,jaygala24_pothole_detection,2,holdout_required_likely_near_duplicate
github_pothole::github_pothole::img-303,train,pothole,jaygala24_pothole_detection,v1::train::pothole::8b78fa1f06ef_pothole564.jpg,protected_test,pothole,V1_Kaggle_pothole_detection,2,holdout_required_likely_near_duplicate
github_pothole::github_pothole::img-324,validation,pothole,jaygala24_pothole_detection,github_pothole::github_pothole::img-682,train,pothole,jaygala24_pothole_detection,2,holdout_required_likely_near_duplicate
github_pothole::github_pothole::img-335,train,pothole,jaygala24_pothole_detection,v1::train::pothole::bca9b0ff5e00_pothole516.jpg,protected_test,pothole,V1_Kaggle_pothole_detection,2,holdout_required_likely_near_duplicate
github_pothole::github_pothole::img-345,validation,pothole,jaygala24_pothole_detection,v1::train::pothole::1f55d217262e_pothole807.jpg,train,pothole,V1_Kaggle_pothole_detection,2,holdout_required_likely_near_duplicate
github_pothole::github_pothole::img-348,protected_test,pothole,jaygala24_pothole_detection,github_pothole::github_pothole::img-749,validation,pothole,jaygala24_pothole_detection,2,holdout_required_likely_near_duplicate
github_pothole::github_pothole::img-364,train,pothole,jaygala24_pothole_detection,v1::train::pothole::8d2c3a177bc8_pothole740.jpg,protected_test,pothole,V1_Kaggle_pothole_detection,2,holdout_required_likely_near_duplicate
github_pothole::github_pothole::img-374,validation,pothole,jaygala24_pothole_detection,v1::train::pothole::68a678b0db6d_pothole578.jpg,train,pothole,V1_Kaggle_pothole_detection,2,holdout_required_likely_near_duplicate
github_pothole::github_pothole::img-383,train,pothole,jaygala24_pothole_detection,github_pothole::github_pothole::img-900,validation,pothole,jaygala24_pothole_detection,2,holdout_required_likely_near_duplicate
github_pothole::github_pothole::img-404,protected_test,pothole,jaygala24_pothole_detection,v1::train::pothole::29b1765b36a0_pothole63.jpg,train,pothole,V1_Kaggle_pothole_detection,2,holdout_required_likely_near_duplicate
github_pothole::github_pothole::img-421,train,pothole,jaygala24_pothole_detection,v1::train::pothole::0236f588a153_pothole253.jpg,validation,pothole,V1_Kaggle_pothole_detection,2,holdout_required_likely_near_duplicate
github_pothole::github_pothole::img-434,train,pothole,jaygala24_pothole_detection,v1::train::pothole::6ac3cd7edbe9_pothole749.jpg,protected_test,pothole,V1_Kaggle_pothole_detection,2,holdout_required_likely_near_duplicate
github_pothole::github_pothole::img-447,protected_test,pothole,jaygala24_pothole_detection,v1::train::pothole::2e60a1c4eeac_pothole656.jpg,validation,pothole,V1_Kaggle_pothole_detection,2,holdout_required_likely_near_duplicate
github_pothole::github_pothole::img-458,train,pothole,jaygala24_pothole_detection,github_pothole::github_pothole::img-861,protected_test,pothole,jaygala24_pothole_detection,2,holdout_required_likely_near_duplicate
github_pothole::github_pothole::img-473,protected_test,pothole,jaygala24_pothole_detection,v1::train::pothole::3d6f4810a7a4_pothole660.jpg,train,pothole,V1_Kaggle_pothole_detection,2,holdout_required_likely_near_duplicate
github_pothole::github_pothole::img-482,validation,pothole,jaygala24_pothole_detection,v1::train::pothole::2e00d7730be8_pothole20.jpg,protected_test,pothole,V1_Kaggle_pothole_detection,2,holdout_required_likely_near_duplicate
github_pothole::github_pothole::img-489,train,pothole,jaygala24_pothole_detection,v1::train::pothole::51c5be248910_pothole935.jpg,protected_test,pothole,V1_Kaggle_pothole_detection,2,holdout_required_likely_near_duplicate
github_pothole::github_pothole::img-500,protected_test,pothole,jaygala24_pothole_detection,github_pothole::github_pothole::img-674,train,pothole,jaygala24_pothole_detection,2,holdout_required_likely_near_duplicate
github_pothole::github_pothole::img-523,train,pothole,jaygala24_pothole_detection,github_pothole::github_pothole::img-966,validation,pothole,jaygala24_pothole_detection,2,holdout_required_likely_near_duplicate
github_pothole::github_pothole::img-523,train,pothole,jaygala24_pothole_detection,v1::train::pothole::3687563c5339_pothole143.jpg,validation,pothole,V1_Kaggle_pothole_detection,2,holdout_required_likely_near_duplicate
github_pothole::github_pothole::img-529,train,pothole,jaygala24_pothole_detection,v1::train::pothole::ccfb16773cce_pothole305.jpg,protected_test,pothole,V1_Kaggle_pothole_detection,2,holdout_required_likely_near_duplicate
github_pothole::github_pothole::img-542,protected_test,pothole,jaygala24_pothole_detection,github_pothole::github_pothole::img-831,train,pothole,jaygala24_pothole_detection,2,holdout_required_likely_near_duplicate
github_pothole::github_pothole::img-555,validation,pothole,jaygala24_pothole_detection,github_pothole::github_pothole::img-695,train,pothole,jaygala24_pothole_detection,2,holdout_required_likely_near_duplicate
github_pothole::github_pothole::img-572,train,pothole,jaygala24_pothole_detection,github_pothole::github_pothole::img-715,validation,pothole,jaygala24_pothole_detection,2,holdout_required_likely_near_duplicate
github_pothole::github_pothole::img-574,protected_test,pothole,jaygala24_pothole_detection,github_pothole::github_pothole::img-790,train,pothole,jaygala24_pothole_detection,2,holdout_required_likely_near_duplicate
github_pothole::github_pothole::img-575,validation,pothole,jaygala24_pothole_detection,v1::train::pothole::9333c2d6a01a_pothole757.jpg,train,pothole,V1_Kaggle_pothole_detection,2,holdout_required_likely_near_duplicate
github_pothole::github_pothole::img-578,validation,pothole,jaygala24_pothole_detection,v1::train::pothole::db4e18dfd5f7_pothole759.jpg,train,pothole,V1_Kaggle_pothole_detection,2,holdout_required_likely_near_duplicate
github_pothole::github_pothole::img-599,train,pothole,jaygala24_pothole_detection,v1::train::pothole::88c2536c2074_pothole503.jpg,protected_test,pothole,V1_Kaggle_pothole_detection,2,holdout_required_likely_near_duplicate
github_pothole::github_pothole::img-644,protected_test,pothole,jaygala24_pothole_detection,v1::train::pothole::c8fadc278d06_pothole682.jpg,validation,pothole,V1_Kaggle_pothole_detection,2,holdout_required_likely_near_duplicate
github_pothole::github_pothole::img-650,protected_test,pothole,jaygala24_pothole_detection,github_pothole::github_pothole::img-860,train,pothole,jaygala24_pothole_detection,2,holdout_required_likely_near_duplicate
github_pothole::github_pothole::img-651,protected_test,pothole,jaygala24_pothole_detection,github_pothole::github_pothole::img-931,train,pothole,jaygala24_pothole_detection,2,holdout_required_likely_near_duplicate
github_pothole::github_pothole::img-655,protected_test,pothole,jaygala24_pothole_detection,github_pothole::github_pothole::img-992,train,pothole,jaygala24_pothole_detection,2,holdout_required_likely_near_duplicate
github_pothole::github_pothole::img-695,train,pothole,jaygala24_pothole_detection,v1::train::pothole::6066d1670b30_pothole50.jpg,validation,pothole,V1_Kaggle_pothole_detection,2,holdout_required_likely_near_duplicate
github_pothole::github_pothole::img-746,train,pothole,jaygala24_pothole_detection,v1::train::pothole::49d574378974_pothole237.jpg,validation,pothole,V1_Kaggle_pothole_detection,2,holdout_required_likely_near_duplicate
github_pothole::github_pothole::img-829,train,pothole,jaygala24_pothole_detection,v1::train::pothole::a712dcf6947f_pothole915.jpg,protected_test,pothole,V1_Kaggle_pothole_detection,2,holdout_required_likely_near_duplicate
github_pothole::github_pothole::img-843,train,pothole,jaygala24_pothole_detection,v1::train::pothole::3792e53f61c9_pothole828.jpg,validation,pothole,V1_Kaggle_pothole_detection,2,holdout_required_likely_near_duplicate
github_pothole::github_pothole::img-856,train,pothole,jaygala24_pothole_detection,v1::train::pothole::c8fadc278d06_pothole682.jpg,validation,pothole,V1_Kaggle_pothole_detection,2,holdout_required_likely_near_duplicate
github_pothole::github_pothole::img-901,protected_test,pothole,jaygala24_pothole_detection,v1::train::pothole::d6f2b12effcc_pothole923.jpg,train,pothole,V1_Kaggle_pothole_detection,2,holdout_required_likely_near_duplicate
github_pothole::github_pothole::img-906,train,pothole,jaygala24_pothole_detection,v1::train::pothole::abaed391b5e7_pothole113.jpg,validation,pothole,V1_Kaggle_pothole_detection,2,holdout_required_likely_near_duplicate
github_pothole::github_pothole::img-923,protected_test,pothole,jaygala24_pothole_detection,v1::train::pothole::c68f9f4e765c_pothole903.jpg,train,pothole,V1_Kaggle_pothole_detection,2,holdout_required_likely_near_duplicate
github_pothole::github_pothole::img-946,validation,pothole,jaygala24_pothole_detection,v1::train::pothole::541f441e9b22_pothole744.jpg,train,pothole,V1_Kaggle_pothole_detection,2,holdout_required_likely_near_duplicate
github_pothole::github_pothole::img-964,protected_test,pothole,jaygala24_pothole_detection,v1::train::pothole::541f441e9b22_pothole744.jpg,train,pothole,V1_Kaggle_pothole_detection,2,holdout_required_likely_near_duplicate
kaggle_speed_bump::train::bump::Image00087.jpg,train,speed_bump,Kaggle_speed_bump_dataset,kaggle_speed_bump::train::bump::Image00089.jpg,protected_test,speed_bump,Kaggle_speed_bump_dataset,2,holdout_required_likely_near_duplicate
kaggle_speed_bump::train::bump::VIDEO0004_065.jpg,train,speed_bump,Kaggle_speed_bump_dataset,kaggle_speed_bump::train::bump::VIDEO0004_066.jpg,protected_test,speed_bump,Kaggle_speed_bump_dataset,2,holdout_required_likely_near_duplicate
kaggle_speed_bump::train::bump::VIDEO0005_015.jpg,protected_test,speed_bump,Kaggle_speed_bump_dataset,kaggle_speed_bump::train::bump::VIDEO0005_016.jpg,validation,speed_bump,Kaggle_speed_bump_dataset,2,holdout_required_likely_near_duplicate
kaggle_speed_bump::train::bump::VIDEO0005_049.jpg,train,speed_bump,Kaggle_speed_bump_dataset,kaggle_speed_bump::train::bump::VIDEO0005_050.jpg,validation,speed_bump,Kaggle_speed_bump_dataset,2,holdout_required_likely_near_duplicate
kaggle_speed_bump::train::bump::VIDEO0006_057.jpg,protected_test,speed_bump,Kaggle_speed_bump_dataset,kaggle_speed_bump::train::bump::VIDEO0006_058.jpg,train,speed_bump,Kaggle_speed_bump_dataset,2,holdout_required_likely_near_duplicate
kaggle_speed_bump::train::bump::VIDEO0007_017.jpg,validation,speed_bump,Kaggle_speed_bump_dataset,kaggle_speed_bump::train::bump::VIDEO0007_018.jpg,train,speed_bump,Kaggle_speed_bump_dataset,2,holdout_required_likely_near_duplicate
kaggle_speed_bump::train::bump::VIDEO0008_015.jpg,train,speed_bump,Kaggle_speed_bump_dataset,kaggle_speed_bump::train::bump::VIDEO0008_017.jpg,protected_test,speed_bump,Kaggle_speed_bump_dataset,2,holdout_required_likely_near_duplicate
kaggle_speed_bump::train::bump::VIDEO0008_017.jpg,protected_test,speed_bump,Kaggle_speed_bump_dataset,kaggle_speed_bump::train::bump::VIDEO0008_018.jpg,train,speed_bump,Kaggle_speed_bump_dataset,2,holdout_required_likely_near_duplicate
kaggle_speed_bump::train::bump::VIDEO0008_017.jpg,protected_test,speed_bump,Kaggle_speed_bump_dataset,kaggle_speed_bump::train::bump::VIDEO0008_021.jpg,train,speed_bump,Kaggle_speed_bump_dataset,2,holdout_required_likely_near_duplicate
kaggle_speed_bump::train::bump::VIDEO0009_000.jpg,protected_test,speed_bump,Kaggle_speed_bump_dataset,kaggle_speed_bump::train::bump::VIDEO0009_001.jpg,train,speed_bump,Kaggle_speed_bump_dataset,2,holdout_required_likely_near_duplicate
kaggle_speed_bump::train::bump::VIDEO0009_003.jpg,train,speed_bump,Kaggle_speed_bump_dataset,kaggle_speed_bump::train::bump::VIDEO0009_005.jpg,validation,speed_bump,Kaggle_speed_bump_dataset,2,holdout_required_likely_near_duplicate
kaggle_speed_bump::train::bump::VIDEO0009_005.jpg,validation,speed_bump,Kaggle_speed_bump_dataset,kaggle_speed_bump::train::bump::VIDEO0009_006.jpg,train,speed_bump,Kaggle_speed_bump_dataset,2,holdout_required_likely_near_duplicate
kaggle_speed_bump::train::bump::VIDEO0009_024.jpg,validation,speed_bump,Kaggle_speed_bump_dataset,kaggle_speed_bump::train::bump::VIDEO0009_025.jpg,train,speed_bump,Kaggle_speed_bump_dataset,2,holdout_required_likely_near_duplicate
kaggle_speed_bump::train::bump::VIDEO0009_040.jpg,train,speed_bump,Kaggle_speed_bump_dataset,kaggle_speed_bump::train::bump::VIDEO0009_041.jpg,protected_test,speed_bump,Kaggle_speed_bump_dataset,2,holdout_required_likely_near_duplicate
kaggle_speed_bump::train::bump::VIDEO0009_041.jpg,protected_test,speed_bump,Kaggle_speed_bump_dataset,kaggle_speed_bump::train::bump::VIDEO0009_042.jpg,train,speed_bump,Kaggle_speed_bump_dataset,2,holdout_required_likely_near_duplicate
kaggle_speed_bump::train::bump::VIDEO0009_050.jpg,train,speed_bump,Kaggle_speed_bump_dataset,kaggle_speed_bump::train::bump::VIDEO0009_051.jpg,validation,speed_bump,Kaggle_speed_bump_dataset,2,holdout_required_likely_near_duplicate
kaggle_speed_bump::train::bump::VIDEO0009_052.jpg,validation,speed_bump,Kaggle_speed_bump_dataset,kaggle_speed_bump::train::bump::VIDEO0009_053.jpg,train,speed_bump,Kaggle_speed_bump_dataset,2,holdout_required_likely_near_duplicate
kaggle_speed_bump::train::bump::VIDEO0009_052.jpg,validation,speed_bump,Kaggle_speed_bump_dataset,kaggle_speed_bump::train::bump::VIDEO0009_056.jpg,train,speed_bump,Kaggle_speed_bump_dataset,2,holdout_required_likely_near_duplicate
kaggle_speed_bump::train::bump::VIDEO0009_052.jpg,validation,speed_bump,Kaggle_speed_bump_dataset,kaggle_speed_bump::train::bump::VIDEO0009_057.jpg,train,speed_bump,Kaggle_speed_bump_dataset,2,holdout_required_likely_near_duplicate
kaggle_speed_bump::train::bump::VIDEO0009_052.jpg,validation,speed_bump,Kaggle_speed_bump_dataset,kaggle_speed_bump::train::bump::VIDEO0009_059.jpg,train,speed_bump,Kaggle_speed_bump_dataset,2,holdout_required_likely_near_duplicate
kaggle_speed_bump::train::bump::VIDEO0009_052.jpg,validation,speed_bump,Kaggle_speed_bump_dataset,kaggle_speed_bump::train::bump::VIDEO0009_060.jpg,train,speed_bump,Kaggle_speed_bump_dataset,2,holdout_required_likely_near_duplicate
kaggle_speed_bump::train::bump::VIDEO0009_052.jpg,validation,speed_bump,Kaggle_speed_bump_dataset,kaggle_speed_bump::train::bump::VIDEO0009_062.jpg,protected_test,speed_bump,Kaggle_speed_bump_dataset,2,holdout_required_likely_near_duplicate
kaggle_speed_bump::train::bump::VIDEO0009_054.jpg,train,speed_bump,Kaggle_speed_bump_dataset,kaggle_speed_bump::train::bump::VIDEO0009_061.jpg,protected_test,speed_bump,Kaggle_speed_bump_dataset,2,holdout_required_likely_near_duplicate
kaggle_speed_bump::train::bump::VIDEO0009_054.jpg,train,speed_bump,Kaggle_speed_bump_dataset,kaggle_speed_bump::train::bump::VIDEO0009_064.jpg,protected_test,speed_bump,Kaggle_speed_bump_dataset,2,holdout_required_likely_near_duplicate
kaggle_speed_bump::train::bump::VIDEO0009_055.jpg,train,speed_bump,Kaggle_speed_bump_dataset,kaggle_speed_bump::train::bump::VIDEO0009_061.jpg,protected_test,speed_bump,Kaggle_speed_bump_dataset,2,holdout_required_likely_near_duplicate
kaggle_speed_bump::train::bump::VIDEO0009_055.jpg,train,speed_bump,Kaggle_speed_bump_dataset,kaggle_speed_bump::train::bump::VIDEO0009_064.jpg,protected_test,speed_bump,Kaggle_speed_bump_dataset,2,holdout_required_likely_near_duplicate
kaggle_speed_bump::train::bump::VIDEO0009_058.jpg,validation,speed_bump,Kaggle_speed_bump_dataset,kaggle_speed_bump::train::bump::VIDEO0009_068.jpg,train,speed_bump,Kaggle_speed_bump_dataset,2,holdout_required_likely_near_duplicate
kaggle_speed_bump::train::bump::VIDEO0009_058.jpg,validation,speed_bump,Kaggle_speed_bump_dataset,kaggle_speed_bump::train::bump::VIDEO0009_070.jpg,train,speed_bump,Kaggle_speed_bump_dataset,2,holdout_required_likely_near_duplicate
kaggle_speed_bump::train::bump::VIDEO0009_058.jpg,validation,speed_bump,Kaggle_speed_bump_dataset,kaggle_speed_bump::train::bump::VIDEO0009_087.jpg,train,speed_bump,Kaggle_speed_bump_dataset,2,holdout_required_likely_near_duplicate
kaggle_speed_bump::train::bump::VIDEO0009_061.jpg,protected_test,speed_bump,Kaggle_speed_bump_dataset,kaggle_speed_bump::train::bump::VIDEO0009_063.jpg,train,speed_bump,Kaggle_speed_bump_dataset,2,holdout_required_likely_near_duplicate
kaggle_speed_bump::train::bump::VIDEO0009_061.jpg,protected_test,speed_bump,Kaggle_speed_bump_dataset,kaggle_speed_bump::train::bump::VIDEO0009_065.jpg,train,speed_bump,Kaggle_speed_bump_dataset,2,holdout_required_likely_near_duplicate
kaggle_speed_bump::train::bump::VIDEO0009_061.jpg,protected_test,speed_bump,Kaggle_speed_bump_dataset,kaggle_speed_bump::train::bump::VIDEO0009_066.jpg,train,speed_bump,Kaggle_speed_bump_dataset,2,holdout_required_likely_near_duplicate
kaggle_speed_bump::train::bump::VIDEO0009_061.jpg,protected_test,speed_bump,Kaggle_speed_bump_dataset,kaggle_speed_bump::train::bump::VIDEO0009_067.jpg,train,speed_bump,Kaggle_speed_bump_dataset,2,holdout_required_likely_near_duplicate
kaggle_speed_bump::train::bump::VIDEO0009_061.jpg,protected_test,speed_bump,Kaggle_speed_bump_dataset,kaggle_speed_bump::train::bump::VIDEO0009_069.jpg,train,speed_bump,Kaggle_speed_bump_dataset,2,holdout_required_likely_near_duplicate
kaggle_speed_bump::train::bump::VIDEO0009_062.jpg,protected_test,speed_bump,Kaggle_speed_bump_dataset,kaggle_speed_bump::train::bump::VIDEO0009_068.jpg,train,speed_bump,Kaggle_speed_bump_dataset,2,holdout_required_likely_near_duplicate
kaggle_speed_bump::train::bump::VIDEO0009_062.jpg,protected_test,speed_bump,Kaggle_speed_bump_dataset,kaggle_speed_bump::train::bump::VIDEO0009_070.jpg,train,speed_bump,Kaggle_speed_bump_dataset,2,holdout_required_likely_near_duplicate
kaggle_speed_bump::train::bump::VIDEO0009_062.jpg,protected_test,speed_bump,Kaggle_speed_bump_dataset,kaggle_speed_bump::train::bump::VIDEO0009_087.jpg,train,speed_bump,Kaggle_speed_bump_dataset,2,holdout_required_likely_near_duplicate
kaggle_speed_bump::train::bump::VIDEO0009_137.jpg,validation,speed_bump,Kaggle_speed_bump_dataset,kaggle_speed_bump::train::bump::VIDEO0009_138.jpg,train,speed_bump,Kaggle_speed_bump_dataset,2,holdout_required_likely_near_duplicate
kaggle_speed_bump::train::bump::VIDEO0010_002.jpg,train,speed_bump,Kaggle_speed_bump_dataset,kaggle_speed_bump::train::bump::VIDEO0010_003.jpg,validation,speed_bump,Kaggle_speed_bump_dataset,2,holdout_required_likely_near_duplicate
kaggle_speed_bump::train::bump::VIDEO0010_011.jpg,train,speed_bump,Kaggle_speed_bump_dataset,kaggle_speed_bump::train::bump::VIDEO0010_012.jpg,protected_test,speed_bump,Kaggle_speed_bump_dataset,2,holdout_required_likely_near_duplicate
kaggle_speed_bump::train::bump::VIDEO0011_009.jpg,validation,speed_bump,Kaggle_speed_bump_dataset,kaggle_speed_bump::train::bump::VIDEO0011_010.jpg,train,speed_bump,Kaggle_speed_bump_dataset,2,holdout_required_likely_near_duplicate
kaggle_speed_bump::train::bump::VIDEO0011_049.jpg,train,speed_bump,Kaggle_speed_bump_dataset,kaggle_speed_bump::train::bump::VIDEO0011_051.jpg,protected_test,speed_bump,Kaggle_speed_bump_dataset,2,holdout_required_likely_near_duplicate
kaggle_speed_bump::train::bump::VIDEO0011_050.jpg,train,speed_bump,Kaggle_speed_bump_dataset,kaggle_speed_bump::train::bump::VIDEO0011_051.jpg,protected_test,speed_bump,Kaggle_speed_bump_dataset,2,holdout_required_likely_near_duplicate
kaggle_speed_bump::train::bump::VIDEO0011_061.jpg,train,speed_bump,Kaggle_speed_bump_dataset,kaggle_speed_bump::train::bump::VIDEO0011_062.jpg,validation,speed_bump,Kaggle_speed_bump_dataset,2,holdout_required_likely_near_duplicate
kaggle_speed_bump::train::bump::VIDEO0012_000.jpg,protected_test,speed_bump,Kaggle_speed_bump_dataset,kaggle_speed_bump::train::bump::VIDEO0012_001.jpg,train,speed_bump,Kaggle_speed_bump_dataset,2,holdout_required_likely_near_duplicate
kaggle_speed_bump::train::bump::VIDEO0012_003.jpg,protected_test,speed_bump,Kaggle_speed_bump_dataset,kaggle_speed_bump::train::bump::VIDEO0012_004.jpg,validation,speed_bump,Kaggle_speed_bump_dataset,2,holdout_required_likely_near_duplicate
kaggle_speed_bump::train::bump::VIDEO0012_011.jpg,train,speed_bump,Kaggle_speed_bump_dataset,kaggle_speed_bump::train::bump::VIDEO0012_013.jpg,validation,speed_bump,Kaggle_speed_bump_dataset,2,holdout_required_likely_near_duplicate
kaggle_speed_bump::train::bump::VIDEO0012_011.jpg,train,speed_bump,Kaggle_speed_bump_dataset,kaggle_speed_bump::train::bump::VIDEO0012_014.jpg,protected_test,speed_bump,Kaggle_speed_bump_dataset,2,holdout_required_likely_near_duplicate
kaggle_speed_bump::train::bump::VIDEO0012_016.jpg,validation,speed_bump,Kaggle_speed_bump_dataset,kaggle_speed_bump::train::bump::VIDEO0012_017.jpg,train,speed_bump,Kaggle_speed_bump_dataset,2,holdout_required_likely_near_duplicate
kaggle_speed_bump::train::bump::VIDEO0012_018.jpg,validation,speed_bump,Kaggle_speed_bump_dataset,kaggle_speed_bump::train::bump::VIDEO0012_020.jpg,train,speed_bump,Kaggle_speed_bump_dataset,2,holdout_required_likely_near_duplicate
kaggle_speed_bump::train::bump::VIDEO0012_034.jpg,protected_test,speed_bump,Kaggle_speed_bump_dataset,kaggle_speed_bump::train::bump::VIDEO0012_036.jpg,train,speed_bump,Kaggle_speed_bump_dataset,2,holdout_required_likely_near_duplicate
kaggle_speed_bump::train::bump::VIDEO0012_053.jpg,train,speed_bump,Kaggle_speed_bump_dataset,kaggle_speed_bump::train::bump::VIDEO0012_056.jpg,validation,speed_bump,Kaggle_speed_bump_dataset,2,holdout_required_likely_near_duplicate
kaggle_speed_bump::train::bump::VIDEO0012_054.jpg,train,speed_bump,Kaggle_speed_bump_dataset,kaggle_speed_bump::train::bump::VIDEO0012_055.jpg,protected_test,speed_bump,Kaggle_speed_bump_dataset,2,holdout_required_likely_near_duplicate
kaggle_speed_bump::train::bump::VIDEO0012_061.jpg,validation,speed_bump,Kaggle_speed_bump_dataset,kaggle_speed_bump::train::bump::VIDEO0012_062.jpg,train,speed_bump,Kaggle_speed_bump_dataset,2,holdout_required_likely_near_duplicate
kaggle_speed_bump::train::bump::VIDEO0012_062.jpg,train,speed_bump,Kaggle_speed_bump_dataset,kaggle_speed_bump::train::bump::VIDEO0012_066.jpg,validation,speed_bump,Kaggle_speed_bump_dataset,2,holdout_required_likely_near_duplicate
kaggle_speed_bump::train::bump::VIDEO0012_063.jpg,protected_test,speed_bump,Kaggle_speed_bump_dataset,kaggle_speed_bump::train::bump::VIDEO0012_068.jpg,train,speed_bump,Kaggle_speed_bump_dataset,2,holdout_required_likely_near_duplicate
kaggle_speed_bump::train::bump::VIDEO0012_064.jpg,validation,speed_bump,Kaggle_speed_bump_dataset,kaggle_speed_bump::train::bump::VIDEO0012_068.jpg,train,speed_bump,Kaggle_speed_bump_dataset,2,holdout_required_likely_near_duplicate
kaggle_speed_bump::train::bump::VIDEO0015_004.jpg,validation,speed_bump,Kaggle_speed_bump_dataset,kaggle_speed_bump::train::bump::VIDEO0015_005.jpg,train,speed_bump,Kaggle_speed_bump_dataset,2,holdout_required_likely_near_duplicate
kaggle_speed_bump::train::bump::VIDEO0015_093.jpg,validation,speed_bump,Kaggle_speed_bump_dataset,kaggle_speed_bump::train::bump::VIDEO0015_094.jpg,train,speed_bump,Kaggle_speed_bump_dataset,2,holdout_required_likely_near_duplicate
kaggle_speed_bump::train::bump::VIDEO0016_016.jpg,train,speed_bump,Kaggle_speed_bump_dataset,kaggle_speed_bump::train::bump::VIDEO0016_019.jpg,validation,speed_bump,Kaggle_speed_bump_dataset,2,holdout_required_likely_near_duplicate
kaggle_speed_bump::train::bump::VIDEO0016_018.jpg,train,speed_bump,Kaggle_speed_bump_dataset,kaggle_speed_bump::train::bump::VIDEO0016_019.jpg,validation,speed_bump,Kaggle_speed_bump_dataset,2,holdout_required_likely_near_duplicate
kaggle_speed_bump::train::bump::VIDEO0016_021.jpg,protected_test,speed_bump,Kaggle_speed_bump_dataset,kaggle_speed_bump::train::bump::VIDEO0016_026.jpg,train,speed_bump,Kaggle_speed_bump_dataset,2,holdout_required_likely_near_duplicate
kaggle_speed_bump::train::bump::VIDEO0016_031.jpg,train,speed_bump,Kaggle_speed_bump_dataset,kaggle_speed_bump::train::bump::VIDEO0016_032.jpg,validation,speed_bump,Kaggle_speed_bump_dataset,2,holdout_required_likely_near_duplicate
kaggle_speed_bump::train::bump::VID_20190924_164420_002.jpg,validation,speed_bump,Kaggle_speed_bump_dataset,kaggle_speed_bump::train::bump::VID_20190924_164420_003.jpg,train,speed_bump,Kaggle_speed_bump_dataset,2,holdout_required_likely_near_duplicate
kaggle_speed_bump::train::bump::VID_20190924_164420_006.jpg,protected_test,speed_bump,Kaggle_speed_bump_dataset,kaggle_speed_bump::train::bump::VID_20190924_164420_007.jpg,train,speed_bump,Kaggle_speed_bump_dataset,2,holdout_required_likely_near_duplicate
kaggle_speed_bump::train::bump::VID_20190924_164420_012.jpg,train,speed_bump,Kaggle_speed_bump_dataset,kaggle_speed_bump::train::bump::VID_20190924_164420_013.jpg,validation,speed_bump,Kaggle_speed_bump_dataset,2,holdout_required_likely_near_duplicate
kaggle_speed_bump::train::bump::VID_20190924_165230_056.jpg,train,speed_bump,Kaggle_speed_bump_dataset,kaggle_speed_bump::train::bump::VID_20190924_165230_057.jpg,validation,speed_bump,Kaggle_speed_bump_dataset,2,holdout_required_likely_near_duplicate
kaggle_speed_bump::train::bump::VID_20190924_165327_075.jpg,protected_test,speed_bump,Kaggle_speed_bump_dataset,kaggle_speed_bump::train::bump::VID_20190924_165327_076.jpg,validation,speed_bump,Kaggle_speed_bump_dataset,2,holdout_required_likely_near_duplicate
svrdd::train::09002200121901201518503652L_1295674500_482048000,train,repaired_road,SVRDD_YOLO,svrdd::train::09002200121901201518529232L_1295670300_482047500,protected_test,repaired_road,SVRDD_YOLO,2,holdout_required_likely_near_duplicate
svrdd::train::09002200121901201518529232L_1295670300_482047500,protected_test,repaired_road,SVRDD_YOLO,svrdd::train::09002200121901201518568702L_1295663600_482046800,train,repaired_road,SVRDD_YOLO,2,holdout_required_likely_near_duplicate
svrdd::train::09002200121901201611404242L_1295666000_483173300,train,repaired_road,SVRDD_YOLO,svrdd::train::09002200121901201611416572L_1295663500_483173200,validation,repaired_road,SVRDD_YOLO,2,holdout_required_likely_near_duplicate
svrdd::train::09002200122003111331338436G_1296856000_482034500,protected_test,crack,SVRDD_YOLO,svrdd::train::09002200122003111331342816G_1296856000_482035100,train,crack,SVRDD_YOLO,2,holdout_required_likely_near_duplicate
v1::train::pothole::3792e53f61c9_pothole828.jpg,validation,pothole,V1_Kaggle_pothole_detection,v1::train::pothole::3ba78a1dca2e_pothole632.jpg,train,pothole,V1_Kaggle_pothole_detection,2,holdout_required_likely_near_duplicate
github_pothole::github_pothole::img-1055,protected_test,pothole,jaygala24_pothole_detection,github_pothole::github_pothole::img-423,validation,pothole,jaygala24_pothole_detection,3,holdout_required_likely_near_duplicate
github_pothole::github_pothole::img-1072,train,pothole,jaygala24_pothole_detection,v1::train::pothole::2e00d7730be8_pothole20.jpg,protected_test,pothole,V1_Kaggle_pothole_detection,3,holdout_required_likely_near_duplicate
github_pothole::github_pothole::img-1179,protected_test,pothole,jaygala24_pothole_detection,github_pothole::github_pothole::img-504,train,pothole,jaygala24_pothole_detection,3,holdout_required_likely_near_duplicate
github_pothole::github_pothole::img-1186,validation,pothole,jaygala24_pothole_detection,v1::train::pothole::b70dd69441e1_pothole771.jpg,train,pothole,V1_Kaggle_pothole_detection,3,holdout_required_likely_near_duplicate
github_pothole::github_pothole::img-1190,train,pothole,jaygala24_pothole_detection,v1::train::pothole::2e60a1c4eeac_pothole656.jpg,validation,pothole,V1_Kaggle_pothole_detection,3,holdout_required_likely_near_duplicate
github_pothole::github_pothole::img-1194,protected_test,pothole,jaygala24_pothole_detection,github_pothole::github_pothole::img-421,train,pothole,jaygala24_pothole_detection,3,holdout_required_likely_near_duplicate
github_pothole::github_pothole::img-307,train,pothole,jaygala24_pothole_detection,v1::train::pothole::199a0e8be775_pothole805.jpg,protected_test,pothole,V1_Kaggle_pothole_detection,3,holdout_required_likely_near_duplicate
github_pothole::github_pothole::img-454,train,pothole,jaygala24_pothole_detection,v1::train::pothole::ab49da3ba68d_pothole722.jpg,validation,pothole,V1_Kaggle_pothole_detection,3,holdout_required_likely_near_duplicate
github_pothole::github_pothole::img-472,train,pothole,jaygala24_pothole_detection,v1::train::pothole::307832ffa507_pothole273.jpg,protected_test,pothole,V1_Kaggle_pothole_detection,3,holdout_required_likely_near_duplicate
github_pothole::github_pothole::img-519,validation,pothole,jaygala24_pothole_detection,v1::train::pothole::4589c206e92c_pothole407.jpg,train,pothole,V1_Kaggle_pothole_detection,3,holdout_required_likely_near_duplicate
github_pothole::github_pothole::img-529,train,pothole,jaygala24_pothole_detection,github_pothole::github_pothole::img-847,protected_test,pothole,jaygala24_pothole_detection,3,holdout_required_likely_near_duplicate
github_pothole::github_pothole::img-592,protected_test,pothole,jaygala24_pothole_detection,v1::train::pothole::7b9ecbe1fb97_pothole429.jpg,train,pothole,V1_Kaggle_pothole_detection,3,holdout_required_likely_near_duplicate
github_pothole::github_pothole::img-601,train,pothole,jaygala24_pothole_detection,v1::train::pothole::036a1eddc2dd_pothole209.jpg,validation,pothole,V1_Kaggle_pothole_detection,3,holdout_required_likely_near_duplicate
github_pothole::github_pothole::img-689,train,pothole,jaygala24_pothole_detection,v1::train::pothole::036a1eddc2dd_pothole209.jpg,validation,pothole,V1_Kaggle_pothole_detection,3,holdout_required_likely_near_duplicate
github_pothole::github_pothole::img-700,train,pothole,jaygala24_pothole_detection,v1::train::pothole::3ff3e76a4179_pothole395.jpg,validation,pothole,V1_Kaggle_pothole_detection,3,holdout_required_likely_near_duplicate
github_pothole::github_pothole::img-838,protected_test,pothole,jaygala24_pothole_detection,github_pothole::github_pothole::img-843,train,pothole,jaygala24_pothole_detection,3,holdout_required_likely_near_duplicate
github_pothole::github_pothole::img-838,protected_test,pothole,jaygala24_pothole_detection,v1::train::pothole::3ba78a1dca2e_pothole632.jpg,train,pothole,V1_Kaggle_pothole_detection,3,holdout_required_likely_near_duplicate
github_pothole::github_pothole::img-901,protected_test,pothole,jaygala24_pothole_detection,v1::train::pothole::3d6f4810a7a4_pothole660.jpg,train,pothole,V1_Kaggle_pothole_detection,3,holdout_required_likely_near_duplicate
github_pothole::github_pothole::img-940,validation,pothole,jaygala24_pothole_detection,v1::train::pothole::9a81e35b07b0_pothole713.jpg,train,pothole,V1_Kaggle_pothole_detection,3,holdout_required_likely_near_duplicate
kaggle_speed_bump::train::bump::Image00075.jpg,protected_test,speed_bump,Kaggle_speed_bump_dataset,kaggle_speed_bump::train::bump::Image00077.jpg,train,speed_bump,Kaggle_speed_bump_dataset,3,holdout_required_likely_near_duplicate
kaggle_speed_bump::train::bump::Image00086.jpg,train,speed_bump,Kaggle_speed_bump_dataset,kaggle_speed_bump::train::bump::Image00089.jpg,protected_test,speed_bump,Kaggle_speed_bump_dataset,3,holdout_required_likely_near_duplicate
kaggle_speed_bump::train::bump::VIDEO0005_048.jpg,train,speed_bump,Kaggle_speed_bump_dataset,kaggle_speed_bump::train::bump::VIDEO0005_050.jpg,validation,speed_bump,Kaggle_speed_bump_dataset,3,holdout_required_likely_near_duplicate
kaggle_speed_bump::train::bump::VIDEO0005_053.jpg,protected_test,speed_bump,Kaggle_speed_bump_dataset,kaggle_speed_bump::train::bump::VIDEO0005_055.jpg,train,speed_bump,Kaggle_speed_bump_dataset,3,holdout_required_likely_near_duplicate
kaggle_speed_bump::train::bump::VIDEO0008_010.jpg,protected_test,speed_bump,Kaggle_speed_bump_dataset,kaggle_speed_bump::train::bump::VIDEO0008_011.jpg,train,speed_bump,Kaggle_speed_bump_dataset,3,holdout_required_likely_near_duplicate
kaggle_speed_bump::train::bump::VIDEO0008_011.jpg,train,speed_bump,Kaggle_speed_bump_dataset,kaggle_speed_bump::train::bump::VIDEO0008_012.jpg,validation,speed_bump,Kaggle_speed_bump_dataset,3,holdout_required_likely_near_duplicate
kaggle_speed_bump::train::bump::VIDEO0008_014.jpg,train,speed_bump,Kaggle_speed_bump_dataset,kaggle_speed_bump::train::bump::VIDEO0008_017.jpg,protected_test,speed_bump,Kaggle_speed_bump_dataset,3,holdout_required_likely_near_duplicate
kaggle_speed_bump::train::bump::VIDEO0008_017.jpg,protected_test,speed_bump,Kaggle_speed_bump_dataset,kaggle_speed_bump::train::bump::VIDEO0008_027.jpg,train,speed_bump,Kaggle_speed_bump_dataset,3,holdout_required_likely_near_duplicate
kaggle_speed_bump::train::bump::VIDEO0009_018.jpg,protected_test,speed_bump,Kaggle_speed_bump_dataset,kaggle_speed_bump::train::bump::VIDEO0009_024.jpg,validation,speed_bump,Kaggle_speed_bump_dataset,3,holdout_required_likely_near_duplicate
kaggle_speed_bump::train::bump::VIDEO0009_018.jpg,protected_test,speed_bump,Kaggle_speed_bump_dataset,kaggle_speed_bump::train::bump::VIDEO0009_025.jpg,train,speed_bump,Kaggle_speed_bump_dataset,3,holdout_required_likely_near_duplicate
kaggle_speed_bump::train::bump::VIDEO0009_023.jpg,train,speed_bump,Kaggle_speed_bump_dataset,kaggle_speed_bump::train::bump::VIDEO0009_024.jpg,validation,speed_bump,Kaggle_speed_bump_dataset,3,holdout_required_likely_near_duplicate
kaggle_speed_bump::train::bump::VIDEO0009_024.jpg,validation,speed_bump,Kaggle_speed_bump_dataset,kaggle_speed_bump::train::bump::VIDEO0009_026.jpg,train,speed_bump,Kaggle_speed_bump_dataset,3,holdout_required_likely_near_duplicate
kaggle_speed_bump::train::bump::VIDEO0009_052.jpg,validation,speed_bump,Kaggle_speed_bump_dataset,kaggle_speed_bump::train::bump::VIDEO0009_055.jpg,train,speed_bump,Kaggle_speed_bump_dataset,3,holdout_required_likely_near_duplicate
kaggle_speed_bump::train::bump::VIDEO0009_052.jpg,validation,speed_bump,Kaggle_speed_bump_dataset,kaggle_speed_bump::train::bump::VIDEO0009_061.jpg,protected_test,speed_bump,Kaggle_speed_bump_dataset,3,holdout_required_likely_near_duplicate
kaggle_speed_bump::train::bump::VIDEO0009_052.jpg,validation,speed_bump,Kaggle_speed_bump_dataset,kaggle_speed_bump::train::bump::VIDEO0009_063.jpg,train,speed_bump,Kaggle_speed_bump_dataset,3,holdout_required_likely_near_duplicate
kaggle_speed_bump::train::bump::VIDEO0009_052.jpg,validation,speed_bump,Kaggle_speed_bump_dataset,kaggle_speed_bump::train::bump::VIDEO0009_064.jpg,protected_test,speed_bump,Kaggle_speed_bump_dataset,3,holdout_required_likely_near_duplicate
kaggle_speed_bump::train::bump::VIDEO0009_053.jpg,train,speed_bump,Kaggle_speed_bump_dataset,kaggle_speed_bump::train::bump::VIDEO0009_061.jpg,protected_test,speed_bump,Kaggle_speed_bump_dataset,3,holdout_required_likely_near_duplicate
kaggle_speed_bump::train::bump::VIDEO0009_061.jpg,protected_test,speed_bump,Kaggle_speed_bump_dataset,kaggle_speed_bump::train::bump::VIDEO0009_068.jpg,train,speed_bump,Kaggle_speed_bump_dataset,3,holdout_required_likely_near_duplicate
kaggle_speed_bump::train::bump::VIDEO0009_061.jpg,protected_test,speed_bump,Kaggle_speed_bump_dataset,kaggle_speed_bump::train::bump::VIDEO0009_070.jpg,train,speed_bump,Kaggle_speed_bump_dataset,3,holdout_required_likely_near_duplicate
kaggle_speed_bump::train::bump::VIDEO0009_061.jpg,protected_test,speed_bump,Kaggle_speed_bump_dataset,kaggle_speed_bump::train::bump::VIDEO0009_087.jpg,train,speed_bump,Kaggle_speed_bump_dataset,3,holdout_required_likely_near_duplicate
kaggle_speed_bump::train::bump::VIDEO0009_137.jpg,validation,speed_bump,Kaggle_speed_bump_dataset,kaggle_speed_bump::train::bump::VIDEO0009_139.jpg,train,speed_bump,Kaggle_speed_bump_dataset,3,holdout_required_likely_near_duplicate
kaggle_speed_bump::train::bump::VIDEO0009_145.jpg,train,speed_bump,Kaggle_speed_bump_dataset,kaggle_speed_bump::train::bump::VIDEO0009_146.jpg,protected_test,speed_bump,Kaggle_speed_bump_dataset,3,holdout_required_likely_near_duplicate
kaggle_speed_bump::train::bump::VIDEO0010_000.jpg,train,speed_bump,Kaggle_speed_bump_dataset,kaggle_speed_bump::train::bump::VIDEO0010_001.jpg,validation,speed_bump,Kaggle_speed_bump_dataset,3,holdout_required_likely_near_duplicate
kaggle_speed_bump::train::bump::VIDEO0010_003.jpg,validation,speed_bump,Kaggle_speed_bump_dataset,kaggle_speed_bump::train::bump::VIDEO0010_005.jpg,train,speed_bump,Kaggle_speed_bump_dataset,3,holdout_required_likely_near_duplicate
kaggle_speed_bump::train::bump::VIDEO0010_009.jpg,validation,speed_bump,Kaggle_speed_bump_dataset,kaggle_speed_bump::train::bump::VIDEO0010_013.jpg,train,speed_bump,Kaggle_speed_bump_dataset,3,holdout_required_likely_near_duplicate
kaggle_speed_bump::train::bump::VIDEO0010_012.jpg,protected_test,speed_bump,Kaggle_speed_bump_dataset,kaggle_speed_bump::train::bump::VIDEO0010_013.jpg,train,speed_bump,Kaggle_speed_bump_dataset,3,holdout_required_likely_near_duplicate
kaggle_speed_bump::train::bump::VIDEO0011_000.jpg,train,speed_bump,Kaggle_speed_bump_dataset,kaggle_speed_bump::train::bump::VIDEO0011_001.jpg,validation,speed_bump,Kaggle_speed_bump_dataset,3,holdout_required_likely_near_duplicate
kaggle_speed_bump::train::bump::VIDEO0011_046.jpg,validation,speed_bump,Kaggle_speed_bump_dataset,kaggle_speed_bump::train::bump::VIDEO0011_048.jpg,train,speed_bump,Kaggle_speed_bump_dataset,3,holdout_required_likely_near_duplicate
kaggle_speed_bump::train::bump::VIDEO0011_046.jpg,validation,speed_bump,Kaggle_speed_bump_dataset,kaggle_speed_bump::train::bump::VIDEO0011_049.jpg,train,speed_bump,Kaggle_speed_bump_dataset,3,holdout_required_likely_near_duplicate
kaggle_speed_bump::train::bump::VIDEO0011_051.jpg,protected_test,speed_bump,Kaggle_speed_bump_dataset,kaggle_speed_bump::train::bump::VIDEO0011_052.jpg,train,speed_bump,Kaggle_speed_bump_dataset,3,holdout_required_likely_near_duplicate
kaggle_speed_bump::train::bump::VIDEO0011_054.jpg,validation,speed_bump,Kaggle_speed_bump_dataset,kaggle_speed_bump::train::bump::VIDEO0011_055.jpg,train,speed_bump,Kaggle_speed_bump_dataset,3,holdout_required_likely_near_duplicate
kaggle_speed_bump::train::bump::VIDEO0011_059.jpg,train,speed_bump,Kaggle_speed_bump_dataset,kaggle_speed_bump::train::bump::VIDEO0011_062.jpg,validation,speed_bump,Kaggle_speed_bump_dataset,3,holdout_required_likely_near_duplicate
kaggle_speed_bump::train::bump::VIDEO0011_060.jpg,validation,speed_bump,Kaggle_speed_bump_dataset,kaggle_speed_bump::train::bump::VIDEO0011_061.jpg,train,speed_bump,Kaggle_speed_bump_dataset,3,holdout_required_likely_near_duplicate
kaggle_speed_bump::train::bump::VIDEO0011_061.jpg,train,speed_bump,Kaggle_speed_bump_dataset,kaggle_speed_bump::train::bump::VIDEO0011_064.jpg,validation,speed_bump,Kaggle_speed_bump_dataset,3,holdout_required_likely_near_duplicate
kaggle_speed_bump::train::bump::VIDEO0012_002.jpg,train,speed_bump,Kaggle_speed_bump_dataset,kaggle_speed_bump::train::bump::VIDEO0012_003.jpg,protected_test,speed_bump,Kaggle_speed_bump_dataset,3,holdout_required_likely_near_duplicate
kaggle_speed_bump::train::bump::VIDEO0012_002.jpg,train,speed_bump,Kaggle_speed_bump_dataset,kaggle_speed_bump::train::bump::VIDEO0012_004.jpg,validation,speed_bump,Kaggle_speed_bump_dataset,3,holdout_required_likely_near_duplicate
kaggle_speed_bump::train::bump::VIDEO0012_010.jpg,validation,speed_bump,Kaggle_speed_bump_dataset,kaggle_speed_bump::train::bump::VIDEO0012_012.jpg,train,speed_bump,Kaggle_speed_bump_dataset,3,holdout_required_likely_near_duplicate
kaggle_speed_bump::train::bump::VIDEO0012_010.jpg,validation,speed_bump,Kaggle_speed_bump_dataset,kaggle_speed_bump::train::bump::VIDEO0012_014.jpg,protected_test,speed_bump,Kaggle_speed_bump_dataset,3,holdout_required_likely_near_duplicate
kaggle_speed_bump::train::bump::VIDEO0012_015.jpg,protected_test,speed_bump,Kaggle_speed_bump_dataset,kaggle_speed_bump::train::bump::VIDEO0012_017.jpg,train,speed_bump,Kaggle_speed_bump_dataset,3,holdout_required_likely_near_duplicate
kaggle_speed_bump::train::bump::VIDEO0012_018.jpg,validation,speed_bump,Kaggle_speed_bump_dataset,kaggle_speed_bump::train::bump::VIDEO0012_019.jpg,train,speed_bump,Kaggle_speed_bump_dataset,3,holdout_required_likely_near_duplicate
kaggle_speed_bump::train::bump::VIDEO0012_024.jpg,train,speed_bump,Kaggle_speed_bump_dataset,kaggle_speed_bump::train::bump::VIDEO0012_026.jpg,validation,speed_bump,Kaggle_speed_bump_dataset,3,holdout_required_likely_near_duplicate
kaggle_speed_bump::train::bump::VIDEO0012_025.jpg,train,speed_bump,Kaggle_speed_bump_dataset,kaggle_speed_bump::train::bump::VIDEO0012_026.jpg,validation,speed_bump,Kaggle_speed_bump_dataset,3,holdout_required_likely_near_duplicate
kaggle_speed_bump::train::bump::VIDEO0012_029.jpg,train,speed_bump,Kaggle_speed_bump_dataset,kaggle_speed_bump::train::bump::VIDEO0012_031.jpg,protected_test,speed_bump,Kaggle_speed_bump_dataset,3,holdout_required_likely_near_duplicate
kaggle_speed_bump::train::bump::VIDEO0012_030.jpg,train,speed_bump,Kaggle_speed_bump_dataset,kaggle_speed_bump::train::bump::VIDEO0012_031.jpg,protected_test,speed_bump,Kaggle_speed_bump_dataset,3,holdout_required_likely_near_duplicate
kaggle_speed_bump::train::bump::VIDEO0012_031.jpg,protected_test,speed_bump,Kaggle_speed_bump_dataset,kaggle_speed_bump::train::bump::VIDEO0012_032.jpg,train,speed_bump,Kaggle_speed_bump_dataset,3,holdout_required_likely_near_duplicate
kaggle_speed_bump::train::bump::VIDEO0012_033.jpg,validation,speed_bump,Kaggle_speed_bump_dataset,kaggle_speed_bump::train::bump::VIDEO0012_036.jpg,train,speed_bump,Kaggle_speed_bump_dataset,3,holdout_required_likely_near_duplicate
kaggle_speed_bump::train::bump::VIDEO0012_046.jpg,train,speed_bump,Kaggle_speed_bump_dataset,kaggle_speed_bump::train::bump::VIDEO0012_047.jpg,protected_test,speed_bump,Kaggle_speed_bump_dataset,3,holdout_required_likely_near_duplicate
kaggle_speed_bump::train::bump::VIDEO0012_060.jpg,train,speed_bump,Kaggle_speed_bump_dataset,kaggle_speed_bump::train::bump::VIDEO0012_061.jpg,validation,speed_bump,Kaggle_speed_bump_dataset,3,holdout_required_likely_near_duplicate
kaggle_speed_bump::train::bump::VIDEO0012_061.jpg,validation,speed_bump,Kaggle_speed_bump_dataset,kaggle_speed_bump::train::bump::VIDEO0012_063.jpg,protected_test,speed_bump,Kaggle_speed_bump_dataset,3,holdout_required_likely_near_duplicate
kaggle_speed_bump::train::bump::VIDEO0012_062.jpg,train,speed_bump,Kaggle_speed_bump_dataset,kaggle_speed_bump::train::bump::VIDEO0012_063.jpg,protected_test,speed_bump,Kaggle_speed_bump_dataset,3,holdout_required_likely_near_duplicate
kaggle_speed_bump::train::bump::VIDEO0012_062.jpg,train,speed_bump,Kaggle_speed_bump_dataset,kaggle_speed_bump::train::bump::VIDEO0012_064.jpg,validation,speed_bump,Kaggle_speed_bump_dataset,3,holdout_required_likely_near_duplicate
kaggle_speed_bump::train::bump::VIDEO0012_066.jpg,validation,speed_bump,Kaggle_speed_bump_dataset,kaggle_speed_bump::train::bump::VIDEO0012_068.jpg,train,speed_bump,Kaggle_speed_bump_dataset,3,holdout_required_likely_near_duplicate
kaggle_speed_bump::train::bump::VIDEO0015_005.jpg,train,speed_bump,Kaggle_speed_bump_dataset,kaggle_speed_bump::train::bump::VIDEO0015_006.jpg,protected_test,speed_bump,Kaggle_speed_bump_dataset,3,holdout_required_likely_near_duplicate
kaggle_speed_bump::train::bump::VIDEO0015_006.jpg,protected_test,speed_bump,Kaggle_speed_bump_dataset,kaggle_speed_bump::train::bump::VIDEO0015_007.jpg,validation,speed_bump,Kaggle_speed_bump_dataset,3,holdout_required_likely_near_duplicate
kaggle_speed_bump::train::bump::VIDEO0015_007.jpg,validation,speed_bump,Kaggle_speed_bump_dataset,kaggle_speed_bump::train::bump::VIDEO0015_008.jpg,train,speed_bump,Kaggle_speed_bump_dataset,3,holdout_required_likely_near_duplicate
kaggle_speed_bump::train::bump::VIDEO0015_040.jpg,train,speed_bump,Kaggle_speed_bump_dataset,kaggle_speed_bump::train::bump::VIDEO0015_041.jpg,protected_test,speed_bump,Kaggle_speed_bump_dataset,3,holdout_required_likely_near_duplicate
kaggle_speed_bump::train::bump::VIDEO0015_069.jpg,train,speed_bump,Kaggle_speed_bump_dataset,kaggle_speed_bump::train::bump::VIDEO0015_070.jpg,protected_test,speed_bump,Kaggle_speed_bump_dataset,3,holdout_required_likely_near_duplicate
kaggle_speed_bump::train::bump::VIDEO0015_091.jpg,train,speed_bump,Kaggle_speed_bump_dataset,kaggle_speed_bump::train::bump::VIDEO0015_092.jpg,validation,speed_bump,Kaggle_speed_bump_dataset,3,holdout_required_likely_near_duplicate
kaggle_speed_bump::train::bump::VIDEO0016_000.jpg,train,speed_bump,Kaggle_speed_bump_dataset,kaggle_speed_bump::train::bump::VIDEO0016_001.jpg,validation,speed_bump,Kaggle_speed_bump_dataset,3,holdout_required_likely_near_duplicate
kaggle_speed_bump::train::bump::VIDEO0016_001.jpg,validation,speed_bump,Kaggle_speed_bump_dataset,kaggle_speed_bump::train::bump::VIDEO0016_002.jpg,train,speed_bump,Kaggle_speed_bump_dataset,3,holdout_required_likely_near_duplicate
kaggle_speed_bump::train::bump::VIDEO0016_032.jpg,validation,speed_bump,Kaggle_speed_bump_dataset,kaggle_speed_bump::train::bump::VIDEO0016_033.jpg,train,speed_bump,Kaggle_speed_bump_dataset,3,holdout_required_likely_near_duplicate
kaggle_speed_bump::train::bump::VID_20190924_164355_008.jpg,train,speed_bump,Kaggle_speed_bump_dataset,kaggle_speed_bump::train::bump::VID_20190924_164355_010.jpg,protected_test,speed_bump,Kaggle_speed_bump_dataset,3,holdout_required_likely_near_duplicate
kaggle_speed_bump::train::bump::VID_20190924_164355_009.jpg,train,speed_bump,Kaggle_speed_bump_dataset,kaggle_speed_bump::train::bump::VID_20190924_164355_010.jpg,protected_test,speed_bump,Kaggle_speed_bump_dataset,3,holdout_required_likely_near_duplicate
kaggle_speed_bump::train::bump::VID_20190924_164355_021.jpg,protected_test,speed_bump,Kaggle_speed_bump_dataset,kaggle_speed_bump::train::bump::VID_20190924_164355_023.jpg,validation,speed_bump,Kaggle_speed_bump_dataset,3,holdout_required_likely_near_duplicate
kaggle_speed_bump::train::bump::VID_20190924_164420_001.jpg,train,speed_bump,Kaggle_speed_bump_dataset,kaggle_speed_bump::train::bump::VID_20190924_164420_002.jpg,validation,speed_bump,Kaggle_speed_bump_dataset,3,holdout_required_likely_near_duplicate
kaggle_speed_bump::train::bump::VID_20190924_164420_005.jpg,train,speed_bump,Kaggle_speed_bump_dataset,kaggle_speed_bump::train::bump::VID_20190924_164420_006.jpg,protected_test,speed_bump,Kaggle_speed_bump_dataset,3,holdout_required_likely_near_duplicate
kaggle_speed_bump::train::bump::VID_20190924_164420_011.jpg,train,speed_bump,Kaggle_speed_bump_dataset,kaggle_speed_bump::train::bump::VID_20190924_164420_013.jpg,validation,speed_bump,Kaggle_speed_bump_dataset,3,holdout_required_likely_near_duplicate
kaggle_speed_bump::train::bump::VID_20190924_164420_034.jpg,validation,speed_bump,Kaggle_speed_bump_dataset,kaggle_speed_bump::train::bump::VID_20190924_164420_036.jpg,train,speed_bump,Kaggle_speed_bump_dataset,3,holdout_required_likely_near_duplicate
kaggle_speed_bump::train::bump::VID_20190924_164420_034.jpg,validation,speed_bump,Kaggle_speed_bump_dataset,kaggle_speed_bump::train::bump::VID_20190924_164420_037.jpg,train,speed_bump,Kaggle_speed_bump_dataset,3,holdout_required_likely_near_duplicate
kaggle_speed_bump::train::bump::VID_20190924_164420_046.jpg,validation,speed_bump,Kaggle_speed_bump_dataset,kaggle_speed_bump::train::bump::VID_20190924_164420_047.jpg,train,speed_bump,Kaggle_speed_bump_dataset,3,holdout_required_likely_near_duplicate
kaggle_speed_bump::train::bump::VID_20190924_164513_011.jpg,validation,speed_bump,Kaggle_speed_bump_dataset,kaggle_speed_bump::train::bump::VID_20190924_164513_012.jpg,train,speed_bump,Kaggle_speed_bump_dataset,3,holdout_required_likely_near_duplicate
kaggle_speed_bump::train::bump::VID_20190924_165230_051.jpg,validation,speed_bump,Kaggle_speed_bump_dataset,kaggle_speed_bump::train::bump::VID_20190924_165230_052.jpg,train,speed_bump,Kaggle_speed_bump_dataset,3,holdout_required_likely_near_duplicate
kaggle_speed_bump::train::bump::VID_20190924_165230_055.jpg,protected_test,speed_bump,Kaggle_speed_bump_dataset,kaggle_speed_bump::train::bump::VID_20190924_165230_057.jpg,validation,speed_bump,Kaggle_speed_bump_dataset,3,holdout_required_likely_near_duplicate
mendeley_speed_bump::Speed_breaker_(153).jpg,train,speed_bump,Mendeley_Manhole_SpeedBreaker,mendeley_speed_bump::Speed_breaker_(154).jpg,protected_test,speed_bump,Mendeley_Manhole_SpeedBreaker,3,holdout_required_likely_near_duplicate
svrdd::train::09002200121901201518429702L_1295685300_482049100,validation,repaired_road,SVRDD_YOLO,svrdd::train::09002200121901201518503652L_1295674500_482048000,train,repaired_road,SVRDD_YOLO,3,holdout_required_likely_near_duplicate
svrdd::train::09002200121901201518447492L_1295682900_482048800,protected_test,repaired_road,SVRDD_YOLO,svrdd::train::09002200121901201518517372L_1295672200_482047700,train,repaired_road,SVRDD_YOLO,3,holdout_required_likely_near_duplicate
svrdd::train::09002200121901201518447492L_1295682900_482048800,protected_test,repaired_road,SVRDD_YOLO,svrdd::train::09002200121901201518568702L_1295663600_482046800,train,repaired_road,SVRDD_YOLO,3,holdout_required_likely_near_duplicate
svrdd::train::09002200121902181237412012Q_1296348300_481936500,protected_test,pothole,SVRDD_YOLO,svrdd::train::09002200121902181237422642Q_1296348300_481935300,train,pothole,SVRDD_YOLO,3,holdout_required_likely_near_duplicate
svrdd::train::0900220012200311123818818HJ_1296515700_484404000,validation,crack,SVRDD_YOLO,svrdd::train::0900220012200311123819850HJ_1296515700_484405700,protected_test,crack,SVRDD_YOLO,3,holdout_required_likely_near_duplicate
svrdd::train::0900220012200311130759501HJ_1296858500_483791600,train,crack,SVRDD_YOLO,svrdd::train::0900220012200311130804564HJ_1296851800_483783700,validation,crack,SVRDD_YOLO,3,holdout_required_likely_near_duplicate
github_pothole::github_pothole::img-1046,protected_test,pothole,jaygala24_pothole_detection,v1::train::pothole::58b5e15a8f42_pothole307.jpg,train,pothole,V1_Kaggle_pothole_detection,4,review_required_possible_near_duplicate
github_pothole::github_pothole::img-302,train,pothole,jaygala24_pothole_detection,v1::train::pothole::cad3f407879f_pothole95.jpg,protected_test,pothole,V1_Kaggle_pothole_detection,4,review_required_possible_near_duplicate
github_pothole::github_pothole::img-351,train,pothole,jaygala24_pothole_detection,v1::train::pothole::700cb81450c6_pothole285.jpg,validation,pothole,V1_Kaggle_pothole_detection,4,review_required_possible_near_duplicate
github_pothole::github_pothole::img-390,train,pothole,jaygala24_pothole_detection,github_pothole::github_pothole::img-676,protected_test,pothole,jaygala24_pothole_detection,4,review_required_possible_near_duplicate
github_pothole::github_pothole::img-657,validation,pothole,jaygala24_pothole_detection,v1::train::pothole::fadd5e9bd782_pothole127.jpg,train,pothole,V1_Kaggle_pothole_detection,4,review_required_possible_near_duplicate
github_pothole::github_pothole::img-740,train,pothole,jaygala24_pothole_detection,v1::train::pothole::bca9b0ff5e00_pothole516.jpg,protected_test,pothole,V1_Kaggle_pothole_detection,4,review_required_possible_near_duplicate
kaggle_speed_bump::train::bump::VIDEO0003_017.jpg,protected_test,speed_bump,Kaggle_speed_bump_dataset,kaggle_speed_bump::train::bump::VIDEO0003_018.jpg,train,speed_bump,Kaggle_speed_bump_dataset,4,review_required_possible_near_duplicate
kaggle_speed_bump::train::bump::VIDEO0004_051.jpg,protected_test,speed_bump,Kaggle_speed_bump_dataset,kaggle_speed_bump::train::bump::VIDEO0004_052.jpg,train,speed_bump,Kaggle_speed_bump_dataset,4,review_required_possible_near_duplicate
kaggle_speed_bump::train::bump::VIDEO0005_013.jpg,protected_test,speed_bump,Kaggle_speed_bump_dataset,kaggle_speed_bump::train::bump::VIDEO0005_014.jpg,train,speed_bump,Kaggle_speed_bump_dataset,4,review_required_possible_near_duplicate
kaggle_speed_bump::train::bump::VIDEO0005_038.jpg,train,speed_bump,Kaggle_speed_bump_dataset,kaggle_speed_bump::train::bump::VIDEO0005_039.jpg,protected_test,speed_bump,Kaggle_speed_bump_dataset,4,review_required_possible_near_duplicate
kaggle_speed_bump::train::bump::VIDEO0006_050.jpg,protected_test,speed_bump,Kaggle_speed_bump_dataset,kaggle_speed_bump::train::bump::VIDEO0006_051.jpg,train,speed_bump,Kaggle_speed_bump_dataset,4,review_required_possible_near_duplicate
kaggle_speed_bump::train::bump::VIDEO0009_018.jpg,protected_test,speed_bump,Kaggle_speed_bump_dataset,kaggle_speed_bump::train::bump::VIDEO0009_023.jpg,train,speed_bump,Kaggle_speed_bump_dataset,4,review_required_possible_near_duplicate
kaggle_speed_bump::train::bump::VIDEO0009_018.jpg,protected_test,speed_bump,Kaggle_speed_bump_dataset,kaggle_speed_bump::train::bump::VIDEO0009_026.jpg,train,speed_bump,Kaggle_speed_bump_dataset,4,review_required_possible_near_duplicate
kaggle_speed_bump::train::bump::VIDEO0009_024.jpg,validation,speed_bump,Kaggle_speed_bump_dataset,kaggle_speed_bump::train::bump::VIDEO0009_029.jpg,train,speed_bump,Kaggle_speed_bump_dataset,4,review_required_possible_near_duplicate
kaggle_speed_bump::train::bump::VIDEO0009_053.jpg,train,speed_bump,Kaggle_speed_bump_dataset,kaggle_speed_bump::train::bump::VIDEO0009_058.jpg,validation,speed_bump,Kaggle_speed_bump_dataset,4,review_required_possible_near_duplicate
kaggle_speed_bump::train::bump::VIDEO0009_053.jpg,train,speed_bump,Kaggle_speed_bump_dataset,kaggle_speed_bump::train::bump::VIDEO0009_062.jpg,protected_test,speed_bump,Kaggle_speed_bump_dataset,4,review_required_possible_near_duplicate
kaggle_speed_bump::train::bump::VIDEO0011_037.jpg,protected_test,speed_bump,Kaggle_speed_bump_dataset,kaggle_speed_bump::train::bump::VIDEO0011_038.jpg,train,speed_bump,Kaggle_speed_bump_dataset,4,review_required_possible_near_duplicate
kaggle_speed_bump::train::bump::VIDEO0011_037.jpg,protected_test,speed_bump,Kaggle_speed_bump_dataset,kaggle_speed_bump::train::bump::VIDEO0011_039.jpg,train,speed_bump,Kaggle_speed_bump_dataset,4,review_required_possible_near_duplicate
kaggle_speed_bump::train::bump::VIDEO0011_042.jpg,train,speed_bump,Kaggle_speed_bump_dataset,kaggle_speed_bump::train::bump::VIDEO0011_043.jpg,protected_test,speed_bump,Kaggle_speed_bump_dataset,4,review_required_possible_near_duplicate
kaggle_speed_bump::train::bump::VIDEO0011_045.jpg,train,speed_bump,Kaggle_speed_bump_dataset,kaggle_speed_bump::train::bump::VIDEO0011_046.jpg,validation,speed_bump,Kaggle_speed_bump_dataset,4,review_required_possible_near_duplicate
kaggle_speed_bump::train::bump::VIDEO0011_047.jpg,train,speed_bump,Kaggle_speed_bump_dataset,kaggle_speed_bump::train::bump::VIDEO0011_051.jpg,protected_test,speed_bump,Kaggle_speed_bump_dataset,4,review_required_possible_near_duplicate
kaggle_speed_bump::train::bump::VIDEO0011_058.jpg,train,speed_bump,Kaggle_speed_bump_dataset,kaggle_speed_bump::train::bump::VIDEO0011_060.jpg,validation,speed_bump,Kaggle_speed_bump_dataset,4,review_required_possible_near_duplicate
kaggle_speed_bump::train::bump::VIDEO0011_059.jpg,train,speed_bump,Kaggle_speed_bump_dataset,kaggle_speed_bump::train::bump::VIDEO0011_063.jpg,validation,speed_bump,Kaggle_speed_bump_dataset,4,review_required_possible_near_duplicate
kaggle_speed_bump::train::bump::VIDEO0011_062.jpg,validation,speed_bump,Kaggle_speed_bump_dataset,kaggle_speed_bump::train::bump::VIDEO0011_065.jpg,train,speed_bump,Kaggle_speed_bump_dataset,4,review_required_possible_near_duplicate
kaggle_speed_bump::train::bump::VIDEO0012_015.jpg,protected_test,speed_bump,Kaggle_speed_bump_dataset,kaggle_speed_bump::train::bump::VIDEO0012_018.jpg,validation,speed_bump,Kaggle_speed_bump_dataset,4,review_required_possible_near_duplicate
kaggle_speed_bump::train::bump::VIDEO0012_020.jpg,train,speed_bump,Kaggle_speed_bump_dataset,kaggle_speed_bump::train::bump::VIDEO0012_026.jpg,validation,speed_bump,Kaggle_speed_bump_dataset,4,review_required_possible_near_duplicate
kaggle_speed_bump::train::bump::VIDEO0012_023.jpg,train,speed_bump,Kaggle_speed_bump_dataset,kaggle_speed_bump::train::bump::VIDEO0012_026.jpg,validation,speed_bump,Kaggle_speed_bump_dataset,4,review_required_possible_near_duplicate
kaggle_speed_bump::train::bump::VIDEO0012_036.jpg,train,speed_bump,Kaggle_speed_bump_dataset,kaggle_speed_bump::train::bump::VIDEO0012_037.jpg,validation,speed_bump,Kaggle_speed_bump_dataset,4,review_required_possible_near_duplicate
kaggle_speed_bump::train::bump::VIDEO0015_049.jpg,train,speed_bump,Kaggle_speed_bump_dataset,kaggle_speed_bump::train::bump::VIDEO0015_050.jpg,protected_test,speed_bump,Kaggle_speed_bump_dataset,4,review_required_possible_near_duplicate
kaggle_speed_bump::train::bump::VIDEO0015_075.jpg,protected_test,speed_bump,Kaggle_speed_bump_dataset,kaggle_speed_bump::train::bump::VIDEO0015_076.jpg,train,speed_bump,Kaggle_speed_bump_dataset,4,review_required_possible_near_duplicate
kaggle_speed_bump::train::bump::VIDEO0016_020.jpg,train,speed_bump,Kaggle_speed_bump_dataset,kaggle_speed_bump::train::bump::VIDEO0016_021.jpg,protected_test,speed_bump,Kaggle_speed_bump_dataset,4,review_required_possible_near_duplicate
kaggle_speed_bump::train::bump::VID_20190924_164355_020.jpg,train,speed_bump,Kaggle_speed_bump_dataset,kaggle_speed_bump::train::bump::VID_20190924_164355_021.jpg,protected_test,speed_bump,Kaggle_speed_bump_dataset,4,review_required_possible_near_duplicate
kaggle_speed_bump::train::bump::VID_20190924_164420_028.jpg,train,speed_bump,Kaggle_speed_bump_dataset,kaggle_speed_bump::train::bump::VID_20190924_164420_029.jpg,validation,speed_bump,Kaggle_speed_bump_dataset,4,review_required_possible_near_duplicate
kaggle_speed_bump::train::bump::VID_20190924_164420_028.jpg,train,speed_bump,Kaggle_speed_bump_dataset,kaggle_speed_bump::train::bump::VID_20190924_164420_035.jpg,validation,speed_bump,Kaggle_speed_bump_dataset,4,review_required_possible_near_duplicate
kaggle_speed_bump::train::bump::VID_20190924_164420_036.jpg,train,speed_bump,Kaggle_speed_bump_dataset,kaggle_speed_bump::train::bump::VID_20190924_164420_038.jpg,protected_test,speed_bump,Kaggle_speed_bump_dataset,4,review_required_possible_near_duplicate
kaggle_speed_bump::train::bump::VID_20190924_164420_037.jpg,train,speed_bump,Kaggle_speed_bump_dataset,kaggle_speed_bump::train::bump::VID_20190924_164420_038.jpg,protected_test,speed_bump,Kaggle_speed_bump_dataset,4,review_required_possible_near_duplicate
kaggle_speed_bump::train::bump::VID_20190924_164434_033.jpg,protected_test,speed_bump,Kaggle_speed_bump_dataset,kaggle_speed_bump::train::bump::VID_20190924_164434_034.jpg,train,speed_bump,Kaggle_speed_bump_dataset,4,review_required_possible_near_duplicate
kaggle_speed_bump::train::bump::VID_20190924_165230_035.jpg,validation,speed_bump,Kaggle_speed_bump_dataset,kaggle_speed_bump::train::bump::VID_20190924_165230_038.jpg,protected_test,speed_bump,Kaggle_speed_bump_dataset,4,review_required_possible_near_duplicate
kaggle_speed_bump::train::bump::VID_20190924_165230_039.jpg,train,speed_bump,Kaggle_speed_bump_dataset,kaggle_speed_bump::train::bump::VID_20190924_165230_040.jpg,protected_test,speed_bump,Kaggle_speed_bump_dataset,4,review_required_possible_near_duplicate
kaggle_speed_bump::train::bump::VID_20190924_165230_048.jpg,protected_test,speed_bump,Kaggle_speed_bump_dataset,kaggle_speed_bump::train::bump::VID_20190924_165230_053.jpg,train,speed_bump,Kaggle_speed_bump_dataset,4,review_required_possible_near_duplicate
kaggle_speed_bump::train::bump::VID_20190924_165230_054.jpg,train,speed_bump,Kaggle_speed_bump_dataset,kaggle_speed_bump::train::bump::VID_20190924_165230_057.jpg,validation,speed_bump,Kaggle_speed_bump_dataset,4,review_required_possible_near_duplicate
mendeley_speed_bump::Speed_breaker_(136).jpg,protected_test,speed_bump,Mendeley_Manhole_SpeedBreaker,mendeley_speed_bump::Speed_breaker_(137).jpg,train,speed_bump,Mendeley_Manhole_SpeedBreaker,4,review_required_possible_near_duplicate
svrdd::train::09002200121707101359371662I_1295245500_481556600,protected_test,repaired_road,SVRDD_YOLO,svrdd::train::09002200121707101359516482I_1295245500_481566900,train,repaired_road,SVRDD_YOLO,4,review_required_possible_near_duplicate
svrdd::train::09002200121901201518429702L_1295685300_482049100,validation,repaired_road,SVRDD_YOLO,svrdd::train::09002200121901201518447492L_1295682900_482048800,protected_test,repaired_road,SVRDD_YOLO,4,review_required_possible_near_duplicate
svrdd::train::09002200121901201518517372L_1295672200_482047700,train,repaired_road,SVRDD_YOLO,svrdd::train::09002200121901201518529232L_1295670300_482047500,protected_test,repaired_road,SVRDD_YOLO,4,review_required_possible_near_duplicate
svrdd::train::09002200121901231014459262K_1296220700_483136300,validation,repaired_road,SVRDD_YOLO,svrdd::train::09002200121901231014469102K_1296220700_483134600,train,repaired_road,SVRDD_YOLO,4,review_required_possible_near_duplicate
svrdd::train::09002200121902240945017052G_1297325500_484021000,validation,crack,SVRDD_YOLO,svrdd::train::09002200121902240945028762G_1297326600_484021100,train,crack,SVRDD_YOLO,4,review_required_possible_near_duplicate
svrdd::train::09002200121902241154189308O_1295738700_484245200,train,repaired_road,SVRDD_YOLO,svrdd::train::09002200121902241154213488O_1295735100_484245300,protected_test,repaired_road,SVRDD_YOLO,4,review_required_possible_near_duplicate
svrdd::train::0900220012200311130108509HJ_1297250100_484348400,protected_test,crack,SVRDD_YOLO,svrdd::train::0900220012200311130120994HJ_1297238000_484325200,validation,crack,SVRDD_YOLO,4,review_required_possible_near_duplicate
svrdd::train::0900220012200311130250754HJ_1297193200_484239100,validation,crack,SVRDD_YOLO,svrdd::train::0900220012200311130252754HJ_1297191300_484235400,train,crack,SVRDD_YOLO,4,review_required_possible_near_duplicate
svrdd::train::0900220012200311130452470HJ_1297053800_484032700,validation,crack,SVRDD_YOLO,svrdd::train::0900220012200311130453470HJ_1297052500_484031200,protected_test,crack,SVRDD_YOLO,4,review_required_possible_near_duplicate
svrdd::train::0900220012200311131219953HJ_1296672500_483568200,train,repaired_road,SVRDD_YOLO,svrdd::train::0900220012200311131220968HJ_1296671300_483566800,protected_test,repaired_road,SVRDD_YOLO,4,review_required_possible_near_duplicate
svrdd::train::0900220012200318120626457HJ_1294695700_482815800,train,crack,SVRDD_YOLO,svrdd::train::0900220012200318120627457HJ_1294694200_482815800,protected_test,crack,SVRDD_YOLO,4,review_required_possible_near_duplicate
github_pothole::github_pothole::img-539,train,pothole,jaygala24_pothole_detection,github_pothole::github_pothole::img-859,validation,pothole,jaygala24_pothole_detection,5,review_required_possible_near_duplicate
github_pothole::github_pothole::img-786,validation,pothole,jaygala24_pothole_detection,v1::train::pothole::0a810d7ede7c_pothole373.jpg,train,pothole,V1_Kaggle_pothole_detection,5,review_required_possible_near_duplicate
kaggle_speed_bump::train::bump::VIDEO0005_025.jpg,validation,speed_bump,Kaggle_speed_bump_dataset,kaggle_speed_bump::train::bump::VIDEO0005_026.jpg,protected_test,speed_bump,Kaggle_speed_bump_dataset,5,review_required_possible_near_duplicate
kaggle_speed_bump::train::bump::VIDEO0005_033.jpg,train,speed_bump,Kaggle_speed_bump_dataset,kaggle_speed_bump::train::bump::VIDEO0005_034.jpg,validation,speed_bump,Kaggle_speed_bump_dataset,5,review_required_possible_near_duplicate
kaggle_speed_bump::train::bump::VIDEO0005_039.jpg,protected_test,speed_bump,Kaggle_speed_bump_dataset,kaggle_speed_bump::train::bump::VIDEO0005_040.jpg,train,speed_bump,Kaggle_speed_bump_dataset,5,review_required_possible_near_duplicate
kaggle_speed_bump::train::bump::VIDEO0009_018.jpg,protected_test,speed_bump,Kaggle_speed_bump_dataset,kaggle_speed_bump::train::bump::VIDEO0009_029.jpg,train,speed_bump,Kaggle_speed_bump_dataset,5,review_required_possible_near_duplicate
kaggle_speed_bump::train::bump::VIDEO0009_053.jpg,train,speed_bump,Kaggle_speed_bump_dataset,kaggle_speed_bump::train::bump::VIDEO0009_064.jpg,protected_test,speed_bump,Kaggle_speed_bump_dataset,5,review_required_possible_near_duplicate
kaggle_speed_bump::train::bump::VIDEO0010_000.jpg,train,speed_bump,Kaggle_speed_bump_dataset,kaggle_speed_bump::train::bump::VIDEO0010_003.jpg,validation,speed_bump,Kaggle_speed_bump_dataset,5,review_required_possible_near_duplicate
kaggle_speed_bump::train::bump::VIDEO0010_001.jpg,validation,speed_bump,Kaggle_speed_bump_dataset,kaggle_speed_bump::train::bump::VIDEO0010_005.jpg,train,speed_bump,Kaggle_speed_bump_dataset,5,review_required_possible_near_duplicate
kaggle_speed_bump::train::bump::VIDEO0010_010.jpg,train,speed_bump,Kaggle_speed_bump_dataset,kaggle_speed_bump::train::bump::VIDEO0010_012.jpg,protected_test,speed_bump,Kaggle_speed_bump_dataset,5,review_required_possible_near_duplicate
kaggle_speed_bump::train::bump::VIDEO0011_041.jpg,train,speed_bump,Kaggle_speed_bump_dataset,kaggle_speed_bump::train::bump::VIDEO0011_043.jpg,protected_test,speed_bump,Kaggle_speed_bump_dataset,5,review_required_possible_near_duplicate
kaggle_speed_bump::train::bump::VIDEO0011_046.jpg,validation,speed_bump,Kaggle_speed_bump_dataset,kaggle_speed_bump::train::bump::VIDEO0011_050.jpg,train,speed_bump,Kaggle_speed_bump_dataset,5,review_required_possible_near_duplicate
kaggle_speed_bump::train::bump::VIDEO0011_046.jpg,validation,speed_bump,Kaggle_speed_bump_dataset,kaggle_speed_bump::train::bump::VIDEO0011_051.jpg,protected_test,speed_bump,Kaggle_speed_bump_dataset,5,review_required_possible_near_duplicate
kaggle_speed_bump::train::bump::VIDEO0011_055.jpg,train,speed_bump,Kaggle_speed_bump_dataset,kaggle_speed_bump::train::bump::VIDEO0011_057.jpg,protected_test,speed_bump,Kaggle_speed_bump_dataset,5,review_required_possible_near_duplicate
kaggle_speed_bump::train::bump::VIDEO0011_057.jpg,protected_test,speed_bump,Kaggle_speed_bump_dataset,kaggle_speed_bump::train::bump::VIDEO0011_058.jpg,train,speed_bump,Kaggle_speed_bump_dataset,5,review_required_possible_near_duplicate
kaggle_speed_bump::train::bump::VIDEO0011_058.jpg,train,speed_bump,Kaggle_speed_bump_dataset,kaggle_speed_bump::train::bump::VIDEO0011_062.jpg,validation,speed_bump,Kaggle_speed_bump_dataset,5,review_required_possible_near_duplicate
kaggle_speed_bump::train::bump::VIDEO0011_066.jpg,validation,speed_bump,Kaggle_speed_bump_dataset,kaggle_speed_bump::train::bump::VIDEO0011_067.jpg,train,speed_bump,Kaggle_speed_bump_dataset,5,review_required_possible_near_duplicate
kaggle_speed_bump::train::bump::VIDEO0015_064.jpg,train,speed_bump,Kaggle_speed_bump_dataset,kaggle_speed_bump::train::bump::VIDEO0015_065.jpg,validation,speed_bump,Kaggle_speed_bump_dataset,5,review_required_possible_near_duplicate
kaggle_speed_bump::train::bump::VIDEO0015_065.jpg,validation,speed_bump,Kaggle_speed_bump_dataset,kaggle_speed_bump::train::bump::VIDEO0015_066.jpg,train,speed_bump,Kaggle_speed_bump_dataset,5,review_required_possible_near_duplicate
kaggle_speed_bump::train::bump::VIDEO0015_090.jpg,train,speed_bump,Kaggle_speed_bump_dataset,kaggle_speed_bump::train::bump::VIDEO0015_092.jpg,validation,speed_bump,Kaggle_speed_bump_dataset,5,review_required_possible_near_duplicate
kaggle_speed_bump::train::bump::VID_20190924_164420_031.jpg,validation,speed_bump,Kaggle_speed_bump_dataset,kaggle_speed_bump::train::bump::VID_20190924_164420_032.jpg,train,speed_bump,Kaggle_speed_bump_dataset,5,review_required_possible_near_duplicate
kaggle_speed_bump::train::bump::VID_20190924_164420_034.jpg,validation,speed_bump,Kaggle_speed_bump_dataset,kaggle_speed_bump::train::bump::VID_20190924_164420_038.jpg,protected_test,speed_bump,Kaggle_speed_bump_dataset,5,review_required_possible_near_duplicate
kaggle_speed_bump::train::bump::VID_20190924_165230_038.jpg,protected_test,speed_bump,Kaggle_speed_bump_dataset,kaggle_speed_bump::train::bump::VID_20190924_165230_039.jpg,train,speed_bump,Kaggle_speed_bump_dataset,5,review_required_possible_near_duplicate
kaggle_speed_bump::train::bump::VID_20190924_165230_057.jpg,validation,speed_bump,Kaggle_speed_bump_dataset,kaggle_speed_bump::train::bump::VID_20190924_165230_060.jpg,train,speed_bump,Kaggle_speed_bump_dataset,5,review_required_possible_near_duplicate
svrdd::train::09002200121901201518429702L_1295685300_482049100,validation,repaired_road,SVRDD_YOLO,svrdd::train::09002200121901201518529232L_1295670300_482047500,protected_test,repaired_road,SVRDD_YOLO,5,review_required_possible_near_duplicate
svrdd::train::09002200121902180935050492Q_1296214600_481563600,train,pothole,SVRDD_YOLO,svrdd::train::09002200121902180935067832Q_1296215200_481562800,validation,pothole,SVRDD_YOLO,5,review_required_possible_near_duplicate
svrdd::train::09002200121902241154177468O_1295740600_484245100,validation,repaired_road,SVRDD_YOLO,svrdd::train::09002200121902241154213488O_1295735100_484245300,protected_test,repaired_road,SVRDD_YOLO,5,review_required_possible_near_duplicate
svrdd::train::09002200121902241251491632Q_1294930600_481559300,validation,crack,SVRDD_YOLO,svrdd::train::09002200121902241251498232Q_1294929900_481559400,train,crack,SVRDD_YOLO,5,review_required_possible_near_duplicate
svrdd::train::0900220012200311123819850HJ_1296515700_484405700,protected_test,crack,SVRDD_YOLO,svrdd::train::0900220012200311123820850HJ_1296515700_484407400,train,crack,SVRDD_YOLO,5,review_required_possible_near_duplicate
svrdd::train::0900220012200311130800501HJ_1296857100_483790000,train,crack,SVRDD_YOLO,svrdd::train::0900220012200311130804564HJ_1296851800_483783700,validation,crack,SVRDD_YOLO,5,review_required_possible_near_duplicate
svrdd::train::0900220012200311133946318HJ_1296834900_483761000,train,crack,SVRDD_YOLO,svrdd::train::0900220012200311133949318HJ_1296838500_483765400,validation,crack,SVRDD_YOLO,5,review_required_possible_near_duplicate
svrdd::train::0900220012200311133949318HJ_1296838500_483765400,validation,crack,SVRDD_YOLO,svrdd::train::0900220012200311133950318HJ_1296839800_483766800,train,crack,SVRDD_YOLO,5,review_required_possible_near_duplicate
svrdd::train::0900220012200316150329472HJ_1294206300_482857200,protected_test,pothole,SVRDD_YOLO,svrdd::train::0900220012200316150330441HJ_1294206400_482855500,validation,crack,SVRDD_YOLO,5,review_required_possible_near_duplicate
svrdd::train::0900220012200318102122318HJ_1295041400_482795500,train,crack,SVRDD_YOLO,svrdd::train::0900220012200318102124319HJ_1295045200_482795300,validation,repaired_road,SVRDD_YOLO,5,review_required_possible_near_duplicate
