source_id,filename,relative_image_path,relative_label_path,sha256,width,height,valid_pothole_boxes,invalid_source_boxes,duplicate_group,decision,decision_reason
github_pothole::img-1,img-1.jpg,data/raw/v2/pothole_github/Pothole Dataset/img-1.jpg,data/raw/v2/pothole_github/Pothole Dataset/img-1.txt,a1b2da05c00ea71461a90815005b3b38d8ce8a1d603b3e4d0445513df7ae9a30,720,720,1,0,,keep,human_visual_quality_approved
github_pothole::img-10,img-10.jpg,data/raw/v2/pothole_github/Pothole Dataset/img-10.jpg,data/raw/v2/pothole_github/Pothole Dataset/img-10.txt,cf7038981864142a0d2fce14e07f6ff6a3a6e13a7815c82921bf2b6e529bbabb,720,720,1,0,,keep,human_visual_quality_approved
github_pothole::img-100,img-100.jpg,data/raw/v2/pothole_github/Pothole Dataset/img-100.jpg,data/raw/v2/pothole_github/Pothole Dataset/img-100.txt,119e1495b6572fca432c89caffa98ccbc6d2d11143ccf984ac6a9cc839f6af02,720,720,1,0,,keep,human_visual_quality_approved
github_pothole::img-1000,img-1000.jpg,data/raw/v2/pothole_github/Pothole Dataset/img-1000.jpg,data/raw/v2/pothole_github/Pothole Dataset/img-1000.txt,fe61b79aeef03747748770e1d165d9ab4f1e8d20ff5604e2ac2fb58c8e6f0ca7,416,245,3,0,,keep,human_visual_quality_approved
github_pothole::img-1001,img-1001.jpg,data/raw/v2/pothole_github/Pothole Dataset/img-1001.jpg,data/raw/v2/pothole_github/Pothole Dataset/img-1001.txt,304a6babaf6ba60bb14c032b124d31c9ef32b9ba0e617d9f7f20c2c49f23ccc6,416,277,5,0,,keep,human_visual_quality_approved
github_pothole::img-1002,img-1002.jpg,data/raw/v2/pothole_github/Pothole Dataset/img-1002.jpg,data/raw/v2/pothole_github/Pothole Dataset/img-1002.txt,31abafaa34bc0f03c4a25453c6428c5a650c88f3e467768617e2891b14911466,380,312,17,0,,keep,human_visual_quality_approved
github_pothole::img-1003,img-1003.jpg,data/raw/v2/pothole_github/Pothole Dataset/img-1003.jpg,data/raw/v2/pothole_github/Pothole Dataset/img-1003.txt,16e64a975bf5bec63418dea8fa11aaa53df4ab522e1b7de0f8d2a9fca6f7fa12,416,234,3,0,,keep,human_visual_quality_approved
github_pothole::img-1004,img-1004.jpg,data/raw/v2/pothole_github/Pothole Dataset/img-1004.jpg,data/raw/v2/pothole_github/Pothole Dataset/img-1004.txt,714697274f03d855923b209668fd4559fa33d57826531414263358375de1b444,416,279,1,0,,keep,human_visual_quality_approved
github_pothole::img-1005,img-1005.jpg,data/raw/v2/pothole_github/Pothole Dataset/img-1005.jpg,data/raw/v2/pothole_github/Pothole Dataset/img-1005.txt,d46241aa3e786b535eaf9681f5d62a39f468bd66f8c3f90004afced567a73dc9,416,276,13,0,exact_duplicate_001,exclude,exact_duplicate_kept_copy_has_more_valid_boxes
github_pothole::img-1006,img-1006.jpg,data/raw/v2/pothole_github/Pothole Dataset/img-1006.jpg,data/raw/v2/pothole_github/Pothole Dataset/img-1006.txt,d46241aa3e786b535eaf9681f5d62a39f468bd66f8c3f90004afced567a73dc9,416,276,17,0,exact_duplicate_001,keep,human_visual_quality_approved
github_pothole::img-1007,img-1007.jpg,data/raw/v2/pothole_github/Pothole Dataset/img-1007.jpg,data/raw/v2/pothole_github/Pothole Dataset/img-1007.txt,aa8bf6e9552d3990ce99fa5772b89a0a60d9140d21eba8aac96ac524db8b35ba,416,245,8,0,,keep,human_visual_quality_approved
github_pothole::img-1008,img-1008.jpg,data/raw/v2/pothole_github/Pothole Dataset/img-1008.jpg,data/raw/v2/pothole_github/Pothole Dataset/img-1008.txt,a32422a20261ec88cdc1241bced67942c8262a6f3ed851a081178b5ad794bf23,416,241,4,0,,keep,human_visual_quality_approved
github_pothole::img-1009,img-1009.jpg,data/raw/v2/pothole_github/Pothole Dataset/img-1009.jpg,data/raw/v2/pothole_github/Pothole Dataset/img-1009.txt,d236b259093811f46abcd5d29fdb99927d735ac9e3c487c84634c603de4f6724,416,273,6,0,,keep,human_visual_quality_approved
github_pothole::img-101,img-101.jpg,data/raw/v2/pothole_github/Pothole Dataset/img-101.jpg,data/raw/v2/pothole_github/Pothole Dataset/img-101.txt,b371e2b5c9675307bf42ccaf9dd1e7180909257941e8ab57f3d7dd304a7dc649,720,720,2,0,,keep,human_visual_quality_approved
github_pothole::img-1010,img-1010.jpg,data/raw/v2/pothole_github/Pothole Dataset/img-1010.jpg,data/raw/v2/pothole_github/Pothole Dataset/img-1010.txt,5b5d430af299378129eca8a0373e4ca14e9bb929b418e15069f4333bf83cff02,416,277,6,0,,keep,human_visual_quality_approved
github_pothole::img-1011,img-1011.jpg,data/raw/v2/pothole_github/Pothole Dataset/img-1011.jpg,data/raw/v2/pothole_github/Pothole Dataset/img-1011.txt,1b985516d950a5a16323f6e773ae47006e8b5e08034cea4c2795f665b5760249,416,231,4,0,,keep,human_visual_quality_approved
github_pothole::img-1012,img-1012.jpg,data/raw/v2/pothole_github/Pothole Dataset/img-1012.jpg,data/raw/v2/pothole_github/Pothole Dataset/img-1012.txt,d0b26e8646213626a00f244f46d43748d41e2c2b6f4b26f208be33cec7ac4aab,416,234,5,0,,keep,human_visual_quality_approved
github_pothole::img-1013,img-1013.jpg,data/raw/v2/pothole_github/Pothole Dataset/img-1013.jpg,data/raw/v2/pothole_github/Pothole Dataset/img-1013.txt,dda415bc7f541d3855e1fbd7688aac443f23f62668aaa5463ed4b02ab0c84400,416,174,1,0,,keep,human_visual_quality_approved
github_pothole::img-1014,img-1014.jpg,data/raw/v2/pothole_github/Pothole Dataset/img-1014.jpg,data/raw/v2/pothole_github/Pothole Dataset/img-1014.txt,210298a885c94aa560e2d86c512ebb3f67c15046a0165d39ecba079166d9fb9c,416,277,8,0,,keep,human_visual_quality_approved
github_pothole::img-1015,img-1015.jpg,data/raw/v2/pothole_github/Pothole Dataset/img-1015.jpg,data/raw/v2/pothole_github/Pothole Dataset/img-1015.txt,f29202843c64f8f56a365f6f92c62d3189b982166d4a40b5feb2995989ce9340,400,300,1,0,,keep,human_visual_quality_approved
github_pothole::img-1016,img-1016.jpg,data/raw/v2/pothole_github/Pothole Dataset/img-1016.jpg,data/raw/v2/pothole_github/Pothole Dataset/img-1016.txt,9794c80452c376405ac3bf624499c0bdaa42726f07370bd17d5fa2120441d555,416,277,1,0,,keep,human_visual_quality_approved
github_pothole::img-1017,img-1017.jpg,data/raw/v2/pothole_github/Pothole Dataset/img-1017.jpg,data/raw/v2/pothole_github/Pothole Dataset/img-1017.txt,ae532ac40a8cb19d029563e4d9dee7d8476fa66bb9ae95438f564557e9210f45,416,275,5,0,,keep,human_visual_quality_approved
github_pothole::img-1018,img-1018.jpg,data/raw/v2/pothole_github/Pothole Dataset/img-1018.jpg,data/raw/v2/pothole_github/Pothole Dataset/img-1018.txt,7e862ffc7450f3f82388cb35b2c64f58c0dd6b5b0dc6c437659eb1a3ff7decc0,416,277,3,0,,keep,human_visual_quality_approved
github_pothole::img-1019,img-1019.jpg,data/raw/v2/pothole_github/Pothole Dataset/img-1019.jpg,data/raw/v2/pothole_github/Pothole Dataset/img-1019.txt,b2fcfd88adae62d10e1f5c101304da03e19945f84f094b8bd3b640ae867aa0c5,416,254,1,0,,keep,human_visual_quality_approved
github_pothole::img-102,img-102.jpg,data/raw/v2/pothole_github/Pothole Dataset/img-102.jpg,data/raw/v2/pothole_github/Pothole Dataset/img-102.txt,08236ff1ed2d37525a5cbd384084ea1e494164e1606900fc5b92cba662b2e4b5,720,720,1,0,,keep,human_visual_quality_approved
github_pothole::img-1020,img-1020.jpg,data/raw/v2/pothole_github/Pothole Dataset/img-1020.jpg,data/raw/v2/pothole_github/Pothole Dataset/img-1020.txt,6a429eb193dc205d387fc614e60907129605c6b085975844eed493e9ba01c70b,416,277,2,0,,keep,human_visual_quality_approved
github_pothole::img-1021,img-1021.jpg,data/raw/v2/pothole_github/Pothole Dataset/img-1021.jpg,data/raw/v2/pothole_github/Pothole Dataset/img-1021.txt,0479265a6163ca2b2121d7aeb7765d2c9cdaa7c619bd5e76b0d9bb7423f4d289,416,207,1,0,,keep,human_visual_quality_approved
github_pothole::img-1022,img-1022.jpg,data/raw/v2/pothole_github/Pothole Dataset/img-1022.jpg,data/raw/v2/pothole_github/Pothole Dataset/img-1022.txt,5400b8d2a9be81329548de528af00239dc6695b2e2623a21f42600d124cbd323,416,312,3,0,,keep,human_visual_quality_approved
github_pothole::img-1023,img-1023.jpg,data/raw/v2/pothole_github/Pothole Dataset/img-1023.jpg,data/raw/v2/pothole_github/Pothole Dataset/img-1023.txt,cbb3ad78623d6fa81f9d8ac352d03e0f2e73bc86fd9ab1a20e78d7f2d59325d6,416,271,3,0,,keep,human_visual_quality_approved
github_pothole::img-1024,img-1024.jpg,data/raw/v2/pothole_github/Pothole Dataset/img-1024.jpg,data/raw/v2/pothole_github/Pothole Dataset/img-1024.txt,e7763f1ee0cdd7a9c3e9fa67bc1c680bac16baa8433ef6920c46ae5ed72d63b5,416,277,1,0,,keep,human_visual_quality_approved
github_pothole::img-1025,img-1025.jpg,data/raw/v2/pothole_github/Pothole Dataset/img-1025.jpg,data/raw/v2/pothole_github/Pothole Dataset/img-1025.txt,9efa11846c979481516985556a4e77ad5c68374c7aea1d87d7fd37c90e112618,416,312,1,0,,keep,human_visual_quality_approved
github_pothole::img-1026,img-1026.jpg,data/raw/v2/pothole_github/Pothole Dataset/img-1026.jpg,data/raw/v2/pothole_github/Pothole Dataset/img-1026.txt,b0aa024364526c41c35f7fe9c8e167735ea347eb723fb26284dd92d1b0d234d4,416,234,1,0,,keep,human_visual_quality_approved
github_pothole::img-1027,img-1027.jpg,data/raw/v2/pothole_github/Pothole Dataset/img-1027.jpg,data/raw/v2/pothole_github/Pothole Dataset/img-1027.txt,7961a135f5b141b6a312912f5f9e15ca8f215232858ea18667168cd1550a5733,416,277,1,0,,keep,human_visual_quality_approved
github_pothole::img-1028,img-1028.jpg,data/raw/v2/pothole_github/Pothole Dataset/img-1028.jpg,data/raw/v2/pothole_github/Pothole Dataset/img-1028.txt,e8952b0a47701fd02e21613e4a3f7a6e4a762a4ef71b126cd68dfddcf4c80df3,416,273,2,0,,keep,human_visual_quality_approved
github_pothole::img-1029,img-1029.jpg,data/raw/v2/pothole_github/Pothole Dataset/img-1029.jpg,data/raw/v2/pothole_github/Pothole Dataset/img-1029.txt,881421e6c4ba68aa22dfe12c172e1c8b61c9d66f0052ceaecf532a107025ec8d,416,248,3,0,,keep,human_visual_quality_approved
github_pothole::img-103,img-103.jpg,data/raw/v2/pothole_github/Pothole Dataset/img-103.jpg,data/raw/v2/pothole_github/Pothole Dataset/img-103.txt,d9cf149f3c3a77ea30e0f48529b0d577e0057022bd0d07b4cc091e129fb83b60,720,720,1,0,,keep,human_visual_quality_approved
github_pothole::img-1030,img-1030.jpg,data/raw/v2/pothole_github/Pothole Dataset/img-1030.jpg,data/raw/v2/pothole_github/Pothole Dataset/img-1030.txt,0e9012306642cdb57465fe0a8e6a20210512b818589eb40e4f9e2085ddc60953,300,224,2,0,,keep,human_visual_quality_approved
github_pothole::img-1031,img-1031.jpg,data/raw/v2/pothole_github/Pothole Dataset/img-1031.jpg,data/raw/v2/pothole_github/Pothole Dataset/img-1031.txt,f7ab5270dbfc455f2e82f071debf46c0f16e10f06e4c12665e20e640208bc709,416,230,6,0,,keep,human_visual_quality_approved
github_pothole::img-1032,img-1032.jpg,data/raw/v2/pothole_github/Pothole Dataset/img-1032.jpg,data/raw/v2/pothole_github/Pothole Dataset/img-1032.txt,622608609d6e6b055d5c85dffd2b240a999e6a07593c81168b0ba27cef4d12b5,416,312,3,0,,keep,human_visual_quality_approved
github_pothole::img-1033,img-1033.jpg,data/raw/v2/pothole_github/Pothole Dataset/img-1033.jpg,data/raw/v2/pothole_github/Pothole Dataset/img-1033.txt,11a1bee79792abdcb345e71f7cfa20b938a79f1ed969e329928e780876681411,416,273,6,0,,keep,human_visual_quality_approved
github_pothole::img-1034,img-1034.jpg,data/raw/v2/pothole_github/Pothole Dataset/img-1034.jpg,data/raw/v2/pothole_github/Pothole Dataset/img-1034.txt,50384741a0b8270781e1759f4d18217644a6bca3d0f5513f9299be106e2a2ba1,416,224,4,0,,keep,human_visual_quality_approved
github_pothole::img-1035,img-1035.jpg,data/raw/v2/pothole_github/Pothole Dataset/img-1035.jpg,data/raw/v2/pothole_github/Pothole Dataset/img-1035.txt,bb00da0fd46056178b8fca93f050360ec6ca9dad31cc47804a7df23e1e9be8df,416,234,1,0,,keep,human_visual_quality_approved
github_pothole::img-1036,img-1036.jpg,data/raw/v2/pothole_github/Pothole Dataset/img-1036.jpg,data/raw/v2/pothole_github/Pothole Dataset/img-1036.txt,d4e566c5de5c07215ebedc796935a00534ac30131ffb0a2dfa4ddd55e1ab5ce2,416,312,2,0,,keep,human_visual_quality_approved
github_pothole::img-1037,img-1037.jpg,data/raw/v2/pothole_github/Pothole Dataset/img-1037.jpg,data/raw/v2/pothole_github/Pothole Dataset/img-1037.txt,07255d5b0fe306782c237a2d0dd5d8f7b10ef02126538f480abf179f66a47de5,416,312,1,0,,keep,human_visual_quality_approved
github_pothole::img-1038,img-1038.jpg,data/raw/v2/pothole_github/Pothole Dataset/img-1038.jpg,data/raw/v2/pothole_github/Pothole Dataset/img-1038.txt,e6915d5db5de98c3971f14e18de8f2e4e243cbedea752ec02f9734537f6fc0ba,416,277,2,0,,keep,human_visual_quality_approved
github_pothole::img-1039,img-1039.jpg,data/raw/v2/pothole_github/Pothole Dataset/img-1039.jpg,data/raw/v2/pothole_github/Pothole Dataset/img-1039.txt,4a140ae27098a049c93944c3f158be980af2ffdf3a1a27c42061729533c866d8,416,277,4,0,,keep,human_visual_quality_approved
github_pothole::img-104,img-104.jpg,data/raw/v2/pothole_github/Pothole Dataset/img-104.jpg,data/raw/v2/pothole_github/Pothole Dataset/img-104.txt,9a3ab9e170bdbbff00a57493b3491bf1028f29b1b7e65cc2c8caa66c93ae3225,720,720,2,0,,keep,human_visual_quality_approved
github_pothole::img-1040,img-1040.jpg,data/raw/v2/pothole_github/Pothole Dataset/img-1040.jpg,data/raw/v2/pothole_github/Pothole Dataset/img-1040.txt,450501d9ad9797f3bdf2af5561379011a5cdc1cade29dd8ab56a00dc93fc70b3,416,218,2,0,,keep,human_visual_quality_approved
github_pothole::img-1041,img-1041.jpg,data/raw/v2/pothole_github/Pothole Dataset/img-1041.jpg,data/raw/v2/pothole_github/Pothole Dataset/img-1041.txt,aed9c7af9f9f10ef141642f3f643a9682ac3b90e11bfee0065e60759030496de,416,243,2,0,,keep,human_visual_quality_approved
github_pothole::img-1042,img-1042.jpg,data/raw/v2/pothole_github/Pothole Dataset/img-1042.jpg,data/raw/v2/pothole_github/Pothole Dataset/img-1042.txt,bb57765bc83c9b6b06de54e826c50e484fc7c781e6359075631d1b8c20f911aa,416,276,3,0,,keep,human_visual_quality_approved
github_pothole::img-1043,img-1043.jpg,data/raw/v2/pothole_github/Pothole Dataset/img-1043.jpg,data/raw/v2/pothole_github/Pothole Dataset/img-1043.txt,5498fbbe265604304f99d711e2c606967c4d1715890cb3fa6d5495ff091b99f8,416,259,1,0,,keep,human_visual_quality_approved
github_pothole::img-1044,img-1044.jpg,data/raw/v2/pothole_github/Pothole Dataset/img-1044.jpg,data/raw/v2/pothole_github/Pothole Dataset/img-1044.txt,deb085d9ea1819cf1ebe724d9fcd57d5bd8492540d4f33ec47e949d4512d4a73,416,312,6,0,,keep,human_visual_quality_approved
github_pothole::img-1045,img-1045.jpg,data/raw/v2/pothole_github/Pothole Dataset/img-1045.jpg,data/raw/v2/pothole_github/Pothole Dataset/img-1045.txt,e9b4a44d8845c56037d65372a80990bd8bd1f89bc6eaafb5d22f6d61bfc411a1,269,178,2,0,,keep,human_visual_quality_approved
github_pothole::img-1046,img-1046.jpg,data/raw/v2/pothole_github/Pothole Dataset/img-1046.jpg,data/raw/v2/pothole_github/Pothole Dataset/img-1046.txt,3bcd615f21ba182667986ee7ed6164f130f7d433497e3c00cc7eef3e268c3ba0,416,312,3,0,,keep,human_visual_quality_approved
github_pothole::img-1047,img-1047.jpg,data/raw/v2/pothole_github/Pothole Dataset/img-1047.jpg,data/raw/v2/pothole_github/Pothole Dataset/img-1047.txt,8af7b568276a0c0d003d949ebe036e816c43a5efa41f88657ad6795a96b416d6,416,234,10,0,,keep,human_visual_quality_approved
github_pothole::img-1048,img-1048.jpg,data/raw/v2/pothole_github/Pothole Dataset/img-1048.jpg,data/raw/v2/pothole_github/Pothole Dataset/img-1048.txt,4d52760fc793d9ce9a744305136e32f62464a45c841f23797700b55b3fca8bcb,326,434,5,0,,keep,human_visual_quality_approved
github_pothole::img-1049,img-1049.jpg,data/raw/v2/pothole_github/Pothole Dataset/img-1049.jpg,data/raw/v2/pothole_github/Pothole Dataset/img-1049.txt,373e40860a1c1fdafa72fd9495715562f7dae948ea18085a3846925c716c67a9,320,240,1,0,,keep,human_visual_quality_approved
github_pothole::img-105,img-105.jpg,data/raw/v2/pothole_github/Pothole Dataset/img-105.jpg,data/raw/v2/pothole_github/Pothole Dataset/img-105.txt,b8f36d68e2d6280b83ae9b0fe6d51e3670197b51c2cc1db0ca27b9416c4ca8bf,720,720,2,0,,keep,human_visual_quality_approved
github_pothole::img-1050,img-1050.jpg,data/raw/v2/pothole_github/Pothole Dataset/img-1050.jpg,data/raw/v2/pothole_github/Pothole Dataset/img-1050.txt,f0c47bf54163541a831210aa0188fad845929bc24c0474385691ff3cd511352f,416,234,9,0,,keep,human_visual_quality_approved
github_pothole::img-1051,img-1051.jpg,data/raw/v2/pothole_github/Pothole Dataset/img-1051.jpg,data/raw/v2/pothole_github/Pothole Dataset/img-1051.txt,ad6119f6aec7518630ef655f2160ab03a95579faebb46e9a7a81164865a6f184,400,225,1,0,,keep,human_visual_quality_approved
github_pothole::img-1052,img-1052.jpg,data/raw/v2/pothole_github/Pothole Dataset/img-1052.jpg,data/raw/v2/pothole_github/Pothole Dataset/img-1052.txt,7e66d6700f94bec6b0d94a1f41c26dbf30f4dfded1d19b39dbe201240210fc61,416,311,4,0,,keep,human_visual_quality_approved
github_pothole::img-1053,img-1053.jpg,data/raw/v2/pothole_github/Pothole Dataset/img-1053.jpg,data/raw/v2/pothole_github/Pothole Dataset/img-1053.txt,ab3ab9a3974fa2333d596cc7f3506fbda6015548096fca43b7f1e22e7d2deeda,416,234,4,0,,keep,human_visual_quality_approved
github_pothole::img-1054,img-1054.jpg,data/raw/v2/pothole_github/Pothole Dataset/img-1054.jpg,data/raw/v2/pothole_github/Pothole Dataset/img-1054.txt,a5db789725ef6cac16805ca346fd858a38ef060fc4372ddffae8708f80cc06a8,416,312,2,0,,keep,human_visual_quality_approved
github_pothole::img-1055,img-1055.jpg,data/raw/v2/pothole_github/Pothole Dataset/img-1055.jpg,data/raw/v2/pothole_github/Pothole Dataset/img-1055.txt,e60a42e6af7d8019cc35a9f53f6233067873791bd16a355f52b59064cbaefc5c,416,282,1,0,,keep,human_visual_quality_approved
github_pothole::img-1056,img-1056.jpg,data/raw/v2/pothole_github/Pothole Dataset/img-1056.jpg,data/raw/v2/pothole_github/Pothole Dataset/img-1056.txt,bb4c505b83b5dc7554f5b80ff2826be600399ce80859cc973a7632c98f0fb6c5,416,312,3,0,,keep,human_visual_quality_approved
github_pothole::img-1057,img-1057.jpg,data/raw/v2/pothole_github/Pothole Dataset/img-1057.jpg,data/raw/v2/pothole_github/Pothole Dataset/img-1057.txt,9112d2a6ed7d176185609e1492968af3e375a637dda95b6835d70d57f813baad,416,265,5,0,,keep,human_visual_quality_approved
github_pothole::img-1058,img-1058.jpg,data/raw/v2/pothole_github/Pothole Dataset/img-1058.jpg,data/raw/v2/pothole_github/Pothole Dataset/img-1058.txt,4b242be2f827e4cc59df8a266e67205a1f1f66e6f900dbfa1f0bb40b0016e937,416,216,2,0,,keep,human_visual_quality_approved
github_pothole::img-1059,img-1059.jpg,data/raw/v2/pothole_github/Pothole Dataset/img-1059.jpg,data/raw/v2/pothole_github/Pothole Dataset/img-1059.txt,32cf4b8b11d728177f63e70c4f9c44e9d396842b45a22259b9480fd39ece72b9,416,277,3,0,,keep,human_visual_quality_approved
github_pothole::img-106,img-106.jpg,data/raw/v2/pothole_github/Pothole Dataset/img-106.jpg,data/raw/v2/pothole_github/Pothole Dataset/img-106.txt,c737901c1ba6e033d7ba0f60d58f72fb8e054173fa2834fc510f6e31abbf9984,720,720,2,0,,keep,human_visual_quality_approved
github_pothole::img-1060,img-1060.jpg,data/raw/v2/pothole_github/Pothole Dataset/img-1060.jpg,data/raw/v2/pothole_github/Pothole Dataset/img-1060.txt,fd9456e8682a90b1d5b7da2495a27c82a8df60d1cea3f617bc57c70ad7e80fbb,416,312,4,0,,keep,human_visual_quality_approved
github_pothole::img-1061,img-1061.jpg,data/raw/v2/pothole_github/Pothole Dataset/img-1061.jpg,data/raw/v2/pothole_github/Pothole Dataset/img-1061.txt,e2007b3220f9717c5bf42bff1f43c9592243e1ae4d1f694f8eafc24c92e0ccd3,416,277,2,0,,keep,human_visual_quality_approved
github_pothole::img-1062,img-1062.jpg,data/raw/v2/pothole_github/Pothole Dataset/img-1062.jpg,data/raw/v2/pothole_github/Pothole Dataset/img-1062.txt,bfb99cea3fddfffbc765be575005a7e373dcae36934bcee65c16cf4847620afe,416,312,1,0,,keep,human_visual_quality_approved
github_pothole::img-1063,img-1063.jpg,data/raw/v2/pothole_github/Pothole Dataset/img-1063.jpg,data/raw/v2/pothole_github/Pothole Dataset/img-1063.txt,312170863e21d2ebdb6bd9f3510bf255d3873cb168539c8c3e604bf9b22e0e1c,416,277,2,0,,keep,human_visual_quality_approved
github_pothole::img-1064,img-1064.jpg,data/raw/v2/pothole_github/Pothole Dataset/img-1064.jpg,data/raw/v2/pothole_github/Pothole Dataset/img-1064.txt,31352fa1fcb285d4b18283516b6bb8584fa352a83752887729db7ddd28423f61,416,234,1,0,,keep,human_visual_quality_approved
github_pothole::img-1065,img-1065.jpg,data/raw/v2/pothole_github/Pothole Dataset/img-1065.jpg,data/raw/v2/pothole_github/Pothole Dataset/img-1065.txt,3fb0f4aa2c40c5c3524c19a95896edb77df8a649baf048f2640fcd164d4db584,416,233,3,0,,keep,human_visual_quality_approved
github_pothole::img-1066,img-1066.jpg,data/raw/v2/pothole_github/Pothole Dataset/img-1066.jpg,data/raw/v2/pothole_github/Pothole Dataset/img-1066.txt,959d1dbc8cb94326f3a30cce84907ae19c22f92ff9ce7c1c833afb616f0aed0e,416,218,1,0,,keep,human_visual_quality_approved
github_pothole::img-1067,img-1067.jpg,data/raw/v2/pothole_github/Pothole Dataset/img-1067.jpg,data/raw/v2/pothole_github/Pothole Dataset/img-1067.txt,d62dd53b076f0df10580ffaf0eaf127be30f49e8947f349f7e72bf900539b47d,416,276,1,0,,keep,human_visual_quality_approved
github_pothole::img-1068,img-1068.jpg,data/raw/v2/pothole_github/Pothole Dataset/img-1068.jpg,data/raw/v2/pothole_github/Pothole Dataset/img-1068.txt,62619b20f01605e7baf93f24eb1e1d9223ac9157741f2d27ff8c98aa514f22f0,416,140,3,0,,keep,human_visual_quality_approved
github_pothole::img-1069,img-1069.jpg,data/raw/v2/pothole_github/Pothole Dataset/img-1069.jpg,data/raw/v2/pothole_github/Pothole Dataset/img-1069.txt,7a613f2e1642e422fb1062885873e9726d5f675d460abeba6bcbc8bbde99eb8b,416,129,1,0,,keep,human_visual_quality_approved
github_pothole::img-107,img-107.jpg,data/raw/v2/pothole_github/Pothole Dataset/img-107.jpg,data/raw/v2/pothole_github/Pothole Dataset/img-107.txt,4ad843a471dd53932bde971d80667d3b7e33b873b30e72f730413a456b8edec5,720,720,1,0,,keep,human_visual_quality_approved
github_pothole::img-1070,img-1070.jpg,data/raw/v2/pothole_github/Pothole Dataset/img-1070.jpg,data/raw/v2/pothole_github/Pothole Dataset/img-1070.txt,c871d36d27ab67d149ba08ae55e2ade0d695505b42db85c321d90f7f4dade8ec,416,277,1,0,,keep,human_visual_quality_approved
github_pothole::img-1071,img-1071.jpg,data/raw/v2/pothole_github/Pothole Dataset/img-1071.jpg,data/raw/v2/pothole_github/Pothole Dataset/img-1071.txt,ca405de8cf75fc4b667c08c873605fcfcb7b06453c2cab19c6e3af4d9eeca053,300,199,1,0,,keep,human_visual_quality_approved
github_pothole::img-1072,img-1072.jpg,data/raw/v2/pothole_github/Pothole Dataset/img-1072.jpg,data/raw/v2/pothole_github/Pothole Dataset/img-1072.txt,221a8613fc20ebabbeaf748e332527eb12f9d7957974b9fcaa43805e1a6244ab,416,218,4,0,,keep,human_visual_quality_approved
github_pothole::img-1073,img-1073.jpg,data/raw/v2/pothole_github/Pothole Dataset/img-1073.jpg,data/raw/v2/pothole_github/Pothole Dataset/img-1073.txt,80599277c7d48ffee6e76f5f53c51088200e64fa93e79381e9094f718c9177bb,416,234,1,0,,keep,human_visual_quality_approved
github_pothole::img-1074,img-1074.jpg,data/raw/v2/pothole_github/Pothole Dataset/img-1074.jpg,data/raw/v2/pothole_github/Pothole Dataset/img-1074.txt,d2bb98adc3ee72f33501dbd6a5125d7ccace1c2fe82e2558f05916a0b3bce5ae,416,237,2,0,,keep,human_visual_quality_approved
github_pothole::img-1075,img-1075.jpg,data/raw/v2/pothole_github/Pothole Dataset/img-1075.jpg,data/raw/v2/pothole_github/Pothole Dataset/img-1075.txt,e75d6bf6aa0ff7d1aad6d29bc1b2d0507cf921c6dd5399b3ec70944eb40822e3,416,277,1,0,,keep,human_visual_quality_approved
github_pothole::img-1076,img-1076.jpg,data/raw/v2/pothole_github/Pothole Dataset/img-1076.jpg,data/raw/v2/pothole_github/Pothole Dataset/img-1076.txt,0f14a8bbf2420ed5b12f4573eb85d54aecec8e2a1f28b6c32d9b7233daf8c71b,416,277,2,0,,keep,human_visual_quality_approved
github_pothole::img-1077,img-1077.jpg,data/raw/v2/pothole_github/Pothole Dataset/img-1077.jpg,data/raw/v2/pothole_github/Pothole Dataset/img-1077.txt,a085ba5fd9afa9bb5b41e61df8b23bcf3a8018e96777d3a86c569c0cc3237f6e,416,372,3,0,,keep,human_visual_quality_approved
github_pothole::img-1078,img-1078.jpg,data/raw/v2/pothole_github/Pothole Dataset/img-1078.jpg,data/raw/v2/pothole_github/Pothole Dataset/img-1078.txt,840ea306ca418e8edc36eb30d3a3a53c8698ba790bb564ef83b58f91c2340806,300,168,4,0,,keep,human_visual_quality_approved
github_pothole::img-1079,img-1079.jpg,data/raw/v2/pothole_github/Pothole Dataset/img-1079.jpg,data/raw/v2/pothole_github/Pothole Dataset/img-1079.txt,d62d7639e3a0f7f7acc1ef6773dcdfb5a05e6b0002ef05623c5814befde447b7,416,234,1,0,,keep,human_visual_quality_approved
github_pothole::img-108,img-108.jpg,data/raw/v2/pothole_github/Pothole Dataset/img-108.jpg,data/raw/v2/pothole_github/Pothole Dataset/img-108.txt,51bf028115a9a7a8ed57e91f43a422e0d6b9a1cf1033d512e26fccd13d058b42,720,720,5,0,,keep,human_visual_quality_approved
github_pothole::img-1080,img-1080.jpg,data/raw/v2/pothole_github/Pothole Dataset/img-1080.jpg,data/raw/v2/pothole_github/Pothole Dataset/img-1080.txt,fc07b8f4e3481d667cc49243bcbdc9d9dbdebe76252d8be61d55a85090f63f6f,416,234,1,0,,keep,human_visual_quality_approved
github_pothole::img-1081,img-1081.jpg,data/raw/v2/pothole_github/Pothole Dataset/img-1081.jpg,data/raw/v2/pothole_github/Pothole Dataset/img-1081.txt,58b9ced025459dead17749933c32fbe54dc333817f72ac5a22d7e663b2ab58eb,416,293,2,0,,keep,human_visual_quality_approved
github_pothole::img-1082,img-1082.jpg,data/raw/v2/pothole_github/Pothole Dataset/img-1082.jpg,data/raw/v2/pothole_github/Pothole Dataset/img-1082.txt,185be88966883f6199047100f59c52eda846e261f5bfdf9b2e3b25067d6d9e55,416,231,1,0,,keep,human_visual_quality_approved
github_pothole::img-1083,img-1083.jpg,data/raw/v2/pothole_github/Pothole Dataset/img-1083.jpg,data/raw/v2/pothole_github/Pothole Dataset/img-1083.txt,9355b9d57ee65db7ba411fc21af91466f3e09721985a002a9062878ac8e150fa,416,277,2,0,,keep,human_visual_quality_approved
github_pothole::img-1084,img-1084.jpg,data/raw/v2/pothole_github/Pothole Dataset/img-1084.jpg,data/raw/v2/pothole_github/Pothole Dataset/img-1084.txt,a3d0717342f67e07aa16c09f90d8917f791eb4e3c4a077d016bfbca977c88605,416,231,3,0,,keep,human_visual_quality_approved
github_pothole::img-1085,img-1085.jpg,data/raw/v2/pothole_github/Pothole Dataset/img-1085.jpg,data/raw/v2/pothole_github/Pothole Dataset/img-1085.txt,2e3d38a8f63d4fa5a3b8171a6c98f91db0328ccc8065383dcf31166d171e9d22,416,234,17,0,,keep,human_visual_quality_approved
github_pothole::img-1086,img-1086.jpg,data/raw/v2/pothole_github/Pothole Dataset/img-1086.jpg,data/raw/v2/pothole_github/Pothole Dataset/img-1086.txt,b0485cba288d1d29cb0c254b6e75737d96ad0585178a7ea75f1ae7d188c6fbb4,416,312,2,0,,keep,human_visual_quality_approved
github_pothole::img-1087,img-1087.jpg,data/raw/v2/pothole_github/Pothole Dataset/img-1087.jpg,data/raw/v2/pothole_github/Pothole Dataset/img-1087.txt,38621f64b7b09091a4c60f318e3f98e8dde7e4502bca9ec51f7a40cff049b18b,400,225,1,0,,keep,human_visual_quality_approved
github_pothole::img-1088,img-1088.jpg,data/raw/v2/pothole_github/Pothole Dataset/img-1088.jpg,data/raw/v2/pothole_github/Pothole Dataset/img-1088.txt,c962acc9aefcaa98df806afcb71ec5ab8be7f9072431283d5d7c5de8536c0df1,416,312,6,0,,keep,human_visual_quality_approved
github_pothole::img-1089,img-1089.jpg,data/raw/v2/pothole_github/Pothole Dataset/img-1089.jpg,data/raw/v2/pothole_github/Pothole Dataset/img-1089.txt,2a57aeeb870cd8088fe8be889a8f304a6bed694ee6c413671d2dcf67b36a6892,416,281,10,0,,keep,human_visual_quality_approved
github_pothole::img-109,img-109.jpg,data/raw/v2/pothole_github/Pothole Dataset/img-109.jpg,data/raw/v2/pothole_github/Pothole Dataset/img-109.txt,6368b24ad03cd0f2ce7eaea11d799d19fa45ced45d28c22832dec60e3c1b69d5,720,720,3,0,,keep,human_visual_quality_approved
github_pothole::img-1090,img-1090.jpg,data/raw/v2/pothole_github/Pothole Dataset/img-1090.jpg,data/raw/v2/pothole_github/Pothole Dataset/img-1090.txt,064138fd60f608642e00575a8a8deaa88bb9481362d0ac37ef6d90d33095aed5,400,249,1,0,,keep,human_visual_quality_approved
github_pothole::img-1091,img-1091.jpg,data/raw/v2/pothole_github/Pothole Dataset/img-1091.jpg,data/raw/v2/pothole_github/Pothole Dataset/img-1091.txt,db3ade6d783526db3963990e973756a68c5d300ac7f40c68bc3ff0a901bb3f08,416,273,4,0,,keep,human_visual_quality_approved
github_pothole::img-1092,img-1092.jpg,data/raw/v2/pothole_github/Pothole Dataset/img-1092.jpg,data/raw/v2/pothole_github/Pothole Dataset/img-1092.txt,2dd28bece5664852071383c34a31da7c1d00688ea5f0fc12de6c858ab9cc68b6,416,274,14,0,,keep,human_visual_quality_approved
github_pothole::img-1093,img-1093.jpg,data/raw/v2/pothole_github/Pothole Dataset/img-1093.jpg,data/raw/v2/pothole_github/Pothole Dataset/img-1093.txt,628a2be0374a32591ad5cc554100d6e49579585a812f3b36a629d88e4f9decf3,416,234,2,0,,keep,human_visual_quality_approved
github_pothole::img-1094,img-1094.jpg,data/raw/v2/pothole_github/Pothole Dataset/img-1094.jpg,data/raw/v2/pothole_github/Pothole Dataset/img-1094.txt,d903b4b6f8e0561de38b9826caae4b5448dfcb942cbb2aede5adcfe685ff60a4,416,218,7,0,,keep,human_visual_quality_approved
github_pothole::img-1095,img-1095.jpg,data/raw/v2/pothole_github/Pothole Dataset/img-1095.jpg,data/raw/v2/pothole_github/Pothole Dataset/img-1095.txt,790ad24d5607959453f04cecd1ab3f1d8e7331cdeeb67adaa3a0124e526966d9,416,312,5,0,,keep,human_visual_quality_approved
github_pothole::img-1096,img-1096.jpg,data/raw/v2/pothole_github/Pothole Dataset/img-1096.jpg,data/raw/v2/pothole_github/Pothole Dataset/img-1096.txt,2a37ee2d3c0b26e28afea04c34c4f619be7b074b4af0cda20de01fe53ca7277e,416,234,2,0,,keep,human_visual_quality_approved
github_pothole::img-1097,img-1097.jpg,data/raw/v2/pothole_github/Pothole Dataset/img-1097.jpg,data/raw/v2/pothole_github/Pothole Dataset/img-1097.txt,e24f99c6f06790cbd62b6e5cdd7e20677555e126c6a94d49e42c3711166549ab,300,200,1,0,,keep,human_visual_quality_approved
github_pothole::img-1098,img-1098.jpg,data/raw/v2/pothole_github/Pothole Dataset/img-1098.jpg,data/raw/v2/pothole_github/Pothole Dataset/img-1098.txt,35b731a55037b6b1460122b96424b6111dd5933f69029164157af1c60582f4be,416,254,1,0,,keep,human_visual_quality_approved
github_pothole::img-1099,img-1099.jpg,data/raw/v2/pothole_github/Pothole Dataset/img-1099.jpg,data/raw/v2/pothole_github/Pothole Dataset/img-1099.txt,2452dcf667edc1288c81a9325fcff9a4bd33fa009006aeaec8a694cb0065d428,416,233,7,0,,keep,human_visual_quality_approved
github_pothole::img-11,img-11.jpg,data/raw/v2/pothole_github/Pothole Dataset/img-11.jpg,data/raw/v2/pothole_github/Pothole Dataset/img-11.txt,28d089d3cb02fe597bcd57cdf196bd33e21292b51e33036e184cdaa6b08af58f,720,720,1,0,,keep,human_visual_quality_approved
github_pothole::img-110,img-110.jpg,data/raw/v2/pothole_github/Pothole Dataset/img-110.jpg,data/raw/v2/pothole_github/Pothole Dataset/img-110.txt,3b51b62ebf7bb9596ba7b539fbfa08fc299a8c58f470c42f6e559c6a558a87cd,720,720,2,0,,keep,human_visual_quality_approved
github_pothole::img-1100,img-1100.jpg,data/raw/v2/pothole_github/Pothole Dataset/img-1100.jpg,data/raw/v2/pothole_github/Pothole Dataset/img-1100.txt,b59295deb6d316dc5e6366e6fa07b90dc2de16510a05916e9f8fa5f63fe0bcba,416,234,5,0,,keep,human_visual_quality_approved
github_pothole::img-1101,img-1101.jpg,data/raw/v2/pothole_github/Pothole Dataset/img-1101.jpg,data/raw/v2/pothole_github/Pothole Dataset/img-1101.txt,eec39d3f595a5bf72633687a80207414844bb832f2023f871e8fbec16544436b,416,234,12,0,,keep,human_visual_quality_approved
github_pothole::img-1102,img-1102.jpg,data/raw/v2/pothole_github/Pothole Dataset/img-1102.jpg,data/raw/v2/pothole_github/Pothole Dataset/img-1102.txt,9baac80f27bb86260decbdb8d5de6fd5feed55bfeb745ebc901314597fc2b320,416,312,9,0,,keep,human_visual_quality_approved
github_pothole::img-1103,img-1103.jpg,data/raw/v2/pothole_github/Pothole Dataset/img-1103.jpg,data/raw/v2/pothole_github/Pothole Dataset/img-1103.txt,730c823ca5cd72db37aa3dd4627737984ad0b368b566faf6fb6014911281c639,416,277,1,0,,keep,human_visual_quality_approved
github_pothole::img-1104,img-1104.jpg,data/raw/v2/pothole_github/Pothole Dataset/img-1104.jpg,data/raw/v2/pothole_github/Pothole Dataset/img-1104.txt,8647e09cd0c0ade6f2a76430180d8378b1eacdbf1142f4497c25bc1462272a6a,400,300,2,0,,keep,human_visual_quality_approved
github_pothole::img-1105,img-1105.jpg,data/raw/v2/pothole_github/Pothole Dataset/img-1105.jpg,data/raw/v2/pothole_github/Pothole Dataset/img-1105.txt,6e831c81fb31df3a921b28745f1340044b826182ab7cc4a48b42cc5a1250663b,416,312,1,0,,keep,human_visual_quality_approved
github_pothole::img-1106,img-1106.jpg,data/raw/v2/pothole_github/Pothole Dataset/img-1106.jpg,data/raw/v2/pothole_github/Pothole Dataset/img-1106.txt,e2facf2ee2997f4cc6b947cfd61705c868c7bf503841c85157d74f4b36cdc809,225,300,3,0,,keep,human_visual_quality_approved
github_pothole::img-1107,img-1107.jpg,data/raw/v2/pothole_github/Pothole Dataset/img-1107.jpg,data/raw/v2/pothole_github/Pothole Dataset/img-1107.txt,9981450ca68f783a67c57ade17a6be93ce2b5f7bdd67f656f43c24c9d64a21df,416,260,3,0,,keep,human_visual_quality_approved
github_pothole::img-1108,img-1108.jpg,data/raw/v2/pothole_github/Pothole Dataset/img-1108.jpg,data/raw/v2/pothole_github/Pothole Dataset/img-1108.txt,d53f4bb2892d3100deb53b001d6e153e469e558c700b9b251a143877eed9db1b,416,233,22,0,,keep,human_visual_quality_approved
github_pothole::img-1109,img-1109.jpg,data/raw/v2/pothole_github/Pothole Dataset/img-1109.jpg,data/raw/v2/pothole_github/Pothole Dataset/img-1109.txt,841a2c3fb1bdfb549c9bee79c692f00f20d2f9208b5193b6eaf8d310cad363dd,400,300,17,0,,keep,human_visual_quality_approved
github_pothole::img-111,img-111.jpg,data/raw/v2/pothole_github/Pothole Dataset/img-111.jpg,data/raw/v2/pothole_github/Pothole Dataset/img-111.txt,efe8c1ce03bb214cc1044469972506254990c84ebdacf8571acc22d55676680a,720,720,3,0,,keep,human_visual_quality_approved
github_pothole::img-1110,img-1110.jpg,data/raw/v2/pothole_github/Pothole Dataset/img-1110.jpg,data/raw/v2/pothole_github/Pothole Dataset/img-1110.txt,d0e4a687f30f06dc9fb4fcebe74d4ecc9d1f022a80bfac0d705a1d10b0172051,268,178,3,0,,keep,human_visual_quality_approved
github_pothole::img-1111,img-1111.jpg,data/raw/v2/pothole_github/Pothole Dataset/img-1111.jpg,data/raw/v2/pothole_github/Pothole Dataset/img-1111.txt,869d5fcd4f65551aab753c3cdf4a9361c7574c4f61a5ea0871d6f63e85226f5a,416,284,2,0,,keep,human_visual_quality_approved
github_pothole::img-1112,img-1112.jpg,data/raw/v2/pothole_github/Pothole Dataset/img-1112.jpg,data/raw/v2/pothole_github/Pothole Dataset/img-1112.txt,4527310d5e14667e6890cca9325c2292ea29192de4e0ac1ae82ca2709ab237c2,416,260,14,0,,keep,human_visual_quality_approved
github_pothole::img-1113,img-1113.jpg,data/raw/v2/pothole_github/Pothole Dataset/img-1113.jpg,data/raw/v2/pothole_github/Pothole Dataset/img-1113.txt,0989f8d3a5fb4e84ee5bcac6e6b1fb0bca6457f5d5b736b6542942be60211876,416,208,1,0,,keep,human_visual_quality_approved
github_pothole::img-1114,img-1114.jpg,data/raw/v2/pothole_github/Pothole Dataset/img-1114.jpg,data/raw/v2/pothole_github/Pothole Dataset/img-1114.txt,2b0622bfc43d880299ffb2836ff543d319f1bb85272c03ee099d7e698f8ebe08,416,247,13,0,,keep,human_visual_quality_approved
github_pothole::img-1115,img-1115.jpg,data/raw/v2/pothole_github/Pothole Dataset/img-1115.jpg,data/raw/v2/pothole_github/Pothole Dataset/img-1115.txt,4e8cd8a2cf39f2815a02b32c7fc9c0bcb54e4aa24bf5533ca09ce3433e736c5b,416,277,2,0,,keep,human_visual_quality_approved
github_pothole::img-1116,img-1116.jpg,data/raw/v2/pothole_github/Pothole Dataset/img-1116.jpg,data/raw/v2/pothole_github/Pothole Dataset/img-1116.txt,7b59d852e6f7173bc804cd35a98eb509709e09f6b935c6161b628278d5aec0bd,416,247,9,0,,keep,human_visual_quality_approved
github_pothole::img-1117,img-1117.jpg,data/raw/v2/pothole_github/Pothole Dataset/img-1117.jpg,data/raw/v2/pothole_github/Pothole Dataset/img-1117.txt,5dadd79548db30f2d2469c176bd362ce0b8046c669a7253adfa8ade1ec597ed9,416,234,3,0,,keep,human_visual_quality_approved
github_pothole::img-1118,img-1118.jpg,data/raw/v2/pothole_github/Pothole Dataset/img-1118.jpg,data/raw/v2/pothole_github/Pothole Dataset/img-1118.txt,4b05dcb5f960283c4cb026691bc45cd67da209de7c1960a52c0285002323fd3a,416,277,1,0,,keep,human_visual_quality_approved
github_pothole::img-1119,img-1119.jpg,data/raw/v2/pothole_github/Pothole Dataset/img-1119.jpg,data/raw/v2/pothole_github/Pothole Dataset/img-1119.txt,44dddbd9619c0c597dcfd1dfd31c454db41899d32c7daf2febdd35104902c676,416,250,5,0,,keep,human_visual_quality_approved
github_pothole::img-112,img-112.jpg,data/raw/v2/pothole_github/Pothole Dataset/img-112.jpg,data/raw/v2/pothole_github/Pothole Dataset/img-112.txt,f0528872662cd5d48fcf6b3f1a8f26bf51ed682b443613b4f53b00f333d6f415,720,720,1,0,,keep,human_visual_quality_approved
github_pothole::img-1120,img-1120.jpg,data/raw/v2/pothole_github/Pothole Dataset/img-1120.jpg,data/raw/v2/pothole_github/Pothole Dataset/img-1120.txt,2bde2dc69e31fd4e5cbb7bd74ef5c95d6128c7e77c41044952b737b38d2d8215,416,234,3,0,,keep,human_visual_quality_approved
github_pothole::img-1121,img-1121.jpg,data/raw/v2/pothole_github/Pothole Dataset/img-1121.jpg,data/raw/v2/pothole_github/Pothole Dataset/img-1121.txt,0e65c54a737b379f519dc9957ead57bf51dde7d2245fcd8a2837f975b7164a71,416,273,28,0,,keep,human_visual_quality_approved
github_pothole::img-1122,img-1122.jpg,data/raw/v2/pothole_github/Pothole Dataset/img-1122.jpg,data/raw/v2/pothole_github/Pothole Dataset/img-1122.txt,9766662ef839acc1e49411501f795d4e7588badeb50ac72feb241bcdf4226dcd,416,277,2,0,,keep,human_visual_quality_approved
github_pothole::img-1123,img-1123.jpg,data/raw/v2/pothole_github/Pothole Dataset/img-1123.jpg,data/raw/v2/pothole_github/Pothole Dataset/img-1123.txt,c1fea641eae303806a9e11a2dadb7478ce7286da55b3fe5b5d977f31bb89f60e,416,234,6,0,,keep,human_visual_quality_approved
github_pothole::img-1124,img-1124.jpg,data/raw/v2/pothole_github/Pothole Dataset/img-1124.jpg,data/raw/v2/pothole_github/Pothole Dataset/img-1124.txt,b3631bdf25c274764c5e5f3879aea77c777cec2286f9ee32e9a239bc83e3e480,416,208,2,0,,keep,human_visual_quality_approved
github_pothole::img-1125,img-1125.jpg,data/raw/v2/pothole_github/Pothole Dataset/img-1125.jpg,data/raw/v2/pothole_github/Pothole Dataset/img-1125.txt,0b176ff1586ab5e26327dcdd86aebd159e765b0be5f930e79bbcd2dce1edc064,416,234,1,0,,keep,human_visual_quality_approved
github_pothole::img-1126,img-1126.jpg,data/raw/v2/pothole_github/Pothole Dataset/img-1126.jpg,data/raw/v2/pothole_github/Pothole Dataset/img-1126.txt,a87cf6b0dc7afa284b48b63a3c4bf20d924c017cef42c7d25ccb0a4becb626fc,416,277,3,0,,keep,human_visual_quality_approved
github_pothole::img-1127,img-1127.jpg,data/raw/v2/pothole_github/Pothole Dataset/img-1127.jpg,data/raw/v2/pothole_github/Pothole Dataset/img-1127.txt,ecc1a2fc55feeb5f173bba498590a09a1e0d6b40b951a8a7b3faf7dcfc39c8c6,416,145,1,0,,keep,human_visual_quality_approved
github_pothole::img-1128,img-1128.jpg,data/raw/v2/pothole_github/Pothole Dataset/img-1128.jpg,data/raw/v2/pothole_github/Pothole Dataset/img-1128.txt,8eef885540e349a490526063240e116c33486662155eb31f535d629dcf6aa411,400,300,13,0,,keep,human_visual_quality_approved
github_pothole::img-1129,img-1129.jpg,data/raw/v2/pothole_github/Pothole Dataset/img-1129.jpg,data/raw/v2/pothole_github/Pothole Dataset/img-1129.txt,72484ece11fbbc67a93a0d81ee7d2e05d7236c15e02c93607e5fd0f2bb1e55be,416,234,1,0,,keep,human_visual_quality_approved
github_pothole::img-113,img-113.jpg,data/raw/v2/pothole_github/Pothole Dataset/img-113.jpg,data/raw/v2/pothole_github/Pothole Dataset/img-113.txt,bb1881c7e86f7f82618f46f1c502e3524ad9affc5985d90dbcfa006cd21b3c1b,720,720,1,0,,keep,human_visual_quality_approved
github_pothole::img-1130,img-1130.jpg,data/raw/v2/pothole_github/Pothole Dataset/img-1130.jpg,data/raw/v2/pothole_github/Pothole Dataset/img-1130.txt,a078e6a743cc4d157ce00fe51cb173e22b4bc59a7882b7dbee88565f31d90be2,416,277,4,0,,keep,human_visual_quality_approved
github_pothole::img-1131,img-1131.jpg,data/raw/v2/pothole_github/Pothole Dataset/img-1131.jpg,data/raw/v2/pothole_github/Pothole Dataset/img-1131.txt,550343e75403af9cd441fd0ed474a600f49b08d8d2a09d13a1cde5858520ec05,416,208,2,0,,keep,human_visual_quality_approved
github_pothole::img-1132,img-1132.jpg,data/raw/v2/pothole_github/Pothole Dataset/img-1132.jpg,data/raw/v2/pothole_github/Pothole Dataset/img-1132.txt,0c3a5e942f398520ecffc04a04bdd9db1090c00030b612351ffaa87052393000,400,300,10,0,,keep,human_visual_quality_approved
github_pothole::img-1133,img-1133.jpg,data/raw/v2/pothole_github/Pothole Dataset/img-1133.jpg,data/raw/v2/pothole_github/Pothole Dataset/img-1133.txt,4c09155109248c87451ea81db602e1b936c938998e71dd3cb721327f17c0f0ee,416,277,1,0,,keep,human_visual_quality_approved
github_pothole::img-1134,img-1134.jpg,data/raw/v2/pothole_github/Pothole Dataset/img-1134.jpg,data/raw/v2/pothole_github/Pothole Dataset/img-1134.txt,7961d1968899cdbd68e41c93a6eb4a01125c5f1e75375b42fa8d14b1bdfa2f2c,416,234,1,0,,keep,human_visual_quality_approved
github_pothole::img-1135,img-1135.jpg,data/raw/v2/pothole_github/Pothole Dataset/img-1135.jpg,data/raw/v2/pothole_github/Pothole Dataset/img-1135.txt,4274d53f1a1e37e642b8b08679506aae844a23b6faad08cc7def79b60e91b6ca,416,231,5,0,,keep,human_visual_quality_approved
github_pothole::img-1136,img-1136.jpg,data/raw/v2/pothole_github/Pothole Dataset/img-1136.jpg,data/raw/v2/pothole_github/Pothole Dataset/img-1136.txt,3b02ba0ab26b3795ffae11e66586667751efb6160b3b457ba1ebe29d9e077355,416,231,5,0,,keep,human_visual_quality_approved
github_pothole::img-1137,img-1137.jpg,data/raw/v2/pothole_github/Pothole Dataset/img-1137.jpg,data/raw/v2/pothole_github/Pothole Dataset/img-1137.txt,108ec2366de1c7739612a259692e63ce3ddf458d1c66c06fbc77885a7c96156a,400,300,1,0,,keep,human_visual_quality_approved
github_pothole::img-1138,img-1138.jpg,data/raw/v2/pothole_github/Pothole Dataset/img-1138.jpg,data/raw/v2/pothole_github/Pothole Dataset/img-1138.txt,a12b69f2666b2b0f791f15e003601c6ebf38c14c9aa543b6a136bffe11ac0582,416,234,1,0,,keep,human_visual_quality_approved
github_pothole::img-1139,img-1139.jpg,data/raw/v2/pothole_github/Pothole Dataset/img-1139.jpg,data/raw/v2/pothole_github/Pothole Dataset/img-1139.txt,8e9b6bddb27ad1183721ad58bca32ea238825bd575e6202c63870d87cee8a508,416,234,7,0,,keep,human_visual_quality_approved
github_pothole::img-114,img-114.jpg,data/raw/v2/pothole_github/Pothole Dataset/img-114.jpg,data/raw/v2/pothole_github/Pothole Dataset/img-114.txt,dce1f74b30451d51e1c87b503ba24878a072213606e0d4fd2d853e103cbeae81,720,720,1,0,,keep,human_visual_quality_approved
github_pothole::img-1140,img-1140.jpg,data/raw/v2/pothole_github/Pothole Dataset/img-1140.jpg,data/raw/v2/pothole_github/Pothole Dataset/img-1140.txt,4d89805d9f9f50d5e98012489122fad61d7afc6b107e130a300b933d93f89ce5,416,234,8,0,,keep,human_visual_quality_approved
github_pothole::img-1141,img-1141.jpg,data/raw/v2/pothole_github/Pothole Dataset/img-1141.jpg,data/raw/v2/pothole_github/Pothole Dataset/img-1141.txt,52ba527eb6074e7dc4786cafce7849c08356e1502ce88ad29bf8543ad191213a,416,234,1,0,,keep,human_visual_quality_approved
github_pothole::img-1142,img-1142.jpg,data/raw/v2/pothole_github/Pothole Dataset/img-1142.jpg,data/raw/v2/pothole_github/Pothole Dataset/img-1142.txt,3a2fb024991244056a2c7bd0c2caa22a5f6a0be8b88c091b636569413f03fbff,416,234,1,0,,keep,human_visual_quality_approved
github_pothole::img-1143,img-1143.jpg,data/raw/v2/pothole_github/Pothole Dataset/img-1143.jpg,data/raw/v2/pothole_github/Pothole Dataset/img-1143.txt,5fca86e96f7041a20e70d9f6d00f644b7e61baef271db90aaed2ae0601f0a5f3,416,277,4,0,,keep,human_visual_quality_approved
github_pothole::img-1144,img-1144.jpg,data/raw/v2/pothole_github/Pothole Dataset/img-1144.jpg,data/raw/v2/pothole_github/Pothole Dataset/img-1144.txt,11bbbe4e7d91f454e54f4c88c4aa8b1f7af527397bfe25fb004d388d43d4ba9f,416,277,1,0,,keep,human_visual_quality_approved
github_pothole::img-1145,img-1145.jpg,data/raw/v2/pothole_github/Pothole Dataset/img-1145.jpg,data/raw/v2/pothole_github/Pothole Dataset/img-1145.txt,5c60f071fe5e516c0ab3c0b27bb555c5b519bfe6970e0ab986fb28999aa1e568,416,208,6,0,,keep,human_visual_quality_approved
github_pothole::img-1146,img-1146.jpg,data/raw/v2/pothole_github/Pothole Dataset/img-1146.jpg,data/raw/v2/pothole_github/Pothole Dataset/img-1146.txt,732eed88d853b43ad047bbcd54449003781f3a54bdbf153467fec7581efd5b79,416,234,2,0,,keep,human_visual_quality_approved
github_pothole::img-1147,img-1147.jpg,data/raw/v2/pothole_github/Pothole Dataset/img-1147.jpg,data/raw/v2/pothole_github/Pothole Dataset/img-1147.txt,9f2d9b35026c890f4ff1029fc0383879395a29b4e17f74c4b745a1b9db774447,356,169,6,0,,keep,human_visual_quality_approved
github_pothole::img-1148,img-1148.jpg,data/raw/v2/pothole_github/Pothole Dataset/img-1148.jpg,data/raw/v2/pothole_github/Pothole Dataset/img-1148.txt,ee4b53b709ffa1818b7fa82770bea4f35aa7c12a0ccb35c39a28817650717ef6,416,234,2,0,,keep,human_visual_quality_approved
github_pothole::img-1149,img-1149.jpg,data/raw/v2/pothole_github/Pothole Dataset/img-1149.jpg,data/raw/v2/pothole_github/Pothole Dataset/img-1149.txt,470bb80e90bd7023ebe8995093d2be58b13b9c103a7fe2353b80060f7146f0bd,416,233,5,0,,keep,human_visual_quality_approved
github_pothole::img-115,img-115.jpg,data/raw/v2/pothole_github/Pothole Dataset/img-115.jpg,data/raw/v2/pothole_github/Pothole Dataset/img-115.txt,2776412bcd4c3a04f318660c98ebc2e3df8660de732976ab5cb769e05742d367,720,720,1,0,,keep,human_visual_quality_approved
github_pothole::img-1150,img-1150.jpg,data/raw/v2/pothole_github/Pothole Dataset/img-1150.jpg,data/raw/v2/pothole_github/Pothole Dataset/img-1150.txt,078027501c446ba75829ee85f812bf17ae348868a3d6215f0d5b2fc36282435b,416,260,2,0,,keep,human_visual_quality_approved
github_pothole::img-1151,img-1151.jpg,data/raw/v2/pothole_github/Pothole Dataset/img-1151.jpg,data/raw/v2/pothole_github/Pothole Dataset/img-1151.txt,fd18801f8b1636cffda9bfe9c9f7f5a1680e89586d2fecba8f6d927be7ffbabb,416,234,10,0,,keep,human_visual_quality_approved
github_pothole::img-1152,img-1152.jpg,data/raw/v2/pothole_github/Pothole Dataset/img-1152.jpg,data/raw/v2/pothole_github/Pothole Dataset/img-1152.txt,2a26d0fe0221178334773ac6f5bc7b0bcc9107c65a75816e5093bfec439791e5,416,234,2,0,,keep,human_visual_quality_approved
github_pothole::img-1153,img-1153.jpg,data/raw/v2/pothole_github/Pothole Dataset/img-1153.jpg,data/raw/v2/pothole_github/Pothole Dataset/img-1153.txt,c0b1f421463c35b8d41c70dcdc26093dd4b60d14d1694ee8e064c0bd3e3c620e,416,234,1,0,,keep,human_visual_quality_approved
github_pothole::img-1154,img-1154.jpg,data/raw/v2/pothole_github/Pothole Dataset/img-1154.jpg,data/raw/v2/pothole_github/Pothole Dataset/img-1154.txt,9f17d6b449448c1ba7dcd181fed1a445fd541c972766924ac1bf3c56d798f369,416,218,3,0,,keep,human_visual_quality_approved
github_pothole::img-1155,img-1155.jpg,data/raw/v2/pothole_github/Pothole Dataset/img-1155.jpg,data/raw/v2/pothole_github/Pothole Dataset/img-1155.txt,161fb7a513a70c32da95e1fe6fb0fc5534ca4a425abd15b6dac351fd3d79b987,416,277,1,0,,keep,human_visual_quality_approved
github_pothole::img-1156,img-1156.jpg,data/raw/v2/pothole_github/Pothole Dataset/img-1156.jpg,data/raw/v2/pothole_github/Pothole Dataset/img-1156.txt,456b7399199ff556602527aa76728032e3c312c614148779d7b1ebf29c2c8d25,416,277,12,0,,keep,human_visual_quality_approved
github_pothole::img-1157,img-1157.jpg,data/raw/v2/pothole_github/Pothole Dataset/img-1157.jpg,data/raw/v2/pothole_github/Pothole Dataset/img-1157.txt,d7ca0c773579c53a319cb136dcf7d6896ff6aca51f727d274a66d18d9a989b44,416,208,1,0,,keep,human_visual_quality_approved
github_pothole::img-1158,img-1158.jpg,data/raw/v2/pothole_github/Pothole Dataset/img-1158.jpg,data/raw/v2/pothole_github/Pothole Dataset/img-1158.txt,78502dc01d71457119e21c2ef16707bb2215c3bd6a85873e7d62062031588077,416,218,1,0,,keep,human_visual_quality_approved
github_pothole::img-1159,img-1159.jpg,data/raw/v2/pothole_github/Pothole Dataset/img-1159.jpg,data/raw/v2/pothole_github/Pothole Dataset/img-1159.txt,e00d672a2aded26acc72d83ac8e85bd278e97591cc15389ee8e981067ce14d38,416,234,4,0,,keep,human_visual_quality_approved
github_pothole::img-116,img-116.jpg,data/raw/v2/pothole_github/Pothole Dataset/img-116.jpg,data/raw/v2/pothole_github/Pothole Dataset/img-116.txt,08fbcc9e0f5dc6d3be03e8ea2360ee198beb3cc4dca1b27dc6e0377e9fa16da0,720,720,2,0,,keep,human_visual_quality_approved
github_pothole::img-1160,img-1160.jpg,data/raw/v2/pothole_github/Pothole Dataset/img-1160.jpg,data/raw/v2/pothole_github/Pothole Dataset/img-1160.txt,2e633d1f19a4af6496efff32dccd304971046a0dd1b6e46ad64b2c9bfebaaae3,416,231,14,0,,keep,human_visual_quality_approved
github_pothole::img-1161,img-1161.jpg,data/raw/v2/pothole_github/Pothole Dataset/img-1161.jpg,data/raw/v2/pothole_github/Pothole Dataset/img-1161.txt,d8aabc0d344fb923ca2e91c9e5adcf543cbf3b3b8514f2f1596fb94190bae9e3,416,234,8,0,,keep,human_visual_quality_approved
github_pothole::img-1162,img-1162.jpg,data/raw/v2/pothole_github/Pothole Dataset/img-1162.jpg,data/raw/v2/pothole_github/Pothole Dataset/img-1162.txt,3162a0449d1a670d84a51afe725166a744d45ada1c2f308d75e1fdcbe69d609e,416,247,9,0,,keep,human_visual_quality_approved
github_pothole::img-1163,img-1163.jpg,data/raw/v2/pothole_github/Pothole Dataset/img-1163.jpg,data/raw/v2/pothole_github/Pothole Dataset/img-1163.txt,4e928b43fa06c7d049032a1e4389a96cf90e28c92e3a7c2b04b32b805fb89a80,400,267,4,0,,keep,human_visual_quality_approved
github_pothole::img-1164,img-1164.jpg,data/raw/v2/pothole_github/Pothole Dataset/img-1164.jpg,data/raw/v2/pothole_github/Pothole Dataset/img-1164.txt,1ee2a8137914e8747358b586d57416e392a3021ac9fe7fb0cd6bbeb132136e47,416,234,1,0,,keep,human_visual_quality_approved
github_pothole::img-1165,img-1165.jpg,data/raw/v2/pothole_github/Pothole Dataset/img-1165.jpg,data/raw/v2/pothole_github/Pothole Dataset/img-1165.txt,e2eae130cab04c7592208886ccbdd43922433ee61fd6abcde3c0243eb8db2e1e,400,266,1,0,,keep,human_visual_quality_approved
github_pothole::img-1166,img-1166.jpg,data/raw/v2/pothole_github/Pothole Dataset/img-1166.jpg,data/raw/v2/pothole_github/Pothole Dataset/img-1166.txt,5d752cf5a49cd6a764f8f5678ba282716ba494a9fe65825b30b701ec85f488da,416,218,3,0,,keep,human_visual_quality_approved
github_pothole::img-1167,img-1167.jpg,data/raw/v2/pothole_github/Pothole Dataset/img-1167.jpg,data/raw/v2/pothole_github/Pothole Dataset/img-1167.txt,d2ed302686f14fcaa61e84e4dbf3229c9d538fcd23a6f0f4352e6287e966b997,416,312,6,0,,keep,human_visual_quality_approved
github_pothole::img-1168,img-1168.jpg,data/raw/v2/pothole_github/Pothole Dataset/img-1168.jpg,data/raw/v2/pothole_github/Pothole Dataset/img-1168.txt,915aca55c1ad72b579886d62458563a04a81d8ba7dbbb7ddefc7177e5edd23f6,416,182,4,0,,keep,human_visual_quality_approved
github_pothole::img-1169,img-1169.jpg,data/raw/v2/pothole_github/Pothole Dataset/img-1169.jpg,data/raw/v2/pothole_github/Pothole Dataset/img-1169.txt,d7411847226ce359a5cfb0a9de94d6c4d9f9eefdf7d2865bb42b5a58527db8cc,400,253,2,0,,keep,human_visual_quality_approved
github_pothole::img-117,img-117.jpg,data/raw/v2/pothole_github/Pothole Dataset/img-117.jpg,data/raw/v2/pothole_github/Pothole Dataset/img-117.txt,d922abc6dc020126d39c7d72051dca43357cc77e6e33e6a50ff6add5e474f935,720,720,2,0,,keep,human_visual_quality_approved
github_pothole::img-1170,img-1170.jpg,data/raw/v2/pothole_github/Pothole Dataset/img-1170.jpg,data/raw/v2/pothole_github/Pothole Dataset/img-1170.txt,e003ed2d73aa45659009e8cdeadf4b004138d5389f2c92ed26cfa562435a1fb0,416,182,2,0,,keep,human_visual_quality_approved
github_pothole::img-1171,img-1171.jpg,data/raw/v2/pothole_github/Pothole Dataset/img-1171.jpg,data/raw/v2/pothole_github/Pothole Dataset/img-1171.txt,f7ae7c13bb571c63cc735b49e82078c60495df91f5d7ea3dfaa890913d96660a,416,234,10,0,,keep,human_visual_quality_approved
github_pothole::img-1172,img-1172.jpg,data/raw/v2/pothole_github/Pothole Dataset/img-1172.jpg,data/raw/v2/pothole_github/Pothole Dataset/img-1172.txt,5d1769d3ef8dc14f5d0227a6c450e26d93c53ffc29f4f294d4aed3a3f0c399ad,416,231,23,0,,keep,human_visual_quality_approved
github_pothole::img-1173,img-1173.jpg,data/raw/v2/pothole_github/Pothole Dataset/img-1173.jpg,data/raw/v2/pothole_github/Pothole Dataset/img-1173.txt,12676ecc2ec6c680333ff179e7492728741288d95f15582973a07a986fd83acb,416,277,2,0,,keep,human_visual_quality_approved
github_pothole::img-1174,img-1174.jpg,data/raw/v2/pothole_github/Pothole Dataset/img-1174.jpg,data/raw/v2/pothole_github/Pothole Dataset/img-1174.txt,b67dab50bfd9b98f37cf4d801fabd0f9f4e5e2c1e672bec3634e4f3f96ce7812,416,227,11,0,,keep,human_visual_quality_approved
github_pothole::img-1175,img-1175.jpg,data/raw/v2/pothole_github/Pothole Dataset/img-1175.jpg,data/raw/v2/pothole_github/Pothole Dataset/img-1175.txt,116f255e5cfcc10722ea7116e936c1184bda0b51effa2284b78adda6840fb87b,416,275,12,0,,keep,human_visual_quality_approved
github_pothole::img-1176,img-1176.jpg,data/raw/v2/pothole_github/Pothole Dataset/img-1176.jpg,data/raw/v2/pothole_github/Pothole Dataset/img-1176.txt,bd263abd75486bc728d094623ecece7b54addd2b626647262cd9dbbb2d1cc978,416,226,3,0,,keep,human_visual_quality_approved
github_pothole::img-1177,img-1177.jpg,data/raw/v2/pothole_github/Pothole Dataset/img-1177.jpg,data/raw/v2/pothole_github/Pothole Dataset/img-1177.txt,54078e0f2e6dd59d959536d785e46c0c613f9ef363ef94fcc185b52fd804318e,416,234,2,0,,keep,human_visual_quality_approved
github_pothole::img-1178,img-1178.jpg,data/raw/v2/pothole_github/Pothole Dataset/img-1178.jpg,data/raw/v2/pothole_github/Pothole Dataset/img-1178.txt,ebc1f943ebf551f2d788fc3f11fffdd465a8705df7aa6dbbab2eb6ee0391ea56,416,277,8,0,,keep,human_visual_quality_approved
github_pothole::img-1179,img-1179.jpg,data/raw/v2/pothole_github/Pothole Dataset/img-1179.jpg,data/raw/v2/pothole_github/Pothole Dataset/img-1179.txt,0757f85807b681a694d8cfa03501c7860427c85e59f20bc6aa8e772f3489d3aa,270,176,3,0,,keep,human_visual_quality_approved
github_pothole::img-118,img-118.jpg,data/raw/v2/pothole_github/Pothole Dataset/img-118.jpg,data/raw/v2/pothole_github/Pothole Dataset/img-118.txt,7bb7f50d6a1b017573c9cd5a628f23563251faf44de4f2b5d58f1ed971f2fe6e,720,720,1,0,,keep,human_visual_quality_approved
github_pothole::img-1180,img-1180.jpg,data/raw/v2/pothole_github/Pothole Dataset/img-1180.jpg,data/raw/v2/pothole_github/Pothole Dataset/img-1180.txt,a98bf18ecc7e6e7259d4b57ba0deb69f0f78eecd6ffb4d7c92415bd4ab223a4b,416,153,20,0,,keep,human_visual_quality_approved
github_pothole::img-1181,img-1181.jpg,data/raw/v2/pothole_github/Pothole Dataset/img-1181.jpg,data/raw/v2/pothole_github/Pothole Dataset/img-1181.txt,a5f28805158d730ea9c4443140a0f10767f8ae4a1a1dbf67763bffe730a0b8ca,416,229,3,0,,keep,human_visual_quality_approved
github_pothole::img-1182,img-1182.jpg,data/raw/v2/pothole_github/Pothole Dataset/img-1182.jpg,data/raw/v2/pothole_github/Pothole Dataset/img-1182.txt,0d148f744ba97884f9bae07bd7d82db71fc81a00904d54010809abe240180807,416,198,4,0,,keep,human_visual_quality_approved
github_pothole::img-1183,img-1183.jpg,data/raw/v2/pothole_github/Pothole Dataset/img-1183.jpg,data/raw/v2/pothole_github/Pothole Dataset/img-1183.txt,26a75089d12d597a7a9b14ee13ce6224faa1bde372c6740e99827affbbb822fe,416,234,6,0,,keep,human_visual_quality_approved
github_pothole::img-1184,img-1184.jpg,data/raw/v2/pothole_github/Pothole Dataset/img-1184.jpg,data/raw/v2/pothole_github/Pothole Dataset/img-1184.txt,1dfe765d14faaab0bb1670360e42d0fe0e264d8af7468322cd7f753d852fea31,225,150,1,0,,keep,human_visual_quality_approved
github_pothole::img-1185,img-1185.jpg,data/raw/v2/pothole_github/Pothole Dataset/img-1185.jpg,data/raw/v2/pothole_github/Pothole Dataset/img-1185.txt,f5b1d8c55ce9c3811f7ae033391f066199bc02f2532d7b899bc5be22ac478877,400,206,17,0,,keep,human_visual_quality_approved
github_pothole::img-1186,img-1186.jpg,data/raw/v2/pothole_github/Pothole Dataset/img-1186.jpg,data/raw/v2/pothole_github/Pothole Dataset/img-1186.txt,1e6f503a5f4b75bef1b0622f1641b8ef1d7042a6eb33b5e4c697b358039e7b6e,299,129,1,0,,keep,human_visual_quality_approved
github_pothole::img-1187,img-1187.jpg,data/raw/v2/pothole_github/Pothole Dataset/img-1187.jpg,data/raw/v2/pothole_github/Pothole Dataset/img-1187.txt,a1c99d5a69dba40498f04d2c9de30afc571db7cb6e203b64dfa45dd4c30c7a93,200,200,3,0,,keep,human_visual_quality_approved
github_pothole::img-1188,img-1188.jpg,data/raw/v2/pothole_github/Pothole Dataset/img-1188.jpg,data/raw/v2/pothole_github/Pothole Dataset/img-1188.txt,2508e1ee1b24be0d1a8016ed0c447e391bfebe220d601212e75652399451831c,300,212,4,0,,keep,human_visual_quality_approved
github_pothole::img-1189,img-1189.jpg,data/raw/v2/pothole_github/Pothole Dataset/img-1189.jpg,data/raw/v2/pothole_github/Pothole Dataset/img-1189.txt,ad591b8f7fc36c930e38308696132220fdb9c92b4bd883164152f5de971a41e1,240,135,1,0,,keep,human_visual_quality_approved
github_pothole::img-119,img-119.jpg,data/raw/v2/pothole_github/Pothole Dataset/img-119.jpg,data/raw/v2/pothole_github/Pothole Dataset/img-119.txt,67f2ae9956f0706350d61510e7c6c4059c368d3838655188c7a47adb9578e5cb,720,720,2,0,,keep,human_visual_quality_approved
github_pothole::img-1190,img-1190.jpg,data/raw/v2/pothole_github/Pothole Dataset/img-1190.jpg,data/raw/v2/pothole_github/Pothole Dataset/img-1190.txt,fb34870722b23db7bad89516093f2158257e097e4fc2d438bcf96b65abf38507,416,234,3,0,,keep,human_visual_quality_approved
github_pothole::img-1191,img-1191.jpg,data/raw/v2/pothole_github/Pothole Dataset/img-1191.jpg,data/raw/v2/pothole_github/Pothole Dataset/img-1191.txt,385ba509e43068ecdea9e8594a0d26f76ecbbf4f1bad4e9bf9f14bfbfa6ccc19,416,208,2,0,,keep,human_visual_quality_approved
github_pothole::img-1192,img-1192.jpg,data/raw/v2/pothole_github/Pothole Dataset/img-1192.jpg,data/raw/v2/pothole_github/Pothole Dataset/img-1192.txt,7b45769b983f2f7637b8234945e1d123405f5cb5a6bfa72e4d787f474f26c32d,200,200,5,0,,keep,human_visual_quality_approved
github_pothole::img-1193,img-1193.jpg,data/raw/v2/pothole_github/Pothole Dataset/img-1193.jpg,data/raw/v2/pothole_github/Pothole Dataset/img-1193.txt,0eb071e888f55f57e0e459b96332c831876fb8d22117fbc8a6e075d20899a1cb,416,312,3,0,,keep,human_visual_quality_approved
github_pothole::img-1194,img-1194.jpg,data/raw/v2/pothole_github/Pothole Dataset/img-1194.jpg,data/raw/v2/pothole_github/Pothole Dataset/img-1194.txt,e8176843c9d0ab794fe238ecfee9c3ce7902c46879e60508ad9d3d64323bfa9d,416,234,6,0,,keep,human_visual_quality_approved
github_pothole::img-1195,img-1195.jpg,data/raw/v2/pothole_github/Pothole Dataset/img-1195.jpg,data/raw/v2/pothole_github/Pothole Dataset/img-1195.txt,96c9a26404d1074e84e770cf43fb9ada3a8c6dce2fc2e05d9ddfbe32901db94d,240,180,4,0,,keep,human_visual_quality_approved
github_pothole::img-1196,img-1196.jpg,data/raw/v2/pothole_github/Pothole Dataset/img-1196.jpg,data/raw/v2/pothole_github/Pothole Dataset/img-1196.txt,060b5bfc3a78961e45d2b04cab1bade7de62350811d3eea04ea4e0aae8f9401d,200,150,7,0,,keep,human_visual_quality_approved
github_pothole::img-1197,img-1197.jpg,data/raw/v2/pothole_github/Pothole Dataset/img-1197.jpg,data/raw/v2/pothole_github/Pothole Dataset/img-1197.txt,738787c88832079ae28cd4f57a7115be2b83f27ee1e82479dd55f5568b5208ae,135,180,3,0,,keep,human_visual_quality_approved
github_pothole::img-1198,img-1198.jpg,data/raw/v2/pothole_github/Pothole Dataset/img-1198.jpg,data/raw/v2/pothole_github/Pothole Dataset/img-1198.txt,abd4cd80e4a830505e32092c6972ea0f54212202c1d23d1b7b11a146a4fdef82,200,150,1,0,,keep,human_visual_quality_approved
github_pothole::img-1199,img-1199.jpg,data/raw/v2/pothole_github/Pothole Dataset/img-1199.jpg,data/raw/v2/pothole_github/Pothole Dataset/img-1199.txt,71a8d6c5299785de511387fda7b01985d97fe0b4178a8f3c86b94994eb004685,204,170,2,0,,keep,human_visual_quality_approved
github_pothole::img-12,img-12.jpg,data/raw/v2/pothole_github/Pothole Dataset/img-12.jpg,data/raw/v2/pothole_github/Pothole Dataset/img-12.txt,c4330fac77d1b0e50a7b73ae9ffe3c11a66d913df333324ef13ed5e99ecaddc1,720,720,1,0,,keep,human_visual_quality_approved
github_pothole::img-120,img-120.jpg,data/raw/v2/pothole_github/Pothole Dataset/img-120.jpg,data/raw/v2/pothole_github/Pothole Dataset/img-120.txt,ac9dbe1847794eb174b3598d1ad29b36570b6d24e8e0b159cd4e33fa387fdfd6,720,720,1,0,,keep,human_visual_quality_approved
github_pothole::img-1200,img-1200.jpg,data/raw/v2/pothole_github/Pothole Dataset/img-1200.jpg,data/raw/v2/pothole_github/Pothole Dataset/img-1200.txt,18bf04f41c1cc640df24543d492918b1dad51c0b963d6e1886dc22e6b1e0fc07,3680,2760,3,0,,keep,human_visual_quality_approved
github_pothole::img-1201,img-1201.jpg,data/raw/v2/pothole_github/Pothole Dataset/img-1201.jpg,data/raw/v2/pothole_github/Pothole Dataset/img-1201.txt,1b61cd7736341500aac38a5cf2930ef7e7dddfdc04db0455a83f773130615227,3680,2760,9,0,,keep,human_visual_quality_approved
github_pothole::img-1202,img-1202.jpg,data/raw/v2/pothole_github/Pothole Dataset/img-1202.jpg,data/raw/v2/pothole_github/Pothole Dataset/img-1202.txt,2a0100a3f60b0e8c435533b1ce7eb8b79e436ba0c35b96e5be0de7b67228a8d1,3680,2760,6,0,,keep,human_visual_quality_approved
github_pothole::img-1203,img-1203.jpg,data/raw/v2/pothole_github/Pothole Dataset/img-1203.jpg,data/raw/v2/pothole_github/Pothole Dataset/img-1203.txt,f851884820ad2170e056d72780bed8c4388f19e53dd5af203a0a57dc31dd6bc8,3680,2760,10,0,,keep,human_visual_quality_approved
github_pothole::img-1204,img-1204.jpg,data/raw/v2/pothole_github/Pothole Dataset/img-1204.jpg,data/raw/v2/pothole_github/Pothole Dataset/img-1204.txt,605898505bc39de9eb783800301ebf7ad30b0597f0d91fa054b3b37b9de8df39,3680,2760,5,0,,keep,human_visual_quality_approved
github_pothole::img-1205,img-1205.jpg,data/raw/v2/pothole_github/Pothole Dataset/img-1205.jpg,data/raw/v2/pothole_github/Pothole Dataset/img-1205.txt,44b9e37c0e1483f8f03e010ca1cc8aca423180ccf26479e94f361f5bef3227cc,3680,2760,3,0,,keep,human_visual_quality_approved
github_pothole::img-1206,img-1206.jpg,data/raw/v2/pothole_github/Pothole Dataset/img-1206.jpg,data/raw/v2/pothole_github/Pothole Dataset/img-1206.txt,bb5ba5331363cdd09a732f3838bb7b783206ae492f2fdbf5f4fb5a01e165bed5,3680,2760,5,0,,keep,human_visual_quality_approved
github_pothole::img-1207,img-1207.jpg,data/raw/v2/pothole_github/Pothole Dataset/img-1207.jpg,data/raw/v2/pothole_github/Pothole Dataset/img-1207.txt,b23604d5d569af0c399063cbe88edcdb540ead13632f8929dd1f21633c0c21a6,3680,2760,1,0,,keep,human_visual_quality_approved
github_pothole::img-1208,img-1208.jpg,data/raw/v2/pothole_github/Pothole Dataset/img-1208.jpg,data/raw/v2/pothole_github/Pothole Dataset/img-1208.txt,c1ae0b0fd7a0096c9db2d2888d6800443c542a0045677a1f457265301ff5ba6f,3680,2760,2,0,,keep,human_visual_quality_approved
github_pothole::img-1209,img-1209.jpg,data/raw/v2/pothole_github/Pothole Dataset/img-1209.jpg,data/raw/v2/pothole_github/Pothole Dataset/img-1209.txt,dd5836c1b6eea8a6f173aeb01e8f205d7eca70b3aa5f27d4857910af1e179ea2,3680,2760,1,0,,keep,human_visual_quality_approved
github_pothole::img-121,img-121.jpg,data/raw/v2/pothole_github/Pothole Dataset/img-121.jpg,data/raw/v2/pothole_github/Pothole Dataset/img-121.txt,a731a190d9bc58dc13154153bc756e16536f14c912c7ff99e75b8a9ef7b3361f,720,720,3,0,,keep,human_visual_quality_approved
github_pothole::img-1210,img-1210.jpg,data/raw/v2/pothole_github/Pothole Dataset/img-1210.jpg,data/raw/v2/pothole_github/Pothole Dataset/img-1210.txt,d0f599b4a44028df858f0ce83333bc3361c4c66d390fbfb33078bd152dead6af,3680,2760,1,0,,keep,human_visual_quality_approved
github_pothole::img-1211,img-1211.jpg,data/raw/v2/pothole_github/Pothole Dataset/img-1211.jpg,data/raw/v2/pothole_github/Pothole Dataset/img-1211.txt,a73a48849cd1032139552b9a6931b280fe97b24b60186a1c49b8ee164dcb4ae8,3680,2760,4,0,,keep,human_visual_quality_approved
github_pothole::img-1212,img-1212.jpg,data/raw/v2/pothole_github/Pothole Dataset/img-1212.jpg,data/raw/v2/pothole_github/Pothole Dataset/img-1212.txt,3a3fdae3dcb0e83760b5e2b352653a38aca4a84aa3a1f6682ba535faff64f462,3680,2760,8,0,,keep,human_visual_quality_approved
github_pothole::img-1213,img-1213.jpg,data/raw/v2/pothole_github/Pothole Dataset/img-1213.jpg,data/raw/v2/pothole_github/Pothole Dataset/img-1213.txt,438c0b3dbbc9430c9de9bef0977b8de294efae05473475af168f45644956bbd9,3680,2760,2,0,,keep,human_visual_quality_approved
github_pothole::img-1214,img-1214.jpg,data/raw/v2/pothole_github/Pothole Dataset/img-1214.jpg,data/raw/v2/pothole_github/Pothole Dataset/img-1214.txt,b898775c013f953c377c44446b9525271eec829aff6da81af5e7b744208a44bd,3680,2760,1,0,,keep,human_visual_quality_approved
github_pothole::img-1215,img-1215.jpg,data/raw/v2/pothole_github/Pothole Dataset/img-1215.jpg,data/raw/v2/pothole_github/Pothole Dataset/img-1215.txt,fa976437604f4b3130e4745dc68944b5e9e01a4b146ab3e2731dd1630e9e6764,3680,2760,2,0,,keep,human_visual_quality_approved
github_pothole::img-1216,img-1216.jpg,data/raw/v2/pothole_github/Pothole Dataset/img-1216.jpg,data/raw/v2/pothole_github/Pothole Dataset/img-1216.txt,eeec50c90b15cd940e1749680d2a0b04560b1a3558ecbf8905fe7c65719594d1,3680,2760,1,0,,keep,human_visual_quality_approved
github_pothole::img-1217,img-1217.jpg,data/raw/v2/pothole_github/Pothole Dataset/img-1217.jpg,data/raw/v2/pothole_github/Pothole Dataset/img-1217.txt,7033c74569b3fcea5761b734ce6985dc536ca5a61e3cf12b6b8167ca7697778d,3680,2760,2,0,,keep,human_visual_quality_approved
github_pothole::img-1218,img-1218.jpg,data/raw/v2/pothole_github/Pothole Dataset/img-1218.jpg,data/raw/v2/pothole_github/Pothole Dataset/img-1218.txt,cf8e703d0eb74f2ceee4cecacb4a6aa32b0d379c2c929ccb1720485677964d0e,3680,2760,4,0,,keep,human_visual_quality_approved
github_pothole::img-1219,img-1219.jpg,data/raw/v2/pothole_github/Pothole Dataset/img-1219.jpg,data/raw/v2/pothole_github/Pothole Dataset/img-1219.txt,d60148aacbdcd48f9149928ce288151ed34af024b64ac76081d0d30fb37515bb,3680,2760,1,0,,keep,human_visual_quality_approved
github_pothole::img-122,img-122.jpg,data/raw/v2/pothole_github/Pothole Dataset/img-122.jpg,data/raw/v2/pothole_github/Pothole Dataset/img-122.txt,16e7bb757ba3406451cb280524bcde3ebbe07e0c5f3cb988acb73f4d7df7bbc0,720,720,1,0,,keep,human_visual_quality_approved
github_pothole::img-1220,img-1220.jpg,data/raw/v2/pothole_github/Pothole Dataset/img-1220.jpg,data/raw/v2/pothole_github/Pothole Dataset/img-1220.txt,daccc4b588db88c75628fa3299810c0e4c39b4f126747dc9fa507b040eb2bd46,3680,2760,1,0,,keep,human_visual_quality_approved
github_pothole::img-1221,img-1221.jpg,data/raw/v2/pothole_github/Pothole Dataset/img-1221.jpg,data/raw/v2/pothole_github/Pothole Dataset/img-1221.txt,25632a4724b957865c0756329c684e151bbe32005216c8281e90565c40d813cb,3680,2760,1,0,,keep,human_visual_quality_approved
github_pothole::img-1222,img-1222.jpg,data/raw/v2/pothole_github/Pothole Dataset/img-1222.jpg,data/raw/v2/pothole_github/Pothole Dataset/img-1222.txt,dbb465dbbcdf2b57d19c07306e62ea5d7774a55436a097663860ada0ac93766a,3680,2760,2,0,,keep,human_visual_quality_approved
github_pothole::img-1223,img-1223.jpg,data/raw/v2/pothole_github/Pothole Dataset/img-1223.jpg,data/raw/v2/pothole_github/Pothole Dataset/img-1223.txt,4d1b13b28d5b6a29aa4f6b9e38a7c28578e1835a669331e004e94709b92fb6aa,3680,2760,2,0,,keep,human_visual_quality_approved
github_pothole::img-1224,img-1224.jpg,data/raw/v2/pothole_github/Pothole Dataset/img-1224.jpg,data/raw/v2/pothole_github/Pothole Dataset/img-1224.txt,ddaa4ab5d807e8bca8a8ea58a126177c7db7ec1ed6ee239683dbd55513878d5d,3680,2760,1,0,,keep,human_visual_quality_approved
github_pothole::img-1225,img-1225.jpg,data/raw/v2/pothole_github/Pothole Dataset/img-1225.jpg,data/raw/v2/pothole_github/Pothole Dataset/img-1225.txt,4459e32823551ccc88160237a036a0ae8365ccfc1b8f5e265cfd400f1b6b2f3d,3680,2760,4,0,,keep,human_visual_quality_approved
github_pothole::img-1226,img-1226.jpg,data/raw/v2/pothole_github/Pothole Dataset/img-1226.jpg,data/raw/v2/pothole_github/Pothole Dataset/img-1226.txt,1d5ab48854eb61c18c535a7adf0b77e290012c9917e008eb7bb6f6f23650822d,3680,2760,3,0,,keep,human_visual_quality_approved
github_pothole::img-1227,img-1227.jpg,data/raw/v2/pothole_github/Pothole Dataset/img-1227.jpg,data/raw/v2/pothole_github/Pothole Dataset/img-1227.txt,db278afc8d6f70439a67d872e8dee27c0f6ebec5147fea9cecb304f60e5584d3,3680,2760,5,0,,keep,human_visual_quality_approved
github_pothole::img-1228,img-1228.jpg,data/raw/v2/pothole_github/Pothole Dataset/img-1228.jpg,data/raw/v2/pothole_github/Pothole Dataset/img-1228.txt,4473da4c10a156165c5a99b5552636209b2c030bffcdff6426ee89feb9c7b95d,3680,2760,4,0,,keep,human_visual_quality_approved
github_pothole::img-1229,img-1229.jpg,data/raw/v2/pothole_github/Pothole Dataset/img-1229.jpg,data/raw/v2/pothole_github/Pothole Dataset/img-1229.txt,39a43d66fedd71b202fcc8a6839acc2605994c1cf59577851030c4bed2a6bde9,3680,2760,6,0,,keep,human_visual_quality_approved
github_pothole::img-123,img-123.jpg,data/raw/v2/pothole_github/Pothole Dataset/img-123.jpg,data/raw/v2/pothole_github/Pothole Dataset/img-123.txt,81a7f37bd46d652b94d666d3372dc73185eeedf27a82023965b37b24a83eea59,720,720,1,0,,keep,human_visual_quality_approved
github_pothole::img-1230,img-1230.jpg,data/raw/v2/pothole_github/Pothole Dataset/img-1230.jpg,data/raw/v2/pothole_github/Pothole Dataset/img-1230.txt,5f617069ba50553233970eefaa587523ac8eff23147de8a1d473cc44a2973ca3,3680,2760,6,0,,keep,human_visual_quality_approved
github_pothole::img-1231,img-1231.jpg,data/raw/v2/pothole_github/Pothole Dataset/img-1231.jpg,data/raw/v2/pothole_github/Pothole Dataset/img-1231.txt,f7bcc118b4ce59c2493ff4ce5bcf14c2aeadd6d645a0096f733ddfeba0807b75,3680,2760,1,0,,keep,human_visual_quality_approved
github_pothole::img-1232,img-1232.jpg,data/raw/v2/pothole_github/Pothole Dataset/img-1232.jpg,data/raw/v2/pothole_github/Pothole Dataset/img-1232.txt,94461ff950f3762264ce1bf0085160037e511064259986c8dd587daef2028fc9,3680,2760,4,0,,keep,human_visual_quality_approved
github_pothole::img-1233,img-1233.jpg,data/raw/v2/pothole_github/Pothole Dataset/img-1233.jpg,data/raw/v2/pothole_github/Pothole Dataset/img-1233.txt,90afa1ea3b93ff0c0a5b29723eaf6c555711209c56e39c31900b7401198db6ae,3680,2760,3,0,,keep,human_visual_quality_approved
github_pothole::img-1234,img-1234.jpg,data/raw/v2/pothole_github/Pothole Dataset/img-1234.jpg,data/raw/v2/pothole_github/Pothole Dataset/img-1234.txt,918d5becf3df0332d5a3038d17868ce603112f64eac6094b68016f19aac3dfb0,3680,2760,1,0,,keep,human_visual_quality_approved
github_pothole::img-1235,img-1235.jpg,data/raw/v2/pothole_github/Pothole Dataset/img-1235.jpg,data/raw/v2/pothole_github/Pothole Dataset/img-1235.txt,9a440fd03e326d2f8880db7da7a2b70e988b2b4c0377c5d8a2537093de8a8f40,3680,2760,2,0,,keep,human_visual_quality_approved
github_pothole::img-1236,img-1236.jpg,data/raw/v2/pothole_github/Pothole Dataset/img-1236.jpg,data/raw/v2/pothole_github/Pothole Dataset/img-1236.txt,cc2e89e104799bf7e5d5a758895ee6a0c4f8aa32e55326b33a2094ac71ebf03a,3680,2760,1,0,,keep,human_visual_quality_approved
github_pothole::img-1237,img-1237.jpg,data/raw/v2/pothole_github/Pothole Dataset/img-1237.jpg,data/raw/v2/pothole_github/Pothole Dataset/img-1237.txt,0e4f916d806b88b44edc2bfc17d04630134942737fc5ed63058ac851338ba1f8,3680,2760,1,0,,keep,human_visual_quality_approved
github_pothole::img-1238,img-1238.jpg,data/raw/v2/pothole_github/Pothole Dataset/img-1238.jpg,data/raw/v2/pothole_github/Pothole Dataset/img-1238.txt,8f2e21d9d871b5098c7c95ecbb5b25c9f1c307bd2ad408fcc0207ab5ce7aaf8d,3680,2760,2,0,,keep,human_visual_quality_approved
github_pothole::img-1239,img-1239.jpg,data/raw/v2/pothole_github/Pothole Dataset/img-1239.jpg,data/raw/v2/pothole_github/Pothole Dataset/img-1239.txt,48feaed5ade82c03f592cc74cff6555bb0b0ec78de7b85cec14a699cc2df87be,3680,2760,13,0,,keep,human_visual_quality_approved
github_pothole::img-124,img-124.jpg,data/raw/v2/pothole_github/Pothole Dataset/img-124.jpg,data/raw/v2/pothole_github/Pothole Dataset/img-124.txt,5566288c6e136d9ce6980ac033003c44c138ccf77dee03850d1762d372d7865d,720,720,7,0,,keep,human_visual_quality_approved
github_pothole::img-1240,img-1240.jpg,data/raw/v2/pothole_github/Pothole Dataset/img-1240.jpg,data/raw/v2/pothole_github/Pothole Dataset/img-1240.txt,77a108e6f880cc2fc5adb79f9ea23486ef2b8d13ab1987e04ee8605dc9a011cd,3680,2760,2,0,,keep,human_visual_quality_approved
github_pothole::img-1241,img-1241.jpg,data/raw/v2/pothole_github/Pothole Dataset/img-1241.jpg,data/raw/v2/pothole_github/Pothole Dataset/img-1241.txt,9cb6ef4dafe6efa34358fbd2d979e364e6d2af307b2712073f870fcea8173681,3680,2760,1,0,,keep,human_visual_quality_approved
github_pothole::img-1242,img-1242.jpg,data/raw/v2/pothole_github/Pothole Dataset/img-1242.jpg,data/raw/v2/pothole_github/Pothole Dataset/img-1242.txt,23520c72e8f4b09e4f0087330e9da33573e537a75b4b21ee66985a80d4839c08,3680,2760,3,0,,keep,human_visual_quality_approved
github_pothole::img-1243,img-1243.jpg,data/raw/v2/pothole_github/Pothole Dataset/img-1243.jpg,data/raw/v2/pothole_github/Pothole Dataset/img-1243.txt,5b5ee2c78d18236410e34d52eb31fcff9fe5778dfb7cce1cc6d51d4aca31448e,3680,2760,6,0,,keep,human_visual_quality_approved
github_pothole::img-125,img-125.jpg,data/raw/v2/pothole_github/Pothole Dataset/img-125.jpg,data/raw/v2/pothole_github/Pothole Dataset/img-125.txt,80c1855942ae19c00f3f347399fa6a907e983b8ce2eaabb8b1d8c41888c7d16c,720,720,3,0,,keep,human_visual_quality_approved
github_pothole::img-126,img-126.jpg,data/raw/v2/pothole_github/Pothole Dataset/img-126.jpg,data/raw/v2/pothole_github/Pothole Dataset/img-126.txt,ca369075f27d41a0e16091be01ca543ae50808f91c391699bfb02a27eef84344,720,720,3,0,,keep,human_visual_quality_approved
github_pothole::img-127,img-127.jpg,data/raw/v2/pothole_github/Pothole Dataset/img-127.jpg,data/raw/v2/pothole_github/Pothole Dataset/img-127.txt,744c0715f90eafa58551485731e8dace9b002311679aa5da88135086828e7f89,720,720,3,0,,keep,human_visual_quality_approved
github_pothole::img-128,img-128.jpg,data/raw/v2/pothole_github/Pothole Dataset/img-128.jpg,data/raw/v2/pothole_github/Pothole Dataset/img-128.txt,332c0ffcafdf248959de021330bc9e414ebea75b303e3bcba7a3e637127754e5,720,720,1,0,,keep,human_visual_quality_approved
github_pothole::img-129,img-129.jpg,data/raw/v2/pothole_github/Pothole Dataset/img-129.jpg,data/raw/v2/pothole_github/Pothole Dataset/img-129.txt,3c6e7eb640360974caa3172d59f0782d2877526ccd8d0011b5d0bd66424f3d7d,720,720,2,0,,keep,human_visual_quality_approved
github_pothole::img-13,img-13.jpg,data/raw/v2/pothole_github/Pothole Dataset/img-13.jpg,data/raw/v2/pothole_github/Pothole Dataset/img-13.txt,30b9112288bd0c9bed74e9dcfe17fc1f8087af8fd5da260e19b60c3f658fbf36,720,720,4,0,,keep,human_visual_quality_approved
github_pothole::img-130,img-130.jpg,data/raw/v2/pothole_github/Pothole Dataset/img-130.jpg,data/raw/v2/pothole_github/Pothole Dataset/img-130.txt,41a0f82b82fd1f465205174c26b67ee28755aa79e7c6bcce696ff07ac9b58ce3,720,720,2,0,,keep,human_visual_quality_approved
github_pothole::img-131,img-131.jpg,data/raw/v2/pothole_github/Pothole Dataset/img-131.jpg,data/raw/v2/pothole_github/Pothole Dataset/img-131.txt,0a41b29cd370a7380b0f9c105437301b4f29f827e2312ee60bae3038d82f46d2,720,720,1,0,,keep,human_visual_quality_approved
github_pothole::img-132,img-132.jpg,data/raw/v2/pothole_github/Pothole Dataset/img-132.jpg,data/raw/v2/pothole_github/Pothole Dataset/img-132.txt,6c842e3e5ec2581f7e9c51b8b3bafd942c3ef105f9f62d4cec3f679469ec2ae0,720,720,2,0,,keep,human_visual_quality_approved
github_pothole::img-133,img-133.jpg,data/raw/v2/pothole_github/Pothole Dataset/img-133.jpg,data/raw/v2/pothole_github/Pothole Dataset/img-133.txt,1b2398216c78698ca89916a85ff1e0c64b84eb28cdceb24621799c4c61813048,720,720,1,0,,keep,human_visual_quality_approved
github_pothole::img-134,img-134.jpg,data/raw/v2/pothole_github/Pothole Dataset/img-134.jpg,data/raw/v2/pothole_github/Pothole Dataset/img-134.txt,90495ba8222174c0b33c9991f1ea4435e5e9ecf9d926748e7e88c533d8320ef6,720,720,2,0,,keep,human_visual_quality_approved
github_pothole::img-135,img-135.jpg,data/raw/v2/pothole_github/Pothole Dataset/img-135.jpg,data/raw/v2/pothole_github/Pothole Dataset/img-135.txt,16a35090b77b8db0e6ea5d04f3aaf33f977d0aa57b71da09c054d634772dd5d4,720,720,4,0,,keep,human_visual_quality_approved
github_pothole::img-136,img-136.jpg,data/raw/v2/pothole_github/Pothole Dataset/img-136.jpg,data/raw/v2/pothole_github/Pothole Dataset/img-136.txt,208a9722156cc535af5bca710416f880c4e045328c9df9f1e5e8d113697dd912,720,720,1,0,,keep,human_visual_quality_approved
github_pothole::img-137,img-137.jpg,data/raw/v2/pothole_github/Pothole Dataset/img-137.jpg,data/raw/v2/pothole_github/Pothole Dataset/img-137.txt,5e39e056d8673a34098622d5a52ddd94436e09d26f8b76c3c6afae910b9c2a82,720,720,1,0,,keep,human_visual_quality_approved
github_pothole::img-138,img-138.jpg,data/raw/v2/pothole_github/Pothole Dataset/img-138.jpg,data/raw/v2/pothole_github/Pothole Dataset/img-138.txt,005e4895bf1db2555a6aaf17eacd5a8401bf83ae7a144fbf3066802a2ce5ea2a,720,720,1,0,,keep,human_visual_quality_approved
github_pothole::img-139,img-139.jpg,data/raw/v2/pothole_github/Pothole Dataset/img-139.jpg,data/raw/v2/pothole_github/Pothole Dataset/img-139.txt,77de86a63af64d6a52a1ab2f92569c71cb9a9177fde562463d8add1ab77c80b6,720,720,1,0,,keep,human_visual_quality_approved
github_pothole::img-14,img-14.jpg,data/raw/v2/pothole_github/Pothole Dataset/img-14.jpg,data/raw/v2/pothole_github/Pothole Dataset/img-14.txt,73a9c8fda2eb1a36174fcda4b4092c56ab737944e83b48cebb568590c5c9f28e,720,720,2,0,,keep,human_visual_quality_approved
github_pothole::img-140,img-140.jpg,data/raw/v2/pothole_github/Pothole Dataset/img-140.jpg,data/raw/v2/pothole_github/Pothole Dataset/img-140.txt,11443cbc8cf894cc50611148c71e2bdaea9a80bc818ad17d3e77a3935c983c6d,720,720,2,0,,keep,human_visual_quality_approved
github_pothole::img-141,img-141.jpg,data/raw/v2/pothole_github/Pothole Dataset/img-141.jpg,data/raw/v2/pothole_github/Pothole Dataset/img-141.txt,bf340281f1efb8df61a55280741f4b15ec8c4cfe5aa6656f8364d4761309650e,720,720,4,0,,keep,human_visual_quality_approved
github_pothole::img-142,img-142.jpg,data/raw/v2/pothole_github/Pothole Dataset/img-142.jpg,data/raw/v2/pothole_github/Pothole Dataset/img-142.txt,673470ec3dc977c58861a7b23bb37db02b720306076337273a7996e8de9ee9c1,720,720,1,0,,keep,human_visual_quality_approved
github_pothole::img-143,img-143.jpg,data/raw/v2/pothole_github/Pothole Dataset/img-143.jpg,data/raw/v2/pothole_github/Pothole Dataset/img-143.txt,d87de62098467a16390a122dfbd3b97d6302c517ee9080060f6502fe614df6c6,720,720,1,0,,keep,human_visual_quality_approved
github_pothole::img-144,img-144.jpg,data/raw/v2/pothole_github/Pothole Dataset/img-144.jpg,data/raw/v2/pothole_github/Pothole Dataset/img-144.txt,047759c67f91ea2e7495ee32f3161d2580b250306f627f8aeb2f6209e4d18ac5,720,720,2,0,,keep,human_visual_quality_approved
github_pothole::img-145,img-145.jpg,data/raw/v2/pothole_github/Pothole Dataset/img-145.jpg,data/raw/v2/pothole_github/Pothole Dataset/img-145.txt,7166383c6c38ff8f4e05937fd71ae0393dca0b741246ea1ce530cf2cf2f6787a,720,720,1,0,,keep,human_visual_quality_approved
github_pothole::img-146,img-146.jpg,data/raw/v2/pothole_github/Pothole Dataset/img-146.jpg,data/raw/v2/pothole_github/Pothole Dataset/img-146.txt,5c0b428d8332f8c542bbece12b49e977f5f38d012a62bd96c2877b6b85fcc2bb,720,720,1,0,,keep,human_visual_quality_approved
github_pothole::img-147,img-147.jpg,data/raw/v2/pothole_github/Pothole Dataset/img-147.jpg,data/raw/v2/pothole_github/Pothole Dataset/img-147.txt,79bd38d11d2d47ade5639a920fc87d3d008c0e5fdd33095cd352b0ca8efdf8d9,720,720,2,0,,keep,human_visual_quality_approved
github_pothole::img-148,img-148.jpg,data/raw/v2/pothole_github/Pothole Dataset/img-148.jpg,data/raw/v2/pothole_github/Pothole Dataset/img-148.txt,5df5d9551dcc550f50382e758d36f470a9c50f31f998d1cd192aaf016f3f77d2,720,720,2,0,,keep,human_visual_quality_approved
github_pothole::img-149,img-149.jpg,data/raw/v2/pothole_github/Pothole Dataset/img-149.jpg,data/raw/v2/pothole_github/Pothole Dataset/img-149.txt,0b2ff3d6b6dfcfdbe28036413167306fb081fa907bf6714f10041473e0a3510f,720,720,1,0,,keep,human_visual_quality_approved
github_pothole::img-15,img-15.jpg,data/raw/v2/pothole_github/Pothole Dataset/img-15.jpg,data/raw/v2/pothole_github/Pothole Dataset/img-15.txt,8944e23c2b89451cf921379af47f68d4f82ade32f25220bb934ec5e305331270,720,720,1,0,,keep,human_visual_quality_approved
github_pothole::img-150,img-150.jpg,data/raw/v2/pothole_github/Pothole Dataset/img-150.jpg,data/raw/v2/pothole_github/Pothole Dataset/img-150.txt,4577d24aa4a2322f43164a15d0a416ba8e8de77c2974786cca2a1b904ec0e810,720,720,1,0,,keep,human_visual_quality_approved
github_pothole::img-151,img-151.jpg,data/raw/v2/pothole_github/Pothole Dataset/img-151.jpg,data/raw/v2/pothole_github/Pothole Dataset/img-151.txt,f9c6682564a2678fbe57cce69761c085e29d51e9317c181558a3458b8579c51d,720,720,1,0,,keep,human_visual_quality_approved
github_pothole::img-152,img-152.jpg,data/raw/v2/pothole_github/Pothole Dataset/img-152.jpg,data/raw/v2/pothole_github/Pothole Dataset/img-152.txt,ed7a76be7c5d0e71bbf1174de3c223f47f248f58a2a3453d851aee02086fadfd,720,720,5,0,,keep,human_visual_quality_approved
github_pothole::img-153,img-153.jpg,data/raw/v2/pothole_github/Pothole Dataset/img-153.jpg,data/raw/v2/pothole_github/Pothole Dataset/img-153.txt,fd9d3e7489ba0fa736090bb0380b9e296cb5b8314190dca07bbee6ef73f76db3,720,720,1,0,,keep,human_visual_quality_approved
github_pothole::img-154,img-154.jpg,data/raw/v2/pothole_github/Pothole Dataset/img-154.jpg,data/raw/v2/pothole_github/Pothole Dataset/img-154.txt,b2263e14427e07bae7afb7cc2a2ada5ffdfcf7fb83fdd7665e0095f2d7820d56,720,720,1,0,,keep,human_visual_quality_approved
github_pothole::img-155,img-155.jpg,data/raw/v2/pothole_github/Pothole Dataset/img-155.jpg,data/raw/v2/pothole_github/Pothole Dataset/img-155.txt,71a284753bf8852849341edac6e391f2732ddd30d19a5318ca8568154fd4cf59,720,720,3,0,,keep,human_visual_quality_approved
github_pothole::img-156,img-156.jpg,data/raw/v2/pothole_github/Pothole Dataset/img-156.jpg,data/raw/v2/pothole_github/Pothole Dataset/img-156.txt,767dbd4459185344c803b5f96bcc71238f29ef97d5663884894a05249f7367f2,720,720,2,0,,keep,human_visual_quality_approved
github_pothole::img-157,img-157.jpg,data/raw/v2/pothole_github/Pothole Dataset/img-157.jpg,data/raw/v2/pothole_github/Pothole Dataset/img-157.txt,fa49fc477ce6bfa50b5bba175956fabafc9fbff678135485eed57a5ccc34e592,720,720,2,0,,keep,human_visual_quality_approved
github_pothole::img-158,img-158.jpg,data/raw/v2/pothole_github/Pothole Dataset/img-158.jpg,data/raw/v2/pothole_github/Pothole Dataset/img-158.txt,545494de694863e3fbfdfb116173e35871204e50825ac5fb16327f3f5ebeb44d,720,720,2,0,,keep,human_visual_quality_approved
github_pothole::img-159,img-159.jpg,data/raw/v2/pothole_github/Pothole Dataset/img-159.jpg,data/raw/v2/pothole_github/Pothole Dataset/img-159.txt,ddf2cf4cc44fce46591aa6c8f69ba3696a8b8d758ee8677ec27ed9ad939b2adb,720,720,3,0,,keep,human_visual_quality_approved
github_pothole::img-16,img-16.jpg,data/raw/v2/pothole_github/Pothole Dataset/img-16.jpg,data/raw/v2/pothole_github/Pothole Dataset/img-16.txt,b8a4bb5d11251843f1561095142bbe8b3ac15a8b28571c201fa7eee2c30afd5a,720,720,1,0,,keep,human_visual_quality_approved
github_pothole::img-160,img-160.jpg,data/raw/v2/pothole_github/Pothole Dataset/img-160.jpg,data/raw/v2/pothole_github/Pothole Dataset/img-160.txt,d0f63dcd25e711847bd375c6f109e187e912a3011c8b647d0008e2bcefefe280,720,720,4,0,,keep,human_visual_quality_approved
github_pothole::img-161,img-161.jpg,data/raw/v2/pothole_github/Pothole Dataset/img-161.jpg,data/raw/v2/pothole_github/Pothole Dataset/img-161.txt,8650763c8308caf39a9890d11986daf5b953c6453b2a3d02122f0dfe930b2dc0,720,720,1,0,,keep,human_visual_quality_approved
github_pothole::img-162,img-162.jpg,data/raw/v2/pothole_github/Pothole Dataset/img-162.jpg,data/raw/v2/pothole_github/Pothole Dataset/img-162.txt,a5e998ddac75cffacffac1fe3f31c189b5e42bd01ede0c08adbb2b0f44638638,720,720,1,0,,keep,human_visual_quality_approved
github_pothole::img-163,img-163.jpg,data/raw/v2/pothole_github/Pothole Dataset/img-163.jpg,data/raw/v2/pothole_github/Pothole Dataset/img-163.txt,8a99df9cb21d5124c887c004aa0694ededa28fc3c66c78ea25c23af833ab2dfb,720,720,2,0,,keep,human_visual_quality_approved
github_pothole::img-164,img-164.jpg,data/raw/v2/pothole_github/Pothole Dataset/img-164.jpg,data/raw/v2/pothole_github/Pothole Dataset/img-164.txt,f0c4bbdf2e22db070dfd7edfa3bfde3542171cbe8977aef64ef7d1f9678aac24,720,720,1,0,,keep,human_visual_quality_approved
github_pothole::img-165,img-165.jpg,data/raw/v2/pothole_github/Pothole Dataset/img-165.jpg,data/raw/v2/pothole_github/Pothole Dataset/img-165.txt,ec59d17929dafb7ab1c1e7c47aeffcd8cbde8b9ef5bb7e9dd03611c2630e4361,720,720,1,0,,keep,human_visual_quality_approved
github_pothole::img-166,img-166.jpg,data/raw/v2/pothole_github/Pothole Dataset/img-166.jpg,data/raw/v2/pothole_github/Pothole Dataset/img-166.txt,1e2430ec2b122517acfdc42d981a1d37121a57c19eff6ee5f30a78de7420dd35,720,720,2,0,,keep,human_visual_quality_approved
github_pothole::img-167,img-167.jpg,data/raw/v2/pothole_github/Pothole Dataset/img-167.jpg,data/raw/v2/pothole_github/Pothole Dataset/img-167.txt,4e49b7fa9df072240f1c5f99459100378294f6a31ad24dbd143d2e3530726110,720,720,3,0,,keep,human_visual_quality_approved
github_pothole::img-168,img-168.jpg,data/raw/v2/pothole_github/Pothole Dataset/img-168.jpg,data/raw/v2/pothole_github/Pothole Dataset/img-168.txt,8fde47f54de036df24db5e99ddbbc113f34790ca8bfae171a95794a00942b4eb,720,720,2,0,,keep,human_visual_quality_approved
github_pothole::img-169,img-169.jpg,data/raw/v2/pothole_github/Pothole Dataset/img-169.jpg,data/raw/v2/pothole_github/Pothole Dataset/img-169.txt,59e16a4980ea4764353405a1d06e45cc3a24160f85efd9115f9d029af9c02f54,720,720,1,0,,keep,human_visual_quality_approved
github_pothole::img-17,img-17.jpg,data/raw/v2/pothole_github/Pothole Dataset/img-17.jpg,data/raw/v2/pothole_github/Pothole Dataset/img-17.txt,4f2e72c6bbb482cb6442a2bfa92e979134b0e76f1591402a3a6918199829f79a,720,720,2,0,,keep,human_visual_quality_approved
github_pothole::img-170,img-170.jpg,data/raw/v2/pothole_github/Pothole Dataset/img-170.jpg,data/raw/v2/pothole_github/Pothole Dataset/img-170.txt,eaba74dccd6ab5ea6a7409fc2d793710b89ea3e1309d0be4e242dafdfcef04ff,720,720,2,0,,keep,human_visual_quality_approved
github_pothole::img-171,img-171.jpg,data/raw/v2/pothole_github/Pothole Dataset/img-171.jpg,data/raw/v2/pothole_github/Pothole Dataset/img-171.txt,ea2a671205dd80438513945cb3995b412910f252650b769cc4e1b70b0e3c9923,720,720,1,0,,keep,human_visual_quality_approved
github_pothole::img-172,img-172.jpg,data/raw/v2/pothole_github/Pothole Dataset/img-172.jpg,data/raw/v2/pothole_github/Pothole Dataset/img-172.txt,38803511b11a513b4056b2db891b8ead588b12c89d5974aac9a8cbef0826b8d9,720,720,5,0,,keep,human_visual_quality_approved
github_pothole::img-173,img-173.jpg,data/raw/v2/pothole_github/Pothole Dataset/img-173.jpg,data/raw/v2/pothole_github/Pothole Dataset/img-173.txt,d8ab7653607308e260c4afb0a3de4bcadfb2f9d24526c4be42f424c3d7f42b0c,720,720,2,0,,keep,human_visual_quality_approved
github_pothole::img-174,img-174.jpg,data/raw/v2/pothole_github/Pothole Dataset/img-174.jpg,data/raw/v2/pothole_github/Pothole Dataset/img-174.txt,0d71ccc0d675c769680d9f6f3ee174e05cc950bcbdcb2eac2304fa13a4b0640c,720,720,1,0,,keep,human_visual_quality_approved
github_pothole::img-175,img-175.jpg,data/raw/v2/pothole_github/Pothole Dataset/img-175.jpg,data/raw/v2/pothole_github/Pothole Dataset/img-175.txt,dbc941be87579a549e86dd89392f254496e6102ae54cc76f4e55def46f234796,720,720,3,0,,keep,human_visual_quality_approved
github_pothole::img-176,img-176.jpg,data/raw/v2/pothole_github/Pothole Dataset/img-176.jpg,data/raw/v2/pothole_github/Pothole Dataset/img-176.txt,c3acefc51fd15c7adbbe3e758bc934f637b7c440e8c9207f13658448559057da,720,720,2,0,,keep,human_visual_quality_approved
github_pothole::img-177,img-177.jpg,data/raw/v2/pothole_github/Pothole Dataset/img-177.jpg,data/raw/v2/pothole_github/Pothole Dataset/img-177.txt,71f72796627ede47aef24a8d094c1867d9a06520f4edaf4dce6304f1674a1919,720,720,1,0,,keep,human_visual_quality_approved
github_pothole::img-178,img-178.jpg,data/raw/v2/pothole_github/Pothole Dataset/img-178.jpg,data/raw/v2/pothole_github/Pothole Dataset/img-178.txt,15db0349a871793355f9b82cb633ccd213557735e7b10a98191d0d4d75c74e66,720,720,3,0,,keep,human_visual_quality_approved
github_pothole::img-179,img-179.jpg,data/raw/v2/pothole_github/Pothole Dataset/img-179.jpg,data/raw/v2/pothole_github/Pothole Dataset/img-179.txt,d04d57bd76584155b28dd37daa3a1ba24b5c95d67d77cd6af60f69780a57ff59,720,720,5,0,,keep,human_visual_quality_approved
github_pothole::img-18,img-18.jpg,data/raw/v2/pothole_github/Pothole Dataset/img-18.jpg,data/raw/v2/pothole_github/Pothole Dataset/img-18.txt,c66d2a68de7bc2746f64b3db05bd7aaf08e7b9939ea45baa81c94b5321863f4c,720,720,5,0,,keep,human_visual_quality_approved
github_pothole::img-180,img-180.jpg,data/raw/v2/pothole_github/Pothole Dataset/img-180.jpg,data/raw/v2/pothole_github/Pothole Dataset/img-180.txt,3b4a1706f171c764d1c5e50b9b537492f6d5be507b3061a369f9ac4437febb54,720,720,1,0,,keep,human_visual_quality_approved
github_pothole::img-181,img-181.jpg,data/raw/v2/pothole_github/Pothole Dataset/img-181.jpg,data/raw/v2/pothole_github/Pothole Dataset/img-181.txt,2e9a2feddff2f9ff6c4307c927ea7a2003665e65da561d3cd125b5bb1bd4383d,720,720,1,0,,keep,human_visual_quality_approved
github_pothole::img-182,img-182.jpg,data/raw/v2/pothole_github/Pothole Dataset/img-182.jpg,data/raw/v2/pothole_github/Pothole Dataset/img-182.txt,ca21f655efc1a2b98fa80c8097ad0512698fb8e0fb263d18ecbedf3fdc957676,720,720,3,0,,keep,human_visual_quality_approved
github_pothole::img-183,img-183.jpg,data/raw/v2/pothole_github/Pothole Dataset/img-183.jpg,data/raw/v2/pothole_github/Pothole Dataset/img-183.txt,30d3f22bd8a6615246eb9ce786f54d5f59e1cb38ad2a6e7a505ff8502d00be5e,720,720,1,0,,keep,human_visual_quality_approved
github_pothole::img-184,img-184.jpg,data/raw/v2/pothole_github/Pothole Dataset/img-184.jpg,data/raw/v2/pothole_github/Pothole Dataset/img-184.txt,684feb99b5cef1f278837a190f1fc926b476ae700fb3abee6d340b13965ba78e,720,720,11,0,,keep,human_visual_quality_approved
github_pothole::img-185,img-185.jpg,data/raw/v2/pothole_github/Pothole Dataset/img-185.jpg,data/raw/v2/pothole_github/Pothole Dataset/img-185.txt,8405602e1c43502b794a698313baad639f367aa1bd2f8998892654293693d032,720,720,1,0,,keep,human_visual_quality_approved
github_pothole::img-186,img-186.jpg,data/raw/v2/pothole_github/Pothole Dataset/img-186.jpg,data/raw/v2/pothole_github/Pothole Dataset/img-186.txt,113087da5c09352fa4a452b08f42c1ed31be35a1e334c56fbd599d254aec528a,720,720,2,0,,keep,human_visual_quality_approved
github_pothole::img-187,img-187.jpg,data/raw/v2/pothole_github/Pothole Dataset/img-187.jpg,data/raw/v2/pothole_github/Pothole Dataset/img-187.txt,bec92dd8bd73f62bac59f5ddc40a55eafd307e4eb887d15b06f35d66d8ccdecb,720,720,1,0,,keep,human_visual_quality_approved
github_pothole::img-188,img-188.jpg,data/raw/v2/pothole_github/Pothole Dataset/img-188.jpg,data/raw/v2/pothole_github/Pothole Dataset/img-188.txt,e69fad2e6a85e320290b72a0b077062b02cc382a42a45c45d17ef89c1d12b0ff,720,720,3,0,,keep,human_visual_quality_approved
github_pothole::img-189,img-189.jpg,data/raw/v2/pothole_github/Pothole Dataset/img-189.jpg,data/raw/v2/pothole_github/Pothole Dataset/img-189.txt,13cf4de2bda0c47df22c102061d81680c4354c93124a7ce86bd6061545f2ea41,720,720,1,0,,keep,human_visual_quality_approved
github_pothole::img-19,img-19.jpg,data/raw/v2/pothole_github/Pothole Dataset/img-19.jpg,data/raw/v2/pothole_github/Pothole Dataset/img-19.txt,cb307e2526cd4b61561c41c4c3dd29ae32ea0d66065c53e24785da318bc855cc,720,720,2,0,,keep,human_visual_quality_approved
github_pothole::img-190,img-190.jpg,data/raw/v2/pothole_github/Pothole Dataset/img-190.jpg,data/raw/v2/pothole_github/Pothole Dataset/img-190.txt,1804c3d291e293c5592c7074e1d55dd31fe2c21fb4e9b1e741b025659dadb402,720,720,2,0,,keep,human_visual_quality_approved
github_pothole::img-191,img-191.jpg,data/raw/v2/pothole_github/Pothole Dataset/img-191.jpg,data/raw/v2/pothole_github/Pothole Dataset/img-191.txt,9a512fc08a134f6d1ca724b8f6e26c7fbb96abebf2d09f7c44c54bb313c29629,720,720,3,0,,keep,human_visual_quality_approved
github_pothole::img-192,img-192.jpg,data/raw/v2/pothole_github/Pothole Dataset/img-192.jpg,data/raw/v2/pothole_github/Pothole Dataset/img-192.txt,d28b4af3553a94e940f5bc5b82c8c06a6334058c12daa05d3f393dae6adf42de,720,720,1,0,,keep,human_visual_quality_approved
github_pothole::img-193,img-193.jpg,data/raw/v2/pothole_github/Pothole Dataset/img-193.jpg,data/raw/v2/pothole_github/Pothole Dataset/img-193.txt,f66dc83014a69f3f3da9fbf7084ff0ce36f97eb9a454adf038a79d068b52a2b5,720,720,2,0,,keep,human_visual_quality_approved
github_pothole::img-194,img-194.jpg,data/raw/v2/pothole_github/Pothole Dataset/img-194.jpg,data/raw/v2/pothole_github/Pothole Dataset/img-194.txt,76de0e2bde8b3b7af6ef241fc2f59a5acc46f64b7a2b67075d49b724d8050d2a,720,720,1,0,,keep,human_visual_quality_approved
github_pothole::img-195,img-195.jpg,data/raw/v2/pothole_github/Pothole Dataset/img-195.jpg,data/raw/v2/pothole_github/Pothole Dataset/img-195.txt,e809dbfc5d14fc43300f10a0975ba748bc05cbc9ec4359029f954b0655d6df90,720,720,2,0,,keep,human_visual_quality_approved
github_pothole::img-196,img-196.jpg,data/raw/v2/pothole_github/Pothole Dataset/img-196.jpg,data/raw/v2/pothole_github/Pothole Dataset/img-196.txt,ce7363acef6e33adef75ba0c56a947225239a08409d511151d3f6c965245672e,720,720,3,0,,keep,human_visual_quality_approved
github_pothole::img-197,img-197.jpg,data/raw/v2/pothole_github/Pothole Dataset/img-197.jpg,data/raw/v2/pothole_github/Pothole Dataset/img-197.txt,1661b15a9053f333abcab47b649f503f3d806a9ffbc08ee2b3bc70d00a76e721,720,720,3,0,,keep,human_visual_quality_approved
github_pothole::img-198,img-198.jpg,data/raw/v2/pothole_github/Pothole Dataset/img-198.jpg,data/raw/v2/pothole_github/Pothole Dataset/img-198.txt,d06a4fb4df3952f42ecb0cb4be66b30afa07b0aa851e61ef9de430689921f8e0,720,720,4,0,,keep,human_visual_quality_approved
github_pothole::img-199,img-199.jpg,data/raw/v2/pothole_github/Pothole Dataset/img-199.jpg,data/raw/v2/pothole_github/Pothole Dataset/img-199.txt,b4bc9d9930bd7b57e08fbb89a00fb8964805946e5842cfabbf3b7fc52a611840,720,720,2,0,,keep,human_visual_quality_approved
github_pothole::img-2,img-2.jpg,data/raw/v2/pothole_github/Pothole Dataset/img-2.jpg,data/raw/v2/pothole_github/Pothole Dataset/img-2.txt,896452f7c333db108a2cea7d79520d675bdc626088743524d876c870a7d1046a,720,720,3,0,,keep,human_visual_quality_approved
github_pothole::img-20,img-20.jpg,data/raw/v2/pothole_github/Pothole Dataset/img-20.jpg,data/raw/v2/pothole_github/Pothole Dataset/img-20.txt,b58d5b29db2f35d8f16f4388c0c93e2459d575fcc0da8c6e9ecae13ff4816171,720,720,3,0,,keep,human_visual_quality_approved
github_pothole::img-200,img-200.jpg,data/raw/v2/pothole_github/Pothole Dataset/img-200.jpg,data/raw/v2/pothole_github/Pothole Dataset/img-200.txt,96179865eaf8200e82af0c59578bf192c1f92a11d094e6c3baf6e485215d108b,720,720,4,0,,keep,human_visual_quality_approved
github_pothole::img-201,img-201.jpg,data/raw/v2/pothole_github/Pothole Dataset/img-201.jpg,data/raw/v2/pothole_github/Pothole Dataset/img-201.txt,ff47e5d899ae4b5e9613a16a70df1da8b539f84d52bdc7f6ff6c6cd81ceba101,720,720,1,0,,keep,human_visual_quality_approved
github_pothole::img-202,img-202.jpg,data/raw/v2/pothole_github/Pothole Dataset/img-202.jpg,data/raw/v2/pothole_github/Pothole Dataset/img-202.txt,5f64ff9c6c0ff682ed84802139762d64a064ec58253219d82b6c2a4f883dd77e,720,720,7,0,,keep,human_visual_quality_approved
github_pothole::img-203,img-203.jpg,data/raw/v2/pothole_github/Pothole Dataset/img-203.jpg,data/raw/v2/pothole_github/Pothole Dataset/img-203.txt,975678dd9ce3c39ff9d2cffc75d065d6fdb25e2f6d7fb923606dc467fed8d6d9,720,720,3,0,,keep,human_visual_quality_approved
github_pothole::img-204,img-204.jpg,data/raw/v2/pothole_github/Pothole Dataset/img-204.jpg,data/raw/v2/pothole_github/Pothole Dataset/img-204.txt,df967e2289267edea79801b390b2e26c11615d2125dd63bb3d0b4e2264f98cc5,720,720,2,0,,keep,human_visual_quality_approved
github_pothole::img-205,img-205.jpg,data/raw/v2/pothole_github/Pothole Dataset/img-205.jpg,data/raw/v2/pothole_github/Pothole Dataset/img-205.txt,d250b649a034b8568f8205ca789a8361f78150fead843ed7e3f0c6f370a9be6d,720,720,2,0,,keep,human_visual_quality_approved
github_pothole::img-206,img-206.jpg,data/raw/v2/pothole_github/Pothole Dataset/img-206.jpg,data/raw/v2/pothole_github/Pothole Dataset/img-206.txt,d5475fe691449632b7eb8665286f5d65e305a4768a1894595554003033e5abe6,720,720,2,0,,keep,human_visual_quality_approved
github_pothole::img-207,img-207.jpg,data/raw/v2/pothole_github/Pothole Dataset/img-207.jpg,data/raw/v2/pothole_github/Pothole Dataset/img-207.txt,48fa1cbb32ad319f915e5559885d7ca6b629505f2965043d230359dba4ce366c,720,720,2,0,,keep,human_visual_quality_approved
github_pothole::img-208,img-208.jpg,data/raw/v2/pothole_github/Pothole Dataset/img-208.jpg,data/raw/v2/pothole_github/Pothole Dataset/img-208.txt,f0d1088f389e55bac30f5d9b782eef8f34677c85227b77e557fe50c504c76a5e,720,720,3,0,,keep,human_visual_quality_approved
github_pothole::img-209,img-209.jpg,data/raw/v2/pothole_github/Pothole Dataset/img-209.jpg,data/raw/v2/pothole_github/Pothole Dataset/img-209.txt,4699aeeefcc7fb9fa388be716fcd8cd205dac5f08d8eb0c94138f03354c44838,720,720,1,0,,keep,human_visual_quality_approved
github_pothole::img-21,img-21.jpg,data/raw/v2/pothole_github/Pothole Dataset/img-21.jpg,data/raw/v2/pothole_github/Pothole Dataset/img-21.txt,5f0170cb3ffe8d51a686843adccf44573e4b981ddcaf9e15d6fd8de190a7a2d8,720,720,2,0,,keep,human_visual_quality_approved
github_pothole::img-210,img-210.jpg,data/raw/v2/pothole_github/Pothole Dataset/img-210.jpg,data/raw/v2/pothole_github/Pothole Dataset/img-210.txt,546de06ed5d0aafb8f21d2a4cf8b44a1b3a1141afdd030f4b784d87ae10f8a68,720,720,2,0,,keep,human_visual_quality_approved
github_pothole::img-211,img-211.jpg,data/raw/v2/pothole_github/Pothole Dataset/img-211.jpg,data/raw/v2/pothole_github/Pothole Dataset/img-211.txt,1a2542d003ba1b86a6be60db179e900fb1abe76e47e66381c462164e05375a69,720,720,1,0,,keep,human_visual_quality_approved
github_pothole::img-212,img-212.jpg,data/raw/v2/pothole_github/Pothole Dataset/img-212.jpg,data/raw/v2/pothole_github/Pothole Dataset/img-212.txt,97d570ed1fff2fed9f7e4cd43e379641af7f6f4b8b0e62275d66afef441dd30a,720,720,1,0,,keep,human_visual_quality_approved
github_pothole::img-213,img-213.jpg,data/raw/v2/pothole_github/Pothole Dataset/img-213.jpg,data/raw/v2/pothole_github/Pothole Dataset/img-213.txt,8959d986c9b69a9c87fb99da60dc945199a7d495ec7cc92fe7691446ada19b10,720,720,1,0,,keep,human_visual_quality_approved
github_pothole::img-214,img-214.jpg,data/raw/v2/pothole_github/Pothole Dataset/img-214.jpg,data/raw/v2/pothole_github/Pothole Dataset/img-214.txt,51a83aa836e196a6567aa28ff0ec5c422f4642cf1a876fcad7c7af50888eb7fa,720,720,1,0,,keep,human_visual_quality_approved
github_pothole::img-215,img-215.jpg,data/raw/v2/pothole_github/Pothole Dataset/img-215.jpg,data/raw/v2/pothole_github/Pothole Dataset/img-215.txt,a76f8a71193ce1c2bcab5e2e748797fc51fa8cd05e30f3d8061e770d16b7c166,720,720,1,0,,keep,human_visual_quality_approved
github_pothole::img-216,img-216.jpg,data/raw/v2/pothole_github/Pothole Dataset/img-216.jpg,data/raw/v2/pothole_github/Pothole Dataset/img-216.txt,8518801eef74e6721f9a5fdea1807a7ab51ed82f4e3429d9ec865a808085573d,720,720,3,0,,keep,human_visual_quality_approved
github_pothole::img-217,img-217.jpg,data/raw/v2/pothole_github/Pothole Dataset/img-217.jpg,data/raw/v2/pothole_github/Pothole Dataset/img-217.txt,e4bd9e20036f002b98d7931f4a60514b2cd8c8304023d012fd08839f38fb27ed,720,720,2,0,,keep,human_visual_quality_approved
github_pothole::img-218,img-218.jpg,data/raw/v2/pothole_github/Pothole Dataset/img-218.jpg,data/raw/v2/pothole_github/Pothole Dataset/img-218.txt,ae418ba3904c0d60e36bc4b161464d6965b4cc801cae576694ae6a2388407c44,720,720,2,0,,keep,human_visual_quality_approved
github_pothole::img-219,img-219.jpg,data/raw/v2/pothole_github/Pothole Dataset/img-219.jpg,data/raw/v2/pothole_github/Pothole Dataset/img-219.txt,09e348ed66638ceabad4a205a48f2782637d7bdfd6a900ee18fec6588d4959ee,720,720,1,0,,keep,human_visual_quality_approved
github_pothole::img-22,img-22.jpg,data/raw/v2/pothole_github/Pothole Dataset/img-22.jpg,data/raw/v2/pothole_github/Pothole Dataset/img-22.txt,b5a283837e63932329b9dc6015ba6b3035f1adc6884195a88e73500fbae3a91e,720,720,1,0,,keep,human_visual_quality_approved
github_pothole::img-220,img-220.jpg,data/raw/v2/pothole_github/Pothole Dataset/img-220.jpg,data/raw/v2/pothole_github/Pothole Dataset/img-220.txt,fac41df0782412425015541b73e74b95ce36b14c89db8dab9ff46cfd8ea01b58,720,720,2,0,,keep,human_visual_quality_approved
github_pothole::img-221,img-221.jpg,data/raw/v2/pothole_github/Pothole Dataset/img-221.jpg,data/raw/v2/pothole_github/Pothole Dataset/img-221.txt,4fd9d6b61e198cab166a45728f4602cc6d6de1fd3a918c5f5bcf85ad9f71a103,720,720,2,0,,keep,human_visual_quality_approved
github_pothole::img-222,img-222.jpg,data/raw/v2/pothole_github/Pothole Dataset/img-222.jpg,data/raw/v2/pothole_github/Pothole Dataset/img-222.txt,588738a137403e4143069a60d77feba994dd99ed9a1d39793bf48c1c6e6790df,720,720,1,0,,keep,human_visual_quality_approved
github_pothole::img-223,img-223.jpg,data/raw/v2/pothole_github/Pothole Dataset/img-223.jpg,data/raw/v2/pothole_github/Pothole Dataset/img-223.txt,f60e77123727ac863fe9d6999230419fb3fa9e116e3182dd735690cf7d23dadb,720,720,1,0,,keep,human_visual_quality_approved
github_pothole::img-224,img-224.jpg,data/raw/v2/pothole_github/Pothole Dataset/img-224.jpg,data/raw/v2/pothole_github/Pothole Dataset/img-224.txt,4a9d0094276412aa54b3259132c638c7d2224a908e7b8abae54a6e7297e0ef14,720,720,1,0,,keep,human_visual_quality_approved
github_pothole::img-225,img-225.jpg,data/raw/v2/pothole_github/Pothole Dataset/img-225.jpg,data/raw/v2/pothole_github/Pothole Dataset/img-225.txt,7470b6fec602fd8e1d6caf63ce20bc723600a4aecc94fdabf091dee6d0b879aa,720,720,4,0,,keep,human_visual_quality_approved
github_pothole::img-226,img-226.jpg,data/raw/v2/pothole_github/Pothole Dataset/img-226.jpg,data/raw/v2/pothole_github/Pothole Dataset/img-226.txt,2245da8372ac8261f892adc760d93e435e84621acc7176c3ef9ab0c469c43a67,720,720,1,0,,keep,human_visual_quality_approved
github_pothole::img-227,img-227.jpg,data/raw/v2/pothole_github/Pothole Dataset/img-227.jpg,data/raw/v2/pothole_github/Pothole Dataset/img-227.txt,e40f00eb0745c08b1553ddb22ff22787f46bb1b92e99f0dc5d58d0a43f67227a,720,720,2,0,,keep,human_visual_quality_approved
github_pothole::img-228,img-228.jpg,data/raw/v2/pothole_github/Pothole Dataset/img-228.jpg,data/raw/v2/pothole_github/Pothole Dataset/img-228.txt,52022b7af55e7897f489507961d4f7750b74a8c5d3da9af465696f10d7d71373,720,720,1,0,,keep,human_visual_quality_approved
github_pothole::img-229,img-229.jpg,data/raw/v2/pothole_github/Pothole Dataset/img-229.jpg,data/raw/v2/pothole_github/Pothole Dataset/img-229.txt,30cda620bde33491fba508870caff522b2ed27266081400dd59bc19a1d7b9d5e,720,720,3,0,,keep,human_visual_quality_approved
github_pothole::img-23,img-23.jpg,data/raw/v2/pothole_github/Pothole Dataset/img-23.jpg,data/raw/v2/pothole_github/Pothole Dataset/img-23.txt,fe53859cdb45feaf936fb85916b776b7156ce4c6c5098be0e13153f69b461493,720,720,5,0,,keep,human_visual_quality_approved
github_pothole::img-230,img-230.jpg,data/raw/v2/pothole_github/Pothole Dataset/img-230.jpg,data/raw/v2/pothole_github/Pothole Dataset/img-230.txt,51c4a1d9aa8e5556333470562cda229161a9ecf4d1a73ec3f82ec6bdc3d04af0,720,720,3,0,,keep,human_visual_quality_approved
github_pothole::img-231,img-231.jpg,data/raw/v2/pothole_github/Pothole Dataset/img-231.jpg,data/raw/v2/pothole_github/Pothole Dataset/img-231.txt,67beba83c489ff43f93322221f4770c0ba54414a70f9fcc09cab7bf0152355f8,720,720,2,0,,keep,human_visual_quality_approved
github_pothole::img-232,img-232.jpg,data/raw/v2/pothole_github/Pothole Dataset/img-232.jpg,data/raw/v2/pothole_github/Pothole Dataset/img-232.txt,c7e41230ae635bf88885b6de29de3fc3208df191ba2908fb8f126ffda1ee8a89,720,720,4,0,,keep,human_visual_quality_approved
github_pothole::img-233,img-233.jpg,data/raw/v2/pothole_github/Pothole Dataset/img-233.jpg,data/raw/v2/pothole_github/Pothole Dataset/img-233.txt,6ef5553ce10fbd49fa22963c3afe9c63fd23d6f73632f016d9477a7637265741,720,720,2,0,,keep,human_visual_quality_approved
github_pothole::img-234,img-234.jpg,data/raw/v2/pothole_github/Pothole Dataset/img-234.jpg,data/raw/v2/pothole_github/Pothole Dataset/img-234.txt,b9114fb66e66887c30600e64abab967484055392e3b569ee4074ceb8e411480e,720,720,1,0,,keep,human_visual_quality_approved
github_pothole::img-235,img-235.jpg,data/raw/v2/pothole_github/Pothole Dataset/img-235.jpg,data/raw/v2/pothole_github/Pothole Dataset/img-235.txt,7386d6736c8c88a16780de7005e360008ebce9a6d28d46fe225d704759581af2,720,720,1,0,,keep,human_visual_quality_approved
github_pothole::img-236,img-236.jpg,data/raw/v2/pothole_github/Pothole Dataset/img-236.jpg,data/raw/v2/pothole_github/Pothole Dataset/img-236.txt,0deb11a1822ef9ed6ebcae0c60d8d5349fdfeaab5f892d952728a4ba223ca7eb,720,720,3,0,,keep,human_visual_quality_approved
github_pothole::img-237,img-237.jpg,data/raw/v2/pothole_github/Pothole Dataset/img-237.jpg,data/raw/v2/pothole_github/Pothole Dataset/img-237.txt,e8ac1b1d33e846c4eebd7cf97819ef8f727cb7d3e3ede96077f9ad2de619ed94,720,720,5,0,,keep,human_visual_quality_approved
github_pothole::img-238,img-238.jpg,data/raw/v2/pothole_github/Pothole Dataset/img-238.jpg,data/raw/v2/pothole_github/Pothole Dataset/img-238.txt,59605e6d0f8e2c78dbf3c541dab310d5c8328e0a9055e52d347b9c2c52e90a0d,720,720,1,0,,keep,human_visual_quality_approved
github_pothole::img-239,img-239.jpg,data/raw/v2/pothole_github/Pothole Dataset/img-239.jpg,data/raw/v2/pothole_github/Pothole Dataset/img-239.txt,c082aeb943c15067d991ceb2a2b193485dc23d0efe5f121c6e1cb2ec852d228b,720,720,1,0,,keep,human_visual_quality_approved
github_pothole::img-24,img-24.jpg,data/raw/v2/pothole_github/Pothole Dataset/img-24.jpg,data/raw/v2/pothole_github/Pothole Dataset/img-24.txt,fff32653d81021ab578425f1b65daef2b11504f2583c99970eebae65fc374385,720,720,2,0,,keep,human_visual_quality_approved
github_pothole::img-240,img-240.jpg,data/raw/v2/pothole_github/Pothole Dataset/img-240.jpg,data/raw/v2/pothole_github/Pothole Dataset/img-240.txt,17d30d9a069b5eb64b079858ec117fc1c180315d9c54bd7881ff5937d2467d25,720,720,4,0,,keep,human_visual_quality_approved
github_pothole::img-241,img-241.jpg,data/raw/v2/pothole_github/Pothole Dataset/img-241.jpg,data/raw/v2/pothole_github/Pothole Dataset/img-241.txt,dce44a8a76176244faad333df0532ee7d4fbc3af7241fd39eecb13c960f08420,720,720,7,0,,keep,human_visual_quality_approved
github_pothole::img-242,img-242.jpg,data/raw/v2/pothole_github/Pothole Dataset/img-242.jpg,data/raw/v2/pothole_github/Pothole Dataset/img-242.txt,653b91b8c8762616ea8bfff9678e947858bc86dea7dd5a0fc9e8a62ccc63ddce,720,720,1,0,,keep,human_visual_quality_approved
github_pothole::img-243,img-243.jpg,data/raw/v2/pothole_github/Pothole Dataset/img-243.jpg,data/raw/v2/pothole_github/Pothole Dataset/img-243.txt,0cea174bdb627317d94e3a0a7a5da64de834a90b111adc48f572e6a0e3c29665,720,720,1,0,,keep,human_visual_quality_approved
github_pothole::img-244,img-244.jpg,data/raw/v2/pothole_github/Pothole Dataset/img-244.jpg,data/raw/v2/pothole_github/Pothole Dataset/img-244.txt,e503d5b7fa57ddeb65ba64dd80675034cdab6dff449b664f3e5fe1710d37936b,720,720,2,0,,keep,human_visual_quality_approved
github_pothole::img-245,img-245.jpg,data/raw/v2/pothole_github/Pothole Dataset/img-245.jpg,data/raw/v2/pothole_github/Pothole Dataset/img-245.txt,702599c17927adaf03eda061487586d320838fdf4d8624e2dfb26106080fb74a,720,720,2,0,,keep,human_visual_quality_approved
github_pothole::img-246,img-246.jpg,data/raw/v2/pothole_github/Pothole Dataset/img-246.jpg,data/raw/v2/pothole_github/Pothole Dataset/img-246.txt,b0f29b226c0a7b8919b51376a5995daf3ea627441cd9a8a7e838b82c66ffbd52,720,720,2,0,,keep,human_visual_quality_approved
github_pothole::img-247,img-247.jpg,data/raw/v2/pothole_github/Pothole Dataset/img-247.jpg,data/raw/v2/pothole_github/Pothole Dataset/img-247.txt,1cff35dca1fbe696201289fe1be4877bb64e65c36d4d6c3d2324dfc173528d74,720,720,1,0,,keep,human_visual_quality_approved
github_pothole::img-248,img-248.jpg,data/raw/v2/pothole_github/Pothole Dataset/img-248.jpg,data/raw/v2/pothole_github/Pothole Dataset/img-248.txt,cde270cd3350040ca8030fb4609787b28e5abf3267ced52eb7bb5a29ddb3ae7a,720,720,3,0,,keep,human_visual_quality_approved
github_pothole::img-249,img-249.jpg,data/raw/v2/pothole_github/Pothole Dataset/img-249.jpg,data/raw/v2/pothole_github/Pothole Dataset/img-249.txt,1697970681af5da23b64e3df483255f2e977f02ba9b255e0335a4208a4dc6998,720,720,1,0,,keep,human_visual_quality_approved
github_pothole::img-25,img-25.jpg,data/raw/v2/pothole_github/Pothole Dataset/img-25.jpg,data/raw/v2/pothole_github/Pothole Dataset/img-25.txt,7db0523b58799b75e53c98cbe4da06491043a2d8e6ea860a1c65f12c2034091b,720,720,1,0,,keep,human_visual_quality_approved
github_pothole::img-250,img-250.jpg,data/raw/v2/pothole_github/Pothole Dataset/img-250.jpg,data/raw/v2/pothole_github/Pothole Dataset/img-250.txt,4e2f51ffa311a79b15fcf3c755cb45907f58a2ab3fa8d75d34c3c356374955b4,720,720,1,0,,keep,human_visual_quality_approved
github_pothole::img-251,img-251.jpg,data/raw/v2/pothole_github/Pothole Dataset/img-251.jpg,data/raw/v2/pothole_github/Pothole Dataset/img-251.txt,3f45fd30b0bb88821f81c60b8ff03a2038c74286c2aa1593dd102d077f1abf41,720,720,1,0,,keep,human_visual_quality_approved
github_pothole::img-252,img-252.jpg,data/raw/v2/pothole_github/Pothole Dataset/img-252.jpg,data/raw/v2/pothole_github/Pothole Dataset/img-252.txt,4be7c02558776a5fd959225c80114bb7724de78b6ad7893b7e0e02e9d0592058,720,720,3,0,,keep,human_visual_quality_approved
github_pothole::img-253,img-253.jpg,data/raw/v2/pothole_github/Pothole Dataset/img-253.jpg,data/raw/v2/pothole_github/Pothole Dataset/img-253.txt,d8c6e9ed32f5e52eebbb260abe523b0d2467eca71eb8c6497cb684575749820b,720,720,1,0,,keep,human_visual_quality_approved
github_pothole::img-254,img-254.jpg,data/raw/v2/pothole_github/Pothole Dataset/img-254.jpg,data/raw/v2/pothole_github/Pothole Dataset/img-254.txt,2f6e2615d029320e88be31e4c69d38bcff42b959ae8115c1ad6276f0dc07dee2,720,720,1,0,,keep,human_visual_quality_approved
github_pothole::img-255,img-255.jpg,data/raw/v2/pothole_github/Pothole Dataset/img-255.jpg,data/raw/v2/pothole_github/Pothole Dataset/img-255.txt,9920080b8f376008dd129003b850a7063b6dc43b8887113e2a425d0590b5e42d,720,720,1,0,,keep,human_visual_quality_approved
github_pothole::img-256,img-256.jpg,data/raw/v2/pothole_github/Pothole Dataset/img-256.jpg,data/raw/v2/pothole_github/Pothole Dataset/img-256.txt,907b0c0cc05c548747c4083ea52d881514f74f836abe0ab7ffe96e796bb8569e,720,720,2,0,,keep,human_visual_quality_approved
github_pothole::img-257,img-257.jpg,data/raw/v2/pothole_github/Pothole Dataset/img-257.jpg,data/raw/v2/pothole_github/Pothole Dataset/img-257.txt,364a767c38b27757c2d3cc3f3b79e1b09f38b4b7584f295ceed591c45ee3944d,720,720,2,0,,keep,human_visual_quality_approved
github_pothole::img-258,img-258.jpg,data/raw/v2/pothole_github/Pothole Dataset/img-258.jpg,data/raw/v2/pothole_github/Pothole Dataset/img-258.txt,682e1c2772772a3a71c30e8d1cc05f072e3f06514bd237b742262eec20bf6be1,720,720,1,0,,keep,human_visual_quality_approved
github_pothole::img-259,img-259.jpg,data/raw/v2/pothole_github/Pothole Dataset/img-259.jpg,data/raw/v2/pothole_github/Pothole Dataset/img-259.txt,a694e2959e97846c07d7b0eb17a7f02e88142399105ff67e806b85a1a503e97d,720,720,2,0,,keep,human_visual_quality_approved
github_pothole::img-26,img-26.jpg,data/raw/v2/pothole_github/Pothole Dataset/img-26.jpg,data/raw/v2/pothole_github/Pothole Dataset/img-26.txt,61c5d50aa283d0ce65ee2f6134b380e87178f73fded31f2131790b254b3f7cd4,720,720,2,0,,keep,human_visual_quality_approved
github_pothole::img-260,img-260.jpg,data/raw/v2/pothole_github/Pothole Dataset/img-260.jpg,data/raw/v2/pothole_github/Pothole Dataset/img-260.txt,fc5cf7c441c5ea554b03512fa1eb5730dcce47ce0c18d1c41a14ea1e1f21dfb1,720,720,1,0,,keep,human_visual_quality_approved
github_pothole::img-261,img-261.jpg,data/raw/v2/pothole_github/Pothole Dataset/img-261.jpg,data/raw/v2/pothole_github/Pothole Dataset/img-261.txt,669126eee48770aa7d16c3d5eb635592a95a14935f45d3d476da8c490bdcfe5d,720,720,1,0,,keep,human_visual_quality_approved
github_pothole::img-262,img-262.jpg,data/raw/v2/pothole_github/Pothole Dataset/img-262.jpg,data/raw/v2/pothole_github/Pothole Dataset/img-262.txt,8f671c42faa3d9e65707ea8b87e6d9da8a2b0cf8d8dd9cdbdc07be3740404123,720,720,1,0,,keep,human_visual_quality_approved
github_pothole::img-263,img-263.jpg,data/raw/v2/pothole_github/Pothole Dataset/img-263.jpg,data/raw/v2/pothole_github/Pothole Dataset/img-263.txt,645cad366f9748fe614e1dc0e1adf42a229c1347126e1f07d5e4e76dddd7831d,720,720,1,0,,keep,human_visual_quality_approved
github_pothole::img-264,img-264.jpg,data/raw/v2/pothole_github/Pothole Dataset/img-264.jpg,data/raw/v2/pothole_github/Pothole Dataset/img-264.txt,8cec69e1c95db3e7fcbaf6bd7b8e6ff490387e7bbd4cecbce24b2d44b68c5e91,720,720,1,0,,keep,human_visual_quality_approved
github_pothole::img-265,img-265.jpg,data/raw/v2/pothole_github/Pothole Dataset/img-265.jpg,data/raw/v2/pothole_github/Pothole Dataset/img-265.txt,53dd7f98c86d1c2e4ab55ef23bbd59ce9f5cab5bd5112b813f8ca13cbf1de21f,720,720,3,0,,keep,human_visual_quality_approved
github_pothole::img-266,img-266.jpg,data/raw/v2/pothole_github/Pothole Dataset/img-266.jpg,data/raw/v2/pothole_github/Pothole Dataset/img-266.txt,9bef1913b2835bc3ddbce0d01e471d9d594c0314c5a26cba3883881dcf05357f,720,720,2,0,,keep,human_visual_quality_approved
github_pothole::img-267,img-267.jpg,data/raw/v2/pothole_github/Pothole Dataset/img-267.jpg,data/raw/v2/pothole_github/Pothole Dataset/img-267.txt,9c707dc230f77b9c8bc8caf40d04115efd724cb60937f3fa79ace359079414d1,720,720,4,0,,keep,human_visual_quality_approved
github_pothole::img-268,img-268.jpg,data/raw/v2/pothole_github/Pothole Dataset/img-268.jpg,data/raw/v2/pothole_github/Pothole Dataset/img-268.txt,ef4a3fa8777c43eade39f3b7d550943388b3b9aea1f9784b9a2aa1485c9311e1,720,720,1,0,,keep,human_visual_quality_approved
github_pothole::img-269,img-269.jpg,data/raw/v2/pothole_github/Pothole Dataset/img-269.jpg,data/raw/v2/pothole_github/Pothole Dataset/img-269.txt,743ea7abde51a73d5b629c5bef91bb1c95fb75cf166793059c8ef540eedcd8c1,720,720,2,0,,keep,human_visual_quality_approved
github_pothole::img-27,img-27.jpg,data/raw/v2/pothole_github/Pothole Dataset/img-27.jpg,data/raw/v2/pothole_github/Pothole Dataset/img-27.txt,659604fe98ac80b1b7f4b5d44d0dd6b5955d391cd6351e584fc2dd6e72a3fa0e,720,720,1,0,,keep,human_visual_quality_approved
github_pothole::img-270,img-270.jpg,data/raw/v2/pothole_github/Pothole Dataset/img-270.jpg,data/raw/v2/pothole_github/Pothole Dataset/img-270.txt,2e17009d41daa9c200c32ecba79f64e9cdefd00c17b51c2403963597e277a59c,720,720,2,0,,keep,human_visual_quality_approved
github_pothole::img-271,img-271.jpg,data/raw/v2/pothole_github/Pothole Dataset/img-271.jpg,data/raw/v2/pothole_github/Pothole Dataset/img-271.txt,857f0dbb8acdb18102444bae4b656934fabdba076be5d830793dca41f22080c1,720,720,1,0,,keep,human_visual_quality_approved
github_pothole::img-272,img-272.jpg,data/raw/v2/pothole_github/Pothole Dataset/img-272.jpg,data/raw/v2/pothole_github/Pothole Dataset/img-272.txt,c8ffd5e143d2f0e5bf739d4bf2edc8713e55fe4c98c591bbbc86fb5262fd46ae,720,720,2,0,,keep,human_visual_quality_approved
github_pothole::img-273,img-273.jpg,data/raw/v2/pothole_github/Pothole Dataset/img-273.jpg,data/raw/v2/pothole_github/Pothole Dataset/img-273.txt,884e7a5ea0579bdca6d4c60a1f070215271ceaa43575d39ecb501a8d0f07ea7c,720,720,2,0,,keep,human_visual_quality_approved
github_pothole::img-274,img-274.jpg,data/raw/v2/pothole_github/Pothole Dataset/img-274.jpg,data/raw/v2/pothole_github/Pothole Dataset/img-274.txt,1c5cd95e8489747b31c253867bf84534d23085489e8825d72a0224c8b5265970,720,720,3,0,,keep,human_visual_quality_approved
github_pothole::img-275,img-275.jpg,data/raw/v2/pothole_github/Pothole Dataset/img-275.jpg,data/raw/v2/pothole_github/Pothole Dataset/img-275.txt,ef3bb87bd8e719642c480abbfbd42dca5775d125d041e4341bfcc7a016f9b278,720,720,1,0,,keep,human_visual_quality_approved
github_pothole::img-276,img-276.jpg,data/raw/v2/pothole_github/Pothole Dataset/img-276.jpg,data/raw/v2/pothole_github/Pothole Dataset/img-276.txt,c49adff2fb0f0337002fe9e77ff012eb903c83e84ecc55582b819b18dca5d725,720,720,1,0,,keep,human_visual_quality_approved
github_pothole::img-277,img-277.jpg,data/raw/v2/pothole_github/Pothole Dataset/img-277.jpg,data/raw/v2/pothole_github/Pothole Dataset/img-277.txt,cc8b80e6053324fc4d80bbdc6194388ff933e22dd6497354913ece19b52d558b,720,720,1,0,,keep,human_visual_quality_approved
github_pothole::img-278,img-278.jpg,data/raw/v2/pothole_github/Pothole Dataset/img-278.jpg,data/raw/v2/pothole_github/Pothole Dataset/img-278.txt,24db20ab8e991f9376da94b5a17dcad090ef963be5c03aec14cdf031acef31de,720,720,2,0,,keep,human_visual_quality_approved
github_pothole::img-279,img-279.jpg,data/raw/v2/pothole_github/Pothole Dataset/img-279.jpg,data/raw/v2/pothole_github/Pothole Dataset/img-279.txt,02cee96b284e2f473d81027212f367dc10a1f932eab4cd2863a4cd50dbf99857,720,720,1,0,,keep,human_visual_quality_approved
github_pothole::img-28,img-28.jpg,data/raw/v2/pothole_github/Pothole Dataset/img-28.jpg,data/raw/v2/pothole_github/Pothole Dataset/img-28.txt,7aeece479ca8618232cea1c0e89d6497d3957c73aa837f2eb5b598a484accf50,720,720,4,0,,keep,human_visual_quality_approved
github_pothole::img-280,img-280.jpg,data/raw/v2/pothole_github/Pothole Dataset/img-280.jpg,data/raw/v2/pothole_github/Pothole Dataset/img-280.txt,879391341cdfd6e5e686c39216a9108783e4f9b92b5f2176a05fbe6fce20e36d,720,720,1,0,,keep,human_visual_quality_approved
github_pothole::img-281,img-281.jpg,data/raw/v2/pothole_github/Pothole Dataset/img-281.jpg,data/raw/v2/pothole_github/Pothole Dataset/img-281.txt,943f9fca042adecc13d7cf063ddb4499454ce7ac6360a123f59e5bf040be799a,720,720,1,0,,keep,human_visual_quality_approved
github_pothole::img-282,img-282.jpg,data/raw/v2/pothole_github/Pothole Dataset/img-282.jpg,data/raw/v2/pothole_github/Pothole Dataset/img-282.txt,af2b805fb3ab0510620bea51c938c39fdbff5b588c60b2c791301d944d4c2c89,720,720,2,0,,keep,human_visual_quality_approved
github_pothole::img-283,img-283.jpg,data/raw/v2/pothole_github/Pothole Dataset/img-283.jpg,data/raw/v2/pothole_github/Pothole Dataset/img-283.txt,341314b8bdb5ea6382184a49bc6620a51253430c775da60264da4dae4950360c,720,720,3,0,,keep,human_visual_quality_approved
github_pothole::img-284,img-284.jpg,data/raw/v2/pothole_github/Pothole Dataset/img-284.jpg,data/raw/v2/pothole_github/Pothole Dataset/img-284.txt,bcf10341d7239466aa07e7dd7c83c61be8a982fc5fb736e95e76c9c2165013bd,720,720,2,0,,keep,human_visual_quality_approved
github_pothole::img-285,img-285.jpg,data/raw/v2/pothole_github/Pothole Dataset/img-285.jpg,data/raw/v2/pothole_github/Pothole Dataset/img-285.txt,6d2b05ff8c322fce15f39404c4f5cbc59820ee65d173a1560c66b2a550e51c75,720,720,1,0,,keep,human_visual_quality_approved
github_pothole::img-286,img-286.jpg,data/raw/v2/pothole_github/Pothole Dataset/img-286.jpg,data/raw/v2/pothole_github/Pothole Dataset/img-286.txt,ad7348406bc31aaae5ec158a6d7fb22f609bfb72106e0b660d30b7fab29de17f,400,300,3,0,,keep,human_visual_quality_approved
github_pothole::img-287,img-287.jpg,data/raw/v2/pothole_github/Pothole Dataset/img-287.jpg,data/raw/v2/pothole_github/Pothole Dataset/img-287.txt,b5984eaa37f786d05ef1ab328b193b5f4c627da8ef5c0be460894cea583d1879,401,300,1,0,,keep,human_visual_quality_approved
github_pothole::img-288,img-288.jpg,data/raw/v2/pothole_github/Pothole Dataset/img-288.jpg,data/raw/v2/pothole_github/Pothole Dataset/img-288.txt,b37d9c6fd59d5736efcacd03db47e404f108a1364881e33228dbfd346dbb3ba8,533,300,5,0,,keep,human_visual_quality_approved
github_pothole::img-289,img-289.jpg,data/raw/v2/pothole_github/Pothole Dataset/img-289.jpg,data/raw/v2/pothole_github/Pothole Dataset/img-289.txt,b25b2057bf77b5afd77da9a5a40096674d2ea9dc5556e206607ac94ae7271195,300,442,1,0,,keep,human_visual_quality_approved
github_pothole::img-29,img-29.jpg,data/raw/v2/pothole_github/Pothole Dataset/img-29.jpg,data/raw/v2/pothole_github/Pothole Dataset/img-29.txt,c6f8fcdd6596949adba2da61c68d5ae4f190cc3308e2a7f7352150dfe970af6c,720,720,2,0,,keep,human_visual_quality_approved
github_pothole::img-290,img-290.jpg,data/raw/v2/pothole_github/Pothole Dataset/img-290.jpg,data/raw/v2/pothole_github/Pothole Dataset/img-290.txt,62c46762d532a633ed2dde5d59026ec41116b4c48ff0a0fe8fd7eaa21729833e,533,300,1,0,,keep,human_visual_quality_approved
github_pothole::img-291,img-291.jpg,data/raw/v2/pothole_github/Pothole Dataset/img-291.jpg,data/raw/v2/pothole_github/Pothole Dataset/img-291.txt,121163840225becc85d34f902f3a2ac5a3d7352c77ee5262362097ef3d58162a,536,300,1,0,,keep,human_visual_quality_approved
github_pothole::img-292,img-292.jpg,data/raw/v2/pothole_github/Pothole Dataset/img-292.jpg,data/raw/v2/pothole_github/Pothole Dataset/img-292.txt,862743ae54fd6c79acbd4092a2e02559a00e7b1ed2e3af5316da8db2d2831fe9,300,444,3,0,,keep,human_visual_quality_approved
github_pothole::img-293,img-293.jpg,data/raw/v2/pothole_github/Pothole Dataset/img-293.jpg,data/raw/v2/pothole_github/Pothole Dataset/img-293.txt,f286aee5516475a7c34e957e6678d6fb515ed0c84f0ab33c80112f4fd13c7061,400,300,4,0,,keep,human_visual_quality_approved
github_pothole::img-294,img-294.jpg,data/raw/v2/pothole_github/Pothole Dataset/img-294.jpg,data/raw/v2/pothole_github/Pothole Dataset/img-294.txt,211e21d91f9f8902429d7f9efdd620817f8bc2566727ff649ba6d872577b9dd3,534,300,4,0,,keep,human_visual_quality_approved
github_pothole::img-295,img-295.jpg,data/raw/v2/pothole_github/Pothole Dataset/img-295.jpg,data/raw/v2/pothole_github/Pothole Dataset/img-295.txt,318e92e4fdef25b77022d1c522d173a212942843135122d4ea17beb8b24e295b,533,300,1,0,,keep,human_visual_quality_approved
github_pothole::img-296,img-296.jpg,data/raw/v2/pothole_github/Pothole Dataset/img-296.jpg,data/raw/v2/pothole_github/Pothole Dataset/img-296.txt,45633ef244965238c5cda1441f1e9cef8a9392b76608b7842203fe214b432021,544,300,1,0,,keep,human_visual_quality_approved
github_pothole::img-297,img-297.jpg,data/raw/v2/pothole_github/Pothole Dataset/img-297.jpg,data/raw/v2/pothole_github/Pothole Dataset/img-297.txt,bb24fafd80701ad303aab5e801995d5ae7e108da7f40d64c656392e52e7e4ece,533,300,5,0,,keep,human_visual_quality_approved
github_pothole::img-298,img-298.jpg,data/raw/v2/pothole_github/Pothole Dataset/img-298.jpg,data/raw/v2/pothole_github/Pothole Dataset/img-298.txt,97d133c43c88197ce9cb312066aa0f95c54b4fc9af71f2e64028f090ae214fbe,449,300,2,0,,keep,human_visual_quality_approved
github_pothole::img-299,img-299.jpg,data/raw/v2/pothole_github/Pothole Dataset/img-299.jpg,data/raw/v2/pothole_github/Pothole Dataset/img-299.txt,7e65a814a7177334cf24ad1fcbd31b28824c3698d9da60029d93627810e010c2,453,300,3,0,,keep,human_visual_quality_approved
github_pothole::img-3,img-3.jpg,data/raw/v2/pothole_github/Pothole Dataset/img-3.jpg,data/raw/v2/pothole_github/Pothole Dataset/img-3.txt,159f33715cf36ed9f1d0a21bae7d8cb0014061fd22e2a5c3a0965dbf91440343,720,720,1,0,,keep,human_visual_quality_approved
github_pothole::img-30,img-30.jpg,data/raw/v2/pothole_github/Pothole Dataset/img-30.jpg,data/raw/v2/pothole_github/Pothole Dataset/img-30.txt,4c306840ea2bab1743e5d866667a05c6d24e3c132f890ae43c7916b75ef64951,720,720,3,0,,keep,human_visual_quality_approved
github_pothole::img-300,img-300.jpg,data/raw/v2/pothole_github/Pothole Dataset/img-300.jpg,data/raw/v2/pothole_github/Pothole Dataset/img-300.txt,95916f344f3f175e6a2102c54a88b93804eecdea9ed27e9dfb78c5571d796447,300,300,4,0,,keep,human_visual_quality_approved
github_pothole::img-301,img-301.jpg,data/raw/v2/pothole_github/Pothole Dataset/img-301.jpg,data/raw/v2/pothole_github/Pothole Dataset/img-301.txt,3fef5accf472914892b4fd7fb61465a33b61862b48e8603e9c22a48f526c4627,534,300,5,0,,keep,human_visual_quality_approved
github_pothole::img-302,img-302.jpg,data/raw/v2/pothole_github/Pothole Dataset/img-302.jpg,data/raw/v2/pothole_github/Pothole Dataset/img-302.txt,67b6edd07a799669570907909e6be8bfd3288bea041c1ab2e205b7d098a745db,400,300,1,0,,keep,human_visual_quality_approved
github_pothole::img-303,img-303.jpg,data/raw/v2/pothole_github/Pothole Dataset/img-303.jpg,data/raw/v2/pothole_github/Pothole Dataset/img-303.txt,46a7dd1aca2d810a48cedcd192499f0ee03922096c0be888b098143b32efb66b,456,300,2,0,,keep,human_visual_quality_approved
github_pothole::img-304,img-304.jpg,data/raw/v2/pothole_github/Pothole Dataset/img-304.jpg,data/raw/v2/pothole_github/Pothole Dataset/img-304.txt,22cdbb7256046be6844f19f2733d75d063b592842eae3e9e5f057514380d3f2a,503,300,2,0,,keep,human_visual_quality_approved
github_pothole::img-305,img-305.jpg,data/raw/v2/pothole_github/Pothole Dataset/img-305.jpg,data/raw/v2/pothole_github/Pothole Dataset/img-305.txt,badb43a051246fcbcad5851d080d1654534116d364b90ce9ad3fdce0b3070017,574,300,2,0,,keep,human_visual_quality_approved
github_pothole::img-306,img-306.jpg,data/raw/v2/pothole_github/Pothole Dataset/img-306.jpg,data/raw/v2/pothole_github/Pothole Dataset/img-306.txt,4818c4b046878f06a50a1b5aadffedcb27f56c1eab25eb9bb6e2e35227facd44,533,300,2,0,,keep,human_visual_quality_approved
github_pothole::img-307,img-307.jpg,data/raw/v2/pothole_github/Pothole Dataset/img-307.jpg,data/raw/v2/pothole_github/Pothole Dataset/img-307.txt,6becc465dfdb2b6ccc23f80e70a77afdb4c4712c6a5628f28eb30fa2dc01b3bf,571,300,1,0,,keep,human_visual_quality_approved
github_pothole::img-308,img-308.jpg,data/raw/v2/pothole_github/Pothole Dataset/img-308.jpg,data/raw/v2/pothole_github/Pothole Dataset/img-308.txt,d7f2e2263c2b6ac64ccc56fb9caa2757995646888a896c25c87fe1900d77a785,400,300,1,0,,keep,human_visual_quality_approved
github_pothole::img-309,img-309.jpg,data/raw/v2/pothole_github/Pothole Dataset/img-309.jpg,data/raw/v2/pothole_github/Pothole Dataset/img-309.txt,e06ca410125ae5f41df10c23260626049ba03cb8198ad8ce9d67a6e092214470,533,300,1,0,,keep,human_visual_quality_approved
github_pothole::img-31,img-31.jpg,data/raw/v2/pothole_github/Pothole Dataset/img-31.jpg,data/raw/v2/pothole_github/Pothole Dataset/img-31.txt,4937550477b05aa880ce4adc4104708e496d42eac86ef07bd254ae46ef292db9,720,720,1,0,,keep,human_visual_quality_approved
github_pothole::img-310,img-310.jpg,data/raw/v2/pothole_github/Pothole Dataset/img-310.jpg,data/raw/v2/pothole_github/Pothole Dataset/img-310.txt,e3ded105c8d174e40845a5530f91ae378ec2e78533a2b9cbfc6ff383769fad34,451,300,3,0,,keep,human_visual_quality_approved
github_pothole::img-311,img-311.jpg,data/raw/v2/pothole_github/Pothole Dataset/img-311.jpg,data/raw/v2/pothole_github/Pothole Dataset/img-311.txt,22252073050fcee64585911cd076abdc874bbb2ebbb98eafd3b844eb65379a7b,450,300,1,0,,keep,human_visual_quality_approved
github_pothole::img-312,img-312.jpg,data/raw/v2/pothole_github/Pothole Dataset/img-312.jpg,data/raw/v2/pothole_github/Pothole Dataset/img-312.txt,73817fcd1375d2c0d77c70710831482a6ee95cca932724c927d339089ebaca03,533,300,1,0,,keep,human_visual_quality_approved
github_pothole::img-313,img-313.jpg,data/raw/v2/pothole_github/Pothole Dataset/img-313.jpg,data/raw/v2/pothole_github/Pothole Dataset/img-313.txt,a463c5e90341ec2ece02dfecb43a864d22263d83e79841cf468863aed5cc5a59,400,300,2,0,,keep,human_visual_quality_approved
github_pothole::img-314,img-314.jpg,data/raw/v2/pothole_github/Pothole Dataset/img-314.jpg,data/raw/v2/pothole_github/Pothole Dataset/img-314.txt,21ebccb72b255e5becd69b81014cf1e9e03944471089f81b0e4ec04f355a0f99,450,300,1,0,,keep,human_visual_quality_approved
github_pothole::img-315,img-315.jpg,data/raw/v2/pothole_github/Pothole Dataset/img-315.jpg,data/raw/v2/pothole_github/Pothole Dataset/img-315.txt,2d2468e91d23348f646f480d825a84a38ccf6edf8fe138908dec6c8f7c238542,450,300,5,0,,keep,human_visual_quality_approved
github_pothole::img-316,img-316.jpg,data/raw/v2/pothole_github/Pothole Dataset/img-316.jpg,data/raw/v2/pothole_github/Pothole Dataset/img-316.txt,4d30f76ff6ce3aa8338f2d5e18f731dc7521b21f45150be634fb9359b377919e,458,300,1,0,,keep,human_visual_quality_approved
github_pothole::img-317,img-317.jpg,data/raw/v2/pothole_github/Pothole Dataset/img-317.jpg,data/raw/v2/pothole_github/Pothole Dataset/img-317.txt,a81cf4fde194f4439b5cf659d9e3bcc85bf9ad5ce605f25709d8d66177245867,450,300,1,0,,keep,human_visual_quality_approved
github_pothole::img-318,img-318.jpg,data/raw/v2/pothole_github/Pothole Dataset/img-318.jpg,data/raw/v2/pothole_github/Pothole Dataset/img-318.txt,7ff407ec47800bae5b62fde93f53082e2e286435968486ea1e167fb1e473e237,489,300,1,0,,keep,human_visual_quality_approved
github_pothole::img-319,img-319.jpg,data/raw/v2/pothole_github/Pothole Dataset/img-319.jpg,data/raw/v2/pothole_github/Pothole Dataset/img-319.txt,b335a2c3e5495eabcaaeb8632da3a56cd767e6f8388ad57b27d3fbd7f696415f,300,369,1,0,,keep,human_visual_quality_approved
github_pothole::img-32,img-32.jpg,data/raw/v2/pothole_github/Pothole Dataset/img-32.jpg,data/raw/v2/pothole_github/Pothole Dataset/img-32.txt,d530f0cebbbad533265bed0c05d1ec32578b3f0847184a89f998bc7ef2dc5d88,720,720,2,0,,keep,human_visual_quality_approved
github_pothole::img-320,img-320.jpg,data/raw/v2/pothole_github/Pothole Dataset/img-320.jpg,data/raw/v2/pothole_github/Pothole Dataset/img-320.txt,b427d2f9fda4c6405094eb75718fa28a7802a6e6c6b0dd618e340cafe3ac0c91,688,300,2,0,,keep,human_visual_quality_approved
github_pothole::img-321,img-321.jpg,data/raw/v2/pothole_github/Pothole Dataset/img-321.jpg,data/raw/v2/pothole_github/Pothole Dataset/img-321.txt,4f4e6991cc0043aebf1240060312371e98b77d98a7b4519ed0e9b8b52eec2f81,300,300,1,0,,keep,human_visual_quality_approved
github_pothole::img-322,img-322.jpg,data/raw/v2/pothole_github/Pothole Dataset/img-322.jpg,data/raw/v2/pothole_github/Pothole Dataset/img-322.txt,1f73cb785c2c03a33db55759c235034a51003a1354043eea1156e69be2564c78,453,300,1,0,,keep,human_visual_quality_approved
github_pothole::img-323,img-323.jpg,data/raw/v2/pothole_github/Pothole Dataset/img-323.jpg,data/raw/v2/pothole_github/Pothole Dataset/img-323.txt,cdea54e5f93dde6dc0d637b1b4b2c3fc7ceea884bb0bf9694816340c881e04fc,426,300,5,0,,keep,human_visual_quality_approved
github_pothole::img-324,img-324.jpg,data/raw/v2/pothole_github/Pothole Dataset/img-324.jpg,data/raw/v2/pothole_github/Pothole Dataset/img-324.txt,3d4d5feb840d3fcfdeffd7489af6957154558dc90df80861a2a317c6fd0dbe3c,450,300,1,0,,keep,human_visual_quality_approved
github_pothole::img-325,img-325.jpg,data/raw/v2/pothole_github/Pothole Dataset/img-325.jpg,data/raw/v2/pothole_github/Pothole Dataset/img-325.txt,4218650b1d2f460b40f2f1f455c23ff690a62313c53d05be9e67851ff408aa76,533,300,6,0,,keep,human_visual_quality_approved
github_pothole::img-326,img-326.jpg,data/raw/v2/pothole_github/Pothole Dataset/img-326.jpg,data/raw/v2/pothole_github/Pothole Dataset/img-326.txt,e82d359fd46bb4f7f8352a01dc22b7f77fcbcdb0d12fbe98f8cc590b18174e14,442,300,1,0,,keep,human_visual_quality_approved
github_pothole::img-327,img-327.jpg,data/raw/v2/pothole_github/Pothole Dataset/img-327.jpg,data/raw/v2/pothole_github/Pothole Dataset/img-327.txt,6fd39f291bcd477d5b1cdcda0a2497836b549b9410e3f0982e9aa4695a985730,600,300,2,0,,keep,human_visual_quality_approved
github_pothole::img-328,img-328.jpg,data/raw/v2/pothole_github/Pothole Dataset/img-328.jpg,data/raw/v2/pothole_github/Pothole Dataset/img-328.txt,fced07c5c90e3ab33a174eaaddcf9b103591363719f84b90347d872b8a7d165f,418,300,4,0,,keep,human_visual_quality_approved
github_pothole::img-329,img-329.jpg,data/raw/v2/pothole_github/Pothole Dataset/img-329.jpg,data/raw/v2/pothole_github/Pothole Dataset/img-329.txt,60e712a66756310004f0ce6170dc6877d0e5d09ba1a187e2db02b4f904234956,667,300,6,0,,keep,human_visual_quality_approved
github_pothole::img-33,img-33.jpg,data/raw/v2/pothole_github/Pothole Dataset/img-33.jpg,data/raw/v2/pothole_github/Pothole Dataset/img-33.txt,ddfd46513821d628a9dc3a985e615bb017a2b017978920cbe5ad52fcbbca65cb,720,720,2,0,,keep,human_visual_quality_approved
github_pothole::img-330,img-330.jpg,data/raw/v2/pothole_github/Pothole Dataset/img-330.jpg,data/raw/v2/pothole_github/Pothole Dataset/img-330.txt,87f2f8f7cbbc34841d915add70a3dcb1b77f609a767cf5d144e893725f7e189a,300,400,2,0,,keep,human_visual_quality_approved
github_pothole::img-331,img-331.jpg,data/raw/v2/pothole_github/Pothole Dataset/img-331.jpg,data/raw/v2/pothole_github/Pothole Dataset/img-331.txt,1611746b411bf37a62fff5f0af917962d67040273e8b0fa6c0aca7e2ade39ee2,366,300,13,0,,keep,human_visual_quality_approved
github_pothole::img-332,img-332.jpg,data/raw/v2/pothole_github/Pothole Dataset/img-332.jpg,data/raw/v2/pothole_github/Pothole Dataset/img-332.txt,31c9b9a82d73be0c31797e3348b59fe709ff27d770a9fe3aa38b8a115ab3637c,480,300,5,0,,keep,human_visual_quality_approved
github_pothole::img-333,img-333.jpg,data/raw/v2/pothole_github/Pothole Dataset/img-333.jpg,data/raw/v2/pothole_github/Pothole Dataset/img-333.txt,6c89afe8fc2baa8ad27ad141459eee4f8f080518f139cc93ece1aeb4a27aee25,451,300,4,0,,keep,human_visual_quality_approved
github_pothole::img-334,img-334.jpg,data/raw/v2/pothole_github/Pothole Dataset/img-334.jpg,data/raw/v2/pothole_github/Pothole Dataset/img-334.txt,80ac59baaa4f94b5e2f7be37769b09254a73469021c850fbebb94a1bb55e1af7,536,300,4,0,,keep,human_visual_quality_approved
github_pothole::img-335,img-335.jpg,data/raw/v2/pothole_github/Pothole Dataset/img-335.jpg,data/raw/v2/pothole_github/Pothole Dataset/img-335.txt,8b41feb4d1a9b322f6bfaf8db50c8a7f86ce2570b9315b993f391d785b1f8faa,400,300,5,0,,keep,human_visual_quality_approved
github_pothole::img-336,img-336.jpg,data/raw/v2/pothole_github/Pothole Dataset/img-336.jpg,data/raw/v2/pothole_github/Pothole Dataset/img-336.txt,87ba8d45935a7459e9cb9e764b3f771869b4bc849bf920070e349f4f9af8cb9e,300,403,3,0,,keep,human_visual_quality_approved
github_pothole::img-337,img-337.jpg,data/raw/v2/pothole_github/Pothole Dataset/img-337.jpg,data/raw/v2/pothole_github/Pothole Dataset/img-337.txt,164ca7e598b2a04dd175cf2a74fe87522e643e775507cfc3e75a9857c19a79e6,482,300,1,0,,keep,human_visual_quality_approved
github_pothole::img-338,img-338.jpg,data/raw/v2/pothole_github/Pothole Dataset/img-338.jpg,data/raw/v2/pothole_github/Pothole Dataset/img-338.txt,3e09774f9563f0bec8349dbdd53a430329c808dacf53583dfb8bbd0eade24838,400,300,1,0,,keep,human_visual_quality_approved
github_pothole::img-339,img-339.jpg,data/raw/v2/pothole_github/Pothole Dataset/img-339.jpg,data/raw/v2/pothole_github/Pothole Dataset/img-339.txt,bb03d48fcef0cfc1c91a207fc672ce1262ba553ab16ca97ea727fafad6c85ca8,553,300,1,0,,keep,human_visual_quality_approved
github_pothole::img-34,img-34.jpg,data/raw/v2/pothole_github/Pothole Dataset/img-34.jpg,data/raw/v2/pothole_github/Pothole Dataset/img-34.txt,1e2217a9109d130c419e39727763fdbc0376b277f18b750e6433d8db10420ef7,720,720,1,0,,keep,human_visual_quality_approved
github_pothole::img-340,img-340.jpg,data/raw/v2/pothole_github/Pothole Dataset/img-340.jpg,data/raw/v2/pothole_github/Pothole Dataset/img-340.txt,445e82dab568a79ae49facf152e4b63247adef5d5edb8d493f1c608317243a22,450,300,2,0,,keep,human_visual_quality_approved
github_pothole::img-341,img-341.jpg,data/raw/v2/pothole_github/Pothole Dataset/img-341.jpg,data/raw/v2/pothole_github/Pothole Dataset/img-341.txt,0d099117b06cff18d9c0fcc37cbb9b9a1868ab5b97dc75fffc5dd6ff90cf5cd8,453,300,3,0,,keep,human_visual_quality_approved
github_pothole::img-342,img-342.jpg,data/raw/v2/pothole_github/Pothole Dataset/img-342.jpg,data/raw/v2/pothole_github/Pothole Dataset/img-342.txt,2293f0a0b20f5b758b7976f7ab5b770d6c9fd5358f5b2e09842d9fdba458ef7e,450,300,1,0,,keep,human_visual_quality_approved
github_pothole::img-343,img-343.jpg,data/raw/v2/pothole_github/Pothole Dataset/img-343.jpg,data/raw/v2/pothole_github/Pothole Dataset/img-343.txt,2a8a6c0a1fd9ee5501a5fd8dce082bee62fea5c0877748d64b91d065e5fc30ef,540,300,1,0,,keep,human_visual_quality_approved
github_pothole::img-344,img-344.jpg,data/raw/v2/pothole_github/Pothole Dataset/img-344.jpg,data/raw/v2/pothole_github/Pothole Dataset/img-344.txt,8d5904550894f11d5f37675c96c9b7cbe03fc1812e1a9926a8d3ffc6d6c936f1,449,300,5,0,,keep,human_visual_quality_approved
github_pothole::img-345,img-345.jpg,data/raw/v2/pothole_github/Pothole Dataset/img-345.jpg,data/raw/v2/pothole_github/Pothole Dataset/img-345.txt,0dc97d6151ea20204b68f69560019c6d4f24a670ef32a038fa533a131f831614,514,300,2,0,,keep,human_visual_quality_approved
github_pothole::img-346,img-346.jpg,data/raw/v2/pothole_github/Pothole Dataset/img-346.jpg,data/raw/v2/pothole_github/Pothole Dataset/img-346.txt,77bde6864a4f1661ba63ec00486bf0516aeab17f824733b534144d5bd0b21171,345,300,4,0,,keep,human_visual_quality_approved
github_pothole::img-347,img-347.jpg,data/raw/v2/pothole_github/Pothole Dataset/img-347.jpg,data/raw/v2/pothole_github/Pothole Dataset/img-347.txt,e6f9e7457d3d4a0968bf63aeacb288f70ebbb115afa19f1700bb7563487cf52e,400,300,1,0,,keep,human_visual_quality_approved
github_pothole::img-348,img-348.jpg,data/raw/v2/pothole_github/Pothole Dataset/img-348.jpg,data/raw/v2/pothole_github/Pothole Dataset/img-348.txt,53b2ec0d5b7804939d2389de2f74487983f644f087bcef456b2f27ee1853eae6,362,300,1,0,,keep,human_visual_quality_approved
github_pothole::img-349,img-349.jpg,data/raw/v2/pothole_github/Pothole Dataset/img-349.jpg,data/raw/v2/pothole_github/Pothole Dataset/img-349.txt,7445f7fbdac0fa557c74b24bc67a99590fb34b140dae9cc85b799054b628d80c,452,300,6,0,,keep,human_visual_quality_approved
github_pothole::img-35,img-35.jpg,data/raw/v2/pothole_github/Pothole Dataset/img-35.jpg,data/raw/v2/pothole_github/Pothole Dataset/img-35.txt,4a71f02bab33a19cabafa29ce137a0d480f246583ba6dc1ab01d0b14c45602c6,720,720,1,0,,keep,human_visual_quality_approved
github_pothole::img-350,img-350.jpg,data/raw/v2/pothole_github/Pothole Dataset/img-350.jpg,data/raw/v2/pothole_github/Pothole Dataset/img-350.txt,4d723feca0c75d55dfad8cb7984c3111595f00f9960a135fefd26708cba54a10,452,300,5,0,,keep,human_visual_quality_approved
github_pothole::img-351,img-351.jpg,data/raw/v2/pothole_github/Pothole Dataset/img-351.jpg,data/raw/v2/pothole_github/Pothole Dataset/img-351.txt,877ed45dea7c7d72675c0c179fe7fc1edcf0db4c3ade2312f32a78930b7ca255,533,300,1,0,,keep,human_visual_quality_approved
github_pothole::img-352,img-352.jpg,data/raw/v2/pothole_github/Pothole Dataset/img-352.jpg,data/raw/v2/pothole_github/Pothole Dataset/img-352.txt,34d8fd0e72c5778b95dbfd4ffa46e2dbb72a4fe04b0de00d083a88ad4ab0752b,400,300,2,0,,keep,human_visual_quality_approved
github_pothole::img-353,img-353.jpg,data/raw/v2/pothole_github/Pothole Dataset/img-353.jpg,data/raw/v2/pothole_github/Pothole Dataset/img-353.txt,ee8c4e0f6e56ab464d7406ff9e04628d204a604a813e2b3f42550a5f24958eae,400,300,3,0,,keep,human_visual_quality_approved
github_pothole::img-354,img-354.jpg,data/raw/v2/pothole_github/Pothole Dataset/img-354.jpg,data/raw/v2/pothole_github/Pothole Dataset/img-354.txt,a76ba33b4cc3e63c3e474e3ad28a7fccc498852bbce8a6ef2e0dd6aae097533a,400,300,5,0,,keep,human_visual_quality_approved
github_pothole::img-355,img-355.jpg,data/raw/v2/pothole_github/Pothole Dataset/img-355.jpg,data/raw/v2/pothole_github/Pothole Dataset/img-355.txt,f5ccad19cde65ce796c743a747c0c89c6c2ae03d7845781eb1e41cf0bc1bbb30,300,400,1,0,,keep,human_visual_quality_approved
github_pothole::img-356,img-356.jpg,data/raw/v2/pothole_github/Pothole Dataset/img-356.jpg,data/raw/v2/pothole_github/Pothole Dataset/img-356.txt,3b1a6064ffa412d2acd235a6671150a26a5286ae053914463943265363a7b1bf,533,300,1,0,,keep,human_visual_quality_approved
github_pothole::img-357,img-357.jpg,data/raw/v2/pothole_github/Pothole Dataset/img-357.jpg,data/raw/v2/pothole_github/Pothole Dataset/img-357.txt,929b595fd10b8e6f11e672dee15d5d398fd6606ee19d7c27c2afd59ce491ee05,453,300,1,0,,keep,human_visual_quality_approved
github_pothole::img-358,img-358.jpg,data/raw/v2/pothole_github/Pothole Dataset/img-358.jpg,data/raw/v2/pothole_github/Pothole Dataset/img-358.txt,d491e2d5e79478d0662c38a3e481cb9e7e2c821e8ddfbf26645b310b67366d4a,400,300,2,0,,keep,human_visual_quality_approved
github_pothole::img-359,img-359.jpg,data/raw/v2/pothole_github/Pothole Dataset/img-359.jpg,data/raw/v2/pothole_github/Pothole Dataset/img-359.txt,2e753fbe669f17d863799bead00208d3d3a7a2dd5050f86d01b4b3ce16c26d03,450,300,3,0,,keep,human_visual_quality_approved
github_pothole::img-36,img-36.jpg,data/raw/v2/pothole_github/Pothole Dataset/img-36.jpg,data/raw/v2/pothole_github/Pothole Dataset/img-36.txt,dc749a3b1c77d8196b5818a330767e54077219c1364ec12d0476ac65e17c538c,720,720,1,0,,keep,human_visual_quality_approved
github_pothole::img-360,img-360.jpg,data/raw/v2/pothole_github/Pothole Dataset/img-360.jpg,data/raw/v2/pothole_github/Pothole Dataset/img-360.txt,accf7a6583f192309808b60c204a268a83614da63c6496651f4d55d7d6710177,300,442,7,0,,keep,human_visual_quality_approved
github_pothole::img-361,img-361.jpg,data/raw/v2/pothole_github/Pothole Dataset/img-361.jpg,data/raw/v2/pothole_github/Pothole Dataset/img-361.txt,bdd4288745ee0d0810d4386df77f470339279ec325c736eaa5a8281a7d3d3cab,533,300,1,0,,keep,human_visual_quality_approved
github_pothole::img-362,img-362.jpg,data/raw/v2/pothole_github/Pothole Dataset/img-362.jpg,data/raw/v2/pothole_github/Pothole Dataset/img-362.txt,65ef33148eb26fb3855e20d11a5825ac348965cd1ef4d3cb80948790b57ee8b8,480,300,2,0,,keep,human_visual_quality_approved
github_pothole::img-363,img-363.jpg,data/raw/v2/pothole_github/Pothole Dataset/img-363.jpg,data/raw/v2/pothole_github/Pothole Dataset/img-363.txt,fb8eb4eda457773e45b20e3bf0991e23ee157a0faa26b39d8346d6a0bce03cb6,300,400,1,0,,keep,human_visual_quality_approved
github_pothole::img-364,img-364.jpg,data/raw/v2/pothole_github/Pothole Dataset/img-364.jpg,data/raw/v2/pothole_github/Pothole Dataset/img-364.txt,be3cd01a85bb75ce49e88388ed06f9631d16eb620611c736289b90caf5ff5d82,451,300,1,0,,keep,human_visual_quality_approved
github_pothole::img-365,img-365.jpg,data/raw/v2/pothole_github/Pothole Dataset/img-365.jpg,data/raw/v2/pothole_github/Pothole Dataset/img-365.txt,1ca1e3dc58094554dab4faeef0e053618d4990dc678d6448b0d56e1c9006ccd9,571,300,4,0,,keep,human_visual_quality_approved
github_pothole::img-366,img-366.jpg,data/raw/v2/pothole_github/Pothole Dataset/img-366.jpg,data/raw/v2/pothole_github/Pothole Dataset/img-366.txt,cfdefa96a3e254d94af8e700b2f463d8a61f92421626599d2974df90cdfa5d9b,462,300,1,0,,keep,human_visual_quality_approved
github_pothole::img-367,img-367.jpg,data/raw/v2/pothole_github/Pothole Dataset/img-367.jpg,data/raw/v2/pothole_github/Pothole Dataset/img-367.txt,262be533dbe6956cd962d3c0dfba512f4249ccc55eeb5ed92770172115c4c0b4,449,300,1,0,,keep,human_visual_quality_approved
github_pothole::img-368,img-368.jpg,data/raw/v2/pothole_github/Pothole Dataset/img-368.jpg,data/raw/v2/pothole_github/Pothole Dataset/img-368.txt,061d7eb946d2c10965eb3317e2b69230d2ef6b59fc23e695456825d253b32afd,533,300,5,0,,keep,human_visual_quality_approved
github_pothole::img-369,img-369.jpg,data/raw/v2/pothole_github/Pothole Dataset/img-369.jpg,data/raw/v2/pothole_github/Pothole Dataset/img-369.txt,b15871ce2711154e02aa738750ffc1f7411a0ccb7a9561bfd12ea9aa0dea2a07,533,300,1,0,,keep,human_visual_quality_approved
github_pothole::img-37,img-37.jpg,data/raw/v2/pothole_github/Pothole Dataset/img-37.jpg,data/raw/v2/pothole_github/Pothole Dataset/img-37.txt,706fa169ca6462174720224a03d5ac7e18e1585b36bf195f38e0fa1ac954a38a,720,720,3,0,,keep,human_visual_quality_approved
github_pothole::img-370,img-370.jpg,data/raw/v2/pothole_github/Pothole Dataset/img-370.jpg,data/raw/v2/pothole_github/Pothole Dataset/img-370.txt,916d776b2c61e2d9be821c36fb3b40347711949a804a5a7798713d5ed0789198,695,300,1,0,,keep,human_visual_quality_approved
github_pothole::img-371,img-371.jpg,data/raw/v2/pothole_github/Pothole Dataset/img-371.jpg,data/raw/v2/pothole_github/Pothole Dataset/img-371.txt,64b6f9b367fbc9f51c9297caef480216460468f894f1fa56aa7197877831220d,600,300,1,0,,keep,human_visual_quality_approved
github_pothole::img-372,img-372.jpg,data/raw/v2/pothole_github/Pothole Dataset/img-372.jpg,data/raw/v2/pothole_github/Pothole Dataset/img-372.txt,b8e428f3b2b3b926bc1c6d7c05e8253e84f56dc3e51b86502c64683fb551ef40,479,300,1,0,,keep,human_visual_quality_approved
github_pothole::img-373,img-373.jpg,data/raw/v2/pothole_github/Pothole Dataset/img-373.jpg,data/raw/v2/pothole_github/Pothole Dataset/img-373.txt,9e84ca39e1c353d581db72e0303f5a65a9b3eb3ae9d6ab1f03904f87c3d61791,450,300,1,0,,keep,human_visual_quality_approved
github_pothole::img-374,img-374.jpg,data/raw/v2/pothole_github/Pothole Dataset/img-374.jpg,data/raw/v2/pothole_github/Pothole Dataset/img-374.txt,c8af9032fc9aedebc3897eda1d1438fa0cad2889d25e8334de6b192b0c943070,383,300,3,0,,keep,human_visual_quality_approved
github_pothole::img-375,img-375.jpg,data/raw/v2/pothole_github/Pothole Dataset/img-375.jpg,data/raw/v2/pothole_github/Pothole Dataset/img-375.txt,c471c548a2116c303a4914036530e748077ac69cd875d2e6035b2af84156d1e9,450,300,2,0,,keep,human_visual_quality_approved
github_pothole::img-376,img-376.jpg,data/raw/v2/pothole_github/Pothole Dataset/img-376.jpg,data/raw/v2/pothole_github/Pothole Dataset/img-376.txt,6f1ed515a16db43bc12e8abbd7656bc526d27c789885dba01ee132c991dd09d4,530,300,2,0,,keep,human_visual_quality_approved
github_pothole::img-377,img-377.jpg,data/raw/v2/pothole_github/Pothole Dataset/img-377.jpg,data/raw/v2/pothole_github/Pothole Dataset/img-377.txt,fc056d6772a5bc62684b5790fc28d8f001646c27e99a3a66257d0f63115e84d6,534,300,2,0,,keep,human_visual_quality_approved
github_pothole::img-378,img-378.jpg,data/raw/v2/pothole_github/Pothole Dataset/img-378.jpg,data/raw/v2/pothole_github/Pothole Dataset/img-378.txt,2c60d207e82e1e8114366ca97842d47c60a229da6b3307521f51110b548001df,400,300,1,0,,keep,human_visual_quality_approved
github_pothole::img-379,img-379.jpg,data/raw/v2/pothole_github/Pothole Dataset/img-379.jpg,data/raw/v2/pothole_github/Pothole Dataset/img-379.txt,380079d03a406b38e2d7f9e284605e487f535db935bf29a6da2cfc93aa7dfa31,425,300,1,0,,keep,human_visual_quality_approved
github_pothole::img-38,img-38.jpg,data/raw/v2/pothole_github/Pothole Dataset/img-38.jpg,data/raw/v2/pothole_github/Pothole Dataset/img-38.txt,e661f01aed25af02fdf09676444368a080660fd1a9a0762237077c1d24568261,720,720,2,0,,keep,human_visual_quality_approved
github_pothole::img-380,img-380.jpg,data/raw/v2/pothole_github/Pothole Dataset/img-380.jpg,data/raw/v2/pothole_github/Pothole Dataset/img-380.txt,84b97c417cb765240ba62315513fe90bcfdd6dbd00293fc190611d5c6455745c,450,300,1,0,,keep,human_visual_quality_approved
github_pothole::img-381,img-381.jpg,data/raw/v2/pothole_github/Pothole Dataset/img-381.jpg,data/raw/v2/pothole_github/Pothole Dataset/img-381.txt,f00a50ba24417b7ccc38ab79af9166d4953eff6ba9ac1baea545827facbf40eb,300,400,1,0,,keep,human_visual_quality_approved
github_pothole::img-382,img-382.jpg,data/raw/v2/pothole_github/Pothole Dataset/img-382.jpg,data/raw/v2/pothole_github/Pothole Dataset/img-382.txt,f9f95b456c648ea4cdb1b5141678436e7c457ffed6dd191b3ab27c1f880b566e,451,300,3,0,,keep,human_visual_quality_approved
github_pothole::img-383,img-383.jpg,data/raw/v2/pothole_github/Pothole Dataset/img-383.jpg,data/raw/v2/pothole_github/Pothole Dataset/img-383.txt,5701447e168d521ba2a892ee299d384c3daa4136169f7241d2bb6b0b91f98555,425,300,7,0,,keep,human_visual_quality_approved
github_pothole::img-384,img-384.jpg,data/raw/v2/pothole_github/Pothole Dataset/img-384.jpg,data/raw/v2/pothole_github/Pothole Dataset/img-384.txt,7f87318fdf0bdfdd5f0ddbbca6e0c8ed9d4ce1d4019a92240be642de4d0cf991,402,300,2,0,,keep,human_visual_quality_approved
github_pothole::img-385,img-385.jpg,data/raw/v2/pothole_github/Pothole Dataset/img-385.jpg,data/raw/v2/pothole_github/Pothole Dataset/img-385.txt,feae4cabfef94023d9d967b1f5c6f2906ca368d0737dffff44fc08a675feb39e,457,300,1,0,,keep,human_visual_quality_approved
github_pothole::img-386,img-386.jpg,data/raw/v2/pothole_github/Pothole Dataset/img-386.jpg,data/raw/v2/pothole_github/Pothole Dataset/img-386.txt,7850ac775d69181df62a63103e17316191740bc7fc0d330d474f41f40b5818c4,494,300,1,0,,keep,human_visual_quality_approved
github_pothole::img-387,img-387.jpg,data/raw/v2/pothole_github/Pothole Dataset/img-387.jpg,data/raw/v2/pothole_github/Pothole Dataset/img-387.txt,cdd765bb4d16bc05e50bb81aba921eb85f75871266b137e46ac4e24742a2faba,401,300,2,0,,keep,human_visual_quality_approved
github_pothole::img-388,img-388.jpg,data/raw/v2/pothole_github/Pothole Dataset/img-388.jpg,data/raw/v2/pothole_github/Pothole Dataset/img-388.txt,04b25137e0e7c91bec72b22942d752d426410b97f90a8db2cc500bc4bd186bad,400,300,2,0,,keep,human_visual_quality_approved
github_pothole::img-389,img-389.jpg,data/raw/v2/pothole_github/Pothole Dataset/img-389.jpg,data/raw/v2/pothole_github/Pothole Dataset/img-389.txt,29349abefbd94ac8cda37793a04f3c37257223fc14bf3c952dd4b39242f6b1bc,480,300,5,0,,keep,human_visual_quality_approved
github_pothole::img-39,img-39.jpg,data/raw/v2/pothole_github/Pothole Dataset/img-39.jpg,data/raw/v2/pothole_github/Pothole Dataset/img-39.txt,5ed91bdd1a7bc8ba21187a68765bc9ab450a33d174cdb8f5a49bd903bb5adf3c,720,720,1,0,,keep,human_visual_quality_approved
github_pothole::img-390,img-390.jpg,data/raw/v2/pothole_github/Pothole Dataset/img-390.jpg,data/raw/v2/pothole_github/Pothole Dataset/img-390.txt,e475c68ab9816e8858799b85431e51227d034ff84ec211dca812d3d5a9810ec0,300,400,1,0,,keep,human_visual_quality_approved
github_pothole::img-391,img-391.jpg,data/raw/v2/pothole_github/Pothole Dataset/img-391.jpg,data/raw/v2/pothole_github/Pothole Dataset/img-391.txt,e545824eaf9698687204d76cb8993bc0631dc2046b4638befa5d3ce525f1d13e,400,300,5,0,,keep,human_visual_quality_approved
github_pothole::img-392,img-392.jpg,data/raw/v2/pothole_github/Pothole Dataset/img-392.jpg,data/raw/v2/pothole_github/Pothole Dataset/img-392.txt,98378df4fecf00a47bd82df2a4291b82a034c0820783b9579059bfc94eb8531d,449,300,2,0,,keep,human_visual_quality_approved
github_pothole::img-393,img-393.jpg,data/raw/v2/pothole_github/Pothole Dataset/img-393.jpg,data/raw/v2/pothole_github/Pothole Dataset/img-393.txt,50fb0f2d77ce89a5f7efcba3459d3a63ceca313a135ee424471fcbfc641fce48,450,300,2,0,,keep,human_visual_quality_approved
github_pothole::img-394,img-394.jpg,data/raw/v2/pothole_github/Pothole Dataset/img-394.jpg,data/raw/v2/pothole_github/Pothole Dataset/img-394.txt,20c9d87558e6a5bc802771e3675ab0bace4db5614f3ed9fc0dc85441db4d1ed6,450,300,2,0,,keep,human_visual_quality_approved
github_pothole::img-395,img-395.jpg,data/raw/v2/pothole_github/Pothole Dataset/img-395.jpg,data/raw/v2/pothole_github/Pothole Dataset/img-395.txt,c8cfb465f6551540c2ce3cab157c81d2d5901395d2beb80bbadcda1c8376caf4,451,300,3,0,,keep,human_visual_quality_approved
github_pothole::img-396,img-396.jpg,data/raw/v2/pothole_github/Pothole Dataset/img-396.jpg,data/raw/v2/pothole_github/Pothole Dataset/img-396.txt,634ef66e5796e0d62750b41c4c41a0aa114dc483629c8bea21a202dee2ea01ca,533,300,1,0,,keep,human_visual_quality_approved
github_pothole::img-397,img-397.jpg,data/raw/v2/pothole_github/Pothole Dataset/img-397.jpg,data/raw/v2/pothole_github/Pothole Dataset/img-397.txt,fe27d60c2115431cd8ab94850adffb12b3d7d5a90d3d18ae63a699642fde963a,533,300,3,0,,keep,human_visual_quality_approved
github_pothole::img-398,img-398.jpg,data/raw/v2/pothole_github/Pothole Dataset/img-398.jpg,data/raw/v2/pothole_github/Pothole Dataset/img-398.txt,bdf90d2173c49b7b3a1135d6125254ff8399209f4d7214ed19aa1e4fb16d25c3,684,300,1,0,,keep,human_visual_quality_approved
github_pothole::img-399,img-399.jpg,data/raw/v2/pothole_github/Pothole Dataset/img-399.jpg,data/raw/v2/pothole_github/Pothole Dataset/img-399.txt,656260d1d2c094b87a31c603e7f94f5efc6c116d71968efa708ef623be8ff577,447,300,14,0,,keep,human_visual_quality_approved
github_pothole::img-4,img-4.jpg,data/raw/v2/pothole_github/Pothole Dataset/img-4.jpg,data/raw/v2/pothole_github/Pothole Dataset/img-4.txt,987517abe12477851ceea5ec0c2dcb19a02a7385a2d0ea5ed23960ec7a01878c,720,720,1,0,,keep,human_visual_quality_approved
github_pothole::img-40,img-40.jpg,data/raw/v2/pothole_github/Pothole Dataset/img-40.jpg,data/raw/v2/pothole_github/Pothole Dataset/img-40.txt,28221d4c92ce3dfe5b27459ba8524c0f75b7e312da3eb660f8f45866e1a62931,720,720,1,0,,keep,human_visual_quality_approved
github_pothole::img-400,img-400.jpg,data/raw/v2/pothole_github/Pothole Dataset/img-400.jpg,data/raw/v2/pothole_github/Pothole Dataset/img-400.txt,ccc8fb99bf7946f78c16750abe1a3b2965a7940ec430896c1c8bdc5409cefb2e,533,300,1,0,,keep,human_visual_quality_approved
github_pothole::img-401,img-401.jpg,data/raw/v2/pothole_github/Pothole Dataset/img-401.jpg,data/raw/v2/pothole_github/Pothole Dataset/img-401.txt,35d6b32814072965385b0ae2e3a5663a04ef4dc295c795100234998e2addfb45,533,300,1,0,,keep,human_visual_quality_approved
github_pothole::img-402,img-402.jpg,data/raw/v2/pothole_github/Pothole Dataset/img-402.jpg,data/raw/v2/pothole_github/Pothole Dataset/img-402.txt,f2f83d49c1bacf4bbbded025dc2fee1f5bedcc709327f6f6d9ba98b4c2bff731,449,300,1,0,,keep,human_visual_quality_approved
github_pothole::img-403,img-403.jpg,data/raw/v2/pothole_github/Pothole Dataset/img-403.jpg,data/raw/v2/pothole_github/Pothole Dataset/img-403.txt,e3eae7f5cb2bf2cc16a0145769f669e8c37569a1505e2e10ca0daeab077a045a,527,300,1,0,,keep,human_visual_quality_approved
github_pothole::img-404,img-404.jpg,data/raw/v2/pothole_github/Pothole Dataset/img-404.jpg,data/raw/v2/pothole_github/Pothole Dataset/img-404.txt,7303c7bff4e1542ce9b7e770d63c6b8a5bab7bbff73e80bd1d822b0ff5a7fee4,467,300,3,0,,keep,human_visual_quality_approved
github_pothole::img-405,img-405.jpg,data/raw/v2/pothole_github/Pothole Dataset/img-405.jpg,data/raw/v2/pothole_github/Pothole Dataset/img-405.txt,fd04d7ca4c5f38d53235bed8d11e8772727228a8b7a0d4fb37c8bbe25944ebd0,400,300,8,0,,keep,human_visual_quality_approved
github_pothole::img-406,img-406.jpg,data/raw/v2/pothole_github/Pothole Dataset/img-406.jpg,data/raw/v2/pothole_github/Pothole Dataset/img-406.txt,8a26ae572e4c66e39b8b96b3ccf3df9eb51c4c2a7d6d3bf60ba06b1257b46004,454,300,1,0,,keep,human_visual_quality_approved
github_pothole::img-407,img-407.jpg,data/raw/v2/pothole_github/Pothole Dataset/img-407.jpg,data/raw/v2/pothole_github/Pothole Dataset/img-407.txt,c742a52788dd8ce56f9a44935d68e2d7f6693327c0123c2c9e17373dfad60f6e,400,300,9,0,,keep,human_visual_quality_approved
github_pothole::img-408,img-408.jpg,data/raw/v2/pothole_github/Pothole Dataset/img-408.jpg,data/raw/v2/pothole_github/Pothole Dataset/img-408.txt,37a27f26ac52bcb1ba14a64086ac00f7da6679a001b57172919da6187ebfc0c9,450,300,3,0,,keep,human_visual_quality_approved
github_pothole::img-409,img-409.jpg,data/raw/v2/pothole_github/Pothole Dataset/img-409.jpg,data/raw/v2/pothole_github/Pothole Dataset/img-409.txt,c728ace3108b1a14fb2d986606a9db26c5fad60be2b0472f653d7950f3c4301a,455,300,3,0,,keep,human_visual_quality_approved
github_pothole::img-41,img-41.jpg,data/raw/v2/pothole_github/Pothole Dataset/img-41.jpg,data/raw/v2/pothole_github/Pothole Dataset/img-41.txt,aa8176220c0ebd02c1d9eb7edaf46585390f4e5f8cd91da4c741104c66047da3,720,720,2,0,,keep,human_visual_quality_approved
github_pothole::img-410,img-410.jpg,data/raw/v2/pothole_github/Pothole Dataset/img-410.jpg,data/raw/v2/pothole_github/Pothole Dataset/img-410.txt,3a2357fee41e4230f076c1471765259e26dec1aafde3df6ee4c49d25bf0490ca,400,300,1,0,,keep,human_visual_quality_approved
github_pothole::img-411,img-411.jpg,data/raw/v2/pothole_github/Pothole Dataset/img-411.jpg,data/raw/v2/pothole_github/Pothole Dataset/img-411.txt,4ad43d4b8b27f00c6c5426ae61122bdc6a82de1908bc319af234071b4a5d4ec1,442,300,13,0,,keep,human_visual_quality_approved
github_pothole::img-412,img-412.jpg,data/raw/v2/pothole_github/Pothole Dataset/img-412.jpg,data/raw/v2/pothole_github/Pothole Dataset/img-412.txt,1f6d0a3f9ddd68261a64dde6e5111740cacc9b56f1173ca8bc72b1e9b80dc9c1,450,300,2,0,,keep,human_visual_quality_approved
github_pothole::img-413,img-413.jpg,data/raw/v2/pothole_github/Pothole Dataset/img-413.jpg,data/raw/v2/pothole_github/Pothole Dataset/img-413.txt,6bed280288fad96c1613aee7996abd214a476cb2cec0a8779d93986036a48704,533,300,3,0,,keep,human_visual_quality_approved
github_pothole::img-414,img-414.jpg,data/raw/v2/pothole_github/Pothole Dataset/img-414.jpg,data/raw/v2/pothole_github/Pothole Dataset/img-414.txt,8567757905a08c64dda8efaa6aa4468b8d47c9197ac7d16b07c84404b978bcfa,439,300,1,0,,keep,human_visual_quality_approved
github_pothole::img-415,img-415.jpg,data/raw/v2/pothole_github/Pothole Dataset/img-415.jpg,data/raw/v2/pothole_github/Pothole Dataset/img-415.txt,49826fef9bc0cde4aa32302afa81b7e2c38ebc927f6e3c98ee5d338e8e059e38,400,300,2,1,,keep,human_visual_quality_approved
github_pothole::img-416,img-416.jpg,data/raw/v2/pothole_github/Pothole Dataset/img-416.jpg,data/raw/v2/pothole_github/Pothole Dataset/img-416.txt,2be0e3775360d8e19eb54cf9337ebc74c1f71a8641e7fdd319501185b23cf5a7,461,300,2,0,,keep,human_visual_quality_approved
github_pothole::img-417,img-417.jpg,data/raw/v2/pothole_github/Pothole Dataset/img-417.jpg,data/raw/v2/pothole_github/Pothole Dataset/img-417.txt,f0ec9596df0376482d6a6b6ce0c0abf7f18049ef98fe3bc6c038e4a9e08bbb7f,480,300,1,0,,keep,human_visual_quality_approved
github_pothole::img-418,img-418.jpg,data/raw/v2/pothole_github/Pothole Dataset/img-418.jpg,data/raw/v2/pothole_github/Pothole Dataset/img-418.txt,8cefa4608dd7bd8f7c3dabdc776f376c8f88ffaddabfdbecf1dccbea0366e73c,450,300,7,0,,keep,human_visual_quality_approved
github_pothole::img-419,img-419.jpg,data/raw/v2/pothole_github/Pothole Dataset/img-419.jpg,data/raw/v2/pothole_github/Pothole Dataset/img-419.txt,5c923167ec84fea9b76cbd2d3873b37abf9736cefae92c352e17badd102e1cef,451,300,2,0,,keep,human_visual_quality_approved
github_pothole::img-42,img-42.jpg,data/raw/v2/pothole_github/Pothole Dataset/img-42.jpg,data/raw/v2/pothole_github/Pothole Dataset/img-42.txt,4457ecf8d9e1902c768949bd35544c18ebef57a9575b5ec46950b3d12692bd40,720,720,2,0,,keep,human_visual_quality_approved
github_pothole::img-420,img-420.jpg,data/raw/v2/pothole_github/Pothole Dataset/img-420.jpg,data/raw/v2/pothole_github/Pothole Dataset/img-420.txt,99614bbf01323745b3ed99960ee49dae00c443230ce4dab9f901d60efce881d0,450,300,1,0,,keep,human_visual_quality_approved
github_pothole::img-421,img-421.jpg,data/raw/v2/pothole_github/Pothole Dataset/img-421.jpg,data/raw/v2/pothole_github/Pothole Dataset/img-421.txt,a7c4d1249a52c69ae836fcc6435839ce1efaf5c3957ec1743e23d58773a8fdf9,533,300,4,0,,keep,human_visual_quality_approved
github_pothole::img-422,img-422.jpg,data/raw/v2/pothole_github/Pothole Dataset/img-422.jpg,data/raw/v2/pothole_github/Pothole Dataset/img-422.txt,4d1767251694b08ac3dde3ec8e2aff7a6f0841f08755328a9e90d429adc047d1,450,300,1,0,,keep,human_visual_quality_approved
github_pothole::img-423,img-423.jpg,data/raw/v2/pothole_github/Pothole Dataset/img-423.jpg,data/raw/v2/pothole_github/Pothole Dataset/img-423.txt,beb38676c12bfeaf618a21a32c48c44e5ed52658e1da7242acc66e126b4a6c36,443,300,1,0,,keep,human_visual_quality_approved
github_pothole::img-424,img-424.jpg,data/raw/v2/pothole_github/Pothole Dataset/img-424.jpg,data/raw/v2/pothole_github/Pothole Dataset/img-424.txt,df618eb2ca4118536aa20de3e44da1027e9d511787d09e33539fa7d739a496af,533,300,1,0,,keep,human_visual_quality_approved
github_pothole::img-425,img-425.jpg,data/raw/v2/pothole_github/Pothole Dataset/img-425.jpg,data/raw/v2/pothole_github/Pothole Dataset/img-425.txt,eb965b94431597075d663a3c462d2c2eb0e18cb24bb2a21ce7a5278a7ab8a7f3,400,300,2,0,,keep,human_visual_quality_approved
github_pothole::img-426,img-426.jpg,data/raw/v2/pothole_github/Pothole Dataset/img-426.jpg,data/raw/v2/pothole_github/Pothole Dataset/img-426.txt,385f1717c69d07cc9e24c5d0b8e9b93effeee0cb89cdaf5c44e902ccdf6978df,600,300,1,0,,keep,human_visual_quality_approved
github_pothole::img-427,img-427.jpg,data/raw/v2/pothole_github/Pothole Dataset/img-427.jpg,data/raw/v2/pothole_github/Pothole Dataset/img-427.txt,a5bb0df4b578969e560ee51bc42607ca34abec3f099a610f88ecd0f39d1dc0e2,300,300,1,0,,keep,human_visual_quality_approved
github_pothole::img-428,img-428.jpg,data/raw/v2/pothole_github/Pothole Dataset/img-428.jpg,data/raw/v2/pothole_github/Pothole Dataset/img-428.txt,4c707a5e3d0678d032603c8faa27c140c6b9297ae493e3b402c0425bfa95b1cd,300,356,6,0,,keep,human_visual_quality_approved
github_pothole::img-429,img-429.jpg,data/raw/v2/pothole_github/Pothole Dataset/img-429.jpg,data/raw/v2/pothole_github/Pothole Dataset/img-429.txt,ac2cbe130d50d317efcc904b6572905dec91fc66d1ab06abd151b6725c117173,533,300,2,0,,keep,human_visual_quality_approved
github_pothole::img-43,img-43.jpg,data/raw/v2/pothole_github/Pothole Dataset/img-43.jpg,data/raw/v2/pothole_github/Pothole Dataset/img-43.txt,391d248a2399b6cb9ba6dc3663d8c397d96c7e37bd360b0bc1f7ac4dc5d43ba0,720,720,3,0,,keep,human_visual_quality_approved
github_pothole::img-430,img-430.jpg,data/raw/v2/pothole_github/Pothole Dataset/img-430.jpg,data/raw/v2/pothole_github/Pothole Dataset/img-430.txt,49a47f777e6dca066e5d813a13bb39c182f61983db1b5c2185d01d059bde0592,451,300,2,0,,keep,human_visual_quality_approved
github_pothole::img-431,img-431.jpg,data/raw/v2/pothole_github/Pothole Dataset/img-431.jpg,data/raw/v2/pothole_github/Pothole Dataset/img-431.txt,d8841f9bb4d551b11aa10fb69d51d81c9fb55db9cac4833e2e110d90e36cec59,533,300,4,0,,keep,human_visual_quality_approved
github_pothole::img-432,img-432.jpg,data/raw/v2/pothole_github/Pothole Dataset/img-432.jpg,data/raw/v2/pothole_github/Pothole Dataset/img-432.txt,28afb01769108fdb51d7fd0119aaa908d8d99c5f8c182f538f08c7f4b7d16781,482,300,1,0,,keep,human_visual_quality_approved
github_pothole::img-433,img-433.jpg,data/raw/v2/pothole_github/Pothole Dataset/img-433.jpg,data/raw/v2/pothole_github/Pothole Dataset/img-433.txt,ef4d68bb1f963482a926cd94686f138a2b0bb91c7c6e8df5ee55eda38de75ce7,400,300,2,0,,keep,human_visual_quality_approved
github_pothole::img-434,img-434.jpg,data/raw/v2/pothole_github/Pothole Dataset/img-434.jpg,data/raw/v2/pothole_github/Pothole Dataset/img-434.txt,0eef8f6a4c6c789306fa78382282d3c1463f2db5bfa0342b261826c10b4d9299,450,300,1,0,,keep,human_visual_quality_approved
github_pothole::img-435,img-435.jpg,data/raw/v2/pothole_github/Pothole Dataset/img-435.jpg,data/raw/v2/pothole_github/Pothole Dataset/img-435.txt,36aff9b17f87a4690314acd4ff80714f3dfef65f6eb3e3d6350e85d2532e7b9c,601,300,1,0,,keep,human_visual_quality_approved
github_pothole::img-436,img-436.jpg,data/raw/v2/pothole_github/Pothole Dataset/img-436.jpg,data/raw/v2/pothole_github/Pothole Dataset/img-436.txt,84f07707dfd9ff5a7d09f3bd6b13eb39d90d7ebeacf1878e954d6c82c168d225,534,300,7,0,,keep,human_visual_quality_approved
github_pothole::img-437,img-437.jpg,data/raw/v2/pothole_github/Pothole Dataset/img-437.jpg,data/raw/v2/pothole_github/Pothole Dataset/img-437.txt,34547af5ab6b1b3adb5411719d06986863c386ffade25ae67d398a681341e30e,533,300,1,0,,keep,human_visual_quality_approved
github_pothole::img-438,img-438.jpg,data/raw/v2/pothole_github/Pothole Dataset/img-438.jpg,data/raw/v2/pothole_github/Pothole Dataset/img-438.txt,7e192201d973a64588b29cdded3b1ef2a5d138a859e287e5c01abb1cca962bbd,400,300,1,0,,keep,human_visual_quality_approved
github_pothole::img-439,img-439.jpg,data/raw/v2/pothole_github/Pothole Dataset/img-439.jpg,data/raw/v2/pothole_github/Pothole Dataset/img-439.txt,65dc8d05b3dcc745d9be5bcd01aff94a37033b7cbf09690270e1c730fad7b92e,684,300,3,0,,keep,human_visual_quality_approved
github_pothole::img-44,img-44.jpg,data/raw/v2/pothole_github/Pothole Dataset/img-44.jpg,data/raw/v2/pothole_github/Pothole Dataset/img-44.txt,893a25141405b02a4b7d20fddba02de1306138f4e587faffcd23f1ae274f1c42,720,720,2,0,,keep,human_visual_quality_approved
github_pothole::img-440,img-440.jpg,data/raw/v2/pothole_github/Pothole Dataset/img-440.jpg,data/raw/v2/pothole_github/Pothole Dataset/img-440.txt,f112917d9cc744ea8dbdf4334bfff40467a6b08abd76fe8ca508d11348fecd86,533,300,1,0,,keep,human_visual_quality_approved
github_pothole::img-441,img-441.jpg,data/raw/v2/pothole_github/Pothole Dataset/img-441.jpg,data/raw/v2/pothole_github/Pothole Dataset/img-441.txt,c925ca0e8ead13cbe2c72c2ac923b31e620bba73697a2249ef2c00101878be16,533,300,3,0,,keep,human_visual_quality_approved
github_pothole::img-442,img-442.jpg,data/raw/v2/pothole_github/Pothole Dataset/img-442.jpg,data/raw/v2/pothole_github/Pothole Dataset/img-442.txt,c613dd3091cf2b5bbbe9bd75c9bf91aaa614247826f53d4e95c325f1e9070190,450,300,1,0,,keep,human_visual_quality_approved
github_pothole::img-443,img-443.jpg,data/raw/v2/pothole_github/Pothole Dataset/img-443.jpg,data/raw/v2/pothole_github/Pothole Dataset/img-443.txt,609a737b5035c85e61297734e929973dd1cb872f143603b5d82528c16b5347ad,533,300,5,0,,keep,human_visual_quality_approved
github_pothole::img-444,img-444.jpg,data/raw/v2/pothole_github/Pothole Dataset/img-444.jpg,data/raw/v2/pothole_github/Pothole Dataset/img-444.txt,42bd36778dcbc16acd2ba0c05793f7ca174c4997ea3609242b1908b0ad71bb4a,458,300,8,0,,keep,human_visual_quality_approved
github_pothole::img-445,img-445.jpg,data/raw/v2/pothole_github/Pothole Dataset/img-445.jpg,data/raw/v2/pothole_github/Pothole Dataset/img-445.txt,b10bcdc183da130d20e9f357bccd67a1648674a5883141af675ad5a212e3c804,401,300,2,0,,keep,human_visual_quality_approved
github_pothole::img-446,img-446.jpg,data/raw/v2/pothole_github/Pothole Dataset/img-446.jpg,data/raw/v2/pothole_github/Pothole Dataset/img-446.txt,f886e029e93d88dc02c6b70b6dca17db9461730378495411d6ec5f6c9b7c56f7,396,300,8,0,,keep,human_visual_quality_approved
github_pothole::img-447,img-447.jpg,data/raw/v2/pothole_github/Pothole Dataset/img-447.jpg,data/raw/v2/pothole_github/Pothole Dataset/img-447.txt,f3fd1cb34307ac36ed4ab189740953c65ff8324b0569d57013bade01f2d7546c,534,300,1,0,,keep,human_visual_quality_approved
github_pothole::img-448,img-448.jpg,data/raw/v2/pothole_github/Pothole Dataset/img-448.jpg,data/raw/v2/pothole_github/Pothole Dataset/img-448.txt,b623901abf9f6300c1109f7ce5f5bde8de8d50eabe6630dd4782dd5df99255fd,435,300,3,0,,keep,human_visual_quality_approved
github_pothole::img-449,img-449.jpg,data/raw/v2/pothole_github/Pothole Dataset/img-449.jpg,data/raw/v2/pothole_github/Pothole Dataset/img-449.txt,306d327fe026eeb22d6a5d4e9ae1663789c793270581bfad3f46cd7d7974933f,557,300,4,0,,keep,human_visual_quality_approved
github_pothole::img-45,img-45.jpg,data/raw/v2/pothole_github/Pothole Dataset/img-45.jpg,data/raw/v2/pothole_github/Pothole Dataset/img-45.txt,de450a897dd8ce44a756a1562ff71b15678c906005a3885b45438e69efa8c803,720,720,1,0,,keep,human_visual_quality_approved
github_pothole::img-450,img-450.jpg,data/raw/v2/pothole_github/Pothole Dataset/img-450.jpg,data/raw/v2/pothole_github/Pothole Dataset/img-450.txt,434c30cab3b760f661de8a3545dc60551e19048dab6fbba6b951fbf3c60502ed,400,300,1,0,,keep,human_visual_quality_approved
github_pothole::img-451,img-451.jpg,data/raw/v2/pothole_github/Pothole Dataset/img-451.jpg,data/raw/v2/pothole_github/Pothole Dataset/img-451.txt,e925fb024205122fae4369f89e631c693318b0647dfbc78c2981730c191faac0,470,300,3,0,,keep,human_visual_quality_approved
github_pothole::img-452,img-452.jpg,data/raw/v2/pothole_github/Pothole Dataset/img-452.jpg,data/raw/v2/pothole_github/Pothole Dataset/img-452.txt,13ae8887cbf083686c0941e191408267b89573cbeb289e6be8e223f0ac47ddea,604,300,1,0,,keep,human_visual_quality_approved
github_pothole::img-453,img-453.jpg,data/raw/v2/pothole_github/Pothole Dataset/img-453.jpg,data/raw/v2/pothole_github/Pothole Dataset/img-453.txt,d118dd7d82bd6c0823968905763723bacda7a005a0d8d89f47836dc79e3df1ba,450,300,1,0,,keep,human_visual_quality_approved
github_pothole::img-454,img-454.jpg,data/raw/v2/pothole_github/Pothole Dataset/img-454.jpg,data/raw/v2/pothole_github/Pothole Dataset/img-454.txt,ee5734fbeb951de8a802b0a54cbe6c8b2409429206b93aabd9a10039a430a86f,381,300,4,0,,keep,human_visual_quality_approved
github_pothole::img-455,img-455.jpg,data/raw/v2/pothole_github/Pothole Dataset/img-455.jpg,data/raw/v2/pothole_github/Pothole Dataset/img-455.txt,96b3936b7da31fb7277f444836ac60a1265109ce6e68ef6506f1f41d891764d0,455,300,1,0,,keep,human_visual_quality_approved
github_pothole::img-456,img-456.jpg,data/raw/v2/pothole_github/Pothole Dataset/img-456.jpg,data/raw/v2/pothole_github/Pothole Dataset/img-456.txt,d5467ff4036777f5f46eea759267acf4a863479d94c01d339bb736415aa98e39,533,300,1,0,,keep,human_visual_quality_approved
github_pothole::img-457,img-457.jpg,data/raw/v2/pothole_github/Pothole Dataset/img-457.jpg,data/raw/v2/pothole_github/Pothole Dataset/img-457.txt,ee74b25bb278d866cbd4c8eee7fa79228351aa1736443e9aad87c0d6ab999487,400,300,3,0,,keep,human_visual_quality_approved
github_pothole::img-458,img-458.jpg,data/raw/v2/pothole_github/Pothole Dataset/img-458.jpg,data/raw/v2/pothole_github/Pothole Dataset/img-458.txt,6aaaa49c89047cf0ce343e0dd12f2d7520a371744ef8b34e465fc0282a3fa47d,481,300,1,0,,keep,human_visual_quality_approved
github_pothole::img-459,img-459.jpg,data/raw/v2/pothole_github/Pothole Dataset/img-459.jpg,data/raw/v2/pothole_github/Pothole Dataset/img-459.txt,cd54d228a818df79c1ce75d14aca437604fd3a4dde64231488d72fd2641aef55,533,300,2,0,,keep,human_visual_quality_approved
github_pothole::img-46,img-46.jpg,data/raw/v2/pothole_github/Pothole Dataset/img-46.jpg,data/raw/v2/pothole_github/Pothole Dataset/img-46.txt,2a396e417428f098a347f50ef744f35a710d0a44b062744fcc12554135adf977,720,720,1,0,,keep,human_visual_quality_approved
github_pothole::img-460,img-460.jpg,data/raw/v2/pothole_github/Pothole Dataset/img-460.jpg,data/raw/v2/pothole_github/Pothole Dataset/img-460.txt,4d4a6360aa589c6bf4c3ac46e2659a5a4c28d14004ab7e12a6fb884ca97bf520,451,300,2,0,,keep,human_visual_quality_approved
github_pothole::img-461,img-461.jpg,data/raw/v2/pothole_github/Pothole Dataset/img-461.jpg,data/raw/v2/pothole_github/Pothole Dataset/img-461.txt,1aa3cf4d1ed51a7f2fb6624ea066c03df41fb6624566fe8669fff90b1f0b12c4,463,300,1,0,,keep,human_visual_quality_approved
github_pothole::img-462,img-462.jpg,data/raw/v2/pothole_github/Pothole Dataset/img-462.jpg,data/raw/v2/pothole_github/Pothole Dataset/img-462.txt,b4550d29f9c2603cffb96ad8bf57e22b8e0165bc3ebb42fe72f2d60648df646d,425,300,1,0,,keep,human_visual_quality_approved
github_pothole::img-463,img-463.jpg,data/raw/v2/pothole_github/Pothole Dataset/img-463.jpg,data/raw/v2/pothole_github/Pothole Dataset/img-463.txt,35203306381b0ddb329e106251985dcebfc6d081866f79598a4fae988bda2ee1,370,300,1,0,,keep,human_visual_quality_approved
github_pothole::img-464,img-464.jpg,data/raw/v2/pothole_github/Pothole Dataset/img-464.jpg,data/raw/v2/pothole_github/Pothole Dataset/img-464.txt,9ab2e5888b41a32fa35f366e7fe3a655d52c3dfc822e6d28f819c1104fd8c2f8,690,300,1,0,,keep,human_visual_quality_approved
github_pothole::img-465,img-465.jpg,data/raw/v2/pothole_github/Pothole Dataset/img-465.jpg,data/raw/v2/pothole_github/Pothole Dataset/img-465.txt,3e0cbca3d9834e4eef91f2de34e5c61f1ecda6dadea7138850842d39be5ce69c,510,300,3,0,,keep,human_visual_quality_approved
github_pothole::img-466,img-466.jpg,data/raw/v2/pothole_github/Pothole Dataset/img-466.jpg,data/raw/v2/pothole_github/Pothole Dataset/img-466.txt,8648bb31443a6ffcaf79e1b658d54a23c2ce23427c26ed4d04ffd0c02c7970fd,382,300,1,0,,keep,human_visual_quality_approved
github_pothole::img-467,img-467.jpg,data/raw/v2/pothole_github/Pothole Dataset/img-467.jpg,data/raw/v2/pothole_github/Pothole Dataset/img-467.txt,09a682ed38d6ae800bffcdc4006c3a00ee0bac9f07ad3623acba90f7a593c047,716,300,1,0,,keep,human_visual_quality_approved
github_pothole::img-468,img-468.jpg,data/raw/v2/pothole_github/Pothole Dataset/img-468.jpg,data/raw/v2/pothole_github/Pothole Dataset/img-468.txt,f7f7c3a549fca5147bc0233af4fc2d42006f5cd85b49715a156c5bf241d96947,401,300,1,0,,keep,human_visual_quality_approved
github_pothole::img-469,img-469.jpg,data/raw/v2/pothole_github/Pothole Dataset/img-469.jpg,data/raw/v2/pothole_github/Pothole Dataset/img-469.txt,e4b226736aab7b254697d5d3c83e5aaf209691acb4b57444515d35033befac5e,450,300,3,0,,keep,human_visual_quality_approved
github_pothole::img-47,img-47.jpg,data/raw/v2/pothole_github/Pothole Dataset/img-47.jpg,data/raw/v2/pothole_github/Pothole Dataset/img-47.txt,a3f07caf59144ccaa460767f420f53d0724c38cc0773e2499785a4ad35900991,720,720,1,0,,keep,human_visual_quality_approved
github_pothole::img-470,img-470.jpg,data/raw/v2/pothole_github/Pothole Dataset/img-470.jpg,data/raw/v2/pothole_github/Pothole Dataset/img-470.txt,cc0f08728b3742d27984ef0e3247bb279af909576d9fa255b2f9688044b31fe4,459,300,1,0,,keep,human_visual_quality_approved
github_pothole::img-471,img-471.jpg,data/raw/v2/pothole_github/Pothole Dataset/img-471.jpg,data/raw/v2/pothole_github/Pothole Dataset/img-471.txt,faa3cfc7e2bd91130b2f2417cc7bff3a67c544bfe2dc5393c7311bc30ef49389,400,300,18,0,,keep,human_visual_quality_approved
github_pothole::img-472,img-472.jpg,data/raw/v2/pothole_github/Pothole Dataset/img-472.jpg,data/raw/v2/pothole_github/Pothole Dataset/img-472.txt,da60ef61e17eeed7958828346ebb4113fadb276097818c668cfdaec7e0479fc5,506,300,1,0,,keep,human_visual_quality_approved
github_pothole::img-473,img-473.jpg,data/raw/v2/pothole_github/Pothole Dataset/img-473.jpg,data/raw/v2/pothole_github/Pothole Dataset/img-473.txt,dfc6f855a69b2a6c53ebcc4c8a105c8b5517874341824c48d279cdc5632e7f71,400,300,1,0,,keep,human_visual_quality_approved
github_pothole::img-474,img-474.jpg,data/raw/v2/pothole_github/Pothole Dataset/img-474.jpg,data/raw/v2/pothole_github/Pothole Dataset/img-474.txt,e4e84984db3149051c3b91131a967cc9723b19a4d3e12d035e24de853e12d9f3,401,300,3,0,,keep,human_visual_quality_approved
github_pothole::img-475,img-475.jpg,data/raw/v2/pothole_github/Pothole Dataset/img-475.jpg,data/raw/v2/pothole_github/Pothole Dataset/img-475.txt,287d48cbfbb0c25f3a4b96231330986054d0f0cf7e9ced37c992143e4a2a67cc,460,300,1,0,,keep,human_visual_quality_approved
github_pothole::img-476,img-476.jpg,data/raw/v2/pothole_github/Pothole Dataset/img-476.jpg,data/raw/v2/pothole_github/Pothole Dataset/img-476.txt,82fc25a3c12822c491d69f5c51cb3bb6ce43260a951b1e142b50c300cbdaf361,450,300,4,0,,keep,human_visual_quality_approved
github_pothole::img-477,img-477.jpg,data/raw/v2/pothole_github/Pothole Dataset/img-477.jpg,data/raw/v2/pothole_github/Pothole Dataset/img-477.txt,53177dc41e15a6fa34724ab3ef938a6ba29e86bba9f123f626c25d81efa9aaee,400,300,3,0,,keep,human_visual_quality_approved
github_pothole::img-478,img-478.jpg,data/raw/v2/pothole_github/Pothole Dataset/img-478.jpg,data/raw/v2/pothole_github/Pothole Dataset/img-478.txt,8bd3756e28af04759dd523dc1308cbc398bdb5b8e77d92bb2df72c4d180daf95,427,300,2,0,,keep,human_visual_quality_approved
github_pothole::img-479,img-479.jpg,data/raw/v2/pothole_github/Pothole Dataset/img-479.jpg,data/raw/v2/pothole_github/Pothole Dataset/img-479.txt,3bb6362c2ce12bacd07c80162c3a97c3615ce1ca60abf653b24ba2d908714a5f,720,280,1,0,,keep,human_visual_quality_approved
github_pothole::img-48,img-48.jpg,data/raw/v2/pothole_github/Pothole Dataset/img-48.jpg,data/raw/v2/pothole_github/Pothole Dataset/img-48.txt,bfa704f7682a0dbf7eff3867206da763a41a756d3b9a1fc0e80e4beceaf426d3,720,720,2,0,,keep,human_visual_quality_approved
github_pothole::img-480,img-480.jpg,data/raw/v2/pothole_github/Pothole Dataset/img-480.jpg,data/raw/v2/pothole_github/Pothole Dataset/img-480.txt,a8499ab536d2176efc80900995fb4630fee49c6ab3d860774b569ed623f89cf4,450,300,3,0,,keep,human_visual_quality_approved
github_pothole::img-481,img-481.jpg,data/raw/v2/pothole_github/Pothole Dataset/img-481.jpg,data/raw/v2/pothole_github/Pothole Dataset/img-481.txt,a24337c0c93ea6c6e2744d790e2d29a93e6b2c5d8742f7e4d58ed2bcca431c47,533,300,1,0,,keep,human_visual_quality_approved
github_pothole::img-482,img-482.jpg,data/raw/v2/pothole_github/Pothole Dataset/img-482.jpg,data/raw/v2/pothole_github/Pothole Dataset/img-482.txt,d3712ab3f200f78ab22f2da7976586642b9f50cd77f43a10f8a1c12a046959da,571,300,4,0,,keep,human_visual_quality_approved
github_pothole::img-483,img-483.jpg,data/raw/v2/pothole_github/Pothole Dataset/img-483.jpg,data/raw/v2/pothole_github/Pothole Dataset/img-483.txt,90eda4dfa029d3a82f646709bb6ed5b55af8ab74f2afd82e9b6c51a7a9876c48,400,300,1,0,,keep,human_visual_quality_approved
github_pothole::img-484,img-484.jpg,data/raw/v2/pothole_github/Pothole Dataset/img-484.jpg,data/raw/v2/pothole_github/Pothole Dataset/img-484.txt,e582ac9cf9c5f8f5a00e36478a55ba736680966c6825bc5adecec37c90a99aba,450,300,5,0,,keep,human_visual_quality_approved
github_pothole::img-485,img-485.jpg,data/raw/v2/pothole_github/Pothole Dataset/img-485.jpg,data/raw/v2/pothole_github/Pothole Dataset/img-485.txt,f81fca27f0d94618f1455547477976323823c5aef2be999c1de58b531a302ce8,534,300,1,0,,keep,human_visual_quality_approved
github_pothole::img-486,img-486.jpg,data/raw/v2/pothole_github/Pothole Dataset/img-486.jpg,data/raw/v2/pothole_github/Pothole Dataset/img-486.txt,ddecfb74a9e52a75811affeebe0b46488253a8f55b7c7868bdd526addbf19afb,400,300,6,0,,keep,human_visual_quality_approved
github_pothole::img-487,img-487.jpg,data/raw/v2/pothole_github/Pothole Dataset/img-487.jpg,data/raw/v2/pothole_github/Pothole Dataset/img-487.txt,27e8521b0b2fc76d91d85c51933638a6ec79ff33a48ae3d799f6b670b5c58f6e,533,300,2,0,,keep,human_visual_quality_approved
github_pothole::img-488,img-488.jpg,data/raw/v2/pothole_github/Pothole Dataset/img-488.jpg,data/raw/v2/pothole_github/Pothole Dataset/img-488.txt,f5abb2f7361540ee95e31b5433215461c9cab3705a5885d5958bafdd95aed735,400,300,2,0,,keep,human_visual_quality_approved
github_pothole::img-489,img-489.jpg,data/raw/v2/pothole_github/Pothole Dataset/img-489.jpg,data/raw/v2/pothole_github/Pothole Dataset/img-489.txt,997b816ff3093b9a6ca2658be20ae480c302bf217eee3b91a5613c021e7806c8,300,300,2,0,,keep,human_visual_quality_approved
github_pothole::img-49,img-49.jpg,data/raw/v2/pothole_github/Pothole Dataset/img-49.jpg,data/raw/v2/pothole_github/Pothole Dataset/img-49.txt,8dbb7d86b14396dd0e0e6e26f5b64a2354baadf4b686efcb00a5abd0a0ec2403,720,720,2,0,,keep,human_visual_quality_approved
github_pothole::img-490,img-490.jpg,data/raw/v2/pothole_github/Pothole Dataset/img-490.jpg,data/raw/v2/pothole_github/Pothole Dataset/img-490.txt,e9d813e33b9537e68a234c08cd2913a27d14a08fbf75cacf21563ca886354707,533,300,4,0,,keep,human_visual_quality_approved
github_pothole::img-491,img-491.jpg,data/raw/v2/pothole_github/Pothole Dataset/img-491.jpg,data/raw/v2/pothole_github/Pothole Dataset/img-491.txt,d94804e9ebdacd0cb97f2537562f299a0fc15ada96624e2540055471224a7562,480,300,2,0,,keep,human_visual_quality_approved
github_pothole::img-492,img-492.jpg,data/raw/v2/pothole_github/Pothole Dataset/img-492.jpg,data/raw/v2/pothole_github/Pothole Dataset/img-492.txt,c1dc141ee4396ab76269d55835f3099e5e4d1f1cad4a633513303b501ba456c1,300,400,5,0,,keep,human_visual_quality_approved
github_pothole::img-493,img-493.jpg,data/raw/v2/pothole_github/Pothole Dataset/img-493.jpg,data/raw/v2/pothole_github/Pothole Dataset/img-493.txt,43275864fc45075cbcf5e68dfed970c056d82ac78e433750df286f0263afb707,300,400,16,0,,keep,human_visual_quality_approved
github_pothole::img-494,img-494.jpg,data/raw/v2/pothole_github/Pothole Dataset/img-494.jpg,data/raw/v2/pothole_github/Pothole Dataset/img-494.txt,f83dac9ec837bc0a3ef2624d4167a77698b19cc6cef122f7ca443711a732550c,400,300,4,0,,keep,human_visual_quality_approved
github_pothole::img-495,img-495.jpg,data/raw/v2/pothole_github/Pothole Dataset/img-495.jpg,data/raw/v2/pothole_github/Pothole Dataset/img-495.txt,ff59126cf9b6ccca2c06876a0489e81a2b24fd3afc21db9ff6768923944aa70f,544,300,1,0,,keep,human_visual_quality_approved
github_pothole::img-496,img-496.jpg,data/raw/v2/pothole_github/Pothole Dataset/img-496.jpg,data/raw/v2/pothole_github/Pothole Dataset/img-496.txt,cfd2937d845fb7c28cad1ab5cd5a05e0bc4792a1937659978c83375fd80e2b5f,465,300,1,0,,keep,human_visual_quality_approved
github_pothole::img-497,img-497.jpg,data/raw/v2/pothole_github/Pothole Dataset/img-497.jpg,data/raw/v2/pothole_github/Pothole Dataset/img-497.txt,dff4737d6601698e3775abee8fc0c80d0f9b3580f56748ddc16aee1a48fd9d1c,450,300,1,0,,keep,human_visual_quality_approved
github_pothole::img-498,img-498.jpg,data/raw/v2/pothole_github/Pothole Dataset/img-498.jpg,data/raw/v2/pothole_github/Pothole Dataset/img-498.txt,7ec8b44eb93ced24917e5b25f0b121639c5bc851c27cb4ea7acb441641cb2e08,453,300,5,0,,keep,human_visual_quality_approved
github_pothole::img-499,img-499.jpg,data/raw/v2/pothole_github/Pothole Dataset/img-499.jpg,data/raw/v2/pothole_github/Pothole Dataset/img-499.txt,a45a85fe05c917243cda8466ebc6d0dd10ec7d4dd2943ba736cefd4523e2b52e,400,300,1,0,,keep,human_visual_quality_approved
github_pothole::img-5,img-5.jpg,data/raw/v2/pothole_github/Pothole Dataset/img-5.jpg,data/raw/v2/pothole_github/Pothole Dataset/img-5.txt,bb270c9ba41b808606c8550371d5d65634847bbabf01c6715750e8ba749cbcac,720,720,2,0,,keep,human_visual_quality_approved
github_pothole::img-50,img-50.jpg,data/raw/v2/pothole_github/Pothole Dataset/img-50.jpg,data/raw/v2/pothole_github/Pothole Dataset/img-50.txt,7a2a2ffa83982632864082d0d1dffcf4acbd5cd4df54407c29f4c3154d2a88c8,720,720,1,0,,keep,human_visual_quality_approved
github_pothole::img-500,img-500.jpg,data/raw/v2/pothole_github/Pothole Dataset/img-500.jpg,data/raw/v2/pothole_github/Pothole Dataset/img-500.txt,2ba10908f196c9cc252647a2522e184613f1ff6cc8d866066ef8fe57e0d897f4,300,451,2,0,,keep,human_visual_quality_approved
github_pothole::img-501,img-501.jpg,data/raw/v2/pothole_github/Pothole Dataset/img-501.jpg,data/raw/v2/pothole_github/Pothole Dataset/img-501.txt,4697ee4500bdac7a1c03186a2c92ba95ac65878d1c7f74ebd954fb74f82a71e1,450,300,3,0,,keep,human_visual_quality_approved
github_pothole::img-502,img-502.jpg,data/raw/v2/pothole_github/Pothole Dataset/img-502.jpg,data/raw/v2/pothole_github/Pothole Dataset/img-502.txt,9edc0a249ab56a1e0dea16ddfb5f7de4d8c0683496a4a395d729352b19941340,450,300,6,0,,keep,human_visual_quality_approved
github_pothole::img-503,img-503.jpg,data/raw/v2/pothole_github/Pothole Dataset/img-503.jpg,data/raw/v2/pothole_github/Pothole Dataset/img-503.txt,25c019c9d5c63f100a08e74b8fb53c813dcff80d480d0b85bca6189bc252fa00,600,300,1,0,,keep,human_visual_quality_approved
github_pothole::img-504,img-504.jpg,data/raw/v2/pothole_github/Pothole Dataset/img-504.jpg,data/raw/v2/pothole_github/Pothole Dataset/img-504.txt,cdc3203ba33654241781572743fb616a6fdc7cd258e15386d0a7e7391ade8d51,460,300,3,0,,keep,human_visual_quality_approved
github_pothole::img-505,img-505.jpg,data/raw/v2/pothole_github/Pothole Dataset/img-505.jpg,data/raw/v2/pothole_github/Pothole Dataset/img-505.txt,58006e9ce58a32f974502df4cc5d86a21dfe83a15b7fbdb43d934af9851c62e2,571,300,1,0,,keep,human_visual_quality_approved
github_pothole::img-506,img-506.jpg,data/raw/v2/pothole_github/Pothole Dataset/img-506.jpg,data/raw/v2/pothole_github/Pothole Dataset/img-506.txt,c1114d032f88bc5f20808513123501efb1b419a20a37febe4370aa9acae84ee6,520,300,1,0,,keep,human_visual_quality_approved
github_pothole::img-507,img-507.jpg,data/raw/v2/pothole_github/Pothole Dataset/img-507.jpg,data/raw/v2/pothole_github/Pothole Dataset/img-507.txt,81b3f291d2616b62985d246b9dcab231c8c6b4075437a4203d2d20bfdc6a707b,373,300,7,0,,keep,human_visual_quality_approved
github_pothole::img-508,img-508.jpg,data/raw/v2/pothole_github/Pothole Dataset/img-508.jpg,data/raw/v2/pothole_github/Pothole Dataset/img-508.txt,0d10bd8c15271d9ff8972cdb30a5e4fb17275037b8a0d802569f6d676e45d79e,533,300,10,0,,keep,human_visual_quality_approved
github_pothole::img-509,img-509.jpg,data/raw/v2/pothole_github/Pothole Dataset/img-509.jpg,data/raw/v2/pothole_github/Pothole Dataset/img-509.txt,78b74ddadd2d4a1169a8d132f1bcf9d6f66ccdf6fdb7fda3dcbb34d5fcd94d9f,533,300,9,0,,keep,human_visual_quality_approved
github_pothole::img-51,img-51.jpg,data/raw/v2/pothole_github/Pothole Dataset/img-51.jpg,data/raw/v2/pothole_github/Pothole Dataset/img-51.txt,1da5f2e06ed8990c6ca20360711bfc5494e1c52d0ec543ad0f95e292038b7994,720,720,2,0,,keep,human_visual_quality_approved
github_pothole::img-510,img-510.jpg,data/raw/v2/pothole_github/Pothole Dataset/img-510.jpg,data/raw/v2/pothole_github/Pothole Dataset/img-510.txt,3f8ff79297d2437214bf14e058c28c9dd6b8dabc755479ab9697932e23c41744,583,300,17,0,,keep,human_visual_quality_approved
github_pothole::img-511,img-511.jpg,data/raw/v2/pothole_github/Pothole Dataset/img-511.jpg,data/raw/v2/pothole_github/Pothole Dataset/img-511.txt,4d1fe3e5d03d367f1d0f3dd3cfd00524fff58f2f3a74354217f804924daf8255,451,300,1,0,,keep,human_visual_quality_approved
github_pothole::img-512,img-512.jpg,data/raw/v2/pothole_github/Pothole Dataset/img-512.jpg,data/raw/v2/pothole_github/Pothole Dataset/img-512.txt,de147721613cad8dcc5f1c349c94b698009353abfe150d6dec908531b92bef9f,400,300,5,0,,keep,human_visual_quality_approved
github_pothole::img-513,img-513.jpg,data/raw/v2/pothole_github/Pothole Dataset/img-513.jpg,data/raw/v2/pothole_github/Pothole Dataset/img-513.txt,65b6bb170747686193098ca71b6537a9f07b25cdbbf06d764c471c5e00c3807d,400,300,1,0,,keep,human_visual_quality_approved
github_pothole::img-514,img-514.jpg,data/raw/v2/pothole_github/Pothole Dataset/img-514.jpg,data/raw/v2/pothole_github/Pothole Dataset/img-514.txt,4135c7691a9967aa8b650f22e5f00ee641ab8ba8ea8df7bc48f5df5556fa7787,300,397,6,0,,keep,human_visual_quality_approved
github_pothole::img-515,img-515.jpg,data/raw/v2/pothole_github/Pothole Dataset/img-515.jpg,data/raw/v2/pothole_github/Pothole Dataset/img-515.txt,319277a8c56fc1c863379e903bb72be93653058a578d52413a7d1fe8498c0060,449,300,1,0,,keep,human_visual_quality_approved
github_pothole::img-516,img-516.jpg,data/raw/v2/pothole_github/Pothole Dataset/img-516.jpg,data/raw/v2/pothole_github/Pothole Dataset/img-516.txt,ea8ef23e32dfc546abf6fe07a2d4be40cbad9fa0626bef4eea20d1d94438e116,453,300,4,0,,keep,human_visual_quality_approved
github_pothole::img-517,img-517.jpg,data/raw/v2/pothole_github/Pothole Dataset/img-517.jpg,data/raw/v2/pothole_github/Pothole Dataset/img-517.txt,8dfdb11805c213641b4cded3ffd3568eebf396d7426e406e4f674cc4b2dd438c,533,300,2,0,,keep,human_visual_quality_approved
github_pothole::img-518,img-518.jpg,data/raw/v2/pothole_github/Pothole Dataset/img-518.jpg,data/raw/v2/pothole_github/Pothole Dataset/img-518.txt,d240b737d49b7e858958c1e0d2fcb0e9aa7e5c36df5f85a47bccb60e80ea6451,533,300,1,0,,keep,human_visual_quality_approved
github_pothole::img-519,img-519.jpg,data/raw/v2/pothole_github/Pothole Dataset/img-519.jpg,data/raw/v2/pothole_github/Pothole Dataset/img-519.txt,8b7f09cf1ab271b3570027b08f3fa3ee9a2dc10730eb1a3f33082d588831daa1,300,450,8,0,,keep,human_visual_quality_approved
github_pothole::img-52,img-52.jpg,data/raw/v2/pothole_github/Pothole Dataset/img-52.jpg,data/raw/v2/pothole_github/Pothole Dataset/img-52.txt,3d8b87c83c67039aa0eff8c33b88aabaa5381caa9f0fd9076e4cd943245b7b22,720,720,2,0,,keep,human_visual_quality_approved
github_pothole::img-520,img-520.jpg,data/raw/v2/pothole_github/Pothole Dataset/img-520.jpg,data/raw/v2/pothole_github/Pothole Dataset/img-520.txt,0ad1ac62b9ed7acb0c0063af21594d2d36a058b4a872971c546678fa04c326be,720,251,1,0,,keep,human_visual_quality_approved
github_pothole::img-521,img-521.jpg,data/raw/v2/pothole_github/Pothole Dataset/img-521.jpg,data/raw/v2/pothole_github/Pothole Dataset/img-521.txt,93430961c94cef8e0e581b82c8db2c48ad9334d7bed7b5f5c1068531d262fd87,450,300,1,0,,keep,human_visual_quality_approved
github_pothole::img-522,img-522.jpg,data/raw/v2/pothole_github/Pothole Dataset/img-522.jpg,data/raw/v2/pothole_github/Pothole Dataset/img-522.txt,fbe19f493e08161053ff9d48234c8e115a40dd6c064c4b11c7471faace7e1aef,450,300,3,0,,keep,human_visual_quality_approved
github_pothole::img-523,img-523.jpg,data/raw/v2/pothole_github/Pothole Dataset/img-523.jpg,data/raw/v2/pothole_github/Pothole Dataset/img-523.txt,1a34f97fa8c249c25413b599fcdde847dc266e97c955601b64524b83a1067edf,400,300,2,0,,keep,human_visual_quality_approved
github_pothole::img-524,img-524.jpg,data/raw/v2/pothole_github/Pothole Dataset/img-524.jpg,data/raw/v2/pothole_github/Pothole Dataset/img-524.txt,229d985c24fd05a1e61b3729a80dc770a2b6e744e2a8f00c095b6be76d79ded4,533,300,5,0,,keep,human_visual_quality_approved
github_pothole::img-525,img-525.jpg,data/raw/v2/pothole_github/Pothole Dataset/img-525.jpg,data/raw/v2/pothole_github/Pothole Dataset/img-525.txt,3d0940045dfa9c67e865ff22666e100512b72ef161fb2f908bbfd933cce16636,400,300,4,0,,keep,human_visual_quality_approved
github_pothole::img-526,img-526.jpg,data/raw/v2/pothole_github/Pothole Dataset/img-526.jpg,data/raw/v2/pothole_github/Pothole Dataset/img-526.txt,22bbd07fde89cdba6b46f447055d4f73aae98b6ce2e3da22daac3ba926cc4c33,407,300,10,0,,keep,human_visual_quality_approved
github_pothole::img-527,img-527.jpg,data/raw/v2/pothole_github/Pothole Dataset/img-527.jpg,data/raw/v2/pothole_github/Pothole Dataset/img-527.txt,96ca1155e5b5c7430f6fe885d505540ee7bceb21116aeef5e1e81f6f7523e44e,450,300,1,0,,keep,human_visual_quality_approved
github_pothole::img-528,img-528.jpg,data/raw/v2/pothole_github/Pothole Dataset/img-528.jpg,data/raw/v2/pothole_github/Pothole Dataset/img-528.txt,02db6f48c237b96a4d50cae6a2ab0576b6b6c43b0f99d1e8e72e4e764af59e1b,450,300,1,0,,keep,human_visual_quality_approved
github_pothole::img-529,img-529.jpg,data/raw/v2/pothole_github/Pothole Dataset/img-529.jpg,data/raw/v2/pothole_github/Pothole Dataset/img-529.txt,368ba1b56dac734d7add7bd36c386d7b4ee6b3e5a68a20f00ee4c64973a949fc,450,300,4,0,,keep,human_visual_quality_approved
github_pothole::img-53,img-53.jpg,data/raw/v2/pothole_github/Pothole Dataset/img-53.jpg,data/raw/v2/pothole_github/Pothole Dataset/img-53.txt,02c16e31c02577d94ab3b8d64b001d3350851baacb86d5554cf63fbfba3459fa,720,720,2,0,,keep,human_visual_quality_approved
github_pothole::img-530,img-530.jpg,data/raw/v2/pothole_github/Pothole Dataset/img-530.jpg,data/raw/v2/pothole_github/Pothole Dataset/img-530.txt,12219821803461d9c1d40288d9600b8582c4c54b3347ee666082a01503afa1c7,509,300,8,0,,keep,human_visual_quality_approved
github_pothole::img-531,img-531.jpg,data/raw/v2/pothole_github/Pothole Dataset/img-531.jpg,data/raw/v2/pothole_github/Pothole Dataset/img-531.txt,ee75fad0f3255adef97abb2f59a1b31a1fea656e838f3966f3130ac7bd627754,400,300,9,0,,keep,human_visual_quality_approved
github_pothole::img-532,img-532.jpg,data/raw/v2/pothole_github/Pothole Dataset/img-532.jpg,data/raw/v2/pothole_github/Pothole Dataset/img-532.txt,02fb4efa9a2a3a00fa9bc6272b3b59054d19f986decc5fea1c7f2be45794a4fc,517,300,2,0,,keep,human_visual_quality_approved
github_pothole::img-533,img-533.jpg,data/raw/v2/pothole_github/Pothole Dataset/img-533.jpg,data/raw/v2/pothole_github/Pothole Dataset/img-533.txt,02e5929ba8057d5786bd6f23f55208ecaf9f7d5e8e55939a05638b334fd462d1,451,300,3,0,,keep,human_visual_quality_approved
github_pothole::img-534,img-534.jpg,data/raw/v2/pothole_github/Pothole Dataset/img-534.jpg,data/raw/v2/pothole_github/Pothole Dataset/img-534.txt,63b764a8854a5b1d0d0734f96bee5c06076735bbf834aa4ff1c36ee82d81f67a,400,300,5,0,,keep,human_visual_quality_approved
github_pothole::img-535,img-535.jpg,data/raw/v2/pothole_github/Pothole Dataset/img-535.jpg,data/raw/v2/pothole_github/Pothole Dataset/img-535.txt,7d04be33dafc6be84d86c1d24d313b178a20f9ce90d47df50162a1a6cd466885,449,300,5,0,,keep,human_visual_quality_approved
github_pothole::img-536,img-536.jpg,data/raw/v2/pothole_github/Pothole Dataset/img-536.jpg,data/raw/v2/pothole_github/Pothole Dataset/img-536.txt,94e03dc86f30294078eb38a1538b31977104af55d6c7031ad30b91cd221a222f,533,300,1,0,,keep,human_visual_quality_approved
github_pothole::img-537,img-537.jpg,data/raw/v2/pothole_github/Pothole Dataset/img-537.jpg,data/raw/v2/pothole_github/Pothole Dataset/img-537.txt,536c89b0322689b3d241fedaf8495cb529d780a5c3adcf9b9c50ae491e7fdc3f,400,300,1,0,,keep,human_visual_quality_approved
github_pothole::img-538,img-538.jpg,data/raw/v2/pothole_github/Pothole Dataset/img-538.jpg,data/raw/v2/pothole_github/Pothole Dataset/img-538.txt,0dbe552ab3f82799ff86465b2cd02add9dc8a5dbbb0db3c1bfa90554dab5507c,450,300,1,0,,keep,human_visual_quality_approved
github_pothole::img-539,img-539.jpg,data/raw/v2/pothole_github/Pothole Dataset/img-539.jpg,data/raw/v2/pothole_github/Pothole Dataset/img-539.txt,9237fd8e12309fca6da99404cddf8521ea0be410a9985b1798e2af47d40aa202,450,300,4,0,,keep,human_visual_quality_approved
github_pothole::img-54,img-54.jpg,data/raw/v2/pothole_github/Pothole Dataset/img-54.jpg,data/raw/v2/pothole_github/Pothole Dataset/img-54.txt,e7a2acd97b869289379ab4a92f7d1653b16fed05ffce5f10086bbb6b99bc216c,720,720,1,0,,keep,human_visual_quality_approved
github_pothole::img-540,img-540.jpg,data/raw/v2/pothole_github/Pothole Dataset/img-540.jpg,data/raw/v2/pothole_github/Pothole Dataset/img-540.txt,9b831bcebedd118344ae4437a89672140dd953e51722fdc9dc615422e7456f5b,450,300,2,0,,keep,human_visual_quality_approved
github_pothole::img-541,img-541.jpg,data/raw/v2/pothole_github/Pothole Dataset/img-541.jpg,data/raw/v2/pothole_github/Pothole Dataset/img-541.txt,1b8ce7917745bed7385cba58351e6cca17014833d0f99850d4b1064c3b98c97d,450,300,1,0,,keep,human_visual_quality_approved
github_pothole::img-542,img-542.jpg,data/raw/v2/pothole_github/Pothole Dataset/img-542.jpg,data/raw/v2/pothole_github/Pothole Dataset/img-542.txt,700dc363fc46592262b1b1a065347560b332e640ffe84980da685ea165cbc66b,404,300,2,0,,keep,human_visual_quality_approved
github_pothole::img-543,img-543.jpg,data/raw/v2/pothole_github/Pothole Dataset/img-543.jpg,data/raw/v2/pothole_github/Pothole Dataset/img-543.txt,7b652deb3937b17f3c3e16af0ce59e80f3ca004725c93c60e39f0a994d11874b,360,300,2,0,,keep,human_visual_quality_approved
github_pothole::img-544,img-544.jpg,data/raw/v2/pothole_github/Pothole Dataset/img-544.jpg,data/raw/v2/pothole_github/Pothole Dataset/img-544.txt,c8ef46528d3710ddbc79a1fa8e14a9592b347fe04fcd77442d81c2697b65a19e,400,300,2,0,,keep,human_visual_quality_approved
github_pothole::img-545,img-545.jpg,data/raw/v2/pothole_github/Pothole Dataset/img-545.jpg,data/raw/v2/pothole_github/Pothole Dataset/img-545.txt,fe1c0d28fba32134c4be0fe77306508c5e34ea689d42508704da2f055ce9dae3,677,300,2,0,,keep,human_visual_quality_approved
github_pothole::img-546,img-546.jpg,data/raw/v2/pothole_github/Pothole Dataset/img-546.jpg,data/raw/v2/pothole_github/Pothole Dataset/img-546.txt,fb6b7be2f0ca9635e400f55c12e7630d1a78081ab094464b5949926d25df3879,464,300,1,0,,keep,human_visual_quality_approved
github_pothole::img-547,img-547.jpg,data/raw/v2/pothole_github/Pothole Dataset/img-547.jpg,data/raw/v2/pothole_github/Pothole Dataset/img-547.txt,8aa384ad86dab131da7e131750b3a921d10cfebfd4d0164c8f40b2b46856f44d,300,400,3,0,,keep,human_visual_quality_approved
github_pothole::img-548,img-548.jpg,data/raw/v2/pothole_github/Pothole Dataset/img-548.jpg,data/raw/v2/pothole_github/Pothole Dataset/img-548.txt,4f1fa3ae2ed84107f485be6825483dcf4c78d72a15fc5e46badd15820691d973,451,300,2,0,,keep,human_visual_quality_approved
github_pothole::img-549,img-549.jpg,data/raw/v2/pothole_github/Pothole Dataset/img-549.jpg,data/raw/v2/pothole_github/Pothole Dataset/img-549.txt,18576acd6bae7c731d022555452ae041b25d080de4194adf6756f06a0906de93,400,300,2,0,,keep,human_visual_quality_approved
github_pothole::img-55,img-55.jpg,data/raw/v2/pothole_github/Pothole Dataset/img-55.jpg,data/raw/v2/pothole_github/Pothole Dataset/img-55.txt,52ba693616a704f4ea44438212413b5a56faa295097327542ab6ff96c52a3ef3,720,720,5,0,,keep,human_visual_quality_approved
github_pothole::img-550,img-550.jpg,data/raw/v2/pothole_github/Pothole Dataset/img-550.jpg,data/raw/v2/pothole_github/Pothole Dataset/img-550.txt,e5a3c7b517e0bbb85f51507913ef0f23ff895704ee4569b7e35ba4f64af0cd66,400,300,7,0,,keep,human_visual_quality_approved
github_pothole::img-551,img-551.jpg,data/raw/v2/pothole_github/Pothole Dataset/img-551.jpg,data/raw/v2/pothole_github/Pothole Dataset/img-551.txt,80a11a4276a022c61385e3e073ea8b23ab145653103be1f400b397248bd4668c,527,300,7,0,,keep,human_visual_quality_approved
github_pothole::img-552,img-552.jpg,data/raw/v2/pothole_github/Pothole Dataset/img-552.jpg,data/raw/v2/pothole_github/Pothole Dataset/img-552.txt,42f481b5fba7dd8fb9b24af2c6ba30570e3ad3796529ba81fc1c1e4074672fae,400,300,17,0,,keep,human_visual_quality_approved
github_pothole::img-553,img-553.jpg,data/raw/v2/pothole_github/Pothole Dataset/img-553.jpg,data/raw/v2/pothole_github/Pothole Dataset/img-553.txt,1e7a17f6a7012e6d3aa4e9b020c7bd1d906019885fc1a780284ae7a5d2ff82b8,455,300,2,0,,keep,human_visual_quality_approved
github_pothole::img-554,img-554.jpg,data/raw/v2/pothole_github/Pothole Dataset/img-554.jpg,data/raw/v2/pothole_github/Pothole Dataset/img-554.txt,65283db7ca58d551beff09b1000a5c42da6556c654c99ac4719c016a57fb5a61,532,300,7,0,,keep,human_visual_quality_approved
github_pothole::img-555,img-555.jpg,data/raw/v2/pothole_github/Pothole Dataset/img-555.jpg,data/raw/v2/pothole_github/Pothole Dataset/img-555.txt,bb6eeadb257e29bd02b49047dc83a0a8c3b8952aa62b1e3444dcea6820933d28,400,300,1,0,,keep,human_visual_quality_approved
github_pothole::img-556,img-556.jpg,data/raw/v2/pothole_github/Pothole Dataset/img-556.jpg,data/raw/v2/pothole_github/Pothole Dataset/img-556.txt,52c980b35f69474679ec6a801cc4ffd427c75f6a0b978a38ecd76691a485a462,400,300,3,0,,keep,human_visual_quality_approved
github_pothole::img-557,img-557.jpg,data/raw/v2/pothole_github/Pothole Dataset/img-557.jpg,data/raw/v2/pothole_github/Pothole Dataset/img-557.txt,6eb5e5c524ea01cf1959daee533e04069647bf56e0a2c62bea23ce9d018de996,400,300,1,0,,keep,human_visual_quality_approved
github_pothole::img-558,img-558.jpg,data/raw/v2/pothole_github/Pothole Dataset/img-558.jpg,data/raw/v2/pothole_github/Pothole Dataset/img-558.txt,8e50ffff3e5c98d780a3a68d1b2e3284c85b1344360ccc40db7f9881c332975a,400,300,3,0,,keep,human_visual_quality_approved
github_pothole::img-559,img-559.jpg,data/raw/v2/pothole_github/Pothole Dataset/img-559.jpg,data/raw/v2/pothole_github/Pothole Dataset/img-559.txt,6cb1d6600ce78ab8d1e80a27fe19abf3ca33500870727df29d6232c46ae39737,533,300,2,0,,keep,human_visual_quality_approved
github_pothole::img-56,img-56.jpg,data/raw/v2/pothole_github/Pothole Dataset/img-56.jpg,data/raw/v2/pothole_github/Pothole Dataset/img-56.txt,54b0c463efe4b37b822b32670f9e12dcf7a488f4d00ffc840c9e9d738b049626,720,720,2,0,,keep,human_visual_quality_approved
github_pothole::img-560,img-560.jpg,data/raw/v2/pothole_github/Pothole Dataset/img-560.jpg,data/raw/v2/pothole_github/Pothole Dataset/img-560.txt,c68a285ea3bac6da9b3f3c44e968b06c920a53f1c64a66dae339aed4ca9ce277,450,300,4,0,,keep,human_visual_quality_approved
github_pothole::img-561,img-561.jpg,data/raw/v2/pothole_github/Pothole Dataset/img-561.jpg,data/raw/v2/pothole_github/Pothole Dataset/img-561.txt,ee8ffa964125a48fb9fbe2e10eeb46885ff1de1041be8c7301b94f1ef84f0109,400,300,9,0,,keep,human_visual_quality_approved
github_pothole::img-562,img-562.jpg,data/raw/v2/pothole_github/Pothole Dataset/img-562.jpg,data/raw/v2/pothole_github/Pothole Dataset/img-562.txt,34ebdeacd996edb2a3985b17baf1859c91fc61719659805fa950517f33275a07,400,300,2,0,,keep,human_visual_quality_approved
github_pothole::img-563,img-563.jpg,data/raw/v2/pothole_github/Pothole Dataset/img-563.jpg,data/raw/v2/pothole_github/Pothole Dataset/img-563.txt,74d2642de0f048d61756406d4d847974f0c2232022a02c497e3a00c2b3aa7b7f,533,300,2,0,,keep,human_visual_quality_approved
github_pothole::img-564,img-564.jpg,data/raw/v2/pothole_github/Pothole Dataset/img-564.jpg,data/raw/v2/pothole_github/Pothole Dataset/img-564.txt,b54c1aabf2a88175eac0167de7461ce996dc871d4a838268ab80a61b53e3b098,400,300,5,0,,keep,human_visual_quality_approved
github_pothole::img-565,img-565.jpg,data/raw/v2/pothole_github/Pothole Dataset/img-565.jpg,data/raw/v2/pothole_github/Pothole Dataset/img-565.txt,e37a37235b31e6a7b1f68dc9ce99384b0dad88916a13ea1aa836ed7f12fdd601,406,300,1,0,,keep,human_visual_quality_approved
github_pothole::img-566,img-566.jpg,data/raw/v2/pothole_github/Pothole Dataset/img-566.jpg,data/raw/v2/pothole_github/Pothole Dataset/img-566.txt,4b2b4127e03413fb788cb1a58476908121a5da1a5d42a5ac4752517d436beed9,438,300,10,0,,keep,human_visual_quality_approved
github_pothole::img-567,img-567.jpg,data/raw/v2/pothole_github/Pothole Dataset/img-567.jpg,data/raw/v2/pothole_github/Pothole Dataset/img-567.txt,0b9ef4cf9b8cafc9e6bfee7691e519eb0710096d74a30d46a43463fcd95a509a,450,300,1,0,,keep,human_visual_quality_approved
github_pothole::img-568,img-568.jpg,data/raw/v2/pothole_github/Pothole Dataset/img-568.jpg,data/raw/v2/pothole_github/Pothole Dataset/img-568.txt,81bb0dffbe2a994c66d1d509a2e5ee43862bf6e83bf117e07591016f7785adeb,400,300,2,0,,keep,human_visual_quality_approved
github_pothole::img-569,img-569.jpg,data/raw/v2/pothole_github/Pothole Dataset/img-569.jpg,data/raw/v2/pothole_github/Pothole Dataset/img-569.txt,1dbad53fc4bb71619d1fc0d8bf7b537f9e032c5dd66ca89395edce54f169217a,400,300,2,0,,keep,human_visual_quality_approved
github_pothole::img-57,img-57.jpg,data/raw/v2/pothole_github/Pothole Dataset/img-57.jpg,data/raw/v2/pothole_github/Pothole Dataset/img-57.txt,27921685bcefc84f951f6cc11fc707802fd5deae6701cc53a55878e6b06d1b94,720,720,1,0,,keep,human_visual_quality_approved
github_pothole::img-570,img-570.jpg,data/raw/v2/pothole_github/Pothole Dataset/img-570.jpg,data/raw/v2/pothole_github/Pothole Dataset/img-570.txt,59e435ad52dfb366c66b2003e39fcf8675f920bb1b23e7dbdc58afce812c15fa,533,300,5,0,,keep,human_visual_quality_approved
github_pothole::img-571,img-571.jpg,data/raw/v2/pothole_github/Pothole Dataset/img-571.jpg,data/raw/v2/pothole_github/Pothole Dataset/img-571.txt,a43ee39d56ac8a6535917ba2875e21a8df9a775bab086a124ff1e2f61d9532bc,533,300,15,0,,keep,human_visual_quality_approved
github_pothole::img-572,img-572.jpg,data/raw/v2/pothole_github/Pothole Dataset/img-572.jpg,data/raw/v2/pothole_github/Pothole Dataset/img-572.txt,cc34508968e69c62157856e7a73be9f67c1c81e00c6a9ba3bd278994e795db2e,533,300,3,0,,keep,human_visual_quality_approved
github_pothole::img-573,img-573.jpg,data/raw/v2/pothole_github/Pothole Dataset/img-573.jpg,data/raw/v2/pothole_github/Pothole Dataset/img-573.txt,32d059964f23e5d928485361c226ab89aba5f07cede0dbacdf6b72eafef59d8f,544,300,1,0,,keep,human_visual_quality_approved
github_pothole::img-574,img-574.jpg,data/raw/v2/pothole_github/Pothole Dataset/img-574.jpg,data/raw/v2/pothole_github/Pothole Dataset/img-574.txt,0570fd6a5d8ceccf6263cc9bd3cf7618da8fc4b53c6814c7afa8262483319875,498,300,9,0,,keep,human_visual_quality_approved
github_pothole::img-575,img-575.jpg,data/raw/v2/pothole_github/Pothole Dataset/img-575.jpg,data/raw/v2/pothole_github/Pothole Dataset/img-575.txt,972f8b031db89b3460a0bfcd0d716f8befa30d638e2c54232ba508ccda1c8d92,409,300,5,0,,keep,human_visual_quality_approved
github_pothole::img-576,img-576.jpg,data/raw/v2/pothole_github/Pothole Dataset/img-576.jpg,data/raw/v2/pothole_github/Pothole Dataset/img-576.txt,0d7eb7d182c199ccd5122158198ddebc48c5f8f1702d08cddb089f5b7eae4fc5,400,300,2,0,,keep,human_visual_quality_approved
github_pothole::img-577,img-577.jpg,data/raw/v2/pothole_github/Pothole Dataset/img-577.jpg,data/raw/v2/pothole_github/Pothole Dataset/img-577.txt,20c174cd1f415957f5e4ee5fba38eb297a3655be1a90f8d60c972e668942fd98,480,300,14,0,,keep,human_visual_quality_approved
github_pothole::img-578,img-578.jpg,data/raw/v2/pothole_github/Pothole Dataset/img-578.jpg,data/raw/v2/pothole_github/Pothole Dataset/img-578.txt,ac0f9729d23360790ada3595e46d6f92fa94ad82f0d804e14e2c7e529892cf4e,449,300,1,0,,keep,human_visual_quality_approved
github_pothole::img-579,img-579.jpg,data/raw/v2/pothole_github/Pothole Dataset/img-579.jpg,data/raw/v2/pothole_github/Pothole Dataset/img-579.txt,fefdde1b863f2fb9d832b5a2ad69677f050318eceab747808998c85a34f60e22,400,300,1,0,,keep,human_visual_quality_approved
github_pothole::img-58,img-58.jpg,data/raw/v2/pothole_github/Pothole Dataset/img-58.jpg,data/raw/v2/pothole_github/Pothole Dataset/img-58.txt,d7af3acc33e78a1c126ee6c410c169bb7f704a17360e18b7ad927db276fe8d65,720,720,3,0,,keep,human_visual_quality_approved
github_pothole::img-580,img-580.jpg,data/raw/v2/pothole_github/Pothole Dataset/img-580.jpg,data/raw/v2/pothole_github/Pothole Dataset/img-580.txt,c1e283df0cbdc3c186f7874e5c207e4144784b0585190dca40c134a4812e2270,535,300,3,0,,keep,human_visual_quality_approved
github_pothole::img-581,img-581.jpg,data/raw/v2/pothole_github/Pothole Dataset/img-581.jpg,data/raw/v2/pothole_github/Pothole Dataset/img-581.txt,8012d773f47a9ae5211a69c791e037551e16a9b9a21faa29f313438dd1b5b11d,447,300,6,0,,keep,human_visual_quality_approved
github_pothole::img-582,img-582.jpg,data/raw/v2/pothole_github/Pothole Dataset/img-582.jpg,data/raw/v2/pothole_github/Pothole Dataset/img-582.txt,4a40c5e5177cd9762b18563c21086025cee26832e268e29167d1c1020a738fcf,481,300,1,0,,keep,human_visual_quality_approved
github_pothole::img-583,img-583.jpg,data/raw/v2/pothole_github/Pothole Dataset/img-583.jpg,data/raw/v2/pothole_github/Pothole Dataset/img-583.txt,0d08f64a2da430d0eb6759dac967e1f93e6f671f65963751f57eb0bd4ff1e130,533,300,1,0,,keep,human_visual_quality_approved
github_pothole::img-584,img-584.jpg,data/raw/v2/pothole_github/Pothole Dataset/img-584.jpg,data/raw/v2/pothole_github/Pothole Dataset/img-584.txt,90b7f7d81fb02c76f92a311e97496a62476738fdd5fc29933ef7203c76b62265,459,300,2,0,,keep,human_visual_quality_approved
github_pothole::img-585,img-585.jpg,data/raw/v2/pothole_github/Pothole Dataset/img-585.jpg,data/raw/v2/pothole_github/Pothole Dataset/img-585.txt,5ddac1cfcafe097cd4ca032099917675eb943da8aaa7486c3c96c5560e7c5772,450,300,5,0,,keep,human_visual_quality_approved
github_pothole::img-586,img-586.jpg,data/raw/v2/pothole_github/Pothole Dataset/img-586.jpg,data/raw/v2/pothole_github/Pothole Dataset/img-586.txt,a8dbc0db267957c9714f13585d15ca7f9bc548f5705e4dfcbe0af61e221968a8,400,300,1,0,,keep,human_visual_quality_approved
github_pothole::img-587,img-587.jpg,data/raw/v2/pothole_github/Pothole Dataset/img-587.jpg,data/raw/v2/pothole_github/Pothole Dataset/img-587.txt,03dfa762fbacb6eac27c3d2856cd1e38684f0a8eccd379054be1089e36141fdc,503,300,2,0,,keep,human_visual_quality_approved
github_pothole::img-588,img-588.jpg,data/raw/v2/pothole_github/Pothole Dataset/img-588.jpg,data/raw/v2/pothole_github/Pothole Dataset/img-588.txt,e0c65b22afe7068b760b1042e81bc07ae2ad73df0d09bf45d2c571577426600c,491,300,1,0,,keep,human_visual_quality_approved
github_pothole::img-589,img-589.jpg,data/raw/v2/pothole_github/Pothole Dataset/img-589.jpg,data/raw/v2/pothole_github/Pothole Dataset/img-589.txt,dca18fea5ca0e7c40a9f30b4738567d2e70bc25b1a81a9d16bded66b1804d110,450,300,12,0,,keep,human_visual_quality_approved
github_pothole::img-59,img-59.jpg,data/raw/v2/pothole_github/Pothole Dataset/img-59.jpg,data/raw/v2/pothole_github/Pothole Dataset/img-59.txt,80b5b0549dd2a57f99b3b620ce195272857a2bebd9fb63f8b97e0d2588844c2d,720,720,2,0,,keep,human_visual_quality_approved
github_pothole::img-590,img-590.jpg,data/raw/v2/pothole_github/Pothole Dataset/img-590.jpg,data/raw/v2/pothole_github/Pothole Dataset/img-590.txt,6a66c0c6911f3bd1c8286d61c2674993b481869cc7d8d916541b7193b88adb66,534,300,1,0,,keep,human_visual_quality_approved
github_pothole::img-591,img-591.jpg,data/raw/v2/pothole_github/Pothole Dataset/img-591.jpg,data/raw/v2/pothole_github/Pothole Dataset/img-591.txt,16b344833bce3a0dda9b6f25a9c40f8a7c9d518bc0e0ded9e866b24ab39c07a2,540,300,2,0,,keep,human_visual_quality_approved
github_pothole::img-592,img-592.jpg,data/raw/v2/pothole_github/Pothole Dataset/img-592.jpg,data/raw/v2/pothole_github/Pothole Dataset/img-592.txt,6ef21c55db5c94a7283d535f67a27cd0c9745c427a55eaf04c79de46e3f062e9,336,300,3,0,,keep,human_visual_quality_approved
github_pothole::img-593,img-593.jpg,data/raw/v2/pothole_github/Pothole Dataset/img-593.jpg,data/raw/v2/pothole_github/Pothole Dataset/img-593.txt,73c185896c28264ee978bd80dbb6b7f0158fe5b61a37341ebe7003a14bcecdaf,521,300,3,0,,keep,human_visual_quality_approved
github_pothole::img-594,img-594.jpg,data/raw/v2/pothole_github/Pothole Dataset/img-594.jpg,data/raw/v2/pothole_github/Pothole Dataset/img-594.txt,68b1dc6c2abe8fb482277b0e5fa2f405ab98506b54a14aedf7e8fd5ba993fd6b,457,300,6,0,,keep,human_visual_quality_approved
github_pothole::img-595,img-595.jpg,data/raw/v2/pothole_github/Pothole Dataset/img-595.jpg,data/raw/v2/pothole_github/Pothole Dataset/img-595.txt,9af1195c2827a6a9e6f20fceb75df1a7059f7c49bcb0d7a1a890c5e376b73959,300,300,19,0,,keep,human_visual_quality_approved
github_pothole::img-596,img-596.jpg,data/raw/v2/pothole_github/Pothole Dataset/img-596.jpg,data/raw/v2/pothole_github/Pothole Dataset/img-596.txt,8f3d52da73220ea653c1754a1480007f949eeb0cb45206657c937701eefdb398,450,300,1,0,,keep,human_visual_quality_approved
github_pothole::img-597,img-597.jpg,data/raw/v2/pothole_github/Pothole Dataset/img-597.jpg,data/raw/v2/pothole_github/Pothole Dataset/img-597.txt,9fe598f7efc7e19792d3fb44789796d573016971598ab75f57d47a1ea04f6592,450,300,2,0,,keep,human_visual_quality_approved
github_pothole::img-598,img-598.jpg,data/raw/v2/pothole_github/Pothole Dataset/img-598.jpg,data/raw/v2/pothole_github/Pothole Dataset/img-598.txt,6ce92e1bac8643625f90cfc92113aff1ac89ce3337a9d0b686fbbd05954d8889,533,300,5,0,,keep,human_visual_quality_approved
github_pothole::img-599,img-599.jpg,data/raw/v2/pothole_github/Pothole Dataset/img-599.jpg,data/raw/v2/pothole_github/Pothole Dataset/img-599.txt,9ea79f82bd778d5ceaaaf2979de88ac02ecb46a67106cbd97662f41a0c396d8d,533,300,12,0,,keep,human_visual_quality_approved
github_pothole::img-6,img-6.jpg,data/raw/v2/pothole_github/Pothole Dataset/img-6.jpg,data/raw/v2/pothole_github/Pothole Dataset/img-6.txt,868dd77a96af8f603dc68d9720d3898d78cb21914198c118e2e7280cffaad6a6,720,720,2,0,,keep,human_visual_quality_approved
github_pothole::img-60,img-60.jpg,data/raw/v2/pothole_github/Pothole Dataset/img-60.jpg,data/raw/v2/pothole_github/Pothole Dataset/img-60.txt,2ecf25aa528af0f0603e65cdfa7ac7b29eb2879d9f2579a140b6f11196cd53da,720,720,2,0,,keep,human_visual_quality_approved
github_pothole::img-600,img-600.jpg,data/raw/v2/pothole_github/Pothole Dataset/img-600.jpg,data/raw/v2/pothole_github/Pothole Dataset/img-600.txt,833b69b4d93476721dbb829279f189b6abf400fac3469958d7d60a27b016b9f9,450,300,5,0,,keep,human_visual_quality_approved
github_pothole::img-601,img-601.jpg,data/raw/v2/pothole_github/Pothole Dataset/img-601.jpg,data/raw/v2/pothole_github/Pothole Dataset/img-601.txt,be34e009fd035a89266dd1b3f884794877947bc6e17379a0704d30e0a06ee283,450,300,2,0,,keep,human_visual_quality_approved
github_pothole::img-602,img-602.jpg,data/raw/v2/pothole_github/Pothole Dataset/img-602.jpg,data/raw/v2/pothole_github/Pothole Dataset/img-602.txt,35296a93cea7b9feba02c2cf367b8257165cf91a0cb99086b5cea01fa25451c7,529,300,1,0,,keep,human_visual_quality_approved
github_pothole::img-603,img-603.jpg,data/raw/v2/pothole_github/Pothole Dataset/img-603.jpg,data/raw/v2/pothole_github/Pothole Dataset/img-603.txt,6963198179f384f9d5d8e7318b7f18dcd1ff87c42fffad34c1e61708016d118a,300,533,1,0,,keep,human_visual_quality_approved
github_pothole::img-604,img-604.jpg,data/raw/v2/pothole_github/Pothole Dataset/img-604.jpg,data/raw/v2/pothole_github/Pothole Dataset/img-604.txt,80250f375baf4ac6166dfa44afc462f8ce5bac709a403329edd70aa41bd9ee79,445,300,9,0,,keep,human_visual_quality_approved
github_pothole::img-605,img-605.jpg,data/raw/v2/pothole_github/Pothole Dataset/img-605.jpg,data/raw/v2/pothole_github/Pothole Dataset/img-605.txt,07b83ad1eb818fb117fba9cb5fe5453db9cbe9f21cac1773267e57e3d1e3e3a1,421,300,1,0,,keep,human_visual_quality_approved
github_pothole::img-606,img-606.jpg,data/raw/v2/pothole_github/Pothole Dataset/img-606.jpg,data/raw/v2/pothole_github/Pothole Dataset/img-606.txt,abc1df6630644a3b46712d260b289accc06203281a71f2cdc1c407b0014a2551,600,300,1,0,,keep,human_visual_quality_approved
github_pothole::img-607,img-607.jpg,data/raw/v2/pothole_github/Pothole Dataset/img-607.jpg,data/raw/v2/pothole_github/Pothole Dataset/img-607.txt,ba78a7722e274a260c8215d45d68af71a0fc37c566716861de46d462ee1aa1b1,485,300,1,0,,keep,human_visual_quality_approved
github_pothole::img-608,img-608.jpg,data/raw/v2/pothole_github/Pothole Dataset/img-608.jpg,data/raw/v2/pothole_github/Pothole Dataset/img-608.txt,b7ec728ce97d67fa02937cf6f79fac294924cf972085d446716bd92cf1df3868,300,357,1,0,,keep,human_visual_quality_approved
github_pothole::img-609,img-609.jpg,data/raw/v2/pothole_github/Pothole Dataset/img-609.jpg,data/raw/v2/pothole_github/Pothole Dataset/img-609.txt,2f178be4139f5fd85386edf9f178448d978d449d4324248e06a2fc1c4ffaec39,400,300,5,0,,keep,human_visual_quality_approved
github_pothole::img-61,img-61.jpg,data/raw/v2/pothole_github/Pothole Dataset/img-61.jpg,data/raw/v2/pothole_github/Pothole Dataset/img-61.txt,7c1f0c08cc0d5e74b6e4b328eeb118c2167c5af667e79ff5d590dac607d8b6cc,720,720,1,0,,keep,human_visual_quality_approved
github_pothole::img-610,img-610.jpg,data/raw/v2/pothole_github/Pothole Dataset/img-610.jpg,data/raw/v2/pothole_github/Pothole Dataset/img-610.txt,748bbb69f29f687b824052bcdf00a322a4eef76b687d4bc7eb936ad53851109b,300,400,4,0,,keep,human_visual_quality_approved
github_pothole::img-611,img-611.jpg,data/raw/v2/pothole_github/Pothole Dataset/img-611.jpg,data/raw/v2/pothole_github/Pothole Dataset/img-611.txt,06ee93d468298e552e5b3b7737a612054dad0c065165244ab8300437bef867ee,437,300,1,0,,keep,human_visual_quality_approved
github_pothole::img-612,img-612.jpg,data/raw/v2/pothole_github/Pothole Dataset/img-612.jpg,data/raw/v2/pothole_github/Pothole Dataset/img-612.txt,7ac34016380aee78fecb6cc99e1ff17d70b18636bfd74fbe6a43bcf71345ca9c,400,300,4,0,,keep,human_visual_quality_approved
github_pothole::img-613,img-613.jpg,data/raw/v2/pothole_github/Pothole Dataset/img-613.jpg,data/raw/v2/pothole_github/Pothole Dataset/img-613.txt,373c6f52a968e4ab28d47212ade185ae2888cd94eb4f5c4bf5c2fcf0fa9813a8,506,300,3,0,,keep,human_visual_quality_approved
github_pothole::img-614,img-614.jpg,data/raw/v2/pothole_github/Pothole Dataset/img-614.jpg,data/raw/v2/pothole_github/Pothole Dataset/img-614.txt,c074562c4c8d2a3563e12a021f3cb6654c788a1ecab482128458f4b46a25e0e8,474,300,2,0,,keep,human_visual_quality_approved
github_pothole::img-615,img-615.jpg,data/raw/v2/pothole_github/Pothole Dataset/img-615.jpg,data/raw/v2/pothole_github/Pothole Dataset/img-615.txt,c2c8ce7846c9e579184c65d9c70ee7b9737b4352a41c38c09ab0b99da254c7d6,486,300,1,0,,keep,human_visual_quality_approved
github_pothole::img-616,img-616.jpg,data/raw/v2/pothole_github/Pothole Dataset/img-616.jpg,data/raw/v2/pothole_github/Pothole Dataset/img-616.txt,00032e167933cc5ca0fca4ec1245b7b573549b6d776fcf1d48018de0dda0fafa,451,300,5,0,,keep,human_visual_quality_approved
github_pothole::img-617,img-617.jpg,data/raw/v2/pothole_github/Pothole Dataset/img-617.jpg,data/raw/v2/pothole_github/Pothole Dataset/img-617.txt,c087724aa6968dd4498f95fd1f999d7ba9c29be6611c702571d3ce4b24a7f484,450,300,5,0,,keep,human_visual_quality_approved
github_pothole::img-618,img-618.jpg,data/raw/v2/pothole_github/Pothole Dataset/img-618.jpg,data/raw/v2/pothole_github/Pothole Dataset/img-618.txt,91be27d26944108a2225ce1fc03bb7901606c53e1cdccfbfb73d725593b7c20c,533,300,7,0,,keep,human_visual_quality_approved
github_pothole::img-619,img-619.jpg,data/raw/v2/pothole_github/Pothole Dataset/img-619.jpg,data/raw/v2/pothole_github/Pothole Dataset/img-619.txt,dc842edc549d2226399711a53e8f34e6bf3f3f963c93a75e2b6af6e170ef8713,472,300,1,0,,keep,human_visual_quality_approved
github_pothole::img-62,img-62.jpg,data/raw/v2/pothole_github/Pothole Dataset/img-62.jpg,data/raw/v2/pothole_github/Pothole Dataset/img-62.txt,ce370a185d923e65fac4e5c3dd5a1f3360ef9a3a969199d930549add3798de0e,720,720,2,0,,keep,human_visual_quality_approved
github_pothole::img-620,img-620.jpg,data/raw/v2/pothole_github/Pothole Dataset/img-620.jpg,data/raw/v2/pothole_github/Pothole Dataset/img-620.txt,6fa8fba633639584de13ac784b42d9f3734a62a81112990fc1be3fcf66b5b93f,571,300,2,0,,keep,human_visual_quality_approved
github_pothole::img-621,img-621.jpg,data/raw/v2/pothole_github/Pothole Dataset/img-621.jpg,data/raw/v2/pothole_github/Pothole Dataset/img-621.txt,8328f340a710df7a202c629f80c51117d5250463cdbbcbc2e0c13ef2643a1967,303,300,6,0,,keep,human_visual_quality_approved
github_pothole::img-622,img-622.jpg,data/raw/v2/pothole_github/Pothole Dataset/img-622.jpg,data/raw/v2/pothole_github/Pothole Dataset/img-622.txt,18b20d1e47bdc06cb5ad8db65f3b63040a23f448026b03936a02726186c12768,655,300,8,0,,keep,human_visual_quality_approved
github_pothole::img-623,img-623.jpg,data/raw/v2/pothole_github/Pothole Dataset/img-623.jpg,data/raw/v2/pothole_github/Pothole Dataset/img-623.txt,ebe884b3520f0b693c7affb8cae6341047ea1b745b7185df846a74c2c3c48b6d,534,300,1,0,,keep,human_visual_quality_approved
github_pothole::img-624,img-624.jpg,data/raw/v2/pothole_github/Pothole Dataset/img-624.jpg,data/raw/v2/pothole_github/Pothole Dataset/img-624.txt,fe474c62027cba1e6528cd5f0a89fa53beed6a8b2853b975cf15baf5fabfc6be,427,300,11,0,,keep,human_visual_quality_approved
github_pothole::img-625,img-625.jpg,data/raw/v2/pothole_github/Pothole Dataset/img-625.jpg,data/raw/v2/pothole_github/Pothole Dataset/img-625.txt,7e85ef63a06652f69633482fcfd21d3435c85e1830ec9e479d21d9b354c44cd8,533,300,3,0,,keep,human_visual_quality_approved
github_pothole::img-626,img-626.jpg,data/raw/v2/pothole_github/Pothole Dataset/img-626.jpg,data/raw/v2/pothole_github/Pothole Dataset/img-626.txt,d60ad1f7c099444f9bf2fbcc3a446f582dc3c9019a602f88227ab7c799e1113a,450,300,2,0,,keep,human_visual_quality_approved
github_pothole::img-627,img-627.jpg,data/raw/v2/pothole_github/Pothole Dataset/img-627.jpg,data/raw/v2/pothole_github/Pothole Dataset/img-627.txt,a0fe6537ef3e54fb1e279eb4f2cad9741e4522edd210401208982c5593bc51a4,600,300,2,0,,keep,human_visual_quality_approved
github_pothole::img-628,img-628.jpg,data/raw/v2/pothole_github/Pothole Dataset/img-628.jpg,data/raw/v2/pothole_github/Pothole Dataset/img-628.txt,2437fc9c9c6205c4b4129cb293efb5fb6a86135c2802a171d672870bfab072d4,447,300,1,0,,keep,human_visual_quality_approved
github_pothole::img-629,img-629.jpg,data/raw/v2/pothole_github/Pothole Dataset/img-629.jpg,data/raw/v2/pothole_github/Pothole Dataset/img-629.txt,217c38dfdfc637366535852d529cca2a05483e59785c84a1388c357ada36bcb9,400,300,1,0,,keep,human_visual_quality_approved
github_pothole::img-63,img-63.jpg,data/raw/v2/pothole_github/Pothole Dataset/img-63.jpg,data/raw/v2/pothole_github/Pothole Dataset/img-63.txt,fbe608c825a72ea570f74978cb1cf2b223b347666bbe35a9ef0ea3f116b10f90,720,720,1,0,,keep,human_visual_quality_approved
github_pothole::img-630,img-630.jpg,data/raw/v2/pothole_github/Pothole Dataset/img-630.jpg,data/raw/v2/pothole_github/Pothole Dataset/img-630.txt,86b88b8cb7975e0cb91ac913d31f9df63643f7511d797a9a591930ca5a036522,450,300,2,0,,keep,human_visual_quality_approved
github_pothole::img-631,img-631.jpg,data/raw/v2/pothole_github/Pothole Dataset/img-631.jpg,data/raw/v2/pothole_github/Pothole Dataset/img-631.txt,050488347fee34c5f92f85d44a0c9278c52e8812be2f60c9338e2b3ebe0b751b,452,300,3,0,,keep,human_visual_quality_approved
github_pothole::img-632,img-632.jpg,data/raw/v2/pothole_github/Pothole Dataset/img-632.jpg,data/raw/v2/pothole_github/Pothole Dataset/img-632.txt,eadb80b27f385055cef3cb309a8ba64718b4ac4e700d1b14e127f70856986eff,450,300,1,0,,keep,human_visual_quality_approved
github_pothole::img-633,img-633.jpg,data/raw/v2/pothole_github/Pothole Dataset/img-633.jpg,data/raw/v2/pothole_github/Pothole Dataset/img-633.txt,1cfeaa7a5c122c6dee6714a4c799654d6e3986e8c226b96fca085e4fa678cbf5,399,300,1,0,,keep,human_visual_quality_approved
github_pothole::img-634,img-634.jpg,data/raw/v2/pothole_github/Pothole Dataset/img-634.jpg,data/raw/v2/pothole_github/Pothole Dataset/img-634.txt,95fcdd3a8e4295503b2d7c9590de0d0797035d23ab6b754d00029b2fedd95506,450,300,13,0,,keep,human_visual_quality_approved
github_pothole::img-635,img-635.jpg,data/raw/v2/pothole_github/Pothole Dataset/img-635.jpg,data/raw/v2/pothole_github/Pothole Dataset/img-635.txt,a8f56b152d9b1eac77fe44ee3dbbc77628bf3803679fb787e7e4c8d9656c981c,300,300,1,0,,keep,human_visual_quality_approved
github_pothole::img-636,img-636.jpg,data/raw/v2/pothole_github/Pothole Dataset/img-636.jpg,data/raw/v2/pothole_github/Pothole Dataset/img-636.txt,ba5eb27998e54e8fceb8d768b3a5100152da27e164ae178d88709f1688986f41,450,300,7,0,,keep,human_visual_quality_approved
github_pothole::img-637,img-637.jpg,data/raw/v2/pothole_github/Pothole Dataset/img-637.jpg,data/raw/v2/pothole_github/Pothole Dataset/img-637.txt,c7d0a9c7cecda7216ec293c44471478f65f169f1ca50455cd9f75b0637f445df,464,300,2,0,,keep,human_visual_quality_approved
github_pothole::img-638,img-638.jpg,data/raw/v2/pothole_github/Pothole Dataset/img-638.jpg,data/raw/v2/pothole_github/Pothole Dataset/img-638.txt,6b44760d1694460fd7673d8760fceba7d5d54e388934e27e7e74e62a99d01116,533,300,1,0,,keep,human_visual_quality_approved
github_pothole::img-639,img-639.jpg,data/raw/v2/pothole_github/Pothole Dataset/img-639.jpg,data/raw/v2/pothole_github/Pothole Dataset/img-639.txt,3bff61c9b79c413ea5248377bcbac423b5a3d2128f7f54df0c1cf8cc3b575780,534,300,1,0,,keep,human_visual_quality_approved
github_pothole::img-64,img-64.jpg,data/raw/v2/pothole_github/Pothole Dataset/img-64.jpg,data/raw/v2/pothole_github/Pothole Dataset/img-64.txt,3f7e614ccdef27acd08f7e6016ca3749f815a88cb7d9bab78b71ba9d49c7849a,720,720,1,0,,keep,human_visual_quality_approved
github_pothole::img-640,img-640.jpg,data/raw/v2/pothole_github/Pothole Dataset/img-640.jpg,data/raw/v2/pothole_github/Pothole Dataset/img-640.txt,b18f51cd8e91058edc6f678e72d7522816bb9ec62d59d7a0ba0ca557b4a4eb39,400,300,1,0,,keep,human_visual_quality_approved
github_pothole::img-641,img-641.jpg,data/raw/v2/pothole_github/Pothole Dataset/img-641.jpg,data/raw/v2/pothole_github/Pothole Dataset/img-641.txt,fa24312a34c6c4ab7d274403556999e4cb89563331978848303ec2c579ce5435,464,300,1,0,,keep,human_visual_quality_approved
github_pothole::img-642,img-642.jpg,data/raw/v2/pothole_github/Pothole Dataset/img-642.jpg,data/raw/v2/pothole_github/Pothole Dataset/img-642.txt,847b579b16a097d0164696761cbb52c6df715e082f2efc93d941176d29324df3,300,400,3,0,,keep,human_visual_quality_approved
github_pothole::img-643,img-643.jpg,data/raw/v2/pothole_github/Pothole Dataset/img-643.jpg,data/raw/v2/pothole_github/Pothole Dataset/img-643.txt,38fb5ef944ce66bbd84932ccf4b778b6528f45e22a756fad4845233b7c1af8e6,400,300,1,0,,keep,human_visual_quality_approved
github_pothole::img-644,img-644.jpg,data/raw/v2/pothole_github/Pothole Dataset/img-644.jpg,data/raw/v2/pothole_github/Pothole Dataset/img-644.txt,ac20c429652ffecfadb5f7dfd174a3455c6c4585146b757f5f320d3743505d29,300,399,3,0,,keep,human_visual_quality_approved
github_pothole::img-645,img-645.jpg,data/raw/v2/pothole_github/Pothole Dataset/img-645.jpg,data/raw/v2/pothole_github/Pothole Dataset/img-645.txt,1acaed21a4754cb33c5ab0881168914b2113e06477a64e9e88a64994f4c8c8e9,451,300,1,0,,keep,human_visual_quality_approved
github_pothole::img-646,img-646.jpg,data/raw/v2/pothole_github/Pothole Dataset/img-646.jpg,data/raw/v2/pothole_github/Pothole Dataset/img-646.txt,3f89ef8fb4cc0c36c13400953b8af9ca4e5e67a6e7bd4d792c10dc64370c87d4,534,300,1,0,,keep,human_visual_quality_approved
github_pothole::img-647,img-647.jpg,data/raw/v2/pothole_github/Pothole Dataset/img-647.jpg,data/raw/v2/pothole_github/Pothole Dataset/img-647.txt,abd6ab411035c831d0ebc8524902fd62de125d057292f1a7b5ac54b5854b2aed,533,300,1,0,,keep,human_visual_quality_approved
github_pothole::img-648,img-648.jpg,data/raw/v2/pothole_github/Pothole Dataset/img-648.jpg,data/raw/v2/pothole_github/Pothole Dataset/img-648.txt,a7bf46cb62de0245f94ed3f2be88121db17c1514cfe2a77e20a0be594c48c446,720,266,12,0,,keep,human_visual_quality_approved
github_pothole::img-649,img-649.jpg,data/raw/v2/pothole_github/Pothole Dataset/img-649.jpg,data/raw/v2/pothole_github/Pothole Dataset/img-649.txt,d15cc55353e3be9ec07046b5c8144335e49c3be7411ef3b282b96c86f3bc865f,532,300,2,0,,keep,human_visual_quality_approved
github_pothole::img-65,img-65.jpg,data/raw/v2/pothole_github/Pothole Dataset/img-65.jpg,data/raw/v2/pothole_github/Pothole Dataset/img-65.txt,e892b97645e7918144ec325bbf810dee41d175c00a0ec8fd27a7594d0f401ca0,720,720,1,0,,keep,human_visual_quality_approved
github_pothole::img-650,img-650.jpg,data/raw/v2/pothole_github/Pothole Dataset/img-650.jpg,data/raw/v2/pothole_github/Pothole Dataset/img-650.txt,1180513dbbb6d9b1fef9bc9482155f747d57e309c4f861d9678b9507b23541a6,435,300,2,0,,keep,human_visual_quality_approved
github_pothole::img-651,img-651.jpg,data/raw/v2/pothole_github/Pothole Dataset/img-651.jpg,data/raw/v2/pothole_github/Pothole Dataset/img-651.txt,3acd11b26694b5ec8419c7dcaacec0e4dd50b975d4901093bad74edbad8b7be1,400,300,1,0,,keep,human_visual_quality_approved
github_pothole::img-652,img-652.jpg,data/raw/v2/pothole_github/Pothole Dataset/img-652.jpg,data/raw/v2/pothole_github/Pothole Dataset/img-652.txt,7658ba1f8d44377c9e28c613dfb5e5efbdb180d88248392ae2eac93ff87083d7,450,300,3,0,,keep,human_visual_quality_approved
github_pothole::img-653,img-653.jpg,data/raw/v2/pothole_github/Pothole Dataset/img-653.jpg,data/raw/v2/pothole_github/Pothole Dataset/img-653.txt,0191ab21b233442fcb4b31c82af619cf93c00d853c3c7991f85e91fd6df15171,450,300,3,0,,keep,human_visual_quality_approved
github_pothole::img-654,img-654.jpg,data/raw/v2/pothole_github/Pothole Dataset/img-654.jpg,data/raw/v2/pothole_github/Pothole Dataset/img-654.txt,c902cb160d37b30a15aef8b0b8f4a5ce2be20e1daa46c5e86166b43fdf613d45,450,300,3,0,,keep,human_visual_quality_approved
github_pothole::img-655,img-655.jpg,data/raw/v2/pothole_github/Pothole Dataset/img-655.jpg,data/raw/v2/pothole_github/Pothole Dataset/img-655.txt,ce064cbacc12f6851343a1887c7c54e92ec6938003100cf75d88998b62a68d1c,534,300,8,0,,keep,human_visual_quality_approved
github_pothole::img-656,img-656.jpg,data/raw/v2/pothole_github/Pothole Dataset/img-656.jpg,data/raw/v2/pothole_github/Pothole Dataset/img-656.txt,eb1603bb4a323b2dfa328b3956cdc4fa2084dd5745468cb3d507aacfebee1e51,300,440,2,0,,keep,human_visual_quality_approved
github_pothole::img-657,img-657.jpg,data/raw/v2/pothole_github/Pothole Dataset/img-657.jpg,data/raw/v2/pothole_github/Pothole Dataset/img-657.txt,7bfef865f72ac1e52c17951565b7d25ce59748ae097048102e424315fb0c5ee1,400,300,1,0,,keep,human_visual_quality_approved
github_pothole::img-658,img-658.jpg,data/raw/v2/pothole_github/Pothole Dataset/img-658.jpg,data/raw/v2/pothole_github/Pothole Dataset/img-658.txt,1a1c890e57f368021440059f34d5a9b57916e889a88771f4c497fdf6bbe8e8fd,300,400,4,0,,keep,human_visual_quality_approved
github_pothole::img-659,img-659.jpg,data/raw/v2/pothole_github/Pothole Dataset/img-659.jpg,data/raw/v2/pothole_github/Pothole Dataset/img-659.txt,e7faf53326215d23ba1700ec9afd2d4d6cd3239d9d16d6c726dee0133efd7342,533,300,1,0,,keep,human_visual_quality_approved
github_pothole::img-66,img-66.jpg,data/raw/v2/pothole_github/Pothole Dataset/img-66.jpg,data/raw/v2/pothole_github/Pothole Dataset/img-66.txt,47494d565d41f203608d530d7a68f26323146da8470f38dd9d5946045413dafe,720,720,6,0,,keep,human_visual_quality_approved
github_pothole::img-660,img-660.jpg,data/raw/v2/pothole_github/Pothole Dataset/img-660.jpg,data/raw/v2/pothole_github/Pothole Dataset/img-660.txt,0bef3bc12c7338ef9761011cd6bb1538a8379f21c2aff0e28bfbbc008bfcc7ce,450,300,1,0,,keep,human_visual_quality_approved
github_pothole::img-661,img-661.jpg,data/raw/v2/pothole_github/Pothole Dataset/img-661.jpg,data/raw/v2/pothole_github/Pothole Dataset/img-661.txt,bb4742ba28918b554d2404b383fe7807474697bea5332dbd5e19353b14c683fa,533,300,1,0,,keep,human_visual_quality_approved
github_pothole::img-662,img-662.jpg,data/raw/v2/pothole_github/Pothole Dataset/img-662.jpg,data/raw/v2/pothole_github/Pothole Dataset/img-662.txt,52798bb8d17433ee011d65e97f55868ffdbc66be834adc0d256527299c7816f7,452,300,5,0,,keep,human_visual_quality_approved
github_pothole::img-663,img-663.jpg,data/raw/v2/pothole_github/Pothole Dataset/img-663.jpg,data/raw/v2/pothole_github/Pothole Dataset/img-663.txt,cea42050bc8f565999cec13d8d9ac49db62365a5cfbfc93ee0eef12fa8854582,335,300,10,0,,keep,human_visual_quality_approved
github_pothole::img-664,img-664.jpg,data/raw/v2/pothole_github/Pothole Dataset/img-664.jpg,data/raw/v2/pothole_github/Pothole Dataset/img-664.txt,87f479fa0456f6b72e75db012d220db93a52173de6ec436eb801e7013a68752e,400,300,1,0,,keep,human_visual_quality_approved
github_pothole::img-665,img-665.jpg,data/raw/v2/pothole_github/Pothole Dataset/img-665.jpg,data/raw/v2/pothole_github/Pothole Dataset/img-665.txt,8e423257f70ac6f57228a7b8762cf7a869578d96efd52c6e45e258b091afca97,452,300,1,0,,keep,human_visual_quality_approved
github_pothole::img-666,img-666.jpg,data/raw/v2/pothole_github/Pothole Dataset/img-666.jpg,data/raw/v2/pothole_github/Pothole Dataset/img-666.txt,e9633f6c0befc5c16d28e654b9f9ea58ce78328a20b7d73b1018bc63f8fc9d09,416,234,8,0,,keep,human_visual_quality_approved
github_pothole::img-667,img-667.jpg,data/raw/v2/pothole_github/Pothole Dataset/img-667.jpg,data/raw/v2/pothole_github/Pothole Dataset/img-667.txt,9e31cec47b3b99135fdb8a87c500a73466d829a2c0f61a53536bb4fbef2d6dcd,416,278,3,0,,keep,human_visual_quality_approved
github_pothole::img-668,img-668.jpg,data/raw/v2/pothole_github/Pothole Dataset/img-668.jpg,data/raw/v2/pothole_github/Pothole Dataset/img-668.txt,a03d0d850b282f65063b200511c4f1e32114fee31b79e36fc03b67270a401b85,416,341,21,0,,keep,human_visual_quality_approved
github_pothole::img-669,img-669.jpg,data/raw/v2/pothole_github/Pothole Dataset/img-669.jpg,data/raw/v2/pothole_github/Pothole Dataset/img-669.txt,403da43c009638dfe7e574c25e0a97eec166d78e259de2676e5e24993b154f2d,416,512,1,0,,keep,human_visual_quality_approved
github_pothole::img-67,img-67.jpg,data/raw/v2/pothole_github/Pothole Dataset/img-67.jpg,data/raw/v2/pothole_github/Pothole Dataset/img-67.txt,0c60379ac0134b54406dada9d29a485383523b6f5ad9f387b6ceb7f9a96444a2,720,720,3,0,,keep,human_visual_quality_approved
github_pothole::img-670,img-670.jpg,data/raw/v2/pothole_github/Pothole Dataset/img-670.jpg,data/raw/v2/pothole_github/Pothole Dataset/img-670.txt,544bb8300d1f05cb932fb1388755e7308e462ca0b08d80a3c171a7ac744cb479,416,305,3,0,,keep,human_visual_quality_approved
github_pothole::img-671,img-671.jpg,data/raw/v2/pothole_github/Pothole Dataset/img-671.jpg,data/raw/v2/pothole_github/Pothole Dataset/img-671.txt,b915014c20e588c4015ef90933292a1856eb0b3ebf0b96f630b9a34e1a7b191c,416,312,21,0,,keep,human_visual_quality_approved
github_pothole::img-672,img-672.jpg,data/raw/v2/pothole_github/Pothole Dataset/img-672.jpg,data/raw/v2/pothole_github/Pothole Dataset/img-672.txt,46adef2a4c6eab8a02cef9df4d804ed6c954dd8c6cdbc720fb4860e1575482d9,416,288,2,0,,keep,human_visual_quality_approved
github_pothole::img-673,img-673.jpg,data/raw/v2/pothole_github/Pothole Dataset/img-673.jpg,data/raw/v2/pothole_github/Pothole Dataset/img-673.txt,0833193ad22d2681723a7cbc0b03ca5016eb7f7ef48977a45dadb7d42ac2499f,416,633,13,0,,keep,human_visual_quality_approved
github_pothole::img-674,img-674.jpg,data/raw/v2/pothole_github/Pothole Dataset/img-674.jpg,data/raw/v2/pothole_github/Pothole Dataset/img-674.txt,2fc8410a7b5e194c2e5ca7d0ef25cd66a3aea387698393516cfebb7333053084,416,626,7,0,,keep,human_visual_quality_approved
github_pothole::img-675,img-675.jpg,data/raw/v2/pothole_github/Pothole Dataset/img-675.jpg,data/raw/v2/pothole_github/Pothole Dataset/img-675.txt,e41a81d188870cbc50c9da81a220c03284f6d5ea4c7e3ab58ebb2db7313818f9,416,618,5,0,,keep,human_visual_quality_approved
github_pothole::img-676,img-676.jpg,data/raw/v2/pothole_github/Pothole Dataset/img-676.jpg,data/raw/v2/pothole_github/Pothole Dataset/img-676.txt,15ac6795bd2efd3f92ba8e15862ef4181aed3497718145dbdbb7d4e80c20a59e,416,555,1,0,,keep,human_visual_quality_approved
github_pothole::img-677,img-677.jpg,data/raw/v2/pothole_github/Pothole Dataset/img-677.jpg,data/raw/v2/pothole_github/Pothole Dataset/img-677.txt,4d3609093c50f41f3a22d64d0af8d71be28089905ebbc25e3a2aebb93a7d093f,416,312,5,0,,keep,human_visual_quality_approved
github_pothole::img-678,img-678.jpg,data/raw/v2/pothole_github/Pothole Dataset/img-678.jpg,data/raw/v2/pothole_github/Pothole Dataset/img-678.txt,22e3959d19e5dbbde962f176691014cd211d9eaecca5eafbaaaaccf18efc7876,416,277,1,0,,keep,human_visual_quality_approved
github_pothole::img-679,img-679.jpg,data/raw/v2/pothole_github/Pothole Dataset/img-679.jpg,data/raw/v2/pothole_github/Pothole Dataset/img-679.txt,c0cc9254c328ce1095c6740f7778608b1bb436b8953690ccbb7000efe2008920,416,623,3,0,,keep,human_visual_quality_approved
github_pothole::img-68,img-68.jpg,data/raw/v2/pothole_github/Pothole Dataset/img-68.jpg,data/raw/v2/pothole_github/Pothole Dataset/img-68.txt,0de627e28ba7b4fb1352058866791a21d0b3bb0f2bdc91f8bf29d3c4ed0758a1,720,720,2,0,,keep,human_visual_quality_approved
github_pothole::img-680,img-680.jpg,data/raw/v2/pothole_github/Pothole Dataset/img-680.jpg,data/raw/v2/pothole_github/Pothole Dataset/img-680.txt,7ba7416e27e051bddd94f10ab74f3abcefd634069cacb0e29413028ec755923d,416,312,4,0,,keep,human_visual_quality_approved
github_pothole::img-681,img-681.jpg,data/raw/v2/pothole_github/Pothole Dataset/img-681.jpg,data/raw/v2/pothole_github/Pothole Dataset/img-681.txt,9ac31a7ff7f022c56c6e2b066e127a45274239b28c42a5caa285f6bc22c0b432,416,600,6,0,,keep,human_visual_quality_approved
github_pothole::img-682,img-682.jpg,data/raw/v2/pothole_github/Pothole Dataset/img-682.jpg,data/raw/v2/pothole_github/Pothole Dataset/img-682.txt,7296f5024d4d22808d825fea4a845058de3da935d5de0738ea5bd5838eeb4cb5,416,277,1,0,,keep,human_visual_quality_approved
github_pothole::img-683,img-683.jpg,data/raw/v2/pothole_github/Pothole Dataset/img-683.jpg,data/raw/v2/pothole_github/Pothole Dataset/img-683.txt,2464625aee3818a204f28b6907153a5296fe765f2979a8db8feb4830e782bd64,416,275,3,0,,keep,human_visual_quality_approved
github_pothole::img-684,img-684.jpg,data/raw/v2/pothole_github/Pothole Dataset/img-684.jpg,data/raw/v2/pothole_github/Pothole Dataset/img-684.txt,98d0207c05840af850a2e262f23b2ef7e3ce114fdf2dfcc2947f7f964190417c,400,533,2,0,,keep,human_visual_quality_approved
github_pothole::img-685,img-685.jpg,data/raw/v2/pothole_github/Pothole Dataset/img-685.jpg,data/raw/v2/pothole_github/Pothole Dataset/img-685.txt,173710731b6932e301c93ab6e13061bffc50e094e823c248caba3350937ae4b7,416,260,5,0,,keep,human_visual_quality_approved
github_pothole::img-686,img-686.jpg,data/raw/v2/pothole_github/Pothole Dataset/img-686.jpg,data/raw/v2/pothole_github/Pothole Dataset/img-686.txt,e262e2987af5e5ceaa776917c9c1355fa4de3692c820b808efd33a23fac23407,416,277,1,0,,keep,human_visual_quality_approved
github_pothole::img-687,img-687.jpg,data/raw/v2/pothole_github/Pothole Dataset/img-687.jpg,data/raw/v2/pothole_github/Pothole Dataset/img-687.txt,00472faace27ed18726a62ca9d46f9b1d0a3117823bdda95a67e3258bfabdd0f,416,610,2,0,,keep,human_visual_quality_approved
github_pothole::img-688,img-688.jpg,data/raw/v2/pothole_github/Pothole Dataset/img-688.jpg,data/raw/v2/pothole_github/Pothole Dataset/img-688.txt,d09eb5317d85d22ebea0948634e66c49c9a2db474d5a58c1e565f1b3d44c8d03,416,624,8,0,,keep,human_visual_quality_approved
github_pothole::img-689,img-689.jpg,data/raw/v2/pothole_github/Pothole Dataset/img-689.jpg,data/raw/v2/pothole_github/Pothole Dataset/img-689.txt,4074a7e8dfa062a6250855f91ca2ad36e4cf46db88b29437825be3bee882157e,416,277,2,0,,keep,human_visual_quality_approved
github_pothole::img-69,img-69.jpg,data/raw/v2/pothole_github/Pothole Dataset/img-69.jpg,data/raw/v2/pothole_github/Pothole Dataset/img-69.txt,82cc873478af049cd3a14f08c663e6957e99a0ff02b18d5b1d354fd13c9258f6,720,720,2,0,,keep,human_visual_quality_approved
github_pothole::img-690,img-690.jpg,data/raw/v2/pothole_github/Pothole Dataset/img-690.jpg,data/raw/v2/pothole_github/Pothole Dataset/img-690.txt,1c33c34af0686a3e59a955a6d470cd3b8a45db3402e3e88b72997c530ed51b72,416,619,5,0,,keep,human_visual_quality_approved
github_pothole::img-691,img-691.jpg,data/raw/v2/pothole_github/Pothole Dataset/img-691.jpg,data/raw/v2/pothole_github/Pothole Dataset/img-691.txt,daabbce9be7d7bce1849c2ccc6e9aaa9e9d145026365a0e7acecbf40154e32e7,416,277,1,0,,keep,human_visual_quality_approved
github_pothole::img-692,img-692.jpg,data/raw/v2/pothole_github/Pothole Dataset/img-692.jpg,data/raw/v2/pothole_github/Pothole Dataset/img-692.txt,23a0d9e77e5bdc7d8384b5adde68390ea755bc60d63745eacf92b5ef77ecac11,416,559,3,0,,keep,human_visual_quality_approved
github_pothole::img-693,img-693.jpg,data/raw/v2/pothole_github/Pothole Dataset/img-693.jpg,data/raw/v2/pothole_github/Pothole Dataset/img-693.txt,f8a4b35730df798de335e152a0976880d71abe4b056eb5283fc3552f2e16b39d,416,312,21,0,,keep,human_visual_quality_approved
github_pothole::img-694,img-694.jpg,data/raw/v2/pothole_github/Pothole Dataset/img-694.jpg,data/raw/v2/pothole_github/Pothole Dataset/img-694.txt,4771664f2afe97c62e8bad26fa885495e121067beafc7e95337dd23a7b97846b,416,624,2,0,,keep,human_visual_quality_approved
github_pothole::img-695,img-695.jpg,data/raw/v2/pothole_github/Pothole Dataset/img-695.jpg,data/raw/v2/pothole_github/Pothole Dataset/img-695.txt,4494c0454a5390fce4fa9190900c3caa97530a7131c17fcfa2a25de50a53197c,416,312,1,0,,keep,human_visual_quality_approved
github_pothole::img-696,img-696.jpg,data/raw/v2/pothole_github/Pothole Dataset/img-696.jpg,data/raw/v2/pothole_github/Pothole Dataset/img-696.txt,8b415b2b6a5b3bf8b1a91a03400c30738bea877782364e5a2b8ad6a1687ee0c3,416,555,1,0,,keep,human_visual_quality_approved
github_pothole::img-697,img-697.jpg,data/raw/v2/pothole_github/Pothole Dataset/img-697.jpg,data/raw/v2/pothole_github/Pothole Dataset/img-697.txt,8522a3dc41bce69487afce46b25bd25f2fa8b2272d3beae1c7c96f49a868ba10,416,277,1,0,,keep,human_visual_quality_approved
github_pothole::img-698,img-698.jpg,data/raw/v2/pothole_github/Pothole Dataset/img-698.jpg,data/raw/v2/pothole_github/Pothole Dataset/img-698.txt,1c8a5e57698dfebb5874a343cee8a9df7cd416ae5920007c89c33a6e2c9e8f33,416,277,4,0,,keep,human_visual_quality_approved
github_pothole::img-699,img-699.jpg,data/raw/v2/pothole_github/Pothole Dataset/img-699.jpg,data/raw/v2/pothole_github/Pothole Dataset/img-699.txt,19892bbfd99e4751da4776d8c6ee0fca705434a18ca9fe7f5e91790560c619b1,416,495,1,0,,keep,human_visual_quality_approved
github_pothole::img-7,img-7.jpg,data/raw/v2/pothole_github/Pothole Dataset/img-7.jpg,data/raw/v2/pothole_github/Pothole Dataset/img-7.txt,68d24c11e6486188a113f951594e8c3311b4536ee1fed3385edda665dec77e00,720,720,1,0,,keep,human_visual_quality_approved
github_pothole::img-70,img-70.jpg,data/raw/v2/pothole_github/Pothole Dataset/img-70.jpg,data/raw/v2/pothole_github/Pothole Dataset/img-70.txt,285060c3773c83803b241747562bd97e5f82d69799b7ddee6971b195b0886f99,720,720,2,0,,keep,human_visual_quality_approved
github_pothole::img-700,img-700.jpg,data/raw/v2/pothole_github/Pothole Dataset/img-700.jpg,data/raw/v2/pothole_github/Pothole Dataset/img-700.txt,9a13cf9c6d6a5c3520b981c4b11efe4e442f7e2aef7d977e4a43022ba18ebddc,416,312,3,0,,keep,human_visual_quality_approved
github_pothole::img-701,img-701.jpg,data/raw/v2/pothole_github/Pothole Dataset/img-701.jpg,data/raw/v2/pothole_github/Pothole Dataset/img-701.txt,5f0c506bba40edc4c07828cae6e7134528431d7b216a0a90506a4cbe9ce8268d,416,277,7,0,,keep,human_visual_quality_approved
github_pothole::img-702,img-702.jpg,data/raw/v2/pothole_github/Pothole Dataset/img-702.jpg,data/raw/v2/pothole_github/Pothole Dataset/img-702.txt,cf8b5261b03c2721bf852c91b6a7561aeae416bc81eba8d357c28af1d8fce6ca,416,277,4,0,,keep,human_visual_quality_approved
github_pothole::img-703,img-703.jpg,data/raw/v2/pothole_github/Pothole Dataset/img-703.jpg,data/raw/v2/pothole_github/Pothole Dataset/img-703.txt,50c728255d7f3177a1be67a924dc455ad4236a17abee3ea0717d1b275533098e,416,280,13,0,,keep,human_visual_quality_approved
github_pothole::img-704,img-704.jpg,data/raw/v2/pothole_github/Pothole Dataset/img-704.jpg,data/raw/v2/pothole_github/Pothole Dataset/img-704.txt,6dfc47a9332d6ff3b2e6f940995418141623fcc5a8c9b24eb4b565fe436a192e,416,740,1,0,,keep,human_visual_quality_approved
github_pothole::img-705,img-705.jpg,data/raw/v2/pothole_github/Pothole Dataset/img-705.jpg,data/raw/v2/pothole_github/Pothole Dataset/img-705.txt,2393c2da555e264bee0e78125adea0bd828b00e558e271550832188ad69b5afb,416,234,3,0,,keep,human_visual_quality_approved
github_pothole::img-706,img-706.jpg,data/raw/v2/pothole_github/Pothole Dataset/img-706.jpg,data/raw/v2/pothole_github/Pothole Dataset/img-706.txt,2473d22127f93df9dd109a7dcba39d55e1d42573e13264b6d62b328569ace2ca,325,216,11,0,,keep,human_visual_quality_approved
github_pothole::img-707,img-707.jpg,data/raw/v2/pothole_github/Pothole Dataset/img-707.jpg,data/raw/v2/pothole_github/Pothole Dataset/img-707.txt,694cbdae256def329eb9cf3b0ae3f77d870bae8dccb54edd074a10ed966d3b0b,416,282,1,0,,keep,human_visual_quality_approved
github_pothole::img-708,img-708.jpg,data/raw/v2/pothole_github/Pothole Dataset/img-708.jpg,data/raw/v2/pothole_github/Pothole Dataset/img-708.txt,cebb1ff44f9e7906a638ada186d68bb2065c1fb7703c09c21b30d1a4ab4376d5,416,278,1,0,,keep,human_visual_quality_approved
github_pothole::img-709,img-709.jpg,data/raw/v2/pothole_github/Pothole Dataset/img-709.jpg,data/raw/v2/pothole_github/Pothole Dataset/img-709.txt,28b496c6d76036ac1639b4e43d322ecf11a5fc4e381fcf574f5b31a77fcfeadc,416,277,7,0,,keep,human_visual_quality_approved
github_pothole::img-71,img-71.jpg,data/raw/v2/pothole_github/Pothole Dataset/img-71.jpg,data/raw/v2/pothole_github/Pothole Dataset/img-71.txt,3b3ce82788f98d3042800128a155dbe0aa7bc7d7593d07d8a2f3afe2f93d8e2d,720,720,2,0,,keep,human_visual_quality_approved
github_pothole::img-710,img-710.jpg,data/raw/v2/pothole_github/Pothole Dataset/img-710.jpg,data/raw/v2/pothole_github/Pothole Dataset/img-710.txt,8b8d1b5568d236d779c0ed921f153f27d6119df8e74233c9ba523160162704d3,416,277,2,0,,keep,human_visual_quality_approved
github_pothole::img-711,img-711.jpg,data/raw/v2/pothole_github/Pothole Dataset/img-711.jpg,data/raw/v2/pothole_github/Pothole Dataset/img-711.txt,2574f36feff81ae485dc5612b9894b0925ff96edbef1905d4cd49bd87de1c3c7,416,277,1,0,,keep,human_visual_quality_approved
github_pothole::img-712,img-712.jpg,data/raw/v2/pothole_github/Pothole Dataset/img-712.jpg,data/raw/v2/pothole_github/Pothole Dataset/img-712.txt,bddca6f4bfa5a7cc2b4b3a957b88c934fa7394b4a066f8f46c825db97c8cdf36,416,277,4,0,,keep,human_visual_quality_approved
github_pothole::img-713,img-713.jpg,data/raw/v2/pothole_github/Pothole Dataset/img-713.jpg,data/raw/v2/pothole_github/Pothole Dataset/img-713.txt,4c88a46ddb886fcb8fab33a8f22b43c0547cfbab6389abf45c90563beaa45381,416,273,5,0,,keep,human_visual_quality_approved
github_pothole::img-714,img-714.jpg,data/raw/v2/pothole_github/Pothole Dataset/img-714.jpg,data/raw/v2/pothole_github/Pothole Dataset/img-714.txt,209a5086cc6e0c19a84ce11232793cec7c6a7c3ea816634795c544e0a45cba29,416,277,2,0,,keep,human_visual_quality_approved
github_pothole::img-715,img-715.jpg,data/raw/v2/pothole_github/Pothole Dataset/img-715.jpg,data/raw/v2/pothole_github/Pothole Dataset/img-715.txt,55ee82acda7d4fc782318e36f61e443165ba2e37e419e60274cad63948662177,416,234,4,0,,keep,human_visual_quality_approved
github_pothole::img-716,img-716.jpg,data/raw/v2/pothole_github/Pothole Dataset/img-716.jpg,data/raw/v2/pothole_github/Pothole Dataset/img-716.txt,a5f16d33a7b45afc3ef0ecc28865c3181a41f0b2b0bf425f21a39759a4688c8d,416,277,1,0,,keep,human_visual_quality_approved
github_pothole::img-717,img-717.jpg,data/raw/v2/pothole_github/Pothole Dataset/img-717.jpg,data/raw/v2/pothole_github/Pothole Dataset/img-717.txt,4d8dc6ea0bc56d9d1e9bbf274ccdec432b6b63fc9f071015f62f2a0e1dc55055,416,277,4,0,,keep,human_visual_quality_approved
github_pothole::img-718,img-718.jpg,data/raw/v2/pothole_github/Pothole Dataset/img-718.jpg,data/raw/v2/pothole_github/Pothole Dataset/img-718.txt,c3991c55a2254dafe166b31ffea0dee6ac84e1ef509644d4c517e73265f39cf1,416,234,1,0,,keep,human_visual_quality_approved
github_pothole::img-719,img-719.jpg,data/raw/v2/pothole_github/Pothole Dataset/img-719.jpg,data/raw/v2/pothole_github/Pothole Dataset/img-719.txt,0189ad74e73e6859f46c7291f5814eda1ccb62086dd34ffbb5e60efeeee32659,416,275,1,0,,keep,human_visual_quality_approved
github_pothole::img-72,img-72.jpg,data/raw/v2/pothole_github/Pothole Dataset/img-72.jpg,data/raw/v2/pothole_github/Pothole Dataset/img-72.txt,6c89765454e87d34e29543d603a94c1f3abe4d6bdb8b77a963da966abd6681d2,720,720,1,0,,keep,human_visual_quality_approved
github_pothole::img-720,img-720.jpg,data/raw/v2/pothole_github/Pothole Dataset/img-720.jpg,data/raw/v2/pothole_github/Pothole Dataset/img-720.txt,24959f6c198279ac327a16f0a8790b661371dd5a504459df30e09b117c14233a,416,277,6,0,,keep,human_visual_quality_approved
github_pothole::img-721,img-721.jpg,data/raw/v2/pothole_github/Pothole Dataset/img-721.jpg,data/raw/v2/pothole_github/Pothole Dataset/img-721.txt,853c9ac6c8da00d3cfb064cc7447b611c50860239eb90e0b44c9cbcc51c23d3f,416,493,13,0,,keep,human_visual_quality_approved
github_pothole::img-722,img-722.jpg,data/raw/v2/pothole_github/Pothole Dataset/img-722.jpg,data/raw/v2/pothole_github/Pothole Dataset/img-722.txt,def0562ef70a35388c3104ccb165a4a47e6eefefebcc9fc587d343612e270631,416,226,4,0,,keep,human_visual_quality_approved
github_pothole::img-723,img-723.jpg,data/raw/v2/pothole_github/Pothole Dataset/img-723.jpg,data/raw/v2/pothole_github/Pothole Dataset/img-723.txt,5bc5d31bc704f033bbddf8bc0017b019b82017714a444e8f64163f808f63acd7,416,184,9,0,,keep,human_visual_quality_approved
github_pothole::img-724,img-724.jpg,data/raw/v2/pothole_github/Pothole Dataset/img-724.jpg,data/raw/v2/pothole_github/Pothole Dataset/img-724.txt,fb0be095ed7581d38f0785f598d62a5840f7846265fef31498a4be3b84a0e673,300,200,1,0,,keep,human_visual_quality_approved
github_pothole::img-725,img-725.jpg,data/raw/v2/pothole_github/Pothole Dataset/img-725.jpg,data/raw/v2/pothole_github/Pothole Dataset/img-725.txt,c89cb92b5391d9babade0ae2a1c02041f4bab977ab4075304e5c6b3dbc1aed5d,416,441,13,0,,keep,human_visual_quality_approved
github_pothole::img-726,img-726.jpg,data/raw/v2/pothole_github/Pothole Dataset/img-726.jpg,data/raw/v2/pothole_github/Pothole Dataset/img-726.txt,d43c94f218d1c3f571921e5eb227989e6f3f4957c7479b1fab86503dac65aa6e,416,293,2,0,,keep,human_visual_quality_approved
github_pothole::img-727,img-727.jpg,data/raw/v2/pothole_github/Pothole Dataset/img-727.jpg,data/raw/v2/pothole_github/Pothole Dataset/img-727.txt,55c27cfc01db5d29831764774ae3bc18a223f99e427de754b7340ac620b12940,416,620,2,0,,keep,human_visual_quality_approved
github_pothole::img-728,img-728.jpg,data/raw/v2/pothole_github/Pothole Dataset/img-728.jpg,data/raw/v2/pothole_github/Pothole Dataset/img-728.txt,eb8a8a65f7e5e1071cba02abf6e788dabef33957a9bc97af58aed2133cb7fa2c,416,208,3,0,,keep,human_visual_quality_approved
github_pothole::img-729,img-729.jpg,data/raw/v2/pothole_github/Pothole Dataset/img-729.jpg,data/raw/v2/pothole_github/Pothole Dataset/img-729.txt,b54a560ea8d2e92466d0bba36aaf320cab51719bb06e47a9106cafceca62aaae,416,313,1,0,,keep,human_visual_quality_approved
github_pothole::img-73,img-73.jpg,data/raw/v2/pothole_github/Pothole Dataset/img-73.jpg,data/raw/v2/pothole_github/Pothole Dataset/img-73.txt,b1fd0ad9132ed973c2feef6676338611cb220b5c4604936753810a128fe3bc1f,720,720,2,0,,keep,human_visual_quality_approved
github_pothole::img-730,img-730.jpg,data/raw/v2/pothole_github/Pothole Dataset/img-730.jpg,data/raw/v2/pothole_github/Pothole Dataset/img-730.txt,fd6d9030a8150ffe00fa50e3c52989d3a22d550d0ec0fd54701657d4cc3b2b49,416,312,4,0,,keep,human_visual_quality_approved
github_pothole::img-731,img-731.jpg,data/raw/v2/pothole_github/Pothole Dataset/img-731.jpg,data/raw/v2/pothole_github/Pothole Dataset/img-731.txt,fdf5f3ac7df7a045d0f15e8d30db0d80f4c1e168b6415198cc4ca03059aebc53,416,277,3,0,,keep,human_visual_quality_approved
github_pothole::img-732,img-732.jpg,data/raw/v2/pothole_github/Pothole Dataset/img-732.jpg,data/raw/v2/pothole_github/Pothole Dataset/img-732.txt,9ad62dc047d9affe1a9d4999ee63621e500b24a20205b8c97f914701e41b32fb,416,275,2,0,,keep,human_visual_quality_approved
github_pothole::img-733,img-733.jpg,data/raw/v2/pothole_github/Pothole Dataset/img-733.jpg,data/raw/v2/pothole_github/Pothole Dataset/img-733.txt,6ae266c816a2425d1d64a668bc5bedebf72b8e22b58251c07f1284037a6c615b,416,265,5,0,,keep,human_visual_quality_approved
github_pothole::img-734,img-734.jpg,data/raw/v2/pothole_github/Pothole Dataset/img-734.jpg,data/raw/v2/pothole_github/Pothole Dataset/img-734.txt,3f5c4f769655970ffa77feab8bb97c2e055ffc50daa3313eb96a0b07f10e8cbc,416,278,6,0,,keep,human_visual_quality_approved
github_pothole::img-735,img-735.jpg,data/raw/v2/pothole_github/Pothole Dataset/img-735.jpg,data/raw/v2/pothole_github/Pothole Dataset/img-735.txt,65e3186fcd05530bb0eb8b2c48e8c3f462eb2bbbd03a1564c2f0dca99e4d11ab,416,555,3,0,,keep,human_visual_quality_approved
github_pothole::img-736,img-736.jpg,data/raw/v2/pothole_github/Pothole Dataset/img-736.jpg,data/raw/v2/pothole_github/Pothole Dataset/img-736.txt,a044d2367ff780cbfa45a176b243d0767bae8e1ec62832898c4723d2f3eb8f33,416,555,5,0,,keep,human_visual_quality_approved
github_pothole::img-737,img-737.jpg,data/raw/v2/pothole_github/Pothole Dataset/img-737.jpg,data/raw/v2/pothole_github/Pothole Dataset/img-737.txt,e0ada730cce0ac20544003d13c98416024b0edb63669527019ffbae5e4de2e1a,416,234,3,0,,keep,human_visual_quality_approved
github_pothole::img-738,img-738.jpg,data/raw/v2/pothole_github/Pothole Dataset/img-738.jpg,data/raw/v2/pothole_github/Pothole Dataset/img-738.txt,1cafde0a852dbc5a4e354b0e47104d8eb31ee38886ab68ddf2ce6a5788b7a38c,416,217,4,0,,keep,human_visual_quality_approved
github_pothole::img-739,img-739.jpg,data/raw/v2/pothole_github/Pothole Dataset/img-739.jpg,data/raw/v2/pothole_github/Pothole Dataset/img-739.txt,67613ad477f10e3c8fd65244051c19d6e4034083bb65919cae727dffeeda40ce,416,311,18,0,,keep,human_visual_quality_approved
github_pothole::img-74,img-74.jpg,data/raw/v2/pothole_github/Pothole Dataset/img-74.jpg,data/raw/v2/pothole_github/Pothole Dataset/img-74.txt,6bebe267126d85f211f02433ab2015531136ce8bd53235c38f68bfb36f858534,720,720,1,0,,keep,human_visual_quality_approved
github_pothole::img-740,img-740.jpg,data/raw/v2/pothole_github/Pothole Dataset/img-740.jpg,data/raw/v2/pothole_github/Pothole Dataset/img-740.txt,3ea23d9491585b6aafe9fb9f272df6dabbb2a9afae97b4ae27dd648c6845f229,416,312,4,0,,keep,human_visual_quality_approved
github_pothole::img-741,img-741.jpg,data/raw/v2/pothole_github/Pothole Dataset/img-741.jpg,data/raw/v2/pothole_github/Pothole Dataset/img-741.txt,8a51efba5292347e4dededb817f00d4c188c142aaba6d50ae111bb2ecd6d1aa5,301,445,3,0,,keep,human_visual_quality_approved
github_pothole::img-742,img-742.jpg,data/raw/v2/pothole_github/Pothole Dataset/img-742.jpg,data/raw/v2/pothole_github/Pothole Dataset/img-742.txt,7eb71856a89336d355a646b8cc2f789126b4943a18661e1cfec3dfae3ed536eb,416,275,1,0,,keep,human_visual_quality_approved
github_pothole::img-743,img-743.jpg,data/raw/v2/pothole_github/Pothole Dataset/img-743.jpg,data/raw/v2/pothole_github/Pothole Dataset/img-743.txt,c84f7cee8ad35a7cb74191be19b4eae61085d096cdeb5bb4a7f227e86b9d7cfc,416,208,2,0,,keep,human_visual_quality_approved
github_pothole::img-744,img-744.jpg,data/raw/v2/pothole_github/Pothole Dataset/img-744.jpg,data/raw/v2/pothole_github/Pothole Dataset/img-744.txt,6bc6d6edec3cbba330abf4f897f076c0405784b19076a2563851159c40e3547d,416,278,2,0,,keep,human_visual_quality_approved
github_pothole::img-745,img-745.jpg,data/raw/v2/pothole_github/Pothole Dataset/img-745.jpg,data/raw/v2/pothole_github/Pothole Dataset/img-745.txt,1922e699a7d6741264487e6f7f7b13d8aae05f1d07297a90fa108bb88a1388c4,416,234,1,0,,keep,human_visual_quality_approved
github_pothole::img-746,img-746.jpg,data/raw/v2/pothole_github/Pothole Dataset/img-746.jpg,data/raw/v2/pothole_github/Pothole Dataset/img-746.txt,fda3dc809a52b83403616d3c661dec791f3ac376349db3fa5dd7866e46da2cad,416,234,2,0,exact_duplicate_002,keep,human_visual_quality_approved
github_pothole::img-747,img-747.jpg,data/raw/v2/pothole_github/Pothole Dataset/img-747.jpg,data/raw/v2/pothole_github/Pothole Dataset/img-747.txt,fda3dc809a52b83403616d3c661dec791f3ac376349db3fa5dd7866e46da2cad,416,234,1,0,exact_duplicate_002,exclude,exact_duplicate_kept_copy_has_more_valid_boxes
github_pothole::img-748,img-748.jpg,data/raw/v2/pothole_github/Pothole Dataset/img-748.jpg,data/raw/v2/pothole_github/Pothole Dataset/img-748.txt,3d7edcf54ed3902573800ec9175d5c6572d9ae6cce3bbc1c2778c4dca4f71ae2,416,278,2,0,,keep,human_visual_quality_approved
github_pothole::img-749,img-749.jpg,data/raw/v2/pothole_github/Pothole Dataset/img-749.jpg,data/raw/v2/pothole_github/Pothole Dataset/img-749.txt,67ca3453ef9dbc8c50b68f6afbdb878499776049d50d331224c8e88e52b4c343,416,344,1,0,,keep,human_visual_quality_approved
github_pothole::img-75,img-75.jpg,data/raw/v2/pothole_github/Pothole Dataset/img-75.jpg,data/raw/v2/pothole_github/Pothole Dataset/img-75.txt,307b88ff7be8248a88b04c82453514de04009bd8c058c303d1628e2658fcd9d3,720,720,1,0,,keep,human_visual_quality_approved
github_pothole::img-750,img-750.jpg,data/raw/v2/pothole_github/Pothole Dataset/img-750.jpg,data/raw/v2/pothole_github/Pothole Dataset/img-750.txt,fcced76565d511ad7c778a222017311fa5894e5840b79aa32e6506d1017cffac,416,638,20,0,,keep,human_visual_quality_approved
github_pothole::img-751,img-751.jpg,data/raw/v2/pothole_github/Pothole Dataset/img-751.jpg,data/raw/v2/pothole_github/Pothole Dataset/img-751.txt,3d915c921c775e51d4dbd1ab7cf25c1e7f58a7cf0ac7b1b745f81e2be243c2c6,416,416,21,0,,keep,human_visual_quality_approved
github_pothole::img-752,img-752.jpg,data/raw/v2/pothole_github/Pothole Dataset/img-752.jpg,data/raw/v2/pothole_github/Pothole Dataset/img-752.txt,aefab81ff8f4cc390f4643b4692d766daed549511f8a428a93aadc1a08d71299,416,234,2,0,,keep,human_visual_quality_approved
github_pothole::img-753,img-753.jpg,data/raw/v2/pothole_github/Pothole Dataset/img-753.jpg,data/raw/v2/pothole_github/Pothole Dataset/img-753.txt,b7ab447a33a61a6cc6848a4f741296ef64174d691e25e0c8e5acc28e09a7c358,416,276,8,0,,keep,human_visual_quality_approved
github_pothole::img-754,img-754.jpg,data/raw/v2/pothole_github/Pothole Dataset/img-754.jpg,data/raw/v2/pothole_github/Pothole Dataset/img-754.txt,dd8b7d54dc4f126f7b39dd5550131c64f2b80d62b8ab928b584e4625450deb29,416,312,2,0,,keep,human_visual_quality_approved
github_pothole::img-755,img-755.jpg,data/raw/v2/pothole_github/Pothole Dataset/img-755.jpg,data/raw/v2/pothole_github/Pothole Dataset/img-755.txt,bf3ddf079374d030aa97a8a227e7f33df42cec56e9c129175928a828d0f96078,416,312,3,0,,keep,human_visual_quality_approved
github_pothole::img-756,img-756.jpg,data/raw/v2/pothole_github/Pothole Dataset/img-756.jpg,data/raw/v2/pothole_github/Pothole Dataset/img-756.txt,4a734d2ffacdf01330f787029879d546a75ab3f5757d6c73c4fe4e751e34b746,416,273,1,0,,keep,human_visual_quality_approved
github_pothole::img-757,img-757.jpg,data/raw/v2/pothole_github/Pothole Dataset/img-757.jpg,data/raw/v2/pothole_github/Pothole Dataset/img-757.txt,345dc1ab10673d5ca45c34f40190c7efad710d249e9badeb5a02f48c3b89ab6c,416,274,2,0,,keep,human_visual_quality_approved
github_pothole::img-758,img-758.jpg,data/raw/v2/pothole_github/Pothole Dataset/img-758.jpg,data/raw/v2/pothole_github/Pothole Dataset/img-758.txt,b897167eb155cf389b074b451eaae5f82bb49ffa3f95bd490a5affa9df4606e9,405,363,11,0,,keep,human_visual_quality_approved
github_pothole::img-759,img-759.jpg,data/raw/v2/pothole_github/Pothole Dataset/img-759.jpg,data/raw/v2/pothole_github/Pothole Dataset/img-759.txt,f884c8da312c23c9e0a3d31eb27b2b89e6cf81d5bdb6077579f6fc915323f335,416,278,3,0,,keep,human_visual_quality_approved
github_pothole::img-76,img-76.jpg,data/raw/v2/pothole_github/Pothole Dataset/img-76.jpg,data/raw/v2/pothole_github/Pothole Dataset/img-76.txt,68844ef421dbd1cc2127f570903d26e95e484f9b3ea2945374983f9af624b2b3,720,720,2,0,,keep,human_visual_quality_approved
github_pothole::img-760,img-760.jpg,data/raw/v2/pothole_github/Pothole Dataset/img-760.jpg,data/raw/v2/pothole_github/Pothole Dataset/img-760.txt,754a362aaa95ba2af0be1c2c86b59b051f43bad7fca3d56c8e398ea6786a7b1d,416,184,2,0,,keep,human_visual_quality_approved
github_pothole::img-761,img-761.jpg,data/raw/v2/pothole_github/Pothole Dataset/img-761.jpg,data/raw/v2/pothole_github/Pothole Dataset/img-761.txt,5a1bfe79376d873b6bcbb402c5dfa3f919a56b9bcbc03df92142907061baa5c1,416,312,7,0,,keep,human_visual_quality_approved
github_pothole::img-762,img-762.jpg,data/raw/v2/pothole_github/Pothole Dataset/img-762.jpg,data/raw/v2/pothole_github/Pothole Dataset/img-762.txt,bf5c50e49d9fcb41ec62b9527f51ccbebda9da9517a24783fffddc3be764ce57,416,305,4,0,,keep,human_visual_quality_approved
github_pothole::img-763,img-763.jpg,data/raw/v2/pothole_github/Pothole Dataset/img-763.jpg,data/raw/v2/pothole_github/Pothole Dataset/img-763.txt,a7ccf34b51549298506022b86f7b90b4d8e5224f09fbde3204e22c2144ac8ee6,416,312,1,0,,keep,human_visual_quality_approved
github_pothole::img-764,img-764.jpg,data/raw/v2/pothole_github/Pothole Dataset/img-764.jpg,data/raw/v2/pothole_github/Pothole Dataset/img-764.txt,d5d18dc338288ea1018628585e805e76a3e95514ac429d516f3d5d07f965c1ea,303,446,1,0,,keep,human_visual_quality_approved
github_pothole::img-765,img-765.jpg,data/raw/v2/pothole_github/Pothole Dataset/img-765.jpg,data/raw/v2/pothole_github/Pothole Dataset/img-765.txt,8042533a28f7a2349e70d98ceea2c42b733e85852284d6a9d113365508d22ffe,416,312,1,0,,keep,human_visual_quality_approved
github_pothole::img-766,img-766.jpg,data/raw/v2/pothole_github/Pothole Dataset/img-766.jpg,data/raw/v2/pothole_github/Pothole Dataset/img-766.txt,57d4b487f6bd0485977c091106cb5f1b471789fe82d0eab25b5527e9dfafc470,416,277,4,0,,keep,human_visual_quality_approved
github_pothole::img-767,img-767.jpg,data/raw/v2/pothole_github/Pothole Dataset/img-767.jpg,data/raw/v2/pothole_github/Pothole Dataset/img-767.txt,182683825f31796db5a57d07b90e7f8b5e3c86f0ef69ee53c4fa533e23463fb7,416,374,6,0,,keep,human_visual_quality_approved
github_pothole::img-768,img-768.jpg,data/raw/v2/pothole_github/Pothole Dataset/img-768.jpg,data/raw/v2/pothole_github/Pothole Dataset/img-768.txt,983d7a98907b7232c36f1e44f736fc20898f8b2d7ab8ebed4c1fc2b0ecee5ee6,416,269,2,0,,keep,human_visual_quality_approved
github_pothole::img-769,img-769.jpg,data/raw/v2/pothole_github/Pothole Dataset/img-769.jpg,data/raw/v2/pothole_github/Pothole Dataset/img-769.txt,f6ec30fc442397db98a950d5cadebbf9ad6208bcacd5980b352bf30f0f6aa279,416,234,2,0,,keep,human_visual_quality_approved
github_pothole::img-77,img-77.jpg,data/raw/v2/pothole_github/Pothole Dataset/img-77.jpg,data/raw/v2/pothole_github/Pothole Dataset/img-77.txt,141c1a6be8e453dd49163443e0553b03ed10fb69b41ebd92b1b4a0ba66592f25,720,720,4,0,,keep,human_visual_quality_approved
github_pothole::img-770,img-770.jpg,data/raw/v2/pothole_github/Pothole Dataset/img-770.jpg,data/raw/v2/pothole_github/Pothole Dataset/img-770.txt,ce910aeed3d727709c03a3d626304d51eaea5eca85670ec549c3867b882ea6d1,416,276,3,0,,keep,human_visual_quality_approved
github_pothole::img-771,img-771.jpg,data/raw/v2/pothole_github/Pothole Dataset/img-771.jpg,data/raw/v2/pothole_github/Pothole Dataset/img-771.txt,11642f226b81a4c6b5412eb665d488fe7ba5abdfedaad6bb7dc7203f3ec4a678,416,278,1,0,,keep,human_visual_quality_approved
github_pothole::img-772,img-772.jpg,data/raw/v2/pothole_github/Pothole Dataset/img-772.jpg,data/raw/v2/pothole_github/Pothole Dataset/img-772.txt,02c0539131bd58b64e619616fecd581693f13c178b393c24cabe921410bb953e,416,278,5,0,,keep,human_visual_quality_approved
github_pothole::img-773,img-773.jpg,data/raw/v2/pothole_github/Pothole Dataset/img-773.jpg,data/raw/v2/pothole_github/Pothole Dataset/img-773.txt,5002c0c8b8b90bcc8bcbe766d820db140266fbec735606ea4218b42a2411a18b,416,279,1,0,,keep,human_visual_quality_approved
github_pothole::img-774,img-774.jpg,data/raw/v2/pothole_github/Pothole Dataset/img-774.jpg,data/raw/v2/pothole_github/Pothole Dataset/img-774.txt,8af1a8c2c44ba17417b48da43023dff2ee71d625202e5913dcfeb2815b5bd955,416,312,2,0,,keep,human_visual_quality_approved
github_pothole::img-775,img-775.jpg,data/raw/v2/pothole_github/Pothole Dataset/img-775.jpg,data/raw/v2/pothole_github/Pothole Dataset/img-775.txt,49081a89774880819d9582c83be02c3d779c0443635fbb68e2ac8ae200b3c37f,416,189,15,0,,keep,human_visual_quality_approved
github_pothole::img-776,img-776.jpg,data/raw/v2/pothole_github/Pothole Dataset/img-776.jpg,data/raw/v2/pothole_github/Pothole Dataset/img-776.txt,018068138d5c8672d8578f5c5eeafb3b5ae519e06d8140356083e232c84baa9a,416,328,5,0,,keep,human_visual_quality_approved
github_pothole::img-777,img-777.jpg,data/raw/v2/pothole_github/Pothole Dataset/img-777.jpg,data/raw/v2/pothole_github/Pothole Dataset/img-777.txt,6877b8c4b75be8a9dc00f8f51fc98ac846b9a33733484384e5b73a853b8605b5,416,257,1,0,,keep,human_visual_quality_approved
github_pothole::img-778,img-778.jpg,data/raw/v2/pothole_github/Pothole Dataset/img-778.jpg,data/raw/v2/pothole_github/Pothole Dataset/img-778.txt,7e8757c3ffb573ae35630d6be9ad6fa9b608a3c4e093eacd5e9a2ef940de65af,416,274,2,0,,keep,human_visual_quality_approved
github_pothole::img-779,img-779.jpg,data/raw/v2/pothole_github/Pothole Dataset/img-779.jpg,data/raw/v2/pothole_github/Pothole Dataset/img-779.txt,e02e3800789b104cb66397277fa9d347517178413ccb7d6cdf45b09dce1c054a,416,234,17,0,,keep,human_visual_quality_approved
github_pothole::img-78,img-78.jpg,data/raw/v2/pothole_github/Pothole Dataset/img-78.jpg,data/raw/v2/pothole_github/Pothole Dataset/img-78.txt,bdc1175f0a9452d17c1a177ac86a383cb9ea3670482ac02423a9207e045ab66d,720,720,2,0,,keep,human_visual_quality_approved
github_pothole::img-780,img-780.jpg,data/raw/v2/pothole_github/Pothole Dataset/img-780.jpg,data/raw/v2/pothole_github/Pothole Dataset/img-780.txt,e2e04ac1375b93335fbacd7e6b3f420e4a154fc9aec93eeb5f85ccff0cdcb44d,416,234,7,0,,keep,human_visual_quality_approved
github_pothole::img-781,img-781.jpg,data/raw/v2/pothole_github/Pothole Dataset/img-781.jpg,data/raw/v2/pothole_github/Pothole Dataset/img-781.txt,96a58e1a293b430a267fd0e924c7493e61e0f1054ca4ea5886c5d7b412365662,416,248,2,0,,keep,human_visual_quality_approved
github_pothole::img-782,img-782.jpg,data/raw/v2/pothole_github/Pothole Dataset/img-782.jpg,data/raw/v2/pothole_github/Pothole Dataset/img-782.txt,a3956e8d09aeb10f383250af26d3668b3a021d1b2e832260f74551a8742f127f,416,416,22,0,,keep,human_visual_quality_approved
github_pothole::img-783,img-783.jpg,data/raw/v2/pothole_github/Pothole Dataset/img-783.jpg,data/raw/v2/pothole_github/Pothole Dataset/img-783.txt,05ea5e37d590677b8d92879776d3cd7ad41c9a334440ba3b1250ebc3d8e7fd0e,416,416,1,0,,keep,human_visual_quality_approved
github_pothole::img-784,img-784.jpg,data/raw/v2/pothole_github/Pothole Dataset/img-784.jpg,data/raw/v2/pothole_github/Pothole Dataset/img-784.txt,2f4bd37a185dc9e029a51698523a549df6accfe93a5dbd6be3196676215f2c98,416,276,4,0,,keep,human_visual_quality_approved
github_pothole::img-785,img-785.jpg,data/raw/v2/pothole_github/Pothole Dataset/img-785.jpg,data/raw/v2/pothole_github/Pothole Dataset/img-785.txt,6fa50e10cd74c489c563cef336bfb28620365ec1d2ecca87d5b9bc2b806cbcb9,416,310,2,0,,keep,human_visual_quality_approved
github_pothole::img-786,img-786.jpg,data/raw/v2/pothole_github/Pothole Dataset/img-786.jpg,data/raw/v2/pothole_github/Pothole Dataset/img-786.txt,093bf0ad5a56f1afc3d17780fd726bef08e873e551042351b2617f67c75a0179,416,260,1,0,,keep,human_visual_quality_approved
github_pothole::img-787,img-787.jpg,data/raw/v2/pothole_github/Pothole Dataset/img-787.jpg,data/raw/v2/pothole_github/Pothole Dataset/img-787.txt,141d95d20d3ae150fe92c1ab26887ce2adc6a8e351aa86d58d0eea999c372edf,416,271,12,0,,keep,human_visual_quality_approved
github_pothole::img-788,img-788.jpg,data/raw/v2/pothole_github/Pothole Dataset/img-788.jpg,data/raw/v2/pothole_github/Pothole Dataset/img-788.txt,05fcea1a7f7479f13bca0fe8d36410d41f96bbccfbfbd8212e9a72cc63cb305a,416,275,4,0,,keep,human_visual_quality_approved
github_pothole::img-789,img-789.jpg,data/raw/v2/pothole_github/Pothole Dataset/img-789.jpg,data/raw/v2/pothole_github/Pothole Dataset/img-789.txt,d18f14c37a094a9a820b6f72d141994f3eeaef4d5a4a6e9adc5fb9d25f379a4c,416,312,1,0,,keep,human_visual_quality_approved
github_pothole::img-79,img-79.jpg,data/raw/v2/pothole_github/Pothole Dataset/img-79.jpg,data/raw/v2/pothole_github/Pothole Dataset/img-79.txt,0ef7cd1d399f019eafb788ac70f26fb0d1707a60d98aa22da4cc9465ce9a27c6,720,720,1,0,,keep,human_visual_quality_approved
github_pothole::img-790,img-790.jpg,data/raw/v2/pothole_github/Pothole Dataset/img-790.jpg,data/raw/v2/pothole_github/Pothole Dataset/img-790.txt,b86334fd2376ae6b34945523d01abb78c0e2b9fd3a49ae1024b2626743c0c99e,416,251,7,0,,keep,human_visual_quality_approved
github_pothole::img-791,img-791.jpg,data/raw/v2/pothole_github/Pothole Dataset/img-791.jpg,data/raw/v2/pothole_github/Pothole Dataset/img-791.txt,5995e19ad64785fc9996541b7b7d58b9cf7e6adda2d905d1344c9f8626df1416,400,267,1,0,,keep,human_visual_quality_approved
github_pothole::img-792,img-792.jpg,data/raw/v2/pothole_github/Pothole Dataset/img-792.jpg,data/raw/v2/pothole_github/Pothole Dataset/img-792.txt,cedbc8400e4e4d929b75b6653e52c28ad3fbdad204a92b3ef65103a058c29100,416,274,3,0,,keep,human_visual_quality_approved
github_pothole::img-793,img-793.jpg,data/raw/v2/pothole_github/Pothole Dataset/img-793.jpg,data/raw/v2/pothole_github/Pothole Dataset/img-793.txt,35978134f13f29f8bdf63124c5e087e991d2672c8f968ca4ac6ae98baff4cfd9,368,206,1,0,,keep,human_visual_quality_approved
github_pothole::img-794,img-794.jpg,data/raw/v2/pothole_github/Pothole Dataset/img-794.jpg,data/raw/v2/pothole_github/Pothole Dataset/img-794.txt,648b5f14f2d7b57e552fd1f2204f6c37ba05e7d6652833641241b2ea65e1d6a4,416,278,3,0,,keep,human_visual_quality_approved
github_pothole::img-795,img-795.jpg,data/raw/v2/pothole_github/Pothole Dataset/img-795.jpg,data/raw/v2/pothole_github/Pothole Dataset/img-795.txt,265af2e4f32df39d512f36c5f63605e70bc1085bca92079a6c24bd09224f4dfe,416,550,7,0,,keep,human_visual_quality_approved
github_pothole::img-796,img-796.jpg,data/raw/v2/pothole_github/Pothole Dataset/img-796.jpg,data/raw/v2/pothole_github/Pothole Dataset/img-796.txt,15ed3d58bc1b919e706d03bcc09a47584922b6a3f5c9e0ccc7ee6c671a1b73d8,416,278,1,0,,keep,human_visual_quality_approved
github_pothole::img-797,img-797.jpg,data/raw/v2/pothole_github/Pothole Dataset/img-797.jpg,data/raw/v2/pothole_github/Pothole Dataset/img-797.txt,fe740390bcd2aab0d3c5947a28715a75c1ca9ee79ba319bcfd69231e3e8a27e7,416,312,1,0,,keep,human_visual_quality_approved
github_pothole::img-798,img-798.jpg,data/raw/v2/pothole_github/Pothole Dataset/img-798.jpg,data/raw/v2/pothole_github/Pothole Dataset/img-798.txt,b25bcc4c30885a233af3748cf5b1475ed14efc68cd654cc51cc7b5534c14fb3e,416,276,5,0,,keep,human_visual_quality_approved
github_pothole::img-799,img-799.jpg,data/raw/v2/pothole_github/Pothole Dataset/img-799.jpg,data/raw/v2/pothole_github/Pothole Dataset/img-799.txt,a39355e0ae0d854c9400530d895d68403b7e99e24fe2e3cb0fd8016fc4786dc0,416,234,16,0,,keep,human_visual_quality_approved
github_pothole::img-8,img-8.jpg,data/raw/v2/pothole_github/Pothole Dataset/img-8.jpg,data/raw/v2/pothole_github/Pothole Dataset/img-8.txt,22b4847d631246eb41c78b71fb0de9ec0fcbe44f88dbecc263653f791adec6d9,720,720,2,0,,keep,human_visual_quality_approved
github_pothole::img-80,img-80.jpg,data/raw/v2/pothole_github/Pothole Dataset/img-80.jpg,data/raw/v2/pothole_github/Pothole Dataset/img-80.txt,7f13b8a7742f3c7d584fe827d024c4d0dc2e6d27d1a0f7905070506fe3b3a3f0,720,720,1,0,,keep,human_visual_quality_approved
github_pothole::img-800,img-800.jpg,data/raw/v2/pothole_github/Pothole Dataset/img-800.jpg,data/raw/v2/pothole_github/Pothole Dataset/img-800.txt,27184d99bfb191e891bf7455e13dd55adab243e1c5a0a6ff22857821ad1add05,416,277,1,0,,keep,human_visual_quality_approved
github_pothole::img-801,img-801.jpg,data/raw/v2/pothole_github/Pothole Dataset/img-801.jpg,data/raw/v2/pothole_github/Pothole Dataset/img-801.txt,5844170bb834a890e9ec591b0a3bdb40fca9ab8352a870dc225279ad96066871,416,276,3,0,,keep,human_visual_quality_approved
github_pothole::img-802,img-802.jpg,data/raw/v2/pothole_github/Pothole Dataset/img-802.jpg,data/raw/v2/pothole_github/Pothole Dataset/img-802.txt,df507e0a68f0d8fccccb1270aa49cdc4fdd667dee8907dd2471ffbd14f329415,416,312,1,0,,keep,human_visual_quality_approved
github_pothole::img-803,img-803.jpg,data/raw/v2/pothole_github/Pothole Dataset/img-803.jpg,data/raw/v2/pothole_github/Pothole Dataset/img-803.txt,f645bb34d0513a90b2f8833be0199237898b7a1b696e89363462def3687aacfd,416,277,2,0,,keep,human_visual_quality_approved
github_pothole::img-804,img-804.jpg,data/raw/v2/pothole_github/Pothole Dataset/img-804.jpg,data/raw/v2/pothole_github/Pothole Dataset/img-804.txt,3ca0355cd92ed331bdf02e0fa7cac4e4feb5ff3e8122b5ccc0ef349e1b42d9e2,416,368,1,0,,keep,human_visual_quality_approved
github_pothole::img-805,img-805.jpg,data/raw/v2/pothole_github/Pothole Dataset/img-805.jpg,data/raw/v2/pothole_github/Pothole Dataset/img-805.txt,2d977adeb8a2df795f081577850e32150ee4c7374865272a7972764e759632fa,416,312,1,0,,keep,human_visual_quality_approved
github_pothole::img-806,img-806.jpg,data/raw/v2/pothole_github/Pothole Dataset/img-806.jpg,data/raw/v2/pothole_github/Pothole Dataset/img-806.txt,0d33aa4e822f5f618290ee4c3eea976d9caf1b0dd937222ce341d08bc1b73af5,416,234,6,0,,keep,human_visual_quality_approved
github_pothole::img-807,img-807.jpg,data/raw/v2/pothole_github/Pothole Dataset/img-807.jpg,data/raw/v2/pothole_github/Pothole Dataset/img-807.txt,53a8f0014a09b460b3a4dc61bea63f8f653f14c968dc1ec45808419dd4f3480c,416,277,1,0,,keep,human_visual_quality_approved
github_pothole::img-808,img-808.jpg,data/raw/v2/pothole_github/Pothole Dataset/img-808.jpg,data/raw/v2/pothole_github/Pothole Dataset/img-808.txt,d09712e5740154b576a08221abb80b5ad18b02c5cdebaaa356a1c585f2d469b0,416,294,7,0,,keep,human_visual_quality_approved
github_pothole::img-809,img-809.jpg,data/raw/v2/pothole_github/Pothole Dataset/img-809.jpg,data/raw/v2/pothole_github/Pothole Dataset/img-809.txt,93fc9099cc41fb9f844017d67ea2d575cd3c7becd7ac52f7f99368fea810de4b,416,276,1,0,,keep,human_visual_quality_approved
github_pothole::img-81,img-81.jpg,data/raw/v2/pothole_github/Pothole Dataset/img-81.jpg,data/raw/v2/pothole_github/Pothole Dataset/img-81.txt,f95fd0b10cf9185f49eaf8c065f95a5d44476d21b550170e7eaff315c5b648a4,720,720,2,0,,keep,human_visual_quality_approved
github_pothole::img-810,img-810.jpg,data/raw/v2/pothole_github/Pothole Dataset/img-810.jpg,data/raw/v2/pothole_github/Pothole Dataset/img-810.txt,872d2b9f0cc488cb1e89f6f65332c5e42c650b98fe196eb58966c7363a4b5957,416,274,6,0,,keep,human_visual_quality_approved
github_pothole::img-811,img-811.jpg,data/raw/v2/pothole_github/Pothole Dataset/img-811.jpg,data/raw/v2/pothole_github/Pothole Dataset/img-811.txt,8830ef100309eed02947d2ef04e53c0bcdec23a4a3a21e441c9abb7866bb6a3a,416,277,3,0,,keep,human_visual_quality_approved
github_pothole::img-812,img-812.jpg,data/raw/v2/pothole_github/Pothole Dataset/img-812.jpg,data/raw/v2/pothole_github/Pothole Dataset/img-812.txt,d5e0850f7b840b07d7bd88100bfff55f0b315bde58078e237c3f5c234cd2e297,416,285,4,0,,keep,human_visual_quality_approved
github_pothole::img-813,img-813.jpg,data/raw/v2/pothole_github/Pothole Dataset/img-813.jpg,data/raw/v2/pothole_github/Pothole Dataset/img-813.txt,859f5d194da40fb43e32690db72c85874f98e5a7bc15924616fcca5f39454ac8,416,277,8,0,,keep,human_visual_quality_approved
github_pothole::img-814,img-814.jpg,data/raw/v2/pothole_github/Pothole Dataset/img-814.jpg,data/raw/v2/pothole_github/Pothole Dataset/img-814.txt,0b3be44cf981e04fee6a7e9a0109b0da20b5841cdd948adeec0ccf177300010d,416,277,1,0,,keep,human_visual_quality_approved
github_pothole::img-815,img-815.jpg,data/raw/v2/pothole_github/Pothole Dataset/img-815.jpg,data/raw/v2/pothole_github/Pothole Dataset/img-815.txt,1bf9101d42a96910ff97c2fd7753b4d7164ace40e97fa4bf272312a6909fd929,416,277,1,0,,keep,human_visual_quality_approved
github_pothole::img-816,img-816.jpg,data/raw/v2/pothole_github/Pothole Dataset/img-816.jpg,data/raw/v2/pothole_github/Pothole Dataset/img-816.txt,b63d8e8f6517fa3e5be86aa1c1ad675cdf5f27c647e071844a0c3b3d84fb1cf9,416,277,2,0,,keep,human_visual_quality_approved
github_pothole::img-817,img-817.jpg,data/raw/v2/pothole_github/Pothole Dataset/img-817.jpg,data/raw/v2/pothole_github/Pothole Dataset/img-817.txt,f34f6077b2525aca9f4d5dbce1dd442e1742e4e5f865f959d1f483c48bcbb1b1,416,234,4,0,,keep,human_visual_quality_approved
github_pothole::img-818,img-818.jpg,data/raw/v2/pothole_github/Pothole Dataset/img-818.jpg,data/raw/v2/pothole_github/Pothole Dataset/img-818.txt,ff238dec58625b109d37f471f8130e19f4fa0903551354d1a06e604692b71172,416,277,1,0,,keep,human_visual_quality_approved
github_pothole::img-819,img-819.jpg,data/raw/v2/pothole_github/Pothole Dataset/img-819.jpg,data/raw/v2/pothole_github/Pothole Dataset/img-819.txt,ec81cc91039304272cc90ec13f5d877a1d415d24e90278223cb6f126d5eedfb5,416,276,1,0,,keep,human_visual_quality_approved
github_pothole::img-82,img-82.jpg,data/raw/v2/pothole_github/Pothole Dataset/img-82.jpg,data/raw/v2/pothole_github/Pothole Dataset/img-82.txt,7fab98fc1a4dd43b772b3abf3b4feaa9e56f98037c86c16d109e3208d5540aa8,720,720,2,0,,keep,human_visual_quality_approved
github_pothole::img-820,img-820.jpg,data/raw/v2/pothole_github/Pothole Dataset/img-820.jpg,data/raw/v2/pothole_github/Pothole Dataset/img-820.txt,f1e7195620ab52411b4b7af0158c17f6bfb58dbe95429f3e80ee632f7d0d1a67,400,267,3,0,,keep,human_visual_quality_approved
github_pothole::img-821,img-821.jpg,data/raw/v2/pothole_github/Pothole Dataset/img-821.jpg,data/raw/v2/pothole_github/Pothole Dataset/img-821.txt,9980b27a48d41e34aa0b2268aafe02fed3f98da346e5e21053e2ac7ea63dea90,416,274,2,0,,keep,human_visual_quality_approved
github_pothole::img-822,img-822.jpg,data/raw/v2/pothole_github/Pothole Dataset/img-822.jpg,data/raw/v2/pothole_github/Pothole Dataset/img-822.txt,f6bcaeb1d769f9cfbff524cd3b385a2489f4fe3509999683216e5ea18a3cdbed,416,287,2,0,,keep,human_visual_quality_approved
github_pothole::img-823,img-823.jpg,data/raw/v2/pothole_github/Pothole Dataset/img-823.jpg,data/raw/v2/pothole_github/Pothole Dataset/img-823.txt,d9139c92bae8e763c6876ae6651f3fdc50576047fdfd501837f1fdcd6e6e68f5,416,312,1,0,,keep,human_visual_quality_approved
github_pothole::img-824,img-824.jpg,data/raw/v2/pothole_github/Pothole Dataset/img-824.jpg,data/raw/v2/pothole_github/Pothole Dataset/img-824.txt,37b8fbf6dae32a51c01e68f982320a9625cdc6a17729452cadbd868310b437d4,416,294,1,0,,keep,human_visual_quality_approved
github_pothole::img-825,img-825.jpg,data/raw/v2/pothole_github/Pothole Dataset/img-825.jpg,data/raw/v2/pothole_github/Pothole Dataset/img-825.txt,f8268304543482449a6d5247dbe9f6d4669b9a9b6152ba5bbc41d85477ce1f9b,400,300,1,0,,keep,human_visual_quality_approved
github_pothole::img-826,img-826.jpg,data/raw/v2/pothole_github/Pothole Dataset/img-826.jpg,data/raw/v2/pothole_github/Pothole Dataset/img-826.txt,746b1289052735df4403c6ed5edde43a71c1628b40498343f0f3143cc9f42d66,416,312,11,0,,keep,human_visual_quality_approved
github_pothole::img-827,img-827.jpg,data/raw/v2/pothole_github/Pothole Dataset/img-827.jpg,data/raw/v2/pothole_github/Pothole Dataset/img-827.txt,bdbb8381406daece6950b872a64b67e562d92a81615bad273fe583f36dff7050,400,300,1,0,,keep,human_visual_quality_approved
github_pothole::img-828,img-828.jpg,data/raw/v2/pothole_github/Pothole Dataset/img-828.jpg,data/raw/v2/pothole_github/Pothole Dataset/img-828.txt,9b2ff7eaae7548325b2f7fc7abd67abc31aacd7edd1320c18c9350109f0ce0c3,416,272,2,0,,keep,human_visual_quality_approved
github_pothole::img-829,img-829.jpg,data/raw/v2/pothole_github/Pothole Dataset/img-829.jpg,data/raw/v2/pothole_github/Pothole Dataset/img-829.txt,c446a7feb3eafe85526b97601440c114364352312d1adccd99619ce61c701c90,416,306,5,0,,keep,human_visual_quality_approved
github_pothole::img-83,img-83.jpg,data/raw/v2/pothole_github/Pothole Dataset/img-83.jpg,data/raw/v2/pothole_github/Pothole Dataset/img-83.txt,3844ff8f2e0fd7d7c037841602ee6b7b4f099955f04f384e8f4976ef693b0cdc,720,720,1,0,,keep,human_visual_quality_approved
github_pothole::img-830,img-830.jpg,data/raw/v2/pothole_github/Pothole Dataset/img-830.jpg,data/raw/v2/pothole_github/Pothole Dataset/img-830.txt,80f1a66b708fb18a0b76bbce701c24e139bb177b60098f40bda60f0d8669867b,416,312,2,0,,keep,human_visual_quality_approved
github_pothole::img-831,img-831.jpg,data/raw/v2/pothole_github/Pothole Dataset/img-831.jpg,data/raw/v2/pothole_github/Pothole Dataset/img-831.txt,bb9f21b0b05a5b60c3393b73e60cc234d8616245409d19ffa575cd355c34c7a9,416,309,1,0,,keep,human_visual_quality_approved
github_pothole::img-832,img-832.jpg,data/raw/v2/pothole_github/Pothole Dataset/img-832.jpg,data/raw/v2/pothole_github/Pothole Dataset/img-832.txt,7b99f765ab33f303aac17f03378a26dde285dafc7a4b5acb8a000909a6921a31,416,274,3,0,,keep,human_visual_quality_approved
github_pothole::img-833,img-833.jpg,data/raw/v2/pothole_github/Pothole Dataset/img-833.jpg,data/raw/v2/pothole_github/Pothole Dataset/img-833.txt,8a8b90a2eecb83c13d291529c00da5825b03b9a41c0269b55c81d2d1788303d1,416,269,2,0,,keep,human_visual_quality_approved
github_pothole::img-834,img-834.jpg,data/raw/v2/pothole_github/Pothole Dataset/img-834.jpg,data/raw/v2/pothole_github/Pothole Dataset/img-834.txt,befbaf64c353aebfedaf10471c47a07e1e07f08ce7c25d4d52ed9e4e5402b98e,416,280,1,0,,keep,human_visual_quality_approved
github_pothole::img-835,img-835.jpg,data/raw/v2/pothole_github/Pothole Dataset/img-835.jpg,data/raw/v2/pothole_github/Pothole Dataset/img-835.txt,0f77fb30e011ac82d1cbaeb32be02ed8db96e89b29606c910f346fa85865f193,416,234,5,0,,keep,human_visual_quality_approved
github_pothole::img-836,img-836.jpg,data/raw/v2/pothole_github/Pothole Dataset/img-836.jpg,data/raw/v2/pothole_github/Pothole Dataset/img-836.txt,b7f65d47a194d82b55d0c079a7aa94743fd587035ee8bab92f39c35dc1b71bc9,416,264,1,0,,keep,human_visual_quality_approved
github_pothole::img-837,img-837.jpg,data/raw/v2/pothole_github/Pothole Dataset/img-837.jpg,data/raw/v2/pothole_github/Pothole Dataset/img-837.txt,236703965000f22305331e183b85efd1958043b636b78637f765a39cc0312750,416,271,8,0,,keep,human_visual_quality_approved
github_pothole::img-838,img-838.jpg,data/raw/v2/pothole_github/Pothole Dataset/img-838.jpg,data/raw/v2/pothole_github/Pothole Dataset/img-838.txt,179fc3db0346b8d077f1d23271df7844eeade01109e6f59d66d7377fd88ee95e,416,277,3,0,,keep,human_visual_quality_approved
github_pothole::img-839,img-839.jpg,data/raw/v2/pothole_github/Pothole Dataset/img-839.jpg,data/raw/v2/pothole_github/Pothole Dataset/img-839.txt,15cfa6c7a1414727cf32302c39dd6fdbb3fb33b86f170adc0927a5b20c679d2f,416,234,4,0,,keep,human_visual_quality_approved
github_pothole::img-84,img-84.jpg,data/raw/v2/pothole_github/Pothole Dataset/img-84.jpg,data/raw/v2/pothole_github/Pothole Dataset/img-84.txt,63c76c249d35c4db3038ba1260a739ee3992377103cc3ae574d93d5ee252f3ef,720,720,3,0,,keep,human_visual_quality_approved
github_pothole::img-840,img-840.jpg,data/raw/v2/pothole_github/Pothole Dataset/img-840.jpg,data/raw/v2/pothole_github/Pothole Dataset/img-840.txt,ff711af1aaf47fbbc48976305ba3dfab8c024a1057fb9480d42f6c3ff03428b0,416,312,1,0,,keep,human_visual_quality_approved
github_pothole::img-841,img-841.jpg,data/raw/v2/pothole_github/Pothole Dataset/img-841.jpg,data/raw/v2/pothole_github/Pothole Dataset/img-841.txt,fd761fa316dfdc7ed7506fb9e42291fc8d2dda05837f5b3eb586cb5e4593553b,320,294,6,0,,keep,human_visual_quality_approved
github_pothole::img-842,img-842.jpg,data/raw/v2/pothole_github/Pothole Dataset/img-842.jpg,data/raw/v2/pothole_github/Pothole Dataset/img-842.txt,252a5b7ba1fa707cd807baa0467e818859ea899293a7f1550670f012c57ec671,416,234,4,0,,keep,human_visual_quality_approved
github_pothole::img-843,img-843.jpg,data/raw/v2/pothole_github/Pothole Dataset/img-843.jpg,data/raw/v2/pothole_github/Pothole Dataset/img-843.txt,d185ec7e342b5ac02f7fd1bf5d56bed20d028ec9460e118a8e59fbb9d61ee50f,416,274,3,0,,keep,human_visual_quality_approved
github_pothole::img-844,img-844.jpg,data/raw/v2/pothole_github/Pothole Dataset/img-844.jpg,data/raw/v2/pothole_github/Pothole Dataset/img-844.txt,5eac326c645a6cc98522693b08b00d0c0ec086190b4705e0b459106e55ac1b71,416,273,1,0,,keep,human_visual_quality_approved
github_pothole::img-845,img-845.jpg,data/raw/v2/pothole_github/Pothole Dataset/img-845.jpg,data/raw/v2/pothole_github/Pothole Dataset/img-845.txt,0e3f96cdac6d1f3981aef96b68c77925b88f2e1a82861a87481b42d4adf7533a,416,237,8,0,,keep,human_visual_quality_approved
github_pothole::img-846,img-846.jpg,data/raw/v2/pothole_github/Pothole Dataset/img-846.jpg,data/raw/v2/pothole_github/Pothole Dataset/img-846.txt,174e6a14e36eca957673674a7d4a7b78e4fe555a4cd25afeff53b7e343dc3e92,416,277,2,0,,keep,human_visual_quality_approved
github_pothole::img-847,img-847.jpg,data/raw/v2/pothole_github/Pothole Dataset/img-847.jpg,data/raw/v2/pothole_github/Pothole Dataset/img-847.txt,5bb399ff6f38b87ddfbeb16ccbe2e88327256656d9c3602b435459c425ff685b,416,277,5,0,,keep,human_visual_quality_approved
github_pothole::img-848,img-848.jpg,data/raw/v2/pothole_github/Pothole Dataset/img-848.jpg,data/raw/v2/pothole_github/Pothole Dataset/img-848.txt,e7db946a198579579cdca07d4cc2e7ca8c5faf12b7ce739b0e87d39ed5b9fb8d,416,277,4,0,,keep,human_visual_quality_approved
github_pothole::img-849,img-849.jpg,data/raw/v2/pothole_github/Pothole Dataset/img-849.jpg,data/raw/v2/pothole_github/Pothole Dataset/img-849.txt,e6afe92460ae4cadf616fa247edb47db0b05d7a870442b1062fd641747067b32,416,312,1,0,,keep,human_visual_quality_approved
github_pothole::img-85,img-85.jpg,data/raw/v2/pothole_github/Pothole Dataset/img-85.jpg,data/raw/v2/pothole_github/Pothole Dataset/img-85.txt,e5361f70bef5b8eff60e69bfadef0b246630be528fad91ad350662688cf40f3a,720,720,2,0,,keep,human_visual_quality_approved
github_pothole::img-850,img-850.jpg,data/raw/v2/pothole_github/Pothole Dataset/img-850.jpg,data/raw/v2/pothole_github/Pothole Dataset/img-850.txt,27f4a40db6c4ebcfd0cfda8cfc5247b3b1717f40cd1daef582ff5bba0ff56848,416,201,8,0,,keep,human_visual_quality_approved
github_pothole::img-851,img-851.jpg,data/raw/v2/pothole_github/Pothole Dataset/img-851.jpg,data/raw/v2/pothole_github/Pothole Dataset/img-851.txt,277618e8830fd7dcda894c8b083743f0bc34e6fd68111c2a1eb007c7bd527670,416,295,3,0,,keep,human_visual_quality_approved
github_pothole::img-852,img-852.jpg,data/raw/v2/pothole_github/Pothole Dataset/img-852.jpg,data/raw/v2/pothole_github/Pothole Dataset/img-852.txt,b21b0d8f8bb74651f8fca355e02456d19eb36116eef903d82fb6aaff101d5e6d,416,277,1,0,,keep,human_visual_quality_approved
github_pothole::img-853,img-853.jpg,data/raw/v2/pothole_github/Pothole Dataset/img-853.jpg,data/raw/v2/pothole_github/Pothole Dataset/img-853.txt,6cfae149b500926c0f4307bd569188e10648a4903087866c8fff016f6937a315,416,277,3,0,,keep,human_visual_quality_approved
github_pothole::img-854,img-854.jpg,data/raw/v2/pothole_github/Pothole Dataset/img-854.jpg,data/raw/v2/pothole_github/Pothole Dataset/img-854.txt,5ac8efc4f8d638832409c139e4d1734965fdea3a9e8039a9b215239c8629ada0,416,237,7,0,,keep,human_visual_quality_approved
github_pothole::img-855,img-855.jpg,data/raw/v2/pothole_github/Pothole Dataset/img-855.jpg,data/raw/v2/pothole_github/Pothole Dataset/img-855.txt,3272a2308005da553454f397de9295b7783a97e00f5d82c0a13d4572d2c513a0,416,234,2,0,,keep,human_visual_quality_approved
github_pothole::img-856,img-856.jpg,data/raw/v2/pothole_github/Pothole Dataset/img-856.jpg,data/raw/v2/pothole_github/Pothole Dataset/img-856.txt,602813203f925b7a9fc20ddc90edc70bfda03874c00712f7cb68626b91041f1c,337,448,3,0,,keep,human_visual_quality_approved
github_pothole::img-857,img-857.jpg,data/raw/v2/pothole_github/Pothole Dataset/img-857.jpg,data/raw/v2/pothole_github/Pothole Dataset/img-857.txt,900df3a61cb5904a53811ee910509844d3e3bbdf11954f6f2320d89b7a12da67,416,299,4,0,,keep,human_visual_quality_approved
github_pothole::img-858,img-858.jpg,data/raw/v2/pothole_github/Pothole Dataset/img-858.jpg,data/raw/v2/pothole_github/Pothole Dataset/img-858.txt,69b21653b7e8f0fd7d0efdeca49773b90f6d58353171f921faca14d7b85d979c,416,208,28,0,,keep,human_visual_quality_approved
github_pothole::img-859,img-859.jpg,data/raw/v2/pothole_github/Pothole Dataset/img-859.jpg,data/raw/v2/pothole_github/Pothole Dataset/img-859.txt,608844e35aa1da60b23e2b611c6c5e6268e172d7deea7d493572515c9e58bd40,416,277,2,0,,keep,human_visual_quality_approved
github_pothole::img-86,img-86.jpg,data/raw/v2/pothole_github/Pothole Dataset/img-86.jpg,data/raw/v2/pothole_github/Pothole Dataset/img-86.txt,2d1829537f6e98c11402d209fab93210b8574486c4d020114ddf6f0f3be68468,720,720,2,0,,keep,human_visual_quality_approved
github_pothole::img-860,img-860.jpg,data/raw/v2/pothole_github/Pothole Dataset/img-860.jpg,data/raw/v2/pothole_github/Pothole Dataset/img-860.txt,c885b695ba261c9f181547b24cfd049cb48301cf6a2cc5a8a93a35d01b49eab5,416,287,1,0,,keep,human_visual_quality_approved
github_pothole::img-861,img-861.jpg,data/raw/v2/pothole_github/Pothole Dataset/img-861.jpg,data/raw/v2/pothole_github/Pothole Dataset/img-861.txt,40e32db8188176b70e13b22687315e6c626a3c81077b852a2ed6af8f5769319b,416,260,1,0,,keep,human_visual_quality_approved
github_pothole::img-862,img-862.jpg,data/raw/v2/pothole_github/Pothole Dataset/img-862.jpg,data/raw/v2/pothole_github/Pothole Dataset/img-862.txt,96b27cdc30564c5a05725dd25633ceb972b073ae125eeca1b7680ef5d39770a4,416,278,5,0,,keep,human_visual_quality_approved
github_pothole::img-863,img-863.jpg,data/raw/v2/pothole_github/Pothole Dataset/img-863.jpg,data/raw/v2/pothole_github/Pothole Dataset/img-863.txt,57b2707505e28e6be9ec4e2f2a861f64a3644ad7b2492e7de2039a608646e61a,416,268,1,0,,keep,human_visual_quality_approved
github_pothole::img-864,img-864.jpg,data/raw/v2/pothole_github/Pothole Dataset/img-864.jpg,data/raw/v2/pothole_github/Pothole Dataset/img-864.txt,038af05ccb188638b5cbdfee00cdbf0872352cd540d0dcba7a55c83083cd5a87,416,277,3,0,,keep,human_visual_quality_approved
github_pothole::img-865,img-865.jpg,data/raw/v2/pothole_github/Pothole Dataset/img-865.jpg,data/raw/v2/pothole_github/Pothole Dataset/img-865.txt,462dbfd595dc98f3a3d4858611a75c5f67a0298b6c89e52c4efc821365da26c0,416,234,8,0,,keep,human_visual_quality_approved
github_pothole::img-866,img-866.jpg,data/raw/v2/pothole_github/Pothole Dataset/img-866.jpg,data/raw/v2/pothole_github/Pothole Dataset/img-866.txt,9e581b2b34afb465bd7147536d887140abedb5deaa26d8cf6ce9961b5541fd4d,416,311,1,0,,keep,human_visual_quality_approved
github_pothole::img-867,img-867.jpg,data/raw/v2/pothole_github/Pothole Dataset/img-867.jpg,data/raw/v2/pothole_github/Pothole Dataset/img-867.txt,cbb7a575ef9f2a08903ca45b6e97d746c99a07cbdfe326852f84d2ef2e9a55ea,416,258,3,0,,keep,human_visual_quality_approved
github_pothole::img-868,img-868.jpg,data/raw/v2/pothole_github/Pothole Dataset/img-868.jpg,data/raw/v2/pothole_github/Pothole Dataset/img-868.txt,7ae54448445f447c7c055d6b42eaf57040a33b3ae52447b355d060706840c4d6,416,286,14,0,,keep,human_visual_quality_approved
github_pothole::img-869,img-869.jpg,data/raw/v2/pothole_github/Pothole Dataset/img-869.jpg,data/raw/v2/pothole_github/Pothole Dataset/img-869.txt,8d8071d17427eeb7eb14a7e06ed6f240792a212d3e2669563dca86fde48f7b2b,300,196,2,0,,keep,human_visual_quality_approved
github_pothole::img-87,img-87.jpg,data/raw/v2/pothole_github/Pothole Dataset/img-87.jpg,data/raw/v2/pothole_github/Pothole Dataset/img-87.txt,10d5ecef8ff736b028c0997686fc864a85f2f736342aa017c0a8aa040bc346c9,720,720,1,0,,keep,human_visual_quality_approved
github_pothole::img-870,img-870.jpg,data/raw/v2/pothole_github/Pothole Dataset/img-870.jpg,data/raw/v2/pothole_github/Pothole Dataset/img-870.txt,521917ea33877c36b99aa16bb789561aa7e138c9f4e5a760be86f20f40ce6b7a,416,234,2,0,,keep,human_visual_quality_approved
github_pothole::img-871,img-871.jpg,data/raw/v2/pothole_github/Pothole Dataset/img-871.jpg,data/raw/v2/pothole_github/Pothole Dataset/img-871.txt,0eafa7283d71bdebe7d4a87a359393a619748f0f9158bf6b33e0d6173b7e2b7f,416,260,1,0,,keep,human_visual_quality_approved
github_pothole::img-872,img-872.jpg,data/raw/v2/pothole_github/Pothole Dataset/img-872.jpg,data/raw/v2/pothole_github/Pothole Dataset/img-872.txt,b4e7b7ab77c51d1649a2a4eafd6463b24184bad54e2ed4e0aae20bad168ad1c8,416,247,1,0,,keep,human_visual_quality_approved
github_pothole::img-873,img-873.jpg,data/raw/v2/pothole_github/Pothole Dataset/img-873.jpg,data/raw/v2/pothole_github/Pothole Dataset/img-873.txt,d54b0993436fa773b491dbb7a07484a4021c95d834afd23502e4ddad3532991a,416,277,5,0,,keep,human_visual_quality_approved
github_pothole::img-874,img-874.jpg,data/raw/v2/pothole_github/Pothole Dataset/img-874.jpg,data/raw/v2/pothole_github/Pothole Dataset/img-874.txt,904c36a0baf3e49d823fa56850d7bf1590e580db01d00dab966bef6522a987ab,416,555,5,0,,keep,human_visual_quality_approved
github_pothole::img-875,img-875.jpg,data/raw/v2/pothole_github/Pothole Dataset/img-875.jpg,data/raw/v2/pothole_github/Pothole Dataset/img-875.txt,b4bba99e09cbf60032e0da2ef3fc925ef6c8860a295fd52337971e0ec65c0732,416,234,3,0,,keep,human_visual_quality_approved
github_pothole::img-876,img-876.jpg,data/raw/v2/pothole_github/Pothole Dataset/img-876.jpg,data/raw/v2/pothole_github/Pothole Dataset/img-876.txt,051ada8558c8e6ce08f2c12db63d6d148060a68df53dc12e435e16bd1938c756,416,187,5,0,,keep,human_visual_quality_approved
github_pothole::img-877,img-877.jpg,data/raw/v2/pothole_github/Pothole Dataset/img-877.jpg,data/raw/v2/pothole_github/Pothole Dataset/img-877.txt,0375d9bacfa4e2b05ede90dcd0d2ac46d41a0efbffbe906086887849367c74aa,416,277,1,0,,keep,human_visual_quality_approved
github_pothole::img-878,img-878.jpg,data/raw/v2/pothole_github/Pothole Dataset/img-878.jpg,data/raw/v2/pothole_github/Pothole Dataset/img-878.txt,e645bf93b686e08eb43f27de3a988847e0cad382e3cb2e317c9aa947148111c2,300,195,1,0,,keep,human_visual_quality_approved
github_pothole::img-879,img-879.jpg,data/raw/v2/pothole_github/Pothole Dataset/img-879.jpg,data/raw/v2/pothole_github/Pothole Dataset/img-879.txt,4f518b0b9ebf8f6f71ce41a7ab14c95292c1dd45d492b195871ea8b3af8fae0c,280,220,1,0,,keep,human_visual_quality_approved
github_pothole::img-88,img-88.jpg,data/raw/v2/pothole_github/Pothole Dataset/img-88.jpg,data/raw/v2/pothole_github/Pothole Dataset/img-88.txt,19b598ab9a5850d5a753df995cba6984c2af3b8d5de603dfc597d51558d92bb8,720,720,1,0,,keep,human_visual_quality_approved
github_pothole::img-880,img-880.jpg,data/raw/v2/pothole_github/Pothole Dataset/img-880.jpg,data/raw/v2/pothole_github/Pothole Dataset/img-880.txt,ce33ad6383f179497c4befbc02665862d93d919c689a3a431a47f68393c592ca,416,504,3,0,,keep,human_visual_quality_approved
github_pothole::img-881,img-881.jpg,data/raw/v2/pothole_github/Pothole Dataset/img-881.jpg,data/raw/v2/pothole_github/Pothole Dataset/img-881.txt,ef9445ff074d763ed86c904f71d8ed8dc0a9773ef639276604f8c6d6b7f31da7,400,267,4,0,,keep,human_visual_quality_approved
github_pothole::img-882,img-882.jpg,data/raw/v2/pothole_github/Pothole Dataset/img-882.jpg,data/raw/v2/pothole_github/Pothole Dataset/img-882.txt,f25f3d951d414b17d7d7fb40065f182356c87b61c3fecfe7c9fc3f7eeaccc368,416,292,12,0,,keep,human_visual_quality_approved
github_pothole::img-883,img-883.jpg,data/raw/v2/pothole_github/Pothole Dataset/img-883.jpg,data/raw/v2/pothole_github/Pothole Dataset/img-883.txt,bc0df4c959a9bfaa6b97fc48fe72ad40bcd244e627e6dd1fef9cd5fbb634b839,400,267,4,0,,keep,human_visual_quality_approved
github_pothole::img-884,img-884.jpg,data/raw/v2/pothole_github/Pothole Dataset/img-884.jpg,data/raw/v2/pothole_github/Pothole Dataset/img-884.txt,68f9a13352b6b5dc67c1ca7579461521c5f539e3d560d3509d90b22d6b3a8185,416,412,7,0,,keep,human_visual_quality_approved
github_pothole::img-885,img-885.jpg,data/raw/v2/pothole_github/Pothole Dataset/img-885.jpg,data/raw/v2/pothole_github/Pothole Dataset/img-885.txt,ac788b0fd85d7d295c64a1912d7ff72a5f7a2ddf69928395461c032836655492,416,162,1,0,,keep,human_visual_quality_approved
github_pothole::img-886,img-886.jpg,data/raw/v2/pothole_github/Pothole Dataset/img-886.jpg,data/raw/v2/pothole_github/Pothole Dataset/img-886.txt,bbaf535cab1710f825f77573c58703b7be8c2e30a145f8e933517ab70b969b9c,416,240,1,0,,keep,human_visual_quality_approved
github_pothole::img-887,img-887.jpg,data/raw/v2/pothole_github/Pothole Dataset/img-887.jpg,data/raw/v2/pothole_github/Pothole Dataset/img-887.txt,cdbfd27b8156a5e0055b1a7f91abba3c5678893c3ba9037ee46106e3ce709e58,400,400,1,0,,keep,human_visual_quality_approved
github_pothole::img-888,img-888.jpg,data/raw/v2/pothole_github/Pothole Dataset/img-888.jpg,data/raw/v2/pothole_github/Pothole Dataset/img-888.txt,76ff7844819533f8e129aebc65d4a256bb84a72632a33bf03669b27c4eeb3ca4,416,277,2,0,,keep,human_visual_quality_approved
github_pothole::img-889,img-889.jpg,data/raw/v2/pothole_github/Pothole Dataset/img-889.jpg,data/raw/v2/pothole_github/Pothole Dataset/img-889.txt,4a6d7914dad6085511a098ab88bcfccd2b1dd58e0a4b9cafdac6f7f26ee8ee8e,416,312,3,0,,keep,human_visual_quality_approved
github_pothole::img-89,img-89.jpg,data/raw/v2/pothole_github/Pothole Dataset/img-89.jpg,data/raw/v2/pothole_github/Pothole Dataset/img-89.txt,2d23a40ef3b596b4f5bfc0637a6fca6c065b94ccab506412bcd447b1e932192c,720,720,2,0,,keep,human_visual_quality_approved
github_pothole::img-890,img-890.jpg,data/raw/v2/pothole_github/Pothole Dataset/img-890.jpg,data/raw/v2/pothole_github/Pothole Dataset/img-890.txt,5c1eb2feb6ad28c2d82d5c4f83f8b38be50aa4345389a59a40f7243f89f0fdd0,416,269,1,0,,keep,human_visual_quality_approved
github_pothole::img-891,img-891.jpg,data/raw/v2/pothole_github/Pothole Dataset/img-891.jpg,data/raw/v2/pothole_github/Pothole Dataset/img-891.txt,c728cab2ae9d5bc5662cc6052ee27e7d02f47e2f3b19f62d6e541566ed231d8b,416,338,1,0,,keep,human_visual_quality_approved
github_pothole::img-892,img-892.jpg,data/raw/v2/pothole_github/Pothole Dataset/img-892.jpg,data/raw/v2/pothole_github/Pothole Dataset/img-892.txt,6c70e6b043d3b22134864e63504dadc8567dccf4417280cbe6d00a1a34731009,416,311,3,0,,keep,human_visual_quality_approved
github_pothole::img-893,img-893.jpg,data/raw/v2/pothole_github/Pothole Dataset/img-893.jpg,data/raw/v2/pothole_github/Pothole Dataset/img-893.txt,9ff2c058195c9bda2367665f5d8505b1936b7447b1bf42ca1a00ca675e9ad2be,416,269,1,0,,keep,human_visual_quality_approved
github_pothole::img-894,img-894.jpg,data/raw/v2/pothole_github/Pothole Dataset/img-894.jpg,data/raw/v2/pothole_github/Pothole Dataset/img-894.txt,ecd99dfc0d97245d981e3976fcc60770ebcc6cc295a8a62d3edbe9fed7d7d187,416,208,3,0,,keep,human_visual_quality_approved
github_pothole::img-895,img-895.jpg,data/raw/v2/pothole_github/Pothole Dataset/img-895.jpg,data/raw/v2/pothole_github/Pothole Dataset/img-895.txt,e896e3de89c8aa5caaca04795ad78ad8473225532aacfedbd86c2a26f601839c,416,277,5,0,,keep,human_visual_quality_approved
github_pothole::img-896,img-896.jpg,data/raw/v2/pothole_github/Pothole Dataset/img-896.jpg,data/raw/v2/pothole_github/Pothole Dataset/img-896.txt,d8ab3a3a37af71ca26abbdf0cd5f0161ccee504c596ef5648bf742b9bbea35fc,416,312,1,0,,keep,human_visual_quality_approved
github_pothole::img-897,img-897.jpg,data/raw/v2/pothole_github/Pothole Dataset/img-897.jpg,data/raw/v2/pothole_github/Pothole Dataset/img-897.txt,04732bdebf12df649e9e0563b0b60a25948fdc3802f1477f23bf6ddcf150e78d,416,312,4,0,,keep,human_visual_quality_approved
github_pothole::img-898,img-898.jpg,data/raw/v2/pothole_github/Pothole Dataset/img-898.jpg,data/raw/v2/pothole_github/Pothole Dataset/img-898.txt,465450ab5c780aa90b220e9e3d517770a3f88b802dda5f3f7bd9057081b1fb32,416,213,4,0,,keep,human_visual_quality_approved
github_pothole::img-899,img-899.jpg,data/raw/v2/pothole_github/Pothole Dataset/img-899.jpg,data/raw/v2/pothole_github/Pothole Dataset/img-899.txt,40aafe023a382be13e858c47916a3bd638e459ed68e40fd619f42cf81e78ed48,416,277,6,0,,keep,human_visual_quality_approved
github_pothole::img-9,img-9.jpg,data/raw/v2/pothole_github/Pothole Dataset/img-9.jpg,data/raw/v2/pothole_github/Pothole Dataset/img-9.txt,4584857db402dc94d56e51d4981477dd00102d016838a6efc1402026eddd6f2f,720,720,2,0,,keep,human_visual_quality_approved
github_pothole::img-90,img-90.jpg,data/raw/v2/pothole_github/Pothole Dataset/img-90.jpg,data/raw/v2/pothole_github/Pothole Dataset/img-90.txt,9d4d7a2d1e2eeb371a9b1fe6fbb4842bd5234b494671ff014c6fc31f96e56c69,720,720,1,0,,keep,human_visual_quality_approved
github_pothole::img-900,img-900.jpg,data/raw/v2/pothole_github/Pothole Dataset/img-900.jpg,data/raw/v2/pothole_github/Pothole Dataset/img-900.txt,0154ea023045d21b70998d8b7e0fc40758bafe8d4c49b87803706111247e07bd,416,294,6,0,,keep,human_visual_quality_approved
github_pothole::img-901,img-901.jpg,data/raw/v2/pothole_github/Pothole Dataset/img-901.jpg,data/raw/v2/pothole_github/Pothole Dataset/img-901.txt,4192ab6b7265bcf37e8b48854266a2805dff867b20e0a60f4c722031e00e34bd,400,300,1,0,,keep,human_visual_quality_approved
github_pothole::img-902,img-902.jpg,data/raw/v2/pothole_github/Pothole Dataset/img-902.jpg,data/raw/v2/pothole_github/Pothole Dataset/img-902.txt,d951f8b3949052e7a8f51b45ff4da81760df157d263a011e117c33f0a51ef13f,416,277,2,0,,keep,human_visual_quality_approved
github_pothole::img-903,img-903.jpg,data/raw/v2/pothole_github/Pothole Dataset/img-903.jpg,data/raw/v2/pothole_github/Pothole Dataset/img-903.txt,faf1dfb05d2b97c5894587cc331bc285baaa48f9c2c58151660ff56ec33c8cea,416,276,6,0,,keep,human_visual_quality_approved
github_pothole::img-904,img-904.jpg,data/raw/v2/pothole_github/Pothole Dataset/img-904.jpg,data/raw/v2/pothole_github/Pothole Dataset/img-904.txt,022117bce516fba126c39e228e7948a45279610ed54242e5e59bcd9720bd1c7f,416,247,1,0,,keep,human_visual_quality_approved
github_pothole::img-905,img-905.jpg,data/raw/v2/pothole_github/Pothole Dataset/img-905.jpg,data/raw/v2/pothole_github/Pothole Dataset/img-905.txt,4f25229e5b019e6cc87a1affe532b604419a2fb783260ab866ffea06debf064a,416,277,9,0,,keep,human_visual_quality_approved
github_pothole::img-906,img-906.jpg,data/raw/v2/pothole_github/Pothole Dataset/img-906.jpg,data/raw/v2/pothole_github/Pothole Dataset/img-906.txt,c70239fab1436a590e2b921225845edd3842e64810e6254899706029b4c8c34d,416,234,1,0,,keep,human_visual_quality_approved
github_pothole::img-907,img-907.jpg,data/raw/v2/pothole_github/Pothole Dataset/img-907.jpg,data/raw/v2/pothole_github/Pothole Dataset/img-907.txt,0a900dd1addef5401ee02c825a40b6048a9b040f0f36b7ae5acdc203018523ad,416,278,1,0,,keep,human_visual_quality_approved
github_pothole::img-908,img-908.jpg,data/raw/v2/pothole_github/Pothole Dataset/img-908.jpg,data/raw/v2/pothole_github/Pothole Dataset/img-908.txt,8f2f7b3cd91c342c38953c370baa3f366033236b2ea14379015771a042036c09,400,533,2,0,,keep,human_visual_quality_approved
github_pothole::img-909,img-909.jpg,data/raw/v2/pothole_github/Pothole Dataset/img-909.jpg,data/raw/v2/pothole_github/Pothole Dataset/img-909.txt,703539477203fff43aaf5166e0c575d5cbe7d0da54a83d414201b25cef760d84,416,312,1,0,,keep,human_visual_quality_approved
github_pothole::img-91,img-91.jpg,data/raw/v2/pothole_github/Pothole Dataset/img-91.jpg,data/raw/v2/pothole_github/Pothole Dataset/img-91.txt,bfef440d8ae16eca49b7928aa3e55148020a976085f6fabc85e4a89e4dc81331,720,720,1,0,,keep,human_visual_quality_approved
github_pothole::img-910,img-910.jpg,data/raw/v2/pothole_github/Pothole Dataset/img-910.jpg,data/raw/v2/pothole_github/Pothole Dataset/img-910.txt,08b0db42e16b6615d6e8070b7d3de0023cb7d0c148113167de7b466bf7c001e0,416,257,2,0,,keep,human_visual_quality_approved
github_pothole::img-911,img-911.jpg,data/raw/v2/pothole_github/Pothole Dataset/img-911.jpg,data/raw/v2/pothole_github/Pothole Dataset/img-911.txt,f494551ec211f7ad095bb3aed4a396634ee039d555460df46d3e0ceb959df917,416,285,1,0,,keep,human_visual_quality_approved
github_pothole::img-912,img-912.jpg,data/raw/v2/pothole_github/Pothole Dataset/img-912.jpg,data/raw/v2/pothole_github/Pothole Dataset/img-912.txt,9d4d2a36f560bc663cfb8117f9d8c6835e9f7ef64cd266999a9a5780b64e1650,416,277,3,0,,keep,human_visual_quality_approved
github_pothole::img-913,img-913.jpg,data/raw/v2/pothole_github/Pothole Dataset/img-913.jpg,data/raw/v2/pothole_github/Pothole Dataset/img-913.txt,897fb1e09ecf87772df14b9dc9724d7f52e3b0a9b6971d1e73c1c963f353e953,416,238,4,0,,keep,human_visual_quality_approved
github_pothole::img-914,img-914.jpg,data/raw/v2/pothole_github/Pothole Dataset/img-914.jpg,data/raw/v2/pothole_github/Pothole Dataset/img-914.txt,667f81a643aa2394d51e7d521b7b56576a3e184bdc139fafff8b984dfd42a4f5,416,220,2,0,,keep,human_visual_quality_approved
github_pothole::img-915,img-915.jpg,data/raw/v2/pothole_github/Pothole Dataset/img-915.jpg,data/raw/v2/pothole_github/Pothole Dataset/img-915.txt,c1b761322a14902e9cf09f552dfe70fb8aac99687eb099911f5427e9af4691bb,416,277,1,0,,keep,human_visual_quality_approved
github_pothole::img-916,img-916.jpg,data/raw/v2/pothole_github/Pothole Dataset/img-916.jpg,data/raw/v2/pothole_github/Pothole Dataset/img-916.txt,bcfbff63b90a195378d6aaf0e75d1b6544179b7587b9cc54cb4d7e458d668dea,416,239,3,0,,keep,human_visual_quality_approved
github_pothole::img-917,img-917.jpg,data/raw/v2/pothole_github/Pothole Dataset/img-917.jpg,data/raw/v2/pothole_github/Pothole Dataset/img-917.txt,2fe1fe8ae64f04936ce8191866440eb25cc37a3c781c1a1e8f5c9cd10ff41e7b,416,296,1,0,,keep,human_visual_quality_approved
github_pothole::img-918,img-918.jpg,data/raw/v2/pothole_github/Pothole Dataset/img-918.jpg,data/raw/v2/pothole_github/Pothole Dataset/img-918.txt,72f42ccbf65645f198ab3857abf40f3cbee49e8d735f213eb9c4985794bccd45,400,300,2,0,,keep,human_visual_quality_approved
github_pothole::img-919,img-919.jpg,data/raw/v2/pothole_github/Pothole Dataset/img-919.jpg,data/raw/v2/pothole_github/Pothole Dataset/img-919.txt,4761082d1874af6f7de842e25cb35bc968977e0bf4bfe933dd52146dae3f88a6,416,312,1,0,,keep,human_visual_quality_approved
github_pothole::img-92,img-92.jpg,data/raw/v2/pothole_github/Pothole Dataset/img-92.jpg,data/raw/v2/pothole_github/Pothole Dataset/img-92.txt,d771525aa478a846fe63c7118e6177ae19f06e6322bbdf5ad6ea38118dfc888a,720,720,1,0,,keep,human_visual_quality_approved
github_pothole::img-920,img-920.jpg,data/raw/v2/pothole_github/Pothole Dataset/img-920.jpg,data/raw/v2/pothole_github/Pothole Dataset/img-920.txt,39c8314159cb4850372b6efd845b4cf45565f73c40d41624ba1007794b363415,416,260,1,0,,keep,human_visual_quality_approved
github_pothole::img-921,img-921.jpg,data/raw/v2/pothole_github/Pothole Dataset/img-921.jpg,data/raw/v2/pothole_github/Pothole Dataset/img-921.txt,0b15361166bf8c167b877fbf7e4207b25546cf3ef82b6890b33f97cf0ce74386,416,312,5,0,,keep,human_visual_quality_approved
github_pothole::img-922,img-922.jpg,data/raw/v2/pothole_github/Pothole Dataset/img-922.jpg,data/raw/v2/pothole_github/Pothole Dataset/img-922.txt,a77a2821988daaa5ed1105cbcf6110b3bfd9611f5938f1ed66815fc359feaf4d,416,256,4,0,,keep,human_visual_quality_approved
github_pothole::img-923,img-923.jpg,data/raw/v2/pothole_github/Pothole Dataset/img-923.jpg,data/raw/v2/pothole_github/Pothole Dataset/img-923.txt,954851245e9d3042c1079991e2c3d2136746307f8be0c3dbfbcc179e4b919b74,400,267,5,0,,keep,human_visual_quality_approved
github_pothole::img-924,img-924.jpg,data/raw/v2/pothole_github/Pothole Dataset/img-924.jpg,data/raw/v2/pothole_github/Pothole Dataset/img-924.txt,9689e346fbc04d7ec12d0ef51b7ec793b93f273629e5138d5b592da39596fc7c,400,266,5,0,,keep,human_visual_quality_approved
github_pothole::img-925,img-925.jpg,data/raw/v2/pothole_github/Pothole Dataset/img-925.jpg,data/raw/v2/pothole_github/Pothole Dataset/img-925.txt,be93502a3631bf3d4b72d4d272d05df3ab082e2d5687ba688bd662cfc87d7e5c,416,250,1,0,,keep,human_visual_quality_approved
github_pothole::img-926,img-926.jpg,data/raw/v2/pothole_github/Pothole Dataset/img-926.jpg,data/raw/v2/pothole_github/Pothole Dataset/img-926.txt,3a2febe062738a69c7b7b76939872b30ae679e583f62533894cc4b06da5c696c,416,223,6,0,,keep,human_visual_quality_approved
github_pothole::img-927,img-927.jpg,data/raw/v2/pothole_github/Pothole Dataset/img-927.jpg,data/raw/v2/pothole_github/Pothole Dataset/img-927.txt,78a5905fc5de0b4d6207aeef45d6e4de4e15562b851220f46f24d1395a15e6ab,416,234,1,0,,keep,human_visual_quality_approved
github_pothole::img-928,img-928.jpg,data/raw/v2/pothole_github/Pothole Dataset/img-928.jpg,data/raw/v2/pothole_github/Pothole Dataset/img-928.txt,fd74d7ad16ba94760319f426250e2e4c800d8974398ea06888eac8c7cfa7ebc8,400,300,3,0,,keep,human_visual_quality_approved
github_pothole::img-929,img-929.jpg,data/raw/v2/pothole_github/Pothole Dataset/img-929.jpg,data/raw/v2/pothole_github/Pothole Dataset/img-929.txt,56d724bda1c92037bcc1ad14449f3a054054fd74e5889a6a9b07ff9d9512b6b6,416,312,1,0,,keep,human_visual_quality_approved
github_pothole::img-93,img-93.jpg,data/raw/v2/pothole_github/Pothole Dataset/img-93.jpg,data/raw/v2/pothole_github/Pothole Dataset/img-93.txt,5d4017f91ff88aa6759dd8f49e6f30e448d7f8fcdd64ce88a2828f94bddb7446,720,720,3,0,,keep,human_visual_quality_approved
github_pothole::img-930,img-930.jpg,data/raw/v2/pothole_github/Pothole Dataset/img-930.jpg,data/raw/v2/pothole_github/Pothole Dataset/img-930.txt,130f887cbff1b8fb25d80a846ae68927d0ad46331a5ee342b4c763e77ae80575,416,270,11,0,,keep,human_visual_quality_approved
github_pothole::img-931,img-931.jpg,data/raw/v2/pothole_github/Pothole Dataset/img-931.jpg,data/raw/v2/pothole_github/Pothole Dataset/img-931.txt,1895b2ba801cf91680e0c32d0f46332404992e4f07f18bcc5c5c7b3d911cff4e,416,312,2,0,,keep,human_visual_quality_approved
github_pothole::img-932,img-932.jpg,data/raw/v2/pothole_github/Pothole Dataset/img-932.jpg,data/raw/v2/pothole_github/Pothole Dataset/img-932.txt,2637938d49735e930165d3d10b928c4de9b1a1d0302b95844b9a6883484f79d7,416,277,1,0,,keep,human_visual_quality_approved
github_pothole::img-933,img-933.jpg,data/raw/v2/pothole_github/Pothole Dataset/img-933.jpg,data/raw/v2/pothole_github/Pothole Dataset/img-933.txt,9f11198e7e5d44b5cc3146442b8182663d717918b2876ed03a97f105ea208e27,416,312,5,0,,keep,human_visual_quality_approved
github_pothole::img-934,img-934.jpg,data/raw/v2/pothole_github/Pothole Dataset/img-934.jpg,data/raw/v2/pothole_github/Pothole Dataset/img-934.txt,b50c909664e7efd80e5e732b7c8f27cb90b7f98f143dac47e04701dfc93d0151,416,191,6,0,,keep,human_visual_quality_approved
github_pothole::img-935,img-935.jpg,data/raw/v2/pothole_github/Pothole Dataset/img-935.jpg,data/raw/v2/pothole_github/Pothole Dataset/img-935.txt,582bcff8a2e6a8e365a2bc96b73b0ec437c14dad91fc1988e781e97dd75ee6a2,300,400,4,0,,keep,human_visual_quality_approved
github_pothole::img-936,img-936.jpg,data/raw/v2/pothole_github/Pothole Dataset/img-936.jpg,data/raw/v2/pothole_github/Pothole Dataset/img-936.txt,2f722f5ebf5cdc14c1743321295a5882074896539170519defef525a678649da,416,312,2,0,,keep,human_visual_quality_approved
github_pothole::img-937,img-937.jpg,data/raw/v2/pothole_github/Pothole Dataset/img-937.jpg,data/raw/v2/pothole_github/Pothole Dataset/img-937.txt,30dfa6237e644488e3d7d4872b324ce477027e06b84f8e73e903cfe07ca32f7c,295,188,4,0,,keep,human_visual_quality_approved
github_pothole::img-938,img-938.jpg,data/raw/v2/pothole_github/Pothole Dataset/img-938.jpg,data/raw/v2/pothole_github/Pothole Dataset/img-938.txt,15590b66d1365dbaa30ebedb7910fc331ca007ac9305c89a6b19512c5ed51bb0,416,277,1,0,,keep,human_visual_quality_approved
github_pothole::img-939,img-939.jpg,data/raw/v2/pothole_github/Pothole Dataset/img-939.jpg,data/raw/v2/pothole_github/Pothole Dataset/img-939.txt,be9a3cbad1472f5d2d7425aa59dae93653ac3cd7bae74b71fb2097f2189804d9,416,312,2,0,,keep,human_visual_quality_approved
github_pothole::img-94,img-94.jpg,data/raw/v2/pothole_github/Pothole Dataset/img-94.jpg,data/raw/v2/pothole_github/Pothole Dataset/img-94.txt,32b58ace993e7ab4635b815c154821d3ae0fa3e1388f0c26e3fb475fb75a7f7f,720,720,1,0,,keep,human_visual_quality_approved
github_pothole::img-940,img-940.jpg,data/raw/v2/pothole_github/Pothole Dataset/img-940.jpg,data/raw/v2/pothole_github/Pothole Dataset/img-940.txt,249a5b23150d79d28ee88141aff26ae72e6b1e50fa91f4cf44a2e49aecc64cd2,416,252,1,0,,keep,human_visual_quality_approved
github_pothole::img-941,img-941.jpg,data/raw/v2/pothole_github/Pothole Dataset/img-941.jpg,data/raw/v2/pothole_github/Pothole Dataset/img-941.txt,e86c379fd8678754aaecd143e48a134a6c6e603bc829da7f3343ef7265949349,416,312,2,0,,keep,human_visual_quality_approved
github_pothole::img-942,img-942.jpg,data/raw/v2/pothole_github/Pothole Dataset/img-942.jpg,data/raw/v2/pothole_github/Pothole Dataset/img-942.txt,8bdbdc472131a3dcd346ff9d60f6685aca0e1f10aee0fb31ea7f5196aead73c1,416,234,2,0,,keep,human_visual_quality_approved
github_pothole::img-943,img-943.jpg,data/raw/v2/pothole_github/Pothole Dataset/img-943.jpg,data/raw/v2/pothole_github/Pothole Dataset/img-943.txt,fa6353d2eafdaee44bc3f12294178094471abd39214dd502e125b7b34d907f70,416,312,4,0,,keep,human_visual_quality_approved
github_pothole::img-944,img-944.jpg,data/raw/v2/pothole_github/Pothole Dataset/img-944.jpg,data/raw/v2/pothole_github/Pothole Dataset/img-944.txt,a88a6ab4bc8642c071b3fc10ee11f3962f95cad5bb571622a44ec9aece321373,416,234,5,0,,keep,human_visual_quality_approved
github_pothole::img-945,img-945.jpg,data/raw/v2/pothole_github/Pothole Dataset/img-945.jpg,data/raw/v2/pothole_github/Pothole Dataset/img-945.txt,6a919d34bf8d3ca25605716bee71e2e12a895a155de119bbe4045df65976655f,416,285,7,0,,keep,human_visual_quality_approved
github_pothole::img-946,img-946.jpg,data/raw/v2/pothole_github/Pothole Dataset/img-946.jpg,data/raw/v2/pothole_github/Pothole Dataset/img-946.txt,f5d18203b2e78475cdcd8ec592e92393fe57d4623dbf1848e9ede508838c0a54,416,277,3,0,,keep,human_visual_quality_approved
github_pothole::img-947,img-947.jpg,data/raw/v2/pothole_github/Pothole Dataset/img-947.jpg,data/raw/v2/pothole_github/Pothole Dataset/img-947.txt,d3132fbbf245315e16f3a7c571a3129809a2eae12d7e3b9580dacb6a5c6bb8df,416,234,13,0,,keep,human_visual_quality_approved
github_pothole::img-948,img-948.jpg,data/raw/v2/pothole_github/Pothole Dataset/img-948.jpg,data/raw/v2/pothole_github/Pothole Dataset/img-948.txt,8894da96ff9351f2ebed95f827309a94a11237b3878e90ccec3ed8d9335e14c0,416,312,1,0,,keep,human_visual_quality_approved
github_pothole::img-949,img-949.jpg,data/raw/v2/pothole_github/Pothole Dataset/img-949.jpg,data/raw/v2/pothole_github/Pothole Dataset/img-949.txt,381d92def862356b90728eba057d22e24bb673951481d9b289ad4debfc08f49d,416,555,1,0,,keep,human_visual_quality_approved
github_pothole::img-95,img-95.jpg,data/raw/v2/pothole_github/Pothole Dataset/img-95.jpg,data/raw/v2/pothole_github/Pothole Dataset/img-95.txt,c458d2788a2c78595d3077f2fd3bad21e4201d44791427c9b6ae132addf62c61,720,720,2,0,,keep,human_visual_quality_approved
github_pothole::img-950,img-950.jpg,data/raw/v2/pothole_github/Pothole Dataset/img-950.jpg,data/raw/v2/pothole_github/Pothole Dataset/img-950.txt,b85190d89c4e5e5f867804264eae57c7d08b28348c49b393b81be32ff792dbeb,416,277,4,0,,keep,human_visual_quality_approved
github_pothole::img-951,img-951.jpg,data/raw/v2/pothole_github/Pothole Dataset/img-951.jpg,data/raw/v2/pothole_github/Pothole Dataset/img-951.txt,1e15a8cd9d9865d92459b247126dbec3adce2d51eb7d05556a37cc64b3bdcf96,416,235,2,0,,keep,human_visual_quality_approved
github_pothole::img-952,img-952.jpg,data/raw/v2/pothole_github/Pothole Dataset/img-952.jpg,data/raw/v2/pothole_github/Pothole Dataset/img-952.txt,f9d6ae8d052d295d07aa03f04b4fa9ace0ba944a99cbe5bd877e1590bb2c35a5,416,234,7,0,,keep,human_visual_quality_approved
github_pothole::img-953,img-953.jpg,data/raw/v2/pothole_github/Pothole Dataset/img-953.jpg,data/raw/v2/pothole_github/Pothole Dataset/img-953.txt,ec1a4bed421807aa7e4b83fbd1aab536073d2b0210ee55bb38e7bf114239ac3c,416,555,14,0,,keep,human_visual_quality_approved
github_pothole::img-954,img-954.jpg,data/raw/v2/pothole_github/Pothole Dataset/img-954.jpg,data/raw/v2/pothole_github/Pothole Dataset/img-954.txt,45e12a4bffef0b0b74d222bc8a45a2e81b3b832fe79a29cbf0f9a3bc519f59af,416,197,17,0,,keep,human_visual_quality_approved
github_pothole::img-955,img-955.jpg,data/raw/v2/pothole_github/Pothole Dataset/img-955.jpg,data/raw/v2/pothole_github/Pothole Dataset/img-955.txt,b18ad35c879caa0b20a3e59ec7abdbb3a938aefd41a51af2209bd5353dbf3106,416,234,4,0,,keep,human_visual_quality_approved
github_pothole::img-956,img-956.jpg,data/raw/v2/pothole_github/Pothole Dataset/img-956.jpg,data/raw/v2/pothole_github/Pothole Dataset/img-956.txt,2076ab5f204f80af05f0cba24f7311f691bd2a8cc52db13080fea131dc786bf0,416,312,1,0,,keep,human_visual_quality_approved
github_pothole::img-957,img-957.jpg,data/raw/v2/pothole_github/Pothole Dataset/img-957.jpg,data/raw/v2/pothole_github/Pothole Dataset/img-957.txt,c57f47e4c8c394fc47688ed0ca988f0ad4543252a3b7165df0f5eb4ff4a07707,400,160,5,0,,keep,human_visual_quality_approved
github_pothole::img-958,img-958.jpg,data/raw/v2/pothole_github/Pothole Dataset/img-958.jpg,data/raw/v2/pothole_github/Pothole Dataset/img-958.txt,e3e042af7cb97cf512741d2ffc0d773389a7022f3d43f8788394b2c676baa8e0,416,277,3,0,,keep,human_visual_quality_approved
github_pothole::img-959,img-959.jpg,data/raw/v2/pothole_github/Pothole Dataset/img-959.jpg,data/raw/v2/pothole_github/Pothole Dataset/img-959.txt,adff5db861bcbbcf762eb54f6ce2750a8ea440514e0a74006f9aef3e8714c162,416,234,3,0,,keep,human_visual_quality_approved
github_pothole::img-96,img-96.jpg,data/raw/v2/pothole_github/Pothole Dataset/img-96.jpg,data/raw/v2/pothole_github/Pothole Dataset/img-96.txt,360249a2622087eba6de3a794c7a3bd696083faeaba8423496fa6ea040ab68dc,720,720,1,0,,keep,human_visual_quality_approved
github_pothole::img-960,img-960.jpg,data/raw/v2/pothole_github/Pothole Dataset/img-960.jpg,data/raw/v2/pothole_github/Pothole Dataset/img-960.txt,b0c41274d606b6e1b1efd970c50af6239f64eeeb3d2f18e1088ac19b536226d4,416,311,2,0,,keep,human_visual_quality_approved
github_pothole::img-961,img-961.jpg,data/raw/v2/pothole_github/Pothole Dataset/img-961.jpg,data/raw/v2/pothole_github/Pothole Dataset/img-961.txt,9ac4e1305749abe7039db9a5319dccdfa4aa87d117406301709539cc09cbc828,416,312,1,0,,keep,human_visual_quality_approved
github_pothole::img-962,img-962.jpg,data/raw/v2/pothole_github/Pothole Dataset/img-962.jpg,data/raw/v2/pothole_github/Pothole Dataset/img-962.txt,32dd0148077c1e03b3235d30dfea3f76d499fdd5478c14e42be3214db4bbf14d,416,181,1,0,,keep,human_visual_quality_approved
github_pothole::img-963,img-963.jpg,data/raw/v2/pothole_github/Pothole Dataset/img-963.jpg,data/raw/v2/pothole_github/Pothole Dataset/img-963.txt,cf871779e9d0f60dc808a09c8f3a9531947b557ba8b6291f8da6d03d4c5746db,370,204,1,0,,keep,human_visual_quality_approved
github_pothole::img-964,img-964.jpg,data/raw/v2/pothole_github/Pothole Dataset/img-964.jpg,data/raw/v2/pothole_github/Pothole Dataset/img-964.txt,77f64c8e582ad6a6e2483407ce4f350ac1895dd3e3da53b58b71bda9906e379a,416,276,4,0,,keep,human_visual_quality_approved
github_pothole::img-965,img-965.jpg,data/raw/v2/pothole_github/Pothole Dataset/img-965.jpg,data/raw/v2/pothole_github/Pothole Dataset/img-965.txt,9ed778088ba047df4de983c90266e7e845c2bb14fc15db0e5cf64b521eef5ca6,416,307,8,0,,keep,human_visual_quality_approved
github_pothole::img-966,img-966.jpg,data/raw/v2/pothole_github/Pothole Dataset/img-966.jpg,data/raw/v2/pothole_github/Pothole Dataset/img-966.txt,3bb02e9a0dda8b862ed5127dd6fda0a1d9df20d1ea119b5e802ce9a09eeca3ed,416,312,1,0,,keep,human_visual_quality_approved
github_pothole::img-967,img-967.jpg,data/raw/v2/pothole_github/Pothole Dataset/img-967.jpg,data/raw/v2/pothole_github/Pothole Dataset/img-967.txt,4d1ba328e47840b52aed87b415587407ad514a9d262437b3f573e5f668d2ce70,416,181,1,0,,keep,human_visual_quality_approved
github_pothole::img-968,img-968.jpg,data/raw/v2/pothole_github/Pothole Dataset/img-968.jpg,data/raw/v2/pothole_github/Pothole Dataset/img-968.txt,88bb4cf3cacf74252db4d7adb711c239b6c40349f4c084c1632ccae99c024596,339,218,1,0,,keep,human_visual_quality_approved
github_pothole::img-969,img-969.jpg,data/raw/v2/pothole_github/Pothole Dataset/img-969.jpg,data/raw/v2/pothole_github/Pothole Dataset/img-969.txt,e7e9cdb44a0ae9225d3d6cc02d0bbc13f838c2087bf61d7df126a1274318aa3b,300,200,1,0,,keep,human_visual_quality_approved
github_pothole::img-97,img-97.jpg,data/raw/v2/pothole_github/Pothole Dataset/img-97.jpg,data/raw/v2/pothole_github/Pothole Dataset/img-97.txt,715ffaa753457c4a189c31fc3cc7115a5fec749534a0189f8f57de379165355d,720,720,3,0,,keep,human_visual_quality_approved
github_pothole::img-970,img-970.jpg,data/raw/v2/pothole_github/Pothole Dataset/img-970.jpg,data/raw/v2/pothole_github/Pothole Dataset/img-970.txt,4de3b46b84ff3b73f8928b9adeef204e884a5f62c00e3967444991f8914ddec2,416,312,1,0,,keep,human_visual_quality_approved
github_pothole::img-971,img-971.jpg,data/raw/v2/pothole_github/Pothole Dataset/img-971.jpg,data/raw/v2/pothole_github/Pothole Dataset/img-971.txt,2776adbe8d4d6e265707f08fd6eb456b7f1d9ba78195bc1bc3233cde6e69afa2,324,216,5,0,,keep,human_visual_quality_approved
github_pothole::img-972,img-972.jpg,data/raw/v2/pothole_github/Pothole Dataset/img-972.jpg,data/raw/v2/pothole_github/Pothole Dataset/img-972.txt,9b6165dfede2837157ed2db502c78afb3efa6772b0fb278f1a2f1fe7a10e691c,416,276,1,0,,keep,human_visual_quality_approved
github_pothole::img-973,img-973.jpg,data/raw/v2/pothole_github/Pothole Dataset/img-973.jpg,data/raw/v2/pothole_github/Pothole Dataset/img-973.txt,b68e306ccbf7afd7a3dd445b15697daf7d6188cfdc5ab06479bf7f7b8d5b38df,416,312,4,0,,keep,human_visual_quality_approved
github_pothole::img-974,img-974.jpg,data/raw/v2/pothole_github/Pothole Dataset/img-974.jpg,data/raw/v2/pothole_github/Pothole Dataset/img-974.txt,4a899377ed450b2b50d4d1d3559a5f1cf5f354dab578c32748badbc750562b91,416,208,1,0,,keep,human_visual_quality_approved
github_pothole::img-975,img-975.jpg,data/raw/v2/pothole_github/Pothole Dataset/img-975.jpg,data/raw/v2/pothole_github/Pothole Dataset/img-975.txt,81bc9894b2619ce3084fe5a6fd87c9afcfbecb18b84b22160b802453e3834e5f,416,277,1,0,,keep,human_visual_quality_approved
github_pothole::img-976,img-976.jpg,data/raw/v2/pothole_github/Pothole Dataset/img-976.jpg,data/raw/v2/pothole_github/Pothole Dataset/img-976.txt,ae5d70b6c4e77fd45c658b065b86ee9ea16cb5f7ce0d936b87b0612cd30bf18a,416,247,1,0,,keep,human_visual_quality_approved
github_pothole::img-977,img-977.jpg,data/raw/v2/pothole_github/Pothole Dataset/img-977.jpg,data/raw/v2/pothole_github/Pothole Dataset/img-977.txt,56ee59ec51bcd7629911069ed71bcc6440d5546e88ae7f1869909d6147413e08,416,312,3,0,,keep,human_visual_quality_approved
github_pothole::img-978,img-978.jpg,data/raw/v2/pothole_github/Pothole Dataset/img-978.jpg,data/raw/v2/pothole_github/Pothole Dataset/img-978.txt,7461b3fbe6c2ba1412183886ffc2d32a9e59ef3d778d0e8e8d9ebffc2b983461,300,225,1,0,,keep,human_visual_quality_approved
github_pothole::img-979,img-979.jpg,data/raw/v2/pothole_github/Pothole Dataset/img-979.jpg,data/raw/v2/pothole_github/Pothole Dataset/img-979.txt,08a4ed56bdd31e11c53a4fe66e2214c88b878c774d2acc70f054f2301e1d92cf,416,312,1,0,,keep,human_visual_quality_approved
github_pothole::img-98,img-98.jpg,data/raw/v2/pothole_github/Pothole Dataset/img-98.jpg,data/raw/v2/pothole_github/Pothole Dataset/img-98.txt,ef8cf7e0ac08ce35787df7018e389b5a37df2248aabc313caca47d80b47ebf4b,720,720,4,0,,keep,human_visual_quality_approved
github_pothole::img-980,img-980.jpg,data/raw/v2/pothole_github/Pothole Dataset/img-980.jpg,data/raw/v2/pothole_github/Pothole Dataset/img-980.txt,2318f98ba11350af57f5c314ee2490f1bb29ef0abfe87dd10566d8d44ff4629b,400,206,5,0,,keep,human_visual_quality_approved
github_pothole::img-981,img-981.jpg,data/raw/v2/pothole_github/Pothole Dataset/img-981.jpg,data/raw/v2/pothole_github/Pothole Dataset/img-981.txt,6931208e49197c6644e315c5133dd5407eb74144eb23f3338e6913b8d4cd2a87,416,235,15,0,,keep,human_visual_quality_approved
github_pothole::img-982,img-982.jpg,data/raw/v2/pothole_github/Pothole Dataset/img-982.jpg,data/raw/v2/pothole_github/Pothole Dataset/img-982.txt,ae75f799d78da25f5099e641943464e4278dbe619cc947ac44e6839ae0ef805f,416,335,6,0,,keep,human_visual_quality_approved
github_pothole::img-983,img-983.jpg,data/raw/v2/pothole_github/Pothole Dataset/img-983.jpg,data/raw/v2/pothole_github/Pothole Dataset/img-983.txt,0742ff50d89e73b474c40ee70835d5f66239b13abb95c04b5f6548420b61c8bc,416,277,9,0,,keep,human_visual_quality_approved
github_pothole::img-984,img-984.jpg,data/raw/v2/pothole_github/Pothole Dataset/img-984.jpg,data/raw/v2/pothole_github/Pothole Dataset/img-984.txt,931471580e65d1492547f9ebaf2d84a58655309b97cf60fdf451df990c73fc4e,416,309,4,0,,keep,human_visual_quality_approved
github_pothole::img-985,img-985.jpg,data/raw/v2/pothole_github/Pothole Dataset/img-985.jpg,data/raw/v2/pothole_github/Pothole Dataset/img-985.txt,f6db4f2ecac3408d630fbad0033c4228a606c3d3bb6956d84dc9e9667f9959c0,416,277,2,0,,keep,human_visual_quality_approved
github_pothole::img-986,img-986.jpg,data/raw/v2/pothole_github/Pothole Dataset/img-986.jpg,data/raw/v2/pothole_github/Pothole Dataset/img-986.txt,647968bf126fd3f29a0aa0009182431213f18afaa69b2977c8afda11f13ae889,416,255,3,0,,keep,human_visual_quality_approved
github_pothole::img-987,img-987.jpg,data/raw/v2/pothole_github/Pothole Dataset/img-987.jpg,data/raw/v2/pothole_github/Pothole Dataset/img-987.txt,4a4cbe71b39970d7df91b7560de18dc08449077daa1944fdd4134867dc9e70cb,416,326,1,0,,keep,human_visual_quality_approved
github_pothole::img-988,img-988.jpg,data/raw/v2/pothole_github/Pothole Dataset/img-988.jpg,data/raw/v2/pothole_github/Pothole Dataset/img-988.txt,e293bec27bcc9fb11550d376be0161c6362f07cd3b30e27522941d0697e3dfeb,416,275,3,0,,keep,human_visual_quality_approved
github_pothole::img-989,img-989.jpg,data/raw/v2/pothole_github/Pothole Dataset/img-989.jpg,data/raw/v2/pothole_github/Pothole Dataset/img-989.txt,ac20e8eb52bd1eeb99e2a0958e24bee1f44bd584b8d44fa470ec34c5667b1253,416,234,6,0,,keep,human_visual_quality_approved
github_pothole::img-99,img-99.jpg,data/raw/v2/pothole_github/Pothole Dataset/img-99.jpg,data/raw/v2/pothole_github/Pothole Dataset/img-99.txt,cab397cdc49a728da644b47b1c95555069baf638bfb7cfe3c0b6f8da94813465,720,720,1,0,,keep,human_visual_quality_approved
github_pothole::img-990,img-990.jpg,data/raw/v2/pothole_github/Pothole Dataset/img-990.jpg,data/raw/v2/pothole_github/Pothole Dataset/img-990.txt,d654796388553eb215e6007ab3cb3a196fe885822458080ed28e615681a3e326,416,234,1,0,,keep,human_visual_quality_approved
github_pothole::img-991,img-991.jpg,data/raw/v2/pothole_github/Pothole Dataset/img-991.jpg,data/raw/v2/pothole_github/Pothole Dataset/img-991.txt,406c0ed257ed11f41a66995f1db64afcbbddc3f383e22257a3d605b8e0d30a9c,416,234,3,0,,keep,human_visual_quality_approved
github_pothole::img-992,img-992.jpg,data/raw/v2/pothole_github/Pothole Dataset/img-992.jpg,data/raw/v2/pothole_github/Pothole Dataset/img-992.txt,95c33b646eaa9be9a15ea4e4e1ef95eaa9658c45cb9904b0ba41fad319a436db,416,234,6,0,,keep,human_visual_quality_approved
github_pothole::img-993,img-993.jpg,data/raw/v2/pothole_github/Pothole Dataset/img-993.jpg,data/raw/v2/pothole_github/Pothole Dataset/img-993.txt,0804bf7bddebed3f7232815cccefdaca7a21db0a1d01131907f3a13bad3daf9c,416,312,6,0,,keep,human_visual_quality_approved
github_pothole::img-994,img-994.jpg,data/raw/v2/pothole_github/Pothole Dataset/img-994.jpg,data/raw/v2/pothole_github/Pothole Dataset/img-994.txt,d641f1c8082f47838ee4b96c2c5532a47fbe6c404eff40a2615b057c5816e2a6,350,237,4,0,,keep,human_visual_quality_approved
github_pothole::img-995,img-995.jpg,data/raw/v2/pothole_github/Pothole Dataset/img-995.jpg,data/raw/v2/pothole_github/Pothole Dataset/img-995.txt,c5960cfa90e436cf066eb7c25f379bd97a3dd5da721f9af4333cea7bbc61d058,260,260,2,0,,keep,human_visual_quality_approved
github_pothole::img-996,img-996.jpg,data/raw/v2/pothole_github/Pothole Dataset/img-996.jpg,data/raw/v2/pothole_github/Pothole Dataset/img-996.txt,630fa7d7f93e36d8a0ab855c8807d019090a3e359b595f0d98b9856406d1b5a9,416,260,2,0,,keep,human_visual_quality_approved
github_pothole::img-997,img-997.jpg,data/raw/v2/pothole_github/Pothole Dataset/img-997.jpg,data/raw/v2/pothole_github/Pothole Dataset/img-997.txt,6df31446ce15d26c3fc6404a354539f62d3c374b2b15bda69b7c0174147bd6fc,416,234,4,0,,keep,human_visual_quality_approved
github_pothole::img-998,img-998.jpg,data/raw/v2/pothole_github/Pothole Dataset/img-998.jpg,data/raw/v2/pothole_github/Pothole Dataset/img-998.txt,337625ae3ea4f81b2a9b35ef9358fd83ff759a9585bab406f4e1bd3e2a4eb120,416,277,1,0,,keep,human_visual_quality_approved
github_pothole::img-999,img-999.jpg,data/raw/v2/pothole_github/Pothole Dataset/img-999.jpg,data/raw/v2/pothole_github/Pothole Dataset/img-999.txt,fcf1f736a10f2a4b883df8a542fc467d4e8083fe7d69f55683ec6b7276e47d65,416,234,1,0,,keep,human_visual_quality_approved
