source_record_id,source_split,source_label,relative_image_path,sha256,width,height,exact_duplicate_group_id,candidate_status,candidate_reason
train::manhole::manhole (1533).jpg,train,manhole,data/raw/v2/hf_manhole_covers/train/train/manhole/manhole (1533).jpg,8ec236873d7131e62e3bec0d3a5db6395594043f8c29ec204df064216febe529,224,224,,source_train_manhole_candidate,"source train image labelled manhole; image-level candidate only, no boxes"
train::manhole::manhole (1534).jpg,train,manhole,data/raw/v2/hf_manhole_covers/train/train/manhole/manhole (1534).jpg,cf9fbf748a2c25ba7ce96647509c54d1de07072517bf2f843fce6e6f5a746e33,224,224,,source_train_manhole_candidate,"source train image labelled manhole; image-level candidate only, no boxes"
train::manhole::manhole (1535).jpg,train,manhole,data/raw/v2/hf_manhole_covers/train/train/manhole/manhole (1535).jpg,d785bc072cbd190f564f96128b97ed7630b4df448a774e1762fdd5a89851afd3,224,224,,source_train_manhole_candidate,"source train image labelled manhole; image-level candidate only, no boxes"
train::manhole::manhole (1536).jpg,train,manhole,data/raw/v2/hf_manhole_covers/train/train/manhole/manhole (1536).jpg,9398bc4ff26cf061b93f04c97f782e4ff1315f68959c8310290761bf17d72a1d,224,224,,source_train_manhole_candidate,"source train image labelled manhole; image-level candidate only, no boxes"
train::manhole::manhole (1537).jpg,train,manhole,data/raw/v2/hf_manhole_covers/train/train/manhole/manhole (1537).jpg,0f95167654df1a7a402ebb98fb3f0342b55e1af96590319a50ff87f1570ff832,224,224,,source_train_manhole_candidate,"source train image labelled manhole; image-level candidate only, no boxes"
train::manhole::manhole (1538).jpg,train,manhole,data/raw/v2/hf_manhole_covers/train/train/manhole/manhole (1538).jpg,965b79a2d10efa4bad0b587ca5065c02f3708072e119eb84d449371fa03321fa,224,224,,source_train_manhole_candidate,"source train image labelled manhole; image-level candidate only, no boxes"
train::manhole::manhole (1539).jpg,train,manhole,data/raw/v2/hf_manhole_covers/train/train/manhole/manhole (1539).jpg,08774234ddd5991d94cb709146b9660be475655fe07452e5528b5b3f6eddbe0e,224,224,,source_train_manhole_candidate,"source train image labelled manhole; image-level candidate only, no boxes"
train::manhole::manhole (1540).jpg,train,manhole,data/raw/v2/hf_manhole_covers/train/train/manhole/manhole (1540).jpg,8fb0c3d819a7c6a46d913c2574af2ddd27ce7b861d45f34caf315c9b2852e2d7,224,224,,source_train_manhole_candidate,"source train image labelled manhole; image-level candidate only, no boxes"
train::manhole::manhole (1541).jpg,train,manhole,data/raw/v2/hf_manhole_covers/train/train/manhole/manhole (1541).jpg,ebd5e00bb73b57cddceac2e6c204a9d93951ff947417ec9d8592fb7f988c2613,224,224,,source_train_manhole_candidate,"source train image labelled manhole; image-level candidate only, no boxes"
train::manhole::manhole (1542).jpg,train,manhole,data/raw/v2/hf_manhole_covers/train/train/manhole/manhole (1542).jpg,cd2d4b14eabbebce97a3e914fb108f054233295212a281cbab9cf46185e88542,224,224,,source_train_manhole_candidate,"source train image labelled manhole; image-level candidate only, no boxes"
train::manhole::manhole (1543).jpg,train,manhole,data/raw/v2/hf_manhole_covers/train/train/manhole/manhole (1543).jpg,b78cac2e015506ecda7edb019cf7d1815ebcfb9c63beba037699f19ef5a0abcc,224,224,,source_train_manhole_candidate,"source train image labelled manhole; image-level candidate only, no boxes"
train::manhole::manhole (1544).jpg,train,manhole,data/raw/v2/hf_manhole_covers/train/train/manhole/manhole (1544).jpg,a3b3515eac10cd93846c362d1bc29d9e6cbb540e5413d80e2a68186647d769fb,224,224,,source_train_manhole_candidate,"source train image labelled manhole; image-level candidate only, no boxes"
train::manhole::manhole (1545).jpg,train,manhole,data/raw/v2/hf_manhole_covers/train/train/manhole/manhole (1545).jpg,a0f71b15cf3e7a26c523b225d8e7e3024c172d7bc7b11e9cc3273a25304a73bf,224,224,,source_train_manhole_candidate,"source train image labelled manhole; image-level candidate only, no boxes"
train::manhole::manhole (1546).jpg,train,manhole,data/raw/v2/hf_manhole_covers/train/train/manhole/manhole (1546).jpg,e83b93504c4f046b635c4e10100fb4a610b9675a66029872c1009b1dcbc07072,224,224,,source_train_manhole_candidate,"source train image labelled manhole; image-level candidate only, no boxes"
train::manhole::manhole (1547).jpg,train,manhole,data/raw/v2/hf_manhole_covers/train/train/manhole/manhole (1547).jpg,949715f7ba89c7895a831d7448a5943aee340dd47b25be1b3cfd1ccf2ee637b3,224,224,,source_train_manhole_candidate,"source train image labelled manhole; image-level candidate only, no boxes"
train::manhole::manhole (1548).jpg,train,manhole,data/raw/v2/hf_manhole_covers/train/train/manhole/manhole (1548).jpg,3314ff0577440b24f4814ae1acd8ae814121ca9d214a29c3eab1a4895efdaa41,224,224,,source_train_manhole_candidate,"source train image labelled manhole; image-level candidate only, no boxes"
train::manhole::manhole (1549).jpg,train,manhole,data/raw/v2/hf_manhole_covers/train/train/manhole/manhole (1549).jpg,83006e5bcc0039c0343054d54cec562100c0bb498fe17fd1dfa7196633a35306,224,224,,source_train_manhole_candidate,"source train image labelled manhole; image-level candidate only, no boxes"
train::manhole::manhole (1550).jpg,train,manhole,data/raw/v2/hf_manhole_covers/train/train/manhole/manhole (1550).jpg,cab83a5e0a638de4c7f88587ddad4b7d48a0599f955820a64863b2a617a9cd20,224,224,,source_train_manhole_candidate,"source train image labelled manhole; image-level candidate only, no boxes"
train::manhole::manhole (1551).jpg,train,manhole,data/raw/v2/hf_manhole_covers/train/train/manhole/manhole (1551).jpg,447688142d5b04374a16eb268d12126b90dbaff37a8af61215e13d1e1c448135,224,224,,source_train_manhole_candidate,"source train image labelled manhole; image-level candidate only, no boxes"
train::manhole::manhole (1552).jpg,train,manhole,data/raw/v2/hf_manhole_covers/train/train/manhole/manhole (1552).jpg,9611bf1024ec1e6e3965200dfb2c865f179f27c6a2175af21e56da55eda942ac,224,224,,source_train_manhole_candidate,"source train image labelled manhole; image-level candidate only, no boxes"
train::manhole::manhole (1553).jpg,train,manhole,data/raw/v2/hf_manhole_covers/train/train/manhole/manhole (1553).jpg,4613d7bd7cddf302c288e7ee509aa1bcc4561a819be8118049139ece3f9d562e,224,224,,source_train_manhole_candidate,"source train image labelled manhole; image-level candidate only, no boxes"
train::manhole::manhole (1554).jpg,train,manhole,data/raw/v2/hf_manhole_covers/train/train/manhole/manhole (1554).jpg,4720ea7d70640d22ed663127f68ef9c9dd0fb53f12e55820ef8f650e5b4e2f11,224,224,,source_train_manhole_candidate,"source train image labelled manhole; image-level candidate only, no boxes"
train::manhole::manhole (1555).jpg,train,manhole,data/raw/v2/hf_manhole_covers/train/train/manhole/manhole (1555).jpg,313766f0102b443f2642fcaf66b8890ebdda0aba8d4f8e3c38e56e92994afa3c,224,224,,source_train_manhole_candidate,"source train image labelled manhole; image-level candidate only, no boxes"
train::manhole::manhole (1556).jpg,train,manhole,data/raw/v2/hf_manhole_covers/train/train/manhole/manhole (1556).jpg,a92dcbde423250ffc8ebe7110a5c211cda199a8854b76a9ecf5f68c61862152e,224,224,,source_train_manhole_candidate,"source train image labelled manhole; image-level candidate only, no boxes"
train::manhole::manhole (1557).jpg,train,manhole,data/raw/v2/hf_manhole_covers/train/train/manhole/manhole (1557).jpg,bbdbb8869422ae8de1e2cea8482459250383dc9564998c62ab5bda427e7d86bd,224,224,,source_train_manhole_candidate,"source train image labelled manhole; image-level candidate only, no boxes"
train::manhole::manhole (1558).jpg,train,manhole,data/raw/v2/hf_manhole_covers/train/train/manhole/manhole (1558).jpg,b893dc2c17788efdedf218349ce171765092ac5ed85039536fbb79b68bf6d0c3,224,224,,source_train_manhole_candidate,"source train image labelled manhole; image-level candidate only, no boxes"
train::manhole::manhole (1559).jpg,train,manhole,data/raw/v2/hf_manhole_covers/train/train/manhole/manhole (1559).jpg,029345a62827e96b6e77d28eeab4633348cae4cb11839286b4f10979900a2057,224,224,,source_train_manhole_candidate,"source train image labelled manhole; image-level candidate only, no boxes"
train::manhole::manhole (1560).jpg,train,manhole,data/raw/v2/hf_manhole_covers/train/train/manhole/manhole (1560).jpg,54d32a2612d508fb96ebf83a2d4fec0f9f8959a696c4bb7e8f1c1cab8da8b05c,224,224,,source_train_manhole_candidate,"source train image labelled manhole; image-level candidate only, no boxes"
train::manhole::manhole (1561).jpg,train,manhole,data/raw/v2/hf_manhole_covers/train/train/manhole/manhole (1561).jpg,dabfaf5688a9fdfa4efcaa6b27e9a6b12220fdacbcfe411222799e985f990696,224,224,,source_train_manhole_candidate,"source train image labelled manhole; image-level candidate only, no boxes"
train::manhole::manhole (1562).jpg,train,manhole,data/raw/v2/hf_manhole_covers/train/train/manhole/manhole (1562).jpg,21a61df73dd766e58335ff128e50451e786d2835447882eadf7ccb881a5c7c0e,224,224,,source_train_manhole_candidate,"source train image labelled manhole; image-level candidate only, no boxes"
train::manhole::manhole (1563).jpg,train,manhole,data/raw/v2/hf_manhole_covers/train/train/manhole/manhole (1563).jpg,fdd4d0fa88b15d317aec6a41dad676bb7d5285f20f6fadcf00ceca994671e75e,224,224,,source_train_manhole_candidate,"source train image labelled manhole; image-level candidate only, no boxes"
train::manhole::manhole (1564).jpg,train,manhole,data/raw/v2/hf_manhole_covers/train/train/manhole/manhole (1564).jpg,b83340ee0aa0cd57f750a8cc567e5d9310bd54990b4c189b6b88c94dec1c5ca6,224,224,,source_train_manhole_candidate,"source train image labelled manhole; image-level candidate only, no boxes"
train::manhole::manhole (1565).jpg,train,manhole,data/raw/v2/hf_manhole_covers/train/train/manhole/manhole (1565).jpg,052a67ddd91cac6d4939bf078a36763600c11115ea10517ff9d90878c9919cd2,224,224,,source_train_manhole_candidate,"source train image labelled manhole; image-level candidate only, no boxes"
train::manhole::manhole (1566).jpg,train,manhole,data/raw/v2/hf_manhole_covers/train/train/manhole/manhole (1566).jpg,d139d74ad4a8b18a7b623a433a785240d05497a6c12a667b564c5c0097937c26,224,224,,source_train_manhole_candidate,"source train image labelled manhole; image-level candidate only, no boxes"
train::manhole::manhole (1567).jpg,train,manhole,data/raw/v2/hf_manhole_covers/train/train/manhole/manhole (1567).jpg,217c2efa9928de140ea3d9d3e7ed4898a8234368e0b9b37189ce6a3d930466ed,224,224,,source_train_manhole_candidate,"source train image labelled manhole; image-level candidate only, no boxes"
train::manhole::manhole (1568).jpg,train,manhole,data/raw/v2/hf_manhole_covers/train/train/manhole/manhole (1568).jpg,ccdf1ce2be2fcd80e13d96985e2fa5eb1a08f551114e4b835e80227a3013550d,224,224,,source_train_manhole_candidate,"source train image labelled manhole; image-level candidate only, no boxes"
train::manhole::manhole (1569).jpg,train,manhole,data/raw/v2/hf_manhole_covers/train/train/manhole/manhole (1569).jpg,b8fe03fd82bb610da5ddfb5c3af49a592ef38b3589bbe3cdfaa30df855dd0b98,224,224,,source_train_manhole_candidate,"source train image labelled manhole; image-level candidate only, no boxes"
train::manhole::manhole (1570).jpg,train,manhole,data/raw/v2/hf_manhole_covers/train/train/manhole/manhole (1570).jpg,e3243dfe53eeb8c8302a94b8c170bbacb606d4b69f5db528748ef8a42a7704ea,224,224,,source_train_manhole_candidate,"source train image labelled manhole; image-level candidate only, no boxes"
train::manhole::manhole (1571).jpg,train,manhole,data/raw/v2/hf_manhole_covers/train/train/manhole/manhole (1571).jpg,e0b5320d0c2a4bebf7f6237e78a43ad79977601610cd7649d0c24bf61df09dad,224,224,,source_train_manhole_candidate,"source train image labelled manhole; image-level candidate only, no boxes"
train::manhole::manhole (1572).jpg,train,manhole,data/raw/v2/hf_manhole_covers/train/train/manhole/manhole (1572).jpg,f6b6eeed5b1505db47b722d16ef6a4a8218529582ac937ec7a339c68968946b5,224,224,,source_train_manhole_candidate,"source train image labelled manhole; image-level candidate only, no boxes"
train::manhole::manhole (1573).jpg,train,manhole,data/raw/v2/hf_manhole_covers/train/train/manhole/manhole (1573).jpg,0e0e347adb92c67a2b7180bae1014686cfbacb971d0ee12b1fe63dad0e788609,224,224,,source_train_manhole_candidate,"source train image labelled manhole; image-level candidate only, no boxes"
train::manhole::manhole (1574).jpg,train,manhole,data/raw/v2/hf_manhole_covers/train/train/manhole/manhole (1574).jpg,5415a8443a057935d4d25a45c78f04bb5235c6c027f314eef9e1c0fc3e411de4,224,224,,source_train_manhole_candidate,"source train image labelled manhole; image-level candidate only, no boxes"
train::manhole::manhole (1575).jpg,train,manhole,data/raw/v2/hf_manhole_covers/train/train/manhole/manhole (1575).jpg,7c5070827150cb3f7fd46b28f510a2931b766df927a29665797a614f9d2d711b,224,224,,source_train_manhole_candidate,"source train image labelled manhole; image-level candidate only, no boxes"
train::manhole::manhole (1576).jpg,train,manhole,data/raw/v2/hf_manhole_covers/train/train/manhole/manhole (1576).jpg,f20c7e72140f4069ebcb0d22b78b7335ee06d0dd89a87f038600d46910f148ad,224,224,,source_train_manhole_candidate,"source train image labelled manhole; image-level candidate only, no boxes"
train::manhole::manhole (1577).jpg,train,manhole,data/raw/v2/hf_manhole_covers/train/train/manhole/manhole (1577).jpg,a3a068e36e3815e69de4a439d40d5d753ff96a075f851066fc3cc9084374dccc,224,224,,source_train_manhole_candidate,"source train image labelled manhole; image-level candidate only, no boxes"
train::manhole::manhole (1578).jpg,train,manhole,data/raw/v2/hf_manhole_covers/train/train/manhole/manhole (1578).jpg,1f6d241b0daf6cfb7bcf9c02b83b109c262b7ed3bfb0559fa452bb73c36827a0,224,224,,source_train_manhole_candidate,"source train image labelled manhole; image-level candidate only, no boxes"
train::manhole::manhole (1579).jpg,train,manhole,data/raw/v2/hf_manhole_covers/train/train/manhole/manhole (1579).jpg,c468dba362dde6b6826f6d3e319711bfe611ef2aa93a14bfc4abb6f93dfa27bc,224,224,,source_train_manhole_candidate,"source train image labelled manhole; image-level candidate only, no boxes"
train::manhole::manhole (1580).jpg,train,manhole,data/raw/v2/hf_manhole_covers/train/train/manhole/manhole (1580).jpg,dc1c78e2c1be51b34bbbd7713792594f6a6c90bf62dfa76f99c965ba0d410a59,224,224,,source_train_manhole_candidate,"source train image labelled manhole; image-level candidate only, no boxes"
train::manhole::manhole (1581).jpg,train,manhole,data/raw/v2/hf_manhole_covers/train/train/manhole/manhole (1581).jpg,8c725c4ae9d36d4205aee6bf3d061752356e769f868e800172dc8d16a59187b8,224,224,,source_train_manhole_candidate,"source train image labelled manhole; image-level candidate only, no boxes"
train::manhole::manhole (1582).jpg,train,manhole,data/raw/v2/hf_manhole_covers/train/train/manhole/manhole (1582).jpg,cb7870a0feecdddb70ba4ece80b57b540e6e083fcb71570122e15a723ce97e17,224,224,,source_train_manhole_candidate,"source train image labelled manhole; image-level candidate only, no boxes"
train::manhole::manhole (1583).jpg,train,manhole,data/raw/v2/hf_manhole_covers/train/train/manhole/manhole (1583).jpg,3441e6c17053daa9ff97b96516542af39dabf7823e5c698e8012e194474e41f5,224,224,,source_train_manhole_candidate,"source train image labelled manhole; image-level candidate only, no boxes"
train::manhole::manhole (1584).jpg,train,manhole,data/raw/v2/hf_manhole_covers/train/train/manhole/manhole (1584).jpg,891af6e346a1751d11504743b5c9790cfc6a06cae3a924b456526725e324e524,224,224,,source_train_manhole_candidate,"source train image labelled manhole; image-level candidate only, no boxes"
train::manhole::manhole (1585).jpg,train,manhole,data/raw/v2/hf_manhole_covers/train/train/manhole/manhole (1585).jpg,c0236e4305d207df8102c8f035621e1160eb8a8618bcd3284eee1c7911d53ff6,224,224,,source_train_manhole_candidate,"source train image labelled manhole; image-level candidate only, no boxes"
train::manhole::manhole (1586).jpg,train,manhole,data/raw/v2/hf_manhole_covers/train/train/manhole/manhole (1586).jpg,9f5db71859f017eb7d48da30f0f122fc590a83c5f2f4453217a7840cbd8ec1c3,224,224,,source_train_manhole_candidate,"source train image labelled manhole; image-level candidate only, no boxes"
train::manhole::manhole (1587).jpg,train,manhole,data/raw/v2/hf_manhole_covers/train/train/manhole/manhole (1587).jpg,7a0f064e9446cc3b5327ee5804fa4aac044970cabe7e77ee34d06ae8cb06e8a5,224,224,,source_train_manhole_candidate,"source train image labelled manhole; image-level candidate only, no boxes"
train::manhole::manhole (1588).jpg,train,manhole,data/raw/v2/hf_manhole_covers/train/train/manhole/manhole (1588).jpg,f95883ce4df77ff27f9ea46d6f0d9c46dd8be375c64fac35a2a37a3458af93ed,224,224,,source_train_manhole_candidate,"source train image labelled manhole; image-level candidate only, no boxes"
train::manhole::manhole (1589).jpg,train,manhole,data/raw/v2/hf_manhole_covers/train/train/manhole/manhole (1589).jpg,fe1fca96ed2c8deb9581b6171db0c038497642363fda948a6040beee796caad8,224,224,,source_train_manhole_candidate,"source train image labelled manhole; image-level candidate only, no boxes"
train::manhole::manhole (1590).jpg,train,manhole,data/raw/v2/hf_manhole_covers/train/train/manhole/manhole (1590).jpg,d5de89b7f37c1660ba4fc0055fd4dab3cb5b5afe3f243be425a07dd445df2c2d,224,224,,source_train_manhole_candidate,"source train image labelled manhole; image-level candidate only, no boxes"
train::manhole::manhole (1591).jpg,train,manhole,data/raw/v2/hf_manhole_covers/train/train/manhole/manhole (1591).jpg,5dbdbb60200ed63543f793a2eff339fb0da5395d159607a195139c0709b460b2,224,224,,source_train_manhole_candidate,"source train image labelled manhole; image-level candidate only, no boxes"
train::manhole::manhole (1592).jpg,train,manhole,data/raw/v2/hf_manhole_covers/train/train/manhole/manhole (1592).jpg,c85d17e9828a0734cc674b0d8684e4513b7696e8836ca0f1f2aa3760ccc33472,224,224,,source_train_manhole_candidate,"source train image labelled manhole; image-level candidate only, no boxes"
train::manhole::manhole (1593).jpg,train,manhole,data/raw/v2/hf_manhole_covers/train/train/manhole/manhole (1593).jpg,606f1788ab2bfebeda55f083d3928329fb5a97435367a82ff0c3b812def7f072,224,224,,source_train_manhole_candidate,"source train image labelled manhole; image-level candidate only, no boxes"
train::manhole::manhole (1594).jpg,train,manhole,data/raw/v2/hf_manhole_covers/train/train/manhole/manhole (1594).jpg,3d08d34419ba6b95351bc897c5979d023eecec024ce0dfefaffd0b45dc1b1aa9,224,224,,source_train_manhole_candidate,"source train image labelled manhole; image-level candidate only, no boxes"
train::manhole::manhole (1595).jpg,train,manhole,data/raw/v2/hf_manhole_covers/train/train/manhole/manhole (1595).jpg,f47bcee56022192f692a0cbc6ba078d6100b60c1bbf0d7f7ad61383df9542d51,224,224,,source_train_manhole_candidate,"source train image labelled manhole; image-level candidate only, no boxes"
train::manhole::manhole (1596).jpg,train,manhole,data/raw/v2/hf_manhole_covers/train/train/manhole/manhole (1596).jpg,b1f8a17f8411922f6a3b7a5fc615ce2a66dec6eafb65eb5106a329bdc7dbac31,224,224,,source_train_manhole_candidate,"source train image labelled manhole; image-level candidate only, no boxes"
train::manhole::manhole (1597).jpg,train,manhole,data/raw/v2/hf_manhole_covers/train/train/manhole/manhole (1597).jpg,6f6558974dc53c053d7873572160c4afe3ee450edbc13618727e7b315f2967c8,224,224,,source_train_manhole_candidate,"source train image labelled manhole; image-level candidate only, no boxes"
train::manhole::manhole (1598).jpg,train,manhole,data/raw/v2/hf_manhole_covers/train/train/manhole/manhole (1598).jpg,8cd04b6dbcf9246d2e0b00d56261d58b5947a34cd9cf78594eaa37c67953fde9,224,224,,source_train_manhole_candidate,"source train image labelled manhole; image-level candidate only, no boxes"
train::manhole::manhole (1599).jpg,train,manhole,data/raw/v2/hf_manhole_covers/train/train/manhole/manhole (1599).jpg,be325f90727e93ac3b796ea500fa6417eb516be79d35d20b3633d40730de8fbd,224,224,,source_train_manhole_candidate,"source train image labelled manhole; image-level candidate only, no boxes"
train::manhole::manhole (1600).jpg,train,manhole,data/raw/v2/hf_manhole_covers/train/train/manhole/manhole (1600).jpg,2937cb605a60aecb31d278b5b336dd837464e9c72ee5a6cda6f46c368a826749,224,224,,source_train_manhole_candidate,"source train image labelled manhole; image-level candidate only, no boxes"
train::manhole::manhole (1601).jpg,train,manhole,data/raw/v2/hf_manhole_covers/train/train/manhole/manhole (1601).jpg,04f12a91caa4620c492cc9a2145cc0514f788cb78d28235c2ceb7e92d91af53d,224,224,,source_train_manhole_candidate,"source train image labelled manhole; image-level candidate only, no boxes"
train::manhole::manhole (1602).jpg,train,manhole,data/raw/v2/hf_manhole_covers/train/train/manhole/manhole (1602).jpg,6e07e5a3a93abee1f8f19646ffa2cc200d233c38b306d9ccce609963cfdaf262,224,224,,source_train_manhole_candidate,"source train image labelled manhole; image-level candidate only, no boxes"
train::manhole::manhole (1603).jpg,train,manhole,data/raw/v2/hf_manhole_covers/train/train/manhole/manhole (1603).jpg,b30946e19d5c31ce660af734d339eccff1be652c1d1c666a466d07f6587b5dbf,224,224,,source_train_manhole_candidate,"source train image labelled manhole; image-level candidate only, no boxes"
train::manhole::manhole (1604).jpg,train,manhole,data/raw/v2/hf_manhole_covers/train/train/manhole/manhole (1604).jpg,28ee7a555bc854a9188d76a96b559202d5c4d7d733e50ea3612a49759b7fb059,224,224,,source_train_manhole_candidate,"source train image labelled manhole; image-level candidate only, no boxes"
train::manhole::manhole (1605).jpg,train,manhole,data/raw/v2/hf_manhole_covers/train/train/manhole/manhole (1605).jpg,29eca5b0bd7a7c49d531312d6a19bdc3b54f4f04eadd67fd4d8b684f2f4a6083,224,224,,source_train_manhole_candidate,"source train image labelled manhole; image-level candidate only, no boxes"
train::manhole::manhole (1606).jpg,train,manhole,data/raw/v2/hf_manhole_covers/train/train/manhole/manhole (1606).jpg,5948bdbd38fa82b8bb6f3d074a60955d3812a9e84c2918e0281eb4fd4a7f2a0a,224,224,,source_train_manhole_candidate,"source train image labelled manhole; image-level candidate only, no boxes"
train::manhole::manhole (1607).jpg,train,manhole,data/raw/v2/hf_manhole_covers/train/train/manhole/manhole (1607).jpg,be5f7f55da800d99d5e2314b850c62284f68538e8859a04bf77d2c95b73e82fd,224,224,,source_train_manhole_candidate,"source train image labelled manhole; image-level candidate only, no boxes"
train::manhole::manhole (1608).jpg,train,manhole,data/raw/v2/hf_manhole_covers/train/train/manhole/manhole (1608).jpg,7618e27d1e443ea8fe3b45f224db57acd0b16e46ed34557e5741da4eba40bec5,224,224,,source_train_manhole_candidate,"source train image labelled manhole; image-level candidate only, no boxes"
train::manhole::manhole (1609).jpg,train,manhole,data/raw/v2/hf_manhole_covers/train/train/manhole/manhole (1609).jpg,d5325095f59c9f790cfc37c1ddacae4e1c7d754f04249e728bc1d27d8d0d9a6d,224,224,,source_train_manhole_candidate,"source train image labelled manhole; image-level candidate only, no boxes"
train::manhole::manhole (1610).jpg,train,manhole,data/raw/v2/hf_manhole_covers/train/train/manhole/manhole (1610).jpg,7901e62ec610f21445b874e181774d5fdabc3de34435f8963ef5d1e943c95669,224,224,,source_train_manhole_candidate,"source train image labelled manhole; image-level candidate only, no boxes"
train::manhole::manhole (1611).jpg,train,manhole,data/raw/v2/hf_manhole_covers/train/train/manhole/manhole (1611).jpg,888d62d9148dfd0fdecc938c13cd10f2deeb64f1667659e31c98b8dd0fc148cc,224,224,,source_train_manhole_candidate,"source train image labelled manhole; image-level candidate only, no boxes"
train::manhole::manhole (1612).jpg,train,manhole,data/raw/v2/hf_manhole_covers/train/train/manhole/manhole (1612).jpg,34ffa06ccc3cc0827845b487faf3e5b0c74058743aa300e53f66a2914c6fb9c1,224,224,,source_train_manhole_candidate,"source train image labelled manhole; image-level candidate only, no boxes"
train::manhole::manhole (1613).jpg,train,manhole,data/raw/v2/hf_manhole_covers/train/train/manhole/manhole (1613).jpg,9e6754a3255ecf9eeb55d9ac31be1ea7d1245c09399e5f188aa9167aab773e0e,224,224,,source_train_manhole_candidate,"source train image labelled manhole; image-level candidate only, no boxes"
train::manhole::manhole (1614).jpg,train,manhole,data/raw/v2/hf_manhole_covers/train/train/manhole/manhole (1614).jpg,9a6e849dd0f65ba3fe77ccd2c9090ec00b944d38e7453857714c33fce43e7ae0,224,224,,source_train_manhole_candidate,"source train image labelled manhole; image-level candidate only, no boxes"
train::manhole::manhole (1615).jpg,train,manhole,data/raw/v2/hf_manhole_covers/train/train/manhole/manhole (1615).jpg,84356f39889decf81ab3ffeec0c74b2c2f09704b69b21e1db89829c288d9a5ff,224,224,,source_train_manhole_candidate,"source train image labelled manhole; image-level candidate only, no boxes"
train::manhole::manhole (1616).jpg,train,manhole,data/raw/v2/hf_manhole_covers/train/train/manhole/manhole (1616).jpg,24b006a949af6b8fcfce35130df237a89aa869995b3b32950823bad2da5a4745,224,224,,source_train_manhole_candidate,"source train image labelled manhole; image-level candidate only, no boxes"
train::manhole::manhole (1617).jpg,train,manhole,data/raw/v2/hf_manhole_covers/train/train/manhole/manhole (1617).jpg,a17739908c777e157c26eebc749987f832443045251ef1d587e95a9186085f6b,224,224,,source_train_manhole_candidate,"source train image labelled manhole; image-level candidate only, no boxes"
train::manhole::manhole (1618).jpg,train,manhole,data/raw/v2/hf_manhole_covers/train/train/manhole/manhole (1618).jpg,34c5b3ed0e0cba2a1b9881350b1de536c33c77ecb81bb66916fd879ffa381837,224,224,,source_train_manhole_candidate,"source train image labelled manhole; image-level candidate only, no boxes"
train::manhole::manhole (1619).jpg,train,manhole,data/raw/v2/hf_manhole_covers/train/train/manhole/manhole (1619).jpg,4c746b2bd3c0f24f24a2c284afaca6b288ad7631106900a18c631db95c1ee702,224,224,,source_train_manhole_candidate,"source train image labelled manhole; image-level candidate only, no boxes"
train::manhole::manhole (1620).jpg,train,manhole,data/raw/v2/hf_manhole_covers/train/train/manhole/manhole (1620).jpg,14d66ba40676949f58e93a130a15a3c8767760e8db3bd02cdfec8dfa59c2e5bc,224,224,,source_train_manhole_candidate,"source train image labelled manhole; image-level candidate only, no boxes"
train::manhole::manhole (1621).jpg,train,manhole,data/raw/v2/hf_manhole_covers/train/train/manhole/manhole (1621).jpg,955bb9b0d6a3669ac03f1c6e16825292a3036101296ee79e79defb5d39555520,224,224,,source_train_manhole_candidate,"source train image labelled manhole; image-level candidate only, no boxes"
train::manhole::manhole (1622).jpg,train,manhole,data/raw/v2/hf_manhole_covers/train/train/manhole/manhole (1622).jpg,70907d3f451c03804b1161b82d17ebff9b3c2d714ad1cc72505791130a79da52,224,224,,source_train_manhole_candidate,"source train image labelled manhole; image-level candidate only, no boxes"
train::manhole::manhole (1623).jpg,train,manhole,data/raw/v2/hf_manhole_covers/train/train/manhole/manhole (1623).jpg,562ebc56819b0d0d04175e48637bbe2e4d1f8dd4fe7f12fc606d148a0a856091,224,224,,source_train_manhole_candidate,"source train image labelled manhole; image-level candidate only, no boxes"
train::manhole::manhole (1624).jpg,train,manhole,data/raw/v2/hf_manhole_covers/train/train/manhole/manhole (1624).jpg,e598c740b404fe72d514cd52d1f55aef311881be2e2e5a12a36b1eecaf2eaea7,224,224,,source_train_manhole_candidate,"source train image labelled manhole; image-level candidate only, no boxes"
train::manhole::manhole (1625).jpg,train,manhole,data/raw/v2/hf_manhole_covers/train/train/manhole/manhole (1625).jpg,13ef93225b5699ffafbab588db6d9007f62ef57d117c4e49ee9cb00cd13c435e,224,224,,source_train_manhole_candidate,"source train image labelled manhole; image-level candidate only, no boxes"
train::manhole::manhole (1626).jpg,train,manhole,data/raw/v2/hf_manhole_covers/train/train/manhole/manhole (1626).jpg,f92f68a066c66e03e3910c2798d686970159269526bd57cefc34c6b7dc4e5e3f,224,224,,source_train_manhole_candidate,"source train image labelled manhole; image-level candidate only, no boxes"
train::manhole::manhole (1627).jpg,train,manhole,data/raw/v2/hf_manhole_covers/train/train/manhole/manhole (1627).jpg,e1afe8c0795bf1736f9881f4bfbe64962923a79680f8a43463fe3d50e2bd71af,224,224,,source_train_manhole_candidate,"source train image labelled manhole; image-level candidate only, no boxes"
train::manhole::manhole (1628).jpg,train,manhole,data/raw/v2/hf_manhole_covers/train/train/manhole/manhole (1628).jpg,b455e804c53060c8948dc4cc7698c01fefdf657525e850cd473ef3c17aa5dd13,224,224,,source_train_manhole_candidate,"source train image labelled manhole; image-level candidate only, no boxes"
train::manhole::manhole (1629).jpg,train,manhole,data/raw/v2/hf_manhole_covers/train/train/manhole/manhole (1629).jpg,ea81f79f26276299fcbce3890b42f895dc12ae1d8bc9b9506d724f369fa43963,224,224,,source_train_manhole_candidate,"source train image labelled manhole; image-level candidate only, no boxes"
train::manhole::manhole (1630).jpg,train,manhole,data/raw/v2/hf_manhole_covers/train/train/manhole/manhole (1630).jpg,1463417b1c96e30717955fb17d957fcaad2b24a3c20e717db012859f05bc4a64,224,224,,source_train_manhole_candidate,"source train image labelled manhole; image-level candidate only, no boxes"
train::manhole::manhole (1631).jpg,train,manhole,data/raw/v2/hf_manhole_covers/train/train/manhole/manhole (1631).jpg,1cf77f2744b05b0d780bad45bf5accbb5b63965e13d6a1c14f4130ad7fbbadc9,224,224,,source_train_manhole_candidate,"source train image labelled manhole; image-level candidate only, no boxes"
train::manhole::manhole (1632).jpg,train,manhole,data/raw/v2/hf_manhole_covers/train/train/manhole/manhole (1632).jpg,d4258b315a76ad538ae24d1ad1ed83c049c06a2e34a272638d416224781cf9e9,224,224,,source_train_manhole_candidate,"source train image labelled manhole; image-level candidate only, no boxes"
train::manhole::manhole (1633).jpg,train,manhole,data/raw/v2/hf_manhole_covers/train/train/manhole/manhole (1633).jpg,565ac1cf1c2f27724711728dcc711a820bcc3067ee6568c87f6f77a98bc0c25e,224,224,,source_train_manhole_candidate,"source train image labelled manhole; image-level candidate only, no boxes"
train::manhole::manhole (1634).jpg,train,manhole,data/raw/v2/hf_manhole_covers/train/train/manhole/manhole (1634).jpg,cd7dcc58107819fcdc3ad9793ae1fbb5ce34d9a9fd5acce394287e8692376cdb,224,224,,source_train_manhole_candidate,"source train image labelled manhole; image-level candidate only, no boxes"
train::manhole::manhole (1635).jpg,train,manhole,data/raw/v2/hf_manhole_covers/train/train/manhole/manhole (1635).jpg,57ba51700c928008a4c7ab0b19cacc7ceb2fc9261fe4ec196862b7b2ca528fd7,224,224,,source_train_manhole_candidate,"source train image labelled manhole; image-level candidate only, no boxes"
train::manhole::manhole (1636).jpg,train,manhole,data/raw/v2/hf_manhole_covers/train/train/manhole/manhole (1636).jpg,b553066c3f5458cf8bf71301d521ccb6414697a36c44e1736c95623f78e58c68,224,224,,source_train_manhole_candidate,"source train image labelled manhole; image-level candidate only, no boxes"
train::manhole::manhole (1637).jpg,train,manhole,data/raw/v2/hf_manhole_covers/train/train/manhole/manhole (1637).jpg,b67f665d5a317f87dd446bfa5805196a4940d335e312f526da62cc63e93c6ebd,224,224,,source_train_manhole_candidate,"source train image labelled manhole; image-level candidate only, no boxes"
train::manhole::manhole (1638).jpg,train,manhole,data/raw/v2/hf_manhole_covers/train/train/manhole/manhole (1638).jpg,88cd4894c4a49da889b303257432859dc5cf9696f806bb8b9ed334674aeba2a8,224,224,,source_train_manhole_candidate,"source train image labelled manhole; image-level candidate only, no boxes"
train::manhole::manhole (1639).jpg,train,manhole,data/raw/v2/hf_manhole_covers/train/train/manhole/manhole (1639).jpg,3b2a5128fea91b443edff3f13cb146f821efe0b8e03c889e390405abe50d3bf8,224,224,,source_train_manhole_candidate,"source train image labelled manhole; image-level candidate only, no boxes"
train::manhole::manhole (1640).jpg,train,manhole,data/raw/v2/hf_manhole_covers/train/train/manhole/manhole (1640).jpg,d04e0ee1670af89a212973a8c9e4bc7e0a08b520b98f687ab1fb56bc13c6921c,224,224,,source_train_manhole_candidate,"source train image labelled manhole; image-level candidate only, no boxes"
train::manhole::manhole (1641).jpg,train,manhole,data/raw/v2/hf_manhole_covers/train/train/manhole/manhole (1641).jpg,60111445250a88bd566b7ce5983f0580c3da1801a6609975d10e3b0597945cc6,224,224,,source_train_manhole_candidate,"source train image labelled manhole; image-level candidate only, no boxes"
train::manhole::manhole (1642).jpg,train,manhole,data/raw/v2/hf_manhole_covers/train/train/manhole/manhole (1642).jpg,45e0f219544b23674a0b4393c05c3dc92099ab604a8db1eaeed433eaee702fbc,224,224,,source_train_manhole_candidate,"source train image labelled manhole; image-level candidate only, no boxes"
train::manhole::manhole (1643).jpg,train,manhole,data/raw/v2/hf_manhole_covers/train/train/manhole/manhole (1643).jpg,c0939f4feafcf4b426c427a2b5c38b53f653c249a9dba09e153fdbb461ea418f,224,224,,source_train_manhole_candidate,"source train image labelled manhole; image-level candidate only, no boxes"
train::manhole::manhole (1644).jpg,train,manhole,data/raw/v2/hf_manhole_covers/train/train/manhole/manhole (1644).jpg,3953782ea766a68474008d8d271d73ff6669b659c2c069a64be68d30a00a804b,224,224,,source_train_manhole_candidate,"source train image labelled manhole; image-level candidate only, no boxes"
train::manhole::manhole (1645).jpg,train,manhole,data/raw/v2/hf_manhole_covers/train/train/manhole/manhole (1645).jpg,dbcae6f9a4cec63780d027f4c862b1b51313b7ee0db6daee9ef4a3c9f27f3963,224,224,,source_train_manhole_candidate,"source train image labelled manhole; image-level candidate only, no boxes"
train::manhole::manhole (1646).jpg,train,manhole,data/raw/v2/hf_manhole_covers/train/train/manhole/manhole (1646).jpg,66089154c14bd39fd8501effab697faa5f93bac101cde4dea83efaee5fa307a0,224,224,,source_train_manhole_candidate,"source train image labelled manhole; image-level candidate only, no boxes"
train::manhole::manhole (1647).jpg,train,manhole,data/raw/v2/hf_manhole_covers/train/train/manhole/manhole (1647).jpg,ecde0a52a8797e3fd6c1ed3d25615b8e3bd6d9cfcadd7e6205dbfc0ab98c50b3,224,224,,source_train_manhole_candidate,"source train image labelled manhole; image-level candidate only, no boxes"
train::manhole::manhole (1648).jpg,train,manhole,data/raw/v2/hf_manhole_covers/train/train/manhole/manhole (1648).jpg,c4bf51340e619bc1fbf42d8a5b5f3f3d90e0ff3789062614bf95ce6289cb74bf,224,224,,source_train_manhole_candidate,"source train image labelled manhole; image-level candidate only, no boxes"
train::manhole::manhole (1649).jpg,train,manhole,data/raw/v2/hf_manhole_covers/train/train/manhole/manhole (1649).jpg,9e4658c6cfc3dc68992f43186c718ed0bcc58e9ab1770340a306938d2bd73868,224,224,,source_train_manhole_candidate,"source train image labelled manhole; image-level candidate only, no boxes"
train::manhole::manhole (1650).jpg,train,manhole,data/raw/v2/hf_manhole_covers/train/train/manhole/manhole (1650).jpg,9c6853ac0a81b0a2195b8cdee764c179fce7013d11d35c9f40097290a98daa26,224,224,,source_train_manhole_candidate,"source train image labelled manhole; image-level candidate only, no boxes"
train::manhole::manhole (1651).jpg,train,manhole,data/raw/v2/hf_manhole_covers/train/train/manhole/manhole (1651).jpg,9c75b951de6b7014a8126b6e02a948a5d1be47d9a1d12674c7a1b4c3cf2284fd,224,224,,source_train_manhole_candidate,"source train image labelled manhole; image-level candidate only, no boxes"
train::manhole::manhole (1652).jpg,train,manhole,data/raw/v2/hf_manhole_covers/train/train/manhole/manhole (1652).jpg,c5ee995645f04d7ace50d346297bd33947717b943d7d6ecb0b57de32c0ba66a2,224,224,,source_train_manhole_candidate,"source train image labelled manhole; image-level candidate only, no boxes"
train::manhole::manhole (1653).jpg,train,manhole,data/raw/v2/hf_manhole_covers/train/train/manhole/manhole (1653).jpg,e4f9720b983cdf23c7b73f1a0ab2a5861abd829ff3e20e1d0c544faad00a004b,224,224,,source_train_manhole_candidate,"source train image labelled manhole; image-level candidate only, no boxes"
train::manhole::manhole (1654).jpg,train,manhole,data/raw/v2/hf_manhole_covers/train/train/manhole/manhole (1654).jpg,e15256153a10bea46d3e41d0c82b0fc720f362f589e38ba8362a34104348a6e8,224,224,,source_train_manhole_candidate,"source train image labelled manhole; image-level candidate only, no boxes"
train::manhole::manhole (1655).jpg,train,manhole,data/raw/v2/hf_manhole_covers/train/train/manhole/manhole (1655).jpg,2a08163b6da9a66e21cd61bf13b2f37cd840830509958d51bd7444f54dc0b97e,224,224,,source_train_manhole_candidate,"source train image labelled manhole; image-level candidate only, no boxes"
train::manhole::manhole (1656).jpg,train,manhole,data/raw/v2/hf_manhole_covers/train/train/manhole/manhole (1656).jpg,e38d4195975311e02fc59b6f517b09face0acb8f2f01e550270294f639f2bb25,224,224,,source_train_manhole_candidate,"source train image labelled manhole; image-level candidate only, no boxes"
train::manhole::manhole (1657).jpg,train,manhole,data/raw/v2/hf_manhole_covers/train/train/manhole/manhole (1657).jpg,a58e55740a6d6c31fa971ffa596de340a2b5a277e9d12401ce17a3a48b2b72c4,224,224,,source_train_manhole_candidate,"source train image labelled manhole; image-level candidate only, no boxes"
train::manhole::manhole (1658).jpg,train,manhole,data/raw/v2/hf_manhole_covers/train/train/manhole/manhole (1658).jpg,c8e8c2e5112e4bca7670970423808a1b3662dc20d856c1bb5f0555669aa39b8a,224,224,,source_train_manhole_candidate,"source train image labelled manhole; image-level candidate only, no boxes"
train::manhole::manhole (1659).jpg,train,manhole,data/raw/v2/hf_manhole_covers/train/train/manhole/manhole (1659).jpg,a295eeb8f7fa27df749cc392c1b7e3169add1120e37687c17a724b5bc497fd97,224,224,,source_train_manhole_candidate,"source train image labelled manhole; image-level candidate only, no boxes"
train::manhole::manhole (1660).jpg,train,manhole,data/raw/v2/hf_manhole_covers/train/train/manhole/manhole (1660).jpg,b3c919534eee723a9970be47b5a57873025da567a69bab2218ba5ad3a5ae87da,224,224,,source_train_manhole_candidate,"source train image labelled manhole; image-level candidate only, no boxes"
train::manhole::manhole (1661).jpg,train,manhole,data/raw/v2/hf_manhole_covers/train/train/manhole/manhole (1661).jpg,cdcc5f72c837bb08ad9589529d5ba79221afa2ddcc42cb5f9fb1eff15811e678,224,224,,source_train_manhole_candidate,"source train image labelled manhole; image-level candidate only, no boxes"
train::manhole::manhole (1662).jpg,train,manhole,data/raw/v2/hf_manhole_covers/train/train/manhole/manhole (1662).jpg,f6b10bdfb4abdb88758094c9391d6d58c98f0ede045bfdcce8e84b0439414198,224,224,,source_train_manhole_candidate,"source train image labelled manhole; image-level candidate only, no boxes"
train::manhole::manhole (1663).jpg,train,manhole,data/raw/v2/hf_manhole_covers/train/train/manhole/manhole (1663).jpg,f67b4bf6f1d4b30d276bf72413941c3dcceba66929d045dd4b5205c947059f8c,224,224,,source_train_manhole_candidate,"source train image labelled manhole; image-level candidate only, no boxes"
train::manhole::manhole (1664).jpg,train,manhole,data/raw/v2/hf_manhole_covers/train/train/manhole/manhole (1664).jpg,71ffece1edf3bfd65339bc1b648f2976fc489bf080ce9a755e505d084e50ceb2,224,224,,source_train_manhole_candidate,"source train image labelled manhole; image-level candidate only, no boxes"
train::manhole::manhole (1665).jpg,train,manhole,data/raw/v2/hf_manhole_covers/train/train/manhole/manhole (1665).jpg,6b5962449fc3aa88ef2e97598ffd32eb6dbbf69febc2bc7585e8dc1abcc9c58e,224,224,,source_train_manhole_candidate,"source train image labelled manhole; image-level candidate only, no boxes"
train::manhole::manhole (1666).jpg,train,manhole,data/raw/v2/hf_manhole_covers/train/train/manhole/manhole (1666).jpg,6583e35de7f48f2330c1adcd927da892aeade150c5c5d0dd8288355431af0185,224,224,,source_train_manhole_candidate,"source train image labelled manhole; image-level candidate only, no boxes"
train::manhole::manhole (1667).jpg,train,manhole,data/raw/v2/hf_manhole_covers/train/train/manhole/manhole (1667).jpg,27df305b142badfed23ccc6ce210372c0fd30088980d5792fcf8a858dbf349ac,224,224,,source_train_manhole_candidate,"source train image labelled manhole; image-level candidate only, no boxes"
train::manhole::manhole (1668).jpg,train,manhole,data/raw/v2/hf_manhole_covers/train/train/manhole/manhole (1668).jpg,e1522304f2281f871176ef444df057bd51d4f88e2d478f7693bdf011b761665c,224,224,,source_train_manhole_candidate,"source train image labelled manhole; image-level candidate only, no boxes"
train::manhole::manhole (1669).jpg,train,manhole,data/raw/v2/hf_manhole_covers/train/train/manhole/manhole (1669).jpg,d3ffdabc20112ab29b666568d7f522f16de54bd676f8fed4723efd1ac2d91735,224,224,,source_train_manhole_candidate,"source train image labelled manhole; image-level candidate only, no boxes"
train::manhole::manhole (1670).jpg,train,manhole,data/raw/v2/hf_manhole_covers/train/train/manhole/manhole (1670).jpg,448b293ecbed193dd9fac4fcddc0152981f4c213d538dc18644468243aef73b0,224,224,,source_train_manhole_candidate,"source train image labelled manhole; image-level candidate only, no boxes"
train::manhole::manhole (1671).jpg,train,manhole,data/raw/v2/hf_manhole_covers/train/train/manhole/manhole (1671).jpg,c2cc5e3dbbfba47ac652b82fb009830664e3bf755360adcfaafd7230d8301af6,224,224,,source_train_manhole_candidate,"source train image labelled manhole; image-level candidate only, no boxes"
train::manhole::manhole (1672).jpg,train,manhole,data/raw/v2/hf_manhole_covers/train/train/manhole/manhole (1672).jpg,ee17822b60d77fa0463ce5ac907c6ca885e781ab9ffc9ad53a2ff6234a1e5bf0,224,224,,source_train_manhole_candidate,"source train image labelled manhole; image-level candidate only, no boxes"
train::manhole::manhole (1673).jpg,train,manhole,data/raw/v2/hf_manhole_covers/train/train/manhole/manhole (1673).jpg,488f7ecf62972186f0d6d6e981d188e613868d05c27cbb9edf1040fa8973cb8f,224,224,,source_train_manhole_candidate,"source train image labelled manhole; image-level candidate only, no boxes"
train::manhole::manhole (1674).jpg,train,manhole,data/raw/v2/hf_manhole_covers/train/train/manhole/manhole (1674).jpg,2a7e6318b4f8cf43059619fc723ecdea97f340d9a29fe27da771881ef6d81621,224,224,,source_train_manhole_candidate,"source train image labelled manhole; image-level candidate only, no boxes"
train::manhole::manhole (1675).jpg,train,manhole,data/raw/v2/hf_manhole_covers/train/train/manhole/manhole (1675).jpg,2d0ebc9a0e97edc16fa4bdebb7c8e2fe8be41fbae933231bb6d1b347d7d76c5d,224,224,,source_train_manhole_candidate,"source train image labelled manhole; image-level candidate only, no boxes"
train::manhole::manhole (1676).jpg,train,manhole,data/raw/v2/hf_manhole_covers/train/train/manhole/manhole (1676).jpg,ebe8fc92a560b0c58c00d22aa6876576ab69a388ae6275e9a6d49baa44048b63,224,224,,source_train_manhole_candidate,"source train image labelled manhole; image-level candidate only, no boxes"
train::manhole::manhole (1677).jpg,train,manhole,data/raw/v2/hf_manhole_covers/train/train/manhole/manhole (1677).jpg,48858f51b47d6610039bef394a8d1cb019f8558175425e894997b42b4d3a64ff,224,224,,source_train_manhole_candidate,"source train image labelled manhole; image-level candidate only, no boxes"
train::manhole::manhole (1678).jpg,train,manhole,data/raw/v2/hf_manhole_covers/train/train/manhole/manhole (1678).jpg,a9d875a68bf78e52a543761ee50efc9f5ac854aeaff29680609f20530209d0a0,224,224,,source_train_manhole_candidate,"source train image labelled manhole; image-level candidate only, no boxes"
train::manhole::manhole (1679).jpg,train,manhole,data/raw/v2/hf_manhole_covers/train/train/manhole/manhole (1679).jpg,16c76deee8d15f548694664848691cd98e3d68da4031e298621b66e7c166e1af,224,224,,source_train_manhole_candidate,"source train image labelled manhole; image-level candidate only, no boxes"
train::manhole::manhole (1680).jpg,train,manhole,data/raw/v2/hf_manhole_covers/train/train/manhole/manhole (1680).jpg,8fe429e0983207c623a30aefd94c3b577d270c3ca385ca58d0ecb6309c5089ea,224,224,,source_train_manhole_candidate,"source train image labelled manhole; image-level candidate only, no boxes"
train::manhole::manhole (1681).jpg,train,manhole,data/raw/v2/hf_manhole_covers/train/train/manhole/manhole (1681).jpg,4ec05bf2e1e5fd2d9b0f708c856946f773988a5a4713a6c0ff25bb44e8030192,224,224,,source_train_manhole_candidate,"source train image labelled manhole; image-level candidate only, no boxes"
train::manhole::manhole (1682).jpg,train,manhole,data/raw/v2/hf_manhole_covers/train/train/manhole/manhole (1682).jpg,98ad4e3be8b97c07a1efb72918b3f22dc801c73d1130808268485d33a607ff80,224,224,,source_train_manhole_candidate,"source train image labelled manhole; image-level candidate only, no boxes"
train::manhole::manhole (1683).jpg,train,manhole,data/raw/v2/hf_manhole_covers/train/train/manhole/manhole (1683).jpg,54dec8d02ddb7a5c60a4ab29329e5969ff434dfb0ad6e70e89abe4454c53d961,224,224,,source_train_manhole_candidate,"source train image labelled manhole; image-level candidate only, no boxes"
train::manhole::manhole (1684).jpg,train,manhole,data/raw/v2/hf_manhole_covers/train/train/manhole/manhole (1684).jpg,54ae46815fa3290a7ea6d4c9ba5f683206ffee9a0e63a191010d016501b5e2c7,224,224,,source_train_manhole_candidate,"source train image labelled manhole; image-level candidate only, no boxes"
train::manhole::manhole (1685).jpg,train,manhole,data/raw/v2/hf_manhole_covers/train/train/manhole/manhole (1685).jpg,4b392c9c4d2dc23b5b1ce87bc9b0b9b03dc39e5b5527abd9699ea539c995f8bf,224,224,,source_train_manhole_candidate,"source train image labelled manhole; image-level candidate only, no boxes"
train::manhole::manhole (1686).jpg,train,manhole,data/raw/v2/hf_manhole_covers/train/train/manhole/manhole (1686).jpg,f0083f7a0361a95507d6b5e8234579ffb9f299efde2c29d0ec2c6b7322e50d30,224,224,,source_train_manhole_candidate,"source train image labelled manhole; image-level candidate only, no boxes"
train::manhole::manhole (1687).jpg,train,manhole,data/raw/v2/hf_manhole_covers/train/train/manhole/manhole (1687).jpg,96d3d813459c02f6b7f53e73d3729173dd988c685934d9e3c250a7dab3474ad1,224,224,,source_train_manhole_candidate,"source train image labelled manhole; image-level candidate only, no boxes"
train::manhole::manhole (1688).jpg,train,manhole,data/raw/v2/hf_manhole_covers/train/train/manhole/manhole (1688).jpg,a16273637bdc88c4d9bbee18d1bb6004f1c0ed0cf5067b786e10fae4e8321330,224,224,,source_train_manhole_candidate,"source train image labelled manhole; image-level candidate only, no boxes"
train::manhole::manhole (1689).jpg,train,manhole,data/raw/v2/hf_manhole_covers/train/train/manhole/manhole (1689).jpg,4353a7b6f09b76b03d6318823fb172d5d150034165a03bdac110a7d82a21440a,224,224,,source_train_manhole_candidate,"source train image labelled manhole; image-level candidate only, no boxes"
train::manhole::manhole (1690).jpg,train,manhole,data/raw/v2/hf_manhole_covers/train/train/manhole/manhole (1690).jpg,aeeef3f2543a73386998240a4e2a7a898e48cb77a916c77cf37baf8091bd6979,224,224,,source_train_manhole_candidate,"source train image labelled manhole; image-level candidate only, no boxes"
train::manhole::manhole (1691).jpg,train,manhole,data/raw/v2/hf_manhole_covers/train/train/manhole/manhole (1691).jpg,fdf01bfe5a9dd17b2ea77f1c920abb4f0a7ee2b97bc65ffd4f8e8d940fd7d15d,224,224,,source_train_manhole_candidate,"source train image labelled manhole; image-level candidate only, no boxes"
train::manhole::manhole (1692).jpg,train,manhole,data/raw/v2/hf_manhole_covers/train/train/manhole/manhole (1692).jpg,1f258ad270a194b53e59083ab2da448ce99e794fe37a89fe6117dbf986762599,224,224,,source_train_manhole_candidate,"source train image labelled manhole; image-level candidate only, no boxes"
train::manhole::manhole (1693).jpg,train,manhole,data/raw/v2/hf_manhole_covers/train/train/manhole/manhole (1693).jpg,c1e12468f145220a097d74fa47d7136b880bd9fea196e649726478524cf7f40b,224,224,,source_train_manhole_candidate,"source train image labelled manhole; image-level candidate only, no boxes"
train::manhole::manhole (1694).jpg,train,manhole,data/raw/v2/hf_manhole_covers/train/train/manhole/manhole (1694).jpg,76317eb38d4b9c9790187493029047f09ec37098594c892c92981272d22dffd3,224,224,,source_train_manhole_candidate,"source train image labelled manhole; image-level candidate only, no boxes"
train::manhole::manhole (1695).jpg,train,manhole,data/raw/v2/hf_manhole_covers/train/train/manhole/manhole (1695).jpg,1fd99fec01bf1ad30c05915d16f5cac415294e233d8eba3a12ec02172a4e826e,224,224,,source_train_manhole_candidate,"source train image labelled manhole; image-level candidate only, no boxes"
train::manhole::manhole (1696).jpg,train,manhole,data/raw/v2/hf_manhole_covers/train/train/manhole/manhole (1696).jpg,1c48e39cafccc5215f619b42db9ef1bc5bcf112f9280008d3fc38d8871b61e7f,224,224,,source_train_manhole_candidate,"source train image labelled manhole; image-level candidate only, no boxes"
train::manhole::manhole (1697).jpg,train,manhole,data/raw/v2/hf_manhole_covers/train/train/manhole/manhole (1697).jpg,acb7bb687bdb1dbee4a3a42dc4a79fd11cb7de030ee0ed88a507caa7f636870c,224,224,,source_train_manhole_candidate,"source train image labelled manhole; image-level candidate only, no boxes"
train::manhole::manhole (1698).jpg,train,manhole,data/raw/v2/hf_manhole_covers/train/train/manhole/manhole (1698).jpg,b6905e5049d91f957aa369aa33cbf5dfe1d75f8ce6e09d169a9f2992b430c1ad,224,224,,source_train_manhole_candidate,"source train image labelled manhole; image-level candidate only, no boxes"
train::manhole::manhole (1699).jpg,train,manhole,data/raw/v2/hf_manhole_covers/train/train/manhole/manhole (1699).jpg,33ce0e11b49e199623571143aad02dd67781fa30430283d0c899fd5c284ebda1,224,224,,source_train_manhole_candidate,"source train image labelled manhole; image-level candidate only, no boxes"
train::manhole::manhole (1700).jpg,train,manhole,data/raw/v2/hf_manhole_covers/train/train/manhole/manhole (1700).jpg,ef809e103215da05321be3d37e3198cf9c8d6cdc7706ec02d7378ffc5f78c25a,224,224,,source_train_manhole_candidate,"source train image labelled manhole; image-level candidate only, no boxes"
train::manhole::manhole (1701).jpg,train,manhole,data/raw/v2/hf_manhole_covers/train/train/manhole/manhole (1701).jpg,1dd1193727d503342bcb874a89b7123021782c5e7e654dafc4ccfa81f5e8c44a,224,224,,source_train_manhole_candidate,"source train image labelled manhole; image-level candidate only, no boxes"
train::manhole::manhole (1702).jpg,train,manhole,data/raw/v2/hf_manhole_covers/train/train/manhole/manhole (1702).jpg,794a2cfcaf323e357af7596aa3b41d2b0d30a7ca2a983f9d73916f910a191ce7,224,224,,source_train_manhole_candidate,"source train image labelled manhole; image-level candidate only, no boxes"
train::manhole::manhole (1703).jpg,train,manhole,data/raw/v2/hf_manhole_covers/train/train/manhole/manhole (1703).jpg,e2c39ed867bf6c648fe65fe540ed8f0b7fd08c2c4bcb6742095cbe64539b9330,224,224,,source_train_manhole_candidate,"source train image labelled manhole; image-level candidate only, no boxes"
train::manhole::manhole (1704).jpg,train,manhole,data/raw/v2/hf_manhole_covers/train/train/manhole/manhole (1704).jpg,969c6c6f60aa7d407fb71adb7e8a0e2787899ec312bd359644463a8b28074e3b,224,224,,source_train_manhole_candidate,"source train image labelled manhole; image-level candidate only, no boxes"
train::manhole::manhole (1705).jpg,train,manhole,data/raw/v2/hf_manhole_covers/train/train/manhole/manhole (1705).jpg,2555a637f17ed7c835d8a067ca083a0caec0c68ea004862cac04014bac2f86e9,224,224,,source_train_manhole_candidate,"source train image labelled manhole; image-level candidate only, no boxes"
train::manhole::manhole (1706).jpg,train,manhole,data/raw/v2/hf_manhole_covers/train/train/manhole/manhole (1706).jpg,9aba65b0fb6b0b140c28ba02817a2ccca25b612c58727a12430f4b8eb28924f2,224,224,,source_train_manhole_candidate,"source train image labelled manhole; image-level candidate only, no boxes"
train::manhole::manhole (1707).jpg,train,manhole,data/raw/v2/hf_manhole_covers/train/train/manhole/manhole (1707).jpg,5ef44722a7b36e9de5a3010edf199e976c9b18c6c23ef4635c6b7ef17f2b5842,224,224,,source_train_manhole_candidate,"source train image labelled manhole; image-level candidate only, no boxes"
train::manhole::manhole (1708).jpg,train,manhole,data/raw/v2/hf_manhole_covers/train/train/manhole/manhole (1708).jpg,e8264339f0be7fce2822db19a52c0228fb527106445f161a0d5b177fdf44d51f,224,224,,source_train_manhole_candidate,"source train image labelled manhole; image-level candidate only, no boxes"
train::manhole::manhole (1709).jpg,train,manhole,data/raw/v2/hf_manhole_covers/train/train/manhole/manhole (1709).jpg,ecc6c3aad01da3bca2cbf046813d555d66ac84037a12d38684b1b3c8cde7a4b0,224,224,,source_train_manhole_candidate,"source train image labelled manhole; image-level candidate only, no boxes"
train::manhole::manhole (1710).jpg,train,manhole,data/raw/v2/hf_manhole_covers/train/train/manhole/manhole (1710).jpg,a5ced3defdc0cb5e99dcbe9507d2ee03c52fefc9097148c62cb8ed3831fef51e,224,224,,source_train_manhole_candidate,"source train image labelled manhole; image-level candidate only, no boxes"
train::manhole::manhole (1711).jpg,train,manhole,data/raw/v2/hf_manhole_covers/train/train/manhole/manhole (1711).jpg,a460dd4c74ec664345bda7add23f95f5669c5c422f6658e910b8448bdb873b6d,224,224,,source_train_manhole_candidate,"source train image labelled manhole; image-level candidate only, no boxes"
train::manhole::manhole (1712).jpg,train,manhole,data/raw/v2/hf_manhole_covers/train/train/manhole/manhole (1712).jpg,c95179cb28926bb098a8eada9075bcd803e7d6590d13ee1dad562e7524e3eafc,224,224,,source_train_manhole_candidate,"source train image labelled manhole; image-level candidate only, no boxes"
train::manhole::manhole (1713).jpg,train,manhole,data/raw/v2/hf_manhole_covers/train/train/manhole/manhole (1713).jpg,64496725e17a092f392a1e4f7a1eb3ecbdc47ea46ccfa8062e8711efa337d3f6,224,224,,source_train_manhole_candidate,"source train image labelled manhole; image-level candidate only, no boxes"
train::manhole::manhole (1714).jpg,train,manhole,data/raw/v2/hf_manhole_covers/train/train/manhole/manhole (1714).jpg,d478d8e8ecd2650fe2918a88e0781a294d220c5ddcbd626ace6511c90455b409,224,224,,source_train_manhole_candidate,"source train image labelled manhole; image-level candidate only, no boxes"
train::manhole::manhole (1715).jpg,train,manhole,data/raw/v2/hf_manhole_covers/train/train/manhole/manhole (1715).jpg,6b800e36d4a69ce2b6ffd40b6cc8dd34cd0e83e2e0270418a0f8727dd172eb21,224,224,,source_train_manhole_candidate,"source train image labelled manhole; image-level candidate only, no boxes"
train::manhole::manhole (1716).jpg,train,manhole,data/raw/v2/hf_manhole_covers/train/train/manhole/manhole (1716).jpg,144f35a2a3fb767f41f62a026bd1d6a0ba73bf7908a433e6d26225b3ca612a67,224,224,,source_train_manhole_candidate,"source train image labelled manhole; image-level candidate only, no boxes"
train::manhole::manhole (1717).jpg,train,manhole,data/raw/v2/hf_manhole_covers/train/train/manhole/manhole (1717).jpg,b7ba0278af687553b099b49fd8c0295076c50771d7aa9f6cb29c917a85a4196a,224,224,,source_train_manhole_candidate,"source train image labelled manhole; image-level candidate only, no boxes"
train::manhole::manhole (1718).jpg,train,manhole,data/raw/v2/hf_manhole_covers/train/train/manhole/manhole (1718).jpg,7d42b86f13808be4f5281eb31f56166a993b1ecd493e83114880c96e8aa98aab,224,224,,source_train_manhole_candidate,"source train image labelled manhole; image-level candidate only, no boxes"
train::manhole::manhole (1719).jpg,train,manhole,data/raw/v2/hf_manhole_covers/train/train/manhole/manhole (1719).jpg,faab8367c0e553e2416ece3a9672b3a5cd6a24f25f050f754df448643d2762df,224,224,,source_train_manhole_candidate,"source train image labelled manhole; image-level candidate only, no boxes"
train::manhole::manhole (1720).jpg,train,manhole,data/raw/v2/hf_manhole_covers/train/train/manhole/manhole (1720).jpg,7e61b2a0407b8f5a666828d5d8243dda408f482879479b7f51c96827c979af1b,224,224,,source_train_manhole_candidate,"source train image labelled manhole; image-level candidate only, no boxes"
train::manhole::manhole (1721).jpg,train,manhole,data/raw/v2/hf_manhole_covers/train/train/manhole/manhole (1721).jpg,06d27dad296ee725d59052575992a229cfcd7bd61a0a2154cb1e298bf38ad5e5,224,224,,source_train_manhole_candidate,"source train image labelled manhole; image-level candidate only, no boxes"
train::manhole::manhole (1722).jpg,train,manhole,data/raw/v2/hf_manhole_covers/train/train/manhole/manhole (1722).jpg,a4ce0088708fb45b54c517615b3726373c1a2fe74c970b26fed31bdd79bbe714,224,224,,source_train_manhole_candidate,"source train image labelled manhole; image-level candidate only, no boxes"
train::manhole::manhole (1723).jpg,train,manhole,data/raw/v2/hf_manhole_covers/train/train/manhole/manhole (1723).jpg,5d7a23f3fda1b9b9454552616baae6c6b6f2dcb0b913788fbc430e5a640f3b8c,224,224,,source_train_manhole_candidate,"source train image labelled manhole; image-level candidate only, no boxes"
train::manhole::manhole (1724).jpg,train,manhole,data/raw/v2/hf_manhole_covers/train/train/manhole/manhole (1724).jpg,1321f34e048602b275b5bffc09fa82ae0fafd29e84922ce7dea39c89589c1323,224,224,,source_train_manhole_candidate,"source train image labelled manhole; image-level candidate only, no boxes"
train::manhole::manhole (1725).jpg,train,manhole,data/raw/v2/hf_manhole_covers/train/train/manhole/manhole (1725).jpg,406e59c3494fe164bba0e3c2981b765d37867fa2f84ea5899c5ae7612ee085d0,224,224,,source_train_manhole_candidate,"source train image labelled manhole; image-level candidate only, no boxes"
train::manhole::manhole (1726).jpg,train,manhole,data/raw/v2/hf_manhole_covers/train/train/manhole/manhole (1726).jpg,509a171b8bf98f02e6896358f187aef8b5953c372e46b64ef4c760ec8ce4b3bc,224,224,,source_train_manhole_candidate,"source train image labelled manhole; image-level candidate only, no boxes"
train::manhole::manhole (1727).jpg,train,manhole,data/raw/v2/hf_manhole_covers/train/train/manhole/manhole (1727).jpg,721abe649722a21f7fc8ebb2b5d413fb55fca3701d23e7de7f0b7a9a9196f7ce,224,224,,source_train_manhole_candidate,"source train image labelled manhole; image-level candidate only, no boxes"
train::manhole::manhole (1728).jpg,train,manhole,data/raw/v2/hf_manhole_covers/train/train/manhole/manhole (1728).jpg,23dc4975dfcb7ace2fb229a6088089bdb6b026d66f0661544e64ce625105f17c,224,224,,source_train_manhole_candidate,"source train image labelled manhole; image-level candidate only, no boxes"
train::manhole::manhole (1729).jpg,train,manhole,data/raw/v2/hf_manhole_covers/train/train/manhole/manhole (1729).jpg,1deb030afc68474f2f3abb75cabb7c999d294e1529509fe2420b342dce05750d,224,224,,source_train_manhole_candidate,"source train image labelled manhole; image-level candidate only, no boxes"
train::manhole::manhole (1730).jpg,train,manhole,data/raw/v2/hf_manhole_covers/train/train/manhole/manhole (1730).jpg,c7f9189c8082c921014931b1098e7c282e442ce91844020959777c06866c4602,224,224,,source_train_manhole_candidate,"source train image labelled manhole; image-level candidate only, no boxes"
train::manhole::manhole (1731).jpg,train,manhole,data/raw/v2/hf_manhole_covers/train/train/manhole/manhole (1731).jpg,792c9215bf377b2b3f5969a83cf96048b21841130ad33a62560af5da59b557d3,224,224,,source_train_manhole_candidate,"source train image labelled manhole; image-level candidate only, no boxes"
train::manhole::manhole (1732).jpg,train,manhole,data/raw/v2/hf_manhole_covers/train/train/manhole/manhole (1732).jpg,682d4a8f0aea16d17af0f8f4ec59aea73684803e12d3a317d0f1f510f01fe611,224,224,,source_train_manhole_candidate,"source train image labelled manhole; image-level candidate only, no boxes"
train::manhole::manhole (1733).jpg,train,manhole,data/raw/v2/hf_manhole_covers/train/train/manhole/manhole (1733).jpg,8764db7ecc9d56f55acd54ed660560fcc5af9645f17415fa29c5285ab7af2f56,224,224,,source_train_manhole_candidate,"source train image labelled manhole; image-level candidate only, no boxes"
train::manhole::manhole (1734).jpg,train,manhole,data/raw/v2/hf_manhole_covers/train/train/manhole/manhole (1734).jpg,67a744e9a14bbdc544e680e14027b286a564be8e33e53c8f87e0128a718e8f73,224,224,,source_train_manhole_candidate,"source train image labelled manhole; image-level candidate only, no boxes"
train::manhole::manhole (1735).jpg,train,manhole,data/raw/v2/hf_manhole_covers/train/train/manhole/manhole (1735).jpg,508ba08f1835d69786778d955c15d5c214b8fdef309f5ac93281df192cb85d8e,224,224,,source_train_manhole_candidate,"source train image labelled manhole; image-level candidate only, no boxes"
train::manhole::manhole (1736).jpg,train,manhole,data/raw/v2/hf_manhole_covers/train/train/manhole/manhole (1736).jpg,93bb8a6f7054f8cb209e0ab09f566e5fc889c3682b1ff35ef6c6dfa89ffeb76c,224,224,,source_train_manhole_candidate,"source train image labelled manhole; image-level candidate only, no boxes"
train::manhole::manhole (1737).jpg,train,manhole,data/raw/v2/hf_manhole_covers/train/train/manhole/manhole (1737).jpg,b0ad793963af9967899884967fdca217b715b32f52cac4aa1afd583932635e7f,224,224,,source_train_manhole_candidate,"source train image labelled manhole; image-level candidate only, no boxes"
train::manhole::manhole (1738).jpg,train,manhole,data/raw/v2/hf_manhole_covers/train/train/manhole/manhole (1738).jpg,4b3387a794a535ad6559a032bf006e664d668250c132528a6e96141f6b50de2f,224,224,,source_train_manhole_candidate,"source train image labelled manhole; image-level candidate only, no boxes"
train::manhole::manhole (1739).jpg,train,manhole,data/raw/v2/hf_manhole_covers/train/train/manhole/manhole (1739).jpg,0a03a2673aa83e5f7896dfec49ce55fcf47a3edffd33ad44a7c6292c1c82b6e0,224,224,,source_train_manhole_candidate,"source train image labelled manhole; image-level candidate only, no boxes"
train::manhole::manhole (1740).jpg,train,manhole,data/raw/v2/hf_manhole_covers/train/train/manhole/manhole (1740).jpg,c0b412a7310213ac6a6745a367d7576fdb66f5b6fd564a088b71f46b6b24bb94,224,224,,source_train_manhole_candidate,"source train image labelled manhole; image-level candidate only, no boxes"
train::manhole::manhole (1741).jpg,train,manhole,data/raw/v2/hf_manhole_covers/train/train/manhole/manhole (1741).jpg,654560c7756470bd64690155d710f5a0f86eaa0f6cedf8286b57c55024dfdc97,224,224,,source_train_manhole_candidate,"source train image labelled manhole; image-level candidate only, no boxes"
train::manhole::manhole (1742).jpg,train,manhole,data/raw/v2/hf_manhole_covers/train/train/manhole/manhole (1742).jpg,89be1d5be9ddf41744bdb7b633cf32924eaf3ff19a525eb4cdff0fe0038fc24d,224,224,,source_train_manhole_candidate,"source train image labelled manhole; image-level candidate only, no boxes"
train::manhole::manhole (1743).jpg,train,manhole,data/raw/v2/hf_manhole_covers/train/train/manhole/manhole (1743).jpg,2954ae5c2609896deba95f5401ec70c1a94734c591f3c2d16a7683d6ea4255cd,224,224,,source_train_manhole_candidate,"source train image labelled manhole; image-level candidate only, no boxes"
train::manhole::manhole (1744).jpg,train,manhole,data/raw/v2/hf_manhole_covers/train/train/manhole/manhole (1744).jpg,b3ec8c02e1ab8e87361f17639c5afb23b572cf0327ca293dd79f82915908ea5e,224,224,,source_train_manhole_candidate,"source train image labelled manhole; image-level candidate only, no boxes"
train::manhole::manhole (1745).jpg,train,manhole,data/raw/v2/hf_manhole_covers/train/train/manhole/manhole (1745).jpg,df6f04b5709f264b156f4faf0c0ad6f6334af78909eebe5e77797430a72ccf38,224,224,,source_train_manhole_candidate,"source train image labelled manhole; image-level candidate only, no boxes"
train::manhole::manhole (1746).jpg,train,manhole,data/raw/v2/hf_manhole_covers/train/train/manhole/manhole (1746).jpg,934effba3d8cea5f9f61195d9024dbc0a2afe246ea290ce942a79419ba010150,224,224,,source_train_manhole_candidate,"source train image labelled manhole; image-level candidate only, no boxes"
train::manhole::manhole (1747).jpg,train,manhole,data/raw/v2/hf_manhole_covers/train/train/manhole/manhole (1747).jpg,812eabe8693289c43b25d88bc4077cf375b5fb3167cfdbf7fd9e18472ba1ac6b,224,224,,source_train_manhole_candidate,"source train image labelled manhole; image-level candidate only, no boxes"
train::manhole::manhole (1748).jpg,train,manhole,data/raw/v2/hf_manhole_covers/train/train/manhole/manhole (1748).jpg,54049ac6af42007a83f8ae964afaa1f59acb1aafdbd477e42b8a7d59b898f3ca,224,224,,source_train_manhole_candidate,"source train image labelled manhole; image-level candidate only, no boxes"
train::manhole::manhole (1749).jpg,train,manhole,data/raw/v2/hf_manhole_covers/train/train/manhole/manhole (1749).jpg,3ba0e984d2cd0088265f2b14c85b3ba7f4af7330abc69bf15f448c99c497c53f,224,224,,source_train_manhole_candidate,"source train image labelled manhole; image-level candidate only, no boxes"
train::manhole::manhole (1750).jpg,train,manhole,data/raw/v2/hf_manhole_covers/train/train/manhole/manhole (1750).jpg,c4a1c44f0b611f2dd5fcb7aec4a0faf1b05c16b1a314fad9b5afdd98091ed9a9,224,224,,source_train_manhole_candidate,"source train image labelled manhole; image-level candidate only, no boxes"
train::manhole::manhole (1751).jpg,train,manhole,data/raw/v2/hf_manhole_covers/train/train/manhole/manhole (1751).jpg,9d5f33d657c43ccfd4c42c81c3b8949b4bded08b657b0c4c7963c8923221ed0d,224,224,,source_train_manhole_candidate,"source train image labelled manhole; image-level candidate only, no boxes"
train::manhole::manhole (1752).jpg,train,manhole,data/raw/v2/hf_manhole_covers/train/train/manhole/manhole (1752).jpg,87e4fee4fa1f5694486375cf4de286d8fcd7e24d0c0ecc45e0665b32d8af4a12,224,224,,source_train_manhole_candidate,"source train image labelled manhole; image-level candidate only, no boxes"
train::manhole::manhole (1753).jpg,train,manhole,data/raw/v2/hf_manhole_covers/train/train/manhole/manhole (1753).jpg,d4cee19b0ec507c1c63651551abd890b2942fd7254b4ec2d43e5eb1e93d02df3,224,224,,source_train_manhole_candidate,"source train image labelled manhole; image-level candidate only, no boxes"
train::manhole::manhole (1754).jpg,train,manhole,data/raw/v2/hf_manhole_covers/train/train/manhole/manhole (1754).jpg,ff43a6ba047a898849ea8e7b5c3df2b3feb1cd732776387f74da1fced493abd6,224,224,,source_train_manhole_candidate,"source train image labelled manhole; image-level candidate only, no boxes"
train::manhole::manhole (1755).jpg,train,manhole,data/raw/v2/hf_manhole_covers/train/train/manhole/manhole (1755).jpg,5b356ab0ecc69a110b296abd57cdf1650e85fc7becf82d3809d6004d086fb9f5,224,224,,source_train_manhole_candidate,"source train image labelled manhole; image-level candidate only, no boxes"
train::manhole::manhole (1756).jpg,train,manhole,data/raw/v2/hf_manhole_covers/train/train/manhole/manhole (1756).jpg,9fb9505973a75c012d9f134e6a5c0870d3ef8e73c86c9249a52b8e727f57999e,224,224,,source_train_manhole_candidate,"source train image labelled manhole; image-level candidate only, no boxes"
train::manhole::manhole (1757).jpg,train,manhole,data/raw/v2/hf_manhole_covers/train/train/manhole/manhole (1757).jpg,0d2ec17e201fbddbc43f42914a52619f23ab1786d1c8b2a4f2b2ae1967f6f509,224,224,,source_train_manhole_candidate,"source train image labelled manhole; image-level candidate only, no boxes"
train::manhole::manhole (1758).jpg,train,manhole,data/raw/v2/hf_manhole_covers/train/train/manhole/manhole (1758).jpg,4e71e8191e688efdd51eb5c423080bfd3b1f87e4af857f2a316d7e0c91c696d3,224,224,,source_train_manhole_candidate,"source train image labelled manhole; image-level candidate only, no boxes"
train::manhole::manhole (1759).jpg,train,manhole,data/raw/v2/hf_manhole_covers/train/train/manhole/manhole (1759).jpg,466030e3dd7717122a8ce0ef1ab5dae2acf8890d6e753ce2fa1cb14ba98ef5fd,224,224,,source_train_manhole_candidate,"source train image labelled manhole; image-level candidate only, no boxes"
train::manhole::manhole (1760).jpg,train,manhole,data/raw/v2/hf_manhole_covers/train/train/manhole/manhole (1760).jpg,42555bd77f2b7721f69a1e926d08afaf57a5783101fcb9e99f2eaeda5d149125,224,224,,source_train_manhole_candidate,"source train image labelled manhole; image-level candidate only, no boxes"
train::manhole::manhole (1761).jpg,train,manhole,data/raw/v2/hf_manhole_covers/train/train/manhole/manhole (1761).jpg,5b194d9c9012222b60ac8984f7e3fcb48dd475c7df0b1228a8553d9200202ac3,224,224,,source_train_manhole_candidate,"source train image labelled manhole; image-level candidate only, no boxes"
train::manhole::manhole (1762).jpg,train,manhole,data/raw/v2/hf_manhole_covers/train/train/manhole/manhole (1762).jpg,3c157ef66e92945e39ded113b161ba349e99856bc2d9e6e8b1fcdcea9d63e593,224,224,,source_train_manhole_candidate,"source train image labelled manhole; image-level candidate only, no boxes"
train::manhole::manhole (1763).jpg,train,manhole,data/raw/v2/hf_manhole_covers/train/train/manhole/manhole (1763).jpg,5ea14e7faa7365a3e14927b144cdbe2d77c8834a22d8f6b8e129aca7da830cf2,224,224,,source_train_manhole_candidate,"source train image labelled manhole; image-level candidate only, no boxes"
train::manhole::manhole (1764).jpg,train,manhole,data/raw/v2/hf_manhole_covers/train/train/manhole/manhole (1764).jpg,6e97361e020cdd50c04ddad29bbe31c221f0eb0175165c5af77d3ad677bd2a18,224,224,,source_train_manhole_candidate,"source train image labelled manhole; image-level candidate only, no boxes"
train::manhole::manhole (1765).jpg,train,manhole,data/raw/v2/hf_manhole_covers/train/train/manhole/manhole (1765).jpg,5ffd29296d50bc6714a828ceb1c08008f82faa1e568f0f8907e30330d20178b9,224,224,,source_train_manhole_candidate,"source train image labelled manhole; image-level candidate only, no boxes"
train::manhole::manhole (1766).jpg,train,manhole,data/raw/v2/hf_manhole_covers/train/train/manhole/manhole (1766).jpg,a1cb4314d57287702a1edea9dd955e8b9e26d20e242f0465ec3875aa454820af,224,224,,source_train_manhole_candidate,"source train image labelled manhole; image-level candidate only, no boxes"
train::manhole::manhole (1767).jpg,train,manhole,data/raw/v2/hf_manhole_covers/train/train/manhole/manhole (1767).jpg,34b5dd11e403448ce0393406b74a471ac07be21b1d2248038e6e9a9ae38ccdea,224,224,,source_train_manhole_candidate,"source train image labelled manhole; image-level candidate only, no boxes"
train::manhole::manhole (1792).jpg,train,manhole,data/raw/v2/hf_manhole_covers/train/train/manhole/manhole (1792).jpg,f822d45f89a4e2878444bc85cad519b7d01fe4ddc91f32d67a51230e251688a7,224,224,,source_train_manhole_candidate,"source train image labelled manhole; image-level candidate only, no boxes"
train::manhole::manhole (1793).jpg,train,manhole,data/raw/v2/hf_manhole_covers/train/train/manhole/manhole (1793).jpg,f4ddfe1feba52761226e7452b25392d11162d7e3c63b00f0ccf22a66f51af221,224,224,,source_train_manhole_candidate,"source train image labelled manhole; image-level candidate only, no boxes"
train::manhole::manhole (1794).jpg,train,manhole,data/raw/v2/hf_manhole_covers/train/train/manhole/manhole (1794).jpg,f0ba31abca3b589c121ca2d0045306efd7bb31282c86319e74bc24fe27349497,224,224,,source_train_manhole_candidate,"source train image labelled manhole; image-level candidate only, no boxes"
train::manhole::manhole (1795).jpg,train,manhole,data/raw/v2/hf_manhole_covers/train/train/manhole/manhole (1795).jpg,1656829e62815c91e9dfdb60da64bc39303e1e83d0d8ae1d7478e833f2045189,224,224,,source_train_manhole_candidate,"source train image labelled manhole; image-level candidate only, no boxes"
train::manhole::manhole (1796).jpg,train,manhole,data/raw/v2/hf_manhole_covers/train/train/manhole/manhole (1796).jpg,79a984b83f77e75fd3d9fac731359e3e97ceee81820811d58887dd43895788ad,224,224,,source_train_manhole_candidate,"source train image labelled manhole; image-level candidate only, no boxes"
train::manhole::manhole (1797).jpg,train,manhole,data/raw/v2/hf_manhole_covers/train/train/manhole/manhole (1797).jpg,0ee95a7743fa4847a9842d313dc9914c253d59ff845bb52842fce16855f57935,224,224,,source_train_manhole_candidate,"source train image labelled manhole; image-level candidate only, no boxes"
train::manhole::manhole (1798).jpg,train,manhole,data/raw/v2/hf_manhole_covers/train/train/manhole/manhole (1798).jpg,6ffed2ff97137586093eec3024db8466c360dd49087efaaacb89908084b059ac,224,224,,source_train_manhole_candidate,"source train image labelled manhole; image-level candidate only, no boxes"
train::manhole::manhole (1799).jpg,train,manhole,data/raw/v2/hf_manhole_covers/train/train/manhole/manhole (1799).jpg,1584e8fca8f895b63cd8ea3f727e7855de98cda4df689a8b5381e7a212384d2c,224,224,,source_train_manhole_candidate,"source train image labelled manhole; image-level candidate only, no boxes"
train::manhole::manhole (1800).jpg,train,manhole,data/raw/v2/hf_manhole_covers/train/train/manhole/manhole (1800).jpg,32dfdc0e6990c2b3067e10f7c1ef671d5ca44bdd03a0f11fbaead9b682ee02d3,224,224,,source_train_manhole_candidate,"source train image labelled manhole; image-level candidate only, no boxes"
train::manhole::manhole (1801).jpg,train,manhole,data/raw/v2/hf_manhole_covers/train/train/manhole/manhole (1801).jpg,9a8a04923a63c1e90c8a3268fa812b9200cae13743c5ca85b41675147df42034,224,224,,source_train_manhole_candidate,"source train image labelled manhole; image-level candidate only, no boxes"
train::manhole::manhole (1802).jpg,train,manhole,data/raw/v2/hf_manhole_covers/train/train/manhole/manhole (1802).jpg,48774ada75af17cec7dbb715952d56f46ce70033f9ad27cfe565836b4f8d6f17,224,224,,source_train_manhole_candidate,"source train image labelled manhole; image-level candidate only, no boxes"
train::manhole::manhole (1803).jpg,train,manhole,data/raw/v2/hf_manhole_covers/train/train/manhole/manhole (1803).jpg,2f5e732e9affa3a44851b9fc30595faeb087337ac5cba5b237390273329d9f9d,224,224,,source_train_manhole_candidate,"source train image labelled manhole; image-level candidate only, no boxes"
train::manhole::manhole (1804).jpg,train,manhole,data/raw/v2/hf_manhole_covers/train/train/manhole/manhole (1804).jpg,72d6651ca3448e20c4ecf513e2651e57f6c472bb3566f49ca8cfeb4f1e5716a0,224,224,,source_train_manhole_candidate,"source train image labelled manhole; image-level candidate only, no boxes"
train::manhole::manhole (1805).jpg,train,manhole,data/raw/v2/hf_manhole_covers/train/train/manhole/manhole (1805).jpg,3a8e198988f3ddafd377ae01ea4cfe11b4c1424104e52c998702464f84aa79f4,224,224,,source_train_manhole_candidate,"source train image labelled manhole; image-level candidate only, no boxes"
train::manhole::manhole (1806).jpg,train,manhole,data/raw/v2/hf_manhole_covers/train/train/manhole/manhole (1806).jpg,e77594b033304730c4b35ed24f797881788c0082e0a6951717f0e3a4bbdd6d9c,224,224,,source_train_manhole_candidate,"source train image labelled manhole; image-level candidate only, no boxes"
train::manhole::manhole (1807).jpg,train,manhole,data/raw/v2/hf_manhole_covers/train/train/manhole/manhole (1807).jpg,8592285333d9a90ece3abfbbdbdbeac349ccb7d4f2df14ba591e169281116fae,224,224,,source_train_manhole_candidate,"source train image labelled manhole; image-level candidate only, no boxes"
train::manhole::manhole (1808).jpg,train,manhole,data/raw/v2/hf_manhole_covers/train/train/manhole/manhole (1808).jpg,676bb38f58641772496de1366802cd0cf44c66c361d895cc52fe3069e445c8ac,224,224,,source_train_manhole_candidate,"source train image labelled manhole; image-level candidate only, no boxes"
train::manhole::manhole (1809).jpg,train,manhole,data/raw/v2/hf_manhole_covers/train/train/manhole/manhole (1809).jpg,95e6f19eba2dfbcbf5b1bc2063832f01ab23c9a80d26d04a4b83e4c9ffb5a765,224,224,,source_train_manhole_candidate,"source train image labelled manhole; image-level candidate only, no boxes"
train::manhole::manhole (1810).jpg,train,manhole,data/raw/v2/hf_manhole_covers/train/train/manhole/manhole (1810).jpg,443b5b27821ebc0547ed73239086c1100736e4da8107c3d4f72d2d045cf6cf67,224,224,,source_train_manhole_candidate,"source train image labelled manhole; image-level candidate only, no boxes"
train::manhole::manhole (1811).jpg,train,manhole,data/raw/v2/hf_manhole_covers/train/train/manhole/manhole (1811).jpg,dec41176c159c589f3bff4e85cba0beec82b377a160aa6b4ce9a3a1a13952577,224,224,,source_train_manhole_candidate,"source train image labelled manhole; image-level candidate only, no boxes"
train::manhole::manhole (1812).jpg,train,manhole,data/raw/v2/hf_manhole_covers/train/train/manhole/manhole (1812).jpg,4e88e7801df1c6ce851308d4631d4d39bc19c773c35de9d262d25ad0e65d4e09,224,224,,source_train_manhole_candidate,"source train image labelled manhole; image-level candidate only, no boxes"
train::manhole::manhole (1813).jpg,train,manhole,data/raw/v2/hf_manhole_covers/train/train/manhole/manhole (1813).jpg,35df147d86bd0d881a3922d0c8d59d209a4b905e7be84e2634a07b03f32bc9bc,224,224,,source_train_manhole_candidate,"source train image labelled manhole; image-level candidate only, no boxes"
train::manhole::manhole (1814).jpg,train,manhole,data/raw/v2/hf_manhole_covers/train/train/manhole/manhole (1814).jpg,96756799ca6e74da366a8b88ab9ac061572000057178d8e7af884a6eb52a5e3e,224,224,,source_train_manhole_candidate,"source train image labelled manhole; image-level candidate only, no boxes"
train::manhole::manhole (1815).jpg,train,manhole,data/raw/v2/hf_manhole_covers/train/train/manhole/manhole (1815).jpg,9a8c080bfa532844c59889b07d13a96bfecf0e913a3affc76ca9139e2f62e2da,224,224,,source_train_manhole_candidate,"source train image labelled manhole; image-level candidate only, no boxes"
train::manhole::manhole (1816).jpg,train,manhole,data/raw/v2/hf_manhole_covers/train/train/manhole/manhole (1816).jpg,57272f8ac8e20e15547f22d9762c6cc1bd941ad2fcc5ec8d3368626dd3eab548,224,224,,source_train_manhole_candidate,"source train image labelled manhole; image-level candidate only, no boxes"
train::manhole::manhole (1817).jpg,train,manhole,data/raw/v2/hf_manhole_covers/train/train/manhole/manhole (1817).jpg,4b03c7beb57dc2e75f8023957631fa48ab80153ead8a2aeef89bb7b02affe59a,224,224,,source_train_manhole_candidate,"source train image labelled manhole; image-level candidate only, no boxes"
train::manhole::manhole (1818).jpg,train,manhole,data/raw/v2/hf_manhole_covers/train/train/manhole/manhole (1818).jpg,073fbe722a4a12c3ab84132d1351d2df6fbb788f56c70e00e24949bfa83df073,224,224,,source_train_manhole_candidate,"source train image labelled manhole; image-level candidate only, no boxes"
train::manhole::manhole (1819).jpg,train,manhole,data/raw/v2/hf_manhole_covers/train/train/manhole/manhole (1819).jpg,5934939ab152fa6c8d1680facf717f7c08f9db0e8b47fc8c69caea9fca31dc91,224,224,,source_train_manhole_candidate,"source train image labelled manhole; image-level candidate only, no boxes"
train::manhole::manhole (1820).jpg,train,manhole,data/raw/v2/hf_manhole_covers/train/train/manhole/manhole (1820).jpg,9de79557518a153a640f2400863d3f6eab54eaa205e53b5de43998b2e514e27b,224,224,,source_train_manhole_candidate,"source train image labelled manhole; image-level candidate only, no boxes"
train::manhole::manhole (1821).jpg,train,manhole,data/raw/v2/hf_manhole_covers/train/train/manhole/manhole (1821).jpg,f9862089df6cdb76551b1292a785b09db900706a7102d703b64bee085547b539,224,224,,source_train_manhole_candidate,"source train image labelled manhole; image-level candidate only, no boxes"
train::manhole::manhole (1822).jpg,train,manhole,data/raw/v2/hf_manhole_covers/train/train/manhole/manhole (1822).jpg,bc810ca32f1ef5d79d941b5255b598c60c385c0de91e324fe1ff78d01c64063c,224,224,,source_train_manhole_candidate,"source train image labelled manhole; image-level candidate only, no boxes"
train::manhole::manhole (1823).jpg,train,manhole,data/raw/v2/hf_manhole_covers/train/train/manhole/manhole (1823).jpg,d6b4c2ddd121cbdfc945fd898350899e5d5a69809ebe0afb40f93285c6dc77c6,224,224,,source_train_manhole_candidate,"source train image labelled manhole; image-level candidate only, no boxes"
train::manhole::manhole (1824).jpg,train,manhole,data/raw/v2/hf_manhole_covers/train/train/manhole/manhole (1824).jpg,f3367f6d52f5158568c53debf9782bc75f349ff075b6d7aaaf5489c543937e26,224,224,,source_train_manhole_candidate,"source train image labelled manhole; image-level candidate only, no boxes"
train::manhole::manhole (1825).jpg,train,manhole,data/raw/v2/hf_manhole_covers/train/train/manhole/manhole (1825).jpg,ee9b27a4c6c2dcfebbe711e2a6fa6c76d4b10a27c1b60afc7214b953b8b8e8cd,224,224,,source_train_manhole_candidate,"source train image labelled manhole; image-level candidate only, no boxes"
train::manhole::manhole (1826).jpg,train,manhole,data/raw/v2/hf_manhole_covers/train/train/manhole/manhole (1826).jpg,d3d1c42156ceb5b8f0c1fa6bb18adc689bbca13a2f64980af34919aae2f93258,224,224,,source_train_manhole_candidate,"source train image labelled manhole; image-level candidate only, no boxes"
train::manhole::manhole (1827).jpg,train,manhole,data/raw/v2/hf_manhole_covers/train/train/manhole/manhole (1827).jpg,d74b756982c60a205ed4e4eff63f1d8fe664faff370cde0c5cc7dfa3fd6260d3,224,224,,source_train_manhole_candidate,"source train image labelled manhole; image-level candidate only, no boxes"
train::manhole::manhole (1828).jpg,train,manhole,data/raw/v2/hf_manhole_covers/train/train/manhole/manhole (1828).jpg,43774dc615be2f12303ce5e88f5d7e89fd04f4df77ab70e9a4cab245b0a48ef6,224,224,,source_train_manhole_candidate,"source train image labelled manhole; image-level candidate only, no boxes"
train::manhole::manhole (1829).jpg,train,manhole,data/raw/v2/hf_manhole_covers/train/train/manhole/manhole (1829).jpg,9225a9b60fda1c0635cbe1ec6bdcac5ad43d538d1dd98ca17152f7e42609ab72,224,224,,source_train_manhole_candidate,"source train image labelled manhole; image-level candidate only, no boxes"
train::manhole::manhole (1830).jpg,train,manhole,data/raw/v2/hf_manhole_covers/train/train/manhole/manhole (1830).jpg,d1a81301775d5bcb2700cda18e4093acfc75fb70e28b848fbc38ea69f4492376,224,224,,source_train_manhole_candidate,"source train image labelled manhole; image-level candidate only, no boxes"
train::manhole::manhole (1831).jpg,train,manhole,data/raw/v2/hf_manhole_covers/train/train/manhole/manhole (1831).jpg,62a0d1b8f0d4ee0243cb75afa1c33ea5bda2673da1357834b02345c4184ac778,224,224,,source_train_manhole_candidate,"source train image labelled manhole; image-level candidate only, no boxes"
train::manhole::manhole (1832).jpg,train,manhole,data/raw/v2/hf_manhole_covers/train/train/manhole/manhole (1832).jpg,e1ccf6b3a3132264be5e53129cf5f6172e358b3bb514f0e650a842ee5041b8bd,224,224,,source_train_manhole_candidate,"source train image labelled manhole; image-level candidate only, no boxes"
train::manhole::manhole (1833).jpg,train,manhole,data/raw/v2/hf_manhole_covers/train/train/manhole/manhole (1833).jpg,9cda116f1f2ea33342f5779acdfeaa44362518cabcb3c4d079160bfb1df66d48,224,224,,source_train_manhole_candidate,"source train image labelled manhole; image-level candidate only, no boxes"
train::manhole::manhole (1834).jpg,train,manhole,data/raw/v2/hf_manhole_covers/train/train/manhole/manhole (1834).jpg,f9c07c58148739028baf10d6144d6728719eb50ae3d8bd19ae97fecd5ec5520d,224,224,,source_train_manhole_candidate,"source train image labelled manhole; image-level candidate only, no boxes"
train::manhole::manhole (1835).jpg,train,manhole,data/raw/v2/hf_manhole_covers/train/train/manhole/manhole (1835).jpg,fac46d0a76cde8cf26bf1d03bad304c279b24e6352de34ad4effb52c5c5d70e9,224,224,,source_train_manhole_candidate,"source train image labelled manhole; image-level candidate only, no boxes"
train::manhole::manhole (1836).jpg,train,manhole,data/raw/v2/hf_manhole_covers/train/train/manhole/manhole (1836).jpg,e35c56e21cb75e03ad8aa7f4363348a9bbcbb19be045c3002bce243810e6ee4c,224,224,,source_train_manhole_candidate,"source train image labelled manhole; image-level candidate only, no boxes"
train::manhole::manhole (1837).jpg,train,manhole,data/raw/v2/hf_manhole_covers/train/train/manhole/manhole (1837).jpg,0f6d9bcf44770d4867610ae604ae9eca0dfbbe460f9bb8f7095123e2cb6f1292,224,224,,source_train_manhole_candidate,"source train image labelled manhole; image-level candidate only, no boxes"
train::manhole::manhole (1838).jpg,train,manhole,data/raw/v2/hf_manhole_covers/train/train/manhole/manhole (1838).jpg,04c7503d05f785c12d85d2aa3fc493eb7ebe3741d04bdd2a814788ba75b67e43,224,224,,source_train_manhole_candidate,"source train image labelled manhole; image-level candidate only, no boxes"
train::manhole::manhole (1839).jpg,train,manhole,data/raw/v2/hf_manhole_covers/train/train/manhole/manhole (1839).jpg,1ae4ddb6aee1254ecbdc4802351501ba47888c96b9daff42a4f177a86b538afe,224,224,,source_train_manhole_candidate,"source train image labelled manhole; image-level candidate only, no boxes"
train::manhole::manhole (1840).jpg,train,manhole,data/raw/v2/hf_manhole_covers/train/train/manhole/manhole (1840).jpg,67be13fbcc6c8511b4d0da96f51edf880d9dc81775696579bceb678434c14196,224,224,,source_train_manhole_candidate,"source train image labelled manhole; image-level candidate only, no boxes"
train::manhole::manhole (1841).jpg,train,manhole,data/raw/v2/hf_manhole_covers/train/train/manhole/manhole (1841).jpg,5106c49959a87f754c47fd491c5f6d4fc8df1e553a19daffe3d7c47373075672,224,224,,source_train_manhole_candidate,"source train image labelled manhole; image-level candidate only, no boxes"
train::manhole::manhole (1842).jpg,train,manhole,data/raw/v2/hf_manhole_covers/train/train/manhole/manhole (1842).jpg,defc85231d2291981dbefb93cebdffe188de5579a93e39c3c13d45545acd0bf2,224,224,,source_train_manhole_candidate,"source train image labelled manhole; image-level candidate only, no boxes"
train::manhole::manhole (1843).jpg,train,manhole,data/raw/v2/hf_manhole_covers/train/train/manhole/manhole (1843).jpg,7fc501a1fc4650e32673eb7371271e1a83d551e44dfd7bfb1a71a77cc0d2d4e4,224,224,,source_train_manhole_candidate,"source train image labelled manhole; image-level candidate only, no boxes"
train::manhole::manhole (1844).jpg,train,manhole,data/raw/v2/hf_manhole_covers/train/train/manhole/manhole (1844).jpg,eeb5d4cdd86fb03eb2f7c0fa9567e22ac59a7a51e9833d6877f697d7d72380af,224,224,,source_train_manhole_candidate,"source train image labelled manhole; image-level candidate only, no boxes"
train::manhole::manhole (1845).jpg,train,manhole,data/raw/v2/hf_manhole_covers/train/train/manhole/manhole (1845).jpg,b3bf7a4371924ad0639f15486e4dee17b7b36a4366315f5f1fbdc5f15b1094ea,224,224,,source_train_manhole_candidate,"source train image labelled manhole; image-level candidate only, no boxes"
train::manhole::manhole (1846).jpg,train,manhole,data/raw/v2/hf_manhole_covers/train/train/manhole/manhole (1846).jpg,5f7562fdf8d91887f5ce169cfa99de6bb4e150de536877c3309359552c7bfd3e,224,224,,source_train_manhole_candidate,"source train image labelled manhole; image-level candidate only, no boxes"
train::manhole::manhole (1847).jpg,train,manhole,data/raw/v2/hf_manhole_covers/train/train/manhole/manhole (1847).jpg,ad62a86d7c062a083305c721d1f4a305113a13b553e5fda47aee854d4fb3ea89,224,224,,source_train_manhole_candidate,"source train image labelled manhole; image-level candidate only, no boxes"
train::manhole::manhole (1848).jpg,train,manhole,data/raw/v2/hf_manhole_covers/train/train/manhole/manhole (1848).jpg,3d6279a68782c17e4177d02eb5cc688ca2040812541f6df559779bf44c96771b,224,224,,source_train_manhole_candidate,"source train image labelled manhole; image-level candidate only, no boxes"
train::manhole::manhole (1849).jpg,train,manhole,data/raw/v2/hf_manhole_covers/train/train/manhole/manhole (1849).jpg,5f64edf49ebd9bdc2d584f04ae43c4027c27b06e92daba2a82accce334fe30ba,224,224,,source_train_manhole_candidate,"source train image labelled manhole; image-level candidate only, no boxes"
train::manhole::manhole (1850).jpg,train,manhole,data/raw/v2/hf_manhole_covers/train/train/manhole/manhole (1850).jpg,1b64db9ebbbde1326eff86309461677d1d858bce9b2f565ec73d47365bad4f53,224,224,,source_train_manhole_candidate,"source train image labelled manhole; image-level candidate only, no boxes"
train::manhole::manhole (1851).jpg,train,manhole,data/raw/v2/hf_manhole_covers/train/train/manhole/manhole (1851).jpg,24df8ecc6e7e1695af131aec8ec04439f6cb98e89de75ddb0850110843698de0,224,224,,source_train_manhole_candidate,"source train image labelled manhole; image-level candidate only, no boxes"
train::manhole::manhole (1852).jpg,train,manhole,data/raw/v2/hf_manhole_covers/train/train/manhole/manhole (1852).jpg,0de89fa02ff25e4024390cf113bce4d2e0e348e6252873072dfd1fb4555db241,224,224,,source_train_manhole_candidate,"source train image labelled manhole; image-level candidate only, no boxes"
train::manhole::manhole (1853).jpg,train,manhole,data/raw/v2/hf_manhole_covers/train/train/manhole/manhole (1853).jpg,95c5b3144d1ef67cba7ba8e693bd6f7853d5048e1b2c2a9e5e6453fae7919a9f,224,224,,source_train_manhole_candidate,"source train image labelled manhole; image-level candidate only, no boxes"
train::manhole::manhole (1854).jpg,train,manhole,data/raw/v2/hf_manhole_covers/train/train/manhole/manhole (1854).jpg,11110235907fee84873c82e52206c4ff5dc1808358b7cb2692818422a8edb238,224,224,,source_train_manhole_candidate,"source train image labelled manhole; image-level candidate only, no boxes"
train::manhole::manhole (1855).jpg,train,manhole,data/raw/v2/hf_manhole_covers/train/train/manhole/manhole (1855).jpg,0bb7a309d148769895fd6a7829073d0a423cd3bca491298380c30d4a518a0f20,224,224,,source_train_manhole_candidate,"source train image labelled manhole; image-level candidate only, no boxes"
train::manhole::manhole (1856).jpg,train,manhole,data/raw/v2/hf_manhole_covers/train/train/manhole/manhole (1856).jpg,d9cdf875badb296c217d7b6b7c3d8e7a4d09f8e1064c318668893929f00ae5fd,224,224,,source_train_manhole_candidate,"source train image labelled manhole; image-level candidate only, no boxes"
train::manhole::manhole (1857).jpg,train,manhole,data/raw/v2/hf_manhole_covers/train/train/manhole/manhole (1857).jpg,9c23b3dba5c54a17ac4cfeb9b3b23fbe6498e1e2e6233b648104f37fbd5ebd07,224,224,,source_train_manhole_candidate,"source train image labelled manhole; image-level candidate only, no boxes"
train::manhole::manhole (1858).jpg,train,manhole,data/raw/v2/hf_manhole_covers/train/train/manhole/manhole (1858).jpg,df6094763c81c175be8fb2105b0bee982f7b64fc0e0ad77bb41c874655b58f42,224,224,,source_train_manhole_candidate,"source train image labelled manhole; image-level candidate only, no boxes"
train::manhole::manhole (1859).jpg,train,manhole,data/raw/v2/hf_manhole_covers/train/train/manhole/manhole (1859).jpg,ff6b9885a768605a24c89b28fc088d0f5bf31b76fab9aa31e04e18b33ba4ad82,224,224,,source_train_manhole_candidate,"source train image labelled manhole; image-level candidate only, no boxes"
train::manhole::manhole (1860).jpg,train,manhole,data/raw/v2/hf_manhole_covers/train/train/manhole/manhole (1860).jpg,0cfc2d98c77f5071f932a5bb320b3565a4e8985e570632ad2f5f95eca762830d,224,224,,source_train_manhole_candidate,"source train image labelled manhole; image-level candidate only, no boxes"
train::manhole::manhole (1861).jpg,train,manhole,data/raw/v2/hf_manhole_covers/train/train/manhole/manhole (1861).jpg,334dfbd555c72e91add8cbe7db7b6e944182c1ec49dcca2c38fde54621530c6e,224,224,,source_train_manhole_candidate,"source train image labelled manhole; image-level candidate only, no boxes"
train::manhole::manhole (1862).jpg,train,manhole,data/raw/v2/hf_manhole_covers/train/train/manhole/manhole (1862).jpg,10937a0408812fe5568245d2bc34616cc5cf2b70b563137defe5abc336b77594,224,224,,source_train_manhole_candidate,"source train image labelled manhole; image-level candidate only, no boxes"
train::manhole::manhole (1863).jpg,train,manhole,data/raw/v2/hf_manhole_covers/train/train/manhole/manhole (1863).jpg,39a2fe43f04116bcab35c8feb4c15d8999756642a698f27003e019bb21bb0bb4,224,224,,source_train_manhole_candidate,"source train image labelled manhole; image-level candidate only, no boxes"
train::manhole::manhole (1864).jpg,train,manhole,data/raw/v2/hf_manhole_covers/train/train/manhole/manhole (1864).jpg,f1bbe569b44ec7064605aa1eaf53761318f2abd31283499cf8983a3a15e9d514,224,224,,source_train_manhole_candidate,"source train image labelled manhole; image-level candidate only, no boxes"
train::manhole::manhole (1865).jpg,train,manhole,data/raw/v2/hf_manhole_covers/train/train/manhole/manhole (1865).jpg,29f98f08ecd0cc334e144d9e04b2f965dbdc4c9f801350c7ca029b5d162f6bf0,224,224,,source_train_manhole_candidate,"source train image labelled manhole; image-level candidate only, no boxes"
train::manhole::manhole (1866).jpg,train,manhole,data/raw/v2/hf_manhole_covers/train/train/manhole/manhole (1866).jpg,e9b73414648f3232403102af47242c422f7a0bc5d0d4e595fe51fe5b6e4ffc03,224,224,,source_train_manhole_candidate,"source train image labelled manhole; image-level candidate only, no boxes"
train::manhole::manhole (1867).jpg,train,manhole,data/raw/v2/hf_manhole_covers/train/train/manhole/manhole (1867).jpg,148ba41dc8cd9d05c8ac6226c3d0d1c2e9b210b87f8607201e05c069fde3ad30,224,224,,source_train_manhole_candidate,"source train image labelled manhole; image-level candidate only, no boxes"
train::manhole::manhole (1868).jpg,train,manhole,data/raw/v2/hf_manhole_covers/train/train/manhole/manhole (1868).jpg,1f02b66c23e327c4318c9f25a485d026ff217502731a57a0eef56eb94474fe7a,224,224,,source_train_manhole_candidate,"source train image labelled manhole; image-level candidate only, no boxes"
train::manhole::manhole (1869).jpg,train,manhole,data/raw/v2/hf_manhole_covers/train/train/manhole/manhole (1869).jpg,169c01eeb245889546d2a08f5765ea39ed3bacffaefb749d241ccedf1304f364,224,224,,source_train_manhole_candidate,"source train image labelled manhole; image-level candidate only, no boxes"
train::manhole::manhole (1870).jpg,train,manhole,data/raw/v2/hf_manhole_covers/train/train/manhole/manhole (1870).jpg,843f5fa7569f9a86f94002d0bc574c0ad052affa5bcd484e521df22324dec7b8,224,224,,source_train_manhole_candidate,"source train image labelled manhole; image-level candidate only, no boxes"
train::manhole::manhole (1871).jpg,train,manhole,data/raw/v2/hf_manhole_covers/train/train/manhole/manhole (1871).jpg,44d3ec3fce54946c73b305cc0b453af847cfdd1b37748ddc5730aab3261e8d58,224,224,,source_train_manhole_candidate,"source train image labelled manhole; image-level candidate only, no boxes"
train::manhole::manhole (1872).jpg,train,manhole,data/raw/v2/hf_manhole_covers/train/train/manhole/manhole (1872).jpg,1001acbb2173b7044166431500d37bcacfa8a6219273b2a62b7afaea57eb6065,224,224,,source_train_manhole_candidate,"source train image labelled manhole; image-level candidate only, no boxes"
train::manhole::manhole (1873).jpg,train,manhole,data/raw/v2/hf_manhole_covers/train/train/manhole/manhole (1873).jpg,1d9143db0f72ca0262d97ed534ae03b2c0d45ae9686c95cd76a1a29708cf5286,224,224,,source_train_manhole_candidate,"source train image labelled manhole; image-level candidate only, no boxes"
train::manhole::manhole (1874).jpg,train,manhole,data/raw/v2/hf_manhole_covers/train/train/manhole/manhole (1874).jpg,b8c6c98c9183d51d780c037c2a4b7a81dc86f46965f377b3d1413a484298fa3e,224,224,,source_train_manhole_candidate,"source train image labelled manhole; image-level candidate only, no boxes"
train::manhole::manhole (1875).jpg,train,manhole,data/raw/v2/hf_manhole_covers/train/train/manhole/manhole (1875).jpg,256da8566ecea2c46d3477fb68b9ea17e733ad0a497f0445da272b0b5aa4896b,224,224,,source_train_manhole_candidate,"source train image labelled manhole; image-level candidate only, no boxes"
train::manhole::manhole (1876).jpg,train,manhole,data/raw/v2/hf_manhole_covers/train/train/manhole/manhole (1876).jpg,3db33b7fe3c5684ca3e0fc2f492979502c655b634f8b98283c650bfc46336c5f,224,224,,source_train_manhole_candidate,"source train image labelled manhole; image-level candidate only, no boxes"
train::manhole::manhole (1877).jpg,train,manhole,data/raw/v2/hf_manhole_covers/train/train/manhole/manhole (1877).jpg,a5a84184d8be19438c87a87bd1c0a74a53239dd66f43cad0d5e34bd78217a2b4,224,224,,source_train_manhole_candidate,"source train image labelled manhole; image-level candidate only, no boxes"
train::manhole::manhole (1878).jpg,train,manhole,data/raw/v2/hf_manhole_covers/train/train/manhole/manhole (1878).jpg,917d6d6d328cca6a8c24297be190a375f664226f3303f0a9d469fde88e95856b,224,224,,source_train_manhole_candidate,"source train image labelled manhole; image-level candidate only, no boxes"
train::manhole::manhole (1879).jpg,train,manhole,data/raw/v2/hf_manhole_covers/train/train/manhole/manhole (1879).jpg,20f837773b37a40c8f43a210605b5ce7847541d03d832fcecdfa7dfc983647f6,224,224,,source_train_manhole_candidate,"source train image labelled manhole; image-level candidate only, no boxes"
train::manhole::manhole (1880).jpg,train,manhole,data/raw/v2/hf_manhole_covers/train/train/manhole/manhole (1880).jpg,062004f431957f381a932e262d1597c4bbd2e344ef58d956641216b0af8f0e4e,224,224,,source_train_manhole_candidate,"source train image labelled manhole; image-level candidate only, no boxes"
train::manhole::manhole (1881).jpg,train,manhole,data/raw/v2/hf_manhole_covers/train/train/manhole/manhole (1881).jpg,c64da924212ec540596a1ea1846cb8184ed2fc91e0e05e6a2fd988834d7e8f52,224,224,,source_train_manhole_candidate,"source train image labelled manhole; image-level candidate only, no boxes"
train::manhole::manhole (1882).jpg,train,manhole,data/raw/v2/hf_manhole_covers/train/train/manhole/manhole (1882).jpg,309d373e964989662da5ae6ec5df75e2dc88630ccfad47a6caf3a0d84aabd379,224,224,,source_train_manhole_candidate,"source train image labelled manhole; image-level candidate only, no boxes"
train::manhole::manhole (1883).jpg,train,manhole,data/raw/v2/hf_manhole_covers/train/train/manhole/manhole (1883).jpg,be613dbeeb1cac594e7966636575ae1a656d035e7caf84fd3c58a908509513bc,224,224,,source_train_manhole_candidate,"source train image labelled manhole; image-level candidate only, no boxes"
train::manhole::manhole (1884).jpg,train,manhole,data/raw/v2/hf_manhole_covers/train/train/manhole/manhole (1884).jpg,eb2b4c6a7e1ac76e69430a4a668e11f7d65f70fc3f749caa809da6c3c49f0231,224,224,,source_train_manhole_candidate,"source train image labelled manhole; image-level candidate only, no boxes"
train::manhole::manhole (1885).jpg,train,manhole,data/raw/v2/hf_manhole_covers/train/train/manhole/manhole (1885).jpg,1fe4de03006737182e36b05d2e0a415906d5490d6e908e4b4c6fcaf39ca74558,224,224,,source_train_manhole_candidate,"source train image labelled manhole; image-level candidate only, no boxes"
train::manhole::manhole (1886).jpg,train,manhole,data/raw/v2/hf_manhole_covers/train/train/manhole/manhole (1886).jpg,6ae6155b0ca6fded2200a6cd7acd44b364ef182c01b4cf1642c2f6cf80fded72,224,224,,source_train_manhole_candidate,"source train image labelled manhole; image-level candidate only, no boxes"
train::manhole::manhole (1887).jpg,train,manhole,data/raw/v2/hf_manhole_covers/train/train/manhole/manhole (1887).jpg,72b1ee833a9f817defe8dadd1d6d394e745e3927981b77cc39e212255de3ce8d,224,224,,source_train_manhole_candidate,"source train image labelled manhole; image-level candidate only, no boxes"
train::manhole::manhole (1888).jpg,train,manhole,data/raw/v2/hf_manhole_covers/train/train/manhole/manhole (1888).jpg,d8e9e4c3239f212f03e6500af3789a5d7d38c71cff82351553bb09dff99d7241,224,224,,source_train_manhole_candidate,"source train image labelled manhole; image-level candidate only, no boxes"
train::manhole::manhole (1889).jpg,train,manhole,data/raw/v2/hf_manhole_covers/train/train/manhole/manhole (1889).jpg,06721941dd6afa40abd49f4b4616fb6186c6813babff1095ac07e1404419e456,224,224,,source_train_manhole_candidate,"source train image labelled manhole; image-level candidate only, no boxes"
train::manhole::manhole (1890).jpg,train,manhole,data/raw/v2/hf_manhole_covers/train/train/manhole/manhole (1890).jpg,53e9c914c55376cc304090ed6d21a3e1c50359ccc046c62e9c566ae6237efae5,224,224,,source_train_manhole_candidate,"source train image labelled manhole; image-level candidate only, no boxes"
train::manhole::manhole (1891).jpg,train,manhole,data/raw/v2/hf_manhole_covers/train/train/manhole/manhole (1891).jpg,5b2ce0550365885fb4a514125dea1592e7dcef29c5c6eec3ba25a51137896d57,224,224,,source_train_manhole_candidate,"source train image labelled manhole; image-level candidate only, no boxes"
train::manhole::manhole_imagenet (10).jpg,train,manhole,data/raw/v2/hf_manhole_covers/train/train/manhole/manhole_imagenet (10).jpg,9d8a6006f27b16e58a7d11423b4889d40d2c3d351b75b17b84774aa9bc0c1288,224,224,,source_train_manhole_candidate,"source train image labelled manhole; image-level candidate only, no boxes"
train::manhole::manhole_imagenet (100).jpg,train,manhole,data/raw/v2/hf_manhole_covers/train/train/manhole/manhole_imagenet (100).jpg,5451ef750e4259b939547101831295b3fe63021d41545e8c2d4ebb2f0f7e8a86,224,224,,source_train_manhole_candidate,"source train image labelled manhole; image-level candidate only, no boxes"
train::manhole::manhole_imagenet (102).jpg,train,manhole,data/raw/v2/hf_manhole_covers/train/train/manhole/manhole_imagenet (102).jpg,6a42c849ca0ed48486de860a251140a3a4804583541638a28853ee6dbf5f67de,224,224,,source_train_manhole_candidate,"source train image labelled manhole; image-level candidate only, no boxes"
train::manhole::manhole_imagenet (103).jpg,train,manhole,data/raw/v2/hf_manhole_covers/train/train/manhole/manhole_imagenet (103).jpg,db066a74cc2cb59bdab3ed3af688026632369fc9b21a0b60533bef4019f43adb,224,224,,source_train_manhole_candidate,"source train image labelled manhole; image-level candidate only, no boxes"
train::manhole::manhole_imagenet (104).jpg,train,manhole,data/raw/v2/hf_manhole_covers/train/train/manhole/manhole_imagenet (104).jpg,38c9d3a93970022d2add95a69d9234a4abf2c2292ba81c33e399fc63d8074de7,224,224,,source_train_manhole_candidate,"source train image labelled manhole; image-level candidate only, no boxes"
train::manhole::manhole_imagenet (105).jpg,train,manhole,data/raw/v2/hf_manhole_covers/train/train/manhole/manhole_imagenet (105).jpg,79abdf7c8d6f6b8a327ad9644591f4eb4de372d999e6701730667514a0e7e408,224,224,,source_train_manhole_candidate,"source train image labelled manhole; image-level candidate only, no boxes"
train::manhole::manhole_imagenet (106).jpg,train,manhole,data/raw/v2/hf_manhole_covers/train/train/manhole/manhole_imagenet (106).jpg,6c6727e0eb97d5ecb1448e033f05ddc63766fe4939d270ae7e0983de8f3db3f0,224,224,,source_train_manhole_candidate,"source train image labelled manhole; image-level candidate only, no boxes"
train::manhole::manhole_imagenet (107).jpg,train,manhole,data/raw/v2/hf_manhole_covers/train/train/manhole/manhole_imagenet (107).jpg,0fc8e9ef4d058db8a25cefb44b14a840e7deb52ea10485e3b19eb1d102eeffdf,224,224,,source_train_manhole_candidate,"source train image labelled manhole; image-level candidate only, no boxes"
train::manhole::manhole_imagenet (108).jpg,train,manhole,data/raw/v2/hf_manhole_covers/train/train/manhole/manhole_imagenet (108).jpg,899c956ceb326e4e593c67748be0ebc3ef806bea4149f7bb412a2973c2bf1ad7,224,224,,source_train_manhole_candidate,"source train image labelled manhole; image-level candidate only, no boxes"
train::manhole::manhole_imagenet (109).jpg,train,manhole,data/raw/v2/hf_manhole_covers/train/train/manhole/manhole_imagenet (109).jpg,eb726d0ba3015c6f9357edc529ca8aa3b1ce57e5e941d4c62654edf08638effe,224,224,,source_train_manhole_candidate,"source train image labelled manhole; image-level candidate only, no boxes"
train::manhole::manhole_imagenet (11).jpg,train,manhole,data/raw/v2/hf_manhole_covers/train/train/manhole/manhole_imagenet (11).jpg,20b16c26a40d6a918d38be7467d297e795c881bd375399968cdeb83f938fac65,224,224,,source_train_manhole_candidate,"source train image labelled manhole; image-level candidate only, no boxes"
train::manhole::manhole_imagenet (110).jpg,train,manhole,data/raw/v2/hf_manhole_covers/train/train/manhole/manhole_imagenet (110).jpg,6b9f9219655296dc05c8ec9f2a7e087aab545be4544323225835343a51aeab45,224,224,,source_train_manhole_candidate,"source train image labelled manhole; image-level candidate only, no boxes"
train::manhole::manhole_imagenet (111).jpg,train,manhole,data/raw/v2/hf_manhole_covers/train/train/manhole/manhole_imagenet (111).jpg,d9601da2f9a29cdcf9d9a5ca24fba70c13416e7a646e0a329b3d1fe019e94688,224,224,,source_train_manhole_candidate,"source train image labelled manhole; image-level candidate only, no boxes"
train::manhole::manhole_imagenet (112).jpg,train,manhole,data/raw/v2/hf_manhole_covers/train/train/manhole/manhole_imagenet (112).jpg,4f711d2493c8474f9d04218f6b7bc1ce918f7b5296b90d60d20f48f710b3a6c4,224,224,,source_train_manhole_candidate,"source train image labelled manhole; image-level candidate only, no boxes"
train::manhole::manhole_imagenet (113).jpg,train,manhole,data/raw/v2/hf_manhole_covers/train/train/manhole/manhole_imagenet (113).jpg,345182adf1b1f82327c0206f6c78f71e3347fc64f6048961a68aa2ff707fa6b3,224,224,,source_train_manhole_candidate,"source train image labelled manhole; image-level candidate only, no boxes"
train::manhole::manhole_imagenet (114).jpg,train,manhole,data/raw/v2/hf_manhole_covers/train/train/manhole/manhole_imagenet (114).jpg,043d69eb52e88c1dc30d1f3a769608b32454a529952b8c4957452eded4c75dbe,224,224,,source_train_manhole_candidate,"source train image labelled manhole; image-level candidate only, no boxes"
train::manhole::manhole_imagenet (115).jpg,train,manhole,data/raw/v2/hf_manhole_covers/train/train/manhole/manhole_imagenet (115).jpg,f4c26cb7f41372e368921f18723f6295bcb47cdcb1a05de7c33239ef83374f62,224,224,,source_train_manhole_candidate,"source train image labelled manhole; image-level candidate only, no boxes"
train::manhole::manhole_imagenet (116).jpg,train,manhole,data/raw/v2/hf_manhole_covers/train/train/manhole/manhole_imagenet (116).jpg,b4f447764cf349837c6960424efa5c02aff2a8a88c40854dc739867e80901655,224,224,,source_train_manhole_candidate,"source train image labelled manhole; image-level candidate only, no boxes"
train::manhole::manhole_imagenet (117).jpg,train,manhole,data/raw/v2/hf_manhole_covers/train/train/manhole/manhole_imagenet (117).jpg,85587b38ffadfb4c9730fd15f94256e65805eb5d2c62e0ca8736701249a1513b,224,224,,source_train_manhole_candidate,"source train image labelled manhole; image-level candidate only, no boxes"
train::manhole::manhole_imagenet (118).jpg,train,manhole,data/raw/v2/hf_manhole_covers/train/train/manhole/manhole_imagenet (118).jpg,4f4ce4eeb9d53138a2f14b1cfecb360a5261917575daa17abf2c4103445c0eb5,224,224,,source_train_manhole_candidate,"source train image labelled manhole; image-level candidate only, no boxes"
train::manhole::manhole_imagenet (119).jpg,train,manhole,data/raw/v2/hf_manhole_covers/train/train/manhole/manhole_imagenet (119).jpg,ada5c28c851c1febfa5ade6295ec5be8a45af7eed5f5b1c6c24b3a2159cbfac3,224,224,,source_train_manhole_candidate,"source train image labelled manhole; image-level candidate only, no boxes"
train::manhole::manhole_imagenet (12).jpg,train,manhole,data/raw/v2/hf_manhole_covers/train/train/manhole/manhole_imagenet (12).jpg,869e24993759e703aac22c5ff4b7c19f3dc9a84262a2367b6721b000902df972,224,224,,source_train_manhole_candidate,"source train image labelled manhole; image-level candidate only, no boxes"
train::manhole::manhole_imagenet (120).jpg,train,manhole,data/raw/v2/hf_manhole_covers/train/train/manhole/manhole_imagenet (120).jpg,e3a7e6bf462510f4f0756ae2753a7c41a7b370ddef960a8ed0e8e8f0408891f4,224,224,,source_train_manhole_candidate,"source train image labelled manhole; image-level candidate only, no boxes"
train::manhole::manhole_imagenet (121).jpg,train,manhole,data/raw/v2/hf_manhole_covers/train/train/manhole/manhole_imagenet (121).jpg,b836d837dd25585c0899105a978e29530c697296179d2356068ad4fa20f381c5,224,224,,source_train_manhole_candidate,"source train image labelled manhole; image-level candidate only, no boxes"
train::manhole::manhole_imagenet (122).jpg,train,manhole,data/raw/v2/hf_manhole_covers/train/train/manhole/manhole_imagenet (122).jpg,dd0bd1e3ddd4c1640000ddcc1e1ea75bb7f7ed8062c05abca4540c29c053b08c,224,224,,source_train_manhole_candidate,"source train image labelled manhole; image-level candidate only, no boxes"
train::manhole::manhole_imagenet (123).jpg,train,manhole,data/raw/v2/hf_manhole_covers/train/train/manhole/manhole_imagenet (123).jpg,02f00bbda19b76176c965ec4f154d02b54232335e70554af22f5909b9bad2cd7,224,224,,source_train_manhole_candidate,"source train image labelled manhole; image-level candidate only, no boxes"
train::manhole::manhole_imagenet (124).jpg,train,manhole,data/raw/v2/hf_manhole_covers/train/train/manhole/manhole_imagenet (124).jpg,2d5a75348148fa8b3a1952012827e6dce840a3cd8040273e559c5a3bfe0dbe4a,224,224,,source_train_manhole_candidate,"source train image labelled manhole; image-level candidate only, no boxes"
train::manhole::manhole_imagenet (125).jpg,train,manhole,data/raw/v2/hf_manhole_covers/train/train/manhole/manhole_imagenet (125).jpg,d7dfcff9dbb210bbef9922233aaf1e714b9e93dbd310b75ae119f870e384806b,224,224,,source_train_manhole_candidate,"source train image labelled manhole; image-level candidate only, no boxes"
train::manhole::manhole_imagenet (126).jpg,train,manhole,data/raw/v2/hf_manhole_covers/train/train/manhole/manhole_imagenet (126).jpg,eecc52d405cf3ee720c139f9d4baf2682a4d0aef26abc843337171286635b4a7,224,224,,source_train_manhole_candidate,"source train image labelled manhole; image-level candidate only, no boxes"
train::manhole::manhole_imagenet (127).jpg,train,manhole,data/raw/v2/hf_manhole_covers/train/train/manhole/manhole_imagenet (127).jpg,9cb5b9b6d9ff462df593c77a2bdfaf8dc668b442c8ad8c91136cee660d81507a,224,224,,source_train_manhole_candidate,"source train image labelled manhole; image-level candidate only, no boxes"
train::manhole::manhole_imagenet (128).jpg,train,manhole,data/raw/v2/hf_manhole_covers/train/train/manhole/manhole_imagenet (128).jpg,4519233d21bead8fb2c74c9d975931c360deef95a4cdb402178c7062e046bf0c,224,224,,source_train_manhole_candidate,"source train image labelled manhole; image-level candidate only, no boxes"
train::manhole::manhole_imagenet (129).jpg,train,manhole,data/raw/v2/hf_manhole_covers/train/train/manhole/manhole_imagenet (129).jpg,f84c4fcf82de0f8f6d577c528d7fd33857196e0a90e94b3d442c9afae265ed0f,224,224,,source_train_manhole_candidate,"source train image labelled manhole; image-level candidate only, no boxes"
train::manhole::manhole_imagenet (13).jpg,train,manhole,data/raw/v2/hf_manhole_covers/train/train/manhole/manhole_imagenet (13).jpg,1e2f7af334dfb904fe8265649283616dd2b7eb16075f6614048a94c7fc954007,224,224,,source_train_manhole_candidate,"source train image labelled manhole; image-level candidate only, no boxes"
train::manhole::manhole_imagenet (130).jpg,train,manhole,data/raw/v2/hf_manhole_covers/train/train/manhole/manhole_imagenet (130).jpg,5e14f7e55e71162b199e67f77255ea11c63f9f4877b9373715c1147d9e254844,224,224,,source_train_manhole_candidate,"source train image labelled manhole; image-level candidate only, no boxes"
train::manhole::manhole_imagenet (131).jpg,train,manhole,data/raw/v2/hf_manhole_covers/train/train/manhole/manhole_imagenet (131).jpg,868c653327af9af604dc2e255eaa219c34491adbcaea1a9b56c49a3b8d2ad0ba,224,224,,source_train_manhole_candidate,"source train image labelled manhole; image-level candidate only, no boxes"
train::manhole::manhole_imagenet (132).jpg,train,manhole,data/raw/v2/hf_manhole_covers/train/train/manhole/manhole_imagenet (132).jpg,b2d77b9c1d06e9430260c86fa5e9b21eae5c1f5e52d39691f86ac60162b4d146,224,224,,source_train_manhole_candidate,"source train image labelled manhole; image-level candidate only, no boxes"
train::manhole::manhole_imagenet (133).jpg,train,manhole,data/raw/v2/hf_manhole_covers/train/train/manhole/manhole_imagenet (133).jpg,59597f60d6f27dcfa6e02796ab25085e1d7ba63894683fda57eda1b679c01e9e,224,224,,source_train_manhole_candidate,"source train image labelled manhole; image-level candidate only, no boxes"
train::manhole::manhole_imagenet (134).jpg,train,manhole,data/raw/v2/hf_manhole_covers/train/train/manhole/manhole_imagenet (134).jpg,fba6d64235bab09a490c0f43219cbfac8caf1eb379e29926d205d0420fb23ba4,224,224,,source_train_manhole_candidate,"source train image labelled manhole; image-level candidate only, no boxes"
train::manhole::manhole_imagenet (135).jpg,train,manhole,data/raw/v2/hf_manhole_covers/train/train/manhole/manhole_imagenet (135).jpg,76fc265c0e75d1fe7a300e5da09d0f2f9e094c741ddafceafcf287aea428bfe9,224,224,,source_train_manhole_candidate,"source train image labelled manhole; image-level candidate only, no boxes"
train::manhole::manhole_imagenet (136).jpg,train,manhole,data/raw/v2/hf_manhole_covers/train/train/manhole/manhole_imagenet (136).jpg,f39e4a1708e129ad25f41a382a39c16f4bc293e98486b7f920d7921d34bd5caa,224,224,,source_train_manhole_candidate,"source train image labelled manhole; image-level candidate only, no boxes"
train::manhole::manhole_imagenet (137).jpg,train,manhole,data/raw/v2/hf_manhole_covers/train/train/manhole/manhole_imagenet (137).jpg,ded0f009c7e4ee653480a32bcc41429f8fe7abcc556030a02a5656e16ad3a1d8,224,224,,source_train_manhole_candidate,"source train image labelled manhole; image-level candidate only, no boxes"
train::manhole::manhole_imagenet (138).jpg,train,manhole,data/raw/v2/hf_manhole_covers/train/train/manhole/manhole_imagenet (138).jpg,791ac1077f8895f9ce566b9f39b77e0f3b95af094f34c17c5d1829c9b816e9ae,224,224,,source_train_manhole_candidate,"source train image labelled manhole; image-level candidate only, no boxes"
train::manhole::manhole_imagenet (139).jpg,train,manhole,data/raw/v2/hf_manhole_covers/train/train/manhole/manhole_imagenet (139).jpg,0e762e4253c152a587e59ac2b3d76cd348afb4dfc8dc04068e3c0e0d02e70b92,224,224,,source_train_manhole_candidate,"source train image labelled manhole; image-level candidate only, no boxes"
train::manhole::manhole_imagenet (14).jpg,train,manhole,data/raw/v2/hf_manhole_covers/train/train/manhole/manhole_imagenet (14).jpg,012eaa5a81c0974ebefd4212671caa2a26d29a66dae2e4a8a341e92ee81f9a71,224,224,,source_train_manhole_candidate,"source train image labelled manhole; image-level candidate only, no boxes"
train::manhole::manhole_imagenet (140).jpg,train,manhole,data/raw/v2/hf_manhole_covers/train/train/manhole/manhole_imagenet (140).jpg,63b3273005dad879be707265a7f6409e7979d1a55af18b21530ce981b7a79d5e,224,224,,source_train_manhole_candidate,"source train image labelled manhole; image-level candidate only, no boxes"
train::manhole::manhole_imagenet (141).jpg,train,manhole,data/raw/v2/hf_manhole_covers/train/train/manhole/manhole_imagenet (141).jpg,ead9983c41c61d2c9bb303a745634ac06b21cce0c9bd9d424c1b9a99a669ee9b,224,224,,source_train_manhole_candidate,"source train image labelled manhole; image-level candidate only, no boxes"
train::manhole::manhole_imagenet (142).jpg,train,manhole,data/raw/v2/hf_manhole_covers/train/train/manhole/manhole_imagenet (142).jpg,fcb308d9db8f5844a217ca1ee92f27b984b80426155d3e520847724eedc85404,224,224,,source_train_manhole_candidate,"source train image labelled manhole; image-level candidate only, no boxes"
train::manhole::manhole_imagenet (143).jpg,train,manhole,data/raw/v2/hf_manhole_covers/train/train/manhole/manhole_imagenet (143).jpg,a65dcbc6d28511cf1749559dd45d660825af41bab719f1d4a244049113d056fb,224,224,,source_train_manhole_candidate,"source train image labelled manhole; image-level candidate only, no boxes"
train::manhole::manhole_imagenet (144).jpg,train,manhole,data/raw/v2/hf_manhole_covers/train/train/manhole/manhole_imagenet (144).jpg,ffb05068382eace526cc50e4e3a85568bd5875238986ce21c1a58ea2c9db1b3a,224,224,,source_train_manhole_candidate,"source train image labelled manhole; image-level candidate only, no boxes"
train::manhole::manhole_imagenet (145).jpg,train,manhole,data/raw/v2/hf_manhole_covers/train/train/manhole/manhole_imagenet (145).jpg,662f5b7a53e0dd81b6af1c4ef4f941a18c55ea71b76c4f43f68b97b7016fb38f,224,224,,source_train_manhole_candidate,"source train image labelled manhole; image-level candidate only, no boxes"
train::manhole::manhole_imagenet (146).jpg,train,manhole,data/raw/v2/hf_manhole_covers/train/train/manhole/manhole_imagenet (146).jpg,dfd7ca9b0ed17213c7cd6648ccaf05a3ec198c8f729734cc7bc4f32148f70632,224,224,,source_train_manhole_candidate,"source train image labelled manhole; image-level candidate only, no boxes"
train::manhole::manhole_imagenet (147).jpg,train,manhole,data/raw/v2/hf_manhole_covers/train/train/manhole/manhole_imagenet (147).jpg,eb45633a09756496b94da9591f191da58181aab51c9b258f664b91255b3e849e,224,224,,source_train_manhole_candidate,"source train image labelled manhole; image-level candidate only, no boxes"
train::manhole::manhole_imagenet (148).jpg,train,manhole,data/raw/v2/hf_manhole_covers/train/train/manhole/manhole_imagenet (148).jpg,c91aa337cfaab8a39edc12db43e299fc52653eda2209b2e8759849dd3aa8c6d2,224,224,,source_train_manhole_candidate,"source train image labelled manhole; image-level candidate only, no boxes"
train::manhole::manhole_imagenet (149).jpg,train,manhole,data/raw/v2/hf_manhole_covers/train/train/manhole/manhole_imagenet (149).jpg,dcfc9e9ae9d990a2a8d8bfec6d82f420a185f7b2ee587965a9f2a4a38cdacf6f,224,224,,source_train_manhole_candidate,"source train image labelled manhole; image-level candidate only, no boxes"
train::manhole::manhole_imagenet (15).jpg,train,manhole,data/raw/v2/hf_manhole_covers/train/train/manhole/manhole_imagenet (15).jpg,29a4581f51f6aca071819d8e32af88ef2084912365169bdca72dfa466b1bf790,224,224,,source_train_manhole_candidate,"source train image labelled manhole; image-level candidate only, no boxes"
train::manhole::manhole_imagenet (150).jpg,train,manhole,data/raw/v2/hf_manhole_covers/train/train/manhole/manhole_imagenet (150).jpg,22d7d02061ca863c8815c32742d13e05ded01fb848321133196d35db1327b945,224,224,,source_train_manhole_candidate,"source train image labelled manhole; image-level candidate only, no boxes"
train::manhole::manhole_imagenet (151).jpg,train,manhole,data/raw/v2/hf_manhole_covers/train/train/manhole/manhole_imagenet (151).jpg,021e91d7dfa4d8c052f211d0c587b63e654d76c3fdcfba00c0e03a4742694f72,224,224,,source_train_manhole_candidate,"source train image labelled manhole; image-level candidate only, no boxes"
train::manhole::manhole_imagenet (152).jpg,train,manhole,data/raw/v2/hf_manhole_covers/train/train/manhole/manhole_imagenet (152).jpg,d501e77321946408c4127f01c36a1fb370c3238fe0af315d83253c3fdae2a795,224,224,,source_train_manhole_candidate,"source train image labelled manhole; image-level candidate only, no boxes"
train::manhole::manhole_imagenet (153).jpg,train,manhole,data/raw/v2/hf_manhole_covers/train/train/manhole/manhole_imagenet (153).jpg,ca6ee8f927f5640539adf5abd235f5a996ae98eee29f74349e948d2c6707e147,224,224,,source_train_manhole_candidate,"source train image labelled manhole; image-level candidate only, no boxes"
train::manhole::manhole_imagenet (154).jpg,train,manhole,data/raw/v2/hf_manhole_covers/train/train/manhole/manhole_imagenet (154).jpg,5d11bcd4d9dc415243c230c33aed0db28e4691349f4364cf4bd5d9a10ab77775,224,224,,source_train_manhole_candidate,"source train image labelled manhole; image-level candidate only, no boxes"
train::manhole::manhole_imagenet (155).jpg,train,manhole,data/raw/v2/hf_manhole_covers/train/train/manhole/manhole_imagenet (155).jpg,7def1ed38fc3f8427e9ca211dc886c7afd2681f337be04f23da8054ca5d10d08,224,224,,source_train_manhole_candidate,"source train image labelled manhole; image-level candidate only, no boxes"
train::manhole::manhole_imagenet (156).jpg,train,manhole,data/raw/v2/hf_manhole_covers/train/train/manhole/manhole_imagenet (156).jpg,c981287be8ddb1cf46ce4672eca059790bd51585f2381fa530ab3e578e42881e,224,224,,source_train_manhole_candidate,"source train image labelled manhole; image-level candidate only, no boxes"
train::manhole::manhole_imagenet (157).jpg,train,manhole,data/raw/v2/hf_manhole_covers/train/train/manhole/manhole_imagenet (157).jpg,aa2cc0db5e77cf3d27193c24a07785fcca5be4f76dce349e33925faadbbe65ea,224,224,,source_train_manhole_candidate,"source train image labelled manhole; image-level candidate only, no boxes"
train::manhole::manhole_imagenet (158).jpg,train,manhole,data/raw/v2/hf_manhole_covers/train/train/manhole/manhole_imagenet (158).jpg,dd5302ce3c96307f313e53b8eb3e6812d65b0fb1c2db396150ab6f920a5bcaba,224,224,,source_train_manhole_candidate,"source train image labelled manhole; image-level candidate only, no boxes"
train::manhole::manhole_imagenet (159).jpg,train,manhole,data/raw/v2/hf_manhole_covers/train/train/manhole/manhole_imagenet (159).jpg,70a5774cb6151feb515fa3df74d305530054755382ab496e4979791c3118e962,224,224,,source_train_manhole_candidate,"source train image labelled manhole; image-level candidate only, no boxes"
train::manhole::manhole_imagenet (16).jpg,train,manhole,data/raw/v2/hf_manhole_covers/train/train/manhole/manhole_imagenet (16).jpg,21b38e1115d1be549b870e80c02c908f1f548548981589706446946f5314a2dc,224,224,,source_train_manhole_candidate,"source train image labelled manhole; image-level candidate only, no boxes"
train::manhole::manhole_imagenet (160).jpg,train,manhole,data/raw/v2/hf_manhole_covers/train/train/manhole/manhole_imagenet (160).jpg,d0143a20e413eb5607772d9a2f0fd869e0f08c86188478250edc616b3c73e7d0,224,224,,source_train_manhole_candidate,"source train image labelled manhole; image-level candidate only, no boxes"
train::manhole::manhole_imagenet (161).jpg,train,manhole,data/raw/v2/hf_manhole_covers/train/train/manhole/manhole_imagenet (161).jpg,6a1c9adb3adf4c0f776aafd96808b4bfb004163621074caf6e1a4ce1f6f84403,224,224,,source_train_manhole_candidate,"source train image labelled manhole; image-level candidate only, no boxes"
train::manhole::manhole_imagenet (162).jpg,train,manhole,data/raw/v2/hf_manhole_covers/train/train/manhole/manhole_imagenet (162).jpg,037907c35b279f2a0e3e6d2c196bf3b30cb1b043dc4d8037ab5901ac0b9231a4,224,224,,source_train_manhole_candidate,"source train image labelled manhole; image-level candidate only, no boxes"
train::manhole::manhole_imagenet (163).jpg,train,manhole,data/raw/v2/hf_manhole_covers/train/train/manhole/manhole_imagenet (163).jpg,3a08a7432a4d236a1c8243f0e4b4e244bc9a382d3e1e32d20c798504c0687bee,224,224,,source_train_manhole_candidate,"source train image labelled manhole; image-level candidate only, no boxes"
train::manhole::manhole_imagenet (164).jpg,train,manhole,data/raw/v2/hf_manhole_covers/train/train/manhole/manhole_imagenet (164).jpg,248bca88ee84b8d17890ceff652248a5d9d5ae8e0462e204b9a5c1b8811cb108,224,224,,source_train_manhole_candidate,"source train image labelled manhole; image-level candidate only, no boxes"
train::manhole::manhole_imagenet (165).jpg,train,manhole,data/raw/v2/hf_manhole_covers/train/train/manhole/manhole_imagenet (165).jpg,82d17d0c4c97892004ec169db2e9f60512659c51f4830b89e6e2cab6da29c15e,224,224,,source_train_manhole_candidate,"source train image labelled manhole; image-level candidate only, no boxes"
train::manhole::manhole_imagenet (166).jpg,train,manhole,data/raw/v2/hf_manhole_covers/train/train/manhole/manhole_imagenet (166).jpg,8820b055fd31ef3030a2c3a2c86c3d9119116b6645b74ee369a3b484c2f4b999,224,224,,source_train_manhole_candidate,"source train image labelled manhole; image-level candidate only, no boxes"
train::manhole::manhole_imagenet (167).jpg,train,manhole,data/raw/v2/hf_manhole_covers/train/train/manhole/manhole_imagenet (167).jpg,cf43c7b514ae5a7e5dd2bfa0aba5c7fc4808106cadb963fb251790890dbaaf21,224,224,,source_train_manhole_candidate,"source train image labelled manhole; image-level candidate only, no boxes"
train::manhole::manhole_imagenet (168).jpg,train,manhole,data/raw/v2/hf_manhole_covers/train/train/manhole/manhole_imagenet (168).jpg,9aa4ae77027ea29ce53ec29cfbb37bb2f6f55068c56811ce7d70a19e2ba2d4aa,224,224,,source_train_manhole_candidate,"source train image labelled manhole; image-level candidate only, no boxes"
train::manhole::manhole_imagenet (169).jpg,train,manhole,data/raw/v2/hf_manhole_covers/train/train/manhole/manhole_imagenet (169).jpg,ad459e6df0648c4fb5647f8d51e9d2a846430dd3318a9d6a7d8cf9b21d8754c2,224,224,,source_train_manhole_candidate,"source train image labelled manhole; image-level candidate only, no boxes"
train::manhole::manhole_imagenet (17).jpg,train,manhole,data/raw/v2/hf_manhole_covers/train/train/manhole/manhole_imagenet (17).jpg,2ee70cf81508e317b7aade611f3cfe2b32d4f525a4b458662d2c07b17387463d,224,224,,source_train_manhole_candidate,"source train image labelled manhole; image-level candidate only, no boxes"
train::manhole::manhole_imagenet (170).jpg,train,manhole,data/raw/v2/hf_manhole_covers/train/train/manhole/manhole_imagenet (170).jpg,f6007bb8ab213672686571025ad705ea98dab647556259705e6ff7c1c1f6cdd8,224,224,,source_train_manhole_candidate,"source train image labelled manhole; image-level candidate only, no boxes"
train::manhole::manhole_imagenet (171).jpg,train,manhole,data/raw/v2/hf_manhole_covers/train/train/manhole/manhole_imagenet (171).jpg,42f7d05cab556976b94873d49140471a1ac7939d5cf6b296ad2e68056f6786df,224,224,,source_train_manhole_candidate,"source train image labelled manhole; image-level candidate only, no boxes"
train::manhole::manhole_imagenet (172).jpg,train,manhole,data/raw/v2/hf_manhole_covers/train/train/manhole/manhole_imagenet (172).jpg,5a8cf983415be310172bf3f3b6ff8d66db8d112f9052717d32b2a35c0ca5e248,224,224,,source_train_manhole_candidate,"source train image labelled manhole; image-level candidate only, no boxes"
train::manhole::manhole_imagenet (173).jpg,train,manhole,data/raw/v2/hf_manhole_covers/train/train/manhole/manhole_imagenet (173).jpg,c42d8d1162797201381d8e06d35a22d9b55cec2779b726e6238e694370e17677,224,224,,source_train_manhole_candidate,"source train image labelled manhole; image-level candidate only, no boxes"
train::manhole::manhole_imagenet (174).jpg,train,manhole,data/raw/v2/hf_manhole_covers/train/train/manhole/manhole_imagenet (174).jpg,4b68320e9460c18d16126b1004568edada302e0d96bece5395b7b6696c617699,224,224,,source_train_manhole_candidate,"source train image labelled manhole; image-level candidate only, no boxes"
train::manhole::manhole_imagenet (175).jpg,train,manhole,data/raw/v2/hf_manhole_covers/train/train/manhole/manhole_imagenet (175).jpg,424d23afee3b19a83c26d8c22bd94c02c1a6ba4606c2855f82f2272a48bc6e29,224,224,,source_train_manhole_candidate,"source train image labelled manhole; image-level candidate only, no boxes"
train::manhole::manhole_imagenet (176).jpg,train,manhole,data/raw/v2/hf_manhole_covers/train/train/manhole/manhole_imagenet (176).jpg,319962f68a8ec18ed5024970f7b121d2be4d66001a0d16edc7c4f25fedd283b3,224,224,,source_train_manhole_candidate,"source train image labelled manhole; image-level candidate only, no boxes"
train::manhole::manhole_imagenet (177).jpg,train,manhole,data/raw/v2/hf_manhole_covers/train/train/manhole/manhole_imagenet (177).jpg,523d96bf620f4948db812a528b68016646bed52c41a77473ec7a766a156bd553,224,224,,source_train_manhole_candidate,"source train image labelled manhole; image-level candidate only, no boxes"
train::manhole::manhole_imagenet (178).jpg,train,manhole,data/raw/v2/hf_manhole_covers/train/train/manhole/manhole_imagenet (178).jpg,e9710787e332e9d071bf26e65358ed1cf76406bcfbfb7c53c689e409a6a6c77c,224,224,,source_train_manhole_candidate,"source train image labelled manhole; image-level candidate only, no boxes"
train::manhole::manhole_imagenet (179).jpg,train,manhole,data/raw/v2/hf_manhole_covers/train/train/manhole/manhole_imagenet (179).jpg,bf03e0efba6bf6b6602a5f4e349f8adb040568cf485cbe8b3f01b050d9889a09,224,224,,source_train_manhole_candidate,"source train image labelled manhole; image-level candidate only, no boxes"
train::manhole::manhole_imagenet (18).jpg,train,manhole,data/raw/v2/hf_manhole_covers/train/train/manhole/manhole_imagenet (18).jpg,4db0d6e60b6f2fb81b9233f4052b49fdeee3a1418c2915b0a9f89d142c24ddd8,224,224,,source_train_manhole_candidate,"source train image labelled manhole; image-level candidate only, no boxes"
train::manhole::manhole_imagenet (180).jpg,train,manhole,data/raw/v2/hf_manhole_covers/train/train/manhole/manhole_imagenet (180).jpg,becdd74a0990fa1633a4965cef385e9885a3739675518beafa771074f82301f0,224,224,,source_train_manhole_candidate,"source train image labelled manhole; image-level candidate only, no boxes"
train::manhole::manhole_imagenet (181).jpg,train,manhole,data/raw/v2/hf_manhole_covers/train/train/manhole/manhole_imagenet (181).jpg,e56d59e257eef60699bec0d7663f0c150f0f19434351624889e588400a141057,224,224,,source_train_manhole_candidate,"source train image labelled manhole; image-level candidate only, no boxes"
train::manhole::manhole_imagenet (182).jpg,train,manhole,data/raw/v2/hf_manhole_covers/train/train/manhole/manhole_imagenet (182).jpg,268310a5f4ee79a9d0bba0325e5d8c1fcf36fe703e8c6c21c39d1986a85da8e8,224,224,,source_train_manhole_candidate,"source train image labelled manhole; image-level candidate only, no boxes"
train::manhole::manhole_imagenet (183).jpg,train,manhole,data/raw/v2/hf_manhole_covers/train/train/manhole/manhole_imagenet (183).jpg,ce2a1b98cdcbce96b8a57e79bb744f6ff1e952657ac8112c38a6069b3ccddf5f,224,224,,source_train_manhole_candidate,"source train image labelled manhole; image-level candidate only, no boxes"
train::manhole::manhole_imagenet (184).jpg,train,manhole,data/raw/v2/hf_manhole_covers/train/train/manhole/manhole_imagenet (184).jpg,58c136c2c512ad9888064c21196eeef3f335ec66f9c508b485f671c97a8f5feb,224,224,,source_train_manhole_candidate,"source train image labelled manhole; image-level candidate only, no boxes"
train::manhole::manhole_imagenet (185).jpg,train,manhole,data/raw/v2/hf_manhole_covers/train/train/manhole/manhole_imagenet (185).jpg,951b98ff45d4253670ae6d976c18ea7ad5683383c6bfdf65cdd4837df6bb9867,224,224,,source_train_manhole_candidate,"source train image labelled manhole; image-level candidate only, no boxes"
train::manhole::manhole_imagenet (186).jpg,train,manhole,data/raw/v2/hf_manhole_covers/train/train/manhole/manhole_imagenet (186).jpg,a195117ac7c4f5e2750218ea862122cbbb928c717d51a1fd70a6889bd90f17f6,224,224,,source_train_manhole_candidate,"source train image labelled manhole; image-level candidate only, no boxes"
train::manhole::manhole_imagenet (187).jpg,train,manhole,data/raw/v2/hf_manhole_covers/train/train/manhole/manhole_imagenet (187).jpg,5fa462b8a9cc29d4e0dd5ce71dbf01328e31153aff89d61f15312215e60229f2,224,224,,source_train_manhole_candidate,"source train image labelled manhole; image-level candidate only, no boxes"
train::manhole::manhole_imagenet (188).jpg,train,manhole,data/raw/v2/hf_manhole_covers/train/train/manhole/manhole_imagenet (188).jpg,21478bb21bd1291d80151ec5f6f3ff5099b85efd6cd1b75e25373b3e8a5d5f3f,224,224,,source_train_manhole_candidate,"source train image labelled manhole; image-level candidate only, no boxes"
train::manhole::manhole_imagenet (189).jpg,train,manhole,data/raw/v2/hf_manhole_covers/train/train/manhole/manhole_imagenet (189).jpg,029d84cfd264b37f631b82635f919a2f3dd69bff21d14fb2c1960e03d2b52b49,224,224,,source_train_manhole_candidate,"source train image labelled manhole; image-level candidate only, no boxes"
train::manhole::manhole_imagenet (19).jpg,train,manhole,data/raw/v2/hf_manhole_covers/train/train/manhole/manhole_imagenet (19).jpg,59ef54684dd5a4139e29d4647df88cb1e1081efe939a482d69220a7aa0f85d82,224,224,,source_train_manhole_candidate,"source train image labelled manhole; image-level candidate only, no boxes"
train::manhole::manhole_imagenet (190).jpg,train,manhole,data/raw/v2/hf_manhole_covers/train/train/manhole/manhole_imagenet (190).jpg,19b713ff5f3db7d3ef3ad467149f818713ff7afa2234a00e48d6fcba0bdbdad7,224,224,,source_train_manhole_candidate,"source train image labelled manhole; image-level candidate only, no boxes"
train::manhole::manhole_imagenet (191).jpg,train,manhole,data/raw/v2/hf_manhole_covers/train/train/manhole/manhole_imagenet (191).jpg,1e3bd550f80f97894000851f29fdfc3bf9d32731348cc6e60e89e7d1ca7dcae6,224,224,,source_train_manhole_candidate,"source train image labelled manhole; image-level candidate only, no boxes"
train::manhole::manhole_imagenet (192).jpg,train,manhole,data/raw/v2/hf_manhole_covers/train/train/manhole/manhole_imagenet (192).jpg,e0935bc5c3a7217331ce005b76c4822bc1e69e228ff44c5b193e76b1999baf3b,224,224,,source_train_manhole_candidate,"source train image labelled manhole; image-level candidate only, no boxes"
train::manhole::manhole_imagenet (193).jpg,train,manhole,data/raw/v2/hf_manhole_covers/train/train/manhole/manhole_imagenet (193).jpg,2e57b741338f9564956682afa3689482ae90148e48f80179ecee4fc6ab07eebf,224,224,,source_train_manhole_candidate,"source train image labelled manhole; image-level candidate only, no boxes"
train::manhole::manhole_imagenet (194).jpg,train,manhole,data/raw/v2/hf_manhole_covers/train/train/manhole/manhole_imagenet (194).jpg,1837f0de2c26f7713f80634cab010f387f0a70e6bab17cd03e9189f395df5d0c,224,224,,source_train_manhole_candidate,"source train image labelled manhole; image-level candidate only, no boxes"
train::manhole::manhole_imagenet (195).jpg,train,manhole,data/raw/v2/hf_manhole_covers/train/train/manhole/manhole_imagenet (195).jpg,7bd0a4b3af2f413f656e39395ba9a87e19d831f2b6e3654473eb66d69ce865d8,224,224,,source_train_manhole_candidate,"source train image labelled manhole; image-level candidate only, no boxes"
train::manhole::manhole_imagenet (196).jpg,train,manhole,data/raw/v2/hf_manhole_covers/train/train/manhole/manhole_imagenet (196).jpg,58d8c966d38b8c1afedacf1ee0b8192c77150bba755be6dd6db52deca713e339,224,224,,source_train_manhole_candidate,"source train image labelled manhole; image-level candidate only, no boxes"
train::manhole::manhole_imagenet (197).jpg,train,manhole,data/raw/v2/hf_manhole_covers/train/train/manhole/manhole_imagenet (197).jpg,21c30dd7d88d857e16cf9a15aef51a899db51cfef483b4bec3a8cc9b2813ad96,224,224,,source_train_manhole_candidate,"source train image labelled manhole; image-level candidate only, no boxes"
train::manhole::manhole_imagenet (198).jpg,train,manhole,data/raw/v2/hf_manhole_covers/train/train/manhole/manhole_imagenet (198).jpg,a29fb31c51994decee480440bd9363c1dcbb7d12356c6c7116ae81f163d4463f,224,224,,source_train_manhole_candidate,"source train image labelled manhole; image-level candidate only, no boxes"
train::manhole::manhole_imagenet (199).jpg,train,manhole,data/raw/v2/hf_manhole_covers/train/train/manhole/manhole_imagenet (199).jpg,779a5f6eac0debc2621e7a716f355e744dc7f493170ab51c6ee028c27dd5848d,224,224,,source_train_manhole_candidate,"source train image labelled manhole; image-level candidate only, no boxes"
train::manhole::manhole_imagenet (20).jpg,train,manhole,data/raw/v2/hf_manhole_covers/train/train/manhole/manhole_imagenet (20).jpg,8d64ebb1c67b60746f55371bfa793d292dcd165e89f4eb4ce6f4b4d990b05abd,224,224,,source_train_manhole_candidate,"source train image labelled manhole; image-level candidate only, no boxes"
train::manhole::manhole_imagenet (200).jpg,train,manhole,data/raw/v2/hf_manhole_covers/train/train/manhole/manhole_imagenet (200).jpg,86d34f5de01b9b3f0e5c6a18e68b3ba16cbae3e1d533d877471a72ea3c8b8fc8,224,224,,source_train_manhole_candidate,"source train image labelled manhole; image-level candidate only, no boxes"
train::manhole::manhole_imagenet (201).jpg,train,manhole,data/raw/v2/hf_manhole_covers/train/train/manhole/manhole_imagenet (201).jpg,715a4802d0ad26a63a646ba8108066d905b5430233d3c40ed353e0ea7c8a0400,224,224,,source_train_manhole_candidate,"source train image labelled manhole; image-level candidate only, no boxes"
train::manhole::manhole_imagenet (202).jpg,train,manhole,data/raw/v2/hf_manhole_covers/train/train/manhole/manhole_imagenet (202).jpg,7295d023f9f1234438f01b6fd74d3765d1f34f005abaedd4ef51dc5d125dfe01,224,224,,source_train_manhole_candidate,"source train image labelled manhole; image-level candidate only, no boxes"
train::manhole::manhole_imagenet (203).jpg,train,manhole,data/raw/v2/hf_manhole_covers/train/train/manhole/manhole_imagenet (203).jpg,e6a7ae85aa14bf1187ca2be5f978b0bba7fa789084a38c6ddb79716f7aa68dc6,224,224,,source_train_manhole_candidate,"source train image labelled manhole; image-level candidate only, no boxes"
train::manhole::manhole_imagenet (204).jpg,train,manhole,data/raw/v2/hf_manhole_covers/train/train/manhole/manhole_imagenet (204).jpg,390b06209c71bd09a03212f6a66198c11bcb48e3431ca6da1be684c5e026b057,224,224,,source_train_manhole_candidate,"source train image labelled manhole; image-level candidate only, no boxes"
train::manhole::manhole_imagenet (205).jpg,train,manhole,data/raw/v2/hf_manhole_covers/train/train/manhole/manhole_imagenet (205).jpg,73dc0dd972e8f89f5bde6d8b788f4a3fab8d2500d7abd8d47b59b35641cc1f52,224,224,,source_train_manhole_candidate,"source train image labelled manhole; image-level candidate only, no boxes"
train::manhole::manhole_imagenet (206).jpg,train,manhole,data/raw/v2/hf_manhole_covers/train/train/manhole/manhole_imagenet (206).jpg,a9082d845df9bcfdb171a736bd6743353d30795b3df54e86f6079b5deb206570,224,224,,source_train_manhole_candidate,"source train image labelled manhole; image-level candidate only, no boxes"
train::manhole::manhole_imagenet (207).jpg,train,manhole,data/raw/v2/hf_manhole_covers/train/train/manhole/manhole_imagenet (207).jpg,ffd29a9fb7a552d181d78fedf83f94176f80fede3a46b87a833bd0a5161bbacf,224,224,,source_train_manhole_candidate,"source train image labelled manhole; image-level candidate only, no boxes"
train::manhole::manhole_imagenet (208).jpg,train,manhole,data/raw/v2/hf_manhole_covers/train/train/manhole/manhole_imagenet (208).jpg,acef4d15cca57997500d2b8f114bb19f592cf32572210512679f48336bf09ab2,224,224,,source_train_manhole_candidate,"source train image labelled manhole; image-level candidate only, no boxes"
train::manhole::manhole_imagenet (209).jpg,train,manhole,data/raw/v2/hf_manhole_covers/train/train/manhole/manhole_imagenet (209).jpg,730d759300894a065d22dd11d9a9201b550b1518b6bbdaf91db81e3245d6aa70,224,224,,source_train_manhole_candidate,"source train image labelled manhole; image-level candidate only, no boxes"
train::manhole::manhole_imagenet (21).jpg,train,manhole,data/raw/v2/hf_manhole_covers/train/train/manhole/manhole_imagenet (21).jpg,ae019930e4321170c5318196006d09093b12589dcbf1055a12c23d42913c7b0c,224,224,,source_train_manhole_candidate,"source train image labelled manhole; image-level candidate only, no boxes"
train::manhole::manhole_imagenet (210).jpg,train,manhole,data/raw/v2/hf_manhole_covers/train/train/manhole/manhole_imagenet (210).jpg,0e9c5f25b2ca471b111e9ffa673903e13662ea246f9c89bf079fb82c0d1fa0ad,224,224,,source_train_manhole_candidate,"source train image labelled manhole; image-level candidate only, no boxes"
train::manhole::manhole_imagenet (211).jpg,train,manhole,data/raw/v2/hf_manhole_covers/train/train/manhole/manhole_imagenet (211).jpg,6eeecd91892f74fa2eae06f58d1528aca65324b6290bb52e28c8da9fdcf315b9,224,224,,source_train_manhole_candidate,"source train image labelled manhole; image-level candidate only, no boxes"
train::manhole::manhole_imagenet (212).jpg,train,manhole,data/raw/v2/hf_manhole_covers/train/train/manhole/manhole_imagenet (212).jpg,3a1694c28f5f8d57b58e8a4277282dc7cfee4d414c7f3f9ca68f6ed1b4ab137a,224,224,,source_train_manhole_candidate,"source train image labelled manhole; image-level candidate only, no boxes"
train::manhole::manhole_imagenet (213).jpg,train,manhole,data/raw/v2/hf_manhole_covers/train/train/manhole/manhole_imagenet (213).jpg,2ed9f37043dbc6346e7c040a3cb9edc43a664e5a3144b9bfb41111dbcb04ce5e,224,224,,source_train_manhole_candidate,"source train image labelled manhole; image-level candidate only, no boxes"
train::manhole::manhole_imagenet (214).jpg,train,manhole,data/raw/v2/hf_manhole_covers/train/train/manhole/manhole_imagenet (214).jpg,ceedfb2830fe00d272563debec673001b7fb351921e8403198ce8e65bca902e5,224,224,,source_train_manhole_candidate,"source train image labelled manhole; image-level candidate only, no boxes"
train::manhole::manhole_imagenet (215).jpg,train,manhole,data/raw/v2/hf_manhole_covers/train/train/manhole/manhole_imagenet (215).jpg,3b47be2888b8617dd9a0ef6e417d627f2693ef9abd438a78b0d2828d33e6c2be,224,224,,source_train_manhole_candidate,"source train image labelled manhole; image-level candidate only, no boxes"
train::manhole::manhole_imagenet (216).jpg,train,manhole,data/raw/v2/hf_manhole_covers/train/train/manhole/manhole_imagenet (216).jpg,f04656865d6de4bf2f4817ea316eba5bff2d519c9e67d4df7e15a5ac857b8d0b,224,224,,source_train_manhole_candidate,"source train image labelled manhole; image-level candidate only, no boxes"
train::manhole::manhole_imagenet (217).jpg,train,manhole,data/raw/v2/hf_manhole_covers/train/train/manhole/manhole_imagenet (217).jpg,a8bac1e864c7d6c6dfc3ef3df401479bb42d356bbb0e73608ba0fc55f1e1a71a,224,224,,source_train_manhole_candidate,"source train image labelled manhole; image-level candidate only, no boxes"
train::manhole::manhole_imagenet (218).jpg,train,manhole,data/raw/v2/hf_manhole_covers/train/train/manhole/manhole_imagenet (218).jpg,81a8ad237754369432047d4f2505cd5e17019699a2262c2d3201e9ce6168bfcd,224,224,,source_train_manhole_candidate,"source train image labelled manhole; image-level candidate only, no boxes"
train::manhole::manhole_imagenet (219).jpg,train,manhole,data/raw/v2/hf_manhole_covers/train/train/manhole/manhole_imagenet (219).jpg,ae35ca977b5cc997aaa7aa64c5f0a5c8616958812d6c84763c969da24ace2c08,224,224,,source_train_manhole_candidate,"source train image labelled manhole; image-level candidate only, no boxes"
train::manhole::manhole_imagenet (22).jpg,train,manhole,data/raw/v2/hf_manhole_covers/train/train/manhole/manhole_imagenet (22).jpg,1569bd26c570f0655da62a7e39c0a10968bfaa65c7a32e6d51afe01edd95de3b,224,224,,source_train_manhole_candidate,"source train image labelled manhole; image-level candidate only, no boxes"
train::manhole::manhole_imagenet (220).jpg,train,manhole,data/raw/v2/hf_manhole_covers/train/train/manhole/manhole_imagenet (220).jpg,746513b3b129686d9ea2d4ff6e3a9c29827f954f26781689ab4ff4f21a3983a2,224,224,,source_train_manhole_candidate,"source train image labelled manhole; image-level candidate only, no boxes"
train::manhole::manhole_imagenet (221).jpg,train,manhole,data/raw/v2/hf_manhole_covers/train/train/manhole/manhole_imagenet (221).jpg,5c2673928523eb346975b6a9764a417d8be8c4ef29c162acc89ac96e464185c5,224,224,,source_train_manhole_candidate,"source train image labelled manhole; image-level candidate only, no boxes"
train::manhole::manhole_imagenet (222).jpg,train,manhole,data/raw/v2/hf_manhole_covers/train/train/manhole/manhole_imagenet (222).jpg,2e9ad30b34b31a1572fdbda8b9c0712e5a22555093a2e93cd91842efbcd6abda,224,224,,source_train_manhole_candidate,"source train image labelled manhole; image-level candidate only, no boxes"
train::manhole::manhole_imagenet (223).jpg,train,manhole,data/raw/v2/hf_manhole_covers/train/train/manhole/manhole_imagenet (223).jpg,38dc0d413ba94d91650958d611f859a170c90c4f13e8a33cddfe385342f40362,224,224,,source_train_manhole_candidate,"source train image labelled manhole; image-level candidate only, no boxes"
train::manhole::manhole_imagenet (224).jpg,train,manhole,data/raw/v2/hf_manhole_covers/train/train/manhole/manhole_imagenet (224).jpg,30bd01fc70d97cb1974c6126988eaf0bc86cca1c54c721e0b28f71ba722b53ee,224,224,,source_train_manhole_candidate,"source train image labelled manhole; image-level candidate only, no boxes"
train::manhole::manhole_imagenet (225).jpg,train,manhole,data/raw/v2/hf_manhole_covers/train/train/manhole/manhole_imagenet (225).jpg,ab25ead19ac02d32ddd0b95b1726b9a00e0b96bb1f54a80da9687cbe6a1b7db9,224,224,,source_train_manhole_candidate,"source train image labelled manhole; image-level candidate only, no boxes"
train::manhole::manhole_imagenet (226).jpg,train,manhole,data/raw/v2/hf_manhole_covers/train/train/manhole/manhole_imagenet (226).jpg,32674d1f945620e69ef2c0d206f4089ca9d75a97bb08365a70bfb75395751709,224,224,,source_train_manhole_candidate,"source train image labelled manhole; image-level candidate only, no boxes"
train::manhole::manhole_imagenet (227).jpg,train,manhole,data/raw/v2/hf_manhole_covers/train/train/manhole/manhole_imagenet (227).jpg,2dee0d70ca37617330c3869d3d0356109f4f215184605b971e302695772f225d,224,224,,source_train_manhole_candidate,"source train image labelled manhole; image-level candidate only, no boxes"
train::manhole::manhole_imagenet (228).jpg,train,manhole,data/raw/v2/hf_manhole_covers/train/train/manhole/manhole_imagenet (228).jpg,f74f7e76c712b7a377dba1903d2d1a1605785bfa2baa3a89c65653cd964d4088,224,224,,source_train_manhole_candidate,"source train image labelled manhole; image-level candidate only, no boxes"
train::manhole::manhole_imagenet (229).jpg,train,manhole,data/raw/v2/hf_manhole_covers/train/train/manhole/manhole_imagenet (229).jpg,ea0d84b41b975eed349f6ce55ef49f49613bcc68bd7d0f97ac0772178b1f49d4,224,224,,source_train_manhole_candidate,"source train image labelled manhole; image-level candidate only, no boxes"
train::manhole::manhole_imagenet (23).jpg,train,manhole,data/raw/v2/hf_manhole_covers/train/train/manhole/manhole_imagenet (23).jpg,48ccd3bc00ffeb5ebe438de92489995081e29270bfa8b13784f5a1f8312e9e3f,224,224,,source_train_manhole_candidate,"source train image labelled manhole; image-level candidate only, no boxes"
train::manhole::manhole_imagenet (230).jpg,train,manhole,data/raw/v2/hf_manhole_covers/train/train/manhole/manhole_imagenet (230).jpg,09ba23cf23e9fba247e762030b82a931cff108d84f4760e35956319645c745ed,224,224,,source_train_manhole_candidate,"source train image labelled manhole; image-level candidate only, no boxes"
train::manhole::manhole_imagenet (231).jpg,train,manhole,data/raw/v2/hf_manhole_covers/train/train/manhole/manhole_imagenet (231).jpg,807f2e43ca018785ab68f96c0f5d724bb2df07f718ed9611c0b0bed2a71cfdff,224,224,,source_train_manhole_candidate,"source train image labelled manhole; image-level candidate only, no boxes"
train::manhole::manhole_imagenet (232).jpg,train,manhole,data/raw/v2/hf_manhole_covers/train/train/manhole/manhole_imagenet (232).jpg,c60fb3a9aba787922f6ad9c3f2ff5874e7cc6f6d310fcec2dac8e300c0b1f0b6,224,224,,source_train_manhole_candidate,"source train image labelled manhole; image-level candidate only, no boxes"
train::manhole::manhole_imagenet (233).jpg,train,manhole,data/raw/v2/hf_manhole_covers/train/train/manhole/manhole_imagenet (233).jpg,8de1f62957f0b29ba55aeb6eadab1109d0829af3152c660387c53cca2789b175,224,224,,source_train_manhole_candidate,"source train image labelled manhole; image-level candidate only, no boxes"
train::manhole::manhole_imagenet (234).jpg,train,manhole,data/raw/v2/hf_manhole_covers/train/train/manhole/manhole_imagenet (234).jpg,0ac92fef493a01bda005bc699705104ba5eae6ae293398f6b1d83c3ca8c568ea,224,224,,source_train_manhole_candidate,"source train image labelled manhole; image-level candidate only, no boxes"
train::manhole::manhole_imagenet (235).jpg,train,manhole,data/raw/v2/hf_manhole_covers/train/train/manhole/manhole_imagenet (235).jpg,5a7198b2edc095a7160dd128f7ad010463adb4b828911cd1914c0bbfd4bd71a4,224,224,,source_train_manhole_candidate,"source train image labelled manhole; image-level candidate only, no boxes"
train::manhole::manhole_imagenet (236).jpg,train,manhole,data/raw/v2/hf_manhole_covers/train/train/manhole/manhole_imagenet (236).jpg,67da5564abb50214ce1b031f3f239b576664fc95f2dc714790e9d6c9a313923b,224,224,,source_train_manhole_candidate,"source train image labelled manhole; image-level candidate only, no boxes"
train::manhole::manhole_imagenet (237).jpg,train,manhole,data/raw/v2/hf_manhole_covers/train/train/manhole/manhole_imagenet (237).jpg,e08415046a62d186a1d2550494fb27257127e405a7ce8678154f1003d08c04f9,224,224,,source_train_manhole_candidate,"source train image labelled manhole; image-level candidate only, no boxes"
train::manhole::manhole_imagenet (238).jpg,train,manhole,data/raw/v2/hf_manhole_covers/train/train/manhole/manhole_imagenet (238).jpg,54af6b83c752d1fd3fa4fe4cd373c2c6cf25bed7f10e32d5076c07344dff8f16,224,224,,source_train_manhole_candidate,"source train image labelled manhole; image-level candidate only, no boxes"
train::manhole::manhole_imagenet (239).jpg,train,manhole,data/raw/v2/hf_manhole_covers/train/train/manhole/manhole_imagenet (239).jpg,fc96371a40ec4a6ff0a4e43ad3780d500c953f8cb86783238f98c337d0c08f8d,224,224,,source_train_manhole_candidate,"source train image labelled manhole; image-level candidate only, no boxes"
train::manhole::manhole_imagenet (24).jpg,train,manhole,data/raw/v2/hf_manhole_covers/train/train/manhole/manhole_imagenet (24).jpg,0e9c561da40bc485a4e2b62a46705c2ef19291b16735a3245ca36e1cca5ee596,224,224,,source_train_manhole_candidate,"source train image labelled manhole; image-level candidate only, no boxes"
train::manhole::manhole_imagenet (240).jpg,train,manhole,data/raw/v2/hf_manhole_covers/train/train/manhole/manhole_imagenet (240).jpg,b7cd8fcddcf13dff3872105cfe6556bc105f12416a7433453e030231b297ecac,224,224,,source_train_manhole_candidate,"source train image labelled manhole; image-level candidate only, no boxes"
train::manhole::manhole_imagenet (241).jpg,train,manhole,data/raw/v2/hf_manhole_covers/train/train/manhole/manhole_imagenet (241).jpg,d152705d46fdeb4303d50bc869c80945c91fc51207e8844e279ecb0b43a5ede9,224,224,,source_train_manhole_candidate,"source train image labelled manhole; image-level candidate only, no boxes"
train::manhole::manhole_imagenet (242).jpg,train,manhole,data/raw/v2/hf_manhole_covers/train/train/manhole/manhole_imagenet (242).jpg,49ea61abf2a938de398231aafe5d71164226873b688c7d545946558add294282,224,224,,source_train_manhole_candidate,"source train image labelled manhole; image-level candidate only, no boxes"
train::manhole::manhole_imagenet (243).jpg,train,manhole,data/raw/v2/hf_manhole_covers/train/train/manhole/manhole_imagenet (243).jpg,b2945ee9e28e9b16d4605465b7b4d4af41e3a53eff426e35d670a9375de7e91d,224,224,,source_train_manhole_candidate,"source train image labelled manhole; image-level candidate only, no boxes"
train::manhole::manhole_imagenet (244).jpg,train,manhole,data/raw/v2/hf_manhole_covers/train/train/manhole/manhole_imagenet (244).jpg,851b9f8e1edafbd982a0a8813fd8b29c43d290f6211b5b933c34bb68f404203f,224,224,,source_train_manhole_candidate,"source train image labelled manhole; image-level candidate only, no boxes"
train::manhole::manhole_imagenet (245).jpg,train,manhole,data/raw/v2/hf_manhole_covers/train/train/manhole/manhole_imagenet (245).jpg,b10b37af8f5bcbd4a547a248956990f45a4a587fdae1bf7247827f7f1e897085,224,224,,source_train_manhole_candidate,"source train image labelled manhole; image-level candidate only, no boxes"
train::manhole::manhole_imagenet (246).jpg,train,manhole,data/raw/v2/hf_manhole_covers/train/train/manhole/manhole_imagenet (246).jpg,98f7f4d79a5d01784b1ea7308f0895d145b74bd1f77016c2946048b691aa7292,224,224,,source_train_manhole_candidate,"source train image labelled manhole; image-level candidate only, no boxes"
train::manhole::manhole_imagenet (247).jpg,train,manhole,data/raw/v2/hf_manhole_covers/train/train/manhole/manhole_imagenet (247).jpg,8770807e54233af7c488226064c6c5cdf5f831ab38da576eb358918e6cc16ccd,224,224,,source_train_manhole_candidate,"source train image labelled manhole; image-level candidate only, no boxes"
train::manhole::manhole_imagenet (248).jpg,train,manhole,data/raw/v2/hf_manhole_covers/train/train/manhole/manhole_imagenet (248).jpg,b513b9c2151332e986e9bd9d1dc14dedf511e3ac445a8db36d266320a1ce5e2e,224,224,,source_train_manhole_candidate,"source train image labelled manhole; image-level candidate only, no boxes"
train::manhole::manhole_imagenet (249).jpg,train,manhole,data/raw/v2/hf_manhole_covers/train/train/manhole/manhole_imagenet (249).jpg,3e6c975428ab32f1be5cd19189774a6826b2a220f2298d693997ed0cc1840892,224,224,,source_train_manhole_candidate,"source train image labelled manhole; image-level candidate only, no boxes"
train::manhole::manhole_imagenet (25).jpg,train,manhole,data/raw/v2/hf_manhole_covers/train/train/manhole/manhole_imagenet (25).jpg,f6d5e31463f725621757fb4c064b50ed7e399708ca7c9366949f72e8246c1043,224,224,,source_train_manhole_candidate,"source train image labelled manhole; image-level candidate only, no boxes"
train::manhole::manhole_imagenet (250).jpg,train,manhole,data/raw/v2/hf_manhole_covers/train/train/manhole/manhole_imagenet (250).jpg,0bba09cbbe285c12799ca475d4c956e0378b1dbc31615820f869f3c3ee7520d6,224,224,,source_train_manhole_candidate,"source train image labelled manhole; image-level candidate only, no boxes"
train::manhole::manhole_imagenet (251).jpg,train,manhole,data/raw/v2/hf_manhole_covers/train/train/manhole/manhole_imagenet (251).jpg,ae20dab59fdaa21182e772531dddbc1b2a649b556008fd85f519f181f41c76b8,224,224,,source_train_manhole_candidate,"source train image labelled manhole; image-level candidate only, no boxes"
train::manhole::manhole_imagenet (252).jpg,train,manhole,data/raw/v2/hf_manhole_covers/train/train/manhole/manhole_imagenet (252).jpg,3b238944b94c9b17a337d23e7f5fd1381c6aeb3f0912ab326e8dddec46109f34,224,224,,source_train_manhole_candidate,"source train image labelled manhole; image-level candidate only, no boxes"
train::manhole::manhole_imagenet (253).jpg,train,manhole,data/raw/v2/hf_manhole_covers/train/train/manhole/manhole_imagenet (253).jpg,8c7ea3ae826e6df5175664c736b38d47af2894979c0fb2c13772861cb21cf34d,224,224,,source_train_manhole_candidate,"source train image labelled manhole; image-level candidate only, no boxes"
train::manhole::manhole_imagenet (254).jpg,train,manhole,data/raw/v2/hf_manhole_covers/train/train/manhole/manhole_imagenet (254).jpg,f9f6961a686044e89afae5308f46be00a584b8b620a6c9b07bbe40aae6251cae,224,224,,source_train_manhole_candidate,"source train image labelled manhole; image-level candidate only, no boxes"
train::manhole::manhole_imagenet (255).jpg,train,manhole,data/raw/v2/hf_manhole_covers/train/train/manhole/manhole_imagenet (255).jpg,45a5b9ab8ad626d312db1ba4e523518bbde202b600855772dee0df597363d29e,224,224,,source_train_manhole_candidate,"source train image labelled manhole; image-level candidate only, no boxes"
train::manhole::manhole_imagenet (256).jpg,train,manhole,data/raw/v2/hf_manhole_covers/train/train/manhole/manhole_imagenet (256).jpg,c7ad667dbed466b3862b193147b0a90e9075fa2bec254f26bfddc9d2261f8054,224,224,,source_train_manhole_candidate,"source train image labelled manhole; image-level candidate only, no boxes"
train::manhole::manhole_imagenet (257).jpg,train,manhole,data/raw/v2/hf_manhole_covers/train/train/manhole/manhole_imagenet (257).jpg,f94c58d7027343f2da503d7045d1f06320b2e5abb42f696a4df45d96fbeae07a,224,224,,source_train_manhole_candidate,"source train image labelled manhole; image-level candidate only, no boxes"
train::manhole::manhole_imagenet (258).jpg,train,manhole,data/raw/v2/hf_manhole_covers/train/train/manhole/manhole_imagenet (258).jpg,65d99e03debb609d9b9ea8549df3f5612cefd1bb6b56340e5c5ce93285e790d0,224,224,,source_train_manhole_candidate,"source train image labelled manhole; image-level candidate only, no boxes"
train::manhole::manhole_imagenet (259).jpg,train,manhole,data/raw/v2/hf_manhole_covers/train/train/manhole/manhole_imagenet (259).jpg,a3bf89a7155ea7a47740b7812112f27819d0bc5082731708b03fc7211413e53e,224,224,,source_train_manhole_candidate,"source train image labelled manhole; image-level candidate only, no boxes"
train::manhole::manhole_imagenet (26).jpg,train,manhole,data/raw/v2/hf_manhole_covers/train/train/manhole/manhole_imagenet (26).jpg,0860b4544d5d19862b828ad1450f4d854a42af46ee264112350d06be48469fa0,224,224,,source_train_manhole_candidate,"source train image labelled manhole; image-level candidate only, no boxes"
train::manhole::manhole_imagenet (260).jpg,train,manhole,data/raw/v2/hf_manhole_covers/train/train/manhole/manhole_imagenet (260).jpg,b47e796815e2d2a1b7cd210435fe4bc4e56a9da3bb372effbff0b815d0a98749,224,224,,source_train_manhole_candidate,"source train image labelled manhole; image-level candidate only, no boxes"
train::manhole::manhole_imagenet (261).jpg,train,manhole,data/raw/v2/hf_manhole_covers/train/train/manhole/manhole_imagenet (261).jpg,df00b75c26a3904301ab92db090c12b0d5d241783f30c7671df4ff0147db933d,224,224,,source_train_manhole_candidate,"source train image labelled manhole; image-level candidate only, no boxes"
train::manhole::manhole_imagenet (262).jpg,train,manhole,data/raw/v2/hf_manhole_covers/train/train/manhole/manhole_imagenet (262).jpg,dee86d19796f579f8077cd3404248e82fcbb4742e98624a13821be85f388339b,224,224,,source_train_manhole_candidate,"source train image labelled manhole; image-level candidate only, no boxes"
train::manhole::manhole_imagenet (263).jpg,train,manhole,data/raw/v2/hf_manhole_covers/train/train/manhole/manhole_imagenet (263).jpg,8ad652a71f150cedb91c40cbac7ca68ccd78b256b2714ea09bef692a6f5e8554,224,224,,source_train_manhole_candidate,"source train image labelled manhole; image-level candidate only, no boxes"
train::manhole::manhole_imagenet (264).jpg,train,manhole,data/raw/v2/hf_manhole_covers/train/train/manhole/manhole_imagenet (264).jpg,82fae97a3f4e37ba6721dfc7be4ee64e1d402ad7f11c31c3ec75efa81fe88003,224,224,,source_train_manhole_candidate,"source train image labelled manhole; image-level candidate only, no boxes"
train::manhole::manhole_imagenet (265).jpg,train,manhole,data/raw/v2/hf_manhole_covers/train/train/manhole/manhole_imagenet (265).jpg,87e913f5ec7c83b4a06a6ba5a7c79d33e036195e67ce0edc7fcaea51b26953bc,224,224,,source_train_manhole_candidate,"source train image labelled manhole; image-level candidate only, no boxes"
train::manhole::manhole_imagenet (266).jpg,train,manhole,data/raw/v2/hf_manhole_covers/train/train/manhole/manhole_imagenet (266).jpg,facae954ed31b0ad7fb7bc9f2215edcd19c4d6799336a7fd02e9f5a4736732e7,224,224,,source_train_manhole_candidate,"source train image labelled manhole; image-level candidate only, no boxes"
train::manhole::manhole_imagenet (267).jpg,train,manhole,data/raw/v2/hf_manhole_covers/train/train/manhole/manhole_imagenet (267).jpg,839e090aca7792f5d0d5750f8f6080fa5ce928e3af6af478b8e7fb4f0f701d84,224,224,,source_train_manhole_candidate,"source train image labelled manhole; image-level candidate only, no boxes"
train::manhole::manhole_imagenet (268).jpg,train,manhole,data/raw/v2/hf_manhole_covers/train/train/manhole/manhole_imagenet (268).jpg,457a8534621aad8e3d8fbf583b686501cea63ff5c8c1d6b2e4c37ca720b57041,224,224,,source_train_manhole_candidate,"source train image labelled manhole; image-level candidate only, no boxes"
train::manhole::manhole_imagenet (269).jpg,train,manhole,data/raw/v2/hf_manhole_covers/train/train/manhole/manhole_imagenet (269).jpg,20d71bcdd4d0a03ede9253929ae13c92af9e142e566a768c983a9926f8552c55,224,224,,source_train_manhole_candidate,"source train image labelled manhole; image-level candidate only, no boxes"
train::manhole::manhole_imagenet (27).jpg,train,manhole,data/raw/v2/hf_manhole_covers/train/train/manhole/manhole_imagenet (27).jpg,7f4b8409088c3d42b214a463ececf55250aac09289f155c22554439a9103f227,224,224,,source_train_manhole_candidate,"source train image labelled manhole; image-level candidate only, no boxes"
train::manhole::manhole_imagenet (270).jpg,train,manhole,data/raw/v2/hf_manhole_covers/train/train/manhole/manhole_imagenet (270).jpg,542eb7a38f4fa03058f4d2a85085ad7e9030aac14d2c99854715646b8e2c9ff5,224,224,,source_train_manhole_candidate,"source train image labelled manhole; image-level candidate only, no boxes"
train::manhole::manhole_imagenet (271).jpg,train,manhole,data/raw/v2/hf_manhole_covers/train/train/manhole/manhole_imagenet (271).jpg,8e07b4495af962649f97e02ede2fccda3f258219cce1fba00393f1d862878d1a,224,224,,source_train_manhole_candidate,"source train image labelled manhole; image-level candidate only, no boxes"
train::manhole::manhole_imagenet (272).jpg,train,manhole,data/raw/v2/hf_manhole_covers/train/train/manhole/manhole_imagenet (272).jpg,52cf8279c62710f06e73d993a8c5b4f8c3d0291995f026ce93a1fef32df93810,224,224,,source_train_manhole_candidate,"source train image labelled manhole; image-level candidate only, no boxes"
train::manhole::manhole_imagenet (273).jpg,train,manhole,data/raw/v2/hf_manhole_covers/train/train/manhole/manhole_imagenet (273).jpg,5a555f63e4fdc04da1cb94f7bbd7b9f9ec82696c08e2aea4b8a5a73b120e292c,224,224,,source_train_manhole_candidate,"source train image labelled manhole; image-level candidate only, no boxes"
train::manhole::manhole_imagenet (274).jpg,train,manhole,data/raw/v2/hf_manhole_covers/train/train/manhole/manhole_imagenet (274).jpg,5161c56f5e5fb0a366ff679c1ade72fbcc5b136c83e181332e75cda876cb6f3c,224,224,,source_train_manhole_candidate,"source train image labelled manhole; image-level candidate only, no boxes"
train::manhole::manhole_imagenet (275).jpg,train,manhole,data/raw/v2/hf_manhole_covers/train/train/manhole/manhole_imagenet (275).jpg,dc501eed33adfb521ea54abf4f61f3fe3a08bc59b0d82b618160e37aad959878,224,224,,source_train_manhole_candidate,"source train image labelled manhole; image-level candidate only, no boxes"
train::manhole::manhole_imagenet (276).jpg,train,manhole,data/raw/v2/hf_manhole_covers/train/train/manhole/manhole_imagenet (276).jpg,6763cdbf96292e94211f2eec2792d9eb8879311cd7fe7693c32831f1635da65f,224,224,,source_train_manhole_candidate,"source train image labelled manhole; image-level candidate only, no boxes"
train::manhole::manhole_imagenet (277).jpg,train,manhole,data/raw/v2/hf_manhole_covers/train/train/manhole/manhole_imagenet (277).jpg,56e8689b02709a1c60d10741fe2f3d925c8084f977288c9986193f4a1c89c229,224,224,,source_train_manhole_candidate,"source train image labelled manhole; image-level candidate only, no boxes"
train::manhole::manhole_imagenet (278).jpg,train,manhole,data/raw/v2/hf_manhole_covers/train/train/manhole/manhole_imagenet (278).jpg,e2f4e65b0706a6ae1241334cd14e2d972c85e93823f5ce11d048c141b6475bc2,224,224,,source_train_manhole_candidate,"source train image labelled manhole; image-level candidate only, no boxes"
train::manhole::manhole_imagenet (279).jpg,train,manhole,data/raw/v2/hf_manhole_covers/train/train/manhole/manhole_imagenet (279).jpg,6c630b0d041b8d45878b0aa7384e1807081614e8f5aec04de086e7426f2c3509,224,224,,source_train_manhole_candidate,"source train image labelled manhole; image-level candidate only, no boxes"
train::manhole::manhole_imagenet (28).jpg,train,manhole,data/raw/v2/hf_manhole_covers/train/train/manhole/manhole_imagenet (28).jpg,e4987d9cff3be6d1a42fc66931263f67a34142e3b6afccb4063d716746496cfd,224,224,,source_train_manhole_candidate,"source train image labelled manhole; image-level candidate only, no boxes"
train::manhole::manhole_imagenet (280).jpg,train,manhole,data/raw/v2/hf_manhole_covers/train/train/manhole/manhole_imagenet (280).jpg,5289ba449235efe63e64b85e8d55a91f975d045e8e0d4e020a1447415d68741b,224,224,,source_train_manhole_candidate,"source train image labelled manhole; image-level candidate only, no boxes"
train::manhole::manhole_imagenet (281).jpg,train,manhole,data/raw/v2/hf_manhole_covers/train/train/manhole/manhole_imagenet (281).jpg,b6c85c0e93d765a916ef01b6afacfc6a96dfc2e6061c0ac31dd5f551a89e58f4,224,224,,source_train_manhole_candidate,"source train image labelled manhole; image-level candidate only, no boxes"
train::manhole::manhole_imagenet (282).jpg,train,manhole,data/raw/v2/hf_manhole_covers/train/train/manhole/manhole_imagenet (282).jpg,7158ee944f8d429a281fdb867646dccf320957f684b94cced38a7dc756650263,224,224,,source_train_manhole_candidate,"source train image labelled manhole; image-level candidate only, no boxes"
train::manhole::manhole_imagenet (283).jpg,train,manhole,data/raw/v2/hf_manhole_covers/train/train/manhole/manhole_imagenet (283).jpg,9ca7d1cfa6dc033c200192fee79dcf998fa1a9cee3aa80e319133154abc7800d,224,224,,source_train_manhole_candidate,"source train image labelled manhole; image-level candidate only, no boxes"
train::manhole::manhole_imagenet (284).jpg,train,manhole,data/raw/v2/hf_manhole_covers/train/train/manhole/manhole_imagenet (284).jpg,3eff1d0e81a8acfc56a3b61ee01d37d1a4c2cd0100b20505b80410dcc3e3773b,224,224,,source_train_manhole_candidate,"source train image labelled manhole; image-level candidate only, no boxes"
train::manhole::manhole_imagenet (285).jpg,train,manhole,data/raw/v2/hf_manhole_covers/train/train/manhole/manhole_imagenet (285).jpg,2f784701bce4a2ede48da5bfa5e00127a126280d3916f288ec7bc969eadc032b,224,224,,source_train_manhole_candidate,"source train image labelled manhole; image-level candidate only, no boxes"
train::manhole::manhole_imagenet (286).jpg,train,manhole,data/raw/v2/hf_manhole_covers/train/train/manhole/manhole_imagenet (286).jpg,4b205796958b650101c98d1e2cbee285fd854480f90c394660dec17b487a4414,224,224,,source_train_manhole_candidate,"source train image labelled manhole; image-level candidate only, no boxes"
train::manhole::manhole_imagenet (287).jpg,train,manhole,data/raw/v2/hf_manhole_covers/train/train/manhole/manhole_imagenet (287).jpg,feb13ac1632a0744dfe730f3a117d9d2bbb338cf29578fd2f3f7f3df26d9aed2,224,224,,source_train_manhole_candidate,"source train image labelled manhole; image-level candidate only, no boxes"
train::manhole::manhole_imagenet (288).jpg,train,manhole,data/raw/v2/hf_manhole_covers/train/train/manhole/manhole_imagenet (288).jpg,9372a7d37cea078c1637400731433cf246c9cbdb1f8842f92e136fcea37e5019,224,224,,source_train_manhole_candidate,"source train image labelled manhole; image-level candidate only, no boxes"
train::manhole::manhole_imagenet (289).jpg,train,manhole,data/raw/v2/hf_manhole_covers/train/train/manhole/manhole_imagenet (289).jpg,ab1aa5ca70b2255d4cce860c7efae8c4ce6eb8b8430407f330804fd5c94543f1,224,224,,source_train_manhole_candidate,"source train image labelled manhole; image-level candidate only, no boxes"
train::manhole::manhole_imagenet (29).jpg,train,manhole,data/raw/v2/hf_manhole_covers/train/train/manhole/manhole_imagenet (29).jpg,6e3780bde31fc99a39840ff65643a48ef6804bbf711c34754bdc24d51fb78d8b,224,224,,source_train_manhole_candidate,"source train image labelled manhole; image-level candidate only, no boxes"
train::manhole::manhole_imagenet (290).jpg,train,manhole,data/raw/v2/hf_manhole_covers/train/train/manhole/manhole_imagenet (290).jpg,5474963d896045883898c1e158f941a649a8c2674079ed004a2b4b2c601d3e33,224,224,,source_train_manhole_candidate,"source train image labelled manhole; image-level candidate only, no boxes"
train::manhole::manhole_imagenet (291).jpg,train,manhole,data/raw/v2/hf_manhole_covers/train/train/manhole/manhole_imagenet (291).jpg,c7b8c0a436301f2cea73f736959949e133d5361be06b5317fffa1612044d9cc9,224,224,,source_train_manhole_candidate,"source train image labelled manhole; image-level candidate only, no boxes"
train::manhole::manhole_imagenet (292).jpg,train,manhole,data/raw/v2/hf_manhole_covers/train/train/manhole/manhole_imagenet (292).jpg,053ca41523596564a61fea275925dae386bb8cf08d1e370edf8da13bd0e44d13,224,224,,source_train_manhole_candidate,"source train image labelled manhole; image-level candidate only, no boxes"
train::manhole::manhole_imagenet (293).jpg,train,manhole,data/raw/v2/hf_manhole_covers/train/train/manhole/manhole_imagenet (293).jpg,038615238107f8e8fa1f843f29f1e28a270cba492e44a443b28337ca2ce944fd,224,224,,source_train_manhole_candidate,"source train image labelled manhole; image-level candidate only, no boxes"
train::manhole::manhole_imagenet (294).jpg,train,manhole,data/raw/v2/hf_manhole_covers/train/train/manhole/manhole_imagenet (294).jpg,d6836ed20b4a4f9cc66d88ee06d05eeac7a3be44b8ca2d69fb1dac6a6b2906f9,224,224,,source_train_manhole_candidate,"source train image labelled manhole; image-level candidate only, no boxes"
train::manhole::manhole_imagenet (295).jpg,train,manhole,data/raw/v2/hf_manhole_covers/train/train/manhole/manhole_imagenet (295).jpg,5e855788e87f95a3bf3c928a1aee8d8a24ee90a057be0a7c09586e2234695ecb,224,224,,source_train_manhole_candidate,"source train image labelled manhole; image-level candidate only, no boxes"
train::manhole::manhole_imagenet (296).jpg,train,manhole,data/raw/v2/hf_manhole_covers/train/train/manhole/manhole_imagenet (296).jpg,6688ebd5a7e50e6df7d9cc43298c99ace16ebb4a2cd838b91c187aef7b7ca134,224,224,,source_train_manhole_candidate,"source train image labelled manhole; image-level candidate only, no boxes"
train::manhole::manhole_imagenet (297).jpg,train,manhole,data/raw/v2/hf_manhole_covers/train/train/manhole/manhole_imagenet (297).jpg,6fe98e5e9d76b0bbfc65b9e42181aa2f3ec8c53f9db88d6b8ef4b45357f547a8,224,224,,source_train_manhole_candidate,"source train image labelled manhole; image-level candidate only, no boxes"
train::manhole::manhole_imagenet (298).jpg,train,manhole,data/raw/v2/hf_manhole_covers/train/train/manhole/manhole_imagenet (298).jpg,6e173fc8a51ddf76df3ebf556b9118a49a07357866e66496ce0a3170323e773d,224,224,,source_train_manhole_candidate,"source train image labelled manhole; image-level candidate only, no boxes"
train::manhole::manhole_imagenet (299).jpg,train,manhole,data/raw/v2/hf_manhole_covers/train/train/manhole/manhole_imagenet (299).jpg,e7cacf68858056494103bd30e4d8deb80ed1e858f1f292cb634a4738bb10a17d,224,224,,source_train_manhole_candidate,"source train image labelled manhole; image-level candidate only, no boxes"
train::manhole::manhole_imagenet (30).jpg,train,manhole,data/raw/v2/hf_manhole_covers/train/train/manhole/manhole_imagenet (30).jpg,9e99ac6a0a02b17560b33ee37e0d5f0f157073340c3749153e200cbc97d07339,224,224,,source_train_manhole_candidate,"source train image labelled manhole; image-level candidate only, no boxes"
train::manhole::manhole_imagenet (300).jpg,train,manhole,data/raw/v2/hf_manhole_covers/train/train/manhole/manhole_imagenet (300).jpg,0c24c2ce2e21da92b81964757cccb8c721d34fdcacffa9acf41d57ee76bcd4b5,224,224,,source_train_manhole_candidate,"source train image labelled manhole; image-level candidate only, no boxes"
train::manhole::manhole_imagenet (301).jpg,train,manhole,data/raw/v2/hf_manhole_covers/train/train/manhole/manhole_imagenet (301).jpg,7ab20f4c58503041da00797ad3a7c233fab3df42a1f20874b8a6f5779a9d4d64,224,224,,source_train_manhole_candidate,"source train image labelled manhole; image-level candidate only, no boxes"
train::manhole::manhole_imagenet (302).jpg,train,manhole,data/raw/v2/hf_manhole_covers/train/train/manhole/manhole_imagenet (302).jpg,56a2cc201c70a358f2b5650b0ffadc13b8d0c7206cf1ac57927ebe50a28a5e0d,224,224,,source_train_manhole_candidate,"source train image labelled manhole; image-level candidate only, no boxes"
train::manhole::manhole_imagenet (303).jpg,train,manhole,data/raw/v2/hf_manhole_covers/train/train/manhole/manhole_imagenet (303).jpg,f863a6de0f68a4440045a28dda9af6623a5ee6058e783155ccc4f8d6bfe9b2d9,224,224,,source_train_manhole_candidate,"source train image labelled manhole; image-level candidate only, no boxes"
train::manhole::manhole_imagenet (304).jpg,train,manhole,data/raw/v2/hf_manhole_covers/train/train/manhole/manhole_imagenet (304).jpg,9f1c05fd1e2ae247bbf77ecdadaef0a49e8c809783ec91e35e54288097518447,224,224,,source_train_manhole_candidate,"source train image labelled manhole; image-level candidate only, no boxes"
train::manhole::manhole_imagenet (305).jpg,train,manhole,data/raw/v2/hf_manhole_covers/train/train/manhole/manhole_imagenet (305).jpg,be8808db367511e3ba3ce76a7effc440865e157dab275c8316e1b9c5a07169ca,224,224,,source_train_manhole_candidate,"source train image labelled manhole; image-level candidate only, no boxes"
train::manhole::manhole_imagenet (306).jpg,train,manhole,data/raw/v2/hf_manhole_covers/train/train/manhole/manhole_imagenet (306).jpg,c91c433e5e4da79e04b0946b699def0b80fc2c7e35add50668c31431c0c19181,224,224,,source_train_manhole_candidate,"source train image labelled manhole; image-level candidate only, no boxes"
train::manhole::manhole_imagenet (307).jpg,train,manhole,data/raw/v2/hf_manhole_covers/train/train/manhole/manhole_imagenet (307).jpg,6f0916b85072433c73d37df4793ec27468e3253cf0f2edccc2f2c137e4652518,224,224,,source_train_manhole_candidate,"source train image labelled manhole; image-level candidate only, no boxes"
train::manhole::manhole_imagenet (308).jpg,train,manhole,data/raw/v2/hf_manhole_covers/train/train/manhole/manhole_imagenet (308).jpg,199d33ebee44aaa49319b17dd6ee0506539ae85fadd5b9043badc707f2855a3d,224,224,,source_train_manhole_candidate,"source train image labelled manhole; image-level candidate only, no boxes"
train::manhole::manhole_imagenet (309).jpg,train,manhole,data/raw/v2/hf_manhole_covers/train/train/manhole/manhole_imagenet (309).jpg,425da1c009bd9cf12cefbfc547fdcfa6a629f2463046abbc20c384915af2d5a2,224,224,,source_train_manhole_candidate,"source train image labelled manhole; image-level candidate only, no boxes"
train::manhole::manhole_imagenet (31).jpg,train,manhole,data/raw/v2/hf_manhole_covers/train/train/manhole/manhole_imagenet (31).jpg,a3852a9aae666b562e1de5e5d998684d038bee92e3693259a84771a240a4ce10,224,224,,source_train_manhole_candidate,"source train image labelled manhole; image-level candidate only, no boxes"
train::manhole::manhole_imagenet (310).jpg,train,manhole,data/raw/v2/hf_manhole_covers/train/train/manhole/manhole_imagenet (310).jpg,8288648fb6b52c2f76a5c75e85c713210194391804c2039c0d788b679b6f2ada,224,224,,source_train_manhole_candidate,"source train image labelled manhole; image-level candidate only, no boxes"
train::manhole::manhole_imagenet (311).jpg,train,manhole,data/raw/v2/hf_manhole_covers/train/train/manhole/manhole_imagenet (311).jpg,6c7867d6828e44bdbd384a7cdc8a090b7192367f32f3ccc7f7d00cf3027d2879,224,224,,source_train_manhole_candidate,"source train image labelled manhole; image-level candidate only, no boxes"
train::manhole::manhole_imagenet (312).jpg,train,manhole,data/raw/v2/hf_manhole_covers/train/train/manhole/manhole_imagenet (312).jpg,f8c53a1c2c0d4bf68e523b689989754a39804216cfde4227e083eae3fdea0df7,224,224,,source_train_manhole_candidate,"source train image labelled manhole; image-level candidate only, no boxes"
train::manhole::manhole_imagenet (313).jpg,train,manhole,data/raw/v2/hf_manhole_covers/train/train/manhole/manhole_imagenet (313).jpg,19ee15d9fe7caa8ac14db10a2271edd41729afc0ef164c0b0cda8713c731e134,224,224,,source_train_manhole_candidate,"source train image labelled manhole; image-level candidate only, no boxes"
train::manhole::manhole_imagenet (314).jpg,train,manhole,data/raw/v2/hf_manhole_covers/train/train/manhole/manhole_imagenet (314).jpg,05615786c618b615109167936b6a20b6a81261d8d65d4c814d3a79f548f86fbd,224,224,,source_train_manhole_candidate,"source train image labelled manhole; image-level candidate only, no boxes"
train::manhole::manhole_imagenet (315).jpg,train,manhole,data/raw/v2/hf_manhole_covers/train/train/manhole/manhole_imagenet (315).jpg,382569d7d125e797d446bf28a33c35e9e755eb95ed7dedd9eff37bcc64c9477c,224,224,,source_train_manhole_candidate,"source train image labelled manhole; image-level candidate only, no boxes"
train::manhole::manhole_imagenet (316).jpg,train,manhole,data/raw/v2/hf_manhole_covers/train/train/manhole/manhole_imagenet (316).jpg,d4f844686fe541005fb9766f0b3aa4ef17a36f1afd7931c7e61aafe8328022e6,224,224,,source_train_manhole_candidate,"source train image labelled manhole; image-level candidate only, no boxes"
train::manhole::manhole_imagenet (317).jpg,train,manhole,data/raw/v2/hf_manhole_covers/train/train/manhole/manhole_imagenet (317).jpg,f9b16977899e75d664bb90749808c643243feb57b6bdc598a52f613941938569,224,224,,source_train_manhole_candidate,"source train image labelled manhole; image-level candidate only, no boxes"
train::manhole::manhole_imagenet (318).jpg,train,manhole,data/raw/v2/hf_manhole_covers/train/train/manhole/manhole_imagenet (318).jpg,88ce229919d9e14bd44f957429dda4c038968e4fa6daa0bcb6afca1bcf054b90,224,224,,source_train_manhole_candidate,"source train image labelled manhole; image-level candidate only, no boxes"
train::manhole::manhole_imagenet (319).jpg,train,manhole,data/raw/v2/hf_manhole_covers/train/train/manhole/manhole_imagenet (319).jpg,8376715bb9d3853ba3470d7359da1ddeb8b097797dd9aab4718475e75ba64484,224,224,,source_train_manhole_candidate,"source train image labelled manhole; image-level candidate only, no boxes"
train::manhole::manhole_imagenet (32).jpg,train,manhole,data/raw/v2/hf_manhole_covers/train/train/manhole/manhole_imagenet (32).jpg,83e64949f09d7e8811e6f35e0ca02d04a9235c9922c2da9dd5974ba81ddbc4ea,224,224,,source_train_manhole_candidate,"source train image labelled manhole; image-level candidate only, no boxes"
train::manhole::manhole_imagenet (320).jpg,train,manhole,data/raw/v2/hf_manhole_covers/train/train/manhole/manhole_imagenet (320).jpg,2379305244238e4c1a73c850d5000fe289b3c5c22ebf2b2984259fe50e061e5f,224,224,,source_train_manhole_candidate,"source train image labelled manhole; image-level candidate only, no boxes"
train::manhole::manhole_imagenet (321).jpg,train,manhole,data/raw/v2/hf_manhole_covers/train/train/manhole/manhole_imagenet (321).jpg,4be11c1e255e1515b4a9fbdf7fc8ce46699b977715e7ae772b640671078a4635,224,224,,source_train_manhole_candidate,"source train image labelled manhole; image-level candidate only, no boxes"
train::manhole::manhole_imagenet (322).jpg,train,manhole,data/raw/v2/hf_manhole_covers/train/train/manhole/manhole_imagenet (322).jpg,bda403c48302ba9ca17d81b4ec8a8677e48a5ebbce046c028007b469ff2334ea,224,224,,source_train_manhole_candidate,"source train image labelled manhole; image-level candidate only, no boxes"
train::manhole::manhole_imagenet (323).jpg,train,manhole,data/raw/v2/hf_manhole_covers/train/train/manhole/manhole_imagenet (323).jpg,4c568e785d943ff8af4bb9f7496c7297f6f75ae7e1c76f3ca410e2c6df625b31,224,224,,source_train_manhole_candidate,"source train image labelled manhole; image-level candidate only, no boxes"
train::manhole::manhole_imagenet (324).jpg,train,manhole,data/raw/v2/hf_manhole_covers/train/train/manhole/manhole_imagenet (324).jpg,aeaceef131f382520cd8e7b41a0cdf68b0e46bab30ca0d7bb1c437f50f03a625,224,224,,source_train_manhole_candidate,"source train image labelled manhole; image-level candidate only, no boxes"
train::manhole::manhole_imagenet (325).jpg,train,manhole,data/raw/v2/hf_manhole_covers/train/train/manhole/manhole_imagenet (325).jpg,b4f88c327080ee6bde29b4f43a45fd853a74d9a404fa7ce48d1d43e00da5adfd,224,224,,source_train_manhole_candidate,"source train image labelled manhole; image-level candidate only, no boxes"
train::manhole::manhole_imagenet (326).jpg,train,manhole,data/raw/v2/hf_manhole_covers/train/train/manhole/manhole_imagenet (326).jpg,273df844cf4c8760f58ac2f81a7257fe19202bee737e91538a155a62f32dd6b8,224,224,,source_train_manhole_candidate,"source train image labelled manhole; image-level candidate only, no boxes"
train::manhole::manhole_imagenet (327).jpg,train,manhole,data/raw/v2/hf_manhole_covers/train/train/manhole/manhole_imagenet (327).jpg,f9c10e6ea936784c14cc99889666474be36334afa8cfb5e23988e7a884c52420,224,224,,source_train_manhole_candidate,"source train image labelled manhole; image-level candidate only, no boxes"
train::manhole::manhole_imagenet (328).jpg,train,manhole,data/raw/v2/hf_manhole_covers/train/train/manhole/manhole_imagenet (328).jpg,a50c5182f614f6f4e024fe33c93ed7308c9094628ae317549afe392d09b04b12,224,224,,source_train_manhole_candidate,"source train image labelled manhole; image-level candidate only, no boxes"
train::manhole::manhole_imagenet (329).jpg,train,manhole,data/raw/v2/hf_manhole_covers/train/train/manhole/manhole_imagenet (329).jpg,cf5cb17c9b0bd7fe3fe88f05b296a6b257f392c68fc5dd1f9a11f1b643ea7265,224,224,,source_train_manhole_candidate,"source train image labelled manhole; image-level candidate only, no boxes"
train::manhole::manhole_imagenet (33).jpg,train,manhole,data/raw/v2/hf_manhole_covers/train/train/manhole/manhole_imagenet (33).jpg,1a4b1f675426fa2ea09715bc0479b201d8033e696e26823a43a95a8846b3db2b,224,224,,source_train_manhole_candidate,"source train image labelled manhole; image-level candidate only, no boxes"
train::manhole::manhole_imagenet (330).jpg,train,manhole,data/raw/v2/hf_manhole_covers/train/train/manhole/manhole_imagenet (330).jpg,1b41df72e051bd461e3fdc3dd952dd65a58bd33c29b5df604437986726d74f38,224,224,,source_train_manhole_candidate,"source train image labelled manhole; image-level candidate only, no boxes"
train::manhole::manhole_imagenet (331).jpg,train,manhole,data/raw/v2/hf_manhole_covers/train/train/manhole/manhole_imagenet (331).jpg,1695b81db851cd71a4ac0b575438f8c2df84a974a234de32f75a315c09506582,224,224,,source_train_manhole_candidate,"source train image labelled manhole; image-level candidate only, no boxes"
train::manhole::manhole_imagenet (332).jpg,train,manhole,data/raw/v2/hf_manhole_covers/train/train/manhole/manhole_imagenet (332).jpg,3fed303af6613860ce468776140a61b371ab94471920514792bf56220f8aab8a,224,224,,source_train_manhole_candidate,"source train image labelled manhole; image-level candidate only, no boxes"
train::manhole::manhole_imagenet (333).jpg,train,manhole,data/raw/v2/hf_manhole_covers/train/train/manhole/manhole_imagenet (333).jpg,4be06cfcbfecbcbd80d18f66b92ffa3ced63695005df03598adf9907a8c2c1b5,224,224,,source_train_manhole_candidate,"source train image labelled manhole; image-level candidate only, no boxes"
train::manhole::manhole_imagenet (334).jpg,train,manhole,data/raw/v2/hf_manhole_covers/train/train/manhole/manhole_imagenet (334).jpg,3c1006b612a3ad5158c2b55d36df31f1c02542e4b7f0494018627fb5fbb3b9e6,224,224,,source_train_manhole_candidate,"source train image labelled manhole; image-level candidate only, no boxes"
train::manhole::manhole_imagenet (335).jpg,train,manhole,data/raw/v2/hf_manhole_covers/train/train/manhole/manhole_imagenet (335).jpg,66c964713f6f4a7320862e3232083682b0e9ac19bb7415fe4fc400fb25cc8098,224,224,,source_train_manhole_candidate,"source train image labelled manhole; image-level candidate only, no boxes"
train::manhole::manhole_imagenet (336).jpg,train,manhole,data/raw/v2/hf_manhole_covers/train/train/manhole/manhole_imagenet (336).jpg,59859b12e9a4f547abe1ea52eb61bda4edc41ed0634c4e1fc40462cb22486945,224,224,,source_train_manhole_candidate,"source train image labelled manhole; image-level candidate only, no boxes"
train::manhole::manhole_imagenet (337).jpg,train,manhole,data/raw/v2/hf_manhole_covers/train/train/manhole/manhole_imagenet (337).jpg,182c28c1bc5afe8bfebc545eca7635e39059581ec6638cdb3ca4b532c7f2e810,224,224,,source_train_manhole_candidate,"source train image labelled manhole; image-level candidate only, no boxes"
train::manhole::manhole_imagenet (338).jpg,train,manhole,data/raw/v2/hf_manhole_covers/train/train/manhole/manhole_imagenet (338).jpg,580a159cb0e55745d146e23eb48b0134f40637b0ba8550bd706e7020209bf8e7,224,224,,source_train_manhole_candidate,"source train image labelled manhole; image-level candidate only, no boxes"
train::manhole::manhole_imagenet (339).jpg,train,manhole,data/raw/v2/hf_manhole_covers/train/train/manhole/manhole_imagenet (339).jpg,932332ac485b1179c3b4fe5ba0bd5298d9d6bd606eb6a0e0fa9e83205ff9a175,224,224,,source_train_manhole_candidate,"source train image labelled manhole; image-level candidate only, no boxes"
train::manhole::manhole_imagenet (34).jpg,train,manhole,data/raw/v2/hf_manhole_covers/train/train/manhole/manhole_imagenet (34).jpg,987b00b178754191844d75d6f0e66a6e28e462e219975fee75cd6506816d5f48,224,224,,source_train_manhole_candidate,"source train image labelled manhole; image-level candidate only, no boxes"
train::manhole::manhole_imagenet (340).jpg,train,manhole,data/raw/v2/hf_manhole_covers/train/train/manhole/manhole_imagenet (340).jpg,275851d59c89f46fa50d4b9f021ce7a168da18a6abe18ad3377eb9751c9f770b,224,224,,source_train_manhole_candidate,"source train image labelled manhole; image-level candidate only, no boxes"
train::manhole::manhole_imagenet (341).jpg,train,manhole,data/raw/v2/hf_manhole_covers/train/train/manhole/manhole_imagenet (341).jpg,161c1ad45889be21ff9ceaf2779fffb979005022cb30044742866774b84874b9,224,224,,source_train_manhole_candidate,"source train image labelled manhole; image-level candidate only, no boxes"
train::manhole::manhole_imagenet (342).jpg,train,manhole,data/raw/v2/hf_manhole_covers/train/train/manhole/manhole_imagenet (342).jpg,d3dffd012a7ba89f36855452f8b8ed08b2edacfd53f5ee6390d52c155bc5f079,224,224,,source_train_manhole_candidate,"source train image labelled manhole; image-level candidate only, no boxes"
train::manhole::manhole_imagenet (343).jpg,train,manhole,data/raw/v2/hf_manhole_covers/train/train/manhole/manhole_imagenet (343).jpg,2c1619b08028e994a9f9739843991203ab3e3a1a8bd823f7826885e8cb02aa91,224,224,,source_train_manhole_candidate,"source train image labelled manhole; image-level candidate only, no boxes"
train::manhole::manhole_imagenet (344).jpg,train,manhole,data/raw/v2/hf_manhole_covers/train/train/manhole/manhole_imagenet (344).jpg,df66cad1692bd7f5626a55488fa20d42920e485cffdbfc5925a56393ffb6f645,224,224,,source_train_manhole_candidate,"source train image labelled manhole; image-level candidate only, no boxes"
train::manhole::manhole_imagenet (345).jpg,train,manhole,data/raw/v2/hf_manhole_covers/train/train/manhole/manhole_imagenet (345).jpg,4ae8f5dd7b1bf0e94b1d6c3ac21207328f83d1c52aa74e84b585a57a39982410,224,224,,source_train_manhole_candidate,"source train image labelled manhole; image-level candidate only, no boxes"
train::manhole::manhole_imagenet (346).jpg,train,manhole,data/raw/v2/hf_manhole_covers/train/train/manhole/manhole_imagenet (346).jpg,ffa51a2ab312aa4159b08aad8bf5ff43b509f696d19802ca1ed9e5ccb29be632,224,224,,source_train_manhole_candidate,"source train image labelled manhole; image-level candidate only, no boxes"
train::manhole::manhole_imagenet (347).jpg,train,manhole,data/raw/v2/hf_manhole_covers/train/train/manhole/manhole_imagenet (347).jpg,e440d700555d4a3301d2ba3fa9eebd2abc254ef547a1331670a7770752bb9882,224,224,,source_train_manhole_candidate,"source train image labelled manhole; image-level candidate only, no boxes"
train::manhole::manhole_imagenet (348).jpg,train,manhole,data/raw/v2/hf_manhole_covers/train/train/manhole/manhole_imagenet (348).jpg,28fc3a52694c960deddd9d60f30611b3beb66724981fd42c1c458a70b819e443,224,224,,source_train_manhole_candidate,"source train image labelled manhole; image-level candidate only, no boxes"
train::manhole::manhole_imagenet (349).jpg,train,manhole,data/raw/v2/hf_manhole_covers/train/train/manhole/manhole_imagenet (349).jpg,f20c7fd0c96572c6774a0acb9a1c8227645aef356ac8a0104bd5789698270774,224,224,,source_train_manhole_candidate,"source train image labelled manhole; image-level candidate only, no boxes"
train::manhole::manhole_imagenet (35).jpg,train,manhole,data/raw/v2/hf_manhole_covers/train/train/manhole/manhole_imagenet (35).jpg,12d3937461a52ea8ea5d929e6ee7471dd024225cdac532edd81ad8d7c64cacfd,224,224,,source_train_manhole_candidate,"source train image labelled manhole; image-level candidate only, no boxes"
train::manhole::manhole_imagenet (350).jpg,train,manhole,data/raw/v2/hf_manhole_covers/train/train/manhole/manhole_imagenet (350).jpg,07898b00c50b8a931be6146f1eb50a563c4a6168088ff7a71748d90879750e81,224,224,,source_train_manhole_candidate,"source train image labelled manhole; image-level candidate only, no boxes"
train::manhole::manhole_imagenet (351).jpg,train,manhole,data/raw/v2/hf_manhole_covers/train/train/manhole/manhole_imagenet (351).jpg,256f3e6b6e94919d8b16a15c814850e4afb02e1359b917b6930fb6691c98ed2b,224,224,,source_train_manhole_candidate,"source train image labelled manhole; image-level candidate only, no boxes"
train::manhole::manhole_imagenet (352).jpg,train,manhole,data/raw/v2/hf_manhole_covers/train/train/manhole/manhole_imagenet (352).jpg,b0c30afa2bb8e371fd3b3e8c7d5e55ea4a67b4038e0db90b3063d914f1be3ce1,224,224,,source_train_manhole_candidate,"source train image labelled manhole; image-level candidate only, no boxes"
train::manhole::manhole_imagenet (353).jpg,train,manhole,data/raw/v2/hf_manhole_covers/train/train/manhole/manhole_imagenet (353).jpg,406d7cda86988ab278976e4fe9fe6b348efc67d1f83f80ce062f5cbe68905d66,224,224,,source_train_manhole_candidate,"source train image labelled manhole; image-level candidate only, no boxes"
train::manhole::manhole_imagenet (354).jpg,train,manhole,data/raw/v2/hf_manhole_covers/train/train/manhole/manhole_imagenet (354).jpg,615a27fd334f0b08a3a906bde0a41f2a35a415d9f8fc85f24d171bfed8b598bc,224,224,,source_train_manhole_candidate,"source train image labelled manhole; image-level candidate only, no boxes"
train::manhole::manhole_imagenet (355).jpg,train,manhole,data/raw/v2/hf_manhole_covers/train/train/manhole/manhole_imagenet (355).jpg,25ae453424922b1a0607d775e4c3bd5a35840601d37cd1af73759b8380a57a8f,224,224,,source_train_manhole_candidate,"source train image labelled manhole; image-level candidate only, no boxes"
train::manhole::manhole_imagenet (356).jpg,train,manhole,data/raw/v2/hf_manhole_covers/train/train/manhole/manhole_imagenet (356).jpg,39ce5bf3ff85c85dc5dac10aff4622d77a2bb673cbaa47e8acf4f754e03d4df6,224,224,,source_train_manhole_candidate,"source train image labelled manhole; image-level candidate only, no boxes"
train::manhole::manhole_imagenet (357).jpg,train,manhole,data/raw/v2/hf_manhole_covers/train/train/manhole/manhole_imagenet (357).jpg,390ce983c0868c32cd905953e6ffb7ac2bb9a68c069ab6f24f1f12668f5a5b04,224,224,,source_train_manhole_candidate,"source train image labelled manhole; image-level candidate only, no boxes"
train::manhole::manhole_imagenet (358).jpg,train,manhole,data/raw/v2/hf_manhole_covers/train/train/manhole/manhole_imagenet (358).jpg,7de80e9411ff8628e7ad99f04f4c61d15ae151ccd02afc5004d31057cf5988c6,224,224,,source_train_manhole_candidate,"source train image labelled manhole; image-level candidate only, no boxes"
train::manhole::manhole_imagenet (359).jpg,train,manhole,data/raw/v2/hf_manhole_covers/train/train/manhole/manhole_imagenet (359).jpg,dc77c2d4cda1e656e58ddde85c4aaf4de21320c4fcfa730d75d1f760c12cf2f4,224,224,,source_train_manhole_candidate,"source train image labelled manhole; image-level candidate only, no boxes"
train::manhole::manhole_imagenet (36).jpg,train,manhole,data/raw/v2/hf_manhole_covers/train/train/manhole/manhole_imagenet (36).jpg,79b082c8dce67219ff73d134d5ed6b6b5532f76ddde81ab6832c4360be520503,224,224,,source_train_manhole_candidate,"source train image labelled manhole; image-level candidate only, no boxes"
train::manhole::manhole_imagenet (360).jpg,train,manhole,data/raw/v2/hf_manhole_covers/train/train/manhole/manhole_imagenet (360).jpg,3a1d1b459032a085a6afe6b7de46182b2d0afcda495dd0f820d3866de1704e18,224,224,,source_train_manhole_candidate,"source train image labelled manhole; image-level candidate only, no boxes"
train::manhole::manhole_imagenet (361).jpg,train,manhole,data/raw/v2/hf_manhole_covers/train/train/manhole/manhole_imagenet (361).jpg,e80de9379af9ed6a2995e4e59f0fc70e42b717c453de14c5fb502bfba97946b3,224,224,,source_train_manhole_candidate,"source train image labelled manhole; image-level candidate only, no boxes"
train::manhole::manhole_imagenet (362).jpg,train,manhole,data/raw/v2/hf_manhole_covers/train/train/manhole/manhole_imagenet (362).jpg,7ea1f39a408d900111d71d0ddd39f480fcbf84f0b113c30a8cb4ae84823c83f6,224,224,,source_train_manhole_candidate,"source train image labelled manhole; image-level candidate only, no boxes"
train::manhole::manhole_imagenet (363).jpg,train,manhole,data/raw/v2/hf_manhole_covers/train/train/manhole/manhole_imagenet (363).jpg,59fa79879e8693917f30fa8080c5bbe5db38f8e2ebac5a2b0e951455f0cf8783,224,224,,source_train_manhole_candidate,"source train image labelled manhole; image-level candidate only, no boxes"
train::manhole::manhole_imagenet (364).jpg,train,manhole,data/raw/v2/hf_manhole_covers/train/train/manhole/manhole_imagenet (364).jpg,4d3b85f41fbc5706db9028a1ca38aa4fce434073cbf45b9651ebae72c1806755,224,224,,source_train_manhole_candidate,"source train image labelled manhole; image-level candidate only, no boxes"
train::manhole::manhole_imagenet (365).jpg,train,manhole,data/raw/v2/hf_manhole_covers/train/train/manhole/manhole_imagenet (365).jpg,2c8a3063744f847f4adfe73b96d23eaf95a9046c7502916193f4d1ba81e227fb,224,224,,source_train_manhole_candidate,"source train image labelled manhole; image-level candidate only, no boxes"
train::manhole::manhole_imagenet (366).jpg,train,manhole,data/raw/v2/hf_manhole_covers/train/train/manhole/manhole_imagenet (366).jpg,093dfb070cccbc190fe5736b803c8b7ad70bbc2f07f45b87d33cfd1cd1732ac8,224,224,,source_train_manhole_candidate,"source train image labelled manhole; image-level candidate only, no boxes"
train::manhole::manhole_imagenet (367).jpg,train,manhole,data/raw/v2/hf_manhole_covers/train/train/manhole/manhole_imagenet (367).jpg,5e20768ec0df9886dd6ce4381c4d84dee464f26b78c4e657a389d0d28c125a75,224,224,,source_train_manhole_candidate,"source train image labelled manhole; image-level candidate only, no boxes"
train::manhole::manhole_imagenet (368).jpg,train,manhole,data/raw/v2/hf_manhole_covers/train/train/manhole/manhole_imagenet (368).jpg,744f5601f6da23e36461768b32575df9d2c8e6cd7a9be8a937293c0acd00bd34,224,224,,source_train_manhole_candidate,"source train image labelled manhole; image-level candidate only, no boxes"
train::manhole::manhole_imagenet (369).jpg,train,manhole,data/raw/v2/hf_manhole_covers/train/train/manhole/manhole_imagenet (369).jpg,12289a87ae33f8bcd9d9d13b6f61b505910783060eef9aba02f904626c5f77bf,224,224,,source_train_manhole_candidate,"source train image labelled manhole; image-level candidate only, no boxes"
train::manhole::manhole_imagenet (37).jpg,train,manhole,data/raw/v2/hf_manhole_covers/train/train/manhole/manhole_imagenet (37).jpg,745e5217b348a6595c5a3f52b9943e438063342132db59fde95af698c9dd8273,224,224,,source_train_manhole_candidate,"source train image labelled manhole; image-level candidate only, no boxes"
train::manhole::manhole_imagenet (370).jpg,train,manhole,data/raw/v2/hf_manhole_covers/train/train/manhole/manhole_imagenet (370).jpg,ea48d5db68d256b15b1819ebf6e9e0af0ae0f9b0112b7c4b6f3ca25be2b5dac9,224,224,,source_train_manhole_candidate,"source train image labelled manhole; image-level candidate only, no boxes"
train::manhole::manhole_imagenet (371).jpg,train,manhole,data/raw/v2/hf_manhole_covers/train/train/manhole/manhole_imagenet (371).jpg,c796def2b9aa7749bd6d248d9e3f57c49ea6c609575992a53355c703a4e15498,224,224,,source_train_manhole_candidate,"source train image labelled manhole; image-level candidate only, no boxes"
train::manhole::manhole_imagenet (372).jpg,train,manhole,data/raw/v2/hf_manhole_covers/train/train/manhole/manhole_imagenet (372).jpg,e850e1ffb0fe6c8510ad8414ac529a233a1eda2d5b9e9354f53fafdf4b194b71,224,224,,source_train_manhole_candidate,"source train image labelled manhole; image-level candidate only, no boxes"
train::manhole::manhole_imagenet (373).jpg,train,manhole,data/raw/v2/hf_manhole_covers/train/train/manhole/manhole_imagenet (373).jpg,0cd4ddfb66354d70fcac0ac6df27e7bdac40cd84952dee269601d94145a8dcab,224,224,,source_train_manhole_candidate,"source train image labelled manhole; image-level candidate only, no boxes"
train::manhole::manhole_imagenet (374).jpg,train,manhole,data/raw/v2/hf_manhole_covers/train/train/manhole/manhole_imagenet (374).jpg,6a3b5ccbb81ae5081f3e5c9fc3555325741f6de7d79b3aa0dd89003b554b1343,224,224,,source_train_manhole_candidate,"source train image labelled manhole; image-level candidate only, no boxes"
train::manhole::manhole_imagenet (375).jpg,train,manhole,data/raw/v2/hf_manhole_covers/train/train/manhole/manhole_imagenet (375).jpg,567b05d98aff41b30644ec0e22d4254bbc4cf3309c00d08ad9c8960b49ae86cd,224,224,,source_train_manhole_candidate,"source train image labelled manhole; image-level candidate only, no boxes"
train::manhole::manhole_imagenet (376).jpg,train,manhole,data/raw/v2/hf_manhole_covers/train/train/manhole/manhole_imagenet (376).jpg,bd0c5e938bb18c6a3b077bb0780f63739e4ad62547167527d6e6ded5ba7f94c8,224,224,,source_train_manhole_candidate,"source train image labelled manhole; image-level candidate only, no boxes"
train::manhole::manhole_imagenet (377).jpg,train,manhole,data/raw/v2/hf_manhole_covers/train/train/manhole/manhole_imagenet (377).jpg,e763318cf2adbb485acddd833653d3f272536cddbf9f0dce03971378d397ba39,224,224,,source_train_manhole_candidate,"source train image labelled manhole; image-level candidate only, no boxes"
train::manhole::manhole_imagenet (378).jpg,train,manhole,data/raw/v2/hf_manhole_covers/train/train/manhole/manhole_imagenet (378).jpg,d3d45f55d8db9f52f57b707818af92052a73f37ceff94499c084571d920aabf3,224,224,,source_train_manhole_candidate,"source train image labelled manhole; image-level candidate only, no boxes"
train::manhole::manhole_imagenet (379).jpg,train,manhole,data/raw/v2/hf_manhole_covers/train/train/manhole/manhole_imagenet (379).jpg,1ded6168bb20d8214a29ba95fcdee8e0e4fbabbcee48df73c4e8892e0f19008b,224,224,,source_train_manhole_candidate,"source train image labelled manhole; image-level candidate only, no boxes"
train::manhole::manhole_imagenet (38).jpg,train,manhole,data/raw/v2/hf_manhole_covers/train/train/manhole/manhole_imagenet (38).jpg,206585dc14cde5377a96e5df801a956c9598e6182590c350b879e3c05ca13f62,224,224,,source_train_manhole_candidate,"source train image labelled manhole; image-level candidate only, no boxes"
train::manhole::manhole_imagenet (380).jpg,train,manhole,data/raw/v2/hf_manhole_covers/train/train/manhole/manhole_imagenet (380).jpg,2cb70f925f3a8e6e1b51a65962e468dce830d3de2b3509bf8045631664386a2d,224,224,,source_train_manhole_candidate,"source train image labelled manhole; image-level candidate only, no boxes"
train::manhole::manhole_imagenet (381).jpg,train,manhole,data/raw/v2/hf_manhole_covers/train/train/manhole/manhole_imagenet (381).jpg,158a9bed2b0afc2adf2d5382f86241823370613fedfbed75081be2f99d218aa2,224,224,,source_train_manhole_candidate,"source train image labelled manhole; image-level candidate only, no boxes"
train::manhole::manhole_imagenet (382).jpg,train,manhole,data/raw/v2/hf_manhole_covers/train/train/manhole/manhole_imagenet (382).jpg,56534478a9f31088cb9434ef59a843278fbe4d1dc1f90706f16b0a2f87243121,224,224,,source_train_manhole_candidate,"source train image labelled manhole; image-level candidate only, no boxes"
train::manhole::manhole_imagenet (383).jpg,train,manhole,data/raw/v2/hf_manhole_covers/train/train/manhole/manhole_imagenet (383).jpg,ed594b7771eb0e932bc2e067aeb0be86b96f733bf45d7a9f3a181147e221b06e,224,224,,source_train_manhole_candidate,"source train image labelled manhole; image-level candidate only, no boxes"
train::manhole::manhole_imagenet (384).jpg,train,manhole,data/raw/v2/hf_manhole_covers/train/train/manhole/manhole_imagenet (384).jpg,186313ad5c71f76caeb044a0d3c21873e5212a821419b0bb1dfb6c9cdcce9af8,224,224,,source_train_manhole_candidate,"source train image labelled manhole; image-level candidate only, no boxes"
train::manhole::manhole_imagenet (385).jpg,train,manhole,data/raw/v2/hf_manhole_covers/train/train/manhole/manhole_imagenet (385).jpg,5aa07ef7f23333767622c83d89326e08dcc8c7fe9f2c7a7c69f602397c4695aa,224,224,,source_train_manhole_candidate,"source train image labelled manhole; image-level candidate only, no boxes"
train::manhole::manhole_imagenet (386).jpg,train,manhole,data/raw/v2/hf_manhole_covers/train/train/manhole/manhole_imagenet (386).jpg,38c0ba7f567c36a840473c7ae3d99b7488178eedd03eee16820ecc31099cb5cc,224,224,,source_train_manhole_candidate,"source train image labelled manhole; image-level candidate only, no boxes"
train::manhole::manhole_imagenet (387).jpg,train,manhole,data/raw/v2/hf_manhole_covers/train/train/manhole/manhole_imagenet (387).jpg,2fd177d09377e7d4928ce00289e0cf5135f56bb4dd6992bb06fb8a4a0a1855da,224,224,,source_train_manhole_candidate,"source train image labelled manhole; image-level candidate only, no boxes"
train::manhole::manhole_imagenet (388).jpg,train,manhole,data/raw/v2/hf_manhole_covers/train/train/manhole/manhole_imagenet (388).jpg,95a11b2067e5e83111f52f4255b6654222b4093df7bf2de1bd4e9a943d4bedb2,224,224,,source_train_manhole_candidate,"source train image labelled manhole; image-level candidate only, no boxes"
train::manhole::manhole_imagenet (389).jpg,train,manhole,data/raw/v2/hf_manhole_covers/train/train/manhole/manhole_imagenet (389).jpg,5868c9bd21afb89b6734a034a7a71c77d670616a15de48fe57c0db0a2c76b901,224,224,,source_train_manhole_candidate,"source train image labelled manhole; image-level candidate only, no boxes"
train::manhole::manhole_imagenet (39).jpg,train,manhole,data/raw/v2/hf_manhole_covers/train/train/manhole/manhole_imagenet (39).jpg,878e55ab7860b6276d6445d3b67c8ebabe0dc51d61c7e937b9337956d12449fc,224,224,,source_train_manhole_candidate,"source train image labelled manhole; image-level candidate only, no boxes"
train::manhole::manhole_imagenet (390).jpg,train,manhole,data/raw/v2/hf_manhole_covers/train/train/manhole/manhole_imagenet (390).jpg,e7890858d5357c15b5afca2ed56908e7352b2e180fc65ef3daedc5f0d4fe7889,224,224,,source_train_manhole_candidate,"source train image labelled manhole; image-level candidate only, no boxes"
train::manhole::manhole_imagenet (391).jpg,train,manhole,data/raw/v2/hf_manhole_covers/train/train/manhole/manhole_imagenet (391).jpg,b34c6b781a5a2031ec5c6a38f843925b9edbe5f470e7fbc976ae99019e8f30c5,224,224,,source_train_manhole_candidate,"source train image labelled manhole; image-level candidate only, no boxes"
train::manhole::manhole_imagenet (392).jpg,train,manhole,data/raw/v2/hf_manhole_covers/train/train/manhole/manhole_imagenet (392).jpg,da2a9a839e7378fe5ce7e6e21be56ee6d5ce610bc35034068e196c311711f006,224,224,,source_train_manhole_candidate,"source train image labelled manhole; image-level candidate only, no boxes"
train::manhole::manhole_imagenet (393).jpg,train,manhole,data/raw/v2/hf_manhole_covers/train/train/manhole/manhole_imagenet (393).jpg,e2dcecdd5e4c836af339650edf2a28606efe644930fd8b204e8843e991048840,224,224,,source_train_manhole_candidate,"source train image labelled manhole; image-level candidate only, no boxes"
train::manhole::manhole_imagenet (394).jpg,train,manhole,data/raw/v2/hf_manhole_covers/train/train/manhole/manhole_imagenet (394).jpg,af45e7b9e89e8d1aed86a3600460f87257c302c637d27a00a4995b908371e3cd,224,224,,source_train_manhole_candidate,"source train image labelled manhole; image-level candidate only, no boxes"
train::manhole::manhole_imagenet (395).jpg,train,manhole,data/raw/v2/hf_manhole_covers/train/train/manhole/manhole_imagenet (395).jpg,813ab499d4b55f0322cc1eeb978dfe2ff6db79b496a8302ee74d3dc21c331997,224,224,,source_train_manhole_candidate,"source train image labelled manhole; image-level candidate only, no boxes"
train::manhole::manhole_imagenet (396).jpg,train,manhole,data/raw/v2/hf_manhole_covers/train/train/manhole/manhole_imagenet (396).jpg,02b24a64a8ce8ff74a205b9376ad4cea5b5d6e35fd8303360fe9f57c46f5cf31,224,224,,source_train_manhole_candidate,"source train image labelled manhole; image-level candidate only, no boxes"
train::manhole::manhole_imagenet (397).jpg,train,manhole,data/raw/v2/hf_manhole_covers/train/train/manhole/manhole_imagenet (397).jpg,26c1fb892bbf9339acbadbe7b8a33f1c6ee4bcde7e99598d0646186ea28f8c46,224,224,,source_train_manhole_candidate,"source train image labelled manhole; image-level candidate only, no boxes"
train::manhole::manhole_imagenet (398).jpg,train,manhole,data/raw/v2/hf_manhole_covers/train/train/manhole/manhole_imagenet (398).jpg,eaa66a41c4a5f701d56ddd321ae351a3453850cb0b5250780212041a4d2445eb,224,224,,source_train_manhole_candidate,"source train image labelled manhole; image-level candidate only, no boxes"
train::manhole::manhole_imagenet (399).jpg,train,manhole,data/raw/v2/hf_manhole_covers/train/train/manhole/manhole_imagenet (399).jpg,404bbed3e7a014e779221aa1bd4e61225daf0d90ae53f435c3ccc1339a502027,224,224,,source_train_manhole_candidate,"source train image labelled manhole; image-level candidate only, no boxes"
train::manhole::manhole_imagenet (40).jpg,train,manhole,data/raw/v2/hf_manhole_covers/train/train/manhole/manhole_imagenet (40).jpg,912e8f22563357f63f59ceb8f5f3cf88467c66b4eaeeb773298cdd6802468883,224,224,,source_train_manhole_candidate,"source train image labelled manhole; image-level candidate only, no boxes"
train::manhole::manhole_imagenet (400).jpg,train,manhole,data/raw/v2/hf_manhole_covers/train/train/manhole/manhole_imagenet (400).jpg,4a11c0c7a0f4e9a49e5e387faf61ad2528d8da14b2bbac994676b2c0ef615caa,224,224,,source_train_manhole_candidate,"source train image labelled manhole; image-level candidate only, no boxes"
train::manhole::manhole_imagenet (401).jpg,train,manhole,data/raw/v2/hf_manhole_covers/train/train/manhole/manhole_imagenet (401).jpg,b973d26912ca3243a1ed923f53576522e9871e3595fe7be121733afd4862e80e,224,224,,source_train_manhole_candidate,"source train image labelled manhole; image-level candidate only, no boxes"
train::manhole::manhole_imagenet (402).jpg,train,manhole,data/raw/v2/hf_manhole_covers/train/train/manhole/manhole_imagenet (402).jpg,34034219199a6ec2aa90b36c9c9453b222a2f09da1675efb66bd36e70aa1a524,224,224,,source_train_manhole_candidate,"source train image labelled manhole; image-level candidate only, no boxes"
train::manhole::manhole_imagenet (403).jpg,train,manhole,data/raw/v2/hf_manhole_covers/train/train/manhole/manhole_imagenet (403).jpg,ca666ba54534d45acafa0b0f8c7b1d6f9ed225afbefe72bf3ba4de7e73fd8689,224,224,,source_train_manhole_candidate,"source train image labelled manhole; image-level candidate only, no boxes"
train::manhole::manhole_imagenet (404).jpg,train,manhole,data/raw/v2/hf_manhole_covers/train/train/manhole/manhole_imagenet (404).jpg,9dc063f3936578d9e3f443b71f0da5641f829e9b1508d67ccecb04cb4db77734,224,224,,source_train_manhole_candidate,"source train image labelled manhole; image-level candidate only, no boxes"
train::manhole::manhole_imagenet (405).jpg,train,manhole,data/raw/v2/hf_manhole_covers/train/train/manhole/manhole_imagenet (405).jpg,810fbca4e1b9e6160b8d1f261faab4feb52b0149d1bec36e58218f4be94b29ec,224,224,,source_train_manhole_candidate,"source train image labelled manhole; image-level candidate only, no boxes"
train::manhole::manhole_imagenet (406).jpg,train,manhole,data/raw/v2/hf_manhole_covers/train/train/manhole/manhole_imagenet (406).jpg,0e1629aa8e4131d1071199189a580c614ccc2b1eba145edfc99fe27596ea8d50,224,224,,source_train_manhole_candidate,"source train image labelled manhole; image-level candidate only, no boxes"
train::manhole::manhole_imagenet (407).jpg,train,manhole,data/raw/v2/hf_manhole_covers/train/train/manhole/manhole_imagenet (407).jpg,95f08d7c238f3c7f42b52cbd6e3bb30071432b0edf070359ffe922f9ea50fb84,224,224,,source_train_manhole_candidate,"source train image labelled manhole; image-level candidate only, no boxes"
train::manhole::manhole_imagenet (408).jpg,train,manhole,data/raw/v2/hf_manhole_covers/train/train/manhole/manhole_imagenet (408).jpg,c9069a765e40df33b380cee095346a93acf6abab4f4b525941caee46698280e0,224,224,,source_train_manhole_candidate,"source train image labelled manhole; image-level candidate only, no boxes"
train::manhole::manhole_imagenet (409).jpg,train,manhole,data/raw/v2/hf_manhole_covers/train/train/manhole/manhole_imagenet (409).jpg,5d9ec42918120a914d600208a7913d4b2c9fa3e464288fb31edb3de47a1e7452,224,224,,source_train_manhole_candidate,"source train image labelled manhole; image-level candidate only, no boxes"
train::manhole::manhole_imagenet (41).jpg,train,manhole,data/raw/v2/hf_manhole_covers/train/train/manhole/manhole_imagenet (41).jpg,0c49c8188f4ac6922b88dfd64c4299f75a061c7fbec3bc9156a735a0b79f1c6e,224,224,,source_train_manhole_candidate,"source train image labelled manhole; image-level candidate only, no boxes"
train::manhole::manhole_imagenet (410).jpg,train,manhole,data/raw/v2/hf_manhole_covers/train/train/manhole/manhole_imagenet (410).jpg,08b69147f304cf97ae86cf4f41eb943d54594c4f0d4482399fec6127152551a9,224,224,,source_train_manhole_candidate,"source train image labelled manhole; image-level candidate only, no boxes"
train::manhole::manhole_imagenet (411).jpg,train,manhole,data/raw/v2/hf_manhole_covers/train/train/manhole/manhole_imagenet (411).jpg,5a413a8d9a42d30499bf736ee0809d01f2e6c3e6f785d95d98aeb49d64ef101a,224,224,,source_train_manhole_candidate,"source train image labelled manhole; image-level candidate only, no boxes"
train::manhole::manhole_imagenet (412).jpg,train,manhole,data/raw/v2/hf_manhole_covers/train/train/manhole/manhole_imagenet (412).jpg,0daea05a74dab1eb3bc13b6591b6ddcd13e01163abb27ea7b72d2dac7659066c,224,224,,source_train_manhole_candidate,"source train image labelled manhole; image-level candidate only, no boxes"
train::manhole::manhole_imagenet (413).jpg,train,manhole,data/raw/v2/hf_manhole_covers/train/train/manhole/manhole_imagenet (413).jpg,b4002b266a63f4f5d11fa7989755b7444817d73bc3dd7f7550a655170509b360,224,224,,source_train_manhole_candidate,"source train image labelled manhole; image-level candidate only, no boxes"
train::manhole::manhole_imagenet (414).jpg,train,manhole,data/raw/v2/hf_manhole_covers/train/train/manhole/manhole_imagenet (414).jpg,dfcba85df43109a9ee3b52650f812631048f9724c3a0b43932c0da49231c97ea,224,224,,source_train_manhole_candidate,"source train image labelled manhole; image-level candidate only, no boxes"
train::manhole::manhole_imagenet (415).jpg,train,manhole,data/raw/v2/hf_manhole_covers/train/train/manhole/manhole_imagenet (415).jpg,30775ca683b0d5eb2707c4504394c9461cac752549f43c8d6ab97a29adcac888,224,224,,source_train_manhole_candidate,"source train image labelled manhole; image-level candidate only, no boxes"
train::manhole::manhole_imagenet (416).jpg,train,manhole,data/raw/v2/hf_manhole_covers/train/train/manhole/manhole_imagenet (416).jpg,e875c14929b5ea6056bbd0c7bf75787218dee74c757c533201cf9ccd998f27ba,224,224,,source_train_manhole_candidate,"source train image labelled manhole; image-level candidate only, no boxes"
train::manhole::manhole_imagenet (417).jpg,train,manhole,data/raw/v2/hf_manhole_covers/train/train/manhole/manhole_imagenet (417).jpg,b73c39975aab1a2ce4c5c6e997bb36fd277d6bd727ce9f2edcba824083b1751e,224,224,,source_train_manhole_candidate,"source train image labelled manhole; image-level candidate only, no boxes"
train::manhole::manhole_imagenet (418).jpg,train,manhole,data/raw/v2/hf_manhole_covers/train/train/manhole/manhole_imagenet (418).jpg,62208ba33dedd321a57e4c7c0bb86c22b9a7dc2be39788bb32a71d3ba535fc6a,224,224,,source_train_manhole_candidate,"source train image labelled manhole; image-level candidate only, no boxes"
train::manhole::manhole_imagenet (419).jpg,train,manhole,data/raw/v2/hf_manhole_covers/train/train/manhole/manhole_imagenet (419).jpg,139c98eb3c24c9e55117214e46b31a13c82f988025fa42da04b27ae27e27f090,224,224,,source_train_manhole_candidate,"source train image labelled manhole; image-level candidate only, no boxes"
train::manhole::manhole_imagenet (42).jpg,train,manhole,data/raw/v2/hf_manhole_covers/train/train/manhole/manhole_imagenet (42).jpg,08d64f6e90274228a09464453bd6d3be8410cd26c4dbc245f8de3342b621f9f7,224,224,,source_train_manhole_candidate,"source train image labelled manhole; image-level candidate only, no boxes"
train::manhole::manhole_imagenet (420).jpg,train,manhole,data/raw/v2/hf_manhole_covers/train/train/manhole/manhole_imagenet (420).jpg,d171a0e53df61f07320f931d23a3d0528a2098e7a93f7358b400baa08e784ef1,224,224,,source_train_manhole_candidate,"source train image labelled manhole; image-level candidate only, no boxes"
train::manhole::manhole_imagenet (421).jpg,train,manhole,data/raw/v2/hf_manhole_covers/train/train/manhole/manhole_imagenet (421).jpg,0f0b0b04fea138dc9236925780916a935777cdfc42cfa5c3ce55658963e5dfed,224,224,,source_train_manhole_candidate,"source train image labelled manhole; image-level candidate only, no boxes"
train::manhole::manhole_imagenet (422).jpg,train,manhole,data/raw/v2/hf_manhole_covers/train/train/manhole/manhole_imagenet (422).jpg,16b891886f152f70ee12243dc867fad10ea11850bd59c48919face7acc330891,224,224,,source_train_manhole_candidate,"source train image labelled manhole; image-level candidate only, no boxes"
train::manhole::manhole_imagenet (423).jpg,train,manhole,data/raw/v2/hf_manhole_covers/train/train/manhole/manhole_imagenet (423).jpg,900e78184c7bcbc365f5a5fe977e8dc268dd5ca4d040962884bc476242affd3c,224,224,,source_train_manhole_candidate,"source train image labelled manhole; image-level candidate only, no boxes"
train::manhole::manhole_imagenet (424).jpg,train,manhole,data/raw/v2/hf_manhole_covers/train/train/manhole/manhole_imagenet (424).jpg,a8d28c5dd970523fbdbb36469683cf6a44e383b61356ad3cf34abdbf5ded08c1,224,224,,source_train_manhole_candidate,"source train image labelled manhole; image-level candidate only, no boxes"
train::manhole::manhole_imagenet (425).jpg,train,manhole,data/raw/v2/hf_manhole_covers/train/train/manhole/manhole_imagenet (425).jpg,930607b1396af1a8e208936efbb4e6ed71c38a44d19d071a9ea8eed0b5fcb0f8,224,224,,source_train_manhole_candidate,"source train image labelled manhole; image-level candidate only, no boxes"
train::manhole::manhole_imagenet (426).jpg,train,manhole,data/raw/v2/hf_manhole_covers/train/train/manhole/manhole_imagenet (426).jpg,6e18a28dae75a5172a32942eef4b6c41c4316bd9f7c5ff570800060dc8dfb045,224,224,,source_train_manhole_candidate,"source train image labelled manhole; image-level candidate only, no boxes"
train::manhole::manhole_imagenet (427).jpg,train,manhole,data/raw/v2/hf_manhole_covers/train/train/manhole/manhole_imagenet (427).jpg,8b9e47a8c8a36f044b60e0f7764ea515e12564ea77b90763a673763567018795,224,224,,source_train_manhole_candidate,"source train image labelled manhole; image-level candidate only, no boxes"
train::manhole::manhole_imagenet (428).jpg,train,manhole,data/raw/v2/hf_manhole_covers/train/train/manhole/manhole_imagenet (428).jpg,dd248b721d51c9a92dbf0bd52d2cc83a93d463f7720b7ccc5321caa37a96222a,224,224,,source_train_manhole_candidate,"source train image labelled manhole; image-level candidate only, no boxes"
train::manhole::manhole_imagenet (429).jpg,train,manhole,data/raw/v2/hf_manhole_covers/train/train/manhole/manhole_imagenet (429).jpg,d89e04c530900d57801d7ef52c22abd78ba4904f2fabb755280cc763f1c313a5,224,224,,source_train_manhole_candidate,"source train image labelled manhole; image-level candidate only, no boxes"
train::manhole::manhole_imagenet (43).jpg,train,manhole,data/raw/v2/hf_manhole_covers/train/train/manhole/manhole_imagenet (43).jpg,863893dd9ca6008df9331523255342fb9c9175300fe046fbc0ca6b27fb320190,224,224,,source_train_manhole_candidate,"source train image labelled manhole; image-level candidate only, no boxes"
train::manhole::manhole_imagenet (430).jpg,train,manhole,data/raw/v2/hf_manhole_covers/train/train/manhole/manhole_imagenet (430).jpg,fe85ca9e2803d0899fb1540de75c2136bc73ff813d7f27358f0a6de88935b7e2,224,224,,source_train_manhole_candidate,"source train image labelled manhole; image-level candidate only, no boxes"
train::manhole::manhole_imagenet (431).jpg,train,manhole,data/raw/v2/hf_manhole_covers/train/train/manhole/manhole_imagenet (431).jpg,c5d4d64a2e0d09056b0693edfd00da96e057221a57befddf7643e7613a0b08a8,224,224,,source_train_manhole_candidate,"source train image labelled manhole; image-level candidate only, no boxes"
train::manhole::manhole_imagenet (432).jpg,train,manhole,data/raw/v2/hf_manhole_covers/train/train/manhole/manhole_imagenet (432).jpg,a9d3d4e78f7b536fe19d71f76137456d746431bacad84c43ab75c5d7e601aa03,224,224,,source_train_manhole_candidate,"source train image labelled manhole; image-level candidate only, no boxes"
train::manhole::manhole_imagenet (433).jpg,train,manhole,data/raw/v2/hf_manhole_covers/train/train/manhole/manhole_imagenet (433).jpg,958f57697b8957115b36a0a9121fe5a9c65ca987f0c495e6a65884a8bb9f92d1,224,224,,source_train_manhole_candidate,"source train image labelled manhole; image-level candidate only, no boxes"
train::manhole::manhole_imagenet (434).jpg,train,manhole,data/raw/v2/hf_manhole_covers/train/train/manhole/manhole_imagenet (434).jpg,f6191c3f340cd14ea48cb0cc039cbd78482c6435494aa8ba0f90e9439ea87d8c,224,224,,source_train_manhole_candidate,"source train image labelled manhole; image-level candidate only, no boxes"
train::manhole::manhole_imagenet (435).jpg,train,manhole,data/raw/v2/hf_manhole_covers/train/train/manhole/manhole_imagenet (435).jpg,bc516bb56ca85137d2eb7fb590d026195ffcc3048028eeb2239266b71c1d6731,224,224,,source_train_manhole_candidate,"source train image labelled manhole; image-level candidate only, no boxes"
train::manhole::manhole_imagenet (436).jpg,train,manhole,data/raw/v2/hf_manhole_covers/train/train/manhole/manhole_imagenet (436).jpg,ca170689b5e6e916fd5cc77484e8162d360a6645316061642ed60c171bf55f13,224,224,,source_train_manhole_candidate,"source train image labelled manhole; image-level candidate only, no boxes"
train::manhole::manhole_imagenet (437).jpg,train,manhole,data/raw/v2/hf_manhole_covers/train/train/manhole/manhole_imagenet (437).jpg,c127c7ef58b9a18ed2a7f5c7ca5ae2f352e04d84c1a7af717f297eb40aa7f10c,224,224,,source_train_manhole_candidate,"source train image labelled manhole; image-level candidate only, no boxes"
train::manhole::manhole_imagenet (438).jpg,train,manhole,data/raw/v2/hf_manhole_covers/train/train/manhole/manhole_imagenet (438).jpg,04192897fe0cb88290da0dae878e34969596e618457122f140a2019bdd95852f,224,224,,source_train_manhole_candidate,"source train image labelled manhole; image-level candidate only, no boxes"
train::manhole::manhole_imagenet (439).jpg,train,manhole,data/raw/v2/hf_manhole_covers/train/train/manhole/manhole_imagenet (439).jpg,b4ac298178ca3944c6f45c7771c46806703a528cdeace07278680622b616f984,224,224,,source_train_manhole_candidate,"source train image labelled manhole; image-level candidate only, no boxes"
train::manhole::manhole_imagenet (44).jpg,train,manhole,data/raw/v2/hf_manhole_covers/train/train/manhole/manhole_imagenet (44).jpg,9f96b2bf149e9a23c3f69a58a9df9425d6bf9ffa7efe526e8a0c5123e9220b8c,224,224,,source_train_manhole_candidate,"source train image labelled manhole; image-level candidate only, no boxes"
train::manhole::manhole_imagenet (440).jpg,train,manhole,data/raw/v2/hf_manhole_covers/train/train/manhole/manhole_imagenet (440).jpg,f6c5d532a4ce2739a309725ded16c0dfdb6a7adadc6bae8aa1d1fa544c40be9a,224,224,,source_train_manhole_candidate,"source train image labelled manhole; image-level candidate only, no boxes"
train::manhole::manhole_imagenet (441).jpg,train,manhole,data/raw/v2/hf_manhole_covers/train/train/manhole/manhole_imagenet (441).jpg,ca5e995060b22513122df8fd2a9db38af302482210062292bd5802d63c7368b8,224,224,,source_train_manhole_candidate,"source train image labelled manhole; image-level candidate only, no boxes"
train::manhole::manhole_imagenet (442).jpg,train,manhole,data/raw/v2/hf_manhole_covers/train/train/manhole/manhole_imagenet (442).jpg,b7d0758905c857c0542bb82ab0cdc1ef31e63f3c5954e1bb0ad5f6df6e7ff097,224,224,,source_train_manhole_candidate,"source train image labelled manhole; image-level candidate only, no boxes"
train::manhole::manhole_imagenet (443).jpg,train,manhole,data/raw/v2/hf_manhole_covers/train/train/manhole/manhole_imagenet (443).jpg,055e0f79b7adc842cec45bd102baf6805b44231e785fe0fd84b293409ca6d472,224,224,,source_train_manhole_candidate,"source train image labelled manhole; image-level candidate only, no boxes"
train::manhole::manhole_imagenet (444).jpg,train,manhole,data/raw/v2/hf_manhole_covers/train/train/manhole/manhole_imagenet (444).jpg,55453704b30bb2112fcb9f350021871ff5305c617275575895530170c3c75162,224,224,,source_train_manhole_candidate,"source train image labelled manhole; image-level candidate only, no boxes"
train::manhole::manhole_imagenet (445).jpg,train,manhole,data/raw/v2/hf_manhole_covers/train/train/manhole/manhole_imagenet (445).jpg,dc036f33d8b988700a6c3ff78d5ab2db8e831469877b917f9ffd6fbab895d0be,224,224,,source_train_manhole_candidate,"source train image labelled manhole; image-level candidate only, no boxes"
train::manhole::manhole_imagenet (446).jpg,train,manhole,data/raw/v2/hf_manhole_covers/train/train/manhole/manhole_imagenet (446).jpg,af8a1c268a0eca4f238f574f3b1593efc40d3f6780777734c99187a413fb2871,224,224,,source_train_manhole_candidate,"source train image labelled manhole; image-level candidate only, no boxes"
train::manhole::manhole_imagenet (447).jpg,train,manhole,data/raw/v2/hf_manhole_covers/train/train/manhole/manhole_imagenet (447).jpg,80693fc1d7a99659ce8b167c019a27aba2fd6763b6aaf542990d45c88f256ed5,224,224,,source_train_manhole_candidate,"source train image labelled manhole; image-level candidate only, no boxes"
train::manhole::manhole_imagenet (448).jpg,train,manhole,data/raw/v2/hf_manhole_covers/train/train/manhole/manhole_imagenet (448).jpg,16e94106af60119dd794e5a7e1a6a6e6065537b84448c2d2431cdad48d31f302,224,224,,source_train_manhole_candidate,"source train image labelled manhole; image-level candidate only, no boxes"
train::manhole::manhole_imagenet (449).jpg,train,manhole,data/raw/v2/hf_manhole_covers/train/train/manhole/manhole_imagenet (449).jpg,4912196ae8648b9dd9c2debf28b7861ccd41ad6eb8501cbbd62291c8e9fafbdb,224,224,,source_train_manhole_candidate,"source train image labelled manhole; image-level candidate only, no boxes"
train::manhole::manhole_imagenet (45).jpg,train,manhole,data/raw/v2/hf_manhole_covers/train/train/manhole/manhole_imagenet (45).jpg,0f9b8c9ac0ef428b459e3962e9276a43a95c809a0ca31b0a566ab00309bfe29c,224,224,,source_train_manhole_candidate,"source train image labelled manhole; image-level candidate only, no boxes"
train::manhole::manhole_imagenet (450).jpg,train,manhole,data/raw/v2/hf_manhole_covers/train/train/manhole/manhole_imagenet (450).jpg,0d35dff7bbef6eb5ce05023bcdf6f12f7f7557c082c933e9b9647ae5bad2f7a9,224,224,,source_train_manhole_candidate,"source train image labelled manhole; image-level candidate only, no boxes"
train::manhole::manhole_imagenet (451).jpg,train,manhole,data/raw/v2/hf_manhole_covers/train/train/manhole/manhole_imagenet (451).jpg,a88c23bc7069c1ad1ea7977c2cde4caf374e837483acdd8101e2c218845811fa,224,224,,source_train_manhole_candidate,"source train image labelled manhole; image-level candidate only, no boxes"
train::manhole::manhole_imagenet (452).jpg,train,manhole,data/raw/v2/hf_manhole_covers/train/train/manhole/manhole_imagenet (452).jpg,dca18ddba55ab0bdc910b0427e235453f5f6c8d0a1c9249e3ba32825a0317aa3,224,224,,source_train_manhole_candidate,"source train image labelled manhole; image-level candidate only, no boxes"
train::manhole::manhole_imagenet (453).jpg,train,manhole,data/raw/v2/hf_manhole_covers/train/train/manhole/manhole_imagenet (453).jpg,d2333a03195f4353973957fb9d05dd5e098cba17d3ebf9af3c69a55d3f0537bb,224,224,,source_train_manhole_candidate,"source train image labelled manhole; image-level candidate only, no boxes"
train::manhole::manhole_imagenet (454).jpg,train,manhole,data/raw/v2/hf_manhole_covers/train/train/manhole/manhole_imagenet (454).jpg,53d0e17a798e32cc9d27a8503ae9c8da60b1bf54ea676c89171d49732afda286,224,224,,source_train_manhole_candidate,"source train image labelled manhole; image-level candidate only, no boxes"
train::manhole::manhole_imagenet (455).jpg,train,manhole,data/raw/v2/hf_manhole_covers/train/train/manhole/manhole_imagenet (455).jpg,8ce3aa73256faf8cc10d38c32d8011a7abc1b919d073cf00e9d04ca5ff8ff7d5,224,224,,source_train_manhole_candidate,"source train image labelled manhole; image-level candidate only, no boxes"
train::manhole::manhole_imagenet (456).jpg,train,manhole,data/raw/v2/hf_manhole_covers/train/train/manhole/manhole_imagenet (456).jpg,8332a5281340bbafea05537aaec1afe732edc4c3a20e32d484903d8a3706cc53,224,224,,source_train_manhole_candidate,"source train image labelled manhole; image-level candidate only, no boxes"
train::manhole::manhole_imagenet (457).jpg,train,manhole,data/raw/v2/hf_manhole_covers/train/train/manhole/manhole_imagenet (457).jpg,e646e4e1ded7a74e210d726078b99b33ede4e81560c07ec1fb658a9828a1b91d,224,224,,source_train_manhole_candidate,"source train image labelled manhole; image-level candidate only, no boxes"
train::manhole::manhole_imagenet (458).jpg,train,manhole,data/raw/v2/hf_manhole_covers/train/train/manhole/manhole_imagenet (458).jpg,817ccf27074537a9710bb0dcdca27ae4dd1e086e80ae9e0dd51c8b8c52772f40,224,224,,source_train_manhole_candidate,"source train image labelled manhole; image-level candidate only, no boxes"
train::manhole::manhole_imagenet (459).jpg,train,manhole,data/raw/v2/hf_manhole_covers/train/train/manhole/manhole_imagenet (459).jpg,ff37a8b8f478d8a451638a28739837fa9b8d3ea41f5e39bf460649debec5c4b8,224,224,,source_train_manhole_candidate,"source train image labelled manhole; image-level candidate only, no boxes"
train::manhole::manhole_imagenet (46).jpg,train,manhole,data/raw/v2/hf_manhole_covers/train/train/manhole/manhole_imagenet (46).jpg,8a77a144514bf336c5d94c86371a2653a2a0dbac76977cc7c1eccc2f5931d8ce,224,224,,source_train_manhole_candidate,"source train image labelled manhole; image-level candidate only, no boxes"
train::manhole::manhole_imagenet (460).jpg,train,manhole,data/raw/v2/hf_manhole_covers/train/train/manhole/manhole_imagenet (460).jpg,d9092e4044e11e1c01e9a23674ab22893c1199b75bdd36177f21f0b935816861,224,224,,source_train_manhole_candidate,"source train image labelled manhole; image-level candidate only, no boxes"
train::manhole::manhole_imagenet (461).jpg,train,manhole,data/raw/v2/hf_manhole_covers/train/train/manhole/manhole_imagenet (461).jpg,90f62dd984e76529fc146dca2b88f820c4986a12beda4c6efc422ba7ef826d2f,224,224,,source_train_manhole_candidate,"source train image labelled manhole; image-level candidate only, no boxes"
train::manhole::manhole_imagenet (462).jpg,train,manhole,data/raw/v2/hf_manhole_covers/train/train/manhole/manhole_imagenet (462).jpg,bb5e19bd8314909ad45ae88ffacd83a510e612da535dbd1eb10a091e4e734dde,224,224,,source_train_manhole_candidate,"source train image labelled manhole; image-level candidate only, no boxes"
train::manhole::manhole_imagenet (463).jpg,train,manhole,data/raw/v2/hf_manhole_covers/train/train/manhole/manhole_imagenet (463).jpg,b9fadeace9ae7f6918bd88acf537b5a2f928345b8e67fae29b199c6baf53b678,224,224,,source_train_manhole_candidate,"source train image labelled manhole; image-level candidate only, no boxes"
train::manhole::manhole_imagenet (464).jpg,train,manhole,data/raw/v2/hf_manhole_covers/train/train/manhole/manhole_imagenet (464).jpg,2fef6ebca5763362838658504d6e76140904b75cb35c76c387392a1afc989475,224,224,,source_train_manhole_candidate,"source train image labelled manhole; image-level candidate only, no boxes"
train::manhole::manhole_imagenet (465).jpg,train,manhole,data/raw/v2/hf_manhole_covers/train/train/manhole/manhole_imagenet (465).jpg,68ac4ed31c97073ab358211f9e1f56da87a612190e0778fce78b69f4783c3b33,224,224,,source_train_manhole_candidate,"source train image labelled manhole; image-level candidate only, no boxes"
train::manhole::manhole_imagenet (466).jpg,train,manhole,data/raw/v2/hf_manhole_covers/train/train/manhole/manhole_imagenet (466).jpg,6cc4063b6396c7ceb77d8bc257a7ace14a6b8514badbe441aac4c933f9cda85c,224,224,,source_train_manhole_candidate,"source train image labelled manhole; image-level candidate only, no boxes"
train::manhole::manhole_imagenet (467).jpg,train,manhole,data/raw/v2/hf_manhole_covers/train/train/manhole/manhole_imagenet (467).jpg,6b621f5caf8905a1899590f8690bb4c8b45d5b5992d74af79956c7b817184ba5,224,224,,source_train_manhole_candidate,"source train image labelled manhole; image-level candidate only, no boxes"
train::manhole::manhole_imagenet (468).jpg,train,manhole,data/raw/v2/hf_manhole_covers/train/train/manhole/manhole_imagenet (468).jpg,8c76f243d56db53b3e598376a38eb0af88baefa56dbf63e4b401986a3b951076,224,224,,source_train_manhole_candidate,"source train image labelled manhole; image-level candidate only, no boxes"
train::manhole::manhole_imagenet (469).jpg,train,manhole,data/raw/v2/hf_manhole_covers/train/train/manhole/manhole_imagenet (469).jpg,cd9b087839fd7a32e93d58a1a5a43c8bf48acc49e5d0cfffb4390e5a8b282fa8,224,224,,source_train_manhole_candidate,"source train image labelled manhole; image-level candidate only, no boxes"
train::manhole::manhole_imagenet (47).jpg,train,manhole,data/raw/v2/hf_manhole_covers/train/train/manhole/manhole_imagenet (47).jpg,9c4a9d0ae3dbe123d959bd6d90979cd6f825c94b200f11524f9dca25035478a0,224,224,,source_train_manhole_candidate,"source train image labelled manhole; image-level candidate only, no boxes"
train::manhole::manhole_imagenet (470).jpg,train,manhole,data/raw/v2/hf_manhole_covers/train/train/manhole/manhole_imagenet (470).jpg,e42f5776e503689cc8f2833282c4224d827e70bf55ed0e7874df127aa89dcf3f,224,224,,source_train_manhole_candidate,"source train image labelled manhole; image-level candidate only, no boxes"
train::manhole::manhole_imagenet (471).jpg,train,manhole,data/raw/v2/hf_manhole_covers/train/train/manhole/manhole_imagenet (471).jpg,899855f78f97e282b3fd0cb920f148df10195c566895e33f01e2b34ffc1f6348,224,224,,source_train_manhole_candidate,"source train image labelled manhole; image-level candidate only, no boxes"
train::manhole::manhole_imagenet (472).jpg,train,manhole,data/raw/v2/hf_manhole_covers/train/train/manhole/manhole_imagenet (472).jpg,1bc99f3aeb4d168243ec81477862f6e8f5ff31b4bd6fa2c51563c58b1e174284,224,224,,source_train_manhole_candidate,"source train image labelled manhole; image-level candidate only, no boxes"
train::manhole::manhole_imagenet (473).jpg,train,manhole,data/raw/v2/hf_manhole_covers/train/train/manhole/manhole_imagenet (473).jpg,c5f026d48000271f58f6fcb59efde256bc921bc6d9042ff22a024bc0628d13eb,224,224,,source_train_manhole_candidate,"source train image labelled manhole; image-level candidate only, no boxes"
train::manhole::manhole_imagenet (474).jpg,train,manhole,data/raw/v2/hf_manhole_covers/train/train/manhole/manhole_imagenet (474).jpg,3e377d353971da9628b3ba416a14c094fa93c8587024d0c7e371a7b347766c25,224,224,,source_train_manhole_candidate,"source train image labelled manhole; image-level candidate only, no boxes"
train::manhole::manhole_imagenet (475).jpg,train,manhole,data/raw/v2/hf_manhole_covers/train/train/manhole/manhole_imagenet (475).jpg,e621110570f82819a568c8c7b5ad82c89d9abaf6036569793dc360e7962b0098,224,224,,source_train_manhole_candidate,"source train image labelled manhole; image-level candidate only, no boxes"
train::manhole::manhole_imagenet (476).jpg,train,manhole,data/raw/v2/hf_manhole_covers/train/train/manhole/manhole_imagenet (476).jpg,9d02d29f57258fb9f87644dbdb85fddc06dd5e6206d3d34064e200232b94b455,224,224,,source_train_manhole_candidate,"source train image labelled manhole; image-level candidate only, no boxes"
train::manhole::manhole_imagenet (477).jpg,train,manhole,data/raw/v2/hf_manhole_covers/train/train/manhole/manhole_imagenet (477).jpg,8d39722b40184e1173a8de89f7ced88f4b74eccf5969a76c5cc62ded17f9074f,224,224,,source_train_manhole_candidate,"source train image labelled manhole; image-level candidate only, no boxes"
train::manhole::manhole_imagenet (478).jpg,train,manhole,data/raw/v2/hf_manhole_covers/train/train/manhole/manhole_imagenet (478).jpg,34cc5b7ea188756c668637d3e751df88eaba65973934621cd641ccbea2352dfb,224,224,,source_train_manhole_candidate,"source train image labelled manhole; image-level candidate only, no boxes"
train::manhole::manhole_imagenet (479).jpg,train,manhole,data/raw/v2/hf_manhole_covers/train/train/manhole/manhole_imagenet (479).jpg,da16666b9f0ba6995634f0b5055aa83a74f61dbb71c7fbbad32e6c5388debdad,224,224,,source_train_manhole_candidate,"source train image labelled manhole; image-level candidate only, no boxes"
train::manhole::manhole_imagenet (48).jpg,train,manhole,data/raw/v2/hf_manhole_covers/train/train/manhole/manhole_imagenet (48).jpg,a7b128b0548a0bce033fd688d152186a768f91f0198ac134a3a307f3ff7530e5,224,224,,source_train_manhole_candidate,"source train image labelled manhole; image-level candidate only, no boxes"
train::manhole::manhole_imagenet (480).jpg,train,manhole,data/raw/v2/hf_manhole_covers/train/train/manhole/manhole_imagenet (480).jpg,9e9e01299943a81b7f9acc0446351e59220dafdebd7b5a4d64d95a31d08b9409,224,224,,source_train_manhole_candidate,"source train image labelled manhole; image-level candidate only, no boxes"
train::manhole::manhole_imagenet (481).jpg,train,manhole,data/raw/v2/hf_manhole_covers/train/train/manhole/manhole_imagenet (481).jpg,0691db5669de5728255c62c46e238429be9e28bf1a0bb707b8a7ff6d07dcd50a,224,224,,source_train_manhole_candidate,"source train image labelled manhole; image-level candidate only, no boxes"
train::manhole::manhole_imagenet (482).jpg,train,manhole,data/raw/v2/hf_manhole_covers/train/train/manhole/manhole_imagenet (482).jpg,da59cbc1c5806641e39184bd9ba253d2276ed3380d4aeab111e2756b9196e861,224,224,,source_train_manhole_candidate,"source train image labelled manhole; image-level candidate only, no boxes"
train::manhole::manhole_imagenet (483).jpg,train,manhole,data/raw/v2/hf_manhole_covers/train/train/manhole/manhole_imagenet (483).jpg,0c8c36e1ee44605fb85509a51b22c53480db6ef997134d840e61aafb6ef22291,224,224,,source_train_manhole_candidate,"source train image labelled manhole; image-level candidate only, no boxes"
train::manhole::manhole_imagenet (484).jpg,train,manhole,data/raw/v2/hf_manhole_covers/train/train/manhole/manhole_imagenet (484).jpg,1a622646c0fc704145fe15110f089fc302376c26309747ec2d8173b21ecac10c,224,224,,source_train_manhole_candidate,"source train image labelled manhole; image-level candidate only, no boxes"
train::manhole::manhole_imagenet (485).jpg,train,manhole,data/raw/v2/hf_manhole_covers/train/train/manhole/manhole_imagenet (485).jpg,9e50958c128347825b824622a7d3a3dae3b375008f0f098a75fc9c6d273ea135,224,224,,source_train_manhole_candidate,"source train image labelled manhole; image-level candidate only, no boxes"
train::manhole::manhole_imagenet (486).jpg,train,manhole,data/raw/v2/hf_manhole_covers/train/train/manhole/manhole_imagenet (486).jpg,a6c728813fda1c80ad57ce48748100fcc8312f39d7b1426235d8fa255ee75ff6,224,224,,source_train_manhole_candidate,"source train image labelled manhole; image-level candidate only, no boxes"
train::manhole::manhole_imagenet (487).jpg,train,manhole,data/raw/v2/hf_manhole_covers/train/train/manhole/manhole_imagenet (487).jpg,0e68b61ee4b47383660750a27256b3eb480e0e0c2e5a3b12384fe6fdbca1be08,224,224,,source_train_manhole_candidate,"source train image labelled manhole; image-level candidate only, no boxes"
train::manhole::manhole_imagenet (488).jpg,train,manhole,data/raw/v2/hf_manhole_covers/train/train/manhole/manhole_imagenet (488).jpg,9f67e5e4d088b8d888388e45253a65d5a46deea9fd30fbd64da9ae6f5fe5a644,224,224,,source_train_manhole_candidate,"source train image labelled manhole; image-level candidate only, no boxes"
train::manhole::manhole_imagenet (489).jpg,train,manhole,data/raw/v2/hf_manhole_covers/train/train/manhole/manhole_imagenet (489).jpg,4a6ba759f6c0cbc3172763e066962d4e511d0b14579719deb2c6eee3b730aff6,224,224,,source_train_manhole_candidate,"source train image labelled manhole; image-level candidate only, no boxes"
train::manhole::manhole_imagenet (49).jpg,train,manhole,data/raw/v2/hf_manhole_covers/train/train/manhole/manhole_imagenet (49).jpg,a21f92a51d0b7b81f9ffc90c3eebc2bcfa9f5a4f9e8b20b22557d4b730949f15,224,224,,source_train_manhole_candidate,"source train image labelled manhole; image-level candidate only, no boxes"
train::manhole::manhole_imagenet (490).jpg,train,manhole,data/raw/v2/hf_manhole_covers/train/train/manhole/manhole_imagenet (490).jpg,0f158f30ea6f6124dcb153b2da99ea78d292541203b3138e8966f9e09b02d505,224,224,,source_train_manhole_candidate,"source train image labelled manhole; image-level candidate only, no boxes"
train::manhole::manhole_imagenet (491).jpg,train,manhole,data/raw/v2/hf_manhole_covers/train/train/manhole/manhole_imagenet (491).jpg,c4bd3297231ec70137ac690aa403c10c6ad4ed8d41356986aa665f75ce8ee88d,224,224,,source_train_manhole_candidate,"source train image labelled manhole; image-level candidate only, no boxes"
train::manhole::manhole_imagenet (492).jpg,train,manhole,data/raw/v2/hf_manhole_covers/train/train/manhole/manhole_imagenet (492).jpg,3f06f39a77f5a3117c2e80cfc7d20cf21f9c80c7712b7e02a6ea0fb77e471497,224,224,,source_train_manhole_candidate,"source train image labelled manhole; image-level candidate only, no boxes"
train::manhole::manhole_imagenet (493).jpg,train,manhole,data/raw/v2/hf_manhole_covers/train/train/manhole/manhole_imagenet (493).jpg,c371fbb6ed656efa5354dca20eb3180544e7801533f96495fd8adb8562a4081a,224,224,,source_train_manhole_candidate,"source train image labelled manhole; image-level candidate only, no boxes"
train::manhole::manhole_imagenet (494).jpg,train,manhole,data/raw/v2/hf_manhole_covers/train/train/manhole/manhole_imagenet (494).jpg,4ef8ccf37171591ada7170d597cd14191400ac1f3ef17349ff18f10efa2b3d0d,224,224,,source_train_manhole_candidate,"source train image labelled manhole; image-level candidate only, no boxes"
train::manhole::manhole_imagenet (495).jpg,train,manhole,data/raw/v2/hf_manhole_covers/train/train/manhole/manhole_imagenet (495).jpg,39d9187f32794c8fdbf997497cb678b5491463c6e890fecd8f58fbc4dbebbb7b,224,224,,source_train_manhole_candidate,"source train image labelled manhole; image-level candidate only, no boxes"
train::manhole::manhole_imagenet (496).jpg,train,manhole,data/raw/v2/hf_manhole_covers/train/train/manhole/manhole_imagenet (496).jpg,e5b121dee2cd72767b08e60287ed3c23f21ecd233ca94aff562f250634d82660,224,224,,source_train_manhole_candidate,"source train image labelled manhole; image-level candidate only, no boxes"
train::manhole::manhole_imagenet (497).jpg,train,manhole,data/raw/v2/hf_manhole_covers/train/train/manhole/manhole_imagenet (497).jpg,2e581c09f8ab00270227e0ad515d570793ec9d00e3f29ed5ebbbda2b16585f8f,224,224,,source_train_manhole_candidate,"source train image labelled manhole; image-level candidate only, no boxes"
train::manhole::manhole_imagenet (498).jpg,train,manhole,data/raw/v2/hf_manhole_covers/train/train/manhole/manhole_imagenet (498).jpg,677ddd48638bfa46c40a5e54e15f0cb9d88b561dde823da3bb875d414c196f0f,224,224,,source_train_manhole_candidate,"source train image labelled manhole; image-level candidate only, no boxes"
train::manhole::manhole_imagenet (499).jpg,train,manhole,data/raw/v2/hf_manhole_covers/train/train/manhole/manhole_imagenet (499).jpg,332348e64b731c97bdeac1efcbb490889000d3760731e99ce3078376dfa12390,224,224,,source_train_manhole_candidate,"source train image labelled manhole; image-level candidate only, no boxes"
train::manhole::manhole_imagenet (5).jpg,train,manhole,data/raw/v2/hf_manhole_covers/train/train/manhole/manhole_imagenet (5).jpg,eb20f93bd9fee7c7e2b455efd37e71f705455ac0220021f2fc64579dc4f075e6,224,224,,source_train_manhole_candidate,"source train image labelled manhole; image-level candidate only, no boxes"
train::manhole::manhole_imagenet (50).jpg,train,manhole,data/raw/v2/hf_manhole_covers/train/train/manhole/manhole_imagenet (50).jpg,866dfbda1a7c7d6a97360e817ff085e97e704eeb11f98cd3a13de63b2592a996,224,224,,source_train_manhole_candidate,"source train image labelled manhole; image-level candidate only, no boxes"
train::manhole::manhole_imagenet (500).jpg,train,manhole,data/raw/v2/hf_manhole_covers/train/train/manhole/manhole_imagenet (500).jpg,a4af1cc899f7b8d93cef5d67c656e27c96ee84937f3a72f168af980ae0b49949,224,224,,source_train_manhole_candidate,"source train image labelled manhole; image-level candidate only, no boxes"
train::manhole::manhole_imagenet (501).jpg,train,manhole,data/raw/v2/hf_manhole_covers/train/train/manhole/manhole_imagenet (501).jpg,29a4cbb650ba13c27f7be0c8fe9b395b06b752fd222ce520f7cd8274073cac59,224,224,,source_train_manhole_candidate,"source train image labelled manhole; image-level candidate only, no boxes"
train::manhole::manhole_imagenet (502).jpg,train,manhole,data/raw/v2/hf_manhole_covers/train/train/manhole/manhole_imagenet (502).jpg,6db3470aa53ffba2912b1c17867cbad88125a3c3853d21b9c649d6e6615d5ba2,224,224,,source_train_manhole_candidate,"source train image labelled manhole; image-level candidate only, no boxes"
train::manhole::manhole_imagenet (503).jpg,train,manhole,data/raw/v2/hf_manhole_covers/train/train/manhole/manhole_imagenet (503).jpg,c50cb18e11b743c77fb71a323580c5c55ad4187aea1b89ae60125c70d712799d,224,224,,source_train_manhole_candidate,"source train image labelled manhole; image-level candidate only, no boxes"
train::manhole::manhole_imagenet (504).jpg,train,manhole,data/raw/v2/hf_manhole_covers/train/train/manhole/manhole_imagenet (504).jpg,f57f9d5286ae656bd081bd176187b9ddb7ce89d96d8e2fda1f90930449c7e7e9,224,224,,source_train_manhole_candidate,"source train image labelled manhole; image-level candidate only, no boxes"
train::manhole::manhole_imagenet (505).jpg,train,manhole,data/raw/v2/hf_manhole_covers/train/train/manhole/manhole_imagenet (505).jpg,011732230a21a068138b49605a89212f133943dc96c775dd5d6edfaeb4bf8804,224,224,,source_train_manhole_candidate,"source train image labelled manhole; image-level candidate only, no boxes"
train::manhole::manhole_imagenet (506).jpg,train,manhole,data/raw/v2/hf_manhole_covers/train/train/manhole/manhole_imagenet (506).jpg,f684444afd4922b28587913717d3c05173dbda5639a64c97c4214edb707675bf,224,224,,source_train_manhole_candidate,"source train image labelled manhole; image-level candidate only, no boxes"
train::manhole::manhole_imagenet (507).jpg,train,manhole,data/raw/v2/hf_manhole_covers/train/train/manhole/manhole_imagenet (507).jpg,1b3029626909835656cd52298cf47e62019530ae2365c5fa4369246549b5fe03,224,224,,source_train_manhole_candidate,"source train image labelled manhole; image-level candidate only, no boxes"
train::manhole::manhole_imagenet (508).jpg,train,manhole,data/raw/v2/hf_manhole_covers/train/train/manhole/manhole_imagenet (508).jpg,fe8d17ef47ed950e85adebfdb02107b5d64fc968429fcebd565f118e7d9a93bc,224,224,,source_train_manhole_candidate,"source train image labelled manhole; image-level candidate only, no boxes"
train::manhole::manhole_imagenet (509).jpg,train,manhole,data/raw/v2/hf_manhole_covers/train/train/manhole/manhole_imagenet (509).jpg,1f4f6dccb2f26392638db12ad33ee0826f9fa0ceb03daa73d08598c3f75c52cd,224,224,,source_train_manhole_candidate,"source train image labelled manhole; image-level candidate only, no boxes"
train::manhole::manhole_imagenet (51).jpg,train,manhole,data/raw/v2/hf_manhole_covers/train/train/manhole/manhole_imagenet (51).jpg,26c0bf09ac34b2b24cb0599763ef2367eb5d7a59e3d1d419126983b8d5925494,224,224,,source_train_manhole_candidate,"source train image labelled manhole; image-level candidate only, no boxes"
train::manhole::manhole_imagenet (510).jpg,train,manhole,data/raw/v2/hf_manhole_covers/train/train/manhole/manhole_imagenet (510).jpg,58d0def12cf82ebfbf32f946afa6459fa952ee1a7796a884a9160f3b5e6f301d,224,224,,source_train_manhole_candidate,"source train image labelled manhole; image-level candidate only, no boxes"
train::manhole::manhole_imagenet (511).jpg,train,manhole,data/raw/v2/hf_manhole_covers/train/train/manhole/manhole_imagenet (511).jpg,55d9a9a2acd35f4df1dfcfccccabaeb321d275e1a5c6fe0f29ad9889a5e61676,224,224,,source_train_manhole_candidate,"source train image labelled manhole; image-level candidate only, no boxes"
train::manhole::manhole_imagenet (512).jpg,train,manhole,data/raw/v2/hf_manhole_covers/train/train/manhole/manhole_imagenet (512).jpg,96cb11c7d52a45b8b9c58b7edab2ceec0ca57168f5a634a54dc465fc750753e6,224,224,,source_train_manhole_candidate,"source train image labelled manhole; image-level candidate only, no boxes"
train::manhole::manhole_imagenet (513).jpg,train,manhole,data/raw/v2/hf_manhole_covers/train/train/manhole/manhole_imagenet (513).jpg,ed01aa6f950a8bfbf503a0a5df383e398f3ce1c67214223f1c4a1991c3602738,224,224,,source_train_manhole_candidate,"source train image labelled manhole; image-level candidate only, no boxes"
train::manhole::manhole_imagenet (514).jpg,train,manhole,data/raw/v2/hf_manhole_covers/train/train/manhole/manhole_imagenet (514).jpg,ec74e7a4986c588d67ab8b3fc54576319c73bca293a4d7ada63d512755140c58,224,224,,source_train_manhole_candidate,"source train image labelled manhole; image-level candidate only, no boxes"
train::manhole::manhole_imagenet (515).jpg,train,manhole,data/raw/v2/hf_manhole_covers/train/train/manhole/manhole_imagenet (515).jpg,0209a549c72f3c8b941839e9f4f587dca9015477e6d60a7a84f9369d4ebdd38c,224,224,,source_train_manhole_candidate,"source train image labelled manhole; image-level candidate only, no boxes"
train::manhole::manhole_imagenet (516).jpg,train,manhole,data/raw/v2/hf_manhole_covers/train/train/manhole/manhole_imagenet (516).jpg,fdaf7f7ce8de511785e7bd3e323a8d7fbf6416928c894e5718ee92ab6701c57d,224,224,,source_train_manhole_candidate,"source train image labelled manhole; image-level candidate only, no boxes"
train::manhole::manhole_imagenet (517).jpg,train,manhole,data/raw/v2/hf_manhole_covers/train/train/manhole/manhole_imagenet (517).jpg,3fa7f32a3d81b19ea6bcbc7ed1a51c57b5808ef7ae2568f856502ed30087ee15,224,224,,source_train_manhole_candidate,"source train image labelled manhole; image-level candidate only, no boxes"
train::manhole::manhole_imagenet (518).jpg,train,manhole,data/raw/v2/hf_manhole_covers/train/train/manhole/manhole_imagenet (518).jpg,085a7b5db350b2b6841b45b061bb1cef89925ac43edf31e7c03aae9a25f13cb8,224,224,,source_train_manhole_candidate,"source train image labelled manhole; image-level candidate only, no boxes"
train::manhole::manhole_imagenet (519).jpg,train,manhole,data/raw/v2/hf_manhole_covers/train/train/manhole/manhole_imagenet (519).jpg,c187240062172b26561df2db133dd9e96d6ec5a2caa5ab7d1fcafd30f026a666,224,224,,source_train_manhole_candidate,"source train image labelled manhole; image-level candidate only, no boxes"
train::manhole::manhole_imagenet (52).jpg,train,manhole,data/raw/v2/hf_manhole_covers/train/train/manhole/manhole_imagenet (52).jpg,7d397b9734c203f36344ba6a1bf2de25079f83bf0ecac030bed195df20ea2f1d,224,224,,source_train_manhole_candidate,"source train image labelled manhole; image-level candidate only, no boxes"
train::manhole::manhole_imagenet (520).jpg,train,manhole,data/raw/v2/hf_manhole_covers/train/train/manhole/manhole_imagenet (520).jpg,b712b889248a0f8da8a6677afc76fbcfd0bc290cafe5f29f4fdbc9741b3c8c6c,224,224,,source_train_manhole_candidate,"source train image labelled manhole; image-level candidate only, no boxes"
train::manhole::manhole_imagenet (521).jpg,train,manhole,data/raw/v2/hf_manhole_covers/train/train/manhole/manhole_imagenet (521).jpg,e9877b7df1316d27a26f9ecf0398e54ab401a9396df8af52ebd2763232d83724,224,224,,source_train_manhole_candidate,"source train image labelled manhole; image-level candidate only, no boxes"
train::manhole::manhole_imagenet (522).jpg,train,manhole,data/raw/v2/hf_manhole_covers/train/train/manhole/manhole_imagenet (522).jpg,150b40588c64da43099872e725ed1b1349f35e1c4c56d1eac1d614f6cf925582,224,224,,source_train_manhole_candidate,"source train image labelled manhole; image-level candidate only, no boxes"
train::manhole::manhole_imagenet (523).jpg,train,manhole,data/raw/v2/hf_manhole_covers/train/train/manhole/manhole_imagenet (523).jpg,23ce3018bba3dae950d8d419a8d264d2176257fd3b22d47c96948eca2e99b47c,224,224,,source_train_manhole_candidate,"source train image labelled manhole; image-level candidate only, no boxes"
train::manhole::manhole_imagenet (524).jpg,train,manhole,data/raw/v2/hf_manhole_covers/train/train/manhole/manhole_imagenet (524).jpg,25009242d921dfd1a5c643d66f1f7e637d3355cec987c09a0172f24959ee37c6,224,224,,source_train_manhole_candidate,"source train image labelled manhole; image-level candidate only, no boxes"
train::manhole::manhole_imagenet (525).jpg,train,manhole,data/raw/v2/hf_manhole_covers/train/train/manhole/manhole_imagenet (525).jpg,ae51de119ad268c7414729be80d4ffc83bd3e13bfc26039544d7d1f882aa22b5,224,224,,source_train_manhole_candidate,"source train image labelled manhole; image-level candidate only, no boxes"
train::manhole::manhole_imagenet (526).jpg,train,manhole,data/raw/v2/hf_manhole_covers/train/train/manhole/manhole_imagenet (526).jpg,0b287cf7244ecf633d10d034af67ee80850479ed232d5e2b423ba73cb95f257f,224,224,,source_train_manhole_candidate,"source train image labelled manhole; image-level candidate only, no boxes"
train::manhole::manhole_imagenet (527).jpg,train,manhole,data/raw/v2/hf_manhole_covers/train/train/manhole/manhole_imagenet (527).jpg,3b151a5047ef1e304491747aab4b55bd91a198bd88419bacc8629543fe2fca14,224,224,,source_train_manhole_candidate,"source train image labelled manhole; image-level candidate only, no boxes"
train::manhole::manhole_imagenet (528).jpg,train,manhole,data/raw/v2/hf_manhole_covers/train/train/manhole/manhole_imagenet (528).jpg,931b3524db112d73daa1d54e407fa959d4a08d88d15a19f1ac733e7a108ab46d,224,224,,source_train_manhole_candidate,"source train image labelled manhole; image-level candidate only, no boxes"
train::manhole::manhole_imagenet (529).jpg,train,manhole,data/raw/v2/hf_manhole_covers/train/train/manhole/manhole_imagenet (529).jpg,279eb4c09bad519dd3fe67e2e162a61f027778e795b9f55a4ff573ce069e752b,224,224,,source_train_manhole_candidate,"source train image labelled manhole; image-level candidate only, no boxes"
train::manhole::manhole_imagenet (53).jpg,train,manhole,data/raw/v2/hf_manhole_covers/train/train/manhole/manhole_imagenet (53).jpg,fb1c738037d7e1de12c5acc7ec1fd580e34ae69de91b17649cb8e200119023e9,224,224,,source_train_manhole_candidate,"source train image labelled manhole; image-level candidate only, no boxes"
train::manhole::manhole_imagenet (530).jpg,train,manhole,data/raw/v2/hf_manhole_covers/train/train/manhole/manhole_imagenet (530).jpg,b3dc2526d5ea322625bd7cbbe7d416e7d416ac14134649ec6adc7a60a14ba67b,224,224,,source_train_manhole_candidate,"source train image labelled manhole; image-level candidate only, no boxes"
train::manhole::manhole_imagenet (531).jpg,train,manhole,data/raw/v2/hf_manhole_covers/train/train/manhole/manhole_imagenet (531).jpg,ec2c9e3c00575606348c386fd951c46f603479e2c257d791d5811b338e83aed1,224,224,,source_train_manhole_candidate,"source train image labelled manhole; image-level candidate only, no boxes"
train::manhole::manhole_imagenet (532).jpg,train,manhole,data/raw/v2/hf_manhole_covers/train/train/manhole/manhole_imagenet (532).jpg,235625d62f08de3a5f117ed714e5dda4f5a4eb6ec6f7161046b5f29590072b9c,224,224,,source_train_manhole_candidate,"source train image labelled manhole; image-level candidate only, no boxes"
train::manhole::manhole_imagenet (533).jpg,train,manhole,data/raw/v2/hf_manhole_covers/train/train/manhole/manhole_imagenet (533).jpg,30d181472cedee5eac4d5279d225e06cebd40b2cfcb39bc9c5482ea4e3c5de9a,224,224,,source_train_manhole_candidate,"source train image labelled manhole; image-level candidate only, no boxes"
train::manhole::manhole_imagenet (534).jpg,train,manhole,data/raw/v2/hf_manhole_covers/train/train/manhole/manhole_imagenet (534).jpg,5726d756757bdbe901555e7d3891288dfba3384c81a9df9b47572818fc2e97a0,224,224,,source_train_manhole_candidate,"source train image labelled manhole; image-level candidate only, no boxes"
train::manhole::manhole_imagenet (535).jpg,train,manhole,data/raw/v2/hf_manhole_covers/train/train/manhole/manhole_imagenet (535).jpg,c4bdeaf9e399e81d9b3a7ea58a216a36d04001d3a258341d024b0262603b8a4e,224,224,,source_train_manhole_candidate,"source train image labelled manhole; image-level candidate only, no boxes"
train::manhole::manhole_imagenet (536).jpg,train,manhole,data/raw/v2/hf_manhole_covers/train/train/manhole/manhole_imagenet (536).jpg,94a38b0d39e9dce2abfcf94c51ff2baa4b2528a464e2ac9be8d0260fca82733e,224,224,,source_train_manhole_candidate,"source train image labelled manhole; image-level candidate only, no boxes"
train::manhole::manhole_imagenet (537).jpg,train,manhole,data/raw/v2/hf_manhole_covers/train/train/manhole/manhole_imagenet (537).jpg,b668cfaa01b266cf9563b307150f96d427c1e97f48d03ee4eee13d809cda9948,224,224,,source_train_manhole_candidate,"source train image labelled manhole; image-level candidate only, no boxes"
train::manhole::manhole_imagenet (538).jpg,train,manhole,data/raw/v2/hf_manhole_covers/train/train/manhole/manhole_imagenet (538).jpg,16bd8ebd608d1c33ea18860dc98b59724c93966ef70136bf384029aa759b9832,224,224,,source_train_manhole_candidate,"source train image labelled manhole; image-level candidate only, no boxes"
train::manhole::manhole_imagenet (539).jpg,train,manhole,data/raw/v2/hf_manhole_covers/train/train/manhole/manhole_imagenet (539).jpg,0b1d5d394bce8efaf4181df2201c85339b20d20dbb1cb3bb7687129ceaad06f0,224,224,,source_train_manhole_candidate,"source train image labelled manhole; image-level candidate only, no boxes"
train::manhole::manhole_imagenet (54).jpg,train,manhole,data/raw/v2/hf_manhole_covers/train/train/manhole/manhole_imagenet (54).jpg,f4594bb0ddb068482e3668f27274e782b4d2165d253eb996510a4e00f742599d,224,224,,source_train_manhole_candidate,"source train image labelled manhole; image-level candidate only, no boxes"
train::manhole::manhole_imagenet (540).jpg,train,manhole,data/raw/v2/hf_manhole_covers/train/train/manhole/manhole_imagenet (540).jpg,0097def1e9082a66e806a468bc20678a25ba185321ad25289613c87a7cb3bfb6,224,224,,source_train_manhole_candidate,"source train image labelled manhole; image-level candidate only, no boxes"
train::manhole::manhole_imagenet (541).jpg,train,manhole,data/raw/v2/hf_manhole_covers/train/train/manhole/manhole_imagenet (541).jpg,5149b3c4bb8d978f90ae3a82a2e0a66f2e8c6c3c486af1cd3219464bbf288c65,224,224,,source_train_manhole_candidate,"source train image labelled manhole; image-level candidate only, no boxes"
train::manhole::manhole_imagenet (542).jpg,train,manhole,data/raw/v2/hf_manhole_covers/train/train/manhole/manhole_imagenet (542).jpg,11d805a33ba24a7401861b80a80d7eb4a38ef1bfc8e32ffcddc42820ae1bb982,224,224,,source_train_manhole_candidate,"source train image labelled manhole; image-level candidate only, no boxes"
train::manhole::manhole_imagenet (543).jpg,train,manhole,data/raw/v2/hf_manhole_covers/train/train/manhole/manhole_imagenet (543).jpg,1db99aa87311e3379514e52c40525b8fd41bc20e5f6caf93e4c29ed316c38312,224,224,,source_train_manhole_candidate,"source train image labelled manhole; image-level candidate only, no boxes"
train::manhole::manhole_imagenet (544).jpg,train,manhole,data/raw/v2/hf_manhole_covers/train/train/manhole/manhole_imagenet (544).jpg,f82c1479581bf4f5352b25244e49f37312ec61370c93fdfd2388aeb882fdfa9e,224,224,,source_train_manhole_candidate,"source train image labelled manhole; image-level candidate only, no boxes"
train::manhole::manhole_imagenet (545).jpg,train,manhole,data/raw/v2/hf_manhole_covers/train/train/manhole/manhole_imagenet (545).jpg,5bfa1ef6048813c8b111fe9739ed5ca48c6fa1b7337392232ab4b9cef7d76c27,224,224,,source_train_manhole_candidate,"source train image labelled manhole; image-level candidate only, no boxes"
train::manhole::manhole_imagenet (546).jpg,train,manhole,data/raw/v2/hf_manhole_covers/train/train/manhole/manhole_imagenet (546).jpg,493a620e3ac84b0385bf5a13c092b9d89561a8f7b7c418d91ce3421d3091bd93,224,224,,source_train_manhole_candidate,"source train image labelled manhole; image-level candidate only, no boxes"
train::manhole::manhole_imagenet (547).jpg,train,manhole,data/raw/v2/hf_manhole_covers/train/train/manhole/manhole_imagenet (547).jpg,03175c4fa20b5cb52c93bd6412ffc73b2885154ac355fbe8e81c7c56ac936183,224,224,,source_train_manhole_candidate,"source train image labelled manhole; image-level candidate only, no boxes"
train::manhole::manhole_imagenet (548).jpg,train,manhole,data/raw/v2/hf_manhole_covers/train/train/manhole/manhole_imagenet (548).jpg,a0b813b0fd2ad3e614d3e0707241e45e4d281bbdedf4f68ebef73be8deaa6627,224,224,,source_train_manhole_candidate,"source train image labelled manhole; image-level candidate only, no boxes"
train::manhole::manhole_imagenet (549).jpg,train,manhole,data/raw/v2/hf_manhole_covers/train/train/manhole/manhole_imagenet (549).jpg,ee2eb05fa401c521fc7f89e3a29b6bdba050bcd43c796c7e5683341bec1881b0,224,224,,source_train_manhole_candidate,"source train image labelled manhole; image-level candidate only, no boxes"
train::manhole::manhole_imagenet (55).jpg,train,manhole,data/raw/v2/hf_manhole_covers/train/train/manhole/manhole_imagenet (55).jpg,bd9b2304e07104fe54477afc211bf2a6ea5faaf39b5809ac6357b52f786a212d,224,224,,source_train_manhole_candidate,"source train image labelled manhole; image-level candidate only, no boxes"
train::manhole::manhole_imagenet (550).jpg,train,manhole,data/raw/v2/hf_manhole_covers/train/train/manhole/manhole_imagenet (550).jpg,95f60f0a704fa7f3c3c2412f4522c5981f572e71b98ec19042333c01e4f99bcd,224,224,,source_train_manhole_candidate,"source train image labelled manhole; image-level candidate only, no boxes"
train::manhole::manhole_imagenet (551).jpg,train,manhole,data/raw/v2/hf_manhole_covers/train/train/manhole/manhole_imagenet (551).jpg,50c41eb97f36928a5b4771d527c114f386daf914390d9160f235e37884f74f14,224,224,,source_train_manhole_candidate,"source train image labelled manhole; image-level candidate only, no boxes"
train::manhole::manhole_imagenet (552).jpg,train,manhole,data/raw/v2/hf_manhole_covers/train/train/manhole/manhole_imagenet (552).jpg,a304704fb07724ac62f55ed0cf37ac4fee360c1eddd150a6f7b536ba10d90c25,224,224,,source_train_manhole_candidate,"source train image labelled manhole; image-level candidate only, no boxes"
train::manhole::manhole_imagenet (553).jpg,train,manhole,data/raw/v2/hf_manhole_covers/train/train/manhole/manhole_imagenet (553).jpg,acef166d78327a4bcafdf53e191e7ae762977d960cf8b250039ba5aee08a2fb0,224,224,,source_train_manhole_candidate,"source train image labelled manhole; image-level candidate only, no boxes"
train::manhole::manhole_imagenet (554).jpg,train,manhole,data/raw/v2/hf_manhole_covers/train/train/manhole/manhole_imagenet (554).jpg,7c5d862766fd1cab27b47615416f01e9f12393613a2a66b689ed9ff9b6eec232,224,224,,source_train_manhole_candidate,"source train image labelled manhole; image-level candidate only, no boxes"
train::manhole::manhole_imagenet (555).jpg,train,manhole,data/raw/v2/hf_manhole_covers/train/train/manhole/manhole_imagenet (555).jpg,f8693c25e8af8a05ad9b229d9cd3c5f4f1c97fce91d1b062a45faac4c13dabc5,224,224,,source_train_manhole_candidate,"source train image labelled manhole; image-level candidate only, no boxes"
train::manhole::manhole_imagenet (556).jpg,train,manhole,data/raw/v2/hf_manhole_covers/train/train/manhole/manhole_imagenet (556).jpg,ab74cd751e6efc91294247482350aeb52ca15715172df1f7eadcd257d869e1e3,224,224,,source_train_manhole_candidate,"source train image labelled manhole; image-level candidate only, no boxes"
train::manhole::manhole_imagenet (557).jpg,train,manhole,data/raw/v2/hf_manhole_covers/train/train/manhole/manhole_imagenet (557).jpg,13077651993144ff2d9be37db83d7e32cd43f9cfa12f584ac4596684c3cc02e6,224,224,,source_train_manhole_candidate,"source train image labelled manhole; image-level candidate only, no boxes"
train::manhole::manhole_imagenet (558).jpg,train,manhole,data/raw/v2/hf_manhole_covers/train/train/manhole/manhole_imagenet (558).jpg,19737b071653bdcf3cb0f4e2e145b854f2d45b5814199406f5b3fb1b90d54d6c,224,224,,source_train_manhole_candidate,"source train image labelled manhole; image-level candidate only, no boxes"
train::manhole::manhole_imagenet (559).jpg,train,manhole,data/raw/v2/hf_manhole_covers/train/train/manhole/manhole_imagenet (559).jpg,a46a8e622d710a7901f84abe72e076a409b4a52c7de6d2f78dbfcb1e2d1f539a,224,224,,source_train_manhole_candidate,"source train image labelled manhole; image-level candidate only, no boxes"
train::manhole::manhole_imagenet (56).jpg,train,manhole,data/raw/v2/hf_manhole_covers/train/train/manhole/manhole_imagenet (56).jpg,892c979706719576e593a4ca1cd6e5cd4f7c60d64b3983415afe2d76ff870ba2,224,224,,source_train_manhole_candidate,"source train image labelled manhole; image-level candidate only, no boxes"
train::manhole::manhole_imagenet (560).jpg,train,manhole,data/raw/v2/hf_manhole_covers/train/train/manhole/manhole_imagenet (560).jpg,21be51ae843206f84ea0ad3889137577314d8983dfa84a26e17ca995c49ed70a,224,224,,source_train_manhole_candidate,"source train image labelled manhole; image-level candidate only, no boxes"
train::manhole::manhole_imagenet (561).jpg,train,manhole,data/raw/v2/hf_manhole_covers/train/train/manhole/manhole_imagenet (561).jpg,c1816a14c7faecbc3eca0a8265c959d65b2c312035ae1ea138d11dcd73ecfb4f,224,224,,source_train_manhole_candidate,"source train image labelled manhole; image-level candidate only, no boxes"
train::manhole::manhole_imagenet (562).jpg,train,manhole,data/raw/v2/hf_manhole_covers/train/train/manhole/manhole_imagenet (562).jpg,bdcc70b09d4d9d39bf6e56d2a1b601a2a177db838d5cb359f02f441351892fe7,224,224,,source_train_manhole_candidate,"source train image labelled manhole; image-level candidate only, no boxes"
train::manhole::manhole_imagenet (563).jpg,train,manhole,data/raw/v2/hf_manhole_covers/train/train/manhole/manhole_imagenet (563).jpg,459abc7d35a393791d7b051e9e8b36e28775566053698ae32b397e29fa1c1f8b,224,224,,source_train_manhole_candidate,"source train image labelled manhole; image-level candidate only, no boxes"
train::manhole::manhole_imagenet (564).jpg,train,manhole,data/raw/v2/hf_manhole_covers/train/train/manhole/manhole_imagenet (564).jpg,7a3b171044216fb8924de9f4391da0997eaa676780c778b3520a78e979d7ddec,224,224,,source_train_manhole_candidate,"source train image labelled manhole; image-level candidate only, no boxes"
train::manhole::manhole_imagenet (565).jpg,train,manhole,data/raw/v2/hf_manhole_covers/train/train/manhole/manhole_imagenet (565).jpg,dfce92e7c7c078cfbce37ad478ddb27258564e5a6997dc5574d11418b8eaebdc,224,224,,source_train_manhole_candidate,"source train image labelled manhole; image-level candidate only, no boxes"
train::manhole::manhole_imagenet (566).jpg,train,manhole,data/raw/v2/hf_manhole_covers/train/train/manhole/manhole_imagenet (566).jpg,5ae03a7f01fef748cffdd8585eba5431ba2d43b0479e66c9dd75540c6920a20e,224,224,,source_train_manhole_candidate,"source train image labelled manhole; image-level candidate only, no boxes"
train::manhole::manhole_imagenet (567).jpg,train,manhole,data/raw/v2/hf_manhole_covers/train/train/manhole/manhole_imagenet (567).jpg,9c9a6ab478b0953651613f7162cb7106091017d394a9f4f5b0d3db6a0daa1bc9,224,224,,source_train_manhole_candidate,"source train image labelled manhole; image-level candidate only, no boxes"
train::manhole::manhole_imagenet (568).jpg,train,manhole,data/raw/v2/hf_manhole_covers/train/train/manhole/manhole_imagenet (568).jpg,4b1605d0df3c990ebfe74b6e5df327c1de65355582968c647b86af72e27c073d,224,224,,source_train_manhole_candidate,"source train image labelled manhole; image-level candidate only, no boxes"
train::manhole::manhole_imagenet (569).jpg,train,manhole,data/raw/v2/hf_manhole_covers/train/train/manhole/manhole_imagenet (569).jpg,6dbcceea3527a0ad94ff99394026785ee86c91573465311455fe31ad0e4a5f54,224,224,,source_train_manhole_candidate,"source train image labelled manhole; image-level candidate only, no boxes"
train::manhole::manhole_imagenet (57).jpg,train,manhole,data/raw/v2/hf_manhole_covers/train/train/manhole/manhole_imagenet (57).jpg,e9d4fbe28ada57214d3536328388e4af0ff6cf5734c661abceb0207a36f42fbd,224,224,,source_train_manhole_candidate,"source train image labelled manhole; image-level candidate only, no boxes"
train::manhole::manhole_imagenet (570).jpg,train,manhole,data/raw/v2/hf_manhole_covers/train/train/manhole/manhole_imagenet (570).jpg,a1c1c766257b5dbb3c5bee9a02ef2d0173138d6d6c81e80c2af5ace9bdfc95ec,224,224,,source_train_manhole_candidate,"source train image labelled manhole; image-level candidate only, no boxes"
train::manhole::manhole_imagenet (571).jpg,train,manhole,data/raw/v2/hf_manhole_covers/train/train/manhole/manhole_imagenet (571).jpg,c150606d887f657a6c87186f996a3b461b5c57fb35f5c0deacf405653d859889,224,224,,source_train_manhole_candidate,"source train image labelled manhole; image-level candidate only, no boxes"
train::manhole::manhole_imagenet (572).jpg,train,manhole,data/raw/v2/hf_manhole_covers/train/train/manhole/manhole_imagenet (572).jpg,5e585c769d37d42e902edd6f791ddeb2726c6b557dce22c66b1db26a628bfbbd,224,224,,source_train_manhole_candidate,"source train image labelled manhole; image-level candidate only, no boxes"
train::manhole::manhole_imagenet (573).jpg,train,manhole,data/raw/v2/hf_manhole_covers/train/train/manhole/manhole_imagenet (573).jpg,a4278e7691397421dfd15c87cc3791f5e96c4e624bff5810b97872c38222c8c8,224,224,,source_train_manhole_candidate,"source train image labelled manhole; image-level candidate only, no boxes"
train::manhole::manhole_imagenet (574).jpg,train,manhole,data/raw/v2/hf_manhole_covers/train/train/manhole/manhole_imagenet (574).jpg,35c1d2496e0b94625043889d26ee1c718a452c5b5f3a0d8c9b3fbdfffdb29f96,224,224,,source_train_manhole_candidate,"source train image labelled manhole; image-level candidate only, no boxes"
train::manhole::manhole_imagenet (575).jpg,train,manhole,data/raw/v2/hf_manhole_covers/train/train/manhole/manhole_imagenet (575).jpg,1f526882df178924429fb99ac86e198c5980e30f5bb71cc43d1240fc00978679,224,224,,source_train_manhole_candidate,"source train image labelled manhole; image-level candidate only, no boxes"
train::manhole::manhole_imagenet (576).jpg,train,manhole,data/raw/v2/hf_manhole_covers/train/train/manhole/manhole_imagenet (576).jpg,b8533874c78e474d54d3ff5d5fddbcea8ced9f61801d13d8eb2432913aa15e9d,224,224,,source_train_manhole_candidate,"source train image labelled manhole; image-level candidate only, no boxes"
train::manhole::manhole_imagenet (577).jpg,train,manhole,data/raw/v2/hf_manhole_covers/train/train/manhole/manhole_imagenet (577).jpg,51f5a6d4b0747e8e63cabac74027a3fe8ba9f9706d6f0971e3d99511c0cc7e31,224,224,,source_train_manhole_candidate,"source train image labelled manhole; image-level candidate only, no boxes"
train::manhole::manhole_imagenet (578).jpg,train,manhole,data/raw/v2/hf_manhole_covers/train/train/manhole/manhole_imagenet (578).jpg,fe7e26ca793be3d94ae9585a7f15bd74f8f13a981a7f69d16cf10fcd96224ba9,224,224,,source_train_manhole_candidate,"source train image labelled manhole; image-level candidate only, no boxes"
train::manhole::manhole_imagenet (579).jpg,train,manhole,data/raw/v2/hf_manhole_covers/train/train/manhole/manhole_imagenet (579).jpg,806699f99ac9a3fcc61af015556f7cf8763a55fdbe0e110b894a0e76e95d74fb,224,224,,source_train_manhole_candidate,"source train image labelled manhole; image-level candidate only, no boxes"
train::manhole::manhole_imagenet (58).jpg,train,manhole,data/raw/v2/hf_manhole_covers/train/train/manhole/manhole_imagenet (58).jpg,bf102ac3e20c54e2363cc7027e9404762d9399498921dae53d43ab3fa376a424,224,224,,source_train_manhole_candidate,"source train image labelled manhole; image-level candidate only, no boxes"
train::manhole::manhole_imagenet (580).jpg,train,manhole,data/raw/v2/hf_manhole_covers/train/train/manhole/manhole_imagenet (580).jpg,643da739b0605406d6040a58eeea75e64c24be8312627f4751114d1b2492a799,224,224,,source_train_manhole_candidate,"source train image labelled manhole; image-level candidate only, no boxes"
train::manhole::manhole_imagenet (581).jpg,train,manhole,data/raw/v2/hf_manhole_covers/train/train/manhole/manhole_imagenet (581).jpg,d906721bce9261692b4e6fdcb90244e9bc92e8afebf0ad97ab1049e5fe9cd360,224,224,,source_train_manhole_candidate,"source train image labelled manhole; image-level candidate only, no boxes"
train::manhole::manhole_imagenet (582).jpg,train,manhole,data/raw/v2/hf_manhole_covers/train/train/manhole/manhole_imagenet (582).jpg,32a6fd8837d92760ce8cea2172d86805fb4a740a37f79c67a8656f4ed696fc14,224,224,,source_train_manhole_candidate,"source train image labelled manhole; image-level candidate only, no boxes"
train::manhole::manhole_imagenet (583).jpg,train,manhole,data/raw/v2/hf_manhole_covers/train/train/manhole/manhole_imagenet (583).jpg,b416a4bdf3d10f50b6930dc3ebc650fe112f604ca3e267bb4604b83e5cae532d,224,224,,source_train_manhole_candidate,"source train image labelled manhole; image-level candidate only, no boxes"
train::manhole::manhole_imagenet (584).jpg,train,manhole,data/raw/v2/hf_manhole_covers/train/train/manhole/manhole_imagenet (584).jpg,3544f04985a0218d6efa0063b90664717f78c0f3c45bcddbd01d3d3635a40644,224,224,,source_train_manhole_candidate,"source train image labelled manhole; image-level candidate only, no boxes"
train::manhole::manhole_imagenet (585).jpg,train,manhole,data/raw/v2/hf_manhole_covers/train/train/manhole/manhole_imagenet (585).jpg,6d05b279baed66de764a210d3ba9b9961c80682b10fdc94199a2387ce9c2dc53,224,224,,source_train_manhole_candidate,"source train image labelled manhole; image-level candidate only, no boxes"
train::manhole::manhole_imagenet (586).jpg,train,manhole,data/raw/v2/hf_manhole_covers/train/train/manhole/manhole_imagenet (586).jpg,51f42b9d38d8e0e907d6bc8b8db2844a16a3240aeb7dfbc01c0b657b010ac130,224,224,,source_train_manhole_candidate,"source train image labelled manhole; image-level candidate only, no boxes"
train::manhole::manhole_imagenet (587).jpg,train,manhole,data/raw/v2/hf_manhole_covers/train/train/manhole/manhole_imagenet (587).jpg,087891e500ad14e85c0622c63ee7e1396e828c7c7868d4188b982181866a7ac5,224,224,,source_train_manhole_candidate,"source train image labelled manhole; image-level candidate only, no boxes"
train::manhole::manhole_imagenet (588).jpg,train,manhole,data/raw/v2/hf_manhole_covers/train/train/manhole/manhole_imagenet (588).jpg,ad088fee0749fdf5ef9675c027d3bf79bda350351c9050efc8d3de5db3314519,224,224,,source_train_manhole_candidate,"source train image labelled manhole; image-level candidate only, no boxes"
train::manhole::manhole_imagenet (589).jpg,train,manhole,data/raw/v2/hf_manhole_covers/train/train/manhole/manhole_imagenet (589).jpg,5406996fd1422d3efec33e5c27c8f3cfb78790d049a31035c16bd89fea110473,224,224,,source_train_manhole_candidate,"source train image labelled manhole; image-level candidate only, no boxes"
train::manhole::manhole_imagenet (59).jpg,train,manhole,data/raw/v2/hf_manhole_covers/train/train/manhole/manhole_imagenet (59).jpg,8a9796967bc622e6c7239beb0498d2bc58347c9230c6d16df24bbe49ecf33255,224,224,,source_train_manhole_candidate,"source train image labelled manhole; image-level candidate only, no boxes"
train::manhole::manhole_imagenet (590).jpg,train,manhole,data/raw/v2/hf_manhole_covers/train/train/manhole/manhole_imagenet (590).jpg,12392e2d8ebc4ae421220a07e8a557fc9f20975dcffdf9fe843eac283a34602a,224,224,,source_train_manhole_candidate,"source train image labelled manhole; image-level candidate only, no boxes"
train::manhole::manhole_imagenet (591).jpg,train,manhole,data/raw/v2/hf_manhole_covers/train/train/manhole/manhole_imagenet (591).jpg,d565f04023ebe813a500c5e3aa261a63cbf9a09bc20f393038daf13fa30ed41c,224,224,,source_train_manhole_candidate,"source train image labelled manhole; image-level candidate only, no boxes"
train::manhole::manhole_imagenet (592).jpg,train,manhole,data/raw/v2/hf_manhole_covers/train/train/manhole/manhole_imagenet (592).jpg,bae4bebb201084a165cf5c19caa93aa35bcb5bc4d82b78e0e750d867ad14039f,224,224,,source_train_manhole_candidate,"source train image labelled manhole; image-level candidate only, no boxes"
train::manhole::manhole_imagenet (593).jpg,train,manhole,data/raw/v2/hf_manhole_covers/train/train/manhole/manhole_imagenet (593).jpg,525045f312224299db1eacacd72f29b6c2905d021a3f82c15808dda6b351ab5c,224,224,,source_train_manhole_candidate,"source train image labelled manhole; image-level candidate only, no boxes"
train::manhole::manhole_imagenet (594).jpg,train,manhole,data/raw/v2/hf_manhole_covers/train/train/manhole/manhole_imagenet (594).jpg,acd95c3381c5bd8d78bbd1a3cd78e32258295c607fde5b5f7180fdb7e398dec5,224,224,,source_train_manhole_candidate,"source train image labelled manhole; image-level candidate only, no boxes"
train::manhole::manhole_imagenet (595).jpg,train,manhole,data/raw/v2/hf_manhole_covers/train/train/manhole/manhole_imagenet (595).jpg,e8a187c30377ed84257f0a100bdea6d832aaefedfdfd83aad17fb38165ea8700,224,224,,source_train_manhole_candidate,"source train image labelled manhole; image-level candidate only, no boxes"
train::manhole::manhole_imagenet (596).jpg,train,manhole,data/raw/v2/hf_manhole_covers/train/train/manhole/manhole_imagenet (596).jpg,50a4bce86baecf85e25b978ceb51808289b6abd4439d848310d0785f90876333,224,224,,source_train_manhole_candidate,"source train image labelled manhole; image-level candidate only, no boxes"
train::manhole::manhole_imagenet (597).jpg,train,manhole,data/raw/v2/hf_manhole_covers/train/train/manhole/manhole_imagenet (597).jpg,69d3338b580c8cfee4b04a558017a427837326c94b79db07a0ef9b1be55f6234,224,224,,source_train_manhole_candidate,"source train image labelled manhole; image-level candidate only, no boxes"
train::manhole::manhole_imagenet (598).jpg,train,manhole,data/raw/v2/hf_manhole_covers/train/train/manhole/manhole_imagenet (598).jpg,bc56f3bd27d8173e4da846e56142348daa0b80c905f081a951cdaff5b8c55e8d,224,224,,source_train_manhole_candidate,"source train image labelled manhole; image-level candidate only, no boxes"
train::manhole::manhole_imagenet (599).jpg,train,manhole,data/raw/v2/hf_manhole_covers/train/train/manhole/manhole_imagenet (599).jpg,f11bce5cb749b77ff6510afb77d3ac543d6585cb763a0a39cab6894b262c496b,224,224,,source_train_manhole_candidate,"source train image labelled manhole; image-level candidate only, no boxes"
train::manhole::manhole_imagenet (6).jpg,train,manhole,data/raw/v2/hf_manhole_covers/train/train/manhole/manhole_imagenet (6).jpg,9e8e96d6250ef21de33273aa8f7306d63f3fe2e653c250aa52e8af139d598196,224,224,,source_train_manhole_candidate,"source train image labelled manhole; image-level candidate only, no boxes"
train::manhole::manhole_imagenet (60).jpg,train,manhole,data/raw/v2/hf_manhole_covers/train/train/manhole/manhole_imagenet (60).jpg,ce182b16cc0b57bd3b510b19de1d77351b943752ed77f7f8ed52cb2012e7ae38,224,224,,source_train_manhole_candidate,"source train image labelled manhole; image-level candidate only, no boxes"
train::manhole::manhole_imagenet (600).jpg,train,manhole,data/raw/v2/hf_manhole_covers/train/train/manhole/manhole_imagenet (600).jpg,d94d4c97a666513a5a1d325adae89573755c56aee99fa7c6d9f63136132442cf,224,224,,source_train_manhole_candidate,"source train image labelled manhole; image-level candidate only, no boxes"
train::manhole::manhole_imagenet (601).jpg,train,manhole,data/raw/v2/hf_manhole_covers/train/train/manhole/manhole_imagenet (601).jpg,5abe6cab0e2a7c480061ecdf74e8f20c2e1387cb65ab5858a8e2becd71eccdaf,224,224,,source_train_manhole_candidate,"source train image labelled manhole; image-level candidate only, no boxes"
train::manhole::manhole_imagenet (602).jpg,train,manhole,data/raw/v2/hf_manhole_covers/train/train/manhole/manhole_imagenet (602).jpg,031984fa293ee572f4e64d2fde05fdbb8cead1e60738f92cce977b07f86ab503,224,224,,source_train_manhole_candidate,"source train image labelled manhole; image-level candidate only, no boxes"
train::manhole::manhole_imagenet (603).jpg,train,manhole,data/raw/v2/hf_manhole_covers/train/train/manhole/manhole_imagenet (603).jpg,a2ca4bc60672daa5f4c0a24a99fcd97fba540f2a892b60cc1724cf8bd779c135,224,224,,source_train_manhole_candidate,"source train image labelled manhole; image-level candidate only, no boxes"
train::manhole::manhole_imagenet (604).jpg,train,manhole,data/raw/v2/hf_manhole_covers/train/train/manhole/manhole_imagenet (604).jpg,4cd7abdeeff160b76415e6e86e5dc2ae77933551d657082afa497348b632f205,224,224,,source_train_manhole_candidate,"source train image labelled manhole; image-level candidate only, no boxes"
train::manhole::manhole_imagenet (605).jpg,train,manhole,data/raw/v2/hf_manhole_covers/train/train/manhole/manhole_imagenet (605).jpg,bb70372ad779bd27b01c7629c6b78b0e4b61851f93662cfd5ecc7e084321bf4e,224,224,,source_train_manhole_candidate,"source train image labelled manhole; image-level candidate only, no boxes"
train::manhole::manhole_imagenet (606).jpg,train,manhole,data/raw/v2/hf_manhole_covers/train/train/manhole/manhole_imagenet (606).jpg,1d387fd67d4ea43b542f49a4fdc7042611fc8aa3d62e30382119957a441b8ad0,224,224,,source_train_manhole_candidate,"source train image labelled manhole; image-level candidate only, no boxes"
train::manhole::manhole_imagenet (607).jpg,train,manhole,data/raw/v2/hf_manhole_covers/train/train/manhole/manhole_imagenet (607).jpg,c38a00fb9c39dc1759bad13bc1cb3aaf717e176cc042ea15e9bea5d7f93ac94a,224,224,,source_train_manhole_candidate,"source train image labelled manhole; image-level candidate only, no boxes"
train::manhole::manhole_imagenet (608).jpg,train,manhole,data/raw/v2/hf_manhole_covers/train/train/manhole/manhole_imagenet (608).jpg,f5cf5c7734ec335ee9af302f47200badb67de768c5a82d577d6c73c39adad00e,224,224,,source_train_manhole_candidate,"source train image labelled manhole; image-level candidate only, no boxes"
train::manhole::manhole_imagenet (609).jpg,train,manhole,data/raw/v2/hf_manhole_covers/train/train/manhole/manhole_imagenet (609).jpg,62633a18a888e97d3eafae8b1309986254561fbb945b404fa06d869cb7dd83b7,224,224,,source_train_manhole_candidate,"source train image labelled manhole; image-level candidate only, no boxes"
train::manhole::manhole_imagenet (61).jpg,train,manhole,data/raw/v2/hf_manhole_covers/train/train/manhole/manhole_imagenet (61).jpg,4f56db245ac5cddd5355dcce4a10395ca74e4ecc800ce176fa6103e0b31d9b56,224,224,,source_train_manhole_candidate,"source train image labelled manhole; image-level candidate only, no boxes"
train::manhole::manhole_imagenet (610).jpg,train,manhole,data/raw/v2/hf_manhole_covers/train/train/manhole/manhole_imagenet (610).jpg,0c569bd328e4d0ad56a81c9a2a9d7d31f59c349d227a3274caf59ebc4b7db9cf,224,224,,source_train_manhole_candidate,"source train image labelled manhole; image-level candidate only, no boxes"
train::manhole::manhole_imagenet (611).jpg,train,manhole,data/raw/v2/hf_manhole_covers/train/train/manhole/manhole_imagenet (611).jpg,9df8fd1a8fe168adfec2988d6d480d5163038e9f81da8eaf690aa9ea4d59b2b1,224,224,,source_train_manhole_candidate,"source train image labelled manhole; image-level candidate only, no boxes"
train::manhole::manhole_imagenet (612).jpg,train,manhole,data/raw/v2/hf_manhole_covers/train/train/manhole/manhole_imagenet (612).jpg,e5a0fafb796a3f6decffa787d6ea04ba740043ffafe3ae844b8c597de025a0b8,224,224,,source_train_manhole_candidate,"source train image labelled manhole; image-level candidate only, no boxes"
train::manhole::manhole_imagenet (613).jpg,train,manhole,data/raw/v2/hf_manhole_covers/train/train/manhole/manhole_imagenet (613).jpg,e71642db1546dcc46b8a7deea63f29c35ea5c83d9fee2cf3a1d9b4039f4a6834,224,224,,source_train_manhole_candidate,"source train image labelled manhole; image-level candidate only, no boxes"
train::manhole::manhole_imagenet (614).jpg,train,manhole,data/raw/v2/hf_manhole_covers/train/train/manhole/manhole_imagenet (614).jpg,7b80ce70df94dd37d0b411babbe0c3f053e4e0b72958b0f6903280c82188dca0,224,224,,source_train_manhole_candidate,"source train image labelled manhole; image-level candidate only, no boxes"
train::manhole::manhole_imagenet (615).jpg,train,manhole,data/raw/v2/hf_manhole_covers/train/train/manhole/manhole_imagenet (615).jpg,25893a14709b94db4e6c34649fed81bae486d10cd9ec1f45c76e3779812d0f9e,224,224,,source_train_manhole_candidate,"source train image labelled manhole; image-level candidate only, no boxes"
train::manhole::manhole_imagenet (616).jpg,train,manhole,data/raw/v2/hf_manhole_covers/train/train/manhole/manhole_imagenet (616).jpg,178295d285c280cc9eb09a523f4e406af80b468ca721846ea152cb29562e5060,224,224,,source_train_manhole_candidate,"source train image labelled manhole; image-level candidate only, no boxes"
train::manhole::manhole_imagenet (617).jpg,train,manhole,data/raw/v2/hf_manhole_covers/train/train/manhole/manhole_imagenet (617).jpg,8cfaee43559f9335a7937e445f07623350e89fded751cc0d091ed5be0c3d0267,224,224,,source_train_manhole_candidate,"source train image labelled manhole; image-level candidate only, no boxes"
train::manhole::manhole_imagenet (618).jpg,train,manhole,data/raw/v2/hf_manhole_covers/train/train/manhole/manhole_imagenet (618).jpg,0e670e2ed73c9d6e871ac9e2ef774d283921dedd4ffcf32ad9edb27cce8ea811,224,224,,source_train_manhole_candidate,"source train image labelled manhole; image-level candidate only, no boxes"
train::manhole::manhole_imagenet (619).jpg,train,manhole,data/raw/v2/hf_manhole_covers/train/train/manhole/manhole_imagenet (619).jpg,b47662bcfafb86937dbdac2bdc47a3f4250bfaadc09c2123facf54fd791b5ccb,224,224,,source_train_manhole_candidate,"source train image labelled manhole; image-level candidate only, no boxes"
train::manhole::manhole_imagenet (62).jpg,train,manhole,data/raw/v2/hf_manhole_covers/train/train/manhole/manhole_imagenet (62).jpg,39b228b5e6073b3b1bba451617ca109d3f4d966632a156723ded4efcdd57369a,224,224,,source_train_manhole_candidate,"source train image labelled manhole; image-level candidate only, no boxes"
train::manhole::manhole_imagenet (620).jpg,train,manhole,data/raw/v2/hf_manhole_covers/train/train/manhole/manhole_imagenet (620).jpg,78890ce282549e8adf9fa5658c1af31235a26e7eb4f64e2143a083a5162cba05,224,224,,source_train_manhole_candidate,"source train image labelled manhole; image-level candidate only, no boxes"
train::manhole::manhole_imagenet (621).jpg,train,manhole,data/raw/v2/hf_manhole_covers/train/train/manhole/manhole_imagenet (621).jpg,ae8e8a890f33075d9cf0140b4d92c75b7f889e9aa42734513192936bd3c6e424,224,224,,source_train_manhole_candidate,"source train image labelled manhole; image-level candidate only, no boxes"
train::manhole::manhole_imagenet (622).jpg,train,manhole,data/raw/v2/hf_manhole_covers/train/train/manhole/manhole_imagenet (622).jpg,c83044182f105edff69ca54baee8c83c3e8ea5a2a71a7c10a2518cbfcf6d06c9,224,224,,source_train_manhole_candidate,"source train image labelled manhole; image-level candidate only, no boxes"
train::manhole::manhole_imagenet (623).jpg,train,manhole,data/raw/v2/hf_manhole_covers/train/train/manhole/manhole_imagenet (623).jpg,f737f5c233305c4d5037576b833c73038cfececd33cb3017c9ecb16c32869308,224,224,,source_train_manhole_candidate,"source train image labelled manhole; image-level candidate only, no boxes"
train::manhole::manhole_imagenet (624).jpg,train,manhole,data/raw/v2/hf_manhole_covers/train/train/manhole/manhole_imagenet (624).jpg,55d9015d0c5bb1d6643a4d5e4ceb56e1a777e628808f39b23fa03c50970002c1,224,224,,source_train_manhole_candidate,"source train image labelled manhole; image-level candidate only, no boxes"
train::manhole::manhole_imagenet (625).jpg,train,manhole,data/raw/v2/hf_manhole_covers/train/train/manhole/manhole_imagenet (625).jpg,75e3038d20a830ee6417ad2a786b5eff56ec6e9c107031d50ae8b10d145cff53,224,224,,source_train_manhole_candidate,"source train image labelled manhole; image-level candidate only, no boxes"
train::manhole::manhole_imagenet (626).jpg,train,manhole,data/raw/v2/hf_manhole_covers/train/train/manhole/manhole_imagenet (626).jpg,b530b9ab558fc576709d770c998fe9547221ac76d8e92e887e1fa3f1839a7ad0,224,224,,source_train_manhole_candidate,"source train image labelled manhole; image-level candidate only, no boxes"
train::manhole::manhole_imagenet (627).jpg,train,manhole,data/raw/v2/hf_manhole_covers/train/train/manhole/manhole_imagenet (627).jpg,edad78b16d846d9a1ba27491ce6d200c9e839338d8cce60eb2b792cc13f014a3,224,224,,source_train_manhole_candidate,"source train image labelled manhole; image-level candidate only, no boxes"
train::manhole::manhole_imagenet (628).jpg,train,manhole,data/raw/v2/hf_manhole_covers/train/train/manhole/manhole_imagenet (628).jpg,27fd2f83bb60dc203d27e4c95164f904f6bdc564eb72c5d28802a7e85dcd9ee9,224,224,,source_train_manhole_candidate,"source train image labelled manhole; image-level candidate only, no boxes"
train::manhole::manhole_imagenet (629).jpg,train,manhole,data/raw/v2/hf_manhole_covers/train/train/manhole/manhole_imagenet (629).jpg,00d6b27967283048268153402f483136e3a777400b3fe4bfa030f71a7d37015b,224,224,,source_train_manhole_candidate,"source train image labelled manhole; image-level candidate only, no boxes"
train::manhole::manhole_imagenet (63).jpg,train,manhole,data/raw/v2/hf_manhole_covers/train/train/manhole/manhole_imagenet (63).jpg,a4f525497257a6d0af27a6c6a6a92014c7a050d0cd3790d2d9e3327c3c149086,224,224,,source_train_manhole_candidate,"source train image labelled manhole; image-level candidate only, no boxes"
train::manhole::manhole_imagenet (630).jpg,train,manhole,data/raw/v2/hf_manhole_covers/train/train/manhole/manhole_imagenet (630).jpg,6022abf229c535621fac89ba04be749ea88042bf94e0931e052c3c433453ea4c,224,224,,source_train_manhole_candidate,"source train image labelled manhole; image-level candidate only, no boxes"
train::manhole::manhole_imagenet (631).jpg,train,manhole,data/raw/v2/hf_manhole_covers/train/train/manhole/manhole_imagenet (631).jpg,c824c3bb8255762f97e16e3516c514676c8e5a6eea2d4bf5d2a18f0eb2ddfda6,224,224,,source_train_manhole_candidate,"source train image labelled manhole; image-level candidate only, no boxes"
train::manhole::manhole_imagenet (632).jpg,train,manhole,data/raw/v2/hf_manhole_covers/train/train/manhole/manhole_imagenet (632).jpg,4e1b2d89f7610f956c6d3fd23ce4715dbf5881b333c0b883ec83717663e12db3,224,224,,source_train_manhole_candidate,"source train image labelled manhole; image-level candidate only, no boxes"
train::manhole::manhole_imagenet (634).jpg,train,manhole,data/raw/v2/hf_manhole_covers/train/train/manhole/manhole_imagenet (634).jpg,f079eec3daea887fb2373e2f63e1d8d97ea9f3f53a869d66df7d1a5b6fa9484c,224,224,,source_train_manhole_candidate,"source train image labelled manhole; image-level candidate only, no boxes"
train::manhole::manhole_imagenet (635).jpg,train,manhole,data/raw/v2/hf_manhole_covers/train/train/manhole/manhole_imagenet (635).jpg,3501ac88db6c6f48ebfca8719b0ef0b788a797c496dc8af55bd9a23b540185c4,224,224,,source_train_manhole_candidate,"source train image labelled manhole; image-level candidate only, no boxes"
train::manhole::manhole_imagenet (636).jpg,train,manhole,data/raw/v2/hf_manhole_covers/train/train/manhole/manhole_imagenet (636).jpg,033a22fc9de0f4ca5e5449dd74978ef62902bcdf6e784689dbd7cb03c8200b79,224,224,,source_train_manhole_candidate,"source train image labelled manhole; image-level candidate only, no boxes"
train::manhole::manhole_imagenet (637).jpg,train,manhole,data/raw/v2/hf_manhole_covers/train/train/manhole/manhole_imagenet (637).jpg,3d80504d95e39898cd2e6264d3091a603e4f5abc0db95a15618b9ec93eab1d49,224,224,,source_train_manhole_candidate,"source train image labelled manhole; image-level candidate only, no boxes"
train::manhole::manhole_imagenet (638).jpg,train,manhole,data/raw/v2/hf_manhole_covers/train/train/manhole/manhole_imagenet (638).jpg,11a8485c6f92cc3a0eca202dbf8c09227fd4dcec781fc3f00fea56298e38b471,224,224,,source_train_manhole_candidate,"source train image labelled manhole; image-level candidate only, no boxes"
train::manhole::manhole_imagenet (639).jpg,train,manhole,data/raw/v2/hf_manhole_covers/train/train/manhole/manhole_imagenet (639).jpg,e9101bb171a2dfb306effb7a724512edb21c9edb1c1fc0519881dfb8a2cd92d5,224,224,,source_train_manhole_candidate,"source train image labelled manhole; image-level candidate only, no boxes"
train::manhole::manhole_imagenet (64).jpg,train,manhole,data/raw/v2/hf_manhole_covers/train/train/manhole/manhole_imagenet (64).jpg,297bacf5cefcd01716cfd5a96eb52fd59cb7dd1747c6e270f00a0e6d6a4babe2,224,224,,source_train_manhole_candidate,"source train image labelled manhole; image-level candidate only, no boxes"
train::manhole::manhole_imagenet (640).jpg,train,manhole,data/raw/v2/hf_manhole_covers/train/train/manhole/manhole_imagenet (640).jpg,7ff5e1f99ba6ff7321fc694553041225558759f54ecefc6c5100bfa4c0e3772c,224,224,,source_train_manhole_candidate,"source train image labelled manhole; image-level candidate only, no boxes"
train::manhole::manhole_imagenet (641).jpg,train,manhole,data/raw/v2/hf_manhole_covers/train/train/manhole/manhole_imagenet (641).jpg,5a7cb28e19391f7931b9b597d8c4a4131ae572000833418d8820a9d476b302ba,224,224,,source_train_manhole_candidate,"source train image labelled manhole; image-level candidate only, no boxes"
train::manhole::manhole_imagenet (642).jpg,train,manhole,data/raw/v2/hf_manhole_covers/train/train/manhole/manhole_imagenet (642).jpg,cc146266a2c66c466442dc4b0f5a0dd0c4c15f250f399d621113ce4af91d5047,224,224,,source_train_manhole_candidate,"source train image labelled manhole; image-level candidate only, no boxes"
train::manhole::manhole_imagenet (643).jpg,train,manhole,data/raw/v2/hf_manhole_covers/train/train/manhole/manhole_imagenet (643).jpg,fe7b2a4706949157343f752ae368b59e38c4fde3e88d0756012e7306ca40a616,224,224,,source_train_manhole_candidate,"source train image labelled manhole; image-level candidate only, no boxes"
train::manhole::manhole_imagenet (644).jpg,train,manhole,data/raw/v2/hf_manhole_covers/train/train/manhole/manhole_imagenet (644).jpg,99c4fe8bc45b1c33b163d067132919530bd7e05f8a1100b9faab8cc4620f7b4b,224,224,,source_train_manhole_candidate,"source train image labelled manhole; image-level candidate only, no boxes"
train::manhole::manhole_imagenet (645).jpg,train,manhole,data/raw/v2/hf_manhole_covers/train/train/manhole/manhole_imagenet (645).jpg,820679e184962b99eafc1f630e141fc5cf06e2b2b3d826fe97086527f903373b,224,224,,source_train_manhole_candidate,"source train image labelled manhole; image-level candidate only, no boxes"
train::manhole::manhole_imagenet (646).jpg,train,manhole,data/raw/v2/hf_manhole_covers/train/train/manhole/manhole_imagenet (646).jpg,a9d90e376c2a28d152b152f96ec3b2c4ee469161fd2b0a4b58fc57c5ffff5dd0,224,224,,source_train_manhole_candidate,"source train image labelled manhole; image-level candidate only, no boxes"
train::manhole::manhole_imagenet (647).jpg,train,manhole,data/raw/v2/hf_manhole_covers/train/train/manhole/manhole_imagenet (647).jpg,3e7e175400cd59c6f452f020f562d2a29030dcda3ab06ef0f33be885007b0e82,224,224,,source_train_manhole_candidate,"source train image labelled manhole; image-level candidate only, no boxes"
train::manhole::manhole_imagenet (648).jpg,train,manhole,data/raw/v2/hf_manhole_covers/train/train/manhole/manhole_imagenet (648).jpg,f9eea9676dce5f6684c0d2b6836c788ac83cb74c1cb6cda095fec7a8e8221022,224,224,,source_train_manhole_candidate,"source train image labelled manhole; image-level candidate only, no boxes"
train::manhole::manhole_imagenet (649).jpg,train,manhole,data/raw/v2/hf_manhole_covers/train/train/manhole/manhole_imagenet (649).jpg,592f9a89b643b838f0693e4f18d0ca6302be0c2ad114f30052da91569325759a,224,224,,source_train_manhole_candidate,"source train image labelled manhole; image-level candidate only, no boxes"
train::manhole::manhole_imagenet (65).jpg,train,manhole,data/raw/v2/hf_manhole_covers/train/train/manhole/manhole_imagenet (65).jpg,5baf8c706e34b4b1fd53cf9833d682806cf3a6c1c9ef157221378c922f705b9a,224,224,,source_train_manhole_candidate,"source train image labelled manhole; image-level candidate only, no boxes"
train::manhole::manhole_imagenet (650).jpg,train,manhole,data/raw/v2/hf_manhole_covers/train/train/manhole/manhole_imagenet (650).jpg,9657fe6c19e431fd1304bd1d66b9e960a9939b0ff6d66cf43eb22a419cb8286d,224,224,,source_train_manhole_candidate,"source train image labelled manhole; image-level candidate only, no boxes"
train::manhole::manhole_imagenet (651).jpg,train,manhole,data/raw/v2/hf_manhole_covers/train/train/manhole/manhole_imagenet (651).jpg,347a30efd2b0dcf7687cc8dba7372c61292d62af94ca48d7665615a18cdd3362,224,224,,source_train_manhole_candidate,"source train image labelled manhole; image-level candidate only, no boxes"
train::manhole::manhole_imagenet (652).jpg,train,manhole,data/raw/v2/hf_manhole_covers/train/train/manhole/manhole_imagenet (652).jpg,7d8b9fc2ca86555673bb09446dbfc5ced8e19d162fe65f9c1336d6c75d8b55d7,224,224,,source_train_manhole_candidate,"source train image labelled manhole; image-level candidate only, no boxes"
train::manhole::manhole_imagenet (653).jpg,train,manhole,data/raw/v2/hf_manhole_covers/train/train/manhole/manhole_imagenet (653).jpg,2eb6bc781b89e58b87956f10b861d338042689dc32b94f8d4c5df46a9b394610,224,224,,source_train_manhole_candidate,"source train image labelled manhole; image-level candidate only, no boxes"
train::manhole::manhole_imagenet (654).jpg,train,manhole,data/raw/v2/hf_manhole_covers/train/train/manhole/manhole_imagenet (654).jpg,06d55f1f6ef172a081cda4733a941f3915b2adf947a8f3e8d2a5891c553a864b,224,224,,source_train_manhole_candidate,"source train image labelled manhole; image-level candidate only, no boxes"
train::manhole::manhole_imagenet (655).jpg,train,manhole,data/raw/v2/hf_manhole_covers/train/train/manhole/manhole_imagenet (655).jpg,96f3978166ef4504c9d97c1286a4c01e71900913a5a84f0b81e0f0e1c418a03d,224,224,,source_train_manhole_candidate,"source train image labelled manhole; image-level candidate only, no boxes"
train::manhole::manhole_imagenet (656).jpg,train,manhole,data/raw/v2/hf_manhole_covers/train/train/manhole/manhole_imagenet (656).jpg,f2503694e5ab112fa63b459e7ab888ac987142d3df5c0f60d583e7cd6245e0a6,224,224,,source_train_manhole_candidate,"source train image labelled manhole; image-level candidate only, no boxes"
train::manhole::manhole_imagenet (657).jpg,train,manhole,data/raw/v2/hf_manhole_covers/train/train/manhole/manhole_imagenet (657).jpg,8791fe43cf1a6c7c4e248ed849cd1cc9a2aa92747b229ded10f19124f451fa03,224,224,,source_train_manhole_candidate,"source train image labelled manhole; image-level candidate only, no boxes"
train::manhole::manhole_imagenet (658).jpg,train,manhole,data/raw/v2/hf_manhole_covers/train/train/manhole/manhole_imagenet (658).jpg,8b9a475f4d39b1cd9cf8f024fc78dbf70fb3914a6c05dccd13ed110554ce3ace,224,224,,source_train_manhole_candidate,"source train image labelled manhole; image-level candidate only, no boxes"
train::manhole::manhole_imagenet (659).jpg,train,manhole,data/raw/v2/hf_manhole_covers/train/train/manhole/manhole_imagenet (659).jpg,af7c5107a55191797349625ba87bc24536a75e8a14c9a140e831dd125f7a5922,224,224,,source_train_manhole_candidate,"source train image labelled manhole; image-level candidate only, no boxes"
train::manhole::manhole_imagenet (66).jpg,train,manhole,data/raw/v2/hf_manhole_covers/train/train/manhole/manhole_imagenet (66).jpg,f9ec9c60b1d581c8681faf2a47f9788287bcaf94cfedbc6120f24f9320391b9f,224,224,,source_train_manhole_candidate,"source train image labelled manhole; image-level candidate only, no boxes"
train::manhole::manhole_imagenet (660).jpg,train,manhole,data/raw/v2/hf_manhole_covers/train/train/manhole/manhole_imagenet (660).jpg,bc4c6311cb858c6fb09d705cf8341ea6af75ab77ecf26e73753341c2aef3d53c,224,224,,source_train_manhole_candidate,"source train image labelled manhole; image-level candidate only, no boxes"
train::manhole::manhole_imagenet (661).jpg,train,manhole,data/raw/v2/hf_manhole_covers/train/train/manhole/manhole_imagenet (661).jpg,59ccc2b3bcc45271c83eadd32f87d2391b32205c1b4239c7f841e7391b2a6f46,224,224,,source_train_manhole_candidate,"source train image labelled manhole; image-level candidate only, no boxes"
train::manhole::manhole_imagenet (662).jpg,train,manhole,data/raw/v2/hf_manhole_covers/train/train/manhole/manhole_imagenet (662).jpg,5ad577a2db61fe5f19aa37b96d6ba5e9c8d982fc2a848b6d3f24add4925b43a8,224,224,,source_train_manhole_candidate,"source train image labelled manhole; image-level candidate only, no boxes"
train::manhole::manhole_imagenet (663).jpg,train,manhole,data/raw/v2/hf_manhole_covers/train/train/manhole/manhole_imagenet (663).jpg,5833dcfe4702172fd01b287265aa4a3c0a5cc2b99380cef80bd84696088af5fd,224,224,,source_train_manhole_candidate,"source train image labelled manhole; image-level candidate only, no boxes"
train::manhole::manhole_imagenet (664).jpg,train,manhole,data/raw/v2/hf_manhole_covers/train/train/manhole/manhole_imagenet (664).jpg,17b8c4fbd49f50a0463cdacd4b0274d06ccf53e7a63247aa5ab0384cda5fab00,224,224,,source_train_manhole_candidate,"source train image labelled manhole; image-level candidate only, no boxes"
train::manhole::manhole_imagenet (665).jpg,train,manhole,data/raw/v2/hf_manhole_covers/train/train/manhole/manhole_imagenet (665).jpg,2cb213a36c1ac4a8103271becd453514bf3ab59fd70f054d6dfa847c37dc11fe,224,224,,source_train_manhole_candidate,"source train image labelled manhole; image-level candidate only, no boxes"
train::manhole::manhole_imagenet (666).jpg,train,manhole,data/raw/v2/hf_manhole_covers/train/train/manhole/manhole_imagenet (666).jpg,ee399546a393882d00b171fb58867c1512b585ceb85a7a73a688deffe418498f,224,224,,source_train_manhole_candidate,"source train image labelled manhole; image-level candidate only, no boxes"
train::manhole::manhole_imagenet (667).jpg,train,manhole,data/raw/v2/hf_manhole_covers/train/train/manhole/manhole_imagenet (667).jpg,eb2892499d9581ea638d7a11bef81ee0268f88a84c978b2f15e3d8a76127dbbe,224,224,,source_train_manhole_candidate,"source train image labelled manhole; image-level candidate only, no boxes"
train::manhole::manhole_imagenet (668).jpg,train,manhole,data/raw/v2/hf_manhole_covers/train/train/manhole/manhole_imagenet (668).jpg,7f9e49184219973cb6de3fa64fa79362a562d291b5a4b92a852a8eef875049da,224,224,,source_train_manhole_candidate,"source train image labelled manhole; image-level candidate only, no boxes"
train::manhole::manhole_imagenet (669).jpg,train,manhole,data/raw/v2/hf_manhole_covers/train/train/manhole/manhole_imagenet (669).jpg,502050fefbb6df8814945528ff1b73d51c6e5ec919da319e3dac2041a701e491,224,224,,source_train_manhole_candidate,"source train image labelled manhole; image-level candidate only, no boxes"
train::manhole::manhole_imagenet (67).jpg,train,manhole,data/raw/v2/hf_manhole_covers/train/train/manhole/manhole_imagenet (67).jpg,29bc5d4b6d1dc258e07952279bc461fdaa63cebe7ac6a63f880c0c845050d818,224,224,,source_train_manhole_candidate,"source train image labelled manhole; image-level candidate only, no boxes"
train::manhole::manhole_imagenet (670).jpg,train,manhole,data/raw/v2/hf_manhole_covers/train/train/manhole/manhole_imagenet (670).jpg,646b40bae9fcc400c37c1664366d71e947d5a0f5e3d9a7f09c500807515af974,224,224,,source_train_manhole_candidate,"source train image labelled manhole; image-level candidate only, no boxes"
train::manhole::manhole_imagenet (671).jpg,train,manhole,data/raw/v2/hf_manhole_covers/train/train/manhole/manhole_imagenet (671).jpg,48aa760148524b303c05c77c4f9d10c09249cfb603880412644f7dc7ff555cd6,224,224,,source_train_manhole_candidate,"source train image labelled manhole; image-level candidate only, no boxes"
train::manhole::manhole_imagenet (672).jpg,train,manhole,data/raw/v2/hf_manhole_covers/train/train/manhole/manhole_imagenet (672).jpg,0fab780ef3c99a497913e58a4968c8f94204209e8a3099174815d23ecd42db8b,224,224,,source_train_manhole_candidate,"source train image labelled manhole; image-level candidate only, no boxes"
train::manhole::manhole_imagenet (673).jpg,train,manhole,data/raw/v2/hf_manhole_covers/train/train/manhole/manhole_imagenet (673).jpg,3a8949609452b8298ebe85ebc62eb53660ea74a7956b6424bc7f2da44763bfe1,224,224,,source_train_manhole_candidate,"source train image labelled manhole; image-level candidate only, no boxes"
train::manhole::manhole_imagenet (674).jpg,train,manhole,data/raw/v2/hf_manhole_covers/train/train/manhole/manhole_imagenet (674).jpg,9582d8780d5d9c10ff4d53c8b95e163d9cf6b8a766d7c0d761a6bd57e2872a4a,224,224,,source_train_manhole_candidate,"source train image labelled manhole; image-level candidate only, no boxes"
train::manhole::manhole_imagenet (675).jpg,train,manhole,data/raw/v2/hf_manhole_covers/train/train/manhole/manhole_imagenet (675).jpg,ebfed2776f44549e5d22ca33802aeb71098b6f8b5898cd005f1cdde861db5180,224,224,,source_train_manhole_candidate,"source train image labelled manhole; image-level candidate only, no boxes"
train::manhole::manhole_imagenet (676).jpg,train,manhole,data/raw/v2/hf_manhole_covers/train/train/manhole/manhole_imagenet (676).jpg,09d7ff31d3dd5f3a66624d4c95283f0ca0e44f57995add53f2c144e95ef9ec2c,224,224,,source_train_manhole_candidate,"source train image labelled manhole; image-level candidate only, no boxes"
train::manhole::manhole_imagenet (677).jpg,train,manhole,data/raw/v2/hf_manhole_covers/train/train/manhole/manhole_imagenet (677).jpg,70a506c623f4b753e9c15f77e9ce68774a6fa8d925369032ec4076bbb75903fc,224,224,,source_train_manhole_candidate,"source train image labelled manhole; image-level candidate only, no boxes"
train::manhole::manhole_imagenet (678).jpg,train,manhole,data/raw/v2/hf_manhole_covers/train/train/manhole/manhole_imagenet (678).jpg,fbe55a1f672e44b6062c646d724fa3253f2382b227092c33a2ffc4341db00b04,224,224,,source_train_manhole_candidate,"source train image labelled manhole; image-level candidate only, no boxes"
train::manhole::manhole_imagenet (679).jpg,train,manhole,data/raw/v2/hf_manhole_covers/train/train/manhole/manhole_imagenet (679).jpg,7862b9ea2a7706d8c2b5c509fceb3578dabc5f664849c2d87e766cfb168e278c,224,224,,source_train_manhole_candidate,"source train image labelled manhole; image-level candidate only, no boxes"
train::manhole::manhole_imagenet (68).jpg,train,manhole,data/raw/v2/hf_manhole_covers/train/train/manhole/manhole_imagenet (68).jpg,0bee5f2d97222089fd8b4d6e6e6a89d90f195c0528e4dbe6ebd6302b42382a2a,224,224,,source_train_manhole_candidate,"source train image labelled manhole; image-level candidate only, no boxes"
train::manhole::manhole_imagenet (680).jpg,train,manhole,data/raw/v2/hf_manhole_covers/train/train/manhole/manhole_imagenet (680).jpg,22d0b6852e110e3b9820bddd111c86d0f0b6998f8e6143c8ffb6750f74f6580d,224,224,,source_train_manhole_candidate,"source train image labelled manhole; image-level candidate only, no boxes"
train::manhole::manhole_imagenet (681).jpg,train,manhole,data/raw/v2/hf_manhole_covers/train/train/manhole/manhole_imagenet (681).jpg,991cc87a5ff10dbe4750311b7884fd0225c2d3a22020bf97db5fa844a1b076df,224,224,,source_train_manhole_candidate,"source train image labelled manhole; image-level candidate only, no boxes"
train::manhole::manhole_imagenet (682).jpg,train,manhole,data/raw/v2/hf_manhole_covers/train/train/manhole/manhole_imagenet (682).jpg,53296b9aa2f1db1c19f6a6cf1062c5c5035f9b896161039dec57b2d81f436473,224,224,,source_train_manhole_candidate,"source train image labelled manhole; image-level candidate only, no boxes"
train::manhole::manhole_imagenet (683).jpg,train,manhole,data/raw/v2/hf_manhole_covers/train/train/manhole/manhole_imagenet (683).jpg,79a26047ecb339391b22e7b18629f2708e5541d267249f33be9805a330cebd32,224,224,,source_train_manhole_candidate,"source train image labelled manhole; image-level candidate only, no boxes"
train::manhole::manhole_imagenet (684).jpg,train,manhole,data/raw/v2/hf_manhole_covers/train/train/manhole/manhole_imagenet (684).jpg,6ed639cba78b316108874f95e614dbba2b4b7c7235588a0f57cfbb48ce2c2e4f,224,224,,source_train_manhole_candidate,"source train image labelled manhole; image-level candidate only, no boxes"
train::manhole::manhole_imagenet (685).jpg,train,manhole,data/raw/v2/hf_manhole_covers/train/train/manhole/manhole_imagenet (685).jpg,66888cf07c33a067448fcaa82ea77a2144f21d30462bb60d03f87968608c9c2b,224,224,,source_train_manhole_candidate,"source train image labelled manhole; image-level candidate only, no boxes"
train::manhole::manhole_imagenet (686).jpg,train,manhole,data/raw/v2/hf_manhole_covers/train/train/manhole/manhole_imagenet (686).jpg,6dd57951a4c4d4deaf661c3f099ff4eea18bbff812fc8ca8d2fb59cd61b35619,224,224,,source_train_manhole_candidate,"source train image labelled manhole; image-level candidate only, no boxes"
train::manhole::manhole_imagenet (687).jpg,train,manhole,data/raw/v2/hf_manhole_covers/train/train/manhole/manhole_imagenet (687).jpg,c57d8463c0ac7155d4d77965ce38bca8a3e0e993d18d05fdc924b852697dfc2d,224,224,,source_train_manhole_candidate,"source train image labelled manhole; image-level candidate only, no boxes"
train::manhole::manhole_imagenet (688).jpg,train,manhole,data/raw/v2/hf_manhole_covers/train/train/manhole/manhole_imagenet (688).jpg,7ca3381bab9ceb087f526c42756f986e9d9e1ef8bc211e6d309bca8587d6312f,224,224,,source_train_manhole_candidate,"source train image labelled manhole; image-level candidate only, no boxes"
train::manhole::manhole_imagenet (689).jpg,train,manhole,data/raw/v2/hf_manhole_covers/train/train/manhole/manhole_imagenet (689).jpg,b4449f736f9333d96a879008f8913618afa8af53c72775d6f5da0c57293d762c,224,224,,source_train_manhole_candidate,"source train image labelled manhole; image-level candidate only, no boxes"
train::manhole::manhole_imagenet (69).jpg,train,manhole,data/raw/v2/hf_manhole_covers/train/train/manhole/manhole_imagenet (69).jpg,7d3001d8ff0fa67384ce7f8be97a3a3d8ee794e02715ac6755aeb31edbd34a11,224,224,,source_train_manhole_candidate,"source train image labelled manhole; image-level candidate only, no boxes"
train::manhole::manhole_imagenet (690).jpg,train,manhole,data/raw/v2/hf_manhole_covers/train/train/manhole/manhole_imagenet (690).jpg,7a74147fa631d278dfc9314f3e51a9dc6f72c290dd653635fa456e44d0f40b44,224,224,,source_train_manhole_candidate,"source train image labelled manhole; image-level candidate only, no boxes"
train::manhole::manhole_imagenet (691).jpg,train,manhole,data/raw/v2/hf_manhole_covers/train/train/manhole/manhole_imagenet (691).jpg,6bd64234067c613e6e8b8a9417fdd2a590fdc7e7fbd03140e438abeece2f89ac,224,224,,source_train_manhole_candidate,"source train image labelled manhole; image-level candidate only, no boxes"
train::manhole::manhole_imagenet (692).jpg,train,manhole,data/raw/v2/hf_manhole_covers/train/train/manhole/manhole_imagenet (692).jpg,5fea040c6eacd9ce4af06f7618485d6a8e9586745936501fdca36cf7e45fed99,224,224,,source_train_manhole_candidate,"source train image labelled manhole; image-level candidate only, no boxes"
train::manhole::manhole_imagenet (693).jpg,train,manhole,data/raw/v2/hf_manhole_covers/train/train/manhole/manhole_imagenet (693).jpg,c654d9fd4101907eff36ffb2ed2e1598e4dc75d90ce8f96d2481982dd89b8cf4,224,224,,source_train_manhole_candidate,"source train image labelled manhole; image-level candidate only, no boxes"
train::manhole::manhole_imagenet (694).jpg,train,manhole,data/raw/v2/hf_manhole_covers/train/train/manhole/manhole_imagenet (694).jpg,2d37b96012cf557b67f72340fdaf479c19c894b5637248a975a3a87e75024d7a,224,224,,source_train_manhole_candidate,"source train image labelled manhole; image-level candidate only, no boxes"
train::manhole::manhole_imagenet (695).jpg,train,manhole,data/raw/v2/hf_manhole_covers/train/train/manhole/manhole_imagenet (695).jpg,c72d6723a7855e3a2bae3470e7e8d6df7a02ae20a18a0270e62c60c36ab53204,224,224,,source_train_manhole_candidate,"source train image labelled manhole; image-level candidate only, no boxes"
train::manhole::manhole_imagenet (696).jpg,train,manhole,data/raw/v2/hf_manhole_covers/train/train/manhole/manhole_imagenet (696).jpg,b62c97ec9767cc62a4bb209f48fa5e8054fabedbc4e91363351091ed7ee8285b,224,224,,source_train_manhole_candidate,"source train image labelled manhole; image-level candidate only, no boxes"
train::manhole::manhole_imagenet (697).jpg,train,manhole,data/raw/v2/hf_manhole_covers/train/train/manhole/manhole_imagenet (697).jpg,b505955648c7e185375dfd8942be6b6b71cc0476778a88246303140ddb493eb7,224,224,,source_train_manhole_candidate,"source train image labelled manhole; image-level candidate only, no boxes"
train::manhole::manhole_imagenet (698).jpg,train,manhole,data/raw/v2/hf_manhole_covers/train/train/manhole/manhole_imagenet (698).jpg,55ba0f58c8407bef4264691a4cd4982a820e02e9de3cea2551fb35da073441c8,224,224,,source_train_manhole_candidate,"source train image labelled manhole; image-level candidate only, no boxes"
train::manhole::manhole_imagenet (699).jpg,train,manhole,data/raw/v2/hf_manhole_covers/train/train/manhole/manhole_imagenet (699).jpg,dffe3639a1cd9dd3eab06966b8a916575f37dc0b381a4d8c8eb7bd1e2686afac,224,224,,source_train_manhole_candidate,"source train image labelled manhole; image-level candidate only, no boxes"
train::manhole::manhole_imagenet (7).jpg,train,manhole,data/raw/v2/hf_manhole_covers/train/train/manhole/manhole_imagenet (7).jpg,01ab0e7d125d1b742110e8b08da4f15e5650bd0f497087fea075132093d55361,224,224,,source_train_manhole_candidate,"source train image labelled manhole; image-level candidate only, no boxes"
train::manhole::manhole_imagenet (70).jpg,train,manhole,data/raw/v2/hf_manhole_covers/train/train/manhole/manhole_imagenet (70).jpg,9aac9b12940da1da8524f500d14906125622b6e4cdd56927506b96f97173a145,224,224,,source_train_manhole_candidate,"source train image labelled manhole; image-level candidate only, no boxes"
train::manhole::manhole_imagenet (700).jpg,train,manhole,data/raw/v2/hf_manhole_covers/train/train/manhole/manhole_imagenet (700).jpg,eeaf75392e9add4d9f509b660fd81b8f45d6ad9dade1ac9bae1e3f773788f79c,224,224,,source_train_manhole_candidate,"source train image labelled manhole; image-level candidate only, no boxes"
train::manhole::manhole_imagenet (701).jpg,train,manhole,data/raw/v2/hf_manhole_covers/train/train/manhole/manhole_imagenet (701).jpg,36ae2592309765cfb5296dccc1f1ca4a5fb77f5887a37222461cda6a02f18eec,224,224,,source_train_manhole_candidate,"source train image labelled manhole; image-level candidate only, no boxes"
train::manhole::manhole_imagenet (702).jpg,train,manhole,data/raw/v2/hf_manhole_covers/train/train/manhole/manhole_imagenet (702).jpg,06cc5a7314df759110040f47d7c41bf963be9818dbc41ad3f989656970350c8c,224,224,,source_train_manhole_candidate,"source train image labelled manhole; image-level candidate only, no boxes"
train::manhole::manhole_imagenet (703).jpg,train,manhole,data/raw/v2/hf_manhole_covers/train/train/manhole/manhole_imagenet (703).jpg,14f54d5761aba85e3e16648e6ea6b42ea24859210667f695c41d0f5186a4f8d1,224,224,,source_train_manhole_candidate,"source train image labelled manhole; image-level candidate only, no boxes"
train::manhole::manhole_imagenet (704).jpg,train,manhole,data/raw/v2/hf_manhole_covers/train/train/manhole/manhole_imagenet (704).jpg,7a9fd6311e914406a3471d7aa82cbdf51dfc16ba6a74ad345e9065cb35a192db,224,224,,source_train_manhole_candidate,"source train image labelled manhole; image-level candidate only, no boxes"
train::manhole::manhole_imagenet (705).jpg,train,manhole,data/raw/v2/hf_manhole_covers/train/train/manhole/manhole_imagenet (705).jpg,1decbe785452fca203a459b4cecdb953ba693a94ea4bc4e6868b07c39cdc16bb,224,224,,source_train_manhole_candidate,"source train image labelled manhole; image-level candidate only, no boxes"
train::manhole::manhole_imagenet (706).jpg,train,manhole,data/raw/v2/hf_manhole_covers/train/train/manhole/manhole_imagenet (706).jpg,17ac426766060bc74a606458f122bb567647f440111e582cbaaeb82d3f2e59a9,224,224,,source_train_manhole_candidate,"source train image labelled manhole; image-level candidate only, no boxes"
train::manhole::manhole_imagenet (707).jpg,train,manhole,data/raw/v2/hf_manhole_covers/train/train/manhole/manhole_imagenet (707).jpg,7419751a8d73c9803ae4361d3fe825b90876da6360ae9079aabe80d38fdfa5f2,224,224,,source_train_manhole_candidate,"source train image labelled manhole; image-level candidate only, no boxes"
train::manhole::manhole_imagenet (708).jpg,train,manhole,data/raw/v2/hf_manhole_covers/train/train/manhole/manhole_imagenet (708).jpg,1a2d14db5c1e15fbf60a7fd4b66c7d629256ffb99f3df20eacf41ce0a7a5e30d,224,224,,source_train_manhole_candidate,"source train image labelled manhole; image-level candidate only, no boxes"
train::manhole::manhole_imagenet (709).jpg,train,manhole,data/raw/v2/hf_manhole_covers/train/train/manhole/manhole_imagenet (709).jpg,ce76638ad9dfe4a2b80823c7e304553e7ee79ae81000a3365931f7b8691ce8d9,224,224,,source_train_manhole_candidate,"source train image labelled manhole; image-level candidate only, no boxes"
train::manhole::manhole_imagenet (71).jpg,train,manhole,data/raw/v2/hf_manhole_covers/train/train/manhole/manhole_imagenet (71).jpg,ae703114dba4b5ce91a44840cbbd135cf7f984005bd42683de43d4866ff87a43,224,224,,source_train_manhole_candidate,"source train image labelled manhole; image-level candidate only, no boxes"
train::manhole::manhole_imagenet (710).jpg,train,manhole,data/raw/v2/hf_manhole_covers/train/train/manhole/manhole_imagenet (710).jpg,939a0d23342cab58ee6f6c6c6b3261affeec61f99ec048f8a32cbc0681e73496,224,224,,source_train_manhole_candidate,"source train image labelled manhole; image-level candidate only, no boxes"
train::manhole::manhole_imagenet (711).jpg,train,manhole,data/raw/v2/hf_manhole_covers/train/train/manhole/manhole_imagenet (711).jpg,153ad7607cc606dcd28c947bf18d2cf007693fb081e1cd73eed8114f5932d667,224,224,,source_train_manhole_candidate,"source train image labelled manhole; image-level candidate only, no boxes"
train::manhole::manhole_imagenet (712).jpg,train,manhole,data/raw/v2/hf_manhole_covers/train/train/manhole/manhole_imagenet (712).jpg,55d1631902d1aedc90d6dcbe352f92cb96d1a9f9f87c998655cacd140d7a6cf0,224,224,,source_train_manhole_candidate,"source train image labelled manhole; image-level candidate only, no boxes"
train::manhole::manhole_imagenet (713).jpg,train,manhole,data/raw/v2/hf_manhole_covers/train/train/manhole/manhole_imagenet (713).jpg,40190b64ce8fb65cdb6b53a8d98580df7d8a2e7b3c3c7fc79907e5ca2d209742,224,224,,source_train_manhole_candidate,"source train image labelled manhole; image-level candidate only, no boxes"
train::manhole::manhole_imagenet (714).jpg,train,manhole,data/raw/v2/hf_manhole_covers/train/train/manhole/manhole_imagenet (714).jpg,350d04dba25766756daac2cb5a4cf10e88f9d75aced4dac6a49b544e364df711,224,224,,source_train_manhole_candidate,"source train image labelled manhole; image-level candidate only, no boxes"
train::manhole::manhole_imagenet (715).jpg,train,manhole,data/raw/v2/hf_manhole_covers/train/train/manhole/manhole_imagenet (715).jpg,51eabe3e70a06ddd90859cb4b31b39cf7f40fa6108689308314f880294c8693a,224,224,,source_train_manhole_candidate,"source train image labelled manhole; image-level candidate only, no boxes"
train::manhole::manhole_imagenet (716).jpg,train,manhole,data/raw/v2/hf_manhole_covers/train/train/manhole/manhole_imagenet (716).jpg,56d7374cfb039cbb5eed6fc6ca7c15e1c28c34a76858c4d018c40e77bc8e125f,224,224,,source_train_manhole_candidate,"source train image labelled manhole; image-level candidate only, no boxes"
train::manhole::manhole_imagenet (717).jpg,train,manhole,data/raw/v2/hf_manhole_covers/train/train/manhole/manhole_imagenet (717).jpg,0919c35096760e0e29d1d040493735c234bf4f107301faee990bec8ed9d628e6,224,224,,source_train_manhole_candidate,"source train image labelled manhole; image-level candidate only, no boxes"
train::manhole::manhole_imagenet (718).jpg,train,manhole,data/raw/v2/hf_manhole_covers/train/train/manhole/manhole_imagenet (718).jpg,3cdeb1aeba211fcceb3e1926a4aaed199d96a100eba6bd1bfc6ad7909fcf2340,224,224,,source_train_manhole_candidate,"source train image labelled manhole; image-level candidate only, no boxes"
train::manhole::manhole_imagenet (719).jpg,train,manhole,data/raw/v2/hf_manhole_covers/train/train/manhole/manhole_imagenet (719).jpg,993be3beef2bb8d8fd78ef67ec24d048ffd3c7e5ed2463010fcdaa37c848ed0e,224,224,,source_train_manhole_candidate,"source train image labelled manhole; image-level candidate only, no boxes"
train::manhole::manhole_imagenet (72).jpg,train,manhole,data/raw/v2/hf_manhole_covers/train/train/manhole/manhole_imagenet (72).jpg,6b63f7acb4def6a56a8a38159fa15b122f3aacbbbe0f25488afa9c0468bda04f,224,224,,source_train_manhole_candidate,"source train image labelled manhole; image-level candidate only, no boxes"
train::manhole::manhole_imagenet (720).jpg,train,manhole,data/raw/v2/hf_manhole_covers/train/train/manhole/manhole_imagenet (720).jpg,a009bb4624cf51c27d8d140c9a20afb07b62d54a251db1562b597215d6ef6671,224,224,,source_train_manhole_candidate,"source train image labelled manhole; image-level candidate only, no boxes"
train::manhole::manhole_imagenet (721).jpg,train,manhole,data/raw/v2/hf_manhole_covers/train/train/manhole/manhole_imagenet (721).jpg,20c9bd9304a4d69b5ce311d3314a3464979578357f0eb624bc2424772c989bac,224,224,,source_train_manhole_candidate,"source train image labelled manhole; image-level candidate only, no boxes"
train::manhole::manhole_imagenet (722).jpg,train,manhole,data/raw/v2/hf_manhole_covers/train/train/manhole/manhole_imagenet (722).jpg,6f2938914440793ea039e2abf7e2bb60d41ea86d3a76959d544f8ded9adda503,224,224,,source_train_manhole_candidate,"source train image labelled manhole; image-level candidate only, no boxes"
train::manhole::manhole_imagenet (723).jpg,train,manhole,data/raw/v2/hf_manhole_covers/train/train/manhole/manhole_imagenet (723).jpg,d9b00618c3b66420acd4124d3605d9acf02d232fc74603392824379ae99fb8a4,224,224,,source_train_manhole_candidate,"source train image labelled manhole; image-level candidate only, no boxes"
train::manhole::manhole_imagenet (724).jpg,train,manhole,data/raw/v2/hf_manhole_covers/train/train/manhole/manhole_imagenet (724).jpg,f7d9414a5b81a913f30d2ffd8d079358d6e5973e2a67931866ddc95dbb5b91c0,224,224,,source_train_manhole_candidate,"source train image labelled manhole; image-level candidate only, no boxes"
train::manhole::manhole_imagenet (725).jpg,train,manhole,data/raw/v2/hf_manhole_covers/train/train/manhole/manhole_imagenet (725).jpg,e2a36de601904604a4e36a563d71991de2a48d6e4ee00a628f86ca9bcb3c6f03,224,224,,source_train_manhole_candidate,"source train image labelled manhole; image-level candidate only, no boxes"
train::manhole::manhole_imagenet (726).jpg,train,manhole,data/raw/v2/hf_manhole_covers/train/train/manhole/manhole_imagenet (726).jpg,0b9145ba21b3b7222df61a462faa2b8c5c5c1687764c9ba4b4f6943df79539a1,224,224,,source_train_manhole_candidate,"source train image labelled manhole; image-level candidate only, no boxes"
train::manhole::manhole_imagenet (727).jpg,train,manhole,data/raw/v2/hf_manhole_covers/train/train/manhole/manhole_imagenet (727).jpg,7355119c6c65162e98f52d994d689847aea196744a2bbd9629185609d3b78292,224,224,,source_train_manhole_candidate,"source train image labelled manhole; image-level candidate only, no boxes"
train::manhole::manhole_imagenet (728).jpg,train,manhole,data/raw/v2/hf_manhole_covers/train/train/manhole/manhole_imagenet (728).jpg,8c1e68d175f67c12699665d01c0690ed5240b07cdf565559bcdb45d40498f0f7,224,224,,source_train_manhole_candidate,"source train image labelled manhole; image-level candidate only, no boxes"
train::manhole::manhole_imagenet (729).jpg,train,manhole,data/raw/v2/hf_manhole_covers/train/train/manhole/manhole_imagenet (729).jpg,5abf49b1ccaa78721d29c5fd61229b2876353705ab943e437f4feb1c5cfe8148,224,224,,source_train_manhole_candidate,"source train image labelled manhole; image-level candidate only, no boxes"
train::manhole::manhole_imagenet (73).jpg,train,manhole,data/raw/v2/hf_manhole_covers/train/train/manhole/manhole_imagenet (73).jpg,a7fb1878ca844935ade631326be14e90877d7d92babb65731c0acc60aa865e93,224,224,,source_train_manhole_candidate,"source train image labelled manhole; image-level candidate only, no boxes"
train::manhole::manhole_imagenet (730).jpg,train,manhole,data/raw/v2/hf_manhole_covers/train/train/manhole/manhole_imagenet (730).jpg,f81068806a4a3a1717d7425e3a8ddbb2e303f740b9f6a4a4c2b6c0c2ca9e308b,224,224,,source_train_manhole_candidate,"source train image labelled manhole; image-level candidate only, no boxes"
train::manhole::manhole_imagenet (731).jpg,train,manhole,data/raw/v2/hf_manhole_covers/train/train/manhole/manhole_imagenet (731).jpg,b138090454a012caba355f5b587d39fad2cb0fc0a5cf5f1eff3968f1e53c31c2,224,224,,source_train_manhole_candidate,"source train image labelled manhole; image-level candidate only, no boxes"
train::manhole::manhole_imagenet (732).jpg,train,manhole,data/raw/v2/hf_manhole_covers/train/train/manhole/manhole_imagenet (732).jpg,c530490afb100d026fd788ece27bb6396946d91c5523b9d0aa7c141b27be1043,224,224,,source_train_manhole_candidate,"source train image labelled manhole; image-level candidate only, no boxes"
train::manhole::manhole_imagenet (733).jpg,train,manhole,data/raw/v2/hf_manhole_covers/train/train/manhole/manhole_imagenet (733).jpg,42d678b6bb334ec3cd1b072328da93c5b959b8948e77dd5f7ca72ba8530742cc,224,224,,source_train_manhole_candidate,"source train image labelled manhole; image-level candidate only, no boxes"
train::manhole::manhole_imagenet (734).jpg,train,manhole,data/raw/v2/hf_manhole_covers/train/train/manhole/manhole_imagenet (734).jpg,75a9223e4550ec4eb9773deeb9ed87ab2d54f2a214792db10c28251285b5c3de,224,224,,source_train_manhole_candidate,"source train image labelled manhole; image-level candidate only, no boxes"
train::manhole::manhole_imagenet (735).jpg,train,manhole,data/raw/v2/hf_manhole_covers/train/train/manhole/manhole_imagenet (735).jpg,9ab8b8ae53913de40e9ca6d152a778291e554b3decd5ff4d82ed7378f0cdf0b1,224,224,,source_train_manhole_candidate,"source train image labelled manhole; image-level candidate only, no boxes"
train::manhole::manhole_imagenet (736).jpg,train,manhole,data/raw/v2/hf_manhole_covers/train/train/manhole/manhole_imagenet (736).jpg,3d33ce184aa11b157da1b40bc9c65fe51b3ef048429494a00125cdc7f05863db,224,224,,source_train_manhole_candidate,"source train image labelled manhole; image-level candidate only, no boxes"
train::manhole::manhole_imagenet (737).jpg,train,manhole,data/raw/v2/hf_manhole_covers/train/train/manhole/manhole_imagenet (737).jpg,b2c8639a9e9b1daea94fe8f425595c1efe3b6213692b2dca6e7dacd85b139285,224,224,,source_train_manhole_candidate,"source train image labelled manhole; image-level candidate only, no boxes"
train::manhole::manhole_imagenet (738).jpg,train,manhole,data/raw/v2/hf_manhole_covers/train/train/manhole/manhole_imagenet (738).jpg,8338b95d695599fd6d3d1a9d5349bea58fa3da4a0b18e37b04b1218946df3071,224,224,,source_train_manhole_candidate,"source train image labelled manhole; image-level candidate only, no boxes"
train::manhole::manhole_imagenet (739).jpg,train,manhole,data/raw/v2/hf_manhole_covers/train/train/manhole/manhole_imagenet (739).jpg,95a05d9f5dcd3e6041b8c8d706405bb9566c6a29c83c8ca80f739522e814dbad,224,224,,source_train_manhole_candidate,"source train image labelled manhole; image-level candidate only, no boxes"
train::manhole::manhole_imagenet (74).jpg,train,manhole,data/raw/v2/hf_manhole_covers/train/train/manhole/manhole_imagenet (74).jpg,da28e887e3f72e6a8c2d211ffa77ec1648c2bab705de8619858934bd4caed56c,224,224,,source_train_manhole_candidate,"source train image labelled manhole; image-level candidate only, no boxes"
train::manhole::manhole_imagenet (740).jpg,train,manhole,data/raw/v2/hf_manhole_covers/train/train/manhole/manhole_imagenet (740).jpg,6bc19da43e1211f7326f74ed64350d265044a8e31e07f52de9c2b4c68f1a387a,224,224,,source_train_manhole_candidate,"source train image labelled manhole; image-level candidate only, no boxes"
train::manhole::manhole_imagenet (741).jpg,train,manhole,data/raw/v2/hf_manhole_covers/train/train/manhole/manhole_imagenet (741).jpg,4e9bd7970464c7a1416594dbc8f51312e62739110fac513906d3f8332518d9d9,224,224,,source_train_manhole_candidate,"source train image labelled manhole; image-level candidate only, no boxes"
train::manhole::manhole_imagenet (742).jpg,train,manhole,data/raw/v2/hf_manhole_covers/train/train/manhole/manhole_imagenet (742).jpg,2975690f0ab07572dafc054364134e47fa699662c51689d070e4f11dda9643ef,224,224,,source_train_manhole_candidate,"source train image labelled manhole; image-level candidate only, no boxes"
train::manhole::manhole_imagenet (743).jpg,train,manhole,data/raw/v2/hf_manhole_covers/train/train/manhole/manhole_imagenet (743).jpg,59a6f0f456a22f08ddfe08923367c3f4e74fe6a0153becc0844bd8dc04d606c7,224,224,,source_train_manhole_candidate,"source train image labelled manhole; image-level candidate only, no boxes"
train::manhole::manhole_imagenet (744).jpg,train,manhole,data/raw/v2/hf_manhole_covers/train/train/manhole/manhole_imagenet (744).jpg,64dc6d0f3255800279c726fa30cb4f1391cdb3664caaa789f868438476ca02b4,224,224,,source_train_manhole_candidate,"source train image labelled manhole; image-level candidate only, no boxes"
train::manhole::manhole_imagenet (745).jpg,train,manhole,data/raw/v2/hf_manhole_covers/train/train/manhole/manhole_imagenet (745).jpg,b98e789ce8c33d52203cece58bd785ec697a0e52143b2265f209763e6e5c0cf5,224,224,,source_train_manhole_candidate,"source train image labelled manhole; image-level candidate only, no boxes"
train::manhole::manhole_imagenet (746).jpg,train,manhole,data/raw/v2/hf_manhole_covers/train/train/manhole/manhole_imagenet (746).jpg,322642835991e973dd6d32f6c5e302d548e9b5970b24294f58ca10a2c861d5c2,224,224,,source_train_manhole_candidate,"source train image labelled manhole; image-level candidate only, no boxes"
train::manhole::manhole_imagenet (747).jpg,train,manhole,data/raw/v2/hf_manhole_covers/train/train/manhole/manhole_imagenet (747).jpg,d53ef457d5532e069625ee8a4c39270212c249f217af0dc7c941d616cc515aba,224,224,,source_train_manhole_candidate,"source train image labelled manhole; image-level candidate only, no boxes"
train::manhole::manhole_imagenet (748).jpg,train,manhole,data/raw/v2/hf_manhole_covers/train/train/manhole/manhole_imagenet (748).jpg,5a57a9d2ee7d858a9373289de3a116b2c9787c2aedc6ebf50c06f24b2777acef,224,224,,source_train_manhole_candidate,"source train image labelled manhole; image-level candidate only, no boxes"
train::manhole::manhole_imagenet (749).jpg,train,manhole,data/raw/v2/hf_manhole_covers/train/train/manhole/manhole_imagenet (749).jpg,a6e65e85a8499a7211a30affaee1ed3e345a866ae92d187bb6d158558289cbab,224,224,,source_train_manhole_candidate,"source train image labelled manhole; image-level candidate only, no boxes"
train::manhole::manhole_imagenet (75).jpg,train,manhole,data/raw/v2/hf_manhole_covers/train/train/manhole/manhole_imagenet (75).jpg,760624d045241dea4ebfbb9045f650f085131eb640e53985fa53c9d4a1cb8170,224,224,,source_train_manhole_candidate,"source train image labelled manhole; image-level candidate only, no boxes"
train::manhole::manhole_imagenet (750).jpg,train,manhole,data/raw/v2/hf_manhole_covers/train/train/manhole/manhole_imagenet (750).jpg,faeb35ddb2965d1b55730f0c3341699b52c58ee10807e16216585449a6b4fb0c,224,224,,source_train_manhole_candidate,"source train image labelled manhole; image-level candidate only, no boxes"
train::manhole::manhole_imagenet (751).jpg,train,manhole,data/raw/v2/hf_manhole_covers/train/train/manhole/manhole_imagenet (751).jpg,29c2d507ef0eb3114baf815cea966f2b41a18c5c2d39da05880dc708e7acbe46,224,224,,source_train_manhole_candidate,"source train image labelled manhole; image-level candidate only, no boxes"
train::manhole::manhole_imagenet (752).jpg,train,manhole,data/raw/v2/hf_manhole_covers/train/train/manhole/manhole_imagenet (752).jpg,cf73ed717120bb4e463c483bd3bc8751ac0c9522ead1b4642009d92d828dc518,224,224,,source_train_manhole_candidate,"source train image labelled manhole; image-level candidate only, no boxes"
train::manhole::manhole_imagenet (753).jpg,train,manhole,data/raw/v2/hf_manhole_covers/train/train/manhole/manhole_imagenet (753).jpg,b5c51b4eb81826759e03bbef34ca205a6c58347c1e6126a20f81a4a5e38b477e,224,224,,source_train_manhole_candidate,"source train image labelled manhole; image-level candidate only, no boxes"
train::manhole::manhole_imagenet (754).jpg,train,manhole,data/raw/v2/hf_manhole_covers/train/train/manhole/manhole_imagenet (754).jpg,22a06b8d265f0c9f2f271f9d834ea832ef01f8abaf67a40f2fadfa37a6e1e0aa,224,224,,source_train_manhole_candidate,"source train image labelled manhole; image-level candidate only, no boxes"
train::manhole::manhole_imagenet (755).jpg,train,manhole,data/raw/v2/hf_manhole_covers/train/train/manhole/manhole_imagenet (755).jpg,d425226e891cc510904dbe9fb9790068506577289639b3bfcca5cacb24dc002e,224,224,,source_train_manhole_candidate,"source train image labelled manhole; image-level candidate only, no boxes"
train::manhole::manhole_imagenet (756).jpg,train,manhole,data/raw/v2/hf_manhole_covers/train/train/manhole/manhole_imagenet (756).jpg,601b9b84c83e0aa766a6e4c41612b366d378455b813a0be357a39532041b1c21,224,224,,source_train_manhole_candidate,"source train image labelled manhole; image-level candidate only, no boxes"
train::manhole::manhole_imagenet (757).jpg,train,manhole,data/raw/v2/hf_manhole_covers/train/train/manhole/manhole_imagenet (757).jpg,5495537e36f8e6551846f281a2e30f78ac6047ea889663f4b0a219c7681d84ae,224,224,,source_train_manhole_candidate,"source train image labelled manhole; image-level candidate only, no boxes"
train::manhole::manhole_imagenet (758).jpg,train,manhole,data/raw/v2/hf_manhole_covers/train/train/manhole/manhole_imagenet (758).jpg,447ff903a03fc3c9aaa22533091d92765c05f09aae15546afef7205fdac3d809,224,224,,source_train_manhole_candidate,"source train image labelled manhole; image-level candidate only, no boxes"
train::manhole::manhole_imagenet (759).jpg,train,manhole,data/raw/v2/hf_manhole_covers/train/train/manhole/manhole_imagenet (759).jpg,da5ac2c58811d0a895abab50dcee1d374845d404e80e03b951a5b2f15757afd1,224,224,,source_train_manhole_candidate,"source train image labelled manhole; image-level candidate only, no boxes"
train::manhole::manhole_imagenet (76).jpg,train,manhole,data/raw/v2/hf_manhole_covers/train/train/manhole/manhole_imagenet (76).jpg,70cc932b92eed339be9a1bf8701338ee97e8c5fdc926634633d9bca6cf85ae45,224,224,,source_train_manhole_candidate,"source train image labelled manhole; image-level candidate only, no boxes"
train::manhole::manhole_imagenet (760).jpg,train,manhole,data/raw/v2/hf_manhole_covers/train/train/manhole/manhole_imagenet (760).jpg,bf5208ddee575155b00d346ba5c79d18732508c658bbec008f5579f057467b9f,224,224,,source_train_manhole_candidate,"source train image labelled manhole; image-level candidate only, no boxes"
train::manhole::manhole_imagenet (761).jpg,train,manhole,data/raw/v2/hf_manhole_covers/train/train/manhole/manhole_imagenet (761).jpg,179cec3b135001eb786fa236209eed33eb6b7fae917f2a9efd5f3fd88b4513e9,224,224,,source_train_manhole_candidate,"source train image labelled manhole; image-level candidate only, no boxes"
train::manhole::manhole_imagenet (762).jpg,train,manhole,data/raw/v2/hf_manhole_covers/train/train/manhole/manhole_imagenet (762).jpg,78320f705e3ef22b9ee4662cd978dda6cf6bbf450b033222339d6a3c542689f6,224,224,,source_train_manhole_candidate,"source train image labelled manhole; image-level candidate only, no boxes"
train::manhole::manhole_imagenet (763).jpg,train,manhole,data/raw/v2/hf_manhole_covers/train/train/manhole/manhole_imagenet (763).jpg,ae57aca47cbd068c2949e0cddbf41f122ed646bfb2df72d40c9791676f7f4f65,224,224,,source_train_manhole_candidate,"source train image labelled manhole; image-level candidate only, no boxes"
train::manhole::manhole_imagenet (764).jpg,train,manhole,data/raw/v2/hf_manhole_covers/train/train/manhole/manhole_imagenet (764).jpg,8f2a9d2a7bb1d2c56706415eb369947551bba6c11a0070e1939aca78b15154a3,224,224,,source_train_manhole_candidate,"source train image labelled manhole; image-level candidate only, no boxes"
train::manhole::manhole_imagenet (765).jpg,train,manhole,data/raw/v2/hf_manhole_covers/train/train/manhole/manhole_imagenet (765).jpg,2e9bf3f69fdc4fe07e5dd4436953ef99a2ff3ce7b2e5076829d8780a0ee477a2,224,224,,source_train_manhole_candidate,"source train image labelled manhole; image-level candidate only, no boxes"
train::manhole::manhole_imagenet (766).jpg,train,manhole,data/raw/v2/hf_manhole_covers/train/train/manhole/manhole_imagenet (766).jpg,7ef235e832a43158a0f0cb9109d89f36ec67274dc69970f641644ee0851e1743,224,224,,source_train_manhole_candidate,"source train image labelled manhole; image-level candidate only, no boxes"
train::manhole::manhole_imagenet (767).jpg,train,manhole,data/raw/v2/hf_manhole_covers/train/train/manhole/manhole_imagenet (767).jpg,d632cbc46a1f7f46566fa14216e9d307336e4a8e01f2cdb2c118b4c408365c72,224,224,,source_train_manhole_candidate,"source train image labelled manhole; image-level candidate only, no boxes"
train::manhole::manhole_imagenet (768).jpg,train,manhole,data/raw/v2/hf_manhole_covers/train/train/manhole/manhole_imagenet (768).jpg,778a32dbb3a3514a244a53823245c83419d2ec44d3e2ba8f467e6d2a2141d244,224,224,,source_train_manhole_candidate,"source train image labelled manhole; image-level candidate only, no boxes"
train::manhole::manhole_imagenet (769).jpg,train,manhole,data/raw/v2/hf_manhole_covers/train/train/manhole/manhole_imagenet (769).jpg,928e214dc9aeb848e40b4ddd3f32c135dcdec158bff46bf68c30038b575fe32e,224,224,,source_train_manhole_candidate,"source train image labelled manhole; image-level candidate only, no boxes"
train::manhole::manhole_imagenet (77).jpg,train,manhole,data/raw/v2/hf_manhole_covers/train/train/manhole/manhole_imagenet (77).jpg,5fa19a6a959da2105a26bd1b27276669b4daf26c94054323d989a10d30928472,224,224,,source_train_manhole_candidate,"source train image labelled manhole; image-level candidate only, no boxes"
train::manhole::manhole_imagenet (770).jpg,train,manhole,data/raw/v2/hf_manhole_covers/train/train/manhole/manhole_imagenet (770).jpg,2b460badb3c8dc64cf549acc0cc382ec484bf572165b15f4c3dea09172b73109,224,224,,source_train_manhole_candidate,"source train image labelled manhole; image-level candidate only, no boxes"
train::manhole::manhole_imagenet (771).jpg,train,manhole,data/raw/v2/hf_manhole_covers/train/train/manhole/manhole_imagenet (771).jpg,23eeb1af2a605f876aea65c9ae898591581e71a61b9fa78472bbb4a498b59433,224,224,,source_train_manhole_candidate,"source train image labelled manhole; image-level candidate only, no boxes"
train::manhole::manhole_imagenet (772).jpg,train,manhole,data/raw/v2/hf_manhole_covers/train/train/manhole/manhole_imagenet (772).jpg,5b8c1b314694f50ae31c7e396743292b0c38ee46b965791bc0a153edc37a601a,224,224,,source_train_manhole_candidate,"source train image labelled manhole; image-level candidate only, no boxes"
train::manhole::manhole_imagenet (773).jpg,train,manhole,data/raw/v2/hf_manhole_covers/train/train/manhole/manhole_imagenet (773).jpg,06d8cbfd5d4bae6b2a3ff7257c6339f9c9465d67afaceb8cfd73ea20e7b808ea,224,224,,source_train_manhole_candidate,"source train image labelled manhole; image-level candidate only, no boxes"
train::manhole::manhole_imagenet (774).jpg,train,manhole,data/raw/v2/hf_manhole_covers/train/train/manhole/manhole_imagenet (774).jpg,256d75eb993b5320cfcc82fde0b3ae2aad4cf274d83ca4b001644b6567cb7a97,224,224,,source_train_manhole_candidate,"source train image labelled manhole; image-level candidate only, no boxes"
train::manhole::manhole_imagenet (775).jpg,train,manhole,data/raw/v2/hf_manhole_covers/train/train/manhole/manhole_imagenet (775).jpg,894bd37ef9533d4bae93f1fd8c3410282560821d6ffe3ac6dc27771c774b37cf,224,224,,source_train_manhole_candidate,"source train image labelled manhole; image-level candidate only, no boxes"
train::manhole::manhole_imagenet (776).jpg,train,manhole,data/raw/v2/hf_manhole_covers/train/train/manhole/manhole_imagenet (776).jpg,9ee75b35a9f6fdc2af507875c481c3a8958323fbd9c25ae3215f5c08105cc21f,224,224,,source_train_manhole_candidate,"source train image labelled manhole; image-level candidate only, no boxes"
train::manhole::manhole_imagenet (777).jpg,train,manhole,data/raw/v2/hf_manhole_covers/train/train/manhole/manhole_imagenet (777).jpg,2e478a6ec7768a20b25928bc333bfe40c62006597d88879510351f91bdbeefa3,224,224,,source_train_manhole_candidate,"source train image labelled manhole; image-level candidate only, no boxes"
train::manhole::manhole_imagenet (778).jpg,train,manhole,data/raw/v2/hf_manhole_covers/train/train/manhole/manhole_imagenet (778).jpg,c067ee68245deb4b76029b0b6d86444ea0cf81762d54e22ffb3cb50b8fd56bbd,224,224,,source_train_manhole_candidate,"source train image labelled manhole; image-level candidate only, no boxes"
train::manhole::manhole_imagenet (779).jpg,train,manhole,data/raw/v2/hf_manhole_covers/train/train/manhole/manhole_imagenet (779).jpg,dc79b33dad10fbddf751d9824ffeeeadc14780e5dbf6330a849a335634b948a4,224,224,,source_train_manhole_candidate,"source train image labelled manhole; image-level candidate only, no boxes"
train::manhole::manhole_imagenet (78).jpg,train,manhole,data/raw/v2/hf_manhole_covers/train/train/manhole/manhole_imagenet (78).jpg,80fc3523933d807f4d6f4a4338236b992977ebc80e5942f3501ffdeeeee0f89d,224,224,,source_train_manhole_candidate,"source train image labelled manhole; image-level candidate only, no boxes"
train::manhole::manhole_imagenet (780).jpg,train,manhole,data/raw/v2/hf_manhole_covers/train/train/manhole/manhole_imagenet (780).jpg,3f790e1475015bb6a4dda3260abd1875a9ed7a47a4de4f608825eb35eb492a2d,224,224,,source_train_manhole_candidate,"source train image labelled manhole; image-level candidate only, no boxes"
train::manhole::manhole_imagenet (781).jpg,train,manhole,data/raw/v2/hf_manhole_covers/train/train/manhole/manhole_imagenet (781).jpg,31230a768d639ba641250c2fb12a9474bad51330c127e1ab57cd78f5cf74a985,224,224,,source_train_manhole_candidate,"source train image labelled manhole; image-level candidate only, no boxes"
train::manhole::manhole_imagenet (782).jpg,train,manhole,data/raw/v2/hf_manhole_covers/train/train/manhole/manhole_imagenet (782).jpg,22c9e32c86ec1f62a1e706f271f84e709f21c3b86789a005527295ea4f3c65fe,224,224,,source_train_manhole_candidate,"source train image labelled manhole; image-level candidate only, no boxes"
train::manhole::manhole_imagenet (783).jpg,train,manhole,data/raw/v2/hf_manhole_covers/train/train/manhole/manhole_imagenet (783).jpg,a2ca89c0fd7583c74a615877b0080dd018c997fda10d672bbd9309bcccf4d3fa,224,224,,source_train_manhole_candidate,"source train image labelled manhole; image-level candidate only, no boxes"
train::manhole::manhole_imagenet (784).jpg,train,manhole,data/raw/v2/hf_manhole_covers/train/train/manhole/manhole_imagenet (784).jpg,626fb5f313e9e9c1efe027d70f40c1028a95407de4be0a594023644d8a78e345,224,224,,source_train_manhole_candidate,"source train image labelled manhole; image-level candidate only, no boxes"
train::manhole::manhole_imagenet (785).jpg,train,manhole,data/raw/v2/hf_manhole_covers/train/train/manhole/manhole_imagenet (785).jpg,f7357d0e4ea53d37ae785e56afd74b1bb36b4825d3512ddfe90c3449b5ba0f36,224,224,,source_train_manhole_candidate,"source train image labelled manhole; image-level candidate only, no boxes"
train::manhole::manhole_imagenet (786).jpg,train,manhole,data/raw/v2/hf_manhole_covers/train/train/manhole/manhole_imagenet (786).jpg,afe248b82f35e41aa04a61703f7f2116f7e54ded8c0866ca7c61c959a496192d,224,224,,source_train_manhole_candidate,"source train image labelled manhole; image-level candidate only, no boxes"
train::manhole::manhole_imagenet (787).jpg,train,manhole,data/raw/v2/hf_manhole_covers/train/train/manhole/manhole_imagenet (787).jpg,a417f9251b8a0763f83ad87ac650399fa63e4a87d7cabf526bc71e9f958077c7,224,224,,source_train_manhole_candidate,"source train image labelled manhole; image-level candidate only, no boxes"
train::manhole::manhole_imagenet (788).jpg,train,manhole,data/raw/v2/hf_manhole_covers/train/train/manhole/manhole_imagenet (788).jpg,262f7729b121cd11cc2c1bc39481bd0c2f06ddea7a007025b69e275aabde5d4d,224,224,,source_train_manhole_candidate,"source train image labelled manhole; image-level candidate only, no boxes"
train::manhole::manhole_imagenet (789).jpg,train,manhole,data/raw/v2/hf_manhole_covers/train/train/manhole/manhole_imagenet (789).jpg,a7e699894cd19b23e3867548f07a36c80ea4f5afccbcbae221f94c0f919ad5f5,224,224,,source_train_manhole_candidate,"source train image labelled manhole; image-level candidate only, no boxes"
train::manhole::manhole_imagenet (79).jpg,train,manhole,data/raw/v2/hf_manhole_covers/train/train/manhole/manhole_imagenet (79).jpg,b3a57f9912e03cbe7f117e8975cc205c65784b6b21ead154b7c7ff836669710b,224,224,,source_train_manhole_candidate,"source train image labelled manhole; image-level candidate only, no boxes"
train::manhole::manhole_imagenet (790).jpg,train,manhole,data/raw/v2/hf_manhole_covers/train/train/manhole/manhole_imagenet (790).jpg,01b718be399f6927205b9ad1a8c3257a3fe08b73ea316795e8a3e805a0ebadb1,224,224,,source_train_manhole_candidate,"source train image labelled manhole; image-level candidate only, no boxes"
train::manhole::manhole_imagenet (791).jpg,train,manhole,data/raw/v2/hf_manhole_covers/train/train/manhole/manhole_imagenet (791).jpg,65a6c8027ef93bf58c0ba5ab3b1ac12bee26b5418d59a821205519bd12e0b2e2,224,224,,source_train_manhole_candidate,"source train image labelled manhole; image-level candidate only, no boxes"
train::manhole::manhole_imagenet (792).jpg,train,manhole,data/raw/v2/hf_manhole_covers/train/train/manhole/manhole_imagenet (792).jpg,10da2fcc413eb151cc323344f969fce0260d1b692ec76bf7298488eefbe0fc92,224,224,,source_train_manhole_candidate,"source train image labelled manhole; image-level candidate only, no boxes"
train::manhole::manhole_imagenet (793).jpg,train,manhole,data/raw/v2/hf_manhole_covers/train/train/manhole/manhole_imagenet (793).jpg,f1eb4ceb55d668366dfcf6958b1082b6141b328dbc5b38a55085b5b3933dc662,224,224,,source_train_manhole_candidate,"source train image labelled manhole; image-level candidate only, no boxes"
train::manhole::manhole_imagenet (794).jpg,train,manhole,data/raw/v2/hf_manhole_covers/train/train/manhole/manhole_imagenet (794).jpg,294de179a5fa122b511e32ad17e332c01308af9c9e74017ad3ccbe92e77f3fb6,224,224,,source_train_manhole_candidate,"source train image labelled manhole; image-level candidate only, no boxes"
train::manhole::manhole_imagenet (795).jpg,train,manhole,data/raw/v2/hf_manhole_covers/train/train/manhole/manhole_imagenet (795).jpg,5af08ac5f2ef4c705b6bfacd3ecf1662d8bcba41a5a81a30c30e51025f78f671,224,224,,source_train_manhole_candidate,"source train image labelled manhole; image-level candidate only, no boxes"
train::manhole::manhole_imagenet (796).jpg,train,manhole,data/raw/v2/hf_manhole_covers/train/train/manhole/manhole_imagenet (796).jpg,75e1d323c1f23f505b193b4e3b200652edfbd938fa2c859698a9eaf90f64c3b8,224,224,,source_train_manhole_candidate,"source train image labelled manhole; image-level candidate only, no boxes"
train::manhole::manhole_imagenet (797).jpg,train,manhole,data/raw/v2/hf_manhole_covers/train/train/manhole/manhole_imagenet (797).jpg,9e1e86c74fca6b356c2de83ea3a9322549e768212a317c95054d422b35f9255e,224,224,,source_train_manhole_candidate,"source train image labelled manhole; image-level candidate only, no boxes"
train::manhole::manhole_imagenet (798).jpg,train,manhole,data/raw/v2/hf_manhole_covers/train/train/manhole/manhole_imagenet (798).jpg,08df46dd1a0aafb95111bbb6134b850e3aded178e3940564bf8e32f45df9efec,224,224,,source_train_manhole_candidate,"source train image labelled manhole; image-level candidate only, no boxes"
train::manhole::manhole_imagenet (799).jpg,train,manhole,data/raw/v2/hf_manhole_covers/train/train/manhole/manhole_imagenet (799).jpg,b0f3300e24c6aa90dbeb9df8b5ff608a17ed16356b849a2ce96a38e810426287,224,224,,source_train_manhole_candidate,"source train image labelled manhole; image-level candidate only, no boxes"
train::manhole::manhole_imagenet (8).jpg,train,manhole,data/raw/v2/hf_manhole_covers/train/train/manhole/manhole_imagenet (8).jpg,1d619fa158fab405547f2062ac69503cc6dd1956cc13570195a27e1ddb909cb1,224,224,,source_train_manhole_candidate,"source train image labelled manhole; image-level candidate only, no boxes"
train::manhole::manhole_imagenet (80).jpg,train,manhole,data/raw/v2/hf_manhole_covers/train/train/manhole/manhole_imagenet (80).jpg,a3dcdaffa137fffbf27c6148f2da6328ecf9b9d9c04ac49519841bc4da4b5bbb,224,224,,source_train_manhole_candidate,"source train image labelled manhole; image-level candidate only, no boxes"
train::manhole::manhole_imagenet (800).jpg,train,manhole,data/raw/v2/hf_manhole_covers/train/train/manhole/manhole_imagenet (800).jpg,5fcf4d935d4d3a3d765ad18b040e5c805d1de4600ac7d7102c0325734550cf47,224,224,,source_train_manhole_candidate,"source train image labelled manhole; image-level candidate only, no boxes"
train::manhole::manhole_imagenet (801).jpg,train,manhole,data/raw/v2/hf_manhole_covers/train/train/manhole/manhole_imagenet (801).jpg,0dcdaa96fa75efd3d63f56afc8bb27ec390b7c5d0ff8f3aa5ed15a9cedce5065,224,224,,source_train_manhole_candidate,"source train image labelled manhole; image-level candidate only, no boxes"
train::manhole::manhole_imagenet (802).jpg,train,manhole,data/raw/v2/hf_manhole_covers/train/train/manhole/manhole_imagenet (802).jpg,3d3647cbcadb84822e281990c10f041f9e95864817e90eb5bd202f7ae0aa4050,224,224,,source_train_manhole_candidate,"source train image labelled manhole; image-level candidate only, no boxes"
train::manhole::manhole_imagenet (803).jpg,train,manhole,data/raw/v2/hf_manhole_covers/train/train/manhole/manhole_imagenet (803).jpg,f8a518f283e8f0acf3a6aabdc24bce1d51d67788623f26e9af5ffc5ec51c6b9b,224,224,,source_train_manhole_candidate,"source train image labelled manhole; image-level candidate only, no boxes"
train::manhole::manhole_imagenet (804).jpg,train,manhole,data/raw/v2/hf_manhole_covers/train/train/manhole/manhole_imagenet (804).jpg,bef51f056400172f315618af4fafc915724440ae430a500fc2bbcc597510854f,224,224,,source_train_manhole_candidate,"source train image labelled manhole; image-level candidate only, no boxes"
train::manhole::manhole_imagenet (805).jpg,train,manhole,data/raw/v2/hf_manhole_covers/train/train/manhole/manhole_imagenet (805).jpg,8f7f90fee28ff9e1ec28b70aed3f1c6fb224c84f4a4a7572c1ee76f18c9fc71e,224,224,,source_train_manhole_candidate,"source train image labelled manhole; image-level candidate only, no boxes"
train::manhole::manhole_imagenet (806).jpg,train,manhole,data/raw/v2/hf_manhole_covers/train/train/manhole/manhole_imagenet (806).jpg,7a021e01be54cdfd0c7fbd10ab4ab6343f76c3f9ad255b28555c095ab1c2b560,224,224,,source_train_manhole_candidate,"source train image labelled manhole; image-level candidate only, no boxes"
train::manhole::manhole_imagenet (807).jpg,train,manhole,data/raw/v2/hf_manhole_covers/train/train/manhole/manhole_imagenet (807).jpg,ff2c24ade76f1fe26bc1277918e941b21cc11930ba1ee906e493e69622c6ee87,224,224,,source_train_manhole_candidate,"source train image labelled manhole; image-level candidate only, no boxes"
train::manhole::manhole_imagenet (808).jpg,train,manhole,data/raw/v2/hf_manhole_covers/train/train/manhole/manhole_imagenet (808).jpg,f1395fdb1af9b806266301baffd0afdfb2ffbf93fde56cea01ec4c62605ec279,224,224,,source_train_manhole_candidate,"source train image labelled manhole; image-level candidate only, no boxes"
train::manhole::manhole_imagenet (809).jpg,train,manhole,data/raw/v2/hf_manhole_covers/train/train/manhole/manhole_imagenet (809).jpg,9143d21329f9a4e0c239a3d29ecc2b358ecd9113eecb529d0d067f4120d1203c,224,224,,source_train_manhole_candidate,"source train image labelled manhole; image-level candidate only, no boxes"
train::manhole::manhole_imagenet (81).jpg,train,manhole,data/raw/v2/hf_manhole_covers/train/train/manhole/manhole_imagenet (81).jpg,b8be9ae9623c71b87bef55b09c3d9356df488cac0c7d8ce43db59ccf32a7f729,224,224,,source_train_manhole_candidate,"source train image labelled manhole; image-level candidate only, no boxes"
train::manhole::manhole_imagenet (810).jpg,train,manhole,data/raw/v2/hf_manhole_covers/train/train/manhole/manhole_imagenet (810).jpg,0325bf0ebfb6a4e838c7c1340b83b930ea92d03c49298066b66b17c62afdd211,224,224,,source_train_manhole_candidate,"source train image labelled manhole; image-level candidate only, no boxes"
train::manhole::manhole_imagenet (811).jpg,train,manhole,data/raw/v2/hf_manhole_covers/train/train/manhole/manhole_imagenet (811).jpg,faa08c127bc94267c1089034ad694f82854c2c523d9aa405ae9e32c4c9defde8,224,224,,source_train_manhole_candidate,"source train image labelled manhole; image-level candidate only, no boxes"
train::manhole::manhole_imagenet (812).jpg,train,manhole,data/raw/v2/hf_manhole_covers/train/train/manhole/manhole_imagenet (812).jpg,07f663a7ecb3697e1aa2d304ea03d8a3f6c7f885a381e5cadf5bce5a0e75d3c1,224,224,,source_train_manhole_candidate,"source train image labelled manhole; image-level candidate only, no boxes"
train::manhole::manhole_imagenet (813).jpg,train,manhole,data/raw/v2/hf_manhole_covers/train/train/manhole/manhole_imagenet (813).jpg,2298ba67d26e235697a91c2df8c661cb35f91201f468ba74174dfaed9cea2eb3,224,224,,source_train_manhole_candidate,"source train image labelled manhole; image-level candidate only, no boxes"
train::manhole::manhole_imagenet (814).jpg,train,manhole,data/raw/v2/hf_manhole_covers/train/train/manhole/manhole_imagenet (814).jpg,e5e155d6c03d58b655d06cfb2a77fa5c9d97b74677e630b17b28f04340cc2417,224,224,,source_train_manhole_candidate,"source train image labelled manhole; image-level candidate only, no boxes"
train::manhole::manhole_imagenet (815).jpg,train,manhole,data/raw/v2/hf_manhole_covers/train/train/manhole/manhole_imagenet (815).jpg,7998366fb9c92d4dc00665aa75dc1d00441c5445c6b9f05748352609ffe49660,224,224,,source_train_manhole_candidate,"source train image labelled manhole; image-level candidate only, no boxes"
train::manhole::manhole_imagenet (816).jpg,train,manhole,data/raw/v2/hf_manhole_covers/train/train/manhole/manhole_imagenet (816).jpg,a47fe1bbe9ba0151177dfd037044bab7912b6fa2e6fe3fddd9a48b4409fa9742,224,224,,source_train_manhole_candidate,"source train image labelled manhole; image-level candidate only, no boxes"
train::manhole::manhole_imagenet (817).jpg,train,manhole,data/raw/v2/hf_manhole_covers/train/train/manhole/manhole_imagenet (817).jpg,87c340a7806ec289f49a6491341dd4ec7e2cebeeed7c0369120aa577e0c5c117,224,224,,source_train_manhole_candidate,"source train image labelled manhole; image-level candidate only, no boxes"
train::manhole::manhole_imagenet (818).jpg,train,manhole,data/raw/v2/hf_manhole_covers/train/train/manhole/manhole_imagenet (818).jpg,4d353fc7ae318a0e647192ab191ca45181907ead971939a75e137ad3d4c4cdf5,224,224,,source_train_manhole_candidate,"source train image labelled manhole; image-level candidate only, no boxes"
train::manhole::manhole_imagenet (819).jpg,train,manhole,data/raw/v2/hf_manhole_covers/train/train/manhole/manhole_imagenet (819).jpg,6400751f73281bbd700c083ae54923ffd939ff350663e2ab708391292f877c79,224,224,,source_train_manhole_candidate,"source train image labelled manhole; image-level candidate only, no boxes"
train::manhole::manhole_imagenet (82).jpg,train,manhole,data/raw/v2/hf_manhole_covers/train/train/manhole/manhole_imagenet (82).jpg,c153d88b3a5e22967a1b0cc5bcc188fa292fd7bdd9c764f3151c0e8358edf234,224,224,,source_train_manhole_candidate,"source train image labelled manhole; image-level candidate only, no boxes"
train::manhole::manhole_imagenet (820).jpg,train,manhole,data/raw/v2/hf_manhole_covers/train/train/manhole/manhole_imagenet (820).jpg,831597523042ac87d96d7ae93081eef5f5efd66a3d317c9900a563f22113d58f,224,224,,source_train_manhole_candidate,"source train image labelled manhole; image-level candidate only, no boxes"
train::manhole::manhole_imagenet (821).jpg,train,manhole,data/raw/v2/hf_manhole_covers/train/train/manhole/manhole_imagenet (821).jpg,566473f979a1e90a176eb3fcd0be23cb1f78920fab6847a47f1448027cef9449,224,224,,source_train_manhole_candidate,"source train image labelled manhole; image-level candidate only, no boxes"
train::manhole::manhole_imagenet (822).jpg,train,manhole,data/raw/v2/hf_manhole_covers/train/train/manhole/manhole_imagenet (822).jpg,ae6e4fc72de5b2f209616b24c7072fad32e2054faab270941daa003a05da587c,224,224,,source_train_manhole_candidate,"source train image labelled manhole; image-level candidate only, no boxes"
train::manhole::manhole_imagenet (823).jpg,train,manhole,data/raw/v2/hf_manhole_covers/train/train/manhole/manhole_imagenet (823).jpg,cad724ae8eaec30c642c5abe74d560df2262768caafc3e651bef0405160e35f5,224,224,,source_train_manhole_candidate,"source train image labelled manhole; image-level candidate only, no boxes"
train::manhole::manhole_imagenet (824).jpg,train,manhole,data/raw/v2/hf_manhole_covers/train/train/manhole/manhole_imagenet (824).jpg,74c1cf2a57b32ea94a7e64e4f9e119ae2ac74af7ae998de6dd890b83cfe21abf,224,224,,source_train_manhole_candidate,"source train image labelled manhole; image-level candidate only, no boxes"
train::manhole::manhole_imagenet (825).jpg,train,manhole,data/raw/v2/hf_manhole_covers/train/train/manhole/manhole_imagenet (825).jpg,bfeeaa4a7a567f86791977f0836edf90c9b53484e3829b26ff8c4a790ad7f502,224,224,,source_train_manhole_candidate,"source train image labelled manhole; image-level candidate only, no boxes"
train::manhole::manhole_imagenet (826).jpg,train,manhole,data/raw/v2/hf_manhole_covers/train/train/manhole/manhole_imagenet (826).jpg,5691d0b5a53409b434da2186e3db1ef2bf0b141807fd8e025439c0eec5f3fe7b,224,224,,source_train_manhole_candidate,"source train image labelled manhole; image-level candidate only, no boxes"
train::manhole::manhole_imagenet (827).jpg,train,manhole,data/raw/v2/hf_manhole_covers/train/train/manhole/manhole_imagenet (827).jpg,7342e341b89d550f5bd0d228ba8ee5f28ff4faf6058061a1994d913334f9b287,224,224,,source_train_manhole_candidate,"source train image labelled manhole; image-level candidate only, no boxes"
train::manhole::manhole_imagenet (828).jpg,train,manhole,data/raw/v2/hf_manhole_covers/train/train/manhole/manhole_imagenet (828).jpg,128e0f54d70d12d93696b5097cb82b8475e55fab5448eb5070c33b956f419e81,224,224,,source_train_manhole_candidate,"source train image labelled manhole; image-level candidate only, no boxes"
train::manhole::manhole_imagenet (829).jpg,train,manhole,data/raw/v2/hf_manhole_covers/train/train/manhole/manhole_imagenet (829).jpg,cdaa85bfbf6482e8e4aa8e12283279be674f6d1c3db05bf0f08759c897399606,224,224,,source_train_manhole_candidate,"source train image labelled manhole; image-level candidate only, no boxes"
train::manhole::manhole_imagenet (83).jpg,train,manhole,data/raw/v2/hf_manhole_covers/train/train/manhole/manhole_imagenet (83).jpg,e317babda30ba176e4b46f321e3af742187d8600dd21d055ceb8018c506ceb12,224,224,,source_train_manhole_candidate,"source train image labelled manhole; image-level candidate only, no boxes"
train::manhole::manhole_imagenet (830).jpg,train,manhole,data/raw/v2/hf_manhole_covers/train/train/manhole/manhole_imagenet (830).jpg,6637581a8cdd7edbecf76e4de856b500d37cba167fc95a590d1ea73017e71c3d,224,224,,source_train_manhole_candidate,"source train image labelled manhole; image-level candidate only, no boxes"
train::manhole::manhole_imagenet (831).jpg,train,manhole,data/raw/v2/hf_manhole_covers/train/train/manhole/manhole_imagenet (831).jpg,547821f895892a405409868ef14eb32af03197d7991b0b185c073a98eceb854c,224,224,,source_train_manhole_candidate,"source train image labelled manhole; image-level candidate only, no boxes"
train::manhole::manhole_imagenet (832).jpg,train,manhole,data/raw/v2/hf_manhole_covers/train/train/manhole/manhole_imagenet (832).jpg,223f72b3cc5d31ce06bf766dad7fc2b1d5fafb194915d91c72a5a1e7987c4d42,224,224,,source_train_manhole_candidate,"source train image labelled manhole; image-level candidate only, no boxes"
train::manhole::manhole_imagenet (833).jpg,train,manhole,data/raw/v2/hf_manhole_covers/train/train/manhole/manhole_imagenet (833).jpg,5bfbe49520c9303a1fac0fc891f44f76f3b6edbbcd4b779a1eae28a284fe7ef3,224,224,,source_train_manhole_candidate,"source train image labelled manhole; image-level candidate only, no boxes"
train::manhole::manhole_imagenet (834).jpg,train,manhole,data/raw/v2/hf_manhole_covers/train/train/manhole/manhole_imagenet (834).jpg,69f7dd216413751d6c06a069367e3485ca4121d9ca5929492d2060d4fef9a259,224,224,,source_train_manhole_candidate,"source train image labelled manhole; image-level candidate only, no boxes"
train::manhole::manhole_imagenet (835).jpg,train,manhole,data/raw/v2/hf_manhole_covers/train/train/manhole/manhole_imagenet (835).jpg,a31f3882a2333ed602b5b9f2eefe1684fca128fff56d835197253e1b5f169a49,224,224,,source_train_manhole_candidate,"source train image labelled manhole; image-level candidate only, no boxes"
train::manhole::manhole_imagenet (836).jpg,train,manhole,data/raw/v2/hf_manhole_covers/train/train/manhole/manhole_imagenet (836).jpg,e8da3e48ea94a6a98dfc85ad1508f4795f865d2a768a89d108a8135ff8111411,224,224,,source_train_manhole_candidate,"source train image labelled manhole; image-level candidate only, no boxes"
train::manhole::manhole_imagenet (837).jpg,train,manhole,data/raw/v2/hf_manhole_covers/train/train/manhole/manhole_imagenet (837).jpg,c623b658a24f17af1cc41f202237dd314edc01cd15ad727dc6e5de2ce1dc61e8,224,224,,source_train_manhole_candidate,"source train image labelled manhole; image-level candidate only, no boxes"
train::manhole::manhole_imagenet (838).jpg,train,manhole,data/raw/v2/hf_manhole_covers/train/train/manhole/manhole_imagenet (838).jpg,dfb8aa7936a771ed71000c26f338d82db139698154e7417c2aa5d2e7abdf6d3b,224,224,,source_train_manhole_candidate,"source train image labelled manhole; image-level candidate only, no boxes"
train::manhole::manhole_imagenet (839).jpg,train,manhole,data/raw/v2/hf_manhole_covers/train/train/manhole/manhole_imagenet (839).jpg,63799d29756143408311aff8072ed0a1a5ca32071a502851e1373ff4647daaea,224,224,,source_train_manhole_candidate,"source train image labelled manhole; image-level candidate only, no boxes"
train::manhole::manhole_imagenet (84).jpg,train,manhole,data/raw/v2/hf_manhole_covers/train/train/manhole/manhole_imagenet (84).jpg,b388c09034d6f53868ff773e175f53fb43856494e1374b8f07879e9cc51f10f1,224,224,,source_train_manhole_candidate,"source train image labelled manhole; image-level candidate only, no boxes"
train::manhole::manhole_imagenet (840).jpg,train,manhole,data/raw/v2/hf_manhole_covers/train/train/manhole/manhole_imagenet (840).jpg,f58331e118f9cab77acf7122a375a5493bee7a49dc70603e44c58ce1edc91b53,224,224,,source_train_manhole_candidate,"source train image labelled manhole; image-level candidate only, no boxes"
train::manhole::manhole_imagenet (841).jpg,train,manhole,data/raw/v2/hf_manhole_covers/train/train/manhole/manhole_imagenet (841).jpg,2683e020a93d2c21959d2b199d2a0c24e1dc90e71fb402fbd25f50b871d23a53,224,224,,source_train_manhole_candidate,"source train image labelled manhole; image-level candidate only, no boxes"
train::manhole::manhole_imagenet (842).jpg,train,manhole,data/raw/v2/hf_manhole_covers/train/train/manhole/manhole_imagenet (842).jpg,40b0078c1e71c3d5777e2ef457ca764dc3ae93bbb5a1973e1634b130c0901c67,224,224,,source_train_manhole_candidate,"source train image labelled manhole; image-level candidate only, no boxes"
train::manhole::manhole_imagenet (843).jpg,train,manhole,data/raw/v2/hf_manhole_covers/train/train/manhole/manhole_imagenet (843).jpg,7d40119259369231a1a27a54112db543574f9ccb5789fe4406630868add8ef09,224,224,,source_train_manhole_candidate,"source train image labelled manhole; image-level candidate only, no boxes"
train::manhole::manhole_imagenet (844).jpg,train,manhole,data/raw/v2/hf_manhole_covers/train/train/manhole/manhole_imagenet (844).jpg,f76ec8ed8ce7fb0c1fd8ba806bb2c50bd17116828de3ae4d2eddb67de2946675,224,224,,source_train_manhole_candidate,"source train image labelled manhole; image-level candidate only, no boxes"
train::manhole::manhole_imagenet (845).jpg,train,manhole,data/raw/v2/hf_manhole_covers/train/train/manhole/manhole_imagenet (845).jpg,d5ee1f24a6d8607d6bc4b4f1f37b51303fe75f983d8a5acb2e0203adc25dbc91,224,224,,source_train_manhole_candidate,"source train image labelled manhole; image-level candidate only, no boxes"
train::manhole::manhole_imagenet (846).jpg,train,manhole,data/raw/v2/hf_manhole_covers/train/train/manhole/manhole_imagenet (846).jpg,871c4470025511fd221ece77e116666e5cb4783ee22acfb13b914c1ac762518c,224,224,,source_train_manhole_candidate,"source train image labelled manhole; image-level candidate only, no boxes"
train::manhole::manhole_imagenet (847).jpg,train,manhole,data/raw/v2/hf_manhole_covers/train/train/manhole/manhole_imagenet (847).jpg,60627c1b2cced4dc2928efbff3f32265a4ce0c475ab685190c39b7e2edf922a6,224,224,,source_train_manhole_candidate,"source train image labelled manhole; image-level candidate only, no boxes"
train::manhole::manhole_imagenet (848).jpg,train,manhole,data/raw/v2/hf_manhole_covers/train/train/manhole/manhole_imagenet (848).jpg,e1800704ad8918119c9fe10886a5965d67714cf842ebe17d2522b5b5b047e320,224,224,,source_train_manhole_candidate,"source train image labelled manhole; image-level candidate only, no boxes"
train::manhole::manhole_imagenet (849).jpg,train,manhole,data/raw/v2/hf_manhole_covers/train/train/manhole/manhole_imagenet (849).jpg,cdbde4adf9e0ec3ad667c51628ae1eb6a56cd514dfd428d774bb828f1805caf2,224,224,,source_train_manhole_candidate,"source train image labelled manhole; image-level candidate only, no boxes"
train::manhole::manhole_imagenet (85).jpg,train,manhole,data/raw/v2/hf_manhole_covers/train/train/manhole/manhole_imagenet (85).jpg,0cbf65e500e3f8d6a8dfb295aae49ab74175586f70afd9f56245cf9d0dfe35e6,224,224,,source_train_manhole_candidate,"source train image labelled manhole; image-level candidate only, no boxes"
train::manhole::manhole_imagenet (850).jpg,train,manhole,data/raw/v2/hf_manhole_covers/train/train/manhole/manhole_imagenet (850).jpg,fb6fc812ab6911a31a4413b6554ec98f854e0543f743ea00976e35490b27fce3,224,224,,source_train_manhole_candidate,"source train image labelled manhole; image-level candidate only, no boxes"
train::manhole::manhole_imagenet (851).jpg,train,manhole,data/raw/v2/hf_manhole_covers/train/train/manhole/manhole_imagenet (851).jpg,55ed27820a07b99facbb66c88747fa20dc524318c8929396621a74c11e01fac6,224,224,,source_train_manhole_candidate,"source train image labelled manhole; image-level candidate only, no boxes"
train::manhole::manhole_imagenet (852).jpg,train,manhole,data/raw/v2/hf_manhole_covers/train/train/manhole/manhole_imagenet (852).jpg,6aea17604b23c2ebda47ae2ba633e32be196ab615cd9bb0b2500b378378c4fd5,224,224,,source_train_manhole_candidate,"source train image labelled manhole; image-level candidate only, no boxes"
train::manhole::manhole_imagenet (853).jpg,train,manhole,data/raw/v2/hf_manhole_covers/train/train/manhole/manhole_imagenet (853).jpg,bc90021861f8f5a24cbd8d01c9906d00260ab1e9a5322c9bdec065cb208ca4c3,224,224,,source_train_manhole_candidate,"source train image labelled manhole; image-level candidate only, no boxes"
train::manhole::manhole_imagenet (854).jpg,train,manhole,data/raw/v2/hf_manhole_covers/train/train/manhole/manhole_imagenet (854).jpg,4991276dc82204a978e8aea2991aeb94d8d3d6c3c40000c66b3d9acfe288621c,224,224,,source_train_manhole_candidate,"source train image labelled manhole; image-level candidate only, no boxes"
train::manhole::manhole_imagenet (855).jpg,train,manhole,data/raw/v2/hf_manhole_covers/train/train/manhole/manhole_imagenet (855).jpg,39c993c654a1791790c4fd3d527320b27a0082c8ee00ead9059daa8e7ad164f0,224,224,,source_train_manhole_candidate,"source train image labelled manhole; image-level candidate only, no boxes"
train::manhole::manhole_imagenet (856).jpg,train,manhole,data/raw/v2/hf_manhole_covers/train/train/manhole/manhole_imagenet (856).jpg,a1e8221f3873c7849682027d4ac368630d01d6df5ccc4ae52b4fb31a2d22fa86,224,224,,source_train_manhole_candidate,"source train image labelled manhole; image-level candidate only, no boxes"
train::manhole::manhole_imagenet (857).jpg,train,manhole,data/raw/v2/hf_manhole_covers/train/train/manhole/manhole_imagenet (857).jpg,fc255f17c298862eaa98280b01210a01ffff23ce0e54d49382150b2fda762c80,224,224,,source_train_manhole_candidate,"source train image labelled manhole; image-level candidate only, no boxes"
train::manhole::manhole_imagenet (858).jpg,train,manhole,data/raw/v2/hf_manhole_covers/train/train/manhole/manhole_imagenet (858).jpg,3065518a6dd4cc30eaeca1d1981503c0523e3858bbfd081bc978ea4c3c705fbc,224,224,,source_train_manhole_candidate,"source train image labelled manhole; image-level candidate only, no boxes"
train::manhole::manhole_imagenet (859).jpg,train,manhole,data/raw/v2/hf_manhole_covers/train/train/manhole/manhole_imagenet (859).jpg,b505f1151c43feb7bd4947ca796e10dae853071c47f322aaf030ff0c9d7689b4,224,224,,source_train_manhole_candidate,"source train image labelled manhole; image-level candidate only, no boxes"
train::manhole::manhole_imagenet (86).jpg,train,manhole,data/raw/v2/hf_manhole_covers/train/train/manhole/manhole_imagenet (86).jpg,ed4b56980d50180bb61c7803cfac6c4fe6d36d31171fe0befc2fa59317916a8e,224,224,,source_train_manhole_candidate,"source train image labelled manhole; image-level candidate only, no boxes"
train::manhole::manhole_imagenet (860).jpg,train,manhole,data/raw/v2/hf_manhole_covers/train/train/manhole/manhole_imagenet (860).jpg,786bbb3d6c6c4d4b09a45cad8500cf1ff980cf08e3af08cda8287700b7b22813,224,224,,source_train_manhole_candidate,"source train image labelled manhole; image-level candidate only, no boxes"
train::manhole::manhole_imagenet (861).jpg,train,manhole,data/raw/v2/hf_manhole_covers/train/train/manhole/manhole_imagenet (861).jpg,d956a547079ff2d3a47570613996f19ceb5782a46b8104ca71c4da1a60667fb4,224,224,,source_train_manhole_candidate,"source train image labelled manhole; image-level candidate only, no boxes"
train::manhole::manhole_imagenet (862).jpg,train,manhole,data/raw/v2/hf_manhole_covers/train/train/manhole/manhole_imagenet (862).jpg,f21453fce194519e6a5ccb584d954db83b82e55d485ceca52a50c1f01a76051e,224,224,,source_train_manhole_candidate,"source train image labelled manhole; image-level candidate only, no boxes"
train::manhole::manhole_imagenet (863).jpg,train,manhole,data/raw/v2/hf_manhole_covers/train/train/manhole/manhole_imagenet (863).jpg,a97efe35ae3a9a13b6d244bb5aa02e072fd7daa3a6c38e5f35144e69d41d4142,224,224,,source_train_manhole_candidate,"source train image labelled manhole; image-level candidate only, no boxes"
train::manhole::manhole_imagenet (864).jpg,train,manhole,data/raw/v2/hf_manhole_covers/train/train/manhole/manhole_imagenet (864).jpg,85715dd4ab6454e25cd0444f99e50e10bef4a721eb1e6abbe38700e941ad6497,224,224,,source_train_manhole_candidate,"source train image labelled manhole; image-level candidate only, no boxes"
train::manhole::manhole_imagenet (865).jpg,train,manhole,data/raw/v2/hf_manhole_covers/train/train/manhole/manhole_imagenet (865).jpg,ee32d5db97462ebdb090304d62c1ec30ab9c9da71ecdbb3fcad65ebd1b7cf891,224,224,,source_train_manhole_candidate,"source train image labelled manhole; image-level candidate only, no boxes"
train::manhole::manhole_imagenet (866).jpg,train,manhole,data/raw/v2/hf_manhole_covers/train/train/manhole/manhole_imagenet (866).jpg,4ed3acd8a9f74008922823342ddb7cf5d124393f1de89acef073ba372d73a04d,224,224,,source_train_manhole_candidate,"source train image labelled manhole; image-level candidate only, no boxes"
train::manhole::manhole_imagenet (867).jpg,train,manhole,data/raw/v2/hf_manhole_covers/train/train/manhole/manhole_imagenet (867).jpg,5342eba79b0c3fa688d0f1004b8cf934487b9929ea937a7fd866fc55453e8e3a,224,224,,source_train_manhole_candidate,"source train image labelled manhole; image-level candidate only, no boxes"
train::manhole::manhole_imagenet (868).jpg,train,manhole,data/raw/v2/hf_manhole_covers/train/train/manhole/manhole_imagenet (868).jpg,5c162fb3d75a510bf832c2a708e7c0d1740f9fd3d50e30336af37925f5284336,224,224,,source_train_manhole_candidate,"source train image labelled manhole; image-level candidate only, no boxes"
train::manhole::manhole_imagenet (87).jpg,train,manhole,data/raw/v2/hf_manhole_covers/train/train/manhole/manhole_imagenet (87).jpg,24463639c88166cb1fc73b28ffbab576fd2505a2fabb98e79abfd058f5c60707,224,224,,source_train_manhole_candidate,"source train image labelled manhole; image-level candidate only, no boxes"
train::manhole::manhole_imagenet (88).jpg,train,manhole,data/raw/v2/hf_manhole_covers/train/train/manhole/manhole_imagenet (88).jpg,4e5311afab0cdee8fdc9738fa5dd96984ac6afa79dfd2a3ada79488e437744e1,224,224,,source_train_manhole_candidate,"source train image labelled manhole; image-level candidate only, no boxes"
train::manhole::manhole_imagenet (89).jpg,train,manhole,data/raw/v2/hf_manhole_covers/train/train/manhole/manhole_imagenet (89).jpg,18f1bc2247de527716d2c09c3e26ed7b959212c2067c279313a35c647607e117,224,224,,source_train_manhole_candidate,"source train image labelled manhole; image-level candidate only, no boxes"
train::manhole::manhole_imagenet (9).jpg,train,manhole,data/raw/v2/hf_manhole_covers/train/train/manhole/manhole_imagenet (9).jpg,b4fe653b778045b10339afa4310b8124b3ed4ee2d1238d49cee49f5ea6bfa43a,224,224,,source_train_manhole_candidate,"source train image labelled manhole; image-level candidate only, no boxes"
train::manhole::manhole_imagenet (90).jpg,train,manhole,data/raw/v2/hf_manhole_covers/train/train/manhole/manhole_imagenet (90).jpg,d53abdb8d42b3e2d58909f4527f10f070e008ae6d5e1a8f00707cda6a6536b9a,224,224,,source_train_manhole_candidate,"source train image labelled manhole; image-level candidate only, no boxes"
train::manhole::manhole_imagenet (91).jpg,train,manhole,data/raw/v2/hf_manhole_covers/train/train/manhole/manhole_imagenet (91).jpg,fb1b4ea98c2c4e2e6e645a71c9ddfb10ebd00c44a1a81ad9ce77fa78b17c4be0,224,224,,source_train_manhole_candidate,"source train image labelled manhole; image-level candidate only, no boxes"
train::manhole::manhole_imagenet (92).jpg,train,manhole,data/raw/v2/hf_manhole_covers/train/train/manhole/manhole_imagenet (92).jpg,6c46940dd02a2190388aacdf0bfc8a3d57bf6f0ee9fe99936197a81cdf8c3d5e,224,224,,source_train_manhole_candidate,"source train image labelled manhole; image-level candidate only, no boxes"
train::manhole::manhole_imagenet (93).jpg,train,manhole,data/raw/v2/hf_manhole_covers/train/train/manhole/manhole_imagenet (93).jpg,802ebf91e9f0d12f0da274f8ea65ad4eb38758a4d75ba82924a624a238edb02d,224,224,,source_train_manhole_candidate,"source train image labelled manhole; image-level candidate only, no boxes"
train::manhole::manhole_imagenet (94).jpg,train,manhole,data/raw/v2/hf_manhole_covers/train/train/manhole/manhole_imagenet (94).jpg,fc3064b1930f47bc7b2cd69a146af57d06f64e32d02d73b723608e64404eb281,224,224,,source_train_manhole_candidate,"source train image labelled manhole; image-level candidate only, no boxes"
train::manhole::manhole_imagenet (95).jpg,train,manhole,data/raw/v2/hf_manhole_covers/train/train/manhole/manhole_imagenet (95).jpg,b96a827a87005826987874d6fef943c35b56a551899ecc7e6fd3ce45e17b0d41,224,224,,source_train_manhole_candidate,"source train image labelled manhole; image-level candidate only, no boxes"
train::manhole::manhole_imagenet (96).jpg,train,manhole,data/raw/v2/hf_manhole_covers/train/train/manhole/manhole_imagenet (96).jpg,c2231e0b3becd2bbb48904722b480c5cdd36fe75b928e67f77b392f1a8308a46,224,224,,source_train_manhole_candidate,"source train image labelled manhole; image-level candidate only, no boxes"
train::manhole::manhole_imagenet (97).jpg,train,manhole,data/raw/v2/hf_manhole_covers/train/train/manhole/manhole_imagenet (97).jpg,daea7725e8eb680509b26668f47ff31e9641f6a52e1a214cbc1f33c34392659d,224,224,,source_train_manhole_candidate,"source train image labelled manhole; image-level candidate only, no boxes"
train::manhole::manhole_imagenet (98).jpg,train,manhole,data/raw/v2/hf_manhole_covers/train/train/manhole/manhole_imagenet (98).jpg,96b90c81d2b624e254853d73836570de2404b37d0630ab6ad36af1bf1e04e2ed,224,224,,source_train_manhole_candidate,"source train image labelled manhole; image-level candidate only, no boxes"
train::manhole::manhole_imagenet (99).jpg,train,manhole,data/raw/v2/hf_manhole_covers/train/train/manhole/manhole_imagenet (99).jpg,92004f913f20021cb93a0c7bdfc13f7846f6f74e0232b991a963e19f373eb2b8,224,224,,source_train_manhole_candidate,"source train image labelled manhole; image-level candidate only, no boxes"
train::void::void1000_resized.jpg,train,void,data/raw/v2/hf_manhole_covers/train/train/void/void1000_resized.jpg,d35a27bb0eb14b2732142087b9a00c204c47c015aeeac72232e77703b426d383,224,224,,reserved_not_v2_candidate,source void label or official validation/test split is not a V2 candidate
train::void::void1001_resized.jpg,train,void,data/raw/v2/hf_manhole_covers/train/train/void/void1001_resized.jpg,6ff5af53674b40321c482ca253873dc03499232977cd2870aa07e580d9bc85fc,224,224,,reserved_not_v2_candidate,source void label or official validation/test split is not a V2 candidate
train::void::void1002_resized.jpg,train,void,data/raw/v2/hf_manhole_covers/train/train/void/void1002_resized.jpg,65010cb5bdaedc0d734e343b63aac5936c1a75e7374ad1ffa6189a3a49dfa84e,224,224,,reserved_not_v2_candidate,source void label or official validation/test split is not a V2 candidate
train::void::void1003_resized.jpg,train,void,data/raw/v2/hf_manhole_covers/train/train/void/void1003_resized.jpg,e4274313f375f7539e03313caaed322e24935b2a460081e77df804f0483ebddf,224,224,,reserved_not_v2_candidate,source void label or official validation/test split is not a V2 candidate
train::void::void1004_resized.jpg,train,void,data/raw/v2/hf_manhole_covers/train/train/void/void1004_resized.jpg,3f3f9dd75a3c5ea7b41c47c8b31fa763cacb0ba19f9e1f5dd219602b129eea2b,224,224,,reserved_not_v2_candidate,source void label or official validation/test split is not a V2 candidate
train::void::void1005_resized.jpg,train,void,data/raw/v2/hf_manhole_covers/train/train/void/void1005_resized.jpg,752b770a407aa3489f04d2b7a57a6000de8a83ccd192495a7c0e56cbdc1ff100,224,224,,reserved_not_v2_candidate,source void label or official validation/test split is not a V2 candidate
train::void::void1006_resized.jpg,train,void,data/raw/v2/hf_manhole_covers/train/train/void/void1006_resized.jpg,0c4df08a12a4f0a45ab45dc367b14be3e2f83e0d06fba8c246d703e3e60657bf,224,224,,reserved_not_v2_candidate,source void label or official validation/test split is not a V2 candidate
train::void::void1007_resized.jpg,train,void,data/raw/v2/hf_manhole_covers/train/train/void/void1007_resized.jpg,ba1a3b4915b993e03c0c2a64e768edc6908282be074713156c068f02289b4be0,224,224,,reserved_not_v2_candidate,source void label or official validation/test split is not a V2 candidate
train::void::void1008_resized.jpg,train,void,data/raw/v2/hf_manhole_covers/train/train/void/void1008_resized.jpg,c271594e1610bcd9d2b467163551bd95ad6ed04e6004ca5111c5f141c077e653,224,224,,reserved_not_v2_candidate,source void label or official validation/test split is not a V2 candidate
train::void::void1009_resized.jpg,train,void,data/raw/v2/hf_manhole_covers/train/train/void/void1009_resized.jpg,eace728253f76b011558a1e1f10b8a2e0894f5d0fbe5926fc1d0f8f0245f82a8,224,224,,reserved_not_v2_candidate,source void label or official validation/test split is not a V2 candidate
train::void::void100_resized.jpg,train,void,data/raw/v2/hf_manhole_covers/train/train/void/void100_resized.jpg,f96575a298d6e6cec126484b262c6b91b5b9f8880f1ead3c7ad40caaaa087981,224,224,exact_duplicate_001,reserved_not_v2_candidate,source void label or official validation/test split is not a V2 candidate
train::void::void1010_resized.jpg,train,void,data/raw/v2/hf_manhole_covers/train/train/void/void1010_resized.jpg,f670bfe4785dc09e3b4faad1b9f11b2c6911be6464409216e84a8439e6b4c799,224,224,,reserved_not_v2_candidate,source void label or official validation/test split is not a V2 candidate
train::void::void1011_resized.jpg,train,void,data/raw/v2/hf_manhole_covers/train/train/void/void1011_resized.jpg,c0506d2f5c90d55f9484d94cf468401f5d3f09498a58fdd306d46966a0b1b0df,224,224,,reserved_not_v2_candidate,source void label or official validation/test split is not a V2 candidate
train::void::void1012_resized.jpg,train,void,data/raw/v2/hf_manhole_covers/train/train/void/void1012_resized.jpg,71b71e74d6c2a587aab44fd1772a0a005093b27bbf45bf89c83b63aa238025ad,224,224,,reserved_not_v2_candidate,source void label or official validation/test split is not a V2 candidate
train::void::void1013_resized.jpg,train,void,data/raw/v2/hf_manhole_covers/train/train/void/void1013_resized.jpg,9963c57cb7d60cdd32bcfe70e6a150618f707f677eaf1a7b618295eefd37297b,224,224,,reserved_not_v2_candidate,source void label or official validation/test split is not a V2 candidate
train::void::void1014_resized.jpg,train,void,data/raw/v2/hf_manhole_covers/train/train/void/void1014_resized.jpg,1168fec967cde9f643943019c719c6bd4454ffe04aa74283201e2cea7073a0a7,224,224,,reserved_not_v2_candidate,source void label or official validation/test split is not a V2 candidate
train::void::void1015_resized.jpg,train,void,data/raw/v2/hf_manhole_covers/train/train/void/void1015_resized.jpg,77c39fa42ddd1b487baee1e92ec8d2dd000414c4a2633ebeff6b7b99188b2612,224,224,,reserved_not_v2_candidate,source void label or official validation/test split is not a V2 candidate
train::void::void1016_resized.jpg,train,void,data/raw/v2/hf_manhole_covers/train/train/void/void1016_resized.jpg,a88d542e1f9eb05679a6874e998d2a6a5951666504210ed5465894d675a67337,224,224,,reserved_not_v2_candidate,source void label or official validation/test split is not a V2 candidate
train::void::void1017_resized.jpg,train,void,data/raw/v2/hf_manhole_covers/train/train/void/void1017_resized.jpg,2389fdf544cd5423d6c1755869c8b7fd1a571dfe67f8a7e6ae53ddf70bcb7349,224,224,,reserved_not_v2_candidate,source void label or official validation/test split is not a V2 candidate
train::void::void1018_resized.jpg,train,void,data/raw/v2/hf_manhole_covers/train/train/void/void1018_resized.jpg,080d13a2f5b7714ae8ab215fec1f85fa05b04fb12798a9f60d4f7b33fb076b01,224,224,,reserved_not_v2_candidate,source void label or official validation/test split is not a V2 candidate
train::void::void1019_resized.jpg,train,void,data/raw/v2/hf_manhole_covers/train/train/void/void1019_resized.jpg,d8bf07923c8c90ec99531e9371af1a34296118c2147ad9a4ca8c1b5259dfb867,224,224,,reserved_not_v2_candidate,source void label or official validation/test split is not a V2 candidate
train::void::void101_resized.jpg,train,void,data/raw/v2/hf_manhole_covers/train/train/void/void101_resized.jpg,616f95fc87975e649ed91affae932cf8ed3b51cf9d95b7e47fa473a68e6c84ae,224,224,exact_duplicate_002,reserved_not_v2_candidate,source void label or official validation/test split is not a V2 candidate
train::void::void1020_resized.jpg,train,void,data/raw/v2/hf_manhole_covers/train/train/void/void1020_resized.jpg,e93b36265fd469e5c14f2719e27f9c528007527cd405905394985fa31933b2c5,224,224,,reserved_not_v2_candidate,source void label or official validation/test split is not a V2 candidate
train::void::void1021_resized.jpg,train,void,data/raw/v2/hf_manhole_covers/train/train/void/void1021_resized.jpg,55bdf9b40b9031d7fd53043fa62fd2f1f023c81d96a9a195ff81fec3c197c38f,224,224,,reserved_not_v2_candidate,source void label or official validation/test split is not a V2 candidate
train::void::void1022_resized.jpg,train,void,data/raw/v2/hf_manhole_covers/train/train/void/void1022_resized.jpg,1d5fffe66c8b2440602ac6079a9fc5b6fff9f99cc0356a0d4c6239f5fad76958,224,224,,reserved_not_v2_candidate,source void label or official validation/test split is not a V2 candidate
train::void::void1023_resized.jpg,train,void,data/raw/v2/hf_manhole_covers/train/train/void/void1023_resized.jpg,8a9331626524c1343ddead220d8064556cde28b5ba10384f1866c0c8e2dc57d8,224,224,,reserved_not_v2_candidate,source void label or official validation/test split is not a V2 candidate
train::void::void1024_resized.jpg,train,void,data/raw/v2/hf_manhole_covers/train/train/void/void1024_resized.jpg,93f64364a33bdf289abc2fa489198568ede2374ad8a02e87eee963f17997b167,224,224,,reserved_not_v2_candidate,source void label or official validation/test split is not a V2 candidate
train::void::void1025_resized.jpg,train,void,data/raw/v2/hf_manhole_covers/train/train/void/void1025_resized.jpg,aa4a97edb5a94478a25a90a56c59d7bbdb3e44414ffc6c28ad38d60d04cf4386,224,224,,reserved_not_v2_candidate,source void label or official validation/test split is not a V2 candidate
train::void::void1026_resized.jpg,train,void,data/raw/v2/hf_manhole_covers/train/train/void/void1026_resized.jpg,d43747de5e0244c2549f0f8d7801719e58c113cebbd5c0971f70d9bd89be035a,224,224,,reserved_not_v2_candidate,source void label or official validation/test split is not a V2 candidate
train::void::void1027_resized.jpg,train,void,data/raw/v2/hf_manhole_covers/train/train/void/void1027_resized.jpg,e98df471757cfabd2f2904a176c236e66dce616a736d0edd20be1e8f7364b01f,224,224,,reserved_not_v2_candidate,source void label or official validation/test split is not a V2 candidate
train::void::void1028_resized.jpg,train,void,data/raw/v2/hf_manhole_covers/train/train/void/void1028_resized.jpg,e1198d1d23055ac83d6c28387f66c219a511939f731a48704837de752fc95b50,224,224,,reserved_not_v2_candidate,source void label or official validation/test split is not a V2 candidate
train::void::void1029_resized.jpg,train,void,data/raw/v2/hf_manhole_covers/train/train/void/void1029_resized.jpg,fbb3103a2a1d40989d46b1b17422b0c710b72fdf10ff7970153fb8a1a57dc2ca,224,224,,reserved_not_v2_candidate,source void label or official validation/test split is not a V2 candidate
train::void::void102_resized.jpg,train,void,data/raw/v2/hf_manhole_covers/train/train/void/void102_resized.jpg,aa0e350e2a84529ea4604101217187a083895114f2a2b46a97c2019b63b3d8bd,224,224,exact_duplicate_003,reserved_not_v2_candidate,source void label or official validation/test split is not a V2 candidate
train::void::void1030_resized.jpg,train,void,data/raw/v2/hf_manhole_covers/train/train/void/void1030_resized.jpg,cefa081921164e933d70c65d2ba869bd66e962603bae63306ab421318f739eaf,224,224,,reserved_not_v2_candidate,source void label or official validation/test split is not a V2 candidate
train::void::void1031_resized.jpg,train,void,data/raw/v2/hf_manhole_covers/train/train/void/void1031_resized.jpg,42dc29f667f647fd11f140848c426cf1cf5d3fd2c7ccd689a4670274de357d54,224,224,,reserved_not_v2_candidate,source void label or official validation/test split is not a V2 candidate
train::void::void1032_resized.jpg,train,void,data/raw/v2/hf_manhole_covers/train/train/void/void1032_resized.jpg,cafe84a4f6621c2df4b1b557639e10b882016a488026205250c5f9b332adcd91,224,224,,reserved_not_v2_candidate,source void label or official validation/test split is not a V2 candidate
train::void::void1033_resized.jpg,train,void,data/raw/v2/hf_manhole_covers/train/train/void/void1033_resized.jpg,dbec46194c21cf0bf67678df5dfb21e60d9a2372fa2a6c16b7aeddde6502a08f,224,224,,reserved_not_v2_candidate,source void label or official validation/test split is not a V2 candidate
train::void::void1034_resized.jpg,train,void,data/raw/v2/hf_manhole_covers/train/train/void/void1034_resized.jpg,15baf2f07843c554c55a1c888a17ab1d6dac7ed1da98acb03e00aea6d0b8788b,224,224,,reserved_not_v2_candidate,source void label or official validation/test split is not a V2 candidate
train::void::void1035_resized.jpg,train,void,data/raw/v2/hf_manhole_covers/train/train/void/void1035_resized.jpg,195374fb28f7233bf3b35e3816eafcf8e35632b58c904d026db296086fe594f9,224,224,,reserved_not_v2_candidate,source void label or official validation/test split is not a V2 candidate
train::void::void1036_resized.jpg,train,void,data/raw/v2/hf_manhole_covers/train/train/void/void1036_resized.jpg,8d62555cb23ecac49fe677078fe8d593dd95a578359a8a541bb482dd498530a9,224,224,,reserved_not_v2_candidate,source void label or official validation/test split is not a V2 candidate
train::void::void1037_resized.jpg,train,void,data/raw/v2/hf_manhole_covers/train/train/void/void1037_resized.jpg,6cbb04e882972dbd7fb4022f167592734876843c32d5c298e1a53980c2847dd1,224,224,,reserved_not_v2_candidate,source void label or official validation/test split is not a V2 candidate
train::void::void1038_resized.jpg,train,void,data/raw/v2/hf_manhole_covers/train/train/void/void1038_resized.jpg,febfc01a9d6ed8fd72da7429b4186d9d6bf5eff1b69c1f0a2b0e82278c0340d2,224,224,,reserved_not_v2_candidate,source void label or official validation/test split is not a V2 candidate
train::void::void1039_resized.jpg,train,void,data/raw/v2/hf_manhole_covers/train/train/void/void1039_resized.jpg,debe4e718a9aac888ce5fe1082dd321b441430756614fb24e510c9d41ea0a757,224,224,,reserved_not_v2_candidate,source void label or official validation/test split is not a V2 candidate
train::void::void103_resized.jpg,train,void,data/raw/v2/hf_manhole_covers/train/train/void/void103_resized.jpg,6f4ba8c9dba3ac5cf825c17be1c42a25812892cc601523dd5b0e8d5295edcd60,224,224,exact_duplicate_004,reserved_not_v2_candidate,source void label or official validation/test split is not a V2 candidate
train::void::void1040_resized.jpg,train,void,data/raw/v2/hf_manhole_covers/train/train/void/void1040_resized.jpg,6d8b645889c0b54dc5775112c6f9cf7a7354c92c9db76bdb612fd6987940ef91,224,224,,reserved_not_v2_candidate,source void label or official validation/test split is not a V2 candidate
train::void::void1041_resized.jpg,train,void,data/raw/v2/hf_manhole_covers/train/train/void/void1041_resized.jpg,44a7f4cbca7c7160a5d31e9dcdebde4dc9a0e2741a98cde2c92dae0cde0159de,224,224,,reserved_not_v2_candidate,source void label or official validation/test split is not a V2 candidate
train::void::void1042_resized.jpg,train,void,data/raw/v2/hf_manhole_covers/train/train/void/void1042_resized.jpg,4fab8bb6c51f72ac7894d3b68506ec8cb17fde5078eeed30b45531c419b3ab23,224,224,,reserved_not_v2_candidate,source void label or official validation/test split is not a V2 candidate
train::void::void1043_resized.jpg,train,void,data/raw/v2/hf_manhole_covers/train/train/void/void1043_resized.jpg,0b866a375f31ba17ab1195d3f17eaecddc14bc052ec393aa4e51004c0b7a26bc,224,224,,reserved_not_v2_candidate,source void label or official validation/test split is not a V2 candidate
train::void::void1044_resized.jpg,train,void,data/raw/v2/hf_manhole_covers/train/train/void/void1044_resized.jpg,ca0d18b9e207b9e2ad7fbcbb00f67861e7c74d548e648233a8343454db13f334,224,224,,reserved_not_v2_candidate,source void label or official validation/test split is not a V2 candidate
train::void::void1045_resized.jpg,train,void,data/raw/v2/hf_manhole_covers/train/train/void/void1045_resized.jpg,0b01c5b6125f407e457e9e3a07ad864e527e56067aa2f58d17840ce49a78e54f,224,224,,reserved_not_v2_candidate,source void label or official validation/test split is not a V2 candidate
train::void::void1046_resized.jpg,train,void,data/raw/v2/hf_manhole_covers/train/train/void/void1046_resized.jpg,61a918bcff90c719a4072aacdeaf61c4c4218ea191f3c602d49cdab084100aed,224,224,,reserved_not_v2_candidate,source void label or official validation/test split is not a V2 candidate
train::void::void1047_resized.jpg,train,void,data/raw/v2/hf_manhole_covers/train/train/void/void1047_resized.jpg,e31f5e7e486e6af835db754bf8a23b1834d702c770d4695c73df93f890b619e0,224,224,,reserved_not_v2_candidate,source void label or official validation/test split is not a V2 candidate
train::void::void1048_resized.jpg,train,void,data/raw/v2/hf_manhole_covers/train/train/void/void1048_resized.jpg,8bb7d1835cd5d040be061438cddf689dc2cd5bb33befa93c8e58a85a307964a8,224,224,,reserved_not_v2_candidate,source void label or official validation/test split is not a V2 candidate
train::void::void1049_resized.jpg,train,void,data/raw/v2/hf_manhole_covers/train/train/void/void1049_resized.jpg,b19e9ff1466dd99ff53635ce97aaa4ba58b34c27d4f31e026ba66bb3217ef313,224,224,,reserved_not_v2_candidate,source void label or official validation/test split is not a V2 candidate
train::void::void104_resized.jpg,train,void,data/raw/v2/hf_manhole_covers/train/train/void/void104_resized.jpg,6086b34779e4003e1f3634036a82a187cab104bbd55455dfbd2c67e0ebffff18,224,224,exact_duplicate_005,reserved_not_v2_candidate,source void label or official validation/test split is not a V2 candidate
train::void::void1050_resized.jpg,train,void,data/raw/v2/hf_manhole_covers/train/train/void/void1050_resized.jpg,188700b32782f66bca21ade4d0b139cd5499e42d59c6c153f3504057c995ec79,224,224,,reserved_not_v2_candidate,source void label or official validation/test split is not a V2 candidate
train::void::void1051_resized.jpg,train,void,data/raw/v2/hf_manhole_covers/train/train/void/void1051_resized.jpg,43afa3f98aeed149f4a160b779c033441369883b408df2d07c0caeee72ea8863,224,224,,reserved_not_v2_candidate,source void label or official validation/test split is not a V2 candidate
train::void::void1052_resized.jpg,train,void,data/raw/v2/hf_manhole_covers/train/train/void/void1052_resized.jpg,046fc45b6960d929382bb0351b8ed1a905f3706da5e23d35f5f30604b25e64b6,224,224,,reserved_not_v2_candidate,source void label or official validation/test split is not a V2 candidate
train::void::void1053_resized.jpg,train,void,data/raw/v2/hf_manhole_covers/train/train/void/void1053_resized.jpg,a5054062be343499f0ca8a624b8ffeb733e2aae1dba8290fb6a158ee14a93387,224,224,,reserved_not_v2_candidate,source void label or official validation/test split is not a V2 candidate
train::void::void1054_resized.jpg,train,void,data/raw/v2/hf_manhole_covers/train/train/void/void1054_resized.jpg,bd6fedd8aedf3bdb10e3568cbff518e8d7290ef6d7829befc51a5775a351415d,224,224,,reserved_not_v2_candidate,source void label or official validation/test split is not a V2 candidate
train::void::void1055_resized.jpg,train,void,data/raw/v2/hf_manhole_covers/train/train/void/void1055_resized.jpg,a2528fedb3c271a2a2c7e4bce28afcccb92962db14522bae19d422ada8e2a915,224,224,,reserved_not_v2_candidate,source void label or official validation/test split is not a V2 candidate
train::void::void1056_resized.jpg,train,void,data/raw/v2/hf_manhole_covers/train/train/void/void1056_resized.jpg,316d49acae6c992483be1f5ece4b3be2f24341f8996d34cd98a15132fb38c49f,224,224,,reserved_not_v2_candidate,source void label or official validation/test split is not a V2 candidate
train::void::void1057_resized.jpg,train,void,data/raw/v2/hf_manhole_covers/train/train/void/void1057_resized.jpg,be5c19ee649594f6aaa0a79cfb5e01ff0ff0f995e3558019f13e386f23598597,224,224,,reserved_not_v2_candidate,source void label or official validation/test split is not a V2 candidate
train::void::void1058_resized.jpg,train,void,data/raw/v2/hf_manhole_covers/train/train/void/void1058_resized.jpg,172af7f905c08d51eebedf966da4293abd46774024bc268a103d2ff5ac44af72,224,224,,reserved_not_v2_candidate,source void label or official validation/test split is not a V2 candidate
train::void::void1059_resized.jpg,train,void,data/raw/v2/hf_manhole_covers/train/train/void/void1059_resized.jpg,393e7f12deba249374074d6ce1bfd362c5f7460a7ea378403b536f825528341f,224,224,,reserved_not_v2_candidate,source void label or official validation/test split is not a V2 candidate
train::void::void105_resized.jpg,train,void,data/raw/v2/hf_manhole_covers/train/train/void/void105_resized.jpg,873ec3b4bb4e8077ef140c11f1772919ec9fc4d70da14380a729e7d9c8ce9079,224,224,exact_duplicate_006,reserved_not_v2_candidate,source void label or official validation/test split is not a V2 candidate
train::void::void1060_resized.jpg,train,void,data/raw/v2/hf_manhole_covers/train/train/void/void1060_resized.jpg,a74fbac54af9ebd698814824d0810a867dde68d9b08bea2ca69906cf46bef744,224,224,,reserved_not_v2_candidate,source void label or official validation/test split is not a V2 candidate
train::void::void1061_resized.jpg,train,void,data/raw/v2/hf_manhole_covers/train/train/void/void1061_resized.jpg,e66a560ab3f1608bfd275586dda0ac5b19b34e2e27199dbb8bd3d963f4870c97,224,224,,reserved_not_v2_candidate,source void label or official validation/test split is not a V2 candidate
train::void::void1062_resized.jpg,train,void,data/raw/v2/hf_manhole_covers/train/train/void/void1062_resized.jpg,b54616fe5223527dc241b225389b0e55076da060474f4fc9f6e7cdbe6dda1ae1,224,224,,reserved_not_v2_candidate,source void label or official validation/test split is not a V2 candidate
train::void::void1063_resized.jpg,train,void,data/raw/v2/hf_manhole_covers/train/train/void/void1063_resized.jpg,bac5f1b99cc70667c41b475470524f3994dcd843b8a2d0ba74cbbbcb080f432f,224,224,,reserved_not_v2_candidate,source void label or official validation/test split is not a V2 candidate
train::void::void1064_resized.jpg,train,void,data/raw/v2/hf_manhole_covers/train/train/void/void1064_resized.jpg,aefb5c784a18008f30f43b7b051e224b0ff2585ac8ea069e3e4c90b0dc1bf345,224,224,,reserved_not_v2_candidate,source void label or official validation/test split is not a V2 candidate
train::void::void1065_resized.jpg,train,void,data/raw/v2/hf_manhole_covers/train/train/void/void1065_resized.jpg,99d5b8bf51b17472adafc98aa7c47965000bac2438594d6cb774fd489166f851,224,224,,reserved_not_v2_candidate,source void label or official validation/test split is not a V2 candidate
train::void::void1066_resized.jpg,train,void,data/raw/v2/hf_manhole_covers/train/train/void/void1066_resized.jpg,6e41274b95a76c163b5d012c1b2a31f5bc003acd407c90c187cb18ae5651e0c9,224,224,,reserved_not_v2_candidate,source void label or official validation/test split is not a V2 candidate
train::void::void1067_resized.jpg,train,void,data/raw/v2/hf_manhole_covers/train/train/void/void1067_resized.jpg,5078539462efe9a353e2e2a2a5daf2fe4bb6890778f6fcda213c5d0736f23761,224,224,,reserved_not_v2_candidate,source void label or official validation/test split is not a V2 candidate
train::void::void1068_resized.jpg,train,void,data/raw/v2/hf_manhole_covers/train/train/void/void1068_resized.jpg,673e6ccf48e675d2f8f41e2e83df7ffd7bfe15b98ffa6c8f9fb2548ed958c32a,224,224,,reserved_not_v2_candidate,source void label or official validation/test split is not a V2 candidate
train::void::void1069_resized.jpg,train,void,data/raw/v2/hf_manhole_covers/train/train/void/void1069_resized.jpg,3ec94bf832abc632d5f18ce750d404ba29db2d2e65b9e8d0af8ff236cc86eb82,224,224,,reserved_not_v2_candidate,source void label or official validation/test split is not a V2 candidate
train::void::void106_resized.jpg,train,void,data/raw/v2/hf_manhole_covers/train/train/void/void106_resized.jpg,afd8dc1c10c31503fb284110fff43cd65a2d193afbc103250fc82c6dfa3c21fd,224,224,exact_duplicate_007,reserved_not_v2_candidate,source void label or official validation/test split is not a V2 candidate
train::void::void1070_resized.jpg,train,void,data/raw/v2/hf_manhole_covers/train/train/void/void1070_resized.jpg,ec4c767dcf095ef2b50792699242a2e5f0b6c7cf8b8095a33658ebb256178b58,224,224,,reserved_not_v2_candidate,source void label or official validation/test split is not a V2 candidate
train::void::void1071_resized.jpg,train,void,data/raw/v2/hf_manhole_covers/train/train/void/void1071_resized.jpg,13c41b5646b843555de2084e03651a027f27c2d01a12522710bca105afb74254,224,224,,reserved_not_v2_candidate,source void label or official validation/test split is not a V2 candidate
train::void::void1072_resized.jpg,train,void,data/raw/v2/hf_manhole_covers/train/train/void/void1072_resized.jpg,ed699e8c59f895c3a873d609f104307dd86c1512a4925cfe3d5839fd791d7bc0,224,224,,reserved_not_v2_candidate,source void label or official validation/test split is not a V2 candidate
train::void::void1073_resized.jpg,train,void,data/raw/v2/hf_manhole_covers/train/train/void/void1073_resized.jpg,f59af0f3f6333df77723db73976a9f7742be2bebda7dfd351631370e80bc403c,224,224,,reserved_not_v2_candidate,source void label or official validation/test split is not a V2 candidate
train::void::void1074_resized.jpg,train,void,data/raw/v2/hf_manhole_covers/train/train/void/void1074_resized.jpg,5416e065e51d18646c2decdb4686d1252fa74febc4d584a049fd1f9c171d8ab2,224,224,,reserved_not_v2_candidate,source void label or official validation/test split is not a V2 candidate
train::void::void1075_resized.jpg,train,void,data/raw/v2/hf_manhole_covers/train/train/void/void1075_resized.jpg,89e1ba5e3eaa817fb512a477041b09427f096d8c715d94a05cc0abcb18d327a9,224,224,,reserved_not_v2_candidate,source void label or official validation/test split is not a V2 candidate
train::void::void1076_resized.jpg,train,void,data/raw/v2/hf_manhole_covers/train/train/void/void1076_resized.jpg,13e4dba33dd112666d617622ce7f6aa4cfbe9dd7612f2f5711e1e80a8692c163,224,224,,reserved_not_v2_candidate,source void label or official validation/test split is not a V2 candidate
train::void::void1077_resized.jpg,train,void,data/raw/v2/hf_manhole_covers/train/train/void/void1077_resized.jpg,d7812b8495cd0142e662c5317cf3a948b64b6a114f433fab08f92fe47dfe2c16,224,224,,reserved_not_v2_candidate,source void label or official validation/test split is not a V2 candidate
train::void::void1078_resized.jpg,train,void,data/raw/v2/hf_manhole_covers/train/train/void/void1078_resized.jpg,84064f6324ea2b48d0eb6cfaa6f6b3ec536c954850cac7ec43ac86514e44f0ea,224,224,,reserved_not_v2_candidate,source void label or official validation/test split is not a V2 candidate
train::void::void1079_resized.jpg,train,void,data/raw/v2/hf_manhole_covers/train/train/void/void1079_resized.jpg,bcc84ddbbfe5164675f4ff469818dab637f081b74a2562367e5ac730d6733d7b,224,224,,reserved_not_v2_candidate,source void label or official validation/test split is not a V2 candidate
train::void::void107_resized.jpg,train,void,data/raw/v2/hf_manhole_covers/train/train/void/void107_resized.jpg,bc19955d15dc089327ce4a4887e908cc45e30f120f6dcce78fc07e802534cbfe,224,224,exact_duplicate_008,reserved_not_v2_candidate,source void label or official validation/test split is not a V2 candidate
train::void::void1080_resized.jpg,train,void,data/raw/v2/hf_manhole_covers/train/train/void/void1080_resized.jpg,c4894472331f92f4ebef9f6aad5377b6c8a763acb692e146a8e4a2f2a4093326,224,224,,reserved_not_v2_candidate,source void label or official validation/test split is not a V2 candidate
train::void::void1081_resized.jpg,train,void,data/raw/v2/hf_manhole_covers/train/train/void/void1081_resized.jpg,ef86ae1660ca6097d5e905830501a26ac0da5384d48085924810f34bb2945e59,224,224,,reserved_not_v2_candidate,source void label or official validation/test split is not a V2 candidate
train::void::void1082_resized.jpg,train,void,data/raw/v2/hf_manhole_covers/train/train/void/void1082_resized.jpg,2b8d75d843aa62b5b890c595a5a2398015a8bbddd093057b299407285c6800b7,224,224,,reserved_not_v2_candidate,source void label or official validation/test split is not a V2 candidate
train::void::void1083_resized.jpg,train,void,data/raw/v2/hf_manhole_covers/train/train/void/void1083_resized.jpg,db45f6be0801a2245c296c5c4d60a74e044773dc0028fe1be1c80d57d4ba7674,224,224,,reserved_not_v2_candidate,source void label or official validation/test split is not a V2 candidate
train::void::void1084_resized.jpg,train,void,data/raw/v2/hf_manhole_covers/train/train/void/void1084_resized.jpg,c6f636b46f488a1d56fbdac13e2956c46475cb6569d9afb004b0681fc248dccd,224,224,,reserved_not_v2_candidate,source void label or official validation/test split is not a V2 candidate
train::void::void1085_resized.jpg,train,void,data/raw/v2/hf_manhole_covers/train/train/void/void1085_resized.jpg,02fe1264e26401dc6511cb0e5a3d15d89eb24a0022dc03ae97c6595e65776492,224,224,,reserved_not_v2_candidate,source void label or official validation/test split is not a V2 candidate
train::void::void1086_resized.jpg,train,void,data/raw/v2/hf_manhole_covers/train/train/void/void1086_resized.jpg,23987e1ef8f90c91409967e69b0decbb8076cbc51cec92993623f7630494787a,224,224,,reserved_not_v2_candidate,source void label or official validation/test split is not a V2 candidate
train::void::void1087_resized.jpg,train,void,data/raw/v2/hf_manhole_covers/train/train/void/void1087_resized.jpg,0304db7275f7af0d03df7bc7e728ae5c767b94e1f35432a50993d94a54ff5a60,224,224,,reserved_not_v2_candidate,source void label or official validation/test split is not a V2 candidate
train::void::void1088_resized.jpg,train,void,data/raw/v2/hf_manhole_covers/train/train/void/void1088_resized.jpg,b1c157170de84e0c4462d35f524f7ddf73754b5172c0138636b76ea189f2ad47,224,224,,reserved_not_v2_candidate,source void label or official validation/test split is not a V2 candidate
train::void::void1089_resized.jpg,train,void,data/raw/v2/hf_manhole_covers/train/train/void/void1089_resized.jpg,dc907e3485eb0494d01b18ddc15733fbf1ea9bad41b8fdfc110a1d1f7086a70d,224,224,,reserved_not_v2_candidate,source void label or official validation/test split is not a V2 candidate
train::void::void108_resized.jpg,train,void,data/raw/v2/hf_manhole_covers/train/train/void/void108_resized.jpg,379f04ebcec9b4015e6a462ee28311fc689555b4a325ee65026ceaf0146119a3,224,224,exact_duplicate_009,reserved_not_v2_candidate,source void label or official validation/test split is not a V2 candidate
train::void::void109_resized.jpg,train,void,data/raw/v2/hf_manhole_covers/train/train/void/void109_resized.jpg,7d909b88e2e447296e4b49ac842435a46c788739c735191528bd88bc7b66abb2,224,224,exact_duplicate_010,reserved_not_v2_candidate,source void label or official validation/test split is not a V2 candidate
train::void::void10_resized.jpg,train,void,data/raw/v2/hf_manhole_covers/train/train/void/void10_resized.jpg,d94a2123af38d7db680f5a86576de4066ad2deecf67e193ce29aaf066d299b55,224,224,exact_duplicate_011,reserved_not_v2_candidate,source void label or official validation/test split is not a V2 candidate
train::void::void110_resized.jpg,train,void,data/raw/v2/hf_manhole_covers/train/train/void/void110_resized.jpg,c11ed01a3c3821aef0430924af0f8c252807e2f14b1ad57dc631f2b0be150f38,224,224,exact_duplicate_012,reserved_not_v2_candidate,source void label or official validation/test split is not a V2 candidate
train::void::void111_resized.jpg,train,void,data/raw/v2/hf_manhole_covers/train/train/void/void111_resized.jpg,24df20026cd4d0542ac1659b61e1bf56fe84eace4168507fcae5381fbe51eb1c,224,224,exact_duplicate_013,reserved_not_v2_candidate,source void label or official validation/test split is not a V2 candidate
train::void::void112_resized.jpg,train,void,data/raw/v2/hf_manhole_covers/train/train/void/void112_resized.jpg,bf106594b5d57a0952cba27a030efa6839e8c944b5a0d0fb102cc81f1815023a,224,224,exact_duplicate_014,reserved_not_v2_candidate,source void label or official validation/test split is not a V2 candidate
train::void::void113_resized.jpg,train,void,data/raw/v2/hf_manhole_covers/train/train/void/void113_resized.jpg,8b7c766c8a707bb65cb46a0fbb4658b398082e606c2cb915084b2e4f7726d297,224,224,exact_duplicate_015,reserved_not_v2_candidate,source void label or official validation/test split is not a V2 candidate
train::void::void114_resized.jpg,train,void,data/raw/v2/hf_manhole_covers/train/train/void/void114_resized.jpg,41562b4c266165fb9439a4116c9b8dbab627fc6e9ee2909d149ed47f2cb11083,224,224,exact_duplicate_016,reserved_not_v2_candidate,source void label or official validation/test split is not a V2 candidate
train::void::void115_resized.jpg,train,void,data/raw/v2/hf_manhole_covers/train/train/void/void115_resized.jpg,187dcd0eee1486d9e8c6544571e24441816342f915e5f7870a5e9ad072b19fc3,224,224,exact_duplicate_017,reserved_not_v2_candidate,source void label or official validation/test split is not a V2 candidate
train::void::void116_resized.jpg,train,void,data/raw/v2/hf_manhole_covers/train/train/void/void116_resized.jpg,f371e5c324cbfbd8a06d1a0c11a36ec3b485102352d81a8ad217b79f92c6d42e,224,224,exact_duplicate_018,reserved_not_v2_candidate,source void label or official validation/test split is not a V2 candidate
train::void::void117_resized.jpg,train,void,data/raw/v2/hf_manhole_covers/train/train/void/void117_resized.jpg,561d4fc06efa7788cdaed102bed488bf1d2e62f97be1df2617478e5aa0973666,224,224,exact_duplicate_019,reserved_not_v2_candidate,source void label or official validation/test split is not a V2 candidate
train::void::void118_resized.jpg,train,void,data/raw/v2/hf_manhole_covers/train/train/void/void118_resized.jpg,41fe1ea99a50985724c50ebea2ce026f1d52c6a3c9d215e0ae8d91471be62676,224,224,exact_duplicate_020,reserved_not_v2_candidate,source void label or official validation/test split is not a V2 candidate
train::void::void119_resized.jpg,train,void,data/raw/v2/hf_manhole_covers/train/train/void/void119_resized.jpg,8af134f4a5d35ba60926de673b0b7f8c6a2b478684f8de452d1fcbe90b0c893a,224,224,exact_duplicate_021,reserved_not_v2_candidate,source void label or official validation/test split is not a V2 candidate
train::void::void11_resized.jpg,train,void,data/raw/v2/hf_manhole_covers/train/train/void/void11_resized.jpg,2d0d970fe27d82639693eee478dc0a30ac5d38c1a7052c1432fd03058dd3ade1,224,224,exact_duplicate_022,reserved_not_v2_candidate,source void label or official validation/test split is not a V2 candidate
train::void::void120_resized.jpg,train,void,data/raw/v2/hf_manhole_covers/train/train/void/void120_resized.jpg,fe9c73bf701a85b5e45a7b22fbd9da528c28d33ea68e5f0b5b0349012f3e8226,224,224,exact_duplicate_023,reserved_not_v2_candidate,source void label or official validation/test split is not a V2 candidate
train::void::void121_resized.jpg,train,void,data/raw/v2/hf_manhole_covers/train/train/void/void121_resized.jpg,a67a23550e3fdaba0dc5faac5cc5a19bf16f109324c32c63d07498bfa87a4757,224,224,exact_duplicate_024,reserved_not_v2_candidate,source void label or official validation/test split is not a V2 candidate
train::void::void122_resized.jpg,train,void,data/raw/v2/hf_manhole_covers/train/train/void/void122_resized.jpg,e6d748a6b5b5e349f0d9efa5ad401109ed22855385b7cdcb6f74ec941a5e0af8,224,224,exact_duplicate_025,reserved_not_v2_candidate,source void label or official validation/test split is not a V2 candidate
train::void::void123_resized.jpg,train,void,data/raw/v2/hf_manhole_covers/train/train/void/void123_resized.jpg,20d73b98c406590f10c07072454e5f38b9577c2351f7ad3328b4fab4d790ec10,224,224,exact_duplicate_026,reserved_not_v2_candidate,source void label or official validation/test split is not a V2 candidate
train::void::void124_resized.jpg,train,void,data/raw/v2/hf_manhole_covers/train/train/void/void124_resized.jpg,aabc64be709c56ae442a722f752b476a206f668ce80adc399a40bac25095f533,224,224,exact_duplicate_027,reserved_not_v2_candidate,source void label or official validation/test split is not a V2 candidate
train::void::void125_resized.jpg,train,void,data/raw/v2/hf_manhole_covers/train/train/void/void125_resized.jpg,49705d1ce10b3e815ecb20959d380de1c20bc9d164b60e850535d727580ffc89,224,224,exact_duplicate_028,reserved_not_v2_candidate,source void label or official validation/test split is not a V2 candidate
train::void::void126_resized.jpg,train,void,data/raw/v2/hf_manhole_covers/train/train/void/void126_resized.jpg,66a508b4a7d2bc39600b59806a8ebd060097e344f1460e35ef644e976d44e204,224,224,exact_duplicate_029,reserved_not_v2_candidate,source void label or official validation/test split is not a V2 candidate
train::void::void127_resized.jpg,train,void,data/raw/v2/hf_manhole_covers/train/train/void/void127_resized.jpg,90c1f8063769cbdb27d4a55e918dddee012c888e55697179ebc1b13f7a63b58b,224,224,exact_duplicate_030,reserved_not_v2_candidate,source void label or official validation/test split is not a V2 candidate
train::void::void128_resized.jpg,train,void,data/raw/v2/hf_manhole_covers/train/train/void/void128_resized.jpg,216c94c6b7b4bf66f647a22464d6ad1be1ab6bac435c792706eefe683e0b7631,224,224,exact_duplicate_031,reserved_not_v2_candidate,source void label or official validation/test split is not a V2 candidate
train::void::void129_resized.jpg,train,void,data/raw/v2/hf_manhole_covers/train/train/void/void129_resized.jpg,03a2395ede5cfc9fa766015f3781a8a9b97c84f1a8876d64a7da3ed474be39e3,224,224,exact_duplicate_032,reserved_not_v2_candidate,source void label or official validation/test split is not a V2 candidate
train::void::void12_resized.jpg,train,void,data/raw/v2/hf_manhole_covers/train/train/void/void12_resized.jpg,e0dfc4b493b315fb19395e06b34c6a99fdcc87352f0ec458e1460e07b93fb287,224,224,exact_duplicate_033,reserved_not_v2_candidate,source void label or official validation/test split is not a V2 candidate
train::void::void130_resized.jpg,train,void,data/raw/v2/hf_manhole_covers/train/train/void/void130_resized.jpg,1335fd5260b82c124dffba13d30f710416b94580ee7df3567604bcec53751fcf,224,224,exact_duplicate_034,reserved_not_v2_candidate,source void label or official validation/test split is not a V2 candidate
train::void::void131_resized.jpg,train,void,data/raw/v2/hf_manhole_covers/train/train/void/void131_resized.jpg,8529fbbe1daee2abfa75c4f642ea91e276152bb31eef10a4c8fa5851b12c9792,224,224,exact_duplicate_035,reserved_not_v2_candidate,source void label or official validation/test split is not a V2 candidate
train::void::void132_resized.jpg,train,void,data/raw/v2/hf_manhole_covers/train/train/void/void132_resized.jpg,fb3efcaf9e7efe93b2386e0f799724e29b8ba7058e4ed4287f120fb04004f665,224,224,exact_duplicate_036,reserved_not_v2_candidate,source void label or official validation/test split is not a V2 candidate
train::void::void133_resized.jpg,train,void,data/raw/v2/hf_manhole_covers/train/train/void/void133_resized.jpg,909fa4ce414babc2e4cfdef69f375614e4a68800d564e7b9132861961ce0e1a5,224,224,exact_duplicate_037,reserved_not_v2_candidate,source void label or official validation/test split is not a V2 candidate
train::void::void134_resized.jpg,train,void,data/raw/v2/hf_manhole_covers/train/train/void/void134_resized.jpg,37e92b0d06cff75c6771f34e23b174cd575010a52e54bc42f1af3d106c36eb8c,224,224,exact_duplicate_038,reserved_not_v2_candidate,source void label or official validation/test split is not a V2 candidate
train::void::void135_resized.jpg,train,void,data/raw/v2/hf_manhole_covers/train/train/void/void135_resized.jpg,d061f97ed40bbb01c8871b9425aea87fecae110ed387e5d41194bb378889c538,224,224,exact_duplicate_039,reserved_not_v2_candidate,source void label or official validation/test split is not a V2 candidate
train::void::void136_resized.jpg,train,void,data/raw/v2/hf_manhole_covers/train/train/void/void136_resized.jpg,a47aa8a4f84a391bc8ffdcd98b2f464b7bc6dc1985feef66aaeadf233b6fe359,224,224,exact_duplicate_040,reserved_not_v2_candidate,source void label or official validation/test split is not a V2 candidate
train::void::void137_resized.jpg,train,void,data/raw/v2/hf_manhole_covers/train/train/void/void137_resized.jpg,7ecb331a1136a71238f4e502af7a86d2c771e14396914cb5e6a6d6c5b8d00d0d,224,224,exact_duplicate_041,reserved_not_v2_candidate,source void label or official validation/test split is not a V2 candidate
train::void::void138_resized.jpg,train,void,data/raw/v2/hf_manhole_covers/train/train/void/void138_resized.jpg,8c0e93e454715ba56208a485c37deb43c6c11e8a3b349de35f66059ea7d5fbbd,224,224,exact_duplicate_042,reserved_not_v2_candidate,source void label or official validation/test split is not a V2 candidate
train::void::void139_resized.jpg,train,void,data/raw/v2/hf_manhole_covers/train/train/void/void139_resized.jpg,02112b254bd9b500a13bcec93eb191dc326700e7d5c995a094e217a9a1bd065f,224,224,exact_duplicate_043,reserved_not_v2_candidate,source void label or official validation/test split is not a V2 candidate
train::void::void13_resized.jpg,train,void,data/raw/v2/hf_manhole_covers/train/train/void/void13_resized.jpg,bbf6520b6720f4e3810a559714aa62ec07bcf0d4e872ae28d906b536d91d9036,224,224,exact_duplicate_044,reserved_not_v2_candidate,source void label or official validation/test split is not a V2 candidate
train::void::void140_resized.jpg,train,void,data/raw/v2/hf_manhole_covers/train/train/void/void140_resized.jpg,c656739b4f41dc7d41cc2e7904b5714b162117a2564b5c07b1de4ebaf399b11d,224,224,exact_duplicate_045,reserved_not_v2_candidate,source void label or official validation/test split is not a V2 candidate
train::void::void141_resized.jpg,train,void,data/raw/v2/hf_manhole_covers/train/train/void/void141_resized.jpg,de68a5c9e6d89977cd6f06ddaa915f03148f990598c132334ea3f8c3f7366350,224,224,exact_duplicate_046,reserved_not_v2_candidate,source void label or official validation/test split is not a V2 candidate
train::void::void142_resized.jpg,train,void,data/raw/v2/hf_manhole_covers/train/train/void/void142_resized.jpg,a94c359f1994d82c512571db13bd7ad1e908990dcc88c9d74aea8e65fdeebd9a,224,224,exact_duplicate_047,reserved_not_v2_candidate,source void label or official validation/test split is not a V2 candidate
train::void::void143_resized.jpg,train,void,data/raw/v2/hf_manhole_covers/train/train/void/void143_resized.jpg,ea725503b973afc44fec6a84a62df8dded7183d6584e885fa31b499b7f8359e9,224,224,exact_duplicate_048,reserved_not_v2_candidate,source void label or official validation/test split is not a V2 candidate
train::void::void144_resized.jpg,train,void,data/raw/v2/hf_manhole_covers/train/train/void/void144_resized.jpg,56924ec148d05d43e887e5caffab139b94f37885cf4cca18c664e10b53c557af,224,224,exact_duplicate_049,reserved_not_v2_candidate,source void label or official validation/test split is not a V2 candidate
train::void::void145_resized.jpg,train,void,data/raw/v2/hf_manhole_covers/train/train/void/void145_resized.jpg,24ee365839ff2e5cb5fdab4a30a1f098822ee558b8928f91ac54910b8e63c51e,224,224,exact_duplicate_050,reserved_not_v2_candidate,source void label or official validation/test split is not a V2 candidate
train::void::void146_resized.jpg,train,void,data/raw/v2/hf_manhole_covers/train/train/void/void146_resized.jpg,974aba4af2aff199f78b043aae9438511fa56b68fa15a983f978fb00cafd78a9,224,224,exact_duplicate_051,reserved_not_v2_candidate,source void label or official validation/test split is not a V2 candidate
train::void::void147_resized.jpg,train,void,data/raw/v2/hf_manhole_covers/train/train/void/void147_resized.jpg,a12281945a10f63a48b9be513dbcd0adda99923ab0c4506e202ddacedb219b51,224,224,exact_duplicate_052,reserved_not_v2_candidate,source void label or official validation/test split is not a V2 candidate
train::void::void148_resized.jpg,train,void,data/raw/v2/hf_manhole_covers/train/train/void/void148_resized.jpg,509b934da42e4de5df93bf9daa47d8c103d712df97b42a31caec66ea1ded2b97,224,224,exact_duplicate_053,reserved_not_v2_candidate,source void label or official validation/test split is not a V2 candidate
train::void::void149_resized.jpg,train,void,data/raw/v2/hf_manhole_covers/train/train/void/void149_resized.jpg,f682c32a1b7e823bcaeea05125557844c90b2432e047bb2133d387ece0e57ddd,224,224,exact_duplicate_054,reserved_not_v2_candidate,source void label or official validation/test split is not a V2 candidate
train::void::void14_resized.jpg,train,void,data/raw/v2/hf_manhole_covers/train/train/void/void14_resized.jpg,3ea60588102882651d9b83673128f733139b95349d385359253daa471955906f,224,224,exact_duplicate_055,reserved_not_v2_candidate,source void label or official validation/test split is not a V2 candidate
train::void::void150_resized.jpg,train,void,data/raw/v2/hf_manhole_covers/train/train/void/void150_resized.jpg,7bbfbdae7d52b22a6cc695c732129ea1c76d2098d70e592c27a8ac2ccbb87c38,224,224,exact_duplicate_056,reserved_not_v2_candidate,source void label or official validation/test split is not a V2 candidate
train::void::void151_resized.jpg,train,void,data/raw/v2/hf_manhole_covers/train/train/void/void151_resized.jpg,31cd8c4bfcf40081130e30b1fd284beab82dc9610535d56c8defe87658b3f8e7,224,224,exact_duplicate_057,reserved_not_v2_candidate,source void label or official validation/test split is not a V2 candidate
train::void::void152_resized.jpg,train,void,data/raw/v2/hf_manhole_covers/train/train/void/void152_resized.jpg,80625a557eed7045f816d5539ad362900e43f6d7ed0fa52814aab8046ed06099,224,224,exact_duplicate_058,reserved_not_v2_candidate,source void label or official validation/test split is not a V2 candidate
train::void::void153_resized.jpg,train,void,data/raw/v2/hf_manhole_covers/train/train/void/void153_resized.jpg,d1728c6412998a80ee2409e62312d467f099d2104a315d2e18e1f8832497a5a1,224,224,exact_duplicate_059,reserved_not_v2_candidate,source void label or official validation/test split is not a V2 candidate
train::void::void154_resized.jpg,train,void,data/raw/v2/hf_manhole_covers/train/train/void/void154_resized.jpg,1a10ea0d161ea0a1213a518b367d79d60ee2f75007b2fbb8b9b001efc74e8470,224,224,exact_duplicate_060,reserved_not_v2_candidate,source void label or official validation/test split is not a V2 candidate
train::void::void155_resized.jpg,train,void,data/raw/v2/hf_manhole_covers/train/train/void/void155_resized.jpg,5ec3b3d9059b7c3d114f5260477d41d3b3b747caf1aed65733e2def406e929af,224,224,exact_duplicate_061,reserved_not_v2_candidate,source void label or official validation/test split is not a V2 candidate
train::void::void156_resized.jpg,train,void,data/raw/v2/hf_manhole_covers/train/train/void/void156_resized.jpg,60c0b1f95b424c90098e62db1f08f801295a2086f92ed767f104facdde172e26,224,224,exact_duplicate_062,reserved_not_v2_candidate,source void label or official validation/test split is not a V2 candidate
train::void::void157_resized.jpg,train,void,data/raw/v2/hf_manhole_covers/train/train/void/void157_resized.jpg,f6bcdfdef7c99bf7e014a98b478c45e56c7c3336bd98d65e3742f577fe27a4fa,224,224,exact_duplicate_063,reserved_not_v2_candidate,source void label or official validation/test split is not a V2 candidate
train::void::void158_resized.jpg,train,void,data/raw/v2/hf_manhole_covers/train/train/void/void158_resized.jpg,0d2b1285204364885f30df8e0e4193e33adeefd4bd9c95d3c0b7581cebfd181e,224,224,exact_duplicate_064,reserved_not_v2_candidate,source void label or official validation/test split is not a V2 candidate
train::void::void159_resized.jpg,train,void,data/raw/v2/hf_manhole_covers/train/train/void/void159_resized.jpg,bf4efc6f4477bfe945f5ac9dd7802fa5f3ba4b133b323612dcb61a6627fad99d,224,224,exact_duplicate_065,reserved_not_v2_candidate,source void label or official validation/test split is not a V2 candidate
train::void::void15_resized.jpg,train,void,data/raw/v2/hf_manhole_covers/train/train/void/void15_resized.jpg,20a2f766909ebf0e8529d02c93a18fa3c5ccbf563fdac2633707f533abdfae9f,224,224,exact_duplicate_066,reserved_not_v2_candidate,source void label or official validation/test split is not a V2 candidate
train::void::void160_resized.jpg,train,void,data/raw/v2/hf_manhole_covers/train/train/void/void160_resized.jpg,15c36d34263d9bc6882c59ceaa960724504cc072e63ea65b2bb28520f9ba30ee,224,224,exact_duplicate_067,reserved_not_v2_candidate,source void label or official validation/test split is not a V2 candidate
train::void::void161_resized.jpg,train,void,data/raw/v2/hf_manhole_covers/train/train/void/void161_resized.jpg,fe1f78960da5295f3799e9f74124dbcf79377f6cbf2fc399a43c63ce8321726c,224,224,exact_duplicate_068,reserved_not_v2_candidate,source void label or official validation/test split is not a V2 candidate
train::void::void162_resized.jpg,train,void,data/raw/v2/hf_manhole_covers/train/train/void/void162_resized.jpg,9643b09d0d024a0dde3c032343e52348225a7f7392680f182e990fec58e1cc6b,224,224,exact_duplicate_069,reserved_not_v2_candidate,source void label or official validation/test split is not a V2 candidate
train::void::void163_resized.jpg,train,void,data/raw/v2/hf_manhole_covers/train/train/void/void163_resized.jpg,ab6a8b93c2aa05755b5911c68b422d8b002e0976dbefcea10949f9ae565faf43,224,224,exact_duplicate_070,reserved_not_v2_candidate,source void label or official validation/test split is not a V2 candidate
train::void::void164_resized.jpg,train,void,data/raw/v2/hf_manhole_covers/train/train/void/void164_resized.jpg,a4362f0ea9e2ef29f8528c0e624b34496490910149f6e0cf1d4963756445bc2f,224,224,exact_duplicate_071,reserved_not_v2_candidate,source void label or official validation/test split is not a V2 candidate
train::void::void165_resized.jpg,train,void,data/raw/v2/hf_manhole_covers/train/train/void/void165_resized.jpg,4fec7abee12f376287227770bf7fe43e5288422146015caffc51179803cd0fb2,224,224,exact_duplicate_072,reserved_not_v2_candidate,source void label or official validation/test split is not a V2 candidate
train::void::void166_resized.jpg,train,void,data/raw/v2/hf_manhole_covers/train/train/void/void166_resized.jpg,57a8066e8f1f3b4f00a8537eef7d0e66de30cacba762d7790c7b750aed53f4c0,224,224,exact_duplicate_073,reserved_not_v2_candidate,source void label or official validation/test split is not a V2 candidate
train::void::void167_resized.jpg,train,void,data/raw/v2/hf_manhole_covers/train/train/void/void167_resized.jpg,0a5c4cb5fdf02b25d6535e35908853e304b2cc8aac836999130912b54560a514,224,224,exact_duplicate_074,reserved_not_v2_candidate,source void label or official validation/test split is not a V2 candidate
train::void::void168_resized.jpg,train,void,data/raw/v2/hf_manhole_covers/train/train/void/void168_resized.jpg,d6bc442b6336e80e3cec4220a6d0c95532a935106504c83c2765d6d5faaecb84,224,224,exact_duplicate_075,reserved_not_v2_candidate,source void label or official validation/test split is not a V2 candidate
train::void::void169_resized.jpg,train,void,data/raw/v2/hf_manhole_covers/train/train/void/void169_resized.jpg,fcc7c3c71c15a670ce49dd06343bba1515d8e15dda7861b0f0edb61a128cbafa,224,224,exact_duplicate_076,reserved_not_v2_candidate,source void label or official validation/test split is not a V2 candidate
train::void::void16_resized.jpg,train,void,data/raw/v2/hf_manhole_covers/train/train/void/void16_resized.jpg,273ed24f14412a90b570ccd0a8f3869125c199168d77f18b628595b0a6ae411c,224,224,exact_duplicate_077,reserved_not_v2_candidate,source void label or official validation/test split is not a V2 candidate
train::void::void170_resized.jpg,train,void,data/raw/v2/hf_manhole_covers/train/train/void/void170_resized.jpg,4eed80f30ea7d158fe90829f74fabb97c1320a56c26ccb84a8bed28a6362a15d,224,224,exact_duplicate_078,reserved_not_v2_candidate,source void label or official validation/test split is not a V2 candidate
train::void::void171_resized.jpg,train,void,data/raw/v2/hf_manhole_covers/train/train/void/void171_resized.jpg,a97dd5bb894b8ec3dd9c553a7bc6d83bd72b6c13a2cbaa434c6edc5c45cc49ed,224,224,exact_duplicate_079,reserved_not_v2_candidate,source void label or official validation/test split is not a V2 candidate
train::void::void172_resized.jpg,train,void,data/raw/v2/hf_manhole_covers/train/train/void/void172_resized.jpg,0c848424f50555112eb80ef31381471c1710368d0f3123dd29ac598459483896,224,224,exact_duplicate_080,reserved_not_v2_candidate,source void label or official validation/test split is not a V2 candidate
train::void::void173_resized.jpg,train,void,data/raw/v2/hf_manhole_covers/train/train/void/void173_resized.jpg,38b165a4e18a169b4a5bb27f0fa1f86df42d1eff5ffa5e64d97529edca3ae98f,224,224,exact_duplicate_081,reserved_not_v2_candidate,source void label or official validation/test split is not a V2 candidate
train::void::void174_resized.jpg,train,void,data/raw/v2/hf_manhole_covers/train/train/void/void174_resized.jpg,d465c18d38dee018f5b4f089272976110e9f9c7e1dfa99a21d9cc34ed3dcdb8e,224,224,exact_duplicate_082,reserved_not_v2_candidate,source void label or official validation/test split is not a V2 candidate
train::void::void175_resized.jpg,train,void,data/raw/v2/hf_manhole_covers/train/train/void/void175_resized.jpg,9fbc0c35cdd5239983e6ca3fb17534eaa4196af25b4915180e426431fc1058a9,224,224,exact_duplicate_083,reserved_not_v2_candidate,source void label or official validation/test split is not a V2 candidate
train::void::void176_resized.jpg,train,void,data/raw/v2/hf_manhole_covers/train/train/void/void176_resized.jpg,a92f880dc9a881619dfe9c2f6f31cd71632a6765bab0dc6faed6c217eb04f5cf,224,224,exact_duplicate_084,reserved_not_v2_candidate,source void label or official validation/test split is not a V2 candidate
train::void::void177_resized.jpg,train,void,data/raw/v2/hf_manhole_covers/train/train/void/void177_resized.jpg,d8f9b918e118a03fdfe4695ba7eadb4ba60a73605cd1ad0e364cab47f1ce4275,224,224,exact_duplicate_085,reserved_not_v2_candidate,source void label or official validation/test split is not a V2 candidate
train::void::void178_resized.jpg,train,void,data/raw/v2/hf_manhole_covers/train/train/void/void178_resized.jpg,cc989fbbe0864638d6fb92122a5fb272899bd935e3ef6e24643274fd14ccfa55,224,224,exact_duplicate_086,reserved_not_v2_candidate,source void label or official validation/test split is not a V2 candidate
train::void::void179_resized.jpg,train,void,data/raw/v2/hf_manhole_covers/train/train/void/void179_resized.jpg,0b125786859abfede385938e9b8a5b25c742b400a28dbe8831027df63cf2f922,224,224,exact_duplicate_087,reserved_not_v2_candidate,source void label or official validation/test split is not a V2 candidate
train::void::void17_resized.jpg,train,void,data/raw/v2/hf_manhole_covers/train/train/void/void17_resized.jpg,996dffff9f6f9e97d6bcdaf6da067404889dc1f411fd91155fd5f06b546ae417,224,224,exact_duplicate_088,reserved_not_v2_candidate,source void label or official validation/test split is not a V2 candidate
train::void::void180_resized.jpg,train,void,data/raw/v2/hf_manhole_covers/train/train/void/void180_resized.jpg,251c73f7f0d8a9ef86a717a7709641b864d6edf539e627ae01433f825bb9347e,224,224,exact_duplicate_089,reserved_not_v2_candidate,source void label or official validation/test split is not a V2 candidate
train::void::void181_resized.jpg,train,void,data/raw/v2/hf_manhole_covers/train/train/void/void181_resized.jpg,eef33f72313c2e30d48c83f406b9499849e16bcc11040ef8178a4b8b7b8e7da6,224,224,exact_duplicate_090,reserved_not_v2_candidate,source void label or official validation/test split is not a V2 candidate
train::void::void182_resized.jpg,train,void,data/raw/v2/hf_manhole_covers/train/train/void/void182_resized.jpg,9d73727e0c6685d2b5b65a279a65601dd09fae3c9e544d63877291195e9c31da,224,224,exact_duplicate_091,reserved_not_v2_candidate,source void label or official validation/test split is not a V2 candidate
train::void::void183_resized.jpg,train,void,data/raw/v2/hf_manhole_covers/train/train/void/void183_resized.jpg,545ebd685dc317018f31e92ade28052ac16ed1156422419ef07f7a159ac47d43,224,224,exact_duplicate_092,reserved_not_v2_candidate,source void label or official validation/test split is not a V2 candidate
train::void::void184_resized.jpg,train,void,data/raw/v2/hf_manhole_covers/train/train/void/void184_resized.jpg,8b1a306c9dda4da8464c20fc2987c4f6c0dc3a15e7854b60c30a569a4f13e0b8,224,224,exact_duplicate_093,reserved_not_v2_candidate,source void label or official validation/test split is not a V2 candidate
train::void::void185_resized.jpg,train,void,data/raw/v2/hf_manhole_covers/train/train/void/void185_resized.jpg,1d6113c237cac7a85328fcb40ce0c2156786f97dbc415ce38c4ef5b3722dfe68,224,224,exact_duplicate_094,reserved_not_v2_candidate,source void label or official validation/test split is not a V2 candidate
train::void::void186_resized.jpg,train,void,data/raw/v2/hf_manhole_covers/train/train/void/void186_resized.jpg,109c995fb1d0ecbb77991fa4817084072bf27051a7a7a75444c1567115050b2d,224,224,exact_duplicate_095,reserved_not_v2_candidate,source void label or official validation/test split is not a V2 candidate
train::void::void187_resized.jpg,train,void,data/raw/v2/hf_manhole_covers/train/train/void/void187_resized.jpg,e37e9124ce8d1bece62ae65129a10145eaa9876521bb2ec6c75263b9a5ee2383,224,224,exact_duplicate_096,reserved_not_v2_candidate,source void label or official validation/test split is not a V2 candidate
train::void::void188_resized.jpg,train,void,data/raw/v2/hf_manhole_covers/train/train/void/void188_resized.jpg,8495b834e31c96467e75319cd308e564fa5be3b25394e360f23e11e093c8254c,224,224,exact_duplicate_097,reserved_not_v2_candidate,source void label or official validation/test split is not a V2 candidate
train::void::void189_resized.jpg,train,void,data/raw/v2/hf_manhole_covers/train/train/void/void189_resized.jpg,889c065403d36ac11f929f0f8ca178c64b64f2f35e7c61b1a36b8fba378d0c60,224,224,exact_duplicate_098,reserved_not_v2_candidate,source void label or official validation/test split is not a V2 candidate
train::void::void18_resized.jpg,train,void,data/raw/v2/hf_manhole_covers/train/train/void/void18_resized.jpg,5981afe5c94caa507b179e24212d1ff11283f9aba4b72c2fb0e08b495d8f7948,224,224,exact_duplicate_099,reserved_not_v2_candidate,source void label or official validation/test split is not a V2 candidate
train::void::void190_resized.jpg,train,void,data/raw/v2/hf_manhole_covers/train/train/void/void190_resized.jpg,a96cd650f0cb804d5b9125a50950fde1def95ffb7dcf8013499b07035ece3734,224,224,exact_duplicate_100,reserved_not_v2_candidate,source void label or official validation/test split is not a V2 candidate
train::void::void191_resized.jpg,train,void,data/raw/v2/hf_manhole_covers/train/train/void/void191_resized.jpg,b3b5dac110e931d87d880c8b24e3a353bdf232c60b00f4797735fafa6e4222a1,224,224,exact_duplicate_101,reserved_not_v2_candidate,source void label or official validation/test split is not a V2 candidate
train::void::void192_resized.jpg,train,void,data/raw/v2/hf_manhole_covers/train/train/void/void192_resized.jpg,474c81d9d0edbe5e9ff48b5820019c2959cd1c055dd69d6c7cea7b660771e63b,224,224,exact_duplicate_102,reserved_not_v2_candidate,source void label or official validation/test split is not a V2 candidate
train::void::void193_resized.jpg,train,void,data/raw/v2/hf_manhole_covers/train/train/void/void193_resized.jpg,e5ceaaddcee6078394313126fb0e9fce9cce8af0f0c4ac450a931dafce1841a1,224,224,exact_duplicate_103,reserved_not_v2_candidate,source void label or official validation/test split is not a V2 candidate
train::void::void194_resized.jpg,train,void,data/raw/v2/hf_manhole_covers/train/train/void/void194_resized.jpg,e131d78e08b72ce36d81b43a465ef601cb737d62449e3d6d4cbd5d5f2fa9a95c,224,224,exact_duplicate_104,reserved_not_v2_candidate,source void label or official validation/test split is not a V2 candidate
train::void::void195_resized.jpg,train,void,data/raw/v2/hf_manhole_covers/train/train/void/void195_resized.jpg,33876e2ca35952dc35383acd9d69f42f7fa681c86c63aaf47f3e481f24eadf65,224,224,exact_duplicate_105,reserved_not_v2_candidate,source void label or official validation/test split is not a V2 candidate
train::void::void196_resized.jpg,train,void,data/raw/v2/hf_manhole_covers/train/train/void/void196_resized.jpg,5ac9a8b27b49ffe8b247d077e4026fdd158ea490764ff47e204a1d436878f6d2,224,224,exact_duplicate_106,reserved_not_v2_candidate,source void label or official validation/test split is not a V2 candidate
train::void::void197_resized.jpg,train,void,data/raw/v2/hf_manhole_covers/train/train/void/void197_resized.jpg,3faae2e3c384c72ac6bba6d6429bd8a7d2f180e637de0cfff7bf008fc66bde36,224,224,exact_duplicate_107,reserved_not_v2_candidate,source void label or official validation/test split is not a V2 candidate
train::void::void198_resized.jpg,train,void,data/raw/v2/hf_manhole_covers/train/train/void/void198_resized.jpg,669ae95f2e192ae44dea72d4193ec37b45d5d990d453ad8ce81f920444ca4cfa,224,224,exact_duplicate_108,reserved_not_v2_candidate,source void label or official validation/test split is not a V2 candidate
train::void::void199_resized.jpg,train,void,data/raw/v2/hf_manhole_covers/train/train/void/void199_resized.jpg,92e5ca5994dd2c41cb94a6057e94299710e739785960661bb3cb423b23dd9c1e,224,224,exact_duplicate_109,reserved_not_v2_candidate,source void label or official validation/test split is not a V2 candidate
train::void::void19_resized.jpg,train,void,data/raw/v2/hf_manhole_covers/train/train/void/void19_resized.jpg,c10164fe54e19a190f64a5a01d6293e8d530793f61bca94f3270d877dbb02d3a,224,224,exact_duplicate_110,reserved_not_v2_candidate,source void label or official validation/test split is not a V2 candidate
train::void::void1_resized.jpg,train,void,data/raw/v2/hf_manhole_covers/train/train/void/void1_resized.jpg,650e024f1b66ee53ba5a220d839d87204d415e4c385426fb8339ac0d537af246,224,224,exact_duplicate_111,reserved_not_v2_candidate,source void label or official validation/test split is not a V2 candidate
train::void::void200_resized.jpg,train,void,data/raw/v2/hf_manhole_covers/train/train/void/void200_resized.jpg,a2eb57926d056c2b4665a299bc5cfbaba4b770b6b22da5ab13268cafcb59fe01,224,224,exact_duplicate_112,reserved_not_v2_candidate,source void label or official validation/test split is not a V2 candidate
train::void::void201_resized.jpg,train,void,data/raw/v2/hf_manhole_covers/train/train/void/void201_resized.jpg,3cdcd3114c78185f5ae79de25979c82e8c21ac22f17660239861283797f5e18c,224,224,exact_duplicate_113,reserved_not_v2_candidate,source void label or official validation/test split is not a V2 candidate
train::void::void202_resized.jpg,train,void,data/raw/v2/hf_manhole_covers/train/train/void/void202_resized.jpg,2b72299b5922544dfe970649a262aa0574376b73b6761563acc201b4c8e3d075,224,224,exact_duplicate_114,reserved_not_v2_candidate,source void label or official validation/test split is not a V2 candidate
train::void::void203_resized.jpg,train,void,data/raw/v2/hf_manhole_covers/train/train/void/void203_resized.jpg,6187714d8df8a3f594edf5f11536a1f333cbcb98229ce81fdf94eb86a343b972,224,224,exact_duplicate_115,reserved_not_v2_candidate,source void label or official validation/test split is not a V2 candidate
train::void::void204_resized.jpg,train,void,data/raw/v2/hf_manhole_covers/train/train/void/void204_resized.jpg,5331aa5e3467a5eb61b8734f0131985ca7b31ffc26fe509d28e2262198ef304f,224,224,exact_duplicate_116,reserved_not_v2_candidate,source void label or official validation/test split is not a V2 candidate
train::void::void205_resized.jpg,train,void,data/raw/v2/hf_manhole_covers/train/train/void/void205_resized.jpg,24e70ae902d59c483cd259a5df7e21705d0fa3753856c72c52e433b376c167cc,224,224,exact_duplicate_117,reserved_not_v2_candidate,source void label or official validation/test split is not a V2 candidate
train::void::void206_resized.jpg,train,void,data/raw/v2/hf_manhole_covers/train/train/void/void206_resized.jpg,5f046c0a6d7fba3ae00296e55e1f6e0ad496c80358e4fbf6585a4192bfd7d3ec,224,224,exact_duplicate_118,reserved_not_v2_candidate,source void label or official validation/test split is not a V2 candidate
train::void::void207_resized.jpg,train,void,data/raw/v2/hf_manhole_covers/train/train/void/void207_resized.jpg,41a43951c576de8a4d8e3088053fc8d31d6b5e1750300842b51e6528004d6968,224,224,exact_duplicate_119,reserved_not_v2_candidate,source void label or official validation/test split is not a V2 candidate
train::void::void208_resized.jpg,train,void,data/raw/v2/hf_manhole_covers/train/train/void/void208_resized.jpg,e7a519e2eaedbf90e6a9a6ae10ccc7e9683db5e08d4fd4196b03c69c124d3619,224,224,exact_duplicate_120,reserved_not_v2_candidate,source void label or official validation/test split is not a V2 candidate
train::void::void209_resized.jpg,train,void,data/raw/v2/hf_manhole_covers/train/train/void/void209_resized.jpg,2670d2084f5ef3605948068e5ae83876aebe77e9419249bb6de1fefb5fd57d18,224,224,exact_duplicate_121,reserved_not_v2_candidate,source void label or official validation/test split is not a V2 candidate
train::void::void20_resized.jpg,train,void,data/raw/v2/hf_manhole_covers/train/train/void/void20_resized.jpg,dbff6a903557fc20ce9a707d959e5b7725ebc5d41a7619227a350d6e4021a1da,224,224,exact_duplicate_122,reserved_not_v2_candidate,source void label or official validation/test split is not a V2 candidate
train::void::void210_resized.jpg,train,void,data/raw/v2/hf_manhole_covers/train/train/void/void210_resized.jpg,2c6a8ce32316a622f5d1bb93b3099eb939e12398a0466e5963b5c17c094cd278,224,224,exact_duplicate_123,reserved_not_v2_candidate,source void label or official validation/test split is not a V2 candidate
train::void::void211_resized.jpg,train,void,data/raw/v2/hf_manhole_covers/train/train/void/void211_resized.jpg,dd442da96fb4bc27dbce19a0394a6de092c7176ee659e76c8874cbd847e7942e,224,224,exact_duplicate_124,reserved_not_v2_candidate,source void label or official validation/test split is not a V2 candidate
train::void::void212_resized.jpg,train,void,data/raw/v2/hf_manhole_covers/train/train/void/void212_resized.jpg,9be6e45a8b659f709200d19dbb057c0b31b8f11ed4f81c434cdf3217c57d5341,224,224,exact_duplicate_125,reserved_not_v2_candidate,source void label or official validation/test split is not a V2 candidate
train::void::void213_resized.jpg,train,void,data/raw/v2/hf_manhole_covers/train/train/void/void213_resized.jpg,988497b1f424cab7491881127a6bddaf7aeffd8a163c60e89de2fc8e94f3e6eb,224,224,exact_duplicate_126,reserved_not_v2_candidate,source void label or official validation/test split is not a V2 candidate
train::void::void214_resized.jpg,train,void,data/raw/v2/hf_manhole_covers/train/train/void/void214_resized.jpg,cdd3316c3cea080fae242b7512878383bb89f02f66a6bc49be7f04ffdbdaa4a4,224,224,exact_duplicate_127,reserved_not_v2_candidate,source void label or official validation/test split is not a V2 candidate
train::void::void215_resized.jpg,train,void,data/raw/v2/hf_manhole_covers/train/train/void/void215_resized.jpg,79b800ee2372aaa784ac7aca9b6fb1e64bc97e80c47478d282f7ae1248865d34,224,224,exact_duplicate_128,reserved_not_v2_candidate,source void label or official validation/test split is not a V2 candidate
train::void::void216_resized.jpg,train,void,data/raw/v2/hf_manhole_covers/train/train/void/void216_resized.jpg,488aa7de23d51e22e5b7f8e1bead91c21d6e0f9d99cab5a39933f7eeb898c237,224,224,exact_duplicate_129,reserved_not_v2_candidate,source void label or official validation/test split is not a V2 candidate
train::void::void217_resized.jpg,train,void,data/raw/v2/hf_manhole_covers/train/train/void/void217_resized.jpg,2d5d85d93ab7b8bb6473cc71cb579967c5ad5be4b7024f710f516573b0e08a40,224,224,exact_duplicate_130,reserved_not_v2_candidate,source void label or official validation/test split is not a V2 candidate
train::void::void218_resized.jpg,train,void,data/raw/v2/hf_manhole_covers/train/train/void/void218_resized.jpg,291f1f288fa33bc79e3860b9cfbf16299a8b41ec3a259757a67e4cbb64c4341b,224,224,exact_duplicate_131,reserved_not_v2_candidate,source void label or official validation/test split is not a V2 candidate
train::void::void219_resized.jpg,train,void,data/raw/v2/hf_manhole_covers/train/train/void/void219_resized.jpg,ed1444c52deff135fd9bcbc9c29959fe62c4e2625a97559c624cea6109f040dd,224,224,exact_duplicate_132,reserved_not_v2_candidate,source void label or official validation/test split is not a V2 candidate
train::void::void21_resized.jpg,train,void,data/raw/v2/hf_manhole_covers/train/train/void/void21_resized.jpg,d695e2439812edabe72c2ece68ac944a3f155a38d53553d449554c73c155a4ed,224,224,exact_duplicate_133,reserved_not_v2_candidate,source void label or official validation/test split is not a V2 candidate
train::void::void220_resized.jpg,train,void,data/raw/v2/hf_manhole_covers/train/train/void/void220_resized.jpg,2ce04bd59843d6ca9efa9021d74e471fa172e449af365c75671b0c14374e971a,224,224,exact_duplicate_134,reserved_not_v2_candidate,source void label or official validation/test split is not a V2 candidate
train::void::void221_resized.jpg,train,void,data/raw/v2/hf_manhole_covers/train/train/void/void221_resized.jpg,3c6fd5f051f5201f287550b46a733acaaa6675957adda04b6d8d637b45cf95a8,224,224,,reserved_not_v2_candidate,source void label or official validation/test split is not a V2 candidate
train::void::void222_resized.jpg,train,void,data/raw/v2/hf_manhole_covers/train/train/void/void222_resized.jpg,eede5c289d6ff960a112dc632f0bf0249d220d0f16c58bae549d5478eacf6e61,224,224,,reserved_not_v2_candidate,source void label or official validation/test split is not a V2 candidate
train::void::void223_resized.jpg,train,void,data/raw/v2/hf_manhole_covers/train/train/void/void223_resized.jpg,83f8026a40cfeccc1b22580c626b16e85c2f792ca7ecdc4a24906d6acc9a5701,224,224,,reserved_not_v2_candidate,source void label or official validation/test split is not a V2 candidate
train::void::void224_resized.jpg,train,void,data/raw/v2/hf_manhole_covers/train/train/void/void224_resized.jpg,c2a67b8d926977a21f1eb8f1acd38f5738c517b3dddedb8ac5ff8338ac269041,224,224,,reserved_not_v2_candidate,source void label or official validation/test split is not a V2 candidate
train::void::void225_resized.jpg,train,void,data/raw/v2/hf_manhole_covers/train/train/void/void225_resized.jpg,faee2d55af42cb80555ec1524d833d7ff71f57ffb17f12a8bf9031b95c93f020,224,224,,reserved_not_v2_candidate,source void label or official validation/test split is not a V2 candidate
train::void::void226_resized.jpg,train,void,data/raw/v2/hf_manhole_covers/train/train/void/void226_resized.jpg,cd54022b6866ccfa960d455802276f08fec59d0b4b19db34f9884ad232ad5eeb,224,224,,reserved_not_v2_candidate,source void label or official validation/test split is not a V2 candidate
train::void::void227_resized.jpg,train,void,data/raw/v2/hf_manhole_covers/train/train/void/void227_resized.jpg,e14f0dbb5288d9520daab4ba4721850ede1f209ba572101bf0c096d6a567b407,224,224,,reserved_not_v2_candidate,source void label or official validation/test split is not a V2 candidate
train::void::void228_resized.jpg,train,void,data/raw/v2/hf_manhole_covers/train/train/void/void228_resized.jpg,7fa0157ed19139a804e179528952d070b7cccb7b70b7d42998d14612f97d01ee,224,224,,reserved_not_v2_candidate,source void label or official validation/test split is not a V2 candidate
train::void::void229_resized.jpg,train,void,data/raw/v2/hf_manhole_covers/train/train/void/void229_resized.jpg,80f482b3cd02bc70d983c1dcbf2140e61db414905616d105c83feca7dce8494b,224,224,,reserved_not_v2_candidate,source void label or official validation/test split is not a V2 candidate
train::void::void22_resized.jpg,train,void,data/raw/v2/hf_manhole_covers/train/train/void/void22_resized.jpg,2af2e333f8311d65c5b1ae87035f2d89c29975e4501d677f14e05d942e2bf942,224,224,exact_duplicate_135,reserved_not_v2_candidate,source void label or official validation/test split is not a V2 candidate
train::void::void230_resized.jpg,train,void,data/raw/v2/hf_manhole_covers/train/train/void/void230_resized.jpg,a0d8f5f3d2dcbb8730dc7c9f2ff3164e36e8bb60b7dfcbeae4e064e1438f1c2f,224,224,,reserved_not_v2_candidate,source void label or official validation/test split is not a V2 candidate
train::void::void231_resized.jpg,train,void,data/raw/v2/hf_manhole_covers/train/train/void/void231_resized.jpg,987833aa34edd3cc3facbea78c0f689949ae1d620f79fe227668487e9d8d389e,224,224,,reserved_not_v2_candidate,source void label or official validation/test split is not a V2 candidate
train::void::void232_resized.jpg,train,void,data/raw/v2/hf_manhole_covers/train/train/void/void232_resized.jpg,0ad927eefadeabb98da489f25b3e1530a774eb51ce96fbf37dc7ae6262db6016,224,224,,reserved_not_v2_candidate,source void label or official validation/test split is not a V2 candidate
train::void::void233_resized.jpg,train,void,data/raw/v2/hf_manhole_covers/train/train/void/void233_resized.jpg,ade6928714100af78e70f0f333d902c7b455947e8b21dff51ff789a2f4c8d90d,224,224,,reserved_not_v2_candidate,source void label or official validation/test split is not a V2 candidate
train::void::void234_resized.jpg,train,void,data/raw/v2/hf_manhole_covers/train/train/void/void234_resized.jpg,0f05c0420e651d6470ca26eb153ec1a69c4c279a7546908ceef9e68ef3eed973,224,224,,reserved_not_v2_candidate,source void label or official validation/test split is not a V2 candidate
train::void::void235_resized.jpg,train,void,data/raw/v2/hf_manhole_covers/train/train/void/void235_resized.jpg,3601663c3f4b58d3db5d4fcbb7825f1ce09ac89b299a83b5c65c2a14ded09451,224,224,,reserved_not_v2_candidate,source void label or official validation/test split is not a V2 candidate
train::void::void236_resized.jpg,train,void,data/raw/v2/hf_manhole_covers/train/train/void/void236_resized.jpg,8d5bd97d518a6e7cb12262a137015bb4e358cc4a3c89b95f243613fc928b81fd,224,224,,reserved_not_v2_candidate,source void label or official validation/test split is not a V2 candidate
train::void::void237_resized.jpg,train,void,data/raw/v2/hf_manhole_covers/train/train/void/void237_resized.jpg,0c1b7f2b41085e19ce208e51c3ea1fc530758e7d127d160768e5e80c79555066,224,224,,reserved_not_v2_candidate,source void label or official validation/test split is not a V2 candidate
train::void::void238_resized.jpg,train,void,data/raw/v2/hf_manhole_covers/train/train/void/void238_resized.jpg,df4e4b7e043efd6391e2b3dc3e3e7763135c48f0ab8c2e5b2e5ff0de099527aa,224,224,,reserved_not_v2_candidate,source void label or official validation/test split is not a V2 candidate
train::void::void239_resized.jpg,train,void,data/raw/v2/hf_manhole_covers/train/train/void/void239_resized.jpg,8987711c80f58260135a8ae2e98829df2f9060a95512b46acf4075f748fe6d5e,224,224,,reserved_not_v2_candidate,source void label or official validation/test split is not a V2 candidate
train::void::void23_resized.jpg,train,void,data/raw/v2/hf_manhole_covers/train/train/void/void23_resized.jpg,c65e20730a6c3ab5336e7a9cde180e89ec9b848dc29a663c9fe249b1699ae7a2,224,224,exact_duplicate_136,reserved_not_v2_candidate,source void label or official validation/test split is not a V2 candidate
train::void::void240_resized.jpg,train,void,data/raw/v2/hf_manhole_covers/train/train/void/void240_resized.jpg,71c609e20f202ff0a0fb1f5d0d59bb074172e8b0413df1cb9f8519c00476dd80,224,224,,reserved_not_v2_candidate,source void label or official validation/test split is not a V2 candidate
train::void::void241_resized.jpg,train,void,data/raw/v2/hf_manhole_covers/train/train/void/void241_resized.jpg,6761773324a92a054b518747f0d89392fc2ede7faf0d3f5a875462a3c47b14dd,224,224,,reserved_not_v2_candidate,source void label or official validation/test split is not a V2 candidate
train::void::void242_resized.jpg,train,void,data/raw/v2/hf_manhole_covers/train/train/void/void242_resized.jpg,a7efdf3e1356fdee4165759d37986a5b848434f4ff71a72c3d866fd592405af2,224,224,,reserved_not_v2_candidate,source void label or official validation/test split is not a V2 candidate
train::void::void243_resized.jpg,train,void,data/raw/v2/hf_manhole_covers/train/train/void/void243_resized.jpg,e29bf3b1acce434b4ef205bfc14b8b2e5c39e665c3fc98b898c8f3e53fb73aa4,224,224,,reserved_not_v2_candidate,source void label or official validation/test split is not a V2 candidate
train::void::void244_resized.jpg,train,void,data/raw/v2/hf_manhole_covers/train/train/void/void244_resized.jpg,81d6f5bde58e16e5078275c0ebbbb106f8231b15e0f74d1a3a4e99be225c0368,224,224,,reserved_not_v2_candidate,source void label or official validation/test split is not a V2 candidate
train::void::void245_resized.jpg,train,void,data/raw/v2/hf_manhole_covers/train/train/void/void245_resized.jpg,85640605bb8701c9aeff79c145866d88ead941083fa21947d2f0904b47efa911,224,224,,reserved_not_v2_candidate,source void label or official validation/test split is not a V2 candidate
train::void::void246_resized.jpg,train,void,data/raw/v2/hf_manhole_covers/train/train/void/void246_resized.jpg,bbc8e59c52d34babb8ae155795e8400a038e32e0a33b4944d43427280faa642a,224,224,,reserved_not_v2_candidate,source void label or official validation/test split is not a V2 candidate
train::void::void247_resized.jpg,train,void,data/raw/v2/hf_manhole_covers/train/train/void/void247_resized.jpg,f0e70b00406e6fd77a49603b65633b992a1720b30c185d7d4b00760aefff2e63,224,224,,reserved_not_v2_candidate,source void label or official validation/test split is not a V2 candidate
train::void::void248_resized.jpg,train,void,data/raw/v2/hf_manhole_covers/train/train/void/void248_resized.jpg,267931a981ab3c17a2175836f1832ffcf16598d53ca94d1a6733f5a62610e5f4,224,224,,reserved_not_v2_candidate,source void label or official validation/test split is not a V2 candidate
train::void::void249_resized.jpg,train,void,data/raw/v2/hf_manhole_covers/train/train/void/void249_resized.jpg,71c201f349a2174fd6c730a2aafcc16d63aff9046cc221dea94c77cfc00973cb,224,224,,reserved_not_v2_candidate,source void label or official validation/test split is not a V2 candidate
train::void::void24_resized.jpg,train,void,data/raw/v2/hf_manhole_covers/train/train/void/void24_resized.jpg,d929eeebd0207d85e387b1298394ef47cd074da59675e070f2345291649b6b05,224,224,exact_duplicate_137,reserved_not_v2_candidate,source void label or official validation/test split is not a V2 candidate
train::void::void250_resized.jpg,train,void,data/raw/v2/hf_manhole_covers/train/train/void/void250_resized.jpg,c6724c99d0a3469ec2b4f86cb14483b5825b9c9d2385357c39836d65d997f115,224,224,,reserved_not_v2_candidate,source void label or official validation/test split is not a V2 candidate
train::void::void251_resized.jpg,train,void,data/raw/v2/hf_manhole_covers/train/train/void/void251_resized.jpg,7cec2ecc09f97234e7de23ae0f43fe061b8c31d468b80a4d40b147a6200bf347,224,224,,reserved_not_v2_candidate,source void label or official validation/test split is not a V2 candidate
train::void::void252_resized.jpg,train,void,data/raw/v2/hf_manhole_covers/train/train/void/void252_resized.jpg,70ac2001646c64fc57e97260e527a0045abf7da5ba04037b7cfe1eb6a314ae97,224,224,,reserved_not_v2_candidate,source void label or official validation/test split is not a V2 candidate
train::void::void253_resized.jpg,train,void,data/raw/v2/hf_manhole_covers/train/train/void/void253_resized.jpg,6b5b181ed76096a499866703f489c6e051c84b0ebc2e4782b576d0677fc69ce0,224,224,,reserved_not_v2_candidate,source void label or official validation/test split is not a V2 candidate
train::void::void254_resized.jpg,train,void,data/raw/v2/hf_manhole_covers/train/train/void/void254_resized.jpg,2c0b7a678253df5131ecbd2b71ad357f2e05e14d0a3a61ec3afe39ce30f95fac,224,224,,reserved_not_v2_candidate,source void label or official validation/test split is not a V2 candidate
train::void::void255_resized.jpg,train,void,data/raw/v2/hf_manhole_covers/train/train/void/void255_resized.jpg,9a784772b0fba59f5dae3e232fafba646090c3918eda198e6b84790481bee51e,224,224,,reserved_not_v2_candidate,source void label or official validation/test split is not a V2 candidate
train::void::void256_resized.jpg,train,void,data/raw/v2/hf_manhole_covers/train/train/void/void256_resized.jpg,00a3fbda88ef5884cb214aaf1f38f454badb7d666c28beb83bb666ef8215a86a,224,224,,reserved_not_v2_candidate,source void label or official validation/test split is not a V2 candidate
train::void::void257_resized.jpg,train,void,data/raw/v2/hf_manhole_covers/train/train/void/void257_resized.jpg,c8879b6839e182f3bbbe6dfacc52b13ff002463114225bf14dc8632ada0ff08b,224,224,,reserved_not_v2_candidate,source void label or official validation/test split is not a V2 candidate
train::void::void258_resized.jpg,train,void,data/raw/v2/hf_manhole_covers/train/train/void/void258_resized.jpg,ece11e5c39b8598b32b6a73c13a581a3370f225d019576759669d28a1c40c817,224,224,,reserved_not_v2_candidate,source void label or official validation/test split is not a V2 candidate
train::void::void259_resized.jpg,train,void,data/raw/v2/hf_manhole_covers/train/train/void/void259_resized.jpg,c21eaf136dc3a331dcd784b0f8b6c492327345bd4f83e98c3f0fbd042f00a856,224,224,,reserved_not_v2_candidate,source void label or official validation/test split is not a V2 candidate
train::void::void25_resized.jpg,train,void,data/raw/v2/hf_manhole_covers/train/train/void/void25_resized.jpg,17882bc4081e37fc281653b9768e9e889351db1b794f4c04de84119b42a48723,224,224,exact_duplicate_138,reserved_not_v2_candidate,source void label or official validation/test split is not a V2 candidate
train::void::void260_resized.jpg,train,void,data/raw/v2/hf_manhole_covers/train/train/void/void260_resized.jpg,133282d4d049e68ac263206dfca063ed9e12fe9386dbf21e828104629a9576bf,224,224,,reserved_not_v2_candidate,source void label or official validation/test split is not a V2 candidate
train::void::void261_resized.jpg,train,void,data/raw/v2/hf_manhole_covers/train/train/void/void261_resized.jpg,ca274d0a28e810798456bf68b148520952aa768e7f5d56a4833963b998b76af6,224,224,,reserved_not_v2_candidate,source void label or official validation/test split is not a V2 candidate
train::void::void262_resized.jpg,train,void,data/raw/v2/hf_manhole_covers/train/train/void/void262_resized.jpg,d5932850544b1048b3b07a6773b420c8818be4bb763ac4cb10e171e6b37d8870,224,224,,reserved_not_v2_candidate,source void label or official validation/test split is not a V2 candidate
train::void::void263_resized.jpg,train,void,data/raw/v2/hf_manhole_covers/train/train/void/void263_resized.jpg,18bbba89d4a9953ab4467a83a82a9d7fd3f0601ef451c8fdc9dbd515698698c4,224,224,,reserved_not_v2_candidate,source void label or official validation/test split is not a V2 candidate
train::void::void264_resized.jpg,train,void,data/raw/v2/hf_manhole_covers/train/train/void/void264_resized.jpg,044a82070e59eb2c146cb95eb29bac37149fbdc0de90a53027758b0e79939658,224,224,,reserved_not_v2_candidate,source void label or official validation/test split is not a V2 candidate
train::void::void265_resized.jpg,train,void,data/raw/v2/hf_manhole_covers/train/train/void/void265_resized.jpg,25ace6544de0149bd10befd6757528bfefdb7e0c2bf4539f9f91b78816ccc770,224,224,,reserved_not_v2_candidate,source void label or official validation/test split is not a V2 candidate
train::void::void266_resized.jpg,train,void,data/raw/v2/hf_manhole_covers/train/train/void/void266_resized.jpg,86e19d457888239cd5766cd6313304640982d86533ab4ca7b29227c7926172be,224,224,,reserved_not_v2_candidate,source void label or official validation/test split is not a V2 candidate
train::void::void267_resized.jpg,train,void,data/raw/v2/hf_manhole_covers/train/train/void/void267_resized.jpg,ab0270a74e504e66fc1f41b2da331ecaab940be6b2b6196c64f893b322f0ccba,224,224,,reserved_not_v2_candidate,source void label or official validation/test split is not a V2 candidate
train::void::void268_resized.jpg,train,void,data/raw/v2/hf_manhole_covers/train/train/void/void268_resized.jpg,2680a968fadf95b14d36308ddfb67c99ced87c6999a6d0421c375525b44ba7a3,224,224,,reserved_not_v2_candidate,source void label or official validation/test split is not a V2 candidate
train::void::void269_resized.jpg,train,void,data/raw/v2/hf_manhole_covers/train/train/void/void269_resized.jpg,169d6335c60cc4e2c47ce44402ba33f130400b5adcd1a89a0681f42e9a3a9ce2,224,224,,reserved_not_v2_candidate,source void label or official validation/test split is not a V2 candidate
train::void::void26_resized.jpg,train,void,data/raw/v2/hf_manhole_covers/train/train/void/void26_resized.jpg,03802fd8b230401eca275f8a732f325ff7d283ccff8d7365af09a8b1937efd73,224,224,exact_duplicate_139,reserved_not_v2_candidate,source void label or official validation/test split is not a V2 candidate
train::void::void270_resized.jpg,train,void,data/raw/v2/hf_manhole_covers/train/train/void/void270_resized.jpg,a1240de33a4fe9d16b8ca9f68f108b172cc11daa625bb0eb0a06e6baf80a8846,224,224,,reserved_not_v2_candidate,source void label or official validation/test split is not a V2 candidate
train::void::void271_resized.jpg,train,void,data/raw/v2/hf_manhole_covers/train/train/void/void271_resized.jpg,c50f4ddfebd4a33f86b454197d5fef21747737ba7fc8871293f4d9017d81370b,224,224,,reserved_not_v2_candidate,source void label or official validation/test split is not a V2 candidate
train::void::void272_resized.jpg,train,void,data/raw/v2/hf_manhole_covers/train/train/void/void272_resized.jpg,a3b5d07809d941b24f0610a215cb9ebf7508d716287328c2180049790f98678e,224,224,,reserved_not_v2_candidate,source void label or official validation/test split is not a V2 candidate
train::void::void273_resized.jpg,train,void,data/raw/v2/hf_manhole_covers/train/train/void/void273_resized.jpg,b2de1fbce1bc11093d784e66d90ac951e3666c62eb373356cdecfa80703bf5cf,224,224,,reserved_not_v2_candidate,source void label or official validation/test split is not a V2 candidate
train::void::void274_resized.jpg,train,void,data/raw/v2/hf_manhole_covers/train/train/void/void274_resized.jpg,308b60ef804ed93b8c87d31548919e040e6d453515a2ae0fc196347b28d17c63,224,224,,reserved_not_v2_candidate,source void label or official validation/test split is not a V2 candidate
train::void::void275_resized.jpg,train,void,data/raw/v2/hf_manhole_covers/train/train/void/void275_resized.jpg,5bfeb51d3c8ed2c7a294877c748ab1996abac47b585d0c8b849b7a7ce2f7a819,224,224,,reserved_not_v2_candidate,source void label or official validation/test split is not a V2 candidate
train::void::void276_resized.jpg,train,void,data/raw/v2/hf_manhole_covers/train/train/void/void276_resized.jpg,2937769a8f6d61982bc9de3996157a9c5b351fb73987cf1361382dd504a15fcb,224,224,,reserved_not_v2_candidate,source void label or official validation/test split is not a V2 candidate
train::void::void277_resized.jpg,train,void,data/raw/v2/hf_manhole_covers/train/train/void/void277_resized.jpg,f43d2a25b998097063a337ca923c241080a5768d070fd5f028e5e2ae922db032,224,224,,reserved_not_v2_candidate,source void label or official validation/test split is not a V2 candidate
train::void::void278_resized.jpg,train,void,data/raw/v2/hf_manhole_covers/train/train/void/void278_resized.jpg,8e9faa865328e11689670918ff88a21f968b6bcbf55dad5b3f5b57b01f00dd88,224,224,,reserved_not_v2_candidate,source void label or official validation/test split is not a V2 candidate
train::void::void279_resized.jpg,train,void,data/raw/v2/hf_manhole_covers/train/train/void/void279_resized.jpg,dea7792f0d8f4720e154a94691850c71caed4d91e5bef9dd15b04618e03ce88c,224,224,,reserved_not_v2_candidate,source void label or official validation/test split is not a V2 candidate
train::void::void27_resized.jpg,train,void,data/raw/v2/hf_manhole_covers/train/train/void/void27_resized.jpg,23de50e95b0fface0a1308fb13469c77d2d65a2113d52ead9aaac9b70143c7e7,224,224,exact_duplicate_140,reserved_not_v2_candidate,source void label or official validation/test split is not a V2 candidate
train::void::void280_resized.jpg,train,void,data/raw/v2/hf_manhole_covers/train/train/void/void280_resized.jpg,9d18569ef2819d700d92206953aa267d271189b75b61ee2264c9805ead2951dc,224,224,,reserved_not_v2_candidate,source void label or official validation/test split is not a V2 candidate
train::void::void281_resized.jpg,train,void,data/raw/v2/hf_manhole_covers/train/train/void/void281_resized.jpg,46bd35d1ed6a8a1e8da2850af929fb387c29f0a7b6c8cf30ef0d6292c77e6787,224,224,,reserved_not_v2_candidate,source void label or official validation/test split is not a V2 candidate
train::void::void282_resized.jpg,train,void,data/raw/v2/hf_manhole_covers/train/train/void/void282_resized.jpg,cbe9c2420198f09cbc864b9cb15a56c67bd2f248c18622efd97615c68902f3f9,224,224,,reserved_not_v2_candidate,source void label or official validation/test split is not a V2 candidate
train::void::void283_resized.jpg,train,void,data/raw/v2/hf_manhole_covers/train/train/void/void283_resized.jpg,44e246b6480eb4757e1391baf075b219d97b74beb6b5b6be05a551fbd98cd2eb,224,224,,reserved_not_v2_candidate,source void label or official validation/test split is not a V2 candidate
train::void::void284_resized.jpg,train,void,data/raw/v2/hf_manhole_covers/train/train/void/void284_resized.jpg,1663f7d780d872a744262d17b8c70d10fa9f801015c89dd051ad576d8cae0428,224,224,,reserved_not_v2_candidate,source void label or official validation/test split is not a V2 candidate
train::void::void285_resized.jpg,train,void,data/raw/v2/hf_manhole_covers/train/train/void/void285_resized.jpg,3a4176fe83ca1f46f62765ca0bcfc18b2afa0c2f6f9943b4987a0e5274122ae7,224,224,,reserved_not_v2_candidate,source void label or official validation/test split is not a V2 candidate
train::void::void286_resized.jpg,train,void,data/raw/v2/hf_manhole_covers/train/train/void/void286_resized.jpg,7a751721bcf2fb7a166950b6cdc11de5162fb3db977993f5a19b89ef50174cbb,224,224,,reserved_not_v2_candidate,source void label or official validation/test split is not a V2 candidate
train::void::void287_resized.jpg,train,void,data/raw/v2/hf_manhole_covers/train/train/void/void287_resized.jpg,51258acd4d00106abd2642824bf34ed0822b1c20f41bc841542dce20a9343876,224,224,,reserved_not_v2_candidate,source void label or official validation/test split is not a V2 candidate
train::void::void288_resized.jpg,train,void,data/raw/v2/hf_manhole_covers/train/train/void/void288_resized.jpg,7a3ad5dabd72d2ee15d667d2e90b509bafa3cd2e07f7dd1325d5307d4e428fdc,224,224,,reserved_not_v2_candidate,source void label or official validation/test split is not a V2 candidate
train::void::void289_resized.jpg,train,void,data/raw/v2/hf_manhole_covers/train/train/void/void289_resized.jpg,5de87274795cb325345ab29d843838735511fee7e6afab48dab9f7ef69707a76,224,224,,reserved_not_v2_candidate,source void label or official validation/test split is not a V2 candidate
train::void::void28_resized.jpg,train,void,data/raw/v2/hf_manhole_covers/train/train/void/void28_resized.jpg,3292f0deb38fa43444dd0bb16a858aaa11e16b0af1024428dc543f113cad4902,224,224,exact_duplicate_141,reserved_not_v2_candidate,source void label or official validation/test split is not a V2 candidate
train::void::void290_resized.jpg,train,void,data/raw/v2/hf_manhole_covers/train/train/void/void290_resized.jpg,60accd45086aa354b10ea1b5ab1c0839c1d7c5a429523fb3d1ebbb6c8ff4b288,224,224,,reserved_not_v2_candidate,source void label or official validation/test split is not a V2 candidate
train::void::void291_resized.jpg,train,void,data/raw/v2/hf_manhole_covers/train/train/void/void291_resized.jpg,70bb544ac6441cb382efe529cc7b91070f3bfce84427de257428a9f10705a037,224,224,,reserved_not_v2_candidate,source void label or official validation/test split is not a V2 candidate
train::void::void292_resized.jpg,train,void,data/raw/v2/hf_manhole_covers/train/train/void/void292_resized.jpg,ddb8f95fbf110bafc66c522286085f671671a3ae018325931e618edd8dfd577b,224,224,,reserved_not_v2_candidate,source void label or official validation/test split is not a V2 candidate
train::void::void293_resized.jpg,train,void,data/raw/v2/hf_manhole_covers/train/train/void/void293_resized.jpg,36d6f6c85a4ebb348c683f16e6d5d1369071235d2a639a31d195c294f31b8ab0,224,224,,reserved_not_v2_candidate,source void label or official validation/test split is not a V2 candidate
train::void::void294_resized.jpg,train,void,data/raw/v2/hf_manhole_covers/train/train/void/void294_resized.jpg,ccd3110e571dad633c41493e615260802b744800f5d1501ec194d8b9b95503ca,224,224,,reserved_not_v2_candidate,source void label or official validation/test split is not a V2 candidate
train::void::void295_resized.jpg,train,void,data/raw/v2/hf_manhole_covers/train/train/void/void295_resized.jpg,983f260f1d44bc5ff8c164ddaf25b4533414a96a075d4aa5a5de5b1c63fdca0c,224,224,,reserved_not_v2_candidate,source void label or official validation/test split is not a V2 candidate
train::void::void296_resized.jpg,train,void,data/raw/v2/hf_manhole_covers/train/train/void/void296_resized.jpg,5186516ccf3d1e59983670f831c2113ac8bec1bb082a76e132fc8a4d37aa651a,224,224,,reserved_not_v2_candidate,source void label or official validation/test split is not a V2 candidate
train::void::void297_resized.jpg,train,void,data/raw/v2/hf_manhole_covers/train/train/void/void297_resized.jpg,b3d0ed0bf8f10223075c62e99a7716b3e0d42b5a55aa1f57faaa8a6df8e96672,224,224,,reserved_not_v2_candidate,source void label or official validation/test split is not a V2 candidate
train::void::void298_resized.jpg,train,void,data/raw/v2/hf_manhole_covers/train/train/void/void298_resized.jpg,f09ec5364f63e90c6ef2c41b43a940f4283ec3110693d0cebc753f3434e378fe,224,224,,reserved_not_v2_candidate,source void label or official validation/test split is not a V2 candidate
train::void::void299_resized.jpg,train,void,data/raw/v2/hf_manhole_covers/train/train/void/void299_resized.jpg,85664e2ee099597d0a7e38f18d8d5d6e4f2b3a484f53e738620f46c582c67272,224,224,,reserved_not_v2_candidate,source void label or official validation/test split is not a V2 candidate
train::void::void29_resized.jpg,train,void,data/raw/v2/hf_manhole_covers/train/train/void/void29_resized.jpg,7b902037d9009dda4cdf178709e115f970d92c0d6c6d25e4d8a1566d61f19d3d,224,224,exact_duplicate_142,reserved_not_v2_candidate,source void label or official validation/test split is not a V2 candidate
train::void::void2_resized.jpg,train,void,data/raw/v2/hf_manhole_covers/train/train/void/void2_resized.jpg,f8821a3608b094932b95109cc4bc3273d9fdb9df1ed6e9f5078531dac6c7708b,224,224,exact_duplicate_143,reserved_not_v2_candidate,source void label or official validation/test split is not a V2 candidate
train::void::void300_resized.jpg,train,void,data/raw/v2/hf_manhole_covers/train/train/void/void300_resized.jpg,550f3bc59805223a6f05b4b90421ad27845f30515c1f247a82d966b90bacbb7d,224,224,,reserved_not_v2_candidate,source void label or official validation/test split is not a V2 candidate
train::void::void301_resized.jpg,train,void,data/raw/v2/hf_manhole_covers/train/train/void/void301_resized.jpg,ff8218c0a43cdf0b6b36b266ad452ae7bd5c0759c8b86a9ec680f26ac19bd125,224,224,,reserved_not_v2_candidate,source void label or official validation/test split is not a V2 candidate
train::void::void302_resized.jpg,train,void,data/raw/v2/hf_manhole_covers/train/train/void/void302_resized.jpg,29f0b517a0ee98e5617bf68b11c850e270dbb8acf420cdcc26544ef2e4245a90,224,224,,reserved_not_v2_candidate,source void label or official validation/test split is not a V2 candidate
train::void::void303_resized.jpg,train,void,data/raw/v2/hf_manhole_covers/train/train/void/void303_resized.jpg,3c47d0523388437fa123822c41254041d96652c095f03c84cbcd0a24616d6b4e,224,224,,reserved_not_v2_candidate,source void label or official validation/test split is not a V2 candidate
train::void::void304_resized.jpg,train,void,data/raw/v2/hf_manhole_covers/train/train/void/void304_resized.jpg,82ecd50475ce4a555440db02f217c13da6705bde0ff25affa6989401b7871712,224,224,,reserved_not_v2_candidate,source void label or official validation/test split is not a V2 candidate
train::void::void305_resized.jpg,train,void,data/raw/v2/hf_manhole_covers/train/train/void/void305_resized.jpg,e7f169552dc3b2c0dd6787af404fa5725fa4dd146e68e5a958aa6635106b59b6,224,224,,reserved_not_v2_candidate,source void label or official validation/test split is not a V2 candidate
train::void::void306_resized.jpg,train,void,data/raw/v2/hf_manhole_covers/train/train/void/void306_resized.jpg,5379bcbe9a6cae24919314e3c0b266de1d6d660babc154377200eb503b54175a,224,224,,reserved_not_v2_candidate,source void label or official validation/test split is not a V2 candidate
train::void::void307_resized.jpg,train,void,data/raw/v2/hf_manhole_covers/train/train/void/void307_resized.jpg,e2319cbf39de9393044775abd0a1e0e5ff182158a66d60bcb0489bce7f235c18,224,224,,reserved_not_v2_candidate,source void label or official validation/test split is not a V2 candidate
train::void::void308_resized.jpg,train,void,data/raw/v2/hf_manhole_covers/train/train/void/void308_resized.jpg,0e64a60adac3ef570aaa98bb1c7e9ab6b029c82b91c132f8a8fb57a311104726,224,224,,reserved_not_v2_candidate,source void label or official validation/test split is not a V2 candidate
train::void::void309_resized.jpg,train,void,data/raw/v2/hf_manhole_covers/train/train/void/void309_resized.jpg,ef7b00b0a5fa57741eeea7a3b8b76a57b61765f5799f3222624f5808c808f990,224,224,,reserved_not_v2_candidate,source void label or official validation/test split is not a V2 candidate
train::void::void30_resized.jpg,train,void,data/raw/v2/hf_manhole_covers/train/train/void/void30_resized.jpg,ba0837ec7264c0f0c418beafbf7eab4e3ecb91a4074e6b599f05ff3c1f5006ce,224,224,exact_duplicate_144,reserved_not_v2_candidate,source void label or official validation/test split is not a V2 candidate
train::void::void310_resized.jpg,train,void,data/raw/v2/hf_manhole_covers/train/train/void/void310_resized.jpg,e0c24a73e05ba0de166c64650f2e893f4850d495b50541bae122c555bc79e613,224,224,,reserved_not_v2_candidate,source void label or official validation/test split is not a V2 candidate
train::void::void311_resized.jpg,train,void,data/raw/v2/hf_manhole_covers/train/train/void/void311_resized.jpg,53b094875d3ba19eee4f9c0ff58c164a8fb4e730325ddf4d3ae2fd80f0e501c9,224,224,,reserved_not_v2_candidate,source void label or official validation/test split is not a V2 candidate
train::void::void312_resized.jpg,train,void,data/raw/v2/hf_manhole_covers/train/train/void/void312_resized.jpg,ef0bb09e2c03d7159fcc90bf2f51b95d107745cfb0be93d9d35e431dc808158e,224,224,,reserved_not_v2_candidate,source void label or official validation/test split is not a V2 candidate
train::void::void313_resized.jpg,train,void,data/raw/v2/hf_manhole_covers/train/train/void/void313_resized.jpg,4c0488416645bfbd1005ec5852842e9a9ac7309a265ecdfe9a8a0c23648f2205,224,224,,reserved_not_v2_candidate,source void label or official validation/test split is not a V2 candidate
train::void::void314_resized.jpg,train,void,data/raw/v2/hf_manhole_covers/train/train/void/void314_resized.jpg,0b045d8df7f53224bf16706a6d95df10fd73553602f1556f8d0fd33b801178d8,224,224,,reserved_not_v2_candidate,source void label or official validation/test split is not a V2 candidate
train::void::void315_resized.jpg,train,void,data/raw/v2/hf_manhole_covers/train/train/void/void315_resized.jpg,b4c22dc9b1ce7226ea5eb2139359a55843e6627ce246d1961b4edb826ba7e332,224,224,,reserved_not_v2_candidate,source void label or official validation/test split is not a V2 candidate
train::void::void316_resized.jpg,train,void,data/raw/v2/hf_manhole_covers/train/train/void/void316_resized.jpg,f1ce8e2fd13b92e28e65590895893df0d62daae5b981562bfac9999871cadf46,224,224,,reserved_not_v2_candidate,source void label or official validation/test split is not a V2 candidate
train::void::void317_resized.jpg,train,void,data/raw/v2/hf_manhole_covers/train/train/void/void317_resized.jpg,b1f90b6e697ab907ba57aa549e4e6ac6f18f955e15f8a43efb5955dfefaabff9,224,224,,reserved_not_v2_candidate,source void label or official validation/test split is not a V2 candidate
train::void::void318_resized.jpg,train,void,data/raw/v2/hf_manhole_covers/train/train/void/void318_resized.jpg,870782dcb6c71bfa4f4cdb586702b6eefd3f5869e94af5e724cad9a4051cc2ba,224,224,,reserved_not_v2_candidate,source void label or official validation/test split is not a V2 candidate
train::void::void319_resized.jpg,train,void,data/raw/v2/hf_manhole_covers/train/train/void/void319_resized.jpg,fc67a3390275d122bf9012cc7227b05e1d63b3e05519fc3a86b527af203771f2,224,224,,reserved_not_v2_candidate,source void label or official validation/test split is not a V2 candidate
train::void::void31_resized.jpg,train,void,data/raw/v2/hf_manhole_covers/train/train/void/void31_resized.jpg,b7c3b69980b35bb004483f382990f2f1c931c57af0e6b8235bce0a1f0c19bbac,224,224,exact_duplicate_145,reserved_not_v2_candidate,source void label or official validation/test split is not a V2 candidate
train::void::void320_resized.jpg,train,void,data/raw/v2/hf_manhole_covers/train/train/void/void320_resized.jpg,1b63c796bed4beadd95bb74af0c19119d6a6f93ea88f9830228a73a4c282a21f,224,224,,reserved_not_v2_candidate,source void label or official validation/test split is not a V2 candidate
train::void::void321_resized.jpg,train,void,data/raw/v2/hf_manhole_covers/train/train/void/void321_resized.jpg,00cf1f01816077d7e1d76d6398df5c246ea0c4b229fc9fe1121b7dca0f7ca27e,224,224,,reserved_not_v2_candidate,source void label or official validation/test split is not a V2 candidate
train::void::void322_resized.jpg,train,void,data/raw/v2/hf_manhole_covers/train/train/void/void322_resized.jpg,443fc4a763275c356b5c23c35c4a8ca230f159b1d3e2428509b042edafe74713,224,224,,reserved_not_v2_candidate,source void label or official validation/test split is not a V2 candidate
train::void::void323_resized.jpg,train,void,data/raw/v2/hf_manhole_covers/train/train/void/void323_resized.jpg,0867a80e2c0672453d5d4994b8a982712dea7ad4d30c5252e8a9400f671b2b4a,224,224,,reserved_not_v2_candidate,source void label or official validation/test split is not a V2 candidate
train::void::void324_resized.jpg,train,void,data/raw/v2/hf_manhole_covers/train/train/void/void324_resized.jpg,ad9fea558957e8268ead00a347fabdf48a1e84db48645fa7559615a50b222d89,224,224,,reserved_not_v2_candidate,source void label or official validation/test split is not a V2 candidate
train::void::void325_resized.jpg,train,void,data/raw/v2/hf_manhole_covers/train/train/void/void325_resized.jpg,45db98b90ea717c4ca727b79ecccae01cb728be093425ebad860ea23faa0be91,224,224,,reserved_not_v2_candidate,source void label or official validation/test split is not a V2 candidate
train::void::void326_resized.jpg,train,void,data/raw/v2/hf_manhole_covers/train/train/void/void326_resized.jpg,35240505e5ee5ff5ded193949b5f0ccbbb1e5d4c1b61d7219e9c176000ffe087,224,224,,reserved_not_v2_candidate,source void label or official validation/test split is not a V2 candidate
train::void::void327_resized.jpg,train,void,data/raw/v2/hf_manhole_covers/train/train/void/void327_resized.jpg,205f2e7ed3e1fd117a7f5d13576df93e24feb22594dbb8a11ece6103f23cd75a,224,224,,reserved_not_v2_candidate,source void label or official validation/test split is not a V2 candidate
train::void::void328_resized.jpg,train,void,data/raw/v2/hf_manhole_covers/train/train/void/void328_resized.jpg,01d8f0ec398da13b101356c2a96fea91eb48283fda17e93fcb30c029bfa133ce,224,224,,reserved_not_v2_candidate,source void label or official validation/test split is not a V2 candidate
train::void::void329_resized.jpg,train,void,data/raw/v2/hf_manhole_covers/train/train/void/void329_resized.jpg,4343b178210d4fc14d3d730eb49d77a5ffad65b22c5b616ccc3202b007e4b688,224,224,,reserved_not_v2_candidate,source void label or official validation/test split is not a V2 candidate
train::void::void32_resized.jpg,train,void,data/raw/v2/hf_manhole_covers/train/train/void/void32_resized.jpg,2ac7f84e5d0be7b5c28f942b0b710547b84b558647c04536888a89d04a0657f2,224,224,exact_duplicate_146,reserved_not_v2_candidate,source void label or official validation/test split is not a V2 candidate
train::void::void330_resized.jpg,train,void,data/raw/v2/hf_manhole_covers/train/train/void/void330_resized.jpg,8a80df7c582b740f2193305e6e5ed25f7f2c19b5105eccb46783b9206f7ab6bf,224,224,,reserved_not_v2_candidate,source void label or official validation/test split is not a V2 candidate
train::void::void331_resized.jpg,train,void,data/raw/v2/hf_manhole_covers/train/train/void/void331_resized.jpg,116fe181e182f877c91eef1b5cd5646059404bb4851d3c8b634bd4f8dc135865,224,224,,reserved_not_v2_candidate,source void label or official validation/test split is not a V2 candidate
train::void::void332_resized.jpg,train,void,data/raw/v2/hf_manhole_covers/train/train/void/void332_resized.jpg,bba0d2ab0ed0fc7009309a0b881340182d7de8fb62f7cb912c22c807ccd66307,224,224,,reserved_not_v2_candidate,source void label or official validation/test split is not a V2 candidate
train::void::void333_resized.jpg,train,void,data/raw/v2/hf_manhole_covers/train/train/void/void333_resized.jpg,2de116259ab7bce86c67a029d73d4bdcc3371853ec0f1eb04efbab58c8c60164,224,224,,reserved_not_v2_candidate,source void label or official validation/test split is not a V2 candidate
train::void::void334_resized.jpg,train,void,data/raw/v2/hf_manhole_covers/train/train/void/void334_resized.jpg,0279d3ea953307ab4c6d91f2f0c91f20eb175803cdf8cf52cdc7d479934faa99,224,224,,reserved_not_v2_candidate,source void label or official validation/test split is not a V2 candidate
train::void::void335_resized.jpg,train,void,data/raw/v2/hf_manhole_covers/train/train/void/void335_resized.jpg,e1e07367fc618bb545c7c46db1fd0b18a41ab03e28e328413de2f72b0a7f42d4,224,224,,reserved_not_v2_candidate,source void label or official validation/test split is not a V2 candidate
train::void::void336_resized.jpg,train,void,data/raw/v2/hf_manhole_covers/train/train/void/void336_resized.jpg,053e37bffa97052d2a9fc8ce4aec9290e13b2962aad864f85fa09d1bdf030324,224,224,,reserved_not_v2_candidate,source void label or official validation/test split is not a V2 candidate
train::void::void337_resized.jpg,train,void,data/raw/v2/hf_manhole_covers/train/train/void/void337_resized.jpg,fc011c2ff5bf2d15ff290118babba9fc05eceaca02e7bc703dfc7b4cab619a36,224,224,,reserved_not_v2_candidate,source void label or official validation/test split is not a V2 candidate
train::void::void338_resized.jpg,train,void,data/raw/v2/hf_manhole_covers/train/train/void/void338_resized.jpg,f992d24a6aa1c3a7e86f1cfc06cd0aaf1e3d8072d91488760ed79cf6c58cb4bb,224,224,,reserved_not_v2_candidate,source void label or official validation/test split is not a V2 candidate
train::void::void339_resized.jpg,train,void,data/raw/v2/hf_manhole_covers/train/train/void/void339_resized.jpg,b8f4652d617bb9e6dcca990af58001491184229a322344e2b726813335f99680,224,224,,reserved_not_v2_candidate,source void label or official validation/test split is not a V2 candidate
train::void::void33_resized.jpg,train,void,data/raw/v2/hf_manhole_covers/train/train/void/void33_resized.jpg,05b59eee146a410a868227ee53a06257e1f6ac756e5ec8f74cd155e1f871999e,224,224,exact_duplicate_147,reserved_not_v2_candidate,source void label or official validation/test split is not a V2 candidate
train::void::void340_resized.jpg,train,void,data/raw/v2/hf_manhole_covers/train/train/void/void340_resized.jpg,9ff4da08f2100a5df68d80209020b756c4aefda2845e31021fc7ed667a51628d,224,224,,reserved_not_v2_candidate,source void label or official validation/test split is not a V2 candidate
train::void::void341_resized.jpg,train,void,data/raw/v2/hf_manhole_covers/train/train/void/void341_resized.jpg,1facb5e860df9eceb945c624a646648cd152410e041b2dcbf39d824d55a4844d,224,224,,reserved_not_v2_candidate,source void label or official validation/test split is not a V2 candidate
train::void::void342_resized.jpg,train,void,data/raw/v2/hf_manhole_covers/train/train/void/void342_resized.jpg,35781b8783fc338363aeab7ef8d111af70694135db20a9abf9634c2a33c293b3,224,224,,reserved_not_v2_candidate,source void label or official validation/test split is not a V2 candidate
train::void::void343_resized.jpg,train,void,data/raw/v2/hf_manhole_covers/train/train/void/void343_resized.jpg,c1dbe2bf3cf7c3c7851768d18060268e825ab4235fcb3ba224131b51e7ef53fc,224,224,,reserved_not_v2_candidate,source void label or official validation/test split is not a V2 candidate
train::void::void344_resized.jpg,train,void,data/raw/v2/hf_manhole_covers/train/train/void/void344_resized.jpg,5757435d8fefd53271284b3ad7f7809a893f080bc4b7186dea072bf9f9c59df4,224,224,,reserved_not_v2_candidate,source void label or official validation/test split is not a V2 candidate
train::void::void345_resized.jpg,train,void,data/raw/v2/hf_manhole_covers/train/train/void/void345_resized.jpg,dc9e25664787e3be8174cbb6392042e4be350f3fa4cf2f7bfae23b4185d86070,224,224,,reserved_not_v2_candidate,source void label or official validation/test split is not a V2 candidate
train::void::void346_resized.jpg,train,void,data/raw/v2/hf_manhole_covers/train/train/void/void346_resized.jpg,1294b87e009716f39ed25392e65edb92573d7c2f845a39fa77f438ab6c59af79,224,224,,reserved_not_v2_candidate,source void label or official validation/test split is not a V2 candidate
train::void::void347_resized.jpg,train,void,data/raw/v2/hf_manhole_covers/train/train/void/void347_resized.jpg,eff59b8e884d4ac5bbc70309fe640061ceb77626e24ff22709c944b568f80e87,224,224,,reserved_not_v2_candidate,source void label or official validation/test split is not a V2 candidate
train::void::void348_resized.jpg,train,void,data/raw/v2/hf_manhole_covers/train/train/void/void348_resized.jpg,41570c6e322fe251070d81961d9a4ae9b35bdce31493f2491317a8d04f04863c,224,224,,reserved_not_v2_candidate,source void label or official validation/test split is not a V2 candidate
train::void::void349_resized.jpg,train,void,data/raw/v2/hf_manhole_covers/train/train/void/void349_resized.jpg,f6b5b8a93f51a9c2b253445ffca856e59ee98acf541c8544091817496a9450a3,224,224,,reserved_not_v2_candidate,source void label or official validation/test split is not a V2 candidate
train::void::void34_resized.jpg,train,void,data/raw/v2/hf_manhole_covers/train/train/void/void34_resized.jpg,80ac5a99c94fd7e2779c6ec4815ef2f3bc5ae5e3aa164a06141a975b73396cc7,224,224,exact_duplicate_148,reserved_not_v2_candidate,source void label or official validation/test split is not a V2 candidate
train::void::void350_resized.jpg,train,void,data/raw/v2/hf_manhole_covers/train/train/void/void350_resized.jpg,1e95ad5baf74e614a32d87d7ca354d0b9b508bc23957497bf6f63429c325efc5,224,224,,reserved_not_v2_candidate,source void label or official validation/test split is not a V2 candidate
train::void::void351_resized.jpg,train,void,data/raw/v2/hf_manhole_covers/train/train/void/void351_resized.jpg,56846e89b29afc4782d75ed8ef35cc981587379e59e981df92414400634426b6,224,224,,reserved_not_v2_candidate,source void label or official validation/test split is not a V2 candidate
train::void::void352_resized.jpg,train,void,data/raw/v2/hf_manhole_covers/train/train/void/void352_resized.jpg,d78731bf2cbbb14a5779da8f63e39e6d503044084f460dc25fbb7b3607706718,224,224,,reserved_not_v2_candidate,source void label or official validation/test split is not a V2 candidate
train::void::void353_resized.jpg,train,void,data/raw/v2/hf_manhole_covers/train/train/void/void353_resized.jpg,37749c22b06e150b6b528143dbd5ec49fd8069c3623b0f552273dd11113b4489,224,224,,reserved_not_v2_candidate,source void label or official validation/test split is not a V2 candidate
train::void::void354_resized.jpg,train,void,data/raw/v2/hf_manhole_covers/train/train/void/void354_resized.jpg,af7aa912b6a5e0839b573eedd76449895005530a9ea20a17bce9e18454132994,224,224,,reserved_not_v2_candidate,source void label or official validation/test split is not a V2 candidate
train::void::void355_resized.jpg,train,void,data/raw/v2/hf_manhole_covers/train/train/void/void355_resized.jpg,70a05cb7548666ff93d64dc7ddb7f805a530b54770c865f958563fd7386c1725,224,224,,reserved_not_v2_candidate,source void label or official validation/test split is not a V2 candidate
train::void::void356_resized.jpg,train,void,data/raw/v2/hf_manhole_covers/train/train/void/void356_resized.jpg,6125214cb2304532870bb4374e304a13b4560ad625bc0581fa06baf824d9aa1d,224,224,,reserved_not_v2_candidate,source void label or official validation/test split is not a V2 candidate
train::void::void357_resized.jpg,train,void,data/raw/v2/hf_manhole_covers/train/train/void/void357_resized.jpg,4d5f62a2d33a8115088aa74d134fc2a02747b2d45611e9329cc671a9b7605fb3,224,224,,reserved_not_v2_candidate,source void label or official validation/test split is not a V2 candidate
train::void::void358_resized.jpg,train,void,data/raw/v2/hf_manhole_covers/train/train/void/void358_resized.jpg,1df8b73895636821879026d52ad12ef3fddb42eb1ea4f3ef08e15b6cb96bb9ba,224,224,,reserved_not_v2_candidate,source void label or official validation/test split is not a V2 candidate
train::void::void359_resized.jpg,train,void,data/raw/v2/hf_manhole_covers/train/train/void/void359_resized.jpg,573b135a768fd0b376b89d323b8d7f452ce9bdc1e08a82992c8f177143593bb1,224,224,,reserved_not_v2_candidate,source void label or official validation/test split is not a V2 candidate
train::void::void35_resized.jpg,train,void,data/raw/v2/hf_manhole_covers/train/train/void/void35_resized.jpg,a5b0168ac34be62dd3d28ee7be5b82639d64f1f9b787b6e134420514861fe56e,224,224,exact_duplicate_149,reserved_not_v2_candidate,source void label or official validation/test split is not a V2 candidate
train::void::void360_resized.jpg,train,void,data/raw/v2/hf_manhole_covers/train/train/void/void360_resized.jpg,2471dd7d24b3c4d1c1eaf020f2cee4b2881dbac0400894daafce26ddb13a83e4,224,224,,reserved_not_v2_candidate,source void label or official validation/test split is not a V2 candidate
train::void::void361_resized.jpg,train,void,data/raw/v2/hf_manhole_covers/train/train/void/void361_resized.jpg,12ebbff5c8aba550bee0c965e9a05a8c1579ba86d6431e331499fb108bea8386,224,224,,reserved_not_v2_candidate,source void label or official validation/test split is not a V2 candidate
train::void::void362_resized.jpg,train,void,data/raw/v2/hf_manhole_covers/train/train/void/void362_resized.jpg,8dc9ef89c8456ae307012f8506f2f0bf43575bc106a3d22fe3883a269fa561c9,224,224,,reserved_not_v2_candidate,source void label or official validation/test split is not a V2 candidate
train::void::void363_resized.jpg,train,void,data/raw/v2/hf_manhole_covers/train/train/void/void363_resized.jpg,b9ea3c7361d050e2f76b996dc9ee2cbdbfcdbe0a1940594c69dbe60a281a782c,224,224,,reserved_not_v2_candidate,source void label or official validation/test split is not a V2 candidate
train::void::void364_resized.jpg,train,void,data/raw/v2/hf_manhole_covers/train/train/void/void364_resized.jpg,b1d5992447a9c2ac58bd99a66f8dae685901284150fb9af57b560a4d8a7d414d,224,224,,reserved_not_v2_candidate,source void label or official validation/test split is not a V2 candidate
train::void::void365_resized.jpg,train,void,data/raw/v2/hf_manhole_covers/train/train/void/void365_resized.jpg,e9fa7986909ad566cef0c58efa8d4e342f688a2ada1c29c4e1c6e7fe7a9b1639,224,224,,reserved_not_v2_candidate,source void label or official validation/test split is not a V2 candidate
train::void::void366_resized.jpg,train,void,data/raw/v2/hf_manhole_covers/train/train/void/void366_resized.jpg,fdfe9c5c5151a461a7f3f8acaa33673ac2ae0b5e5af15efccc30f08b0665a7f0,224,224,,reserved_not_v2_candidate,source void label or official validation/test split is not a V2 candidate
train::void::void367_resized.jpg,train,void,data/raw/v2/hf_manhole_covers/train/train/void/void367_resized.jpg,a726a961b2830023b238ca7ac2164fa6b93e870087981aeecfd80e00c8db7bf6,224,224,,reserved_not_v2_candidate,source void label or official validation/test split is not a V2 candidate
train::void::void368_resized.jpg,train,void,data/raw/v2/hf_manhole_covers/train/train/void/void368_resized.jpg,cf6054715bfa561c07bfb39173f1355ce10322751804a099bb71bfaa722d2286,224,224,,reserved_not_v2_candidate,source void label or official validation/test split is not a V2 candidate
train::void::void369_resized.jpg,train,void,data/raw/v2/hf_manhole_covers/train/train/void/void369_resized.jpg,8ef75840159a7d6ae6a5c7014d24b08cbbb62815754767041f154bded4adc408,224,224,,reserved_not_v2_candidate,source void label or official validation/test split is not a V2 candidate
train::void::void36_resized.jpg,train,void,data/raw/v2/hf_manhole_covers/train/train/void/void36_resized.jpg,f68c886c3fabd79de73b6be1eda84720b91b6165ff0a9994aa4762762988320a,224,224,exact_duplicate_150,reserved_not_v2_candidate,source void label or official validation/test split is not a V2 candidate
train::void::void370_resized.jpg,train,void,data/raw/v2/hf_manhole_covers/train/train/void/void370_resized.jpg,4c6079d3659f0755aa357230e5f24bd12ccd5221685bb2aea98877c589d16850,224,224,,reserved_not_v2_candidate,source void label or official validation/test split is not a V2 candidate
train::void::void371_resized.jpg,train,void,data/raw/v2/hf_manhole_covers/train/train/void/void371_resized.jpg,c3c115d99360583ed1db5554ae4ddc30dd77bff430cbc306ff5575c975d0572d,224,224,,reserved_not_v2_candidate,source void label or official validation/test split is not a V2 candidate
train::void::void372_resized.jpg,train,void,data/raw/v2/hf_manhole_covers/train/train/void/void372_resized.jpg,5a87ead666696d769b684e67a17d6a3fc0d8b1ba7e8f14501b5d4a6bc88007fc,224,224,,reserved_not_v2_candidate,source void label or official validation/test split is not a V2 candidate
train::void::void373_resized.jpg,train,void,data/raw/v2/hf_manhole_covers/train/train/void/void373_resized.jpg,77dbce11a60675e787f0b09bf3f4f425c3610573364d2c2c2e6ba57109631981,224,224,,reserved_not_v2_candidate,source void label or official validation/test split is not a V2 candidate
train::void::void374_resized.jpg,train,void,data/raw/v2/hf_manhole_covers/train/train/void/void374_resized.jpg,e7e5f48c4ee8defea796e21da9c777e888cc19a9223c351496c8d643f0a8c10b,224,224,,reserved_not_v2_candidate,source void label or official validation/test split is not a V2 candidate
train::void::void375_resized.jpg,train,void,data/raw/v2/hf_manhole_covers/train/train/void/void375_resized.jpg,9940ab850024ad8dbcb4a2436092614d74f9c6e3b86db3b3027fbbf48e877758,224,224,,reserved_not_v2_candidate,source void label or official validation/test split is not a V2 candidate
train::void::void376_resized.jpg,train,void,data/raw/v2/hf_manhole_covers/train/train/void/void376_resized.jpg,6f58ef6050ee17a72e17bf9a643684e02b7a1980fbf6a499df6345d272e43dcd,224,224,,reserved_not_v2_candidate,source void label or official validation/test split is not a V2 candidate
train::void::void377_resized.jpg,train,void,data/raw/v2/hf_manhole_covers/train/train/void/void377_resized.jpg,63c312fba285b1e06155bcc28c9d80b53696fad60abb03c58cb1a26bda0c4fb0,224,224,,reserved_not_v2_candidate,source void label or official validation/test split is not a V2 candidate
train::void::void378_resized.jpg,train,void,data/raw/v2/hf_manhole_covers/train/train/void/void378_resized.jpg,4893f5af9ff93342dcbf7dea107165d35a7437c988a72f7abe24a8c5504cfbc6,224,224,,reserved_not_v2_candidate,source void label or official validation/test split is not a V2 candidate
train::void::void379_resized.jpg,train,void,data/raw/v2/hf_manhole_covers/train/train/void/void379_resized.jpg,bea3968e0b474e2ddd49aad22bb26e9ea1c311a5915d96b4f39af7173e51c4d3,224,224,,reserved_not_v2_candidate,source void label or official validation/test split is not a V2 candidate
train::void::void37_resized.jpg,train,void,data/raw/v2/hf_manhole_covers/train/train/void/void37_resized.jpg,2f38a1bcd873b0b4ec443b724fe956d2f43a2979dfd3101b8fb751d6ceb8e0d5,224,224,exact_duplicate_151,reserved_not_v2_candidate,source void label or official validation/test split is not a V2 candidate
train::void::void380_resized.jpg,train,void,data/raw/v2/hf_manhole_covers/train/train/void/void380_resized.jpg,3e0eb97839d3da2b89d42f0e3ea1c49264f27548e04540edcd26ed6a6097397c,224,224,,reserved_not_v2_candidate,source void label or official validation/test split is not a V2 candidate
train::void::void381_resized.jpg,train,void,data/raw/v2/hf_manhole_covers/train/train/void/void381_resized.jpg,a0995fa715f9c9cfb2108126ce3663b189e7dd5df2bdbd05cb109d35bd00c0c0,224,224,,reserved_not_v2_candidate,source void label or official validation/test split is not a V2 candidate
train::void::void382_resized.jpg,train,void,data/raw/v2/hf_manhole_covers/train/train/void/void382_resized.jpg,3b6ae741a0ae829e47412319c4ba2cbd913b358036de80682db75faca4e2f484,224,224,,reserved_not_v2_candidate,source void label or official validation/test split is not a V2 candidate
train::void::void383_resized.jpg,train,void,data/raw/v2/hf_manhole_covers/train/train/void/void383_resized.jpg,d61edd95a5085cc08695b0bfdf4dfebd7015ed312fcac8f95f3492023947a202,224,224,,reserved_not_v2_candidate,source void label or official validation/test split is not a V2 candidate
train::void::void384_resized.jpg,train,void,data/raw/v2/hf_manhole_covers/train/train/void/void384_resized.jpg,10078a12af8a3af369979b7559b384c943ba468ec4cca14de934340bd2112662,224,224,,reserved_not_v2_candidate,source void label or official validation/test split is not a V2 candidate
train::void::void385_resized.jpg,train,void,data/raw/v2/hf_manhole_covers/train/train/void/void385_resized.jpg,de028f41cf7e7c16af566093b41b9c16e7e5f78329de068f166eeb5cdb056aa0,224,224,,reserved_not_v2_candidate,source void label or official validation/test split is not a V2 candidate
train::void::void386_resized.jpg,train,void,data/raw/v2/hf_manhole_covers/train/train/void/void386_resized.jpg,e9ba79e91041281609a5e10dd276ccd75e4a8a254ca7df5c2791c28495acf11e,224,224,,reserved_not_v2_candidate,source void label or official validation/test split is not a V2 candidate
train::void::void387_resized.jpg,train,void,data/raw/v2/hf_manhole_covers/train/train/void/void387_resized.jpg,bc1d9d52d804b54fc31b31ec3806df7c7e104808ccac33e9b7942fdb06efa6c7,224,224,,reserved_not_v2_candidate,source void label or official validation/test split is not a V2 candidate
train::void::void388_resized.jpg,train,void,data/raw/v2/hf_manhole_covers/train/train/void/void388_resized.jpg,1c8f885f65ad7de65b07cf2059884f57ad3df0129a404d4197849e082153de38,224,224,,reserved_not_v2_candidate,source void label or official validation/test split is not a V2 candidate
train::void::void389_resized.jpg,train,void,data/raw/v2/hf_manhole_covers/train/train/void/void389_resized.jpg,0c68dfde8bd7f73bdb314972744a6bff8fbcd2069340ee5fb4414c30d6081d37,224,224,,reserved_not_v2_candidate,source void label or official validation/test split is not a V2 candidate
train::void::void38_resized.jpg,train,void,data/raw/v2/hf_manhole_covers/train/train/void/void38_resized.jpg,3b3c2a7eeba98a71408b5de2e4a426ff90f035ab902179100b7a92368b7a256b,224,224,exact_duplicate_152,reserved_not_v2_candidate,source void label or official validation/test split is not a V2 candidate
train::void::void390_resized.jpg,train,void,data/raw/v2/hf_manhole_covers/train/train/void/void390_resized.jpg,77473579a9826bb27bbed1a84ee329efde078be092dc575130370b5451336705,224,224,,reserved_not_v2_candidate,source void label or official validation/test split is not a V2 candidate
train::void::void391_resized.jpg,train,void,data/raw/v2/hf_manhole_covers/train/train/void/void391_resized.jpg,d459078893260e05540e8e9379f6aa5397e9787b096238937a085ff02865caae,224,224,,reserved_not_v2_candidate,source void label or official validation/test split is not a V2 candidate
train::void::void392_resized.jpg,train,void,data/raw/v2/hf_manhole_covers/train/train/void/void392_resized.jpg,90006efe248f444537b621aae974b83f813e79e8fbe8285e491a0b09ad5d478a,224,224,,reserved_not_v2_candidate,source void label or official validation/test split is not a V2 candidate
train::void::void393_resized.jpg,train,void,data/raw/v2/hf_manhole_covers/train/train/void/void393_resized.jpg,dfe80f27c293d87f4a8d46c2d5f10dde832f66a2ef4d21335702b6dcbe873f06,224,224,,reserved_not_v2_candidate,source void label or official validation/test split is not a V2 candidate
train::void::void394_resized.jpg,train,void,data/raw/v2/hf_manhole_covers/train/train/void/void394_resized.jpg,cf730607976ee8bdbaaa0b8e0953e4a11b710ef61f2e76471edbceb06534d36b,224,224,,reserved_not_v2_candidate,source void label or official validation/test split is not a V2 candidate
train::void::void395_resized.jpg,train,void,data/raw/v2/hf_manhole_covers/train/train/void/void395_resized.jpg,d22c3c7067df1047ebcdd6ef2ef70906d759e9daac7f45eafb20273d21cee85e,224,224,,reserved_not_v2_candidate,source void label or official validation/test split is not a V2 candidate
train::void::void396_resized.jpg,train,void,data/raw/v2/hf_manhole_covers/train/train/void/void396_resized.jpg,d0de425dc9c88cf467fc9f6b0e5f043cfa4bd24ea39989ab679e4cc4fdcb14ff,224,224,,reserved_not_v2_candidate,source void label or official validation/test split is not a V2 candidate
train::void::void397_resized.jpg,train,void,data/raw/v2/hf_manhole_covers/train/train/void/void397_resized.jpg,5a4b8ed0756294ae7715cbffca513ffcb1ee420d072883e0df6de909a940287c,224,224,,reserved_not_v2_candidate,source void label or official validation/test split is not a V2 candidate
train::void::void398_resized.jpg,train,void,data/raw/v2/hf_manhole_covers/train/train/void/void398_resized.jpg,f702a92370348731954db18bebbf84d44b505d5e9c684e8f7cb932397949d071,224,224,,reserved_not_v2_candidate,source void label or official validation/test split is not a V2 candidate
train::void::void399_resized.jpg,train,void,data/raw/v2/hf_manhole_covers/train/train/void/void399_resized.jpg,38b7753c83be72f8ede6125f446150fd48ce46039d14e21e0b878f83e5ef3056,224,224,,reserved_not_v2_candidate,source void label or official validation/test split is not a V2 candidate
train::void::void39_resized.jpg,train,void,data/raw/v2/hf_manhole_covers/train/train/void/void39_resized.jpg,3d1273f2a6457d0cad1b87affc770cc937124675cc7c22983467d831cb348d95,224,224,exact_duplicate_153,reserved_not_v2_candidate,source void label or official validation/test split is not a V2 candidate
train::void::void3_resized.jpg,train,void,data/raw/v2/hf_manhole_covers/train/train/void/void3_resized.jpg,a816ee37d77c0c6468a77554a3e6fcf3635b85f89c250e50a29dd637461889a7,224,224,exact_duplicate_154,reserved_not_v2_candidate,source void label or official validation/test split is not a V2 candidate
train::void::void400_resized.jpg,train,void,data/raw/v2/hf_manhole_covers/train/train/void/void400_resized.jpg,5992b8fa2be72b7cd44e6b38f7038dc88ced4211eed4bac1c4d50890d879c99b,224,224,,reserved_not_v2_candidate,source void label or official validation/test split is not a V2 candidate
train::void::void401_resized.jpg,train,void,data/raw/v2/hf_manhole_covers/train/train/void/void401_resized.jpg,4046b65978c2dd4b1419a470bce020556d146563a59737857ed8fb33ecfa99bb,224,224,,reserved_not_v2_candidate,source void label or official validation/test split is not a V2 candidate
train::void::void402_resized.jpg,train,void,data/raw/v2/hf_manhole_covers/train/train/void/void402_resized.jpg,f6d0c32c04001ec7538f6153623a4c592cb3822ccc495dfed690bb3baec73d3a,224,224,,reserved_not_v2_candidate,source void label or official validation/test split is not a V2 candidate
train::void::void403_resized.jpg,train,void,data/raw/v2/hf_manhole_covers/train/train/void/void403_resized.jpg,f388e4ff9d6aad51c48af02216bc64b41a07ff7e4db35d24babec1ad7cd41752,224,224,,reserved_not_v2_candidate,source void label or official validation/test split is not a V2 candidate
train::void::void404_resized.jpg,train,void,data/raw/v2/hf_manhole_covers/train/train/void/void404_resized.jpg,f9521e01137ab851f7803f986f41f6019ddef3646a70188d979463f631ba01ad,224,224,,reserved_not_v2_candidate,source void label or official validation/test split is not a V2 candidate
train::void::void405_resized.jpg,train,void,data/raw/v2/hf_manhole_covers/train/train/void/void405_resized.jpg,3d62a8272a0fb5fc55e5a55ced1902d1652a2badf81860eb6503e72966dd913d,224,224,,reserved_not_v2_candidate,source void label or official validation/test split is not a V2 candidate
train::void::void406_resized.jpg,train,void,data/raw/v2/hf_manhole_covers/train/train/void/void406_resized.jpg,d28696f77817453c374960c8ecdf5b2ed4575edc09e25512e1fdea82e24fa440,224,224,,reserved_not_v2_candidate,source void label or official validation/test split is not a V2 candidate
train::void::void407_resized.jpg,train,void,data/raw/v2/hf_manhole_covers/train/train/void/void407_resized.jpg,3bfead8e91a534c0910e11d35e05381032c31fc94ef0d01d2d7093b38a0ddaec,224,224,,reserved_not_v2_candidate,source void label or official validation/test split is not a V2 candidate
train::void::void408_resized.jpg,train,void,data/raw/v2/hf_manhole_covers/train/train/void/void408_resized.jpg,2464de45ea02ade2fc9186915e791de0b051684e0d09190579596dc6949a3141,224,224,,reserved_not_v2_candidate,source void label or official validation/test split is not a V2 candidate
train::void::void409_resized.jpg,train,void,data/raw/v2/hf_manhole_covers/train/train/void/void409_resized.jpg,1a36ce9729e7d717127b1ba79809346f3299988afbc457f140c2f7b49b56e796,224,224,,reserved_not_v2_candidate,source void label or official validation/test split is not a V2 candidate
train::void::void40_resized.jpg,train,void,data/raw/v2/hf_manhole_covers/train/train/void/void40_resized.jpg,b24cc589abca4c98eb866d00899471b233e31e86bf3e1d9792faf318554b3716,224,224,exact_duplicate_155,reserved_not_v2_candidate,source void label or official validation/test split is not a V2 candidate
train::void::void410_resized.jpg,train,void,data/raw/v2/hf_manhole_covers/train/train/void/void410_resized.jpg,f5feb0dabb054d53a38db1c86f08417f489aba931a4f79f24e909310b38dc619,224,224,,reserved_not_v2_candidate,source void label or official validation/test split is not a V2 candidate
train::void::void411_resized.jpg,train,void,data/raw/v2/hf_manhole_covers/train/train/void/void411_resized.jpg,7fd4a180a77da670c91eb167bf6ad9b205b906eef331cf522a0ff75b101432c6,224,224,,reserved_not_v2_candidate,source void label or official validation/test split is not a V2 candidate
train::void::void412_resized.jpg,train,void,data/raw/v2/hf_manhole_covers/train/train/void/void412_resized.jpg,4a33b84292c9a1a038cfbfd1c7e83f2d09f4bade88e4b97beb5eb5d0f754f312,224,224,,reserved_not_v2_candidate,source void label or official validation/test split is not a V2 candidate
train::void::void413_resized.jpg,train,void,data/raw/v2/hf_manhole_covers/train/train/void/void413_resized.jpg,15cef82e572a2d1350e55029b0c0fe8f9a30327069e4719da08c056ebb82dce1,224,224,,reserved_not_v2_candidate,source void label or official validation/test split is not a V2 candidate
train::void::void414_resized.jpg,train,void,data/raw/v2/hf_manhole_covers/train/train/void/void414_resized.jpg,8525bb524f8a30e486a0b99060151462b7cde93392834e043eedecd93df06ccc,224,224,,reserved_not_v2_candidate,source void label or official validation/test split is not a V2 candidate
train::void::void415_resized.jpg,train,void,data/raw/v2/hf_manhole_covers/train/train/void/void415_resized.jpg,0722ae90d83667bab1e6f6d00a092c87dd79e0070e542b387d0390a088e9ca26,224,224,,reserved_not_v2_candidate,source void label or official validation/test split is not a V2 candidate
train::void::void416_resized.jpg,train,void,data/raw/v2/hf_manhole_covers/train/train/void/void416_resized.jpg,52a586e1455e8b17ae25c4ace9961362bf27f291e7792df993627a4fa64f6120,224,224,,reserved_not_v2_candidate,source void label or official validation/test split is not a V2 candidate
train::void::void417_resized.jpg,train,void,data/raw/v2/hf_manhole_covers/train/train/void/void417_resized.jpg,67b18c3d77a82e8fa9ae4562b922d0930a02782ae2f56bb88e874d5ab7d44767,224,224,,reserved_not_v2_candidate,source void label or official validation/test split is not a V2 candidate
train::void::void418_resized.jpg,train,void,data/raw/v2/hf_manhole_covers/train/train/void/void418_resized.jpg,686ff0c5f99a8e8e4a20280da66ce117c45970f886b8d5f9c330cf525cd06613,224,224,,reserved_not_v2_candidate,source void label or official validation/test split is not a V2 candidate
train::void::void419_resized.jpg,train,void,data/raw/v2/hf_manhole_covers/train/train/void/void419_resized.jpg,26a34c505d1ced4b9c8711ab00ce000783d55437bfab1a4f60ec62c5a1ca354d,224,224,,reserved_not_v2_candidate,source void label or official validation/test split is not a V2 candidate
train::void::void41_resized.jpg,train,void,data/raw/v2/hf_manhole_covers/train/train/void/void41_resized.jpg,91ddb59be914fd113479741e281a3e3f9493e8188b0ca8219871b001b745c92d,224,224,exact_duplicate_156,reserved_not_v2_candidate,source void label or official validation/test split is not a V2 candidate
train::void::void420_resized.jpg,train,void,data/raw/v2/hf_manhole_covers/train/train/void/void420_resized.jpg,45331ae58595e21b4316b2f7ef35a3dcc2d8f67f73fe464a311ad697a4b6002c,224,224,,reserved_not_v2_candidate,source void label or official validation/test split is not a V2 candidate
train::void::void421_resized.jpg,train,void,data/raw/v2/hf_manhole_covers/train/train/void/void421_resized.jpg,ae28b889e32ec1dee18d6afc2ae5964ce15d96efdb0ca47136bad0ebb8aa2c96,224,224,,reserved_not_v2_candidate,source void label or official validation/test split is not a V2 candidate
train::void::void422_resized.jpg,train,void,data/raw/v2/hf_manhole_covers/train/train/void/void422_resized.jpg,02e423a088bd8866d8820280b476097fc385cddef0f5089e008f4a30b84494fb,224,224,,reserved_not_v2_candidate,source void label or official validation/test split is not a V2 candidate
train::void::void423_resized.jpg,train,void,data/raw/v2/hf_manhole_covers/train/train/void/void423_resized.jpg,250cc09ab7a6dc853a504c1088f829a5c83b7d6ccbafb420f8a9786e1f357a04,224,224,,reserved_not_v2_candidate,source void label or official validation/test split is not a V2 candidate
train::void::void424_resized.jpg,train,void,data/raw/v2/hf_manhole_covers/train/train/void/void424_resized.jpg,62bc24c6904a4fad0e9787d90ed09627291e209c98df97b5812577216cd0615b,224,224,,reserved_not_v2_candidate,source void label or official validation/test split is not a V2 candidate
train::void::void425_resized.jpg,train,void,data/raw/v2/hf_manhole_covers/train/train/void/void425_resized.jpg,193bd9dab57efb3f3b1863d766a73ac84649231c30d0d25bf0b84d5f0544c636,224,224,,reserved_not_v2_candidate,source void label or official validation/test split is not a V2 candidate
train::void::void426_resized.jpg,train,void,data/raw/v2/hf_manhole_covers/train/train/void/void426_resized.jpg,3e7a33af2b363c4ae41d11b019e0f4b3c49701f1d9c1a8de72540934fda92dfa,224,224,,reserved_not_v2_candidate,source void label or official validation/test split is not a V2 candidate
train::void::void427_resized.jpg,train,void,data/raw/v2/hf_manhole_covers/train/train/void/void427_resized.jpg,88b90c7c45ab085e13f6d194700e8070e1125ec39a9c2681ad3e60afb9a68bb9,224,224,,reserved_not_v2_candidate,source void label or official validation/test split is not a V2 candidate
train::void::void428_resized.jpg,train,void,data/raw/v2/hf_manhole_covers/train/train/void/void428_resized.jpg,e8c7505b2b6cd1f1a35f0274f17d6a5202e48c18f26736d12e647173b727420e,224,224,,reserved_not_v2_candidate,source void label or official validation/test split is not a V2 candidate
train::void::void429_resized.jpg,train,void,data/raw/v2/hf_manhole_covers/train/train/void/void429_resized.jpg,5769519379a425162d63039f9dbaa63ccb2a0a246d87d874c445ff767b7c7ae2,224,224,,reserved_not_v2_candidate,source void label or official validation/test split is not a V2 candidate
train::void::void42_resized.jpg,train,void,data/raw/v2/hf_manhole_covers/train/train/void/void42_resized.jpg,9bdacbb3e972ce5d63e3f2c09de332e32c846c48c6f346c05ff6d4be20c6366e,224,224,exact_duplicate_157,reserved_not_v2_candidate,source void label or official validation/test split is not a V2 candidate
train::void::void430_resized.jpg,train,void,data/raw/v2/hf_manhole_covers/train/train/void/void430_resized.jpg,c2b9b7453a103c52a42b055074e147366635136df0ffe3e2811c3ab70b44625c,224,224,,reserved_not_v2_candidate,source void label or official validation/test split is not a V2 candidate
train::void::void431_resized.jpg,train,void,data/raw/v2/hf_manhole_covers/train/train/void/void431_resized.jpg,59401536e51d612c1a0b175e01d0067ef4d9bc6e802259ce1db93e6939a61776,224,224,,reserved_not_v2_candidate,source void label or official validation/test split is not a V2 candidate
train::void::void432_resized.jpg,train,void,data/raw/v2/hf_manhole_covers/train/train/void/void432_resized.jpg,86ac14b7684addaf93125e97ac7d89db245d78084d407d234032b9895d22e896,224,224,,reserved_not_v2_candidate,source void label or official validation/test split is not a V2 candidate
train::void::void433_resized.jpg,train,void,data/raw/v2/hf_manhole_covers/train/train/void/void433_resized.jpg,68cfb3fafd5da535e49f9b93267255b4f1a43c953fad55bb3bd7f8a91d46ec7c,224,224,,reserved_not_v2_candidate,source void label or official validation/test split is not a V2 candidate
train::void::void434_resized.jpg,train,void,data/raw/v2/hf_manhole_covers/train/train/void/void434_resized.jpg,e2a9d6fe84ec91d3af7b9f0d7a0ccaa21d2869b910e27dc943a9ccf0cd1eb7c7,224,224,,reserved_not_v2_candidate,source void label or official validation/test split is not a V2 candidate
train::void::void435_resized.jpg,train,void,data/raw/v2/hf_manhole_covers/train/train/void/void435_resized.jpg,98220277c6e851c1b2915909b74af7e62592b17edc2d0c81ab69458409e1d85a,224,224,,reserved_not_v2_candidate,source void label or official validation/test split is not a V2 candidate
train::void::void436_resized.jpg,train,void,data/raw/v2/hf_manhole_covers/train/train/void/void436_resized.jpg,9af9e15cee3aed391091b8b67d1ee7eaa808c8cb12c9c1a21d1d80736bd8577c,224,224,,reserved_not_v2_candidate,source void label or official validation/test split is not a V2 candidate
train::void::void437_resized.jpg,train,void,data/raw/v2/hf_manhole_covers/train/train/void/void437_resized.jpg,bd7d1b5aa3890c7a1985d0bff9396c583f67c6f7a3abc4ceb110279c794b0294,224,224,,reserved_not_v2_candidate,source void label or official validation/test split is not a V2 candidate
train::void::void438_resized.jpg,train,void,data/raw/v2/hf_manhole_covers/train/train/void/void438_resized.jpg,8a85186e6fab8f00aa49766cd98762283380f12a7ca3e10b9a4509da68318ff3,224,224,,reserved_not_v2_candidate,source void label or official validation/test split is not a V2 candidate
train::void::void439_resized.jpg,train,void,data/raw/v2/hf_manhole_covers/train/train/void/void439_resized.jpg,0eb78c52c0f4a3548b0218576fbebd9639aeda7f9d346c0c12eb802b6adb70b6,224,224,,reserved_not_v2_candidate,source void label or official validation/test split is not a V2 candidate
train::void::void43_resized.jpg,train,void,data/raw/v2/hf_manhole_covers/train/train/void/void43_resized.jpg,377b6d1cf186294a458836a73bfec7d4da5889764ee5bc3b8276da614261d82a,224,224,exact_duplicate_158,reserved_not_v2_candidate,source void label or official validation/test split is not a V2 candidate
train::void::void440_resized.jpg,train,void,data/raw/v2/hf_manhole_covers/train/train/void/void440_resized.jpg,e99a2b171e191814161f4238c00a1f47a296963e6e43a6edd2dd72f387b82088,224,224,,reserved_not_v2_candidate,source void label or official validation/test split is not a V2 candidate
train::void::void441_resized.jpg,train,void,data/raw/v2/hf_manhole_covers/train/train/void/void441_resized.jpg,37356c61e07f3243ed998b94f238498dabba42d5d30f9a88325aa91e77a8fa13,224,224,,reserved_not_v2_candidate,source void label or official validation/test split is not a V2 candidate
train::void::void442_resized.jpg,train,void,data/raw/v2/hf_manhole_covers/train/train/void/void442_resized.jpg,f828c14118ea7fcd5a37182ea515faf0c1dfdcd9b8e3232d41f266ffedc0f412,224,224,,reserved_not_v2_candidate,source void label or official validation/test split is not a V2 candidate
train::void::void443_resized.jpg,train,void,data/raw/v2/hf_manhole_covers/train/train/void/void443_resized.jpg,89167477b22e5840e58a6d4e7e40f0f8e6163f974ea93e3758cb1514b766d398,224,224,,reserved_not_v2_candidate,source void label or official validation/test split is not a V2 candidate
train::void::void444_resized.jpg,train,void,data/raw/v2/hf_manhole_covers/train/train/void/void444_resized.jpg,eab721c32af2934a7dd49039b7a24130a41b51a170242511a1d1244b2687bf8e,224,224,,reserved_not_v2_candidate,source void label or official validation/test split is not a V2 candidate
train::void::void445_resized.jpg,train,void,data/raw/v2/hf_manhole_covers/train/train/void/void445_resized.jpg,00d729c75e54aeed45f4ec55f64418d61477cccc62d97166544883a9189f252c,224,224,,reserved_not_v2_candidate,source void label or official validation/test split is not a V2 candidate
train::void::void446_resized.jpg,train,void,data/raw/v2/hf_manhole_covers/train/train/void/void446_resized.jpg,928f0e40e486a6da156024382d57f1e7ba2090b0b8149918bab4a44a06c87e0a,224,224,,reserved_not_v2_candidate,source void label or official validation/test split is not a V2 candidate
train::void::void447_resized.jpg,train,void,data/raw/v2/hf_manhole_covers/train/train/void/void447_resized.jpg,ac5653ae164208646150cb8bdb839b09aa0dde3ebfee8662699450e65c68ee4f,224,224,,reserved_not_v2_candidate,source void label or official validation/test split is not a V2 candidate
train::void::void448_resized.jpg,train,void,data/raw/v2/hf_manhole_covers/train/train/void/void448_resized.jpg,c0e7be71d00fc9e78950d29f05b3649a7375532b743d34a77c626caa7c070a1a,224,224,,reserved_not_v2_candidate,source void label or official validation/test split is not a V2 candidate
train::void::void449_resized.jpg,train,void,data/raw/v2/hf_manhole_covers/train/train/void/void449_resized.jpg,2d5c7532296df06e0ea7d9f5aeca72dffb50f2f28837287950c94d76f12441b3,224,224,,reserved_not_v2_candidate,source void label or official validation/test split is not a V2 candidate
train::void::void44_resized.jpg,train,void,data/raw/v2/hf_manhole_covers/train/train/void/void44_resized.jpg,cc2a426ed0b665ea38d63dc5517d953ca612e40a18705c5145a652fac8d385ed,224,224,exact_duplicate_159,reserved_not_v2_candidate,source void label or official validation/test split is not a V2 candidate
train::void::void450_resized.jpg,train,void,data/raw/v2/hf_manhole_covers/train/train/void/void450_resized.jpg,28622fa124c38d79c593ef40b3185927167ff7f40cf4911c15ded6ab3ce9b968,224,224,,reserved_not_v2_candidate,source void label or official validation/test split is not a V2 candidate
train::void::void451_resized.jpg,train,void,data/raw/v2/hf_manhole_covers/train/train/void/void451_resized.jpg,7717a543c2eeae76b98897d37abbd2dd3c2eba5f9e28377952b43439511b3140,224,224,,reserved_not_v2_candidate,source void label or official validation/test split is not a V2 candidate
train::void::void452_resized.jpg,train,void,data/raw/v2/hf_manhole_covers/train/train/void/void452_resized.jpg,8e0dab16c47a9b06f951ccd4a5fbf26789011553a933ce82a8005259984bad97,224,224,,reserved_not_v2_candidate,source void label or official validation/test split is not a V2 candidate
train::void::void453_resized.jpg,train,void,data/raw/v2/hf_manhole_covers/train/train/void/void453_resized.jpg,2276def6733818659272a4aa006eb710cec124430f3ecd1d4b1952c15822735d,224,224,,reserved_not_v2_candidate,source void label or official validation/test split is not a V2 candidate
train::void::void454_resized.jpg,train,void,data/raw/v2/hf_manhole_covers/train/train/void/void454_resized.jpg,15926b9432489065195dacee8af409440eb2747bb096c5a6bf79d91a66716f20,224,224,,reserved_not_v2_candidate,source void label or official validation/test split is not a V2 candidate
train::void::void455_resized.jpg,train,void,data/raw/v2/hf_manhole_covers/train/train/void/void455_resized.jpg,849beb69d5d6f1e83a7fc1eae29229bff64003f4d2b5a862628417daa347baf9,224,224,,reserved_not_v2_candidate,source void label or official validation/test split is not a V2 candidate
train::void::void456_resized.jpg,train,void,data/raw/v2/hf_manhole_covers/train/train/void/void456_resized.jpg,5e16cc392fc5dc61b08069efae334eabfe50e364218b079c5f905745d28659e0,224,224,,reserved_not_v2_candidate,source void label or official validation/test split is not a V2 candidate
train::void::void457_resized.jpg,train,void,data/raw/v2/hf_manhole_covers/train/train/void/void457_resized.jpg,9e811a532f319d4b1e9ef7c2522f3da1a8378d2869546d6b707f4e61aeab21e2,224,224,,reserved_not_v2_candidate,source void label or official validation/test split is not a V2 candidate
train::void::void458_resized.jpg,train,void,data/raw/v2/hf_manhole_covers/train/train/void/void458_resized.jpg,3205b19af1d62807a51c6ecc39c8094e0b713ae27f9963ac01fb3fd4dc4dde59,224,224,,reserved_not_v2_candidate,source void label or official validation/test split is not a V2 candidate
train::void::void459_resized.jpg,train,void,data/raw/v2/hf_manhole_covers/train/train/void/void459_resized.jpg,1903706c9753cc17a1a79e5345cfdb12e1b036c1c2abf876f97d36d9779ca8d7,224,224,,reserved_not_v2_candidate,source void label or official validation/test split is not a V2 candidate
train::void::void45_resized.jpg,train,void,data/raw/v2/hf_manhole_covers/train/train/void/void45_resized.jpg,4489bfc9cfad8966a4460188f57c5f642a69e39543bbc7593a390d0d2053e803,224,224,exact_duplicate_160,reserved_not_v2_candidate,source void label or official validation/test split is not a V2 candidate
train::void::void460_resized.jpg,train,void,data/raw/v2/hf_manhole_covers/train/train/void/void460_resized.jpg,980b43e8317436ad27e476c06ae629df84a3855a25e117934d3fe65e06328f32,224,224,,reserved_not_v2_candidate,source void label or official validation/test split is not a V2 candidate
train::void::void461_resized.jpg,train,void,data/raw/v2/hf_manhole_covers/train/train/void/void461_resized.jpg,fcfa19d92412160a53e06eaa748bee6c2225fb30e00e06b148cb998455419f0d,224,224,,reserved_not_v2_candidate,source void label or official validation/test split is not a V2 candidate
train::void::void462_resized.jpg,train,void,data/raw/v2/hf_manhole_covers/train/train/void/void462_resized.jpg,9d4e8466e34d26f8288d580399ce46610146df43abf819246a6f2dcdae29d391,224,224,,reserved_not_v2_candidate,source void label or official validation/test split is not a V2 candidate
train::void::void463_resized.jpg,train,void,data/raw/v2/hf_manhole_covers/train/train/void/void463_resized.jpg,febe18e63f6a74d3fd79928b2387e689683f30d6b8f9ca95dd7d155a7f19d492,224,224,,reserved_not_v2_candidate,source void label or official validation/test split is not a V2 candidate
train::void::void464_resized.jpg,train,void,data/raw/v2/hf_manhole_covers/train/train/void/void464_resized.jpg,0b57bcc9f937bdac5df68f7660b0a793a842435f580dad65a98ad10095f8439f,224,224,,reserved_not_v2_candidate,source void label or official validation/test split is not a V2 candidate
train::void::void465_resized.jpg,train,void,data/raw/v2/hf_manhole_covers/train/train/void/void465_resized.jpg,1d5c86c1fe946f3dd9ef20ef99e661d4dcc149c7d16e1ea5c437a3da0bd74ceb,224,224,,reserved_not_v2_candidate,source void label or official validation/test split is not a V2 candidate
train::void::void466_resized.jpg,train,void,data/raw/v2/hf_manhole_covers/train/train/void/void466_resized.jpg,2bf17afbe7b9c3aac11758d08240b6c9e62c9074d7e16221bec5a4a468107c38,224,224,,reserved_not_v2_candidate,source void label or official validation/test split is not a V2 candidate
train::void::void467_resized.jpg,train,void,data/raw/v2/hf_manhole_covers/train/train/void/void467_resized.jpg,3c11f74e63a094de620f316c89f7d45fd698e43ea8f0ff099cff5df6b6d79f30,224,224,,reserved_not_v2_candidate,source void label or official validation/test split is not a V2 candidate
train::void::void468_resized.jpg,train,void,data/raw/v2/hf_manhole_covers/train/train/void/void468_resized.jpg,0a50d453a6dc90364ac73a4f5f19cc36b0c8a3d047e9581466df440d1250fba6,224,224,,reserved_not_v2_candidate,source void label or official validation/test split is not a V2 candidate
train::void::void469_resized.jpg,train,void,data/raw/v2/hf_manhole_covers/train/train/void/void469_resized.jpg,2cb7396b227b99480ac13361e24de5c6ac0bab0900ef1ff97b40c6cbaea180eb,224,224,,reserved_not_v2_candidate,source void label or official validation/test split is not a V2 candidate
train::void::void46_resized.jpg,train,void,data/raw/v2/hf_manhole_covers/train/train/void/void46_resized.jpg,e16662e41791bc22f756e686fd05f4cc6d2cf5730c4a77551e4e6c0944f06b1b,224,224,exact_duplicate_161,reserved_not_v2_candidate,source void label or official validation/test split is not a V2 candidate
train::void::void470_resized.jpg,train,void,data/raw/v2/hf_manhole_covers/train/train/void/void470_resized.jpg,efb976d793c7fd17432fe186f7a1a12d23e60185e94c78fa245036e2aaa82ef8,224,224,,reserved_not_v2_candidate,source void label or official validation/test split is not a V2 candidate
train::void::void471_resized.jpg,train,void,data/raw/v2/hf_manhole_covers/train/train/void/void471_resized.jpg,fa5b0bb33f8f20c86527c87c4dc9e90699c3f63575744d1dd174b8ef90a6dcdf,224,224,,reserved_not_v2_candidate,source void label or official validation/test split is not a V2 candidate
train::void::void472_resized.jpg,train,void,data/raw/v2/hf_manhole_covers/train/train/void/void472_resized.jpg,4c476c0605e5bf29f729c683cab494aaba0f360a4a534e36db3be2f7b5ddb6b3,224,224,,reserved_not_v2_candidate,source void label or official validation/test split is not a V2 candidate
train::void::void473_resized.jpg,train,void,data/raw/v2/hf_manhole_covers/train/train/void/void473_resized.jpg,50d6ff03799bb393fe1c62d53420f224888529fd4af260c0fdc214445815ef60,224,224,,reserved_not_v2_candidate,source void label or official validation/test split is not a V2 candidate
train::void::void474_resized.jpg,train,void,data/raw/v2/hf_manhole_covers/train/train/void/void474_resized.jpg,0a48c181b5103b035206b9124b002b4e3b06fb69a8adfdd8646e182733a901be,224,224,,reserved_not_v2_candidate,source void label or official validation/test split is not a V2 candidate
train::void::void475_resized.jpg,train,void,data/raw/v2/hf_manhole_covers/train/train/void/void475_resized.jpg,c483ebfd65bcd54bc2b81d5992642f750ad4b1ef168f3f613001ac1c2b72c99c,224,224,,reserved_not_v2_candidate,source void label or official validation/test split is not a V2 candidate
train::void::void476_resized.jpg,train,void,data/raw/v2/hf_manhole_covers/train/train/void/void476_resized.jpg,213adc7b8c85d166882124ce871e666f1b581241ad36ac47903ff2c77ebb39ad,224,224,,reserved_not_v2_candidate,source void label or official validation/test split is not a V2 candidate
train::void::void477_resized.jpg,train,void,data/raw/v2/hf_manhole_covers/train/train/void/void477_resized.jpg,c63962423571966d4e79f6c704d5ed294dfa3b7ee212758b8708a9437d994449,224,224,,reserved_not_v2_candidate,source void label or official validation/test split is not a V2 candidate
train::void::void478_resized.jpg,train,void,data/raw/v2/hf_manhole_covers/train/train/void/void478_resized.jpg,664015b4b22c96c18cf4ed575afb15748413a8ba9304c5895388b15bd824d691,224,224,,reserved_not_v2_candidate,source void label or official validation/test split is not a V2 candidate
train::void::void479_resized.jpg,train,void,data/raw/v2/hf_manhole_covers/train/train/void/void479_resized.jpg,ed40adbcda5c467fbbdbee671ec8638b6e8342334f4d38acb91e5e60ccb30e03,224,224,,reserved_not_v2_candidate,source void label or official validation/test split is not a V2 candidate
train::void::void47_resized.jpg,train,void,data/raw/v2/hf_manhole_covers/train/train/void/void47_resized.jpg,6cb6fec0228b015d5954d99f63984395abd46036d08443385cd81bbbd7a30768,224,224,exact_duplicate_162,reserved_not_v2_candidate,source void label or official validation/test split is not a V2 candidate
train::void::void480_resized.jpg,train,void,data/raw/v2/hf_manhole_covers/train/train/void/void480_resized.jpg,21d173095a41096bc23a4e51604997efe2e1f99889968cd31e5576830f9b79eb,224,224,,reserved_not_v2_candidate,source void label or official validation/test split is not a V2 candidate
train::void::void481_resized.jpg,train,void,data/raw/v2/hf_manhole_covers/train/train/void/void481_resized.jpg,e15e7ef4e2d6bbdbf4642bff6e48748e2506b067a596536eef4073d32dab21ab,224,224,,reserved_not_v2_candidate,source void label or official validation/test split is not a V2 candidate
train::void::void482_resized.jpg,train,void,data/raw/v2/hf_manhole_covers/train/train/void/void482_resized.jpg,062d139cc81b6198103e44efeb1b9d015168cedc9a347927465aa0c75dcd86d2,224,224,,reserved_not_v2_candidate,source void label or official validation/test split is not a V2 candidate
train::void::void483_resized.jpg,train,void,data/raw/v2/hf_manhole_covers/train/train/void/void483_resized.jpg,af1476e68f0f1c10706ac2789c146149b7b2bd275543d2b62f9d8dd071f793ad,224,224,,reserved_not_v2_candidate,source void label or official validation/test split is not a V2 candidate
train::void::void484_resized.jpg,train,void,data/raw/v2/hf_manhole_covers/train/train/void/void484_resized.jpg,d1c40b62d6e008c589fa719e03f512d574635e389b885217abe08c4da7778962,224,224,,reserved_not_v2_candidate,source void label or official validation/test split is not a V2 candidate
train::void::void485_resized.jpg,train,void,data/raw/v2/hf_manhole_covers/train/train/void/void485_resized.jpg,2eaabbbe014f434be326e85f64d3e9276840447a8d5f569aa5785b2c49e4c7c6,224,224,,reserved_not_v2_candidate,source void label or official validation/test split is not a V2 candidate
train::void::void486_resized.jpg,train,void,data/raw/v2/hf_manhole_covers/train/train/void/void486_resized.jpg,e1c9c638f300260aadfe162029419301d03bc4dfb2b684a2be5888e8497a25ce,224,224,,reserved_not_v2_candidate,source void label or official validation/test split is not a V2 candidate
train::void::void487_resized.jpg,train,void,data/raw/v2/hf_manhole_covers/train/train/void/void487_resized.jpg,93b5d9d9148ecc89e6f78d859cca88c2f3917b1e1016e8c3a8e5d0570a535aa6,224,224,,reserved_not_v2_candidate,source void label or official validation/test split is not a V2 candidate
train::void::void488_resized.jpg,train,void,data/raw/v2/hf_manhole_covers/train/train/void/void488_resized.jpg,e44d44c716c1db46c8ec58dcc1f00573703421f9399d7a8dc0d6d930e8810557,224,224,,reserved_not_v2_candidate,source void label or official validation/test split is not a V2 candidate
train::void::void489_resized.jpg,train,void,data/raw/v2/hf_manhole_covers/train/train/void/void489_resized.jpg,d84fd41378bd6204a8f7ec10bdd50873cf1dca0a8beb06c4ce4aeedd67a0af7a,224,224,,reserved_not_v2_candidate,source void label or official validation/test split is not a V2 candidate
train::void::void48_resized.jpg,train,void,data/raw/v2/hf_manhole_covers/train/train/void/void48_resized.jpg,f8844b3cf9b1eb1ccf4a08b95ee020c5e441b54e8c72d053e854f7f4e6dedb6b,224,224,exact_duplicate_163,reserved_not_v2_candidate,source void label or official validation/test split is not a V2 candidate
train::void::void490_resized.jpg,train,void,data/raw/v2/hf_manhole_covers/train/train/void/void490_resized.jpg,b81011492b58f85d2e0176dfc691d8ff0bb133677a61242d9a972fe408710f8c,224,224,,reserved_not_v2_candidate,source void label or official validation/test split is not a V2 candidate
train::void::void491_resized.jpg,train,void,data/raw/v2/hf_manhole_covers/train/train/void/void491_resized.jpg,7d195fa3d4be4ff429efc89601ab7184db5e3b031f6e75cb989732dd2a657587,224,224,,reserved_not_v2_candidate,source void label or official validation/test split is not a V2 candidate
train::void::void492_resized.jpg,train,void,data/raw/v2/hf_manhole_covers/train/train/void/void492_resized.jpg,f31bebd8507e2a45ec7c05d96f33ecba61e62f29ec45063ac8ee66e14cb47e17,224,224,,reserved_not_v2_candidate,source void label or official validation/test split is not a V2 candidate
train::void::void493_resized.jpg,train,void,data/raw/v2/hf_manhole_covers/train/train/void/void493_resized.jpg,6d1c6859614b04ee3aa3ac4b42d5707c124f4221e6c01751e1c8ca758cb6f7c6,224,224,,reserved_not_v2_candidate,source void label or official validation/test split is not a V2 candidate
train::void::void494_resized.jpg,train,void,data/raw/v2/hf_manhole_covers/train/train/void/void494_resized.jpg,77664dc9d6238d53f0b9c98e2ef105d6516b7e8f127ec11fdfac71852e2fdc42,224,224,,reserved_not_v2_candidate,source void label or official validation/test split is not a V2 candidate
train::void::void495_resized.jpg,train,void,data/raw/v2/hf_manhole_covers/train/train/void/void495_resized.jpg,f2384fafff4b45023a112ae8ee93ce2d83518b7287d8b36e92afa96b2e4ca94c,224,224,,reserved_not_v2_candidate,source void label or official validation/test split is not a V2 candidate
train::void::void496_resized.jpg,train,void,data/raw/v2/hf_manhole_covers/train/train/void/void496_resized.jpg,6bc81d51c3226a61b47275db07a28292f30add6d73d7743be2651708b1039beb,224,224,,reserved_not_v2_candidate,source void label or official validation/test split is not a V2 candidate
train::void::void497_resized.jpg,train,void,data/raw/v2/hf_manhole_covers/train/train/void/void497_resized.jpg,9b0d6f48a3826c2fa68f754ae7dc5e75eabb96e584ce11d66b8f8b05b22ef3e3,224,224,,reserved_not_v2_candidate,source void label or official validation/test split is not a V2 candidate
train::void::void498_resized.jpg,train,void,data/raw/v2/hf_manhole_covers/train/train/void/void498_resized.jpg,a110a0392455c24b9f612cf5adeb2c7e7200b5e1fd3b23b5bbde450728ef3bb9,224,224,,reserved_not_v2_candidate,source void label or official validation/test split is not a V2 candidate
train::void::void499_resized.jpg,train,void,data/raw/v2/hf_manhole_covers/train/train/void/void499_resized.jpg,23befadc81e31a9c035d97af99a56d9cfee5aa125fb9ddd8275ee615c696286d,224,224,,reserved_not_v2_candidate,source void label or official validation/test split is not a V2 candidate
train::void::void49_resized.jpg,train,void,data/raw/v2/hf_manhole_covers/train/train/void/void49_resized.jpg,7be8d54da3dd06ef9c52c9647957f6a760ff6a5946a21a31d515a47d978e2310,224,224,exact_duplicate_164,reserved_not_v2_candidate,source void label or official validation/test split is not a V2 candidate
train::void::void4_resized.jpg,train,void,data/raw/v2/hf_manhole_covers/train/train/void/void4_resized.jpg,9ac7399d28e70c62edb19d74c87ae88e56f3fc191468701dc19d3554758e0bc9,224,224,exact_duplicate_165,reserved_not_v2_candidate,source void label or official validation/test split is not a V2 candidate
train::void::void500_resized.jpg,train,void,data/raw/v2/hf_manhole_covers/train/train/void/void500_resized.jpg,0363267c3280118a9b7459c2e331ff07c5168f247ff49016a426c129e9a7ad0f,224,224,,reserved_not_v2_candidate,source void label or official validation/test split is not a V2 candidate
train::void::void501_resized.jpg,train,void,data/raw/v2/hf_manhole_covers/train/train/void/void501_resized.jpg,09fccf6198339d8ce53eb75d192eb3ab5d9d644c80f2e72245bcce5f40019acd,224,224,,reserved_not_v2_candidate,source void label or official validation/test split is not a V2 candidate
train::void::void502_resized.jpg,train,void,data/raw/v2/hf_manhole_covers/train/train/void/void502_resized.jpg,3df3ddcc983b7b93aa49b8e45c2322f10d1370b488bcabc5dcc8dd299f840c2b,224,224,,reserved_not_v2_candidate,source void label or official validation/test split is not a V2 candidate
train::void::void503_resized.jpg,train,void,data/raw/v2/hf_manhole_covers/train/train/void/void503_resized.jpg,da3d7d45561dd43cb0ea111e3574efeba8d4d2764771c2c75e658332eff09441,224,224,,reserved_not_v2_candidate,source void label or official validation/test split is not a V2 candidate
train::void::void504_resized.jpg,train,void,data/raw/v2/hf_manhole_covers/train/train/void/void504_resized.jpg,13dfabba6bc47fa92a1088bd0682b49599c1809966fc687882be2e6767bd0010,224,224,,reserved_not_v2_candidate,source void label or official validation/test split is not a V2 candidate
train::void::void505_resized.jpg,train,void,data/raw/v2/hf_manhole_covers/train/train/void/void505_resized.jpg,6d6c92fb11301f62708dba339cd8b918f6d2d0f21bae7f7b7907344ceebac3a2,224,224,,reserved_not_v2_candidate,source void label or official validation/test split is not a V2 candidate
train::void::void506_resized.jpg,train,void,data/raw/v2/hf_manhole_covers/train/train/void/void506_resized.jpg,b0ae63cf653b8adf7a907b6954a94946cefdc140b5a7f1b8b9a3b8d517a05bcd,224,224,,reserved_not_v2_candidate,source void label or official validation/test split is not a V2 candidate
train::void::void507_resized.jpg,train,void,data/raw/v2/hf_manhole_covers/train/train/void/void507_resized.jpg,70692b1d24da24e9f0da1124aec8458ca036fb7a0ae681cbcb3c9e2621c6cd22,224,224,,reserved_not_v2_candidate,source void label or official validation/test split is not a V2 candidate
train::void::void508_resized.jpg,train,void,data/raw/v2/hf_manhole_covers/train/train/void/void508_resized.jpg,cb1568fa41076bded186ff06f26490739196906bf298f4be3985c85c4cbf87fe,224,224,,reserved_not_v2_candidate,source void label or official validation/test split is not a V2 candidate
train::void::void509_resized.jpg,train,void,data/raw/v2/hf_manhole_covers/train/train/void/void509_resized.jpg,b49d5c324700999506be2770e7a34c38f66ab7238dbfde02dd5af409c5234fc6,224,224,,reserved_not_v2_candidate,source void label or official validation/test split is not a V2 candidate
train::void::void50_resized.jpg,train,void,data/raw/v2/hf_manhole_covers/train/train/void/void50_resized.jpg,4690e5283266c283defa0be446e46b960dffa035145d4fa51a9c445cf5c7374a,224,224,exact_duplicate_166,reserved_not_v2_candidate,source void label or official validation/test split is not a V2 candidate
train::void::void510_resized.jpg,train,void,data/raw/v2/hf_manhole_covers/train/train/void/void510_resized.jpg,a130a70fb604eb947eb819f1f15662814a66f64c64fd7172cb602045b42ce25c,224,224,,reserved_not_v2_candidate,source void label or official validation/test split is not a V2 candidate
train::void::void511_resized.jpg,train,void,data/raw/v2/hf_manhole_covers/train/train/void/void511_resized.jpg,4de1e8d22c718ab73087d8639b034363925276f55c84e8c87e262866df519857,224,224,,reserved_not_v2_candidate,source void label or official validation/test split is not a V2 candidate
train::void::void512_resized.jpg,train,void,data/raw/v2/hf_manhole_covers/train/train/void/void512_resized.jpg,b4e5144a7d7d163f0b419072af3f23e2eba44a5f8b01176160073f820d020a01,224,224,,reserved_not_v2_candidate,source void label or official validation/test split is not a V2 candidate
train::void::void513_resized.jpg,train,void,data/raw/v2/hf_manhole_covers/train/train/void/void513_resized.jpg,704994d89dae7b1d9f3358437edbf0e2c52624377aa9fc6ae4f7be9576d58b69,224,224,,reserved_not_v2_candidate,source void label or official validation/test split is not a V2 candidate
train::void::void514_resized.jpg,train,void,data/raw/v2/hf_manhole_covers/train/train/void/void514_resized.jpg,92566a4d65e42d3d40c9c08a18a9e88edc77af44979ecaf0aafd4e07d9e31394,224,224,,reserved_not_v2_candidate,source void label or official validation/test split is not a V2 candidate
train::void::void515_resized.jpg,train,void,data/raw/v2/hf_manhole_covers/train/train/void/void515_resized.jpg,c70a4b61a158c96191a079ca66da59ac8cc1b82ea8df9fd53a8e0e6dbb5ba9b9,224,224,,reserved_not_v2_candidate,source void label or official validation/test split is not a V2 candidate
train::void::void516_resized.jpg,train,void,data/raw/v2/hf_manhole_covers/train/train/void/void516_resized.jpg,c1adefe1aa75d3de696b56e393631f854a2076d54fc28accfbb2b9863204467c,224,224,,reserved_not_v2_candidate,source void label or official validation/test split is not a V2 candidate
train::void::void517_resized.jpg,train,void,data/raw/v2/hf_manhole_covers/train/train/void/void517_resized.jpg,2901f26a5a35ae1d483ea695552fd2e1bf6fa3b4e7730a03a9dc6b218860c302,224,224,,reserved_not_v2_candidate,source void label or official validation/test split is not a V2 candidate
train::void::void518_resized.jpg,train,void,data/raw/v2/hf_manhole_covers/train/train/void/void518_resized.jpg,062837e05181db5075570b8d5c6e97559dfd4c5f68970c9dfdcac52ea307d513,224,224,,reserved_not_v2_candidate,source void label or official validation/test split is not a V2 candidate
train::void::void519_resized.jpg,train,void,data/raw/v2/hf_manhole_covers/train/train/void/void519_resized.jpg,103831abf5ad16ef07f32726dc7b774a2c495cf5f20fbde6c8a7fcd1327b9fba,224,224,,reserved_not_v2_candidate,source void label or official validation/test split is not a V2 candidate
train::void::void51_resized.jpg,train,void,data/raw/v2/hf_manhole_covers/train/train/void/void51_resized.jpg,c52a267d8ad28c29e1cde6be4dd76b7b139c486ef42c59662ffe62ec1a529de2,224,224,exact_duplicate_167,reserved_not_v2_candidate,source void label or official validation/test split is not a V2 candidate
train::void::void520_resized.jpg,train,void,data/raw/v2/hf_manhole_covers/train/train/void/void520_resized.jpg,918af3f16c77fe89d70d044497f624a707588b0249827aa8f9c94d8feb847293,224,224,,reserved_not_v2_candidate,source void label or official validation/test split is not a V2 candidate
train::void::void521_resized.jpg,train,void,data/raw/v2/hf_manhole_covers/train/train/void/void521_resized.jpg,7150094a70fee09518e5aa66af0873207679bf93cf88be3e502a9889a7afff65,224,224,,reserved_not_v2_candidate,source void label or official validation/test split is not a V2 candidate
train::void::void522_resized.jpg,train,void,data/raw/v2/hf_manhole_covers/train/train/void/void522_resized.jpg,40f4821aeae2101627b536e66410bfc09f7c585522bf2ad707b44fa9471f4c1b,224,224,,reserved_not_v2_candidate,source void label or official validation/test split is not a V2 candidate
train::void::void523_resized.jpg,train,void,data/raw/v2/hf_manhole_covers/train/train/void/void523_resized.jpg,76fa5b1bdb5a4306b64bcf5c6ecebed5928d8a6330f74817aeaf766cfcd8b507,224,224,,reserved_not_v2_candidate,source void label or official validation/test split is not a V2 candidate
train::void::void524_resized.jpg,train,void,data/raw/v2/hf_manhole_covers/train/train/void/void524_resized.jpg,72a32c9a0b67d0ea1f85466fcdffb0c70f80eaef728e4d305b5cc1f6b68b0140,224,224,,reserved_not_v2_candidate,source void label or official validation/test split is not a V2 candidate
train::void::void525_resized.jpg,train,void,data/raw/v2/hf_manhole_covers/train/train/void/void525_resized.jpg,27bc7c6cbfdf0bcc397f5348e0062ac45ea46e28fbeef8d976fe875753626eb4,224,224,,reserved_not_v2_candidate,source void label or official validation/test split is not a V2 candidate
train::void::void526_resized.jpg,train,void,data/raw/v2/hf_manhole_covers/train/train/void/void526_resized.jpg,ace52ce297b9036c843386396dd5e4020a568f675d6b49d94502855aacf6668b,224,224,,reserved_not_v2_candidate,source void label or official validation/test split is not a V2 candidate
train::void::void527_resized.jpg,train,void,data/raw/v2/hf_manhole_covers/train/train/void/void527_resized.jpg,49df128d369e6ab7883eca26d967528047d5d02d886c97b2066be378b3f479dd,224,224,,reserved_not_v2_candidate,source void label or official validation/test split is not a V2 candidate
train::void::void528_resized.jpg,train,void,data/raw/v2/hf_manhole_covers/train/train/void/void528_resized.jpg,92ec5a8e2cb00dccfd03a57414caa3025620b37fa8940fbc4307655f9ed388f3,224,224,,reserved_not_v2_candidate,source void label or official validation/test split is not a V2 candidate
train::void::void529_resized.jpg,train,void,data/raw/v2/hf_manhole_covers/train/train/void/void529_resized.jpg,5a558a711f9cf47d5625e223bd71468d9fc798d4d9b1c323d7de502d6b609022,224,224,,reserved_not_v2_candidate,source void label or official validation/test split is not a V2 candidate
train::void::void52_resized.jpg,train,void,data/raw/v2/hf_manhole_covers/train/train/void/void52_resized.jpg,f8d2cd551c79b7c827696eb835dfa257de8fd9e6208de03967d439661f93891f,224,224,exact_duplicate_168,reserved_not_v2_candidate,source void label or official validation/test split is not a V2 candidate
train::void::void530_resized.jpg,train,void,data/raw/v2/hf_manhole_covers/train/train/void/void530_resized.jpg,849f44a1cf2aba6422ed22e2628bfd916df49fc4a94eaae26ea14461a726f32b,224,224,,reserved_not_v2_candidate,source void label or official validation/test split is not a V2 candidate
train::void::void531_resized.jpg,train,void,data/raw/v2/hf_manhole_covers/train/train/void/void531_resized.jpg,f42562b923208772169600dbf2a8fa74321481d2e04fddc45f703520b75e2cba,224,224,,reserved_not_v2_candidate,source void label or official validation/test split is not a V2 candidate
train::void::void532_resized.jpg,train,void,data/raw/v2/hf_manhole_covers/train/train/void/void532_resized.jpg,94fd566aec39090f750df33ef181f326013cf9cc2397a720e2a625a54c8ef8e6,224,224,,reserved_not_v2_candidate,source void label or official validation/test split is not a V2 candidate
train::void::void533_resized.jpg,train,void,data/raw/v2/hf_manhole_covers/train/train/void/void533_resized.jpg,7a3037fe85b75c661f09958aaa172dd293924461df9791d156948962de13824a,224,224,,reserved_not_v2_candidate,source void label or official validation/test split is not a V2 candidate
train::void::void534_resized.jpg,train,void,data/raw/v2/hf_manhole_covers/train/train/void/void534_resized.jpg,c7928531044f6c9b893ddae35ddba799dbb48f4cb61b4f07f992a2383f6ec598,224,224,,reserved_not_v2_candidate,source void label or official validation/test split is not a V2 candidate
train::void::void535_resized.jpg,train,void,data/raw/v2/hf_manhole_covers/train/train/void/void535_resized.jpg,c50f5986fd71b0faf503dcee59cb3024b1193302230c5f5ea4b1178b710627ed,224,224,,reserved_not_v2_candidate,source void label or official validation/test split is not a V2 candidate
train::void::void536_resized.jpg,train,void,data/raw/v2/hf_manhole_covers/train/train/void/void536_resized.jpg,128dfffc5c06f6709aec6251fddfce9b6433bf82d2f162fc93646558fdc5a780,224,224,,reserved_not_v2_candidate,source void label or official validation/test split is not a V2 candidate
train::void::void537_resized.jpg,train,void,data/raw/v2/hf_manhole_covers/train/train/void/void537_resized.jpg,e093b7b5f80508ec994d03af7428ad7ec061d2449ce508c083b8464685ea7604,224,224,,reserved_not_v2_candidate,source void label or official validation/test split is not a V2 candidate
train::void::void538_resized.jpg,train,void,data/raw/v2/hf_manhole_covers/train/train/void/void538_resized.jpg,3e53c2b9b4f7ab1e80464a25643d0ad641cdab59afdd82b6ae35b8f4cd8f26b1,224,224,,reserved_not_v2_candidate,source void label or official validation/test split is not a V2 candidate
train::void::void539_resized.jpg,train,void,data/raw/v2/hf_manhole_covers/train/train/void/void539_resized.jpg,2ead8dbf7f526a5b232dd7ee921bc924a2063603abf94ec0942b1997cc2242a4,224,224,,reserved_not_v2_candidate,source void label or official validation/test split is not a V2 candidate
train::void::void53_resized.jpg,train,void,data/raw/v2/hf_manhole_covers/train/train/void/void53_resized.jpg,6a8fe8915b4f484282bf6ba344283b9958a64c048224a9749a6eebba5732ecb8,224,224,exact_duplicate_169,reserved_not_v2_candidate,source void label or official validation/test split is not a V2 candidate
train::void::void540_resized.jpg,train,void,data/raw/v2/hf_manhole_covers/train/train/void/void540_resized.jpg,2607c4f5d313d0dda5d1dce5bd2d4ee4fc5247a579fa7628246ba376677d2bac,224,224,,reserved_not_v2_candidate,source void label or official validation/test split is not a V2 candidate
train::void::void541_resized.jpg,train,void,data/raw/v2/hf_manhole_covers/train/train/void/void541_resized.jpg,2d878fbcfb0dd9ed6231215cf1bc0dd8f0b0eba788be8f0cf568f3fac073550e,224,224,,reserved_not_v2_candidate,source void label or official validation/test split is not a V2 candidate
train::void::void542_resized.jpg,train,void,data/raw/v2/hf_manhole_covers/train/train/void/void542_resized.jpg,1b1971c9477a3c786f771264642b81711fc2ff333063cac87a6b0b174b373e91,224,224,,reserved_not_v2_candidate,source void label or official validation/test split is not a V2 candidate
train::void::void543_resized.jpg,train,void,data/raw/v2/hf_manhole_covers/train/train/void/void543_resized.jpg,6a4af0d515a919f39170e68457e95992aa1fd5dd3e573e436d67f6a9584a4e94,224,224,,reserved_not_v2_candidate,source void label or official validation/test split is not a V2 candidate
train::void::void544_resized.jpg,train,void,data/raw/v2/hf_manhole_covers/train/train/void/void544_resized.jpg,e7ad394f7ed5e9434fedc74ac03ec365fc266328596438a6fcfd44f41f0b1082,224,224,,reserved_not_v2_candidate,source void label or official validation/test split is not a V2 candidate
train::void::void545_resized.jpg,train,void,data/raw/v2/hf_manhole_covers/train/train/void/void545_resized.jpg,b16917574aab11f53df15a182e091274e5c58cde088910dc976a6f2727befec7,224,224,,reserved_not_v2_candidate,source void label or official validation/test split is not a V2 candidate
train::void::void546_resized.jpg,train,void,data/raw/v2/hf_manhole_covers/train/train/void/void546_resized.jpg,ccb98c0aeadb08d5afca0aea6784f102a1fcd6d9c78b89084dcae096c19d3548,224,224,,reserved_not_v2_candidate,source void label or official validation/test split is not a V2 candidate
train::void::void547_resized.jpg,train,void,data/raw/v2/hf_manhole_covers/train/train/void/void547_resized.jpg,3b2227d284d29126681c088119fcada9c1c1ca9d54d608728c2add78e9f55952,224,224,,reserved_not_v2_candidate,source void label or official validation/test split is not a V2 candidate
train::void::void548_resized.jpg,train,void,data/raw/v2/hf_manhole_covers/train/train/void/void548_resized.jpg,48441271bb9776a3f8a54e3d87fa33db02011e62be8d60731066160ac33dd203,224,224,,reserved_not_v2_candidate,source void label or official validation/test split is not a V2 candidate
train::void::void549_resized.jpg,train,void,data/raw/v2/hf_manhole_covers/train/train/void/void549_resized.jpg,2eaf5fcb6e73d18ec1d2af055fc67c9d2425ca51ecabfeb1f746f11b5a242e58,224,224,,reserved_not_v2_candidate,source void label or official validation/test split is not a V2 candidate
train::void::void54_resized.jpg,train,void,data/raw/v2/hf_manhole_covers/train/train/void/void54_resized.jpg,f4912b915216c7a13968a88025de80c53a1b4bf2fdc441d0bf7fb4b730a3e8d8,224,224,exact_duplicate_170,reserved_not_v2_candidate,source void label or official validation/test split is not a V2 candidate
train::void::void550_resized.jpg,train,void,data/raw/v2/hf_manhole_covers/train/train/void/void550_resized.jpg,3bc6772330983f90c3693595e3bc8b92b669371834d3e92f27774e8bb2a6aec5,224,224,,reserved_not_v2_candidate,source void label or official validation/test split is not a V2 candidate
train::void::void551_resized.jpg,train,void,data/raw/v2/hf_manhole_covers/train/train/void/void551_resized.jpg,040a0828a1d236de6f2276403f82c2a4ae5dbfb411e03b847f6f86248555bbf5,224,224,,reserved_not_v2_candidate,source void label or official validation/test split is not a V2 candidate
train::void::void552_resized.jpg,train,void,data/raw/v2/hf_manhole_covers/train/train/void/void552_resized.jpg,8758fa0b6d7a5d804422db6e18e66e6a2b2115b76601137e81a7cb4d29996b62,224,224,,reserved_not_v2_candidate,source void label or official validation/test split is not a V2 candidate
train::void::void553_resized.jpg,train,void,data/raw/v2/hf_manhole_covers/train/train/void/void553_resized.jpg,45e4cc7665e9163ae3cd01ceac1e0546815aaf0ade0b0fdb5367a61084f62bc4,224,224,,reserved_not_v2_candidate,source void label or official validation/test split is not a V2 candidate
train::void::void554_resized.jpg,train,void,data/raw/v2/hf_manhole_covers/train/train/void/void554_resized.jpg,4b0d6e853302b89d0c79c6b96ccbce9e450f8d375b26824d62ba0008502ef884,224,224,,reserved_not_v2_candidate,source void label or official validation/test split is not a V2 candidate
train::void::void555_resized.jpg,train,void,data/raw/v2/hf_manhole_covers/train/train/void/void555_resized.jpg,dc19bcb826e11b9bd661bbbb644649489afcf030e85228098880d827047e0766,224,224,,reserved_not_v2_candidate,source void label or official validation/test split is not a V2 candidate
train::void::void556_resized.jpg,train,void,data/raw/v2/hf_manhole_covers/train/train/void/void556_resized.jpg,6a01567f69e0d871a8497686221cbb71fbd755e99116a93ee1e4ee9d2f94d712,224,224,,reserved_not_v2_candidate,source void label or official validation/test split is not a V2 candidate
train::void::void557_resized.jpg,train,void,data/raw/v2/hf_manhole_covers/train/train/void/void557_resized.jpg,ad1f90e1eb444fcf7320f49e92faa75ee4d99716a0463bfe3e7292afb45c762e,224,224,,reserved_not_v2_candidate,source void label or official validation/test split is not a V2 candidate
train::void::void558_resized.jpg,train,void,data/raw/v2/hf_manhole_covers/train/train/void/void558_resized.jpg,87ae9877f1ec8fdf1770ed2ea5439663050ee9e0ed12283b10f0b99bade9a1ea,224,224,,reserved_not_v2_candidate,source void label or official validation/test split is not a V2 candidate
train::void::void559_resized.jpg,train,void,data/raw/v2/hf_manhole_covers/train/train/void/void559_resized.jpg,9978a87c901650cc885837a1e309c4b6da31801961410612ae0217df0ff6cbeb,224,224,,reserved_not_v2_candidate,source void label or official validation/test split is not a V2 candidate
train::void::void55_resized.jpg,train,void,data/raw/v2/hf_manhole_covers/train/train/void/void55_resized.jpg,d4007d4dadddf13815e674f35cff043c029808b8d3e4a002844017d2fa75499f,224,224,exact_duplicate_171,reserved_not_v2_candidate,source void label or official validation/test split is not a V2 candidate
train::void::void560_resized.jpg,train,void,data/raw/v2/hf_manhole_covers/train/train/void/void560_resized.jpg,6812d86cca767cf05e967992c987405ede89d92241a9b2a7fff6320d9dde3fdb,224,224,,reserved_not_v2_candidate,source void label or official validation/test split is not a V2 candidate
train::void::void561_resized.jpg,train,void,data/raw/v2/hf_manhole_covers/train/train/void/void561_resized.jpg,4fe451b74cdf0325bbe19d1e89fd950f21d211b844c57c62ab2c3759722af23d,224,224,,reserved_not_v2_candidate,source void label or official validation/test split is not a V2 candidate
train::void::void562_resized.jpg,train,void,data/raw/v2/hf_manhole_covers/train/train/void/void562_resized.jpg,86db28347981513503af5ba5b8d015a565f1bdc9d57d047461ff56050bc75297,224,224,,reserved_not_v2_candidate,source void label or official validation/test split is not a V2 candidate
train::void::void563_resized.jpg,train,void,data/raw/v2/hf_manhole_covers/train/train/void/void563_resized.jpg,18b67dd22b05a727bf9c30aa2cf1b06b32fbad363445fd22f1e9b1c5371c2ba2,224,224,,reserved_not_v2_candidate,source void label or official validation/test split is not a V2 candidate
train::void::void564_resized.jpg,train,void,data/raw/v2/hf_manhole_covers/train/train/void/void564_resized.jpg,c1d5dc00bc1f827d2f38a8a84a1cff4f03ced7b192a8db740a7c9727f7942e17,224,224,,reserved_not_v2_candidate,source void label or official validation/test split is not a V2 candidate
train::void::void565_resized.jpg,train,void,data/raw/v2/hf_manhole_covers/train/train/void/void565_resized.jpg,7198458205e1346ac2ecc358748e8d9c2617a572092d55d1fc640cfff075b18b,224,224,,reserved_not_v2_candidate,source void label or official validation/test split is not a V2 candidate
train::void::void566_resized.jpg,train,void,data/raw/v2/hf_manhole_covers/train/train/void/void566_resized.jpg,c3e4e66162ed683c58e9d670ab6fc8f00512ae9c4bffffc714f3d55eaba30e8e,224,224,,reserved_not_v2_candidate,source void label or official validation/test split is not a V2 candidate
train::void::void567_resized.jpg,train,void,data/raw/v2/hf_manhole_covers/train/train/void/void567_resized.jpg,f90d34d2dd2bde027d838eacc3ceb1c7f33a77a8666fd4357240a1d469c7631c,224,224,,reserved_not_v2_candidate,source void label or official validation/test split is not a V2 candidate
train::void::void568_resized.jpg,train,void,data/raw/v2/hf_manhole_covers/train/train/void/void568_resized.jpg,28a6f11f4d9833ec960edaec8ce3f5dc63ff7e36baddd0e37d8ce59831bca4c8,224,224,,reserved_not_v2_candidate,source void label or official validation/test split is not a V2 candidate
train::void::void569_resized.jpg,train,void,data/raw/v2/hf_manhole_covers/train/train/void/void569_resized.jpg,3af8b92c121813f40a98f7199be90e25c570d382fd10dfaea682ed0cc83a51ec,224,224,,reserved_not_v2_candidate,source void label or official validation/test split is not a V2 candidate
train::void::void56_resized.jpg,train,void,data/raw/v2/hf_manhole_covers/train/train/void/void56_resized.jpg,889dffe7be6a6babbc791a640aa55d1935cf26f6519766a8f8eee25994df0633,224,224,exact_duplicate_172,reserved_not_v2_candidate,source void label or official validation/test split is not a V2 candidate
train::void::void570_resized.jpg,train,void,data/raw/v2/hf_manhole_covers/train/train/void/void570_resized.jpg,668f3277be8acd428932daba3dc51e8f599e4548d1526c7b5f61da46a46795db,224,224,,reserved_not_v2_candidate,source void label or official validation/test split is not a V2 candidate
train::void::void571_resized.jpg,train,void,data/raw/v2/hf_manhole_covers/train/train/void/void571_resized.jpg,fcbd176a7ce8f0656cfd2f6fc7d1b8d5a93197650e83ce07dd663ffb510f2bae,224,224,,reserved_not_v2_candidate,source void label or official validation/test split is not a V2 candidate
train::void::void572_resized.jpg,train,void,data/raw/v2/hf_manhole_covers/train/train/void/void572_resized.jpg,1f30a211582de279680e17c5dcb91ae3670d0175a41d9601a0bcb8684e657ea6,224,224,,reserved_not_v2_candidate,source void label or official validation/test split is not a V2 candidate
train::void::void573_resized.jpg,train,void,data/raw/v2/hf_manhole_covers/train/train/void/void573_resized.jpg,dac20572139cdc9f83fb5fe8f29d533fe4a7021f0a061b2e64ba4fbd0b90d456,224,224,,reserved_not_v2_candidate,source void label or official validation/test split is not a V2 candidate
train::void::void574_resized.jpg,train,void,data/raw/v2/hf_manhole_covers/train/train/void/void574_resized.jpg,718d0906e4f0cabf0399adbeeabd293e850463d6f717569ae480a331f4116861,224,224,,reserved_not_v2_candidate,source void label or official validation/test split is not a V2 candidate
train::void::void575_resized.jpg,train,void,data/raw/v2/hf_manhole_covers/train/train/void/void575_resized.jpg,ec1d36fefc57f0c62351dfe870dc9ec71832ba28baeb88945ec56cb2c21115bd,224,224,,reserved_not_v2_candidate,source void label or official validation/test split is not a V2 candidate
train::void::void576_resized.jpg,train,void,data/raw/v2/hf_manhole_covers/train/train/void/void576_resized.jpg,797945256aa5ed478a1340a54fb2c1a5b11cd3a1c76ff1a103d89d57bc73837c,224,224,,reserved_not_v2_candidate,source void label or official validation/test split is not a V2 candidate
train::void::void577_resized.jpg,train,void,data/raw/v2/hf_manhole_covers/train/train/void/void577_resized.jpg,8dc1faa31a17a8e69fc90079d58084af8e044e5870a08063f95ff3d64508fb00,224,224,,reserved_not_v2_candidate,source void label or official validation/test split is not a V2 candidate
train::void::void578_resized.jpg,train,void,data/raw/v2/hf_manhole_covers/train/train/void/void578_resized.jpg,e45660ff5e67d9e738eef70ec43ae1c8f2f41718d7e80362cf332389e6f92a18,224,224,,reserved_not_v2_candidate,source void label or official validation/test split is not a V2 candidate
train::void::void579_resized.jpg,train,void,data/raw/v2/hf_manhole_covers/train/train/void/void579_resized.jpg,815508f12e65e15a8a2d8dd96b7fea43e97778241cb4f946e5e463522736e56c,224,224,,reserved_not_v2_candidate,source void label or official validation/test split is not a V2 candidate
train::void::void57_resized.jpg,train,void,data/raw/v2/hf_manhole_covers/train/train/void/void57_resized.jpg,4b0269f86f2457dbafe10bbe07859d4d8e6e0755dd2e213268b5e4d6dffaa5db,224,224,exact_duplicate_173,reserved_not_v2_candidate,source void label or official validation/test split is not a V2 candidate
train::void::void580_resized.jpg,train,void,data/raw/v2/hf_manhole_covers/train/train/void/void580_resized.jpg,c5f9a1e8cfbd292dfa4e079592e14676040757afd3c01590f550046e90158bea,224,224,,reserved_not_v2_candidate,source void label or official validation/test split is not a V2 candidate
train::void::void581_resized.jpg,train,void,data/raw/v2/hf_manhole_covers/train/train/void/void581_resized.jpg,eb82f573717713b7fd33cc9957cce9ad369a5125ee1318b384e0bb8ea1ee1e89,224,224,,reserved_not_v2_candidate,source void label or official validation/test split is not a V2 candidate
train::void::void582_resized.jpg,train,void,data/raw/v2/hf_manhole_covers/train/train/void/void582_resized.jpg,64f5a617cf211c9924b5176eec86f2a69180f2595e0921f70ea95d870f258c0e,224,224,,reserved_not_v2_candidate,source void label or official validation/test split is not a V2 candidate
train::void::void583_resized.jpg,train,void,data/raw/v2/hf_manhole_covers/train/train/void/void583_resized.jpg,2f5529ab8117d836c924c5098478bf26f394bc3496def552311bb7d178549e48,224,224,,reserved_not_v2_candidate,source void label or official validation/test split is not a V2 candidate
train::void::void584_resized.jpg,train,void,data/raw/v2/hf_manhole_covers/train/train/void/void584_resized.jpg,e546ccdac444998b130b3b8d84318c487f453f2503f3d78c44fe4bf962ef024a,224,224,,reserved_not_v2_candidate,source void label or official validation/test split is not a V2 candidate
train::void::void585_resized.jpg,train,void,data/raw/v2/hf_manhole_covers/train/train/void/void585_resized.jpg,458cdc884819a942160a9ba55557bd1ae8cd70a04ca88a3267ae5e9d0b8465f8,224,224,,reserved_not_v2_candidate,source void label or official validation/test split is not a V2 candidate
train::void::void586_resized.jpg,train,void,data/raw/v2/hf_manhole_covers/train/train/void/void586_resized.jpg,f4489b6502e6ffc62c0ac00083b8dfed29e536afec4d378ee2fdf34da7497fdf,224,224,,reserved_not_v2_candidate,source void label or official validation/test split is not a V2 candidate
train::void::void587_resized.jpg,train,void,data/raw/v2/hf_manhole_covers/train/train/void/void587_resized.jpg,7e6601fc5c2e6f85d3166d6109e3e4188414a4a740560bb37472655d0db20c87,224,224,,reserved_not_v2_candidate,source void label or official validation/test split is not a V2 candidate
train::void::void588_resized.jpg,train,void,data/raw/v2/hf_manhole_covers/train/train/void/void588_resized.jpg,191b559b9a2a4e64e5e9a6b92c988f7578b3c0adeb6eb5ff41e904e697d66938,224,224,,reserved_not_v2_candidate,source void label or official validation/test split is not a V2 candidate
train::void::void589_resized.jpg,train,void,data/raw/v2/hf_manhole_covers/train/train/void/void589_resized.jpg,62b665c062d02ec9d90577191fd25ca036ecb846ef29444ac09b834e85a06b70,224,224,,reserved_not_v2_candidate,source void label or official validation/test split is not a V2 candidate
train::void::void58_resized.jpg,train,void,data/raw/v2/hf_manhole_covers/train/train/void/void58_resized.jpg,36449c3c9b254fc6fb1377621d7c17ff48da45305f27cf75ef687b13eeffa447,224,224,exact_duplicate_174,reserved_not_v2_candidate,source void label or official validation/test split is not a V2 candidate
train::void::void590_resized.jpg,train,void,data/raw/v2/hf_manhole_covers/train/train/void/void590_resized.jpg,5a1cdef329e00e5e8d0b53a43dda5d9c4b51010cada8ec09c2165bf54ea2dcbf,224,224,,reserved_not_v2_candidate,source void label or official validation/test split is not a V2 candidate
train::void::void591_resized.jpg,train,void,data/raw/v2/hf_manhole_covers/train/train/void/void591_resized.jpg,a642413b8901dfed3f27634d68b3596bcf6109d010ec9ba00d060e8ebd575633,224,224,,reserved_not_v2_candidate,source void label or official validation/test split is not a V2 candidate
train::void::void592_resized.jpg,train,void,data/raw/v2/hf_manhole_covers/train/train/void/void592_resized.jpg,eb0eb8bd637ede4089a0c54f8532f990387deb0c299d3562f6ea7da65f0a4dcf,224,224,,reserved_not_v2_candidate,source void label or official validation/test split is not a V2 candidate
train::void::void593_resized.jpg,train,void,data/raw/v2/hf_manhole_covers/train/train/void/void593_resized.jpg,31ced323a7879bdf543074af2fb21cadc5563bf2f83fc84ad14de896ba9ef07c,224,224,,reserved_not_v2_candidate,source void label or official validation/test split is not a V2 candidate
train::void::void594_resized.jpg,train,void,data/raw/v2/hf_manhole_covers/train/train/void/void594_resized.jpg,78eb0173c7026dce2dbd297e6ef7aefac7b41f308ad6b6e5bb01e34a573c0611,224,224,,reserved_not_v2_candidate,source void label or official validation/test split is not a V2 candidate
train::void::void595_resized.jpg,train,void,data/raw/v2/hf_manhole_covers/train/train/void/void595_resized.jpg,741fb83fd7dd20434c4716cf2f0cc67575fcc3e5bae47e39846ab4cb1c706542,224,224,,reserved_not_v2_candidate,source void label or official validation/test split is not a V2 candidate
train::void::void596_resized.jpg,train,void,data/raw/v2/hf_manhole_covers/train/train/void/void596_resized.jpg,f4e6e0d11061757e90c19b000d915ac71ed39f6930802ee76d321ffdffb878d5,224,224,,reserved_not_v2_candidate,source void label or official validation/test split is not a V2 candidate
train::void::void597_resized.jpg,train,void,data/raw/v2/hf_manhole_covers/train/train/void/void597_resized.jpg,4de897cab32ecf16cc8d61df39600931fac0866a6f74c3cb92d7d3cddc56950d,224,224,,reserved_not_v2_candidate,source void label or official validation/test split is not a V2 candidate
train::void::void598_resized.jpg,train,void,data/raw/v2/hf_manhole_covers/train/train/void/void598_resized.jpg,b9b824fb192e557ec89cd357f352921e4158f4638819d3ceeba01177dc178fc4,224,224,,reserved_not_v2_candidate,source void label or official validation/test split is not a V2 candidate
train::void::void599_resized.jpg,train,void,data/raw/v2/hf_manhole_covers/train/train/void/void599_resized.jpg,25370d6e262ac16d5bae64fdb988ee1f58170ee77f738ad7eda661ce6cec6d78,224,224,,reserved_not_v2_candidate,source void label or official validation/test split is not a V2 candidate
train::void::void59_resized.jpg,train,void,data/raw/v2/hf_manhole_covers/train/train/void/void59_resized.jpg,158a3a7154ea6f14bce7c9e8a0b0e46b7ca454c092dd9ca42dbe4b8fe9a6bb51,224,224,exact_duplicate_175,reserved_not_v2_candidate,source void label or official validation/test split is not a V2 candidate
train::void::void5_resized.jpg,train,void,data/raw/v2/hf_manhole_covers/train/train/void/void5_resized.jpg,9b3e901d9142e780140b2f0823cf22ca53663dd009976112b6010d12719dfa45,224,224,exact_duplicate_176,reserved_not_v2_candidate,source void label or official validation/test split is not a V2 candidate
train::void::void600_resized.jpg,train,void,data/raw/v2/hf_manhole_covers/train/train/void/void600_resized.jpg,7905ec1215351d101b0e0e972ea4bbb0805f278a0db2652c5bc7bc1318b92031,224,224,,reserved_not_v2_candidate,source void label or official validation/test split is not a V2 candidate
train::void::void601_resized.jpg,train,void,data/raw/v2/hf_manhole_covers/train/train/void/void601_resized.jpg,854d8d9798386d691ebf2a8825dc3d72711fbd77b9d7758fe4e973ca061d8abe,224,224,,reserved_not_v2_candidate,source void label or official validation/test split is not a V2 candidate
train::void::void602_resized.jpg,train,void,data/raw/v2/hf_manhole_covers/train/train/void/void602_resized.jpg,da34ce69679aadd459c0181e3d7f057ba32f710cd184740c64843be29cfe9eae,224,224,,reserved_not_v2_candidate,source void label or official validation/test split is not a V2 candidate
train::void::void603_resized.jpg,train,void,data/raw/v2/hf_manhole_covers/train/train/void/void603_resized.jpg,568c451e1cd1c84fe2097b79813a60c27b7a615424a6891118988ecbc4651a67,224,224,,reserved_not_v2_candidate,source void label or official validation/test split is not a V2 candidate
train::void::void604_resized.jpg,train,void,data/raw/v2/hf_manhole_covers/train/train/void/void604_resized.jpg,1cca66ea663cfc52e40db9efa1279de793f47f2a70e969189070c73993be7bff,224,224,,reserved_not_v2_candidate,source void label or official validation/test split is not a V2 candidate
train::void::void605_resized.jpg,train,void,data/raw/v2/hf_manhole_covers/train/train/void/void605_resized.jpg,b6eb31b9ee563c3a3ec76314b1412fd970a95d385c72e567181c509367550725,224,224,,reserved_not_v2_candidate,source void label or official validation/test split is not a V2 candidate
train::void::void606_resized.jpg,train,void,data/raw/v2/hf_manhole_covers/train/train/void/void606_resized.jpg,9381e12b492d9a0af8698189a57ca17239dcfcbc0c2fb87ed9919157786091c2,224,224,,reserved_not_v2_candidate,source void label or official validation/test split is not a V2 candidate
train::void::void607_resized.jpg,train,void,data/raw/v2/hf_manhole_covers/train/train/void/void607_resized.jpg,7d47e36436d7a51d755cfc2a81e657f239a595cee5587ec653e00505dbd6f4ea,224,224,,reserved_not_v2_candidate,source void label or official validation/test split is not a V2 candidate
train::void::void608_resized.jpg,train,void,data/raw/v2/hf_manhole_covers/train/train/void/void608_resized.jpg,3985e78beb5b57aa8d1aaf1ecd5772c18acc995cb6e4e5c1c7a53587b6fa54c3,224,224,,reserved_not_v2_candidate,source void label or official validation/test split is not a V2 candidate
train::void::void609_resized.jpg,train,void,data/raw/v2/hf_manhole_covers/train/train/void/void609_resized.jpg,45e37974d9f5894184c6425864c5edadef44a2496aa5cc421362b58d94f11d7b,224,224,,reserved_not_v2_candidate,source void label or official validation/test split is not a V2 candidate
train::void::void60_resized.jpg,train,void,data/raw/v2/hf_manhole_covers/train/train/void/void60_resized.jpg,8268fcd18d2a7e81cd5c5af93777c67faa6bca7af1cc3413f630988b5231d79c,224,224,exact_duplicate_177,reserved_not_v2_candidate,source void label or official validation/test split is not a V2 candidate
train::void::void610_resized.jpg,train,void,data/raw/v2/hf_manhole_covers/train/train/void/void610_resized.jpg,e3ba62a4634ee1ce09d53335dc7dd2f433a8df2120c52c64adf4a3285d81abce,224,224,,reserved_not_v2_candidate,source void label or official validation/test split is not a V2 candidate
train::void::void611_resized.jpg,train,void,data/raw/v2/hf_manhole_covers/train/train/void/void611_resized.jpg,e9764ec894953bb13175fa735024f55e3fac25bb91f959c539a68e7ec1d1e8fc,224,224,,reserved_not_v2_candidate,source void label or official validation/test split is not a V2 candidate
train::void::void612_resized.jpg,train,void,data/raw/v2/hf_manhole_covers/train/train/void/void612_resized.jpg,b2ef72fdcc47765411c113297d83fa92ad98914c26b312a627695e3eab7bc250,224,224,,reserved_not_v2_candidate,source void label or official validation/test split is not a V2 candidate
train::void::void613_resized.jpg,train,void,data/raw/v2/hf_manhole_covers/train/train/void/void613_resized.jpg,8703ac093a65721d0ed677350f444ac99c14bd665bf7cbcd802df89c4306266b,224,224,,reserved_not_v2_candidate,source void label or official validation/test split is not a V2 candidate
train::void::void614_resized.jpg,train,void,data/raw/v2/hf_manhole_covers/train/train/void/void614_resized.jpg,bbcdbb2ea3078455673e8367514c8bc4b0feffbbaa603030fa6dce40198fd723,224,224,,reserved_not_v2_candidate,source void label or official validation/test split is not a V2 candidate
train::void::void615_resized.jpg,train,void,data/raw/v2/hf_manhole_covers/train/train/void/void615_resized.jpg,9cc96dffa6f80db51c1ee37e07fabe222e36daa9dc7f568e3d6354638a7bef1c,224,224,,reserved_not_v2_candidate,source void label or official validation/test split is not a V2 candidate
train::void::void616_resized.jpg,train,void,data/raw/v2/hf_manhole_covers/train/train/void/void616_resized.jpg,665a850a8876932f559be4bba27b2b1954c17c0977c73e6156e468b7e1ecad24,224,224,,reserved_not_v2_candidate,source void label or official validation/test split is not a V2 candidate
train::void::void617_resized.jpg,train,void,data/raw/v2/hf_manhole_covers/train/train/void/void617_resized.jpg,3392a3edcd8df55af27292d9bad2ad56abf1b117b55326238e8ed55cf026e1e2,224,224,,reserved_not_v2_candidate,source void label or official validation/test split is not a V2 candidate
train::void::void618_resized.jpg,train,void,data/raw/v2/hf_manhole_covers/train/train/void/void618_resized.jpg,e0cb995429001d18d82295da7a4642d21c3ebe4a0332a232d901e547e8ac41fd,224,224,,reserved_not_v2_candidate,source void label or official validation/test split is not a V2 candidate
train::void::void619_resized.jpg,train,void,data/raw/v2/hf_manhole_covers/train/train/void/void619_resized.jpg,10a561e4e03cc6aa88d5cf71d2b33e8dcf1713d614a35de639b89b4edacecbc3,224,224,,reserved_not_v2_candidate,source void label or official validation/test split is not a V2 candidate
train::void::void61_resized.jpg,train,void,data/raw/v2/hf_manhole_covers/train/train/void/void61_resized.jpg,200f17c3fd340cc941b7f33c09b855ca1b85773905d5e1e2345ada4f39d08810,224,224,exact_duplicate_178,reserved_not_v2_candidate,source void label or official validation/test split is not a V2 candidate
train::void::void620_resized.jpg,train,void,data/raw/v2/hf_manhole_covers/train/train/void/void620_resized.jpg,f6493f88781bb5a42bf4630df2ee5a051bc592626bc66e42b43be57370e5baf0,224,224,,reserved_not_v2_candidate,source void label or official validation/test split is not a V2 candidate
train::void::void621_resized.jpg,train,void,data/raw/v2/hf_manhole_covers/train/train/void/void621_resized.jpg,1983ced60e57b5a0c40cbda887e8d57a19d1fc60a5fa19625b81a67f6410dd30,224,224,,reserved_not_v2_candidate,source void label or official validation/test split is not a V2 candidate
train::void::void622_resized.jpg,train,void,data/raw/v2/hf_manhole_covers/train/train/void/void622_resized.jpg,4fb41691fccf0f8a74b33de1ff45b936c5422c5f153a91eb6bea09479cd1cb72,224,224,,reserved_not_v2_candidate,source void label or official validation/test split is not a V2 candidate
train::void::void623_resized.jpg,train,void,data/raw/v2/hf_manhole_covers/train/train/void/void623_resized.jpg,cbd6489572288a684532d07c53bfb400157deb76dfd7a57fbf09a535d88d07d3,224,224,,reserved_not_v2_candidate,source void label or official validation/test split is not a V2 candidate
train::void::void624_resized.jpg,train,void,data/raw/v2/hf_manhole_covers/train/train/void/void624_resized.jpg,7eb3520b1ed0aed776b856d5fec8190482ee59d9e33bcb0cc94afeebfbc41774,224,224,,reserved_not_v2_candidate,source void label or official validation/test split is not a V2 candidate
train::void::void625_resized.jpg,train,void,data/raw/v2/hf_manhole_covers/train/train/void/void625_resized.jpg,077af4b4921846bb90e01d8ea0178102d63bf820b5f03bdab477ffc35ea7bd02,224,224,,reserved_not_v2_candidate,source void label or official validation/test split is not a V2 candidate
train::void::void626_resized.jpg,train,void,data/raw/v2/hf_manhole_covers/train/train/void/void626_resized.jpg,64b0ce58454aa33031d66b48c8df858926a32de536d7154abab381373a4be7a8,224,224,,reserved_not_v2_candidate,source void label or official validation/test split is not a V2 candidate
train::void::void627_resized.jpg,train,void,data/raw/v2/hf_manhole_covers/train/train/void/void627_resized.jpg,ddecda33cbbc9415fc5fab815957b394657fd52bfc59d5f32dc041757383934e,224,224,,reserved_not_v2_candidate,source void label or official validation/test split is not a V2 candidate
train::void::void628_resized.jpg,train,void,data/raw/v2/hf_manhole_covers/train/train/void/void628_resized.jpg,388ce718dddd855c8e1365cad193f8794b3935afab7a09af38c73b087b99aa0e,224,224,,reserved_not_v2_candidate,source void label or official validation/test split is not a V2 candidate
train::void::void629_resized.jpg,train,void,data/raw/v2/hf_manhole_covers/train/train/void/void629_resized.jpg,5149a41fea9471933d25524436551cca0791b6463a8cb1a1920320df5f3b84f7,224,224,,reserved_not_v2_candidate,source void label or official validation/test split is not a V2 candidate
train::void::void62_resized.jpg,train,void,data/raw/v2/hf_manhole_covers/train/train/void/void62_resized.jpg,a8415a57ef0643c48a8a412e4efb5272a3e062e6106437d49fd15cb8d113f295,224,224,exact_duplicate_179,reserved_not_v2_candidate,source void label or official validation/test split is not a V2 candidate
train::void::void630_resized.jpg,train,void,data/raw/v2/hf_manhole_covers/train/train/void/void630_resized.jpg,c3a67eb5e0a0bb51fe0fde98a827e439b12a90f24f51e0d79b5987aa6c813c06,224,224,,reserved_not_v2_candidate,source void label or official validation/test split is not a V2 candidate
train::void::void631_resized.jpg,train,void,data/raw/v2/hf_manhole_covers/train/train/void/void631_resized.jpg,ba73214415e5dcb1e218018ecb8c3f1522f71b6100a89b000e6d0aabd98e25b1,224,224,,reserved_not_v2_candidate,source void label or official validation/test split is not a V2 candidate
train::void::void632_resized.jpg,train,void,data/raw/v2/hf_manhole_covers/train/train/void/void632_resized.jpg,a9f5988b5abf131aacb9e2916b34a7ff521b23aced7f6520a93367517f5df366,224,224,,reserved_not_v2_candidate,source void label or official validation/test split is not a V2 candidate
train::void::void633_resized.jpg,train,void,data/raw/v2/hf_manhole_covers/train/train/void/void633_resized.jpg,81a366f95c1dccdf13c16a9acd52611ab41f685c4b465ac46518cb5271056798,224,224,,reserved_not_v2_candidate,source void label or official validation/test split is not a V2 candidate
train::void::void634_resized.jpg,train,void,data/raw/v2/hf_manhole_covers/train/train/void/void634_resized.jpg,18a2de31f0e0ecfe9bdec7a668696cf64a540c88b4aa273fb81f1a0a85b3409e,224,224,,reserved_not_v2_candidate,source void label or official validation/test split is not a V2 candidate
train::void::void635_resized.jpg,train,void,data/raw/v2/hf_manhole_covers/train/train/void/void635_resized.jpg,c0e63c17c3ad05aa3f03e3e2ac2f6f6b1a65ae9ed91b38e578011ec58c98eb3c,224,224,,reserved_not_v2_candidate,source void label or official validation/test split is not a V2 candidate
train::void::void636_resized.jpg,train,void,data/raw/v2/hf_manhole_covers/train/train/void/void636_resized.jpg,a9e057b0494a7b21a10c0d87559cff49d9711ea7a4d5298aba2c0d6e10d54835,224,224,,reserved_not_v2_candidate,source void label or official validation/test split is not a V2 candidate
train::void::void637_resized.jpg,train,void,data/raw/v2/hf_manhole_covers/train/train/void/void637_resized.jpg,161735c1040bf1eab9921365436e1fd420215b5f99b63f440e3c47dbba25aebb,224,224,,reserved_not_v2_candidate,source void label or official validation/test split is not a V2 candidate
train::void::void638_resized.jpg,train,void,data/raw/v2/hf_manhole_covers/train/train/void/void638_resized.jpg,aeaf359401058b1b4c7d312c86aca698197228d0a9ce3f431b03a021c209ec8c,224,224,,reserved_not_v2_candidate,source void label or official validation/test split is not a V2 candidate
train::void::void639_resized.jpg,train,void,data/raw/v2/hf_manhole_covers/train/train/void/void639_resized.jpg,4c34957f59510e668cdfd7b85a9e1274bf357426a5bc4bcf958b6401e75e8e67,224,224,,reserved_not_v2_candidate,source void label or official validation/test split is not a V2 candidate
train::void::void63_resized.jpg,train,void,data/raw/v2/hf_manhole_covers/train/train/void/void63_resized.jpg,c85bb446712a22a3f5ca001514e1da866d724dbffeb73a5af580d3e2540415bc,224,224,exact_duplicate_180,reserved_not_v2_candidate,source void label or official validation/test split is not a V2 candidate
train::void::void640_resized.jpg,train,void,data/raw/v2/hf_manhole_covers/train/train/void/void640_resized.jpg,6f7c38c633c283d11b0a108e8c65a1feea6b7796b6cb3da61e998fc666a141fa,224,224,,reserved_not_v2_candidate,source void label or official validation/test split is not a V2 candidate
train::void::void641_resized.jpg,train,void,data/raw/v2/hf_manhole_covers/train/train/void/void641_resized.jpg,770c1b0bb81279502d7ee12d277b9c75200e44a728dc96d0545dcfe460a214a1,224,224,,reserved_not_v2_candidate,source void label or official validation/test split is not a V2 candidate
train::void::void642_resized.jpg,train,void,data/raw/v2/hf_manhole_covers/train/train/void/void642_resized.jpg,7f1900abb2734ce8b3e12e9a8a64d19e9940494cc94f034de9233d369ff05438,224,224,,reserved_not_v2_candidate,source void label or official validation/test split is not a V2 candidate
train::void::void643_resized.jpg,train,void,data/raw/v2/hf_manhole_covers/train/train/void/void643_resized.jpg,a6ef584355daf426e4fc9a1170f9882f2e8a70e2e99980dddabeb46ec4b5a93b,224,224,,reserved_not_v2_candidate,source void label or official validation/test split is not a V2 candidate
train::void::void644_resized.jpg,train,void,data/raw/v2/hf_manhole_covers/train/train/void/void644_resized.jpg,b1bae03cfb0b24a55683dd677224251034aab2800f197ad6b5813309578bd18e,224,224,,reserved_not_v2_candidate,source void label or official validation/test split is not a V2 candidate
train::void::void645_resized.jpg,train,void,data/raw/v2/hf_manhole_covers/train/train/void/void645_resized.jpg,3a02a89b503cbf2e23ab387d7f63032cae87096d1cebefa4d1750c03e417de2f,224,224,,reserved_not_v2_candidate,source void label or official validation/test split is not a V2 candidate
train::void::void646_resized.jpg,train,void,data/raw/v2/hf_manhole_covers/train/train/void/void646_resized.jpg,a8153550bc9fa1108d68b7642e5e6c5c00bc68d13af73dfd0b9f1bc2d475e45e,224,224,,reserved_not_v2_candidate,source void label or official validation/test split is not a V2 candidate
train::void::void647_resized.jpg,train,void,data/raw/v2/hf_manhole_covers/train/train/void/void647_resized.jpg,3ab9cbdf4476f899f94f399894a42952db2ae284d15e0405c3832f1c0ede9a43,224,224,,reserved_not_v2_candidate,source void label or official validation/test split is not a V2 candidate
train::void::void648_resized.jpg,train,void,data/raw/v2/hf_manhole_covers/train/train/void/void648_resized.jpg,83876f51a92d15a76db38745a971ad700653dbeb7626d690f4f4c054cc68f7c6,224,224,,reserved_not_v2_candidate,source void label or official validation/test split is not a V2 candidate
train::void::void649_resized.jpg,train,void,data/raw/v2/hf_manhole_covers/train/train/void/void649_resized.jpg,a0bc3e66ad07066c7659af7cf0ba91f6de247b0bb0cf45999b749d4e2003c527,224,224,,reserved_not_v2_candidate,source void label or official validation/test split is not a V2 candidate
train::void::void64_resized.jpg,train,void,data/raw/v2/hf_manhole_covers/train/train/void/void64_resized.jpg,242029e0dd0bc577e7455bc539927c512f7c65cbcd774a07e788a5f851ca4859,224,224,exact_duplicate_181,reserved_not_v2_candidate,source void label or official validation/test split is not a V2 candidate
train::void::void650_resized.jpg,train,void,data/raw/v2/hf_manhole_covers/train/train/void/void650_resized.jpg,d8919c6345412720281f46df394875a5324b81e728ad45cc1e4ee246ad5e9127,224,224,,reserved_not_v2_candidate,source void label or official validation/test split is not a V2 candidate
train::void::void651_resized.jpg,train,void,data/raw/v2/hf_manhole_covers/train/train/void/void651_resized.jpg,34e03df8d89e6a5ca85300d0f3c025408c60613b94454e6e0b4bbc7abf1f11cc,224,224,,reserved_not_v2_candidate,source void label or official validation/test split is not a V2 candidate
train::void::void652_resized.jpg,train,void,data/raw/v2/hf_manhole_covers/train/train/void/void652_resized.jpg,e42dfbf645a4a6816bfc3f3ffbf4f953a1c9e123cde8fbd8f4a1fdd8201ea4bd,224,224,,reserved_not_v2_candidate,source void label or official validation/test split is not a V2 candidate
train::void::void653_resized.jpg,train,void,data/raw/v2/hf_manhole_covers/train/train/void/void653_resized.jpg,d4538956b9cbe5ab778d75d6bc3a8bc6ea39c5d2472f47e35a984196bba8d913,224,224,,reserved_not_v2_candidate,source void label or official validation/test split is not a V2 candidate
train::void::void654_resized.jpg,train,void,data/raw/v2/hf_manhole_covers/train/train/void/void654_resized.jpg,495730669f1cab3b0f77c891f7c63cb5bbf74df6818eeef07a30fb7ece28c120,224,224,,reserved_not_v2_candidate,source void label or official validation/test split is not a V2 candidate
train::void::void655_resized.jpg,train,void,data/raw/v2/hf_manhole_covers/train/train/void/void655_resized.jpg,feb4ee336aa29fa6b1f2759b698167c5d0860fdd7f996a247192104c7c47fe6c,224,224,,reserved_not_v2_candidate,source void label or official validation/test split is not a V2 candidate
train::void::void656_resized.jpg,train,void,data/raw/v2/hf_manhole_covers/train/train/void/void656_resized.jpg,844e6ff96799b3f8e8a6c0c034d1d282bc47beefe8939edeff7ec06ff59e8548,224,224,,reserved_not_v2_candidate,source void label or official validation/test split is not a V2 candidate
train::void::void657_resized.jpg,train,void,data/raw/v2/hf_manhole_covers/train/train/void/void657_resized.jpg,c42a30054d3bf204d86c26f98cd5b222200eb09ecdfcf51cf6305f5775bd8791,224,224,,reserved_not_v2_candidate,source void label or official validation/test split is not a V2 candidate
train::void::void658_resized.jpg,train,void,data/raw/v2/hf_manhole_covers/train/train/void/void658_resized.jpg,d71b8b18d5aee17921d06ccb674298c0f9dca6bbb4c5d89f510f83516141f827,224,224,,reserved_not_v2_candidate,source void label or official validation/test split is not a V2 candidate
train::void::void659_resized.jpg,train,void,data/raw/v2/hf_manhole_covers/train/train/void/void659_resized.jpg,5f46f538c8f96c647c12d4392097cdab980f308365a590b2162f36f19938a43a,224,224,,reserved_not_v2_candidate,source void label or official validation/test split is not a V2 candidate
train::void::void65_resized.jpg,train,void,data/raw/v2/hf_manhole_covers/train/train/void/void65_resized.jpg,620cc2aed2b75f101310dd2e4f154aaa28355ea62328b785ca31e110535bca91,224,224,exact_duplicate_182,reserved_not_v2_candidate,source void label or official validation/test split is not a V2 candidate
train::void::void660_resized.jpg,train,void,data/raw/v2/hf_manhole_covers/train/train/void/void660_resized.jpg,47c0fd2addab72221e69db1650e5cbe4749875ee062a307fd64aa61723cd141b,224,224,,reserved_not_v2_candidate,source void label or official validation/test split is not a V2 candidate
train::void::void661_resized.jpg,train,void,data/raw/v2/hf_manhole_covers/train/train/void/void661_resized.jpg,93e695b4aabf09a08b15bfc97e97d9ba0272f5e38031dc1afc96a1a325ed4db0,224,224,,reserved_not_v2_candidate,source void label or official validation/test split is not a V2 candidate
train::void::void662_resized.jpg,train,void,data/raw/v2/hf_manhole_covers/train/train/void/void662_resized.jpg,56259105662b708e6e4bdbdf512076ec7bfd13260b373c1b42d846552c96dc07,224,224,,reserved_not_v2_candidate,source void label or official validation/test split is not a V2 candidate
train::void::void663_resized.jpg,train,void,data/raw/v2/hf_manhole_covers/train/train/void/void663_resized.jpg,50967ffdbdea4da0f91baf39e529ab71d1004052311a1c0294663de27d1e0e07,224,224,,reserved_not_v2_candidate,source void label or official validation/test split is not a V2 candidate
train::void::void664_resized.jpg,train,void,data/raw/v2/hf_manhole_covers/train/train/void/void664_resized.jpg,3736a02b6bc2983cfdf2cec1d978eb92a2f7b3896292bdab4eb1a985d21caec6,224,224,,reserved_not_v2_candidate,source void label or official validation/test split is not a V2 candidate
train::void::void665_resized.jpg,train,void,data/raw/v2/hf_manhole_covers/train/train/void/void665_resized.jpg,309d509bb17ad6a890e773275d1238ad8ef2c993102aafba664bd18d637ee813,224,224,,reserved_not_v2_candidate,source void label or official validation/test split is not a V2 candidate
train::void::void666_resized.jpg,train,void,data/raw/v2/hf_manhole_covers/train/train/void/void666_resized.jpg,2607f0b8b7fa7ba3cbd5ad5689d4f55d083e534bbb740dae7cc4942cb7cb55e6,224,224,,reserved_not_v2_candidate,source void label or official validation/test split is not a V2 candidate
train::void::void667_resized.jpg,train,void,data/raw/v2/hf_manhole_covers/train/train/void/void667_resized.jpg,c752b71557e952469a8d6b6e913d99f1ed7f56d9a4e23071430d22b774a17058,224,224,,reserved_not_v2_candidate,source void label or official validation/test split is not a V2 candidate
train::void::void668_resized.jpg,train,void,data/raw/v2/hf_manhole_covers/train/train/void/void668_resized.jpg,a16e3f2f0e6a61db8fa97e6b803acc93573f62bedb7ed78f267e73150113c8e7,224,224,,reserved_not_v2_candidate,source void label or official validation/test split is not a V2 candidate
train::void::void669_resized.jpg,train,void,data/raw/v2/hf_manhole_covers/train/train/void/void669_resized.jpg,445fdbba05317d6eac71d377dfd0f256aabc8de96830aa6737532660df91c1ae,224,224,,reserved_not_v2_candidate,source void label or official validation/test split is not a V2 candidate
train::void::void66_resized.jpg,train,void,data/raw/v2/hf_manhole_covers/train/train/void/void66_resized.jpg,591dfb0b0c2c3d22bfc16e085d52024ed9fc3324020a390f03e84710c4ba86ae,224,224,exact_duplicate_183,reserved_not_v2_candidate,source void label or official validation/test split is not a V2 candidate
train::void::void670_resized.jpg,train,void,data/raw/v2/hf_manhole_covers/train/train/void/void670_resized.jpg,18c16428cf17412409ad98fe93b0fc96d4b5774dac1e78c0fd68e3a939b385be,224,224,,reserved_not_v2_candidate,source void label or official validation/test split is not a V2 candidate
train::void::void671_resized.jpg,train,void,data/raw/v2/hf_manhole_covers/train/train/void/void671_resized.jpg,c96ce17110119ad1be72da75af1160fb8b1ed15a1aa1e1766a031b7109ba5275,224,224,,reserved_not_v2_candidate,source void label or official validation/test split is not a V2 candidate
train::void::void672_resized.jpg,train,void,data/raw/v2/hf_manhole_covers/train/train/void/void672_resized.jpg,c168565c1e346ef8a9200accf5d91f310669b8390f799dc30afca62f1abf4b6a,224,224,,reserved_not_v2_candidate,source void label or official validation/test split is not a V2 candidate
train::void::void673_resized.jpg,train,void,data/raw/v2/hf_manhole_covers/train/train/void/void673_resized.jpg,fcb247d51c209f12f3fa1bd338b44a3e6863445cbefb80ce6158efabd8cb3edd,224,224,,reserved_not_v2_candidate,source void label or official validation/test split is not a V2 candidate
train::void::void674_resized.jpg,train,void,data/raw/v2/hf_manhole_covers/train/train/void/void674_resized.jpg,2c5c6048a5b6a6c478b47f925034fade44f3644f7bd5ae514693cd7568e9ab62,224,224,,reserved_not_v2_candidate,source void label or official validation/test split is not a V2 candidate
train::void::void675_resized.jpg,train,void,data/raw/v2/hf_manhole_covers/train/train/void/void675_resized.jpg,39dc1274b6a7d4866be4bb44d0ec67ed9ea9378381178c3ef376a1425b9e014b,224,224,,reserved_not_v2_candidate,source void label or official validation/test split is not a V2 candidate
train::void::void676_resized.jpg,train,void,data/raw/v2/hf_manhole_covers/train/train/void/void676_resized.jpg,6ad7b1f42f508a37dd21f0de45923c5b87c0aa4a9a9e3e701950b3b3afa4f910,224,224,,reserved_not_v2_candidate,source void label or official validation/test split is not a V2 candidate
train::void::void677_resized.jpg,train,void,data/raw/v2/hf_manhole_covers/train/train/void/void677_resized.jpg,bcecb4ee7be7bff79bef5328d183ba52968d81a1da0e6dc0aa880f8b3831e744,224,224,,reserved_not_v2_candidate,source void label or official validation/test split is not a V2 candidate
train::void::void678_resized.jpg,train,void,data/raw/v2/hf_manhole_covers/train/train/void/void678_resized.jpg,3428c3983f97cc30cc11ae29f35d8d4c5f48d1276db1756d689807495fa72e0a,224,224,,reserved_not_v2_candidate,source void label or official validation/test split is not a V2 candidate
train::void::void679_resized.jpg,train,void,data/raw/v2/hf_manhole_covers/train/train/void/void679_resized.jpg,33cb2f8558c65cab8bc6a56568e75ca303008e991bc2bef2f9b866d076a85f9d,224,224,,reserved_not_v2_candidate,source void label or official validation/test split is not a V2 candidate
train::void::void67_resized.jpg,train,void,data/raw/v2/hf_manhole_covers/train/train/void/void67_resized.jpg,f02063770473f64f8afc7c0bd9fd6a8b99e2f9e025372d2392eba9d31db3734f,224,224,exact_duplicate_184,reserved_not_v2_candidate,source void label or official validation/test split is not a V2 candidate
train::void::void680_resized.jpg,train,void,data/raw/v2/hf_manhole_covers/train/train/void/void680_resized.jpg,662fd4cc3d48cf37f60d9e120fde27129ac606914f31b5dab8f8dc5186c034fd,224,224,,reserved_not_v2_candidate,source void label or official validation/test split is not a V2 candidate
train::void::void681_resized.jpg,train,void,data/raw/v2/hf_manhole_covers/train/train/void/void681_resized.jpg,335f55062c3dac3f5177871fe8c21e4eb843f1bf153705861619ce0783169f0b,224,224,,reserved_not_v2_candidate,source void label or official validation/test split is not a V2 candidate
train::void::void682_resized.jpg,train,void,data/raw/v2/hf_manhole_covers/train/train/void/void682_resized.jpg,46aa39b7335f101bad794daea39c556e451d9f1dac956d4f9f965e7a6d24ea0d,224,224,,reserved_not_v2_candidate,source void label or official validation/test split is not a V2 candidate
train::void::void683_resized.jpg,train,void,data/raw/v2/hf_manhole_covers/train/train/void/void683_resized.jpg,acba67392d8a1ec2e2300936172bb369a47ad545b1f553d92e1d17bcfdad3c7b,224,224,,reserved_not_v2_candidate,source void label or official validation/test split is not a V2 candidate
train::void::void684_resized.jpg,train,void,data/raw/v2/hf_manhole_covers/train/train/void/void684_resized.jpg,4031895639e1afb6ab40f55d3afd41ed19956889ecdb783317c862360b7f3ab8,224,224,,reserved_not_v2_candidate,source void label or official validation/test split is not a V2 candidate
train::void::void685_resized.jpg,train,void,data/raw/v2/hf_manhole_covers/train/train/void/void685_resized.jpg,7c929ab3e47e3e7cb75858b90346f651d115af417ff0cdb941105992adfeaa22,224,224,,reserved_not_v2_candidate,source void label or official validation/test split is not a V2 candidate
train::void::void686_resized.jpg,train,void,data/raw/v2/hf_manhole_covers/train/train/void/void686_resized.jpg,eca38f4ce7f3e32e7a6513b6981d92ba8193d27f4e5600b61d8a28b5aec642e4,224,224,,reserved_not_v2_candidate,source void label or official validation/test split is not a V2 candidate
train::void::void687_resized.jpg,train,void,data/raw/v2/hf_manhole_covers/train/train/void/void687_resized.jpg,d0e56970fed871e845a8989b23ddd2ec9f105b78e4a47f7d499e9294f6acb9d6,224,224,,reserved_not_v2_candidate,source void label or official validation/test split is not a V2 candidate
train::void::void688_resized.jpg,train,void,data/raw/v2/hf_manhole_covers/train/train/void/void688_resized.jpg,40403368442da57de21bfaa9f998cee00d0ce26b371b97b35e75f71a363f4600,224,224,,reserved_not_v2_candidate,source void label or official validation/test split is not a V2 candidate
train::void::void689_resized.jpg,train,void,data/raw/v2/hf_manhole_covers/train/train/void/void689_resized.jpg,46770783484a2a5faea95ff93021caa7c576c6a9627a3b3707e23933c5ca749f,224,224,,reserved_not_v2_candidate,source void label or official validation/test split is not a V2 candidate
train::void::void68_resized.jpg,train,void,data/raw/v2/hf_manhole_covers/train/train/void/void68_resized.jpg,30423df326a7e132e8bb0bedf6ef179d26f98764a3280200c11375c202456a93,224,224,exact_duplicate_185,reserved_not_v2_candidate,source void label or official validation/test split is not a V2 candidate
train::void::void690_resized.jpg,train,void,data/raw/v2/hf_manhole_covers/train/train/void/void690_resized.jpg,e8a1925f4e2bc3991ac5805659861748af705cb236a6653f1fc01244dc955973,224,224,,reserved_not_v2_candidate,source void label or official validation/test split is not a V2 candidate
train::void::void691_resized.jpg,train,void,data/raw/v2/hf_manhole_covers/train/train/void/void691_resized.jpg,9dc861aebce4c5973a92f269adefd04d2c63d9a9795ca407a1bd4a20d6598246,224,224,,reserved_not_v2_candidate,source void label or official validation/test split is not a V2 candidate
train::void::void692_resized.jpg,train,void,data/raw/v2/hf_manhole_covers/train/train/void/void692_resized.jpg,1e8c857749c2265311103b4a4c8b9777c32460346050fd44a0b4ce9c437e90d4,224,224,,reserved_not_v2_candidate,source void label or official validation/test split is not a V2 candidate
train::void::void693_resized.jpg,train,void,data/raw/v2/hf_manhole_covers/train/train/void/void693_resized.jpg,0dd3ae4a7191f7136a450005c66ac1e8cee98ebcb26c7f1ae3388d8e8167ee67,224,224,,reserved_not_v2_candidate,source void label or official validation/test split is not a V2 candidate
train::void::void694_resized.jpg,train,void,data/raw/v2/hf_manhole_covers/train/train/void/void694_resized.jpg,be81dab4a5e0b62f568980348b1bce142a85b16302491ec073445f7a93ecc42e,224,224,,reserved_not_v2_candidate,source void label or official validation/test split is not a V2 candidate
train::void::void695_resized.jpg,train,void,data/raw/v2/hf_manhole_covers/train/train/void/void695_resized.jpg,f2bd3348457c681711438041820a724a6c6292adb6bf6160c263472c3804c4e0,224,224,,reserved_not_v2_candidate,source void label or official validation/test split is not a V2 candidate
train::void::void696_resized.jpg,train,void,data/raw/v2/hf_manhole_covers/train/train/void/void696_resized.jpg,590b6209b119540874516ef57aec7fd3b9b266cb472e7e50cee1359318c3e800,224,224,,reserved_not_v2_candidate,source void label or official validation/test split is not a V2 candidate
train::void::void697_resized.jpg,train,void,data/raw/v2/hf_manhole_covers/train/train/void/void697_resized.jpg,40651fdd08ea6e33557a1204d4f1a382c8d90d7732d704e1c674dbdbcaec0d23,224,224,,reserved_not_v2_candidate,source void label or official validation/test split is not a V2 candidate
train::void::void698_resized.jpg,train,void,data/raw/v2/hf_manhole_covers/train/train/void/void698_resized.jpg,fc7ab0ba2c896949aaca56df9b25f3ff3b05064aea7f94f01848ea3c1833cf04,224,224,,reserved_not_v2_candidate,source void label or official validation/test split is not a V2 candidate
train::void::void699_resized.jpg,train,void,data/raw/v2/hf_manhole_covers/train/train/void/void699_resized.jpg,2a443e68856c857b1d40d4e86d899b98344d1adf2d796e211926bea054e04e5e,224,224,,reserved_not_v2_candidate,source void label or official validation/test split is not a V2 candidate
train::void::void69_resized.jpg,train,void,data/raw/v2/hf_manhole_covers/train/train/void/void69_resized.jpg,0d0aa870a459f36364b3ae344b40ec91a06f14e778b547e6e5644a4a09fd97c5,224,224,exact_duplicate_186,reserved_not_v2_candidate,source void label or official validation/test split is not a V2 candidate
train::void::void6_resized.jpg,train,void,data/raw/v2/hf_manhole_covers/train/train/void/void6_resized.jpg,77a22ff88211a421316e5c88b836e4bd7d81fcad92c49af355088b37ff38b3b7,224,224,exact_duplicate_187,reserved_not_v2_candidate,source void label or official validation/test split is not a V2 candidate
train::void::void700_resized.jpg,train,void,data/raw/v2/hf_manhole_covers/train/train/void/void700_resized.jpg,a5c6bb946f57f49c134cd737c6d7b138f4bb86fbe0570ea70272de7d157177b2,224,224,,reserved_not_v2_candidate,source void label or official validation/test split is not a V2 candidate
train::void::void701_resized.jpg,train,void,data/raw/v2/hf_manhole_covers/train/train/void/void701_resized.jpg,b47877aa8d30e28562d6a26e7a9dfb1e60f2e43f48b305b2f0edcc2c0c092dc6,224,224,,reserved_not_v2_candidate,source void label or official validation/test split is not a V2 candidate
train::void::void702_resized.jpg,train,void,data/raw/v2/hf_manhole_covers/train/train/void/void702_resized.jpg,0b32c9646525dca7315eb47bf2166bb148ce20d95dae59d41814846aa386daa4,224,224,,reserved_not_v2_candidate,source void label or official validation/test split is not a V2 candidate
train::void::void703_resized.jpg,train,void,data/raw/v2/hf_manhole_covers/train/train/void/void703_resized.jpg,6629aa7d9160ab56e2d6593eaad4f79e615179dace42712aa0a32d40897cd839,224,224,,reserved_not_v2_candidate,source void label or official validation/test split is not a V2 candidate
train::void::void704_resized.jpg,train,void,data/raw/v2/hf_manhole_covers/train/train/void/void704_resized.jpg,0efeaaa75d7407b786f1c123a64f8879ccf626e1e385faa983958734f0e2cf38,224,224,,reserved_not_v2_candidate,source void label or official validation/test split is not a V2 candidate
train::void::void705_resized.jpg,train,void,data/raw/v2/hf_manhole_covers/train/train/void/void705_resized.jpg,2707b225527aab7f566ac7a344240a335d461a5bb77af81dcbe221cebabbc387,224,224,,reserved_not_v2_candidate,source void label or official validation/test split is not a V2 candidate
train::void::void706_resized.jpg,train,void,data/raw/v2/hf_manhole_covers/train/train/void/void706_resized.jpg,eb53286bb9a6e2b19bf5fe5fe93934a8a5298642d9490e188c0ef864fa8afb5a,224,224,,reserved_not_v2_candidate,source void label or official validation/test split is not a V2 candidate
train::void::void707_resized.jpg,train,void,data/raw/v2/hf_manhole_covers/train/train/void/void707_resized.jpg,db0f561dc1d5243c4dda22d02dc76aba32f04c47f76b309fdc1c41bd9699110c,224,224,,reserved_not_v2_candidate,source void label or official validation/test split is not a V2 candidate
train::void::void708_resized.jpg,train,void,data/raw/v2/hf_manhole_covers/train/train/void/void708_resized.jpg,59fb87f86e0cc759f34b5f18585750c748b6d27c703df4d75511752fd85d9f81,224,224,,reserved_not_v2_candidate,source void label or official validation/test split is not a V2 candidate
train::void::void709_resized.jpg,train,void,data/raw/v2/hf_manhole_covers/train/train/void/void709_resized.jpg,b56d54b3f567adecb50e5243fb008a57561b751d3df096557a5a332f03468270,224,224,,reserved_not_v2_candidate,source void label or official validation/test split is not a V2 candidate
train::void::void70_resized.jpg,train,void,data/raw/v2/hf_manhole_covers/train/train/void/void70_resized.jpg,efa4c0bb308ab7e529cc6edbf74548dd242bb044d399d0183d991da93cd52d65,224,224,exact_duplicate_188,reserved_not_v2_candidate,source void label or official validation/test split is not a V2 candidate
train::void::void710_resized.jpg,train,void,data/raw/v2/hf_manhole_covers/train/train/void/void710_resized.jpg,debe3b7cfe0b16ef1435533664d850efa6b20f938ff0b5c81a379dcb13b3336e,224,224,,reserved_not_v2_candidate,source void label or official validation/test split is not a V2 candidate
train::void::void711_resized.jpg,train,void,data/raw/v2/hf_manhole_covers/train/train/void/void711_resized.jpg,d9ffea70a913425335721ebf72663aa67bf7f27b71b0cd9cb7b78c0ade5e39ab,224,224,,reserved_not_v2_candidate,source void label or official validation/test split is not a V2 candidate
train::void::void712_resized.jpg,train,void,data/raw/v2/hf_manhole_covers/train/train/void/void712_resized.jpg,55b49be278d6a81d668251300b920ce9f9ee4f2174e9e36aead9d172279ae83f,224,224,,reserved_not_v2_candidate,source void label or official validation/test split is not a V2 candidate
train::void::void713_resized.jpg,train,void,data/raw/v2/hf_manhole_covers/train/train/void/void713_resized.jpg,8d048fe71270e4d331115cd58c13e5ee4d4458032b4ac7024240e661f73afbad,224,224,,reserved_not_v2_candidate,source void label or official validation/test split is not a V2 candidate
train::void::void714_resized.jpg,train,void,data/raw/v2/hf_manhole_covers/train/train/void/void714_resized.jpg,da194cc97eefafd84f027c416ff5a5902ae4287f107fda56ab6033071f7bb168,224,224,,reserved_not_v2_candidate,source void label or official validation/test split is not a V2 candidate
train::void::void715_resized.jpg,train,void,data/raw/v2/hf_manhole_covers/train/train/void/void715_resized.jpg,3bc708a716fc5affe2f5e5a10750adb0556705d2883cf35ae03bc94638bac541,224,224,,reserved_not_v2_candidate,source void label or official validation/test split is not a V2 candidate
train::void::void716_resized.jpg,train,void,data/raw/v2/hf_manhole_covers/train/train/void/void716_resized.jpg,d1aafb0d8ba1f16a69c61ea0b5103f431106d214ff6cd14fff51ea0f01b27314,224,224,,reserved_not_v2_candidate,source void label or official validation/test split is not a V2 candidate
train::void::void717_resized.jpg,train,void,data/raw/v2/hf_manhole_covers/train/train/void/void717_resized.jpg,b2538f7e318bcf57ab7aca4a555588b723265f079bca195119a3fb6179065244,224,224,,reserved_not_v2_candidate,source void label or official validation/test split is not a V2 candidate
train::void::void718_resized.jpg,train,void,data/raw/v2/hf_manhole_covers/train/train/void/void718_resized.jpg,110bffd9793af74a3999e454899829c58c44cffa3d66538bcfae277053bafd57,224,224,,reserved_not_v2_candidate,source void label or official validation/test split is not a V2 candidate
train::void::void719_resized.jpg,train,void,data/raw/v2/hf_manhole_covers/train/train/void/void719_resized.jpg,eee2d9e32695cd374c3a896b8c454562cfa1c25572779739bfe058fdbb25aac3,224,224,,reserved_not_v2_candidate,source void label or official validation/test split is not a V2 candidate
train::void::void71_resized.jpg,train,void,data/raw/v2/hf_manhole_covers/train/train/void/void71_resized.jpg,d900ee08ad10ca095683ddd30e7cb403c3f832caf353836d563b41f96d23ec91,224,224,exact_duplicate_189,reserved_not_v2_candidate,source void label or official validation/test split is not a V2 candidate
train::void::void720_resized.jpg,train,void,data/raw/v2/hf_manhole_covers/train/train/void/void720_resized.jpg,a767c60a3f4985093b5f7026d1b7233467f2cf046298b3c219988e1b93bce1b5,224,224,,reserved_not_v2_candidate,source void label or official validation/test split is not a V2 candidate
train::void::void721_resized.jpg,train,void,data/raw/v2/hf_manhole_covers/train/train/void/void721_resized.jpg,395fe9425b6e3936b7f935bf2a663ef99e90b1e2349c321ca553c9dcd270042e,224,224,,reserved_not_v2_candidate,source void label or official validation/test split is not a V2 candidate
train::void::void722_resized.jpg,train,void,data/raw/v2/hf_manhole_covers/train/train/void/void722_resized.jpg,841b879e6d0a30b6a94b6afaca39cab506d19587173591d55ff16420023771bb,224,224,,reserved_not_v2_candidate,source void label or official validation/test split is not a V2 candidate
train::void::void723_resized.jpg,train,void,data/raw/v2/hf_manhole_covers/train/train/void/void723_resized.jpg,968f6b7038552286f627d3bf680495a1ab56496a83ef134a8d4a7e5be743d26e,224,224,,reserved_not_v2_candidate,source void label or official validation/test split is not a V2 candidate
train::void::void724_resized.jpg,train,void,data/raw/v2/hf_manhole_covers/train/train/void/void724_resized.jpg,3523084d5d0e411dc2b0d85d67f6b7b47c92fa31bbbb44826c22ce64737faf14,224,224,,reserved_not_v2_candidate,source void label or official validation/test split is not a V2 candidate
train::void::void725_resized.jpg,train,void,data/raw/v2/hf_manhole_covers/train/train/void/void725_resized.jpg,4de5263d671c82c975ee3509769c8429cc51398a838b60218ccf1fcbf7609ed4,224,224,,reserved_not_v2_candidate,source void label or official validation/test split is not a V2 candidate
train::void::void726_resized.jpg,train,void,data/raw/v2/hf_manhole_covers/train/train/void/void726_resized.jpg,b55d54abdba80e80d78223407ceb2b8c70be33cbdea1e4252dea1cf680954e8d,224,224,,reserved_not_v2_candidate,source void label or official validation/test split is not a V2 candidate
train::void::void727_resized.jpg,train,void,data/raw/v2/hf_manhole_covers/train/train/void/void727_resized.jpg,993a0ecd6dc6a60c1ec94415027955dc5e082be7444925f47195a15dfbcd4474,224,224,,reserved_not_v2_candidate,source void label or official validation/test split is not a V2 candidate
train::void::void728_resized.jpg,train,void,data/raw/v2/hf_manhole_covers/train/train/void/void728_resized.jpg,9276d801d336cf6688fafb76caa985a37e5b1e9f22357cb608731708fbc3caaa,224,224,,reserved_not_v2_candidate,source void label or official validation/test split is not a V2 candidate
train::void::void729_resized.jpg,train,void,data/raw/v2/hf_manhole_covers/train/train/void/void729_resized.jpg,b8fb0da6fa09d8becdc1b8cb730fdae3fb64cb46493e8cd8b6ed0e7d1600cc74,224,224,,reserved_not_v2_candidate,source void label or official validation/test split is not a V2 candidate
train::void::void72_resized.jpg,train,void,data/raw/v2/hf_manhole_covers/train/train/void/void72_resized.jpg,4d31e658bca88a52a3441052fd1c863a385c6672b7c05b4ef0963d228c00ab4b,224,224,exact_duplicate_190,reserved_not_v2_candidate,source void label or official validation/test split is not a V2 candidate
train::void::void730_resized.jpg,train,void,data/raw/v2/hf_manhole_covers/train/train/void/void730_resized.jpg,40bd28336a2f0ebb2a15d186b6afc38092002f280442b2265a598e6cbfe89e20,224,224,,reserved_not_v2_candidate,source void label or official validation/test split is not a V2 candidate
train::void::void731_resized.jpg,train,void,data/raw/v2/hf_manhole_covers/train/train/void/void731_resized.jpg,b5e5717bde4094556950e45a374aa63bbedf5a1de0005e687ba75eebe8dcda7e,224,224,,reserved_not_v2_candidate,source void label or official validation/test split is not a V2 candidate
train::void::void732_resized.jpg,train,void,data/raw/v2/hf_manhole_covers/train/train/void/void732_resized.jpg,9f2b50212d1852240e973f1278e83bdc9d0b0ab1405a769da8574b194c641256,224,224,,reserved_not_v2_candidate,source void label or official validation/test split is not a V2 candidate
train::void::void733_resized.jpg,train,void,data/raw/v2/hf_manhole_covers/train/train/void/void733_resized.jpg,4ab44fdd0ab78eb5ced9673e9e4228863834af065d1f3f3b1d3c62bd437c278a,224,224,,reserved_not_v2_candidate,source void label or official validation/test split is not a V2 candidate
train::void::void734_resized.jpg,train,void,data/raw/v2/hf_manhole_covers/train/train/void/void734_resized.jpg,51421babcb1e0456f23751fe3e3c3d9512fd2c365af298d2d06e7822923e1e34,224,224,,reserved_not_v2_candidate,source void label or official validation/test split is not a V2 candidate
train::void::void735_resized.jpg,train,void,data/raw/v2/hf_manhole_covers/train/train/void/void735_resized.jpg,6c78fcaeea427f32c1841759037c6acd2cc63d746b6221c2989d02a9e4575faf,224,224,,reserved_not_v2_candidate,source void label or official validation/test split is not a V2 candidate
train::void::void736_resized.jpg,train,void,data/raw/v2/hf_manhole_covers/train/train/void/void736_resized.jpg,d241ebd8d94592c30b2990004354c98fbd0ea53b80a4134285129a5a1799c0c0,224,224,,reserved_not_v2_candidate,source void label or official validation/test split is not a V2 candidate
train::void::void737_resized.jpg,train,void,data/raw/v2/hf_manhole_covers/train/train/void/void737_resized.jpg,5b502c28c2126339adfc1452bfe4ee269c628e8c8aa6ea41801a9b3c3b4e199e,224,224,,reserved_not_v2_candidate,source void label or official validation/test split is not a V2 candidate
train::void::void738_resized.jpg,train,void,data/raw/v2/hf_manhole_covers/train/train/void/void738_resized.jpg,61e0040eb1ee450c66fab1f7ba0ef02b37f0d859bf9c5f0f6f21c27d025ce3e9,224,224,,reserved_not_v2_candidate,source void label or official validation/test split is not a V2 candidate
train::void::void739_resized.jpg,train,void,data/raw/v2/hf_manhole_covers/train/train/void/void739_resized.jpg,09b507c2f6dd1e577bc0f5d99058b2ab9b4046a6e7a1504dc2822b34f6e1ebfe,224,224,,reserved_not_v2_candidate,source void label or official validation/test split is not a V2 candidate
train::void::void73_resized.jpg,train,void,data/raw/v2/hf_manhole_covers/train/train/void/void73_resized.jpg,b4377fe54e58dc1efb57ddef969fe18b12f124e27c073656a14054bf74345f71,224,224,exact_duplicate_191,reserved_not_v2_candidate,source void label or official validation/test split is not a V2 candidate
train::void::void740_resized.jpg,train,void,data/raw/v2/hf_manhole_covers/train/train/void/void740_resized.jpg,76e0cb0deb42213f6cb7bca4c1e99a12c27dd7ec59fe73191f2445d21981cfcb,224,224,,reserved_not_v2_candidate,source void label or official validation/test split is not a V2 candidate
train::void::void741_resized.jpg,train,void,data/raw/v2/hf_manhole_covers/train/train/void/void741_resized.jpg,248b63ad37d7cc9d452b14094f467b97707aca93df4c3fb540b4d1c88c8edc1a,224,224,,reserved_not_v2_candidate,source void label or official validation/test split is not a V2 candidate
train::void::void742_resized.jpg,train,void,data/raw/v2/hf_manhole_covers/train/train/void/void742_resized.jpg,54ea6c153d245be9d4ae9d1d9460de1efcf8a578bc2c6048b26e717335474dee,224,224,,reserved_not_v2_candidate,source void label or official validation/test split is not a V2 candidate
train::void::void743_resized.jpg,train,void,data/raw/v2/hf_manhole_covers/train/train/void/void743_resized.jpg,143c209660d0f2424caeaaa27da4022cdae38da2caac12741b63fc6a84442d99,224,224,,reserved_not_v2_candidate,source void label or official validation/test split is not a V2 candidate
train::void::void744_resized.jpg,train,void,data/raw/v2/hf_manhole_covers/train/train/void/void744_resized.jpg,dd26490703898759052a56920e3e8ee8ca31bb1ff28c392db917c22f588a7c6f,224,224,,reserved_not_v2_candidate,source void label or official validation/test split is not a V2 candidate
train::void::void745_resized.jpg,train,void,data/raw/v2/hf_manhole_covers/train/train/void/void745_resized.jpg,4924aab3eaf91b8a54c950962569dc8b2dcc5579a957453370e922521f68d5a1,224,224,,reserved_not_v2_candidate,source void label or official validation/test split is not a V2 candidate
train::void::void746_resized.jpg,train,void,data/raw/v2/hf_manhole_covers/train/train/void/void746_resized.jpg,d9734bb457d34caad5b8e4d15a2085af12fd1d62841956536bb538118d1b30cc,224,224,,reserved_not_v2_candidate,source void label or official validation/test split is not a V2 candidate
train::void::void747_resized.jpg,train,void,data/raw/v2/hf_manhole_covers/train/train/void/void747_resized.jpg,3e2e83a56828fc7ad196d387fc8b1c3d6c6f7d91fee8babc068a035859d7127f,224,224,,reserved_not_v2_candidate,source void label or official validation/test split is not a V2 candidate
train::void::void748_resized.jpg,train,void,data/raw/v2/hf_manhole_covers/train/train/void/void748_resized.jpg,3c5742452cf61d601799ff0a2bf7dac68c9fd2b613ead089d89ccd787ce0c98f,224,224,,reserved_not_v2_candidate,source void label or official validation/test split is not a V2 candidate
train::void::void749_resized.jpg,train,void,data/raw/v2/hf_manhole_covers/train/train/void/void749_resized.jpg,73847804f6d974f731e901e2cdbe734709091d83230b9e3f1bf4f777b871d555,224,224,,reserved_not_v2_candidate,source void label or official validation/test split is not a V2 candidate
train::void::void74_resized.jpg,train,void,data/raw/v2/hf_manhole_covers/train/train/void/void74_resized.jpg,9601379991f2dfa78bfc572798ce897d5041d0eb8db377950650c4465e465863,224,224,exact_duplicate_192,reserved_not_v2_candidate,source void label or official validation/test split is not a V2 candidate
train::void::void750_resized.jpg,train,void,data/raw/v2/hf_manhole_covers/train/train/void/void750_resized.jpg,f94ada4934358506479737ad3c0abca0e842e1f979ed82e78f8715b36ed51151,224,224,,reserved_not_v2_candidate,source void label or official validation/test split is not a V2 candidate
train::void::void751_resized.jpg,train,void,data/raw/v2/hf_manhole_covers/train/train/void/void751_resized.jpg,175c2a206299aa054802e46e684c1fb1fa8d3b8e288c6ca0dc624df061f112e3,224,224,,reserved_not_v2_candidate,source void label or official validation/test split is not a V2 candidate
train::void::void752_resized.jpg,train,void,data/raw/v2/hf_manhole_covers/train/train/void/void752_resized.jpg,7e0c8fe3622286c50b1e514df63ef140f9a9de061198a0e3211bffa8e915d28a,224,224,,reserved_not_v2_candidate,source void label or official validation/test split is not a V2 candidate
train::void::void753_resized.jpg,train,void,data/raw/v2/hf_manhole_covers/train/train/void/void753_resized.jpg,e88d5fca7230ca8cbc97144c4a8dfe7141c38c439115ed6806506596d34245a4,224,224,,reserved_not_v2_candidate,source void label or official validation/test split is not a V2 candidate
train::void::void754_resized.jpg,train,void,data/raw/v2/hf_manhole_covers/train/train/void/void754_resized.jpg,4079544b655e65e11ec28975ad738d4635b2a168ce9b424795067cdf183087b2,224,224,,reserved_not_v2_candidate,source void label or official validation/test split is not a V2 candidate
train::void::void755_resized.jpg,train,void,data/raw/v2/hf_manhole_covers/train/train/void/void755_resized.jpg,748c8b176ddc2c4044af3d4650a636ebd9e576b2612b042a73c4c984cfb9133e,224,224,,reserved_not_v2_candidate,source void label or official validation/test split is not a V2 candidate
train::void::void756_resized.jpg,train,void,data/raw/v2/hf_manhole_covers/train/train/void/void756_resized.jpg,95b7cff614c0b88d1c6367f1b52aa7fba0e8c73055db0488c0f49889058f79c6,224,224,,reserved_not_v2_candidate,source void label or official validation/test split is not a V2 candidate
train::void::void757_resized.jpg,train,void,data/raw/v2/hf_manhole_covers/train/train/void/void757_resized.jpg,c242d3c9727c161815020719cb37d6f8deef52a72c01973a8222b7ad8957e913,224,224,,reserved_not_v2_candidate,source void label or official validation/test split is not a V2 candidate
train::void::void758_resized.jpg,train,void,data/raw/v2/hf_manhole_covers/train/train/void/void758_resized.jpg,4c3dbc26e0edf78979ac298e8de31e5319742c825f91afc722f811ca2df11047,224,224,,reserved_not_v2_candidate,source void label or official validation/test split is not a V2 candidate
train::void::void759_resized.jpg,train,void,data/raw/v2/hf_manhole_covers/train/train/void/void759_resized.jpg,ed62000867ef1f07424fad3a0f7d494660362d51bdbc665eca53182ebd84d966,224,224,,reserved_not_v2_candidate,source void label or official validation/test split is not a V2 candidate
train::void::void75_resized.jpg,train,void,data/raw/v2/hf_manhole_covers/train/train/void/void75_resized.jpg,6b1728e774fc8541324440bae7b5254797e61a36e57324d55aeb8db6276b5505,224,224,exact_duplicate_193,reserved_not_v2_candidate,source void label or official validation/test split is not a V2 candidate
train::void::void760_resized.jpg,train,void,data/raw/v2/hf_manhole_covers/train/train/void/void760_resized.jpg,44d7d69b5946b11d5a7f45c7f6baba65df6f08bd39b1528671fa5b23c7741187,224,224,,reserved_not_v2_candidate,source void label or official validation/test split is not a V2 candidate
train::void::void761_resized.jpg,train,void,data/raw/v2/hf_manhole_covers/train/train/void/void761_resized.jpg,52182e84ee5289f4025836a423f1d563d1ea73d02c8d757100499b9bdee80046,224,224,,reserved_not_v2_candidate,source void label or official validation/test split is not a V2 candidate
train::void::void762_resized.jpg,train,void,data/raw/v2/hf_manhole_covers/train/train/void/void762_resized.jpg,0b5aa2622ade284d16f4b8ddf2e68c05f0a0b4df6d4480fcbe04625378e94bfb,224,224,,reserved_not_v2_candidate,source void label or official validation/test split is not a V2 candidate
train::void::void763_resized.jpg,train,void,data/raw/v2/hf_manhole_covers/train/train/void/void763_resized.jpg,2773f6eb5993982e6c934ca3f29cedf1ce8c5b5d88177684663c63566e808638,224,224,,reserved_not_v2_candidate,source void label or official validation/test split is not a V2 candidate
train::void::void764_resized.jpg,train,void,data/raw/v2/hf_manhole_covers/train/train/void/void764_resized.jpg,4c7e4417c40194b29c4d167bfd36d2cb9013e7c1c06377806396904c52918c3c,224,224,,reserved_not_v2_candidate,source void label or official validation/test split is not a V2 candidate
train::void::void765_resized.jpg,train,void,data/raw/v2/hf_manhole_covers/train/train/void/void765_resized.jpg,3a0521722dc47c3366b2cb9f5f9c4f745de573750f6d01075796195ddbe5dbf5,224,224,,reserved_not_v2_candidate,source void label or official validation/test split is not a V2 candidate
train::void::void766_resized.jpg,train,void,data/raw/v2/hf_manhole_covers/train/train/void/void766_resized.jpg,ad7fbc6d864dca2066665a9ecf183247dadf83fe5622aa7d23766d2b38bacf54,224,224,,reserved_not_v2_candidate,source void label or official validation/test split is not a V2 candidate
train::void::void767_resized.jpg,train,void,data/raw/v2/hf_manhole_covers/train/train/void/void767_resized.jpg,3f94b39af1c25ac993a65b23e0a5c9351743cb6426018b04b77716b0028e536a,224,224,,reserved_not_v2_candidate,source void label or official validation/test split is not a V2 candidate
train::void::void768_resized.jpg,train,void,data/raw/v2/hf_manhole_covers/train/train/void/void768_resized.jpg,4cd4eafb5ef5098d3013b3c41314d25d3c84edb4bdc588b7249d1252f34e17ac,224,224,,reserved_not_v2_candidate,source void label or official validation/test split is not a V2 candidate
train::void::void769_resized.jpg,train,void,data/raw/v2/hf_manhole_covers/train/train/void/void769_resized.jpg,35daa1c95061690ecf6d3ee97958e1337f74456c3d54118bf96781c85b941e0c,224,224,,reserved_not_v2_candidate,source void label or official validation/test split is not a V2 candidate
train::void::void76_resized.jpg,train,void,data/raw/v2/hf_manhole_covers/train/train/void/void76_resized.jpg,481655af14f6d87773a531696a668ebbaafcb281f237c395a747502eba5bd610,224,224,exact_duplicate_194,reserved_not_v2_candidate,source void label or official validation/test split is not a V2 candidate
train::void::void770_resized.jpg,train,void,data/raw/v2/hf_manhole_covers/train/train/void/void770_resized.jpg,9b94fc6f1854d0fae2ec5b4428c829245d2630a6582879360d02f9dd9eb77f00,224,224,,reserved_not_v2_candidate,source void label or official validation/test split is not a V2 candidate
train::void::void771_resized.jpg,train,void,data/raw/v2/hf_manhole_covers/train/train/void/void771_resized.jpg,14985c93c3b2eb0446920335cf0b5bce2df6d4bff5c9b28acd028789349a7c12,224,224,,reserved_not_v2_candidate,source void label or official validation/test split is not a V2 candidate
train::void::void772_resized.jpg,train,void,data/raw/v2/hf_manhole_covers/train/train/void/void772_resized.jpg,f342a86bcf9b8661bdc14dcd1ad048ec989f48613431dc1d6053f7ee713d31e4,224,224,,reserved_not_v2_candidate,source void label or official validation/test split is not a V2 candidate
train::void::void773_resized.jpg,train,void,data/raw/v2/hf_manhole_covers/train/train/void/void773_resized.jpg,8d18a23feb3178f51f5838490eaea8edbb350388f20abba8a99df1ac9950e804,224,224,,reserved_not_v2_candidate,source void label or official validation/test split is not a V2 candidate
train::void::void774_resized.jpg,train,void,data/raw/v2/hf_manhole_covers/train/train/void/void774_resized.jpg,d682b90e2b2cc138a9e435126be711f4852deaf275b8e65f71b6a4cd9ed11abd,224,224,,reserved_not_v2_candidate,source void label or official validation/test split is not a V2 candidate
train::void::void775_resized.jpg,train,void,data/raw/v2/hf_manhole_covers/train/train/void/void775_resized.jpg,9e477f9da41ad522fdcf507651ba6b9e11f7c316e76a35136557960099f90906,224,224,,reserved_not_v2_candidate,source void label or official validation/test split is not a V2 candidate
train::void::void776_resized.jpg,train,void,data/raw/v2/hf_manhole_covers/train/train/void/void776_resized.jpg,115b57774845fbef9b59402e741ef8e3a2ff19e2c277edef7d337bc13cd57b90,224,224,,reserved_not_v2_candidate,source void label or official validation/test split is not a V2 candidate
train::void::void777_resized.jpg,train,void,data/raw/v2/hf_manhole_covers/train/train/void/void777_resized.jpg,945b6fc27e71496e31fb120c32d36b3717f3aee3f3b2c0434a96b65914435ef8,224,224,,reserved_not_v2_candidate,source void label or official validation/test split is not a V2 candidate
train::void::void778_resized.jpg,train,void,data/raw/v2/hf_manhole_covers/train/train/void/void778_resized.jpg,44d9a7b0c7c17bc08849eb88173433f84b264974d5d79d19ed886b4cc36d550d,224,224,,reserved_not_v2_candidate,source void label or official validation/test split is not a V2 candidate
train::void::void779_resized.jpg,train,void,data/raw/v2/hf_manhole_covers/train/train/void/void779_resized.jpg,ae4a53537a6d5e7f5f64c6ffb7bf84d93222c3eee9ab690b4d0b25dec5a83be0,224,224,,reserved_not_v2_candidate,source void label or official validation/test split is not a V2 candidate
train::void::void77_resized.jpg,train,void,data/raw/v2/hf_manhole_covers/train/train/void/void77_resized.jpg,4c698acec95d35d8f778dba8fc334e9b02737c45785ea2569640cde0f02708fc,224,224,exact_duplicate_195,reserved_not_v2_candidate,source void label or official validation/test split is not a V2 candidate
train::void::void780_resized.jpg,train,void,data/raw/v2/hf_manhole_covers/train/train/void/void780_resized.jpg,297f599a78f77863538195da3babff4624b06f6bd0c6459f361fc1a2ad8deea3,224,224,,reserved_not_v2_candidate,source void label or official validation/test split is not a V2 candidate
train::void::void781_resized.jpg,train,void,data/raw/v2/hf_manhole_covers/train/train/void/void781_resized.jpg,e5eff385d0495b2568b6ddde9fa377576a3246de38756c6a7636f8f17260631e,224,224,,reserved_not_v2_candidate,source void label or official validation/test split is not a V2 candidate
train::void::void782_resized.jpg,train,void,data/raw/v2/hf_manhole_covers/train/train/void/void782_resized.jpg,897b9710d05a4495b054b956680b1ef497770e1eff5e913f9f325b595f6b12ce,224,224,,reserved_not_v2_candidate,source void label or official validation/test split is not a V2 candidate
train::void::void783_resized.jpg,train,void,data/raw/v2/hf_manhole_covers/train/train/void/void783_resized.jpg,291dabb20251886706bc8d5b799b384e0bfbd5b8d475214c16e4eaa37fd7ab14,224,224,,reserved_not_v2_candidate,source void label or official validation/test split is not a V2 candidate
train::void::void784_resized.jpg,train,void,data/raw/v2/hf_manhole_covers/train/train/void/void784_resized.jpg,90b63c5cc9489e297eed327e1909c5681a1d6332a8a3a8749ea141ee2c7a1b17,224,224,,reserved_not_v2_candidate,source void label or official validation/test split is not a V2 candidate
train::void::void785_resized.jpg,train,void,data/raw/v2/hf_manhole_covers/train/train/void/void785_resized.jpg,c7a93f40aff620592ea933da4ad6ae599a7d31b80246161403ad88096edbd3bd,224,224,,reserved_not_v2_candidate,source void label or official validation/test split is not a V2 candidate
train::void::void786_resized.jpg,train,void,data/raw/v2/hf_manhole_covers/train/train/void/void786_resized.jpg,99966cf6a4159670ca0079e6ce5f48b5db0e0abd5780e401637662249015dc87,224,224,,reserved_not_v2_candidate,source void label or official validation/test split is not a V2 candidate
train::void::void787_resized.jpg,train,void,data/raw/v2/hf_manhole_covers/train/train/void/void787_resized.jpg,d1e4f9912a3fed2e124ef51dd0c806966914e8daaae86e632ebedf1e06d27659,224,224,,reserved_not_v2_candidate,source void label or official validation/test split is not a V2 candidate
train::void::void788_resized.jpg,train,void,data/raw/v2/hf_manhole_covers/train/train/void/void788_resized.jpg,4b6bb108ae5e42c7ad3fc221eeceab27857b833e04c8edae8fd74d3cf261ef4b,224,224,,reserved_not_v2_candidate,source void label or official validation/test split is not a V2 candidate
train::void::void789_resized.jpg,train,void,data/raw/v2/hf_manhole_covers/train/train/void/void789_resized.jpg,1808b528465564e04a0eb8001d92b778b1d8731b734188a24aabaa4e0841af57,224,224,,reserved_not_v2_candidate,source void label or official validation/test split is not a V2 candidate
train::void::void78_resized.jpg,train,void,data/raw/v2/hf_manhole_covers/train/train/void/void78_resized.jpg,97e612bf17cb232353f6e7e813423d3ff71bde9fc6e3f305b22ec91ec09404af,224,224,exact_duplicate_196,reserved_not_v2_candidate,source void label or official validation/test split is not a V2 candidate
train::void::void790_resized.jpg,train,void,data/raw/v2/hf_manhole_covers/train/train/void/void790_resized.jpg,4fc90221cbd1d2c782b79dfa767e6436f1ed371c2ddf1acd3961a1df5d50e440,224,224,,reserved_not_v2_candidate,source void label or official validation/test split is not a V2 candidate
train::void::void791_resized.jpg,train,void,data/raw/v2/hf_manhole_covers/train/train/void/void791_resized.jpg,0e0838e9286184ae92ed158677b852719ef874c686609fd547d97583da2868d0,224,224,,reserved_not_v2_candidate,source void label or official validation/test split is not a V2 candidate
train::void::void792_resized.jpg,train,void,data/raw/v2/hf_manhole_covers/train/train/void/void792_resized.jpg,dae2c9d7782b82cadcb0d1b01f3df10d52489b2971bb3090559255f3512e19c7,224,224,,reserved_not_v2_candidate,source void label or official validation/test split is not a V2 candidate
train::void::void793_resized.jpg,train,void,data/raw/v2/hf_manhole_covers/train/train/void/void793_resized.jpg,e9f8fed193c0b858cb4d3ec8b51ab9a611404fde249d3ee3e6afa291692f8d59,224,224,,reserved_not_v2_candidate,source void label or official validation/test split is not a V2 candidate
train::void::void794_resized.jpg,train,void,data/raw/v2/hf_manhole_covers/train/train/void/void794_resized.jpg,2130af1fef9f77e00a13da944da5258c9d1c8e6145be0b816567b903b01a78a4,224,224,,reserved_not_v2_candidate,source void label or official validation/test split is not a V2 candidate
train::void::void795_resized.jpg,train,void,data/raw/v2/hf_manhole_covers/train/train/void/void795_resized.jpg,05483885a5438c6f9650eafc5caa9fb58974161ed884dadc24d8429b2d2229fe,224,224,,reserved_not_v2_candidate,source void label or official validation/test split is not a V2 candidate
train::void::void796_resized.jpg,train,void,data/raw/v2/hf_manhole_covers/train/train/void/void796_resized.jpg,fa85f68956e90e515588a48bd56f6e3e06c989ced3de17d4a1606326817cbfd7,224,224,,reserved_not_v2_candidate,source void label or official validation/test split is not a V2 candidate
train::void::void797_resized.jpg,train,void,data/raw/v2/hf_manhole_covers/train/train/void/void797_resized.jpg,9eedf04a9a3386054a60bd0a8365e924c5b77e15c6e76a60ca2546b74a59905d,224,224,,reserved_not_v2_candidate,source void label or official validation/test split is not a V2 candidate
train::void::void798_resized.jpg,train,void,data/raw/v2/hf_manhole_covers/train/train/void/void798_resized.jpg,20ac72e4b7eeeb50ef35d016f0876ff8b8d537dbc84b48eda5b80e24c49b3dd6,224,224,,reserved_not_v2_candidate,source void label or official validation/test split is not a V2 candidate
train::void::void799_resized.jpg,train,void,data/raw/v2/hf_manhole_covers/train/train/void/void799_resized.jpg,3f1a23041078bf53ec70e9a52e0eebaabac8b88d8320449c6dbc69d588c58eb2,224,224,,reserved_not_v2_candidate,source void label or official validation/test split is not a V2 candidate
train::void::void79_resized.jpg,train,void,data/raw/v2/hf_manhole_covers/train/train/void/void79_resized.jpg,b3cf87ee641d9a85af85b09be6887ab1cfee9fb8cb2a784df8d6ed916b303d8e,224,224,exact_duplicate_197,reserved_not_v2_candidate,source void label or official validation/test split is not a V2 candidate
train::void::void7_resized.jpg,train,void,data/raw/v2/hf_manhole_covers/train/train/void/void7_resized.jpg,75b8f0c82fd2a8195206e57adf8c9c0b34ba68a0c8c100aabd021fafa82c42d1,224,224,exact_duplicate_198,reserved_not_v2_candidate,source void label or official validation/test split is not a V2 candidate
train::void::void800_resized.jpg,train,void,data/raw/v2/hf_manhole_covers/train/train/void/void800_resized.jpg,41d2c6232db991e2987505c9df011f30781dfbc2ee4d969d0e1158e0e30a991d,224,224,,reserved_not_v2_candidate,source void label or official validation/test split is not a V2 candidate
train::void::void801_resized.jpg,train,void,data/raw/v2/hf_manhole_covers/train/train/void/void801_resized.jpg,f0b8d17fc4d397535ba08769481ca60a6ac608cd217befced931eb1ddccc26b9,224,224,,reserved_not_v2_candidate,source void label or official validation/test split is not a V2 candidate
train::void::void802_resized.jpg,train,void,data/raw/v2/hf_manhole_covers/train/train/void/void802_resized.jpg,285b41a700c1f8b47d537a8c94ebc16c3570762b613c225f75ebfebfdfd319b6,224,224,,reserved_not_v2_candidate,source void label or official validation/test split is not a V2 candidate
train::void::void803_resized.jpg,train,void,data/raw/v2/hf_manhole_covers/train/train/void/void803_resized.jpg,405df715a3277b01f2d0f66a16f1350c2bbd7f66675f66363c699ee52c5da381,224,224,,reserved_not_v2_candidate,source void label or official validation/test split is not a V2 candidate
train::void::void804_resized.jpg,train,void,data/raw/v2/hf_manhole_covers/train/train/void/void804_resized.jpg,52bce13db7dfd5b5e9555de7fd135b8af29f7a0f3bfb0409a42106f7275c1f8b,224,224,,reserved_not_v2_candidate,source void label or official validation/test split is not a V2 candidate
train::void::void805_resized.jpg,train,void,data/raw/v2/hf_manhole_covers/train/train/void/void805_resized.jpg,bb92390eca785a6744afe128259d16efd38d430e2efb2658996196b105c30c9a,224,224,,reserved_not_v2_candidate,source void label or official validation/test split is not a V2 candidate
train::void::void806_resized.jpg,train,void,data/raw/v2/hf_manhole_covers/train/train/void/void806_resized.jpg,cef97b2307abed02a721397160e6317d8d70b20e15e060ce55b31964be49cac9,224,224,,reserved_not_v2_candidate,source void label or official validation/test split is not a V2 candidate
train::void::void807_resized.jpg,train,void,data/raw/v2/hf_manhole_covers/train/train/void/void807_resized.jpg,6995b10e88c9915af65b824959619bed5752be55c9e8c7fa019d701221151a22,224,224,,reserved_not_v2_candidate,source void label or official validation/test split is not a V2 candidate
train::void::void808_resized.jpg,train,void,data/raw/v2/hf_manhole_covers/train/train/void/void808_resized.jpg,a5cd5fa69c496532427afff12c6c3204c56e12070aae5d445ed482dc3d97cc6e,224,224,,reserved_not_v2_candidate,source void label or official validation/test split is not a V2 candidate
train::void::void809_resized.jpg,train,void,data/raw/v2/hf_manhole_covers/train/train/void/void809_resized.jpg,99592fde501764a455fc42de137c62a0d31a913147eba9b1e86683815b93a996,224,224,,reserved_not_v2_candidate,source void label or official validation/test split is not a V2 candidate
train::void::void80_resized.jpg,train,void,data/raw/v2/hf_manhole_covers/train/train/void/void80_resized.jpg,55d88b43e797f797d2f44a956e422599794ed28d77589bb88d6f25c8a1b4e848,224,224,exact_duplicate_199,reserved_not_v2_candidate,source void label or official validation/test split is not a V2 candidate
train::void::void810_resized.jpg,train,void,data/raw/v2/hf_manhole_covers/train/train/void/void810_resized.jpg,10e9d6ebacca1fbe634a183af138b84007b2eaa3b1eb9dcb3f8546f5c95fe8a6,224,224,,reserved_not_v2_candidate,source void label or official validation/test split is not a V2 candidate
train::void::void811_resized.jpg,train,void,data/raw/v2/hf_manhole_covers/train/train/void/void811_resized.jpg,1bfc12c38e185bc98ea98859ac9833ed861022174b611bbf56fc273dc88dc3e9,224,224,,reserved_not_v2_candidate,source void label or official validation/test split is not a V2 candidate
train::void::void812_resized.jpg,train,void,data/raw/v2/hf_manhole_covers/train/train/void/void812_resized.jpg,8ee165daf9a622c26b6a4c6fb884865a293bc2590a0854cb7920bda562b32439,224,224,,reserved_not_v2_candidate,source void label or official validation/test split is not a V2 candidate
train::void::void813_resized.jpg,train,void,data/raw/v2/hf_manhole_covers/train/train/void/void813_resized.jpg,392eaa34952d6a2113b80cc8b53eff398384e467aea10d96cee99335af7d90f1,224,224,,reserved_not_v2_candidate,source void label or official validation/test split is not a V2 candidate
train::void::void814_resized.jpg,train,void,data/raw/v2/hf_manhole_covers/train/train/void/void814_resized.jpg,ecbca58a13d575e0efe2e97854051379fc09018a1e376ee879160052b6d5e4ca,224,224,,reserved_not_v2_candidate,source void label or official validation/test split is not a V2 candidate
train::void::void815_resized.jpg,train,void,data/raw/v2/hf_manhole_covers/train/train/void/void815_resized.jpg,e37e092aa63fde507e95d358420dc195dd79f58500f9d6ca047cfd5bbb27c629,224,224,,reserved_not_v2_candidate,source void label or official validation/test split is not a V2 candidate
train::void::void816_resized.jpg,train,void,data/raw/v2/hf_manhole_covers/train/train/void/void816_resized.jpg,b5f6efec8a76bbc9d667f2d7b7d78d9637ef6d1de2a5df3107787933ddceb290,224,224,,reserved_not_v2_candidate,source void label or official validation/test split is not a V2 candidate
train::void::void817_resized.jpg,train,void,data/raw/v2/hf_manhole_covers/train/train/void/void817_resized.jpg,7d80836ca56d6e766dc7ea9fb853568013fd64a599283f535d8674d9cf6bedaa,224,224,,reserved_not_v2_candidate,source void label or official validation/test split is not a V2 candidate
train::void::void818_resized.jpg,train,void,data/raw/v2/hf_manhole_covers/train/train/void/void818_resized.jpg,97a617930ff1f5031cf40ac824c937e0edd6d679e574391350f8484cf6ae93f8,224,224,,reserved_not_v2_candidate,source void label or official validation/test split is not a V2 candidate
train::void::void819_resized.jpg,train,void,data/raw/v2/hf_manhole_covers/train/train/void/void819_resized.jpg,9907f4278c7b9eeb95490678a70406169f06ea81fdff2ff94b06ddde14871cb5,224,224,,reserved_not_v2_candidate,source void label or official validation/test split is not a V2 candidate
train::void::void81_resized.jpg,train,void,data/raw/v2/hf_manhole_covers/train/train/void/void81_resized.jpg,692010dac5740c2d464eef17ce138398fc294c8817adf9ff534980b2428f15d8,224,224,exact_duplicate_200,reserved_not_v2_candidate,source void label or official validation/test split is not a V2 candidate
train::void::void820_resized.jpg,train,void,data/raw/v2/hf_manhole_covers/train/train/void/void820_resized.jpg,d3ab3802963f1088d2bf1993fb279e84aa2a67b003133a9ebd812d384b33e6e4,224,224,,reserved_not_v2_candidate,source void label or official validation/test split is not a V2 candidate
train::void::void821_resized.jpg,train,void,data/raw/v2/hf_manhole_covers/train/train/void/void821_resized.jpg,cab5e8951031857318a249a0fa1e223194c1f9cfd922d8851d406a8678026bff,224,224,,reserved_not_v2_candidate,source void label or official validation/test split is not a V2 candidate
train::void::void822_resized.jpg,train,void,data/raw/v2/hf_manhole_covers/train/train/void/void822_resized.jpg,2e89f9879cb25c65c03771192c8d561685ebbd5b268a1420ad8cb316c660d5f3,224,224,,reserved_not_v2_candidate,source void label or official validation/test split is not a V2 candidate
train::void::void823_resized.jpg,train,void,data/raw/v2/hf_manhole_covers/train/train/void/void823_resized.jpg,6c05594c3a2bcefed24a8a1a795b93c0dc7f2f9c775dcd70e6bc1d39b0ae4d73,224,224,,reserved_not_v2_candidate,source void label or official validation/test split is not a V2 candidate
train::void::void824_resized.jpg,train,void,data/raw/v2/hf_manhole_covers/train/train/void/void824_resized.jpg,87c86c933ed02319b38f7140176569edc04be38cef10c6c9e0b133d16bfd8024,224,224,,reserved_not_v2_candidate,source void label or official validation/test split is not a V2 candidate
train::void::void825_resized.jpg,train,void,data/raw/v2/hf_manhole_covers/train/train/void/void825_resized.jpg,1bfdfaa58e4bfd149dc7b775d9b7f91e0cc4b15fea2badf01c003349ebdb310f,224,224,,reserved_not_v2_candidate,source void label or official validation/test split is not a V2 candidate
train::void::void826_resized.jpg,train,void,data/raw/v2/hf_manhole_covers/train/train/void/void826_resized.jpg,f27026e848a64fcf355a9d7716d7cd3f598f9ba5993ec9330769d3b0bac480e2,224,224,,reserved_not_v2_candidate,source void label or official validation/test split is not a V2 candidate
train::void::void827_resized.jpg,train,void,data/raw/v2/hf_manhole_covers/train/train/void/void827_resized.jpg,49eedd50a997c3d0c0e9b778e18e520c68bd937b8f8c853fd06c0aa50b09b9c6,224,224,,reserved_not_v2_candidate,source void label or official validation/test split is not a V2 candidate
train::void::void828_resized.jpg,train,void,data/raw/v2/hf_manhole_covers/train/train/void/void828_resized.jpg,4e9dd4bf35fa42b81b97f1aaf1764762453d39239be4f2b8ea5c62ba608e957e,224,224,,reserved_not_v2_candidate,source void label or official validation/test split is not a V2 candidate
train::void::void829_resized.jpg,train,void,data/raw/v2/hf_manhole_covers/train/train/void/void829_resized.jpg,e96779f504d0037d527cb4c2a0871cb7c1af0e19b9695c292dfa4ed0e40cfc5b,224,224,,reserved_not_v2_candidate,source void label or official validation/test split is not a V2 candidate
train::void::void82_resized.jpg,train,void,data/raw/v2/hf_manhole_covers/train/train/void/void82_resized.jpg,ac668d712cedbd4b0f78e2fe0aedb03a767411880e86b3c9a5afeb5f0639a4d2,224,224,exact_duplicate_201,reserved_not_v2_candidate,source void label or official validation/test split is not a V2 candidate
train::void::void830_resized.jpg,train,void,data/raw/v2/hf_manhole_covers/train/train/void/void830_resized.jpg,b6250b9de15237f721819b08c3e208fbb15d2efe41c8c2da768abce842ab3fec,224,224,,reserved_not_v2_candidate,source void label or official validation/test split is not a V2 candidate
train::void::void831_resized.jpg,train,void,data/raw/v2/hf_manhole_covers/train/train/void/void831_resized.jpg,57f2f2c1451743e5e21dbd61e5a4cbf1c37b0d17d55bf52a8be7e49a55edf641,224,224,,reserved_not_v2_candidate,source void label or official validation/test split is not a V2 candidate
train::void::void832_resized.jpg,train,void,data/raw/v2/hf_manhole_covers/train/train/void/void832_resized.jpg,aa73139016844191a092a2be52630b8b25db5f25beeadd0192a2f3b40ed39365,224,224,,reserved_not_v2_candidate,source void label or official validation/test split is not a V2 candidate
train::void::void833_resized.jpg,train,void,data/raw/v2/hf_manhole_covers/train/train/void/void833_resized.jpg,eefbb52c4659862669624255ccf7cbac60d2ca6c8c580ffdc6f391d1351e40dc,224,224,,reserved_not_v2_candidate,source void label or official validation/test split is not a V2 candidate
train::void::void834_resized.jpg,train,void,data/raw/v2/hf_manhole_covers/train/train/void/void834_resized.jpg,2021ee508d3b2b30d2d03ca4001d8b39d46197838cc66aadc8af5a85ce0d8986,224,224,,reserved_not_v2_candidate,source void label or official validation/test split is not a V2 candidate
train::void::void835_resized.jpg,train,void,data/raw/v2/hf_manhole_covers/train/train/void/void835_resized.jpg,98880ad1aabfd78ac3aee8f883cd81b8820e34ba9ff39196b4acfae88d60b65c,224,224,,reserved_not_v2_candidate,source void label or official validation/test split is not a V2 candidate
train::void::void836_resized.jpg,train,void,data/raw/v2/hf_manhole_covers/train/train/void/void836_resized.jpg,6375333a1ef449e04cdc671b86088d4729b9f68353f213a0ec7079764aa18501,224,224,,reserved_not_v2_candidate,source void label or official validation/test split is not a V2 candidate
train::void::void837_resized.jpg,train,void,data/raw/v2/hf_manhole_covers/train/train/void/void837_resized.jpg,d197795492a8a57f0b02d03b3bf805d3854ae654ccd8a354e64627ce47749698,224,224,,reserved_not_v2_candidate,source void label or official validation/test split is not a V2 candidate
train::void::void838_resized.jpg,train,void,data/raw/v2/hf_manhole_covers/train/train/void/void838_resized.jpg,31dbbfec375a72f249c7f107bc17d94e1acbfbfa4f8386260cbf92e734fdb48c,224,224,,reserved_not_v2_candidate,source void label or official validation/test split is not a V2 candidate
train::void::void839_resized.jpg,train,void,data/raw/v2/hf_manhole_covers/train/train/void/void839_resized.jpg,5c0e08496de46c8019d87501f365f5d86b3488460a8d4510d43c4e730d390f2d,224,224,,reserved_not_v2_candidate,source void label or official validation/test split is not a V2 candidate
train::void::void83_resized.jpg,train,void,data/raw/v2/hf_manhole_covers/train/train/void/void83_resized.jpg,0943ff93ed4985c162777b44484cfbba7abeeed3fbe8e421349214c599d2828a,224,224,exact_duplicate_202,reserved_not_v2_candidate,source void label or official validation/test split is not a V2 candidate
train::void::void840_resized.jpg,train,void,data/raw/v2/hf_manhole_covers/train/train/void/void840_resized.jpg,2cd13356881c895290bc1af92a4ee7e68645ec9583c3a46f676681f61f1acd21,224,224,,reserved_not_v2_candidate,source void label or official validation/test split is not a V2 candidate
train::void::void841_resized.jpg,train,void,data/raw/v2/hf_manhole_covers/train/train/void/void841_resized.jpg,1c936279bfd75992a8a6f475f8baf2ab4bf22c51a16487ec4f7a2c9390d65f56,224,224,,reserved_not_v2_candidate,source void label or official validation/test split is not a V2 candidate
train::void::void842_resized.jpg,train,void,data/raw/v2/hf_manhole_covers/train/train/void/void842_resized.jpg,3ff999b67e184828a38e2f92f2344e967eaa1dd7cc21ed98aaf2a724d3c94dd2,224,224,,reserved_not_v2_candidate,source void label or official validation/test split is not a V2 candidate
train::void::void843_resized.jpg,train,void,data/raw/v2/hf_manhole_covers/train/train/void/void843_resized.jpg,3257be4e27e41a534a29023653f9bfcefb05a3c3875327a715ee1516ab8d7714,224,224,,reserved_not_v2_candidate,source void label or official validation/test split is not a V2 candidate
train::void::void844_resized.jpg,train,void,data/raw/v2/hf_manhole_covers/train/train/void/void844_resized.jpg,cacdf0f6036322035d9bbf424e32ef53499af3de99461560da261e1b034efe12,224,224,,reserved_not_v2_candidate,source void label or official validation/test split is not a V2 candidate
train::void::void845_resized.jpg,train,void,data/raw/v2/hf_manhole_covers/train/train/void/void845_resized.jpg,ddcaad4ddc758530bc865d66bfc5af96c75335d7e9fc185249bb37c447a72dcc,224,224,,reserved_not_v2_candidate,source void label or official validation/test split is not a V2 candidate
train::void::void846_resized.jpg,train,void,data/raw/v2/hf_manhole_covers/train/train/void/void846_resized.jpg,559057ea8321b6143b57962f8249d0d96c59fe4c2e8bab6ba806bbdd60314b85,224,224,,reserved_not_v2_candidate,source void label or official validation/test split is not a V2 candidate
train::void::void847_resized.jpg,train,void,data/raw/v2/hf_manhole_covers/train/train/void/void847_resized.jpg,a1b951f139e2ec0eb40cf7988557c4942a78686b0acbe7498b72bb12f397f497,224,224,,reserved_not_v2_candidate,source void label or official validation/test split is not a V2 candidate
train::void::void848_resized.jpg,train,void,data/raw/v2/hf_manhole_covers/train/train/void/void848_resized.jpg,9968d8354ce991fcda0445e9bd43b8e85c039d9c7632c54f69a61524398f30c9,224,224,,reserved_not_v2_candidate,source void label or official validation/test split is not a V2 candidate
train::void::void849_resized.jpg,train,void,data/raw/v2/hf_manhole_covers/train/train/void/void849_resized.jpg,466eac3e3e4479a74cb7faca89cf90f60b1a2978f562732be30e7013ec6849c7,224,224,,reserved_not_v2_candidate,source void label or official validation/test split is not a V2 candidate
train::void::void84_resized.jpg,train,void,data/raw/v2/hf_manhole_covers/train/train/void/void84_resized.jpg,a0f868bc5925abf08ef6863af8c7d116fdf558dd124c4056565ffc76d4c07a89,224,224,exact_duplicate_203,reserved_not_v2_candidate,source void label or official validation/test split is not a V2 candidate
train::void::void850_resized.jpg,train,void,data/raw/v2/hf_manhole_covers/train/train/void/void850_resized.jpg,f16a81619b2581ee240cd18739238d39cfb42c5bfa2044a482bf0c9ad433fed2,224,224,,reserved_not_v2_candidate,source void label or official validation/test split is not a V2 candidate
train::void::void851_resized.jpg,train,void,data/raw/v2/hf_manhole_covers/train/train/void/void851_resized.jpg,4bfe4eeed14bf47d9abf7fead1de48312bf80b1ed3e17c55244f8f6ce4e998f1,224,224,,reserved_not_v2_candidate,source void label or official validation/test split is not a V2 candidate
train::void::void852_resized.jpg,train,void,data/raw/v2/hf_manhole_covers/train/train/void/void852_resized.jpg,8481ba2c04a29c06e853c4ebec81245036449062ffea0eb6f264dcd1e2c31e91,224,224,,reserved_not_v2_candidate,source void label or official validation/test split is not a V2 candidate
train::void::void853_resized.jpg,train,void,data/raw/v2/hf_manhole_covers/train/train/void/void853_resized.jpg,1f156e10e0a8b843f114b47f2770a1d3234eea287eb05c6380641a023fa58d91,224,224,,reserved_not_v2_candidate,source void label or official validation/test split is not a V2 candidate
train::void::void854_resized.jpg,train,void,data/raw/v2/hf_manhole_covers/train/train/void/void854_resized.jpg,bc997538ee5c924ce69129a6f0e75852e197d5aebf797c04b3683d71ec8e8af4,224,224,,reserved_not_v2_candidate,source void label or official validation/test split is not a V2 candidate
train::void::void855_resized.jpg,train,void,data/raw/v2/hf_manhole_covers/train/train/void/void855_resized.jpg,e6ec2273e03a6e33921081e75143756c018af490d182fc579e72be7708cd6154,224,224,,reserved_not_v2_candidate,source void label or official validation/test split is not a V2 candidate
train::void::void856_resized.jpg,train,void,data/raw/v2/hf_manhole_covers/train/train/void/void856_resized.jpg,ecf62ceb777e2877976823a27a94e0b6df76f20cdf1b9d8364fe60a527e4e442,224,224,,reserved_not_v2_candidate,source void label or official validation/test split is not a V2 candidate
train::void::void857_resized.jpg,train,void,data/raw/v2/hf_manhole_covers/train/train/void/void857_resized.jpg,cdb2540d763ee2296dfce8344841b8eab5c2528aa08c3e4addac491b7012e201,224,224,,reserved_not_v2_candidate,source void label or official validation/test split is not a V2 candidate
train::void::void858_resized.jpg,train,void,data/raw/v2/hf_manhole_covers/train/train/void/void858_resized.jpg,3f5cd90b4fee2e86c84b91cd57875182398d4bcfab27ae117d14a238ef1d2998,224,224,,reserved_not_v2_candidate,source void label or official validation/test split is not a V2 candidate
train::void::void859_resized.jpg,train,void,data/raw/v2/hf_manhole_covers/train/train/void/void859_resized.jpg,c97916c734b662dfe04a2493a98c9594337de834c371cb044751a6ecd2d6ad47,224,224,,reserved_not_v2_candidate,source void label or official validation/test split is not a V2 candidate
train::void::void85_resized.jpg,train,void,data/raw/v2/hf_manhole_covers/train/train/void/void85_resized.jpg,7831a4a3cda6c11e8bf1b3f2459777e11a6f6c4e1c01e51128633b7ead01eca4,224,224,exact_duplicate_204,reserved_not_v2_candidate,source void label or official validation/test split is not a V2 candidate
train::void::void860_resized.jpg,train,void,data/raw/v2/hf_manhole_covers/train/train/void/void860_resized.jpg,bab536cdd0f484808c4e8db1ba5d1ee504cf0a4f8691eba287852da3d6d8a08e,224,224,,reserved_not_v2_candidate,source void label or official validation/test split is not a V2 candidate
train::void::void861_resized.jpg,train,void,data/raw/v2/hf_manhole_covers/train/train/void/void861_resized.jpg,fb01ef74795ff7e73c8ba1266035f49ca96816ab3237098b482bc15bb263e9ea,224,224,,reserved_not_v2_candidate,source void label or official validation/test split is not a V2 candidate
train::void::void862_resized.jpg,train,void,data/raw/v2/hf_manhole_covers/train/train/void/void862_resized.jpg,13936d221508d1adc6c6590cc39615b22e21a6266b1e0a320a421d11aa08a59f,224,224,,reserved_not_v2_candidate,source void label or official validation/test split is not a V2 candidate
train::void::void863_resized.jpg,train,void,data/raw/v2/hf_manhole_covers/train/train/void/void863_resized.jpg,41b6860f98912053cd9283fb5e0e8802871aae075b72236f3acc5a66ef909dbd,224,224,,reserved_not_v2_candidate,source void label or official validation/test split is not a V2 candidate
train::void::void864_resized.jpg,train,void,data/raw/v2/hf_manhole_covers/train/train/void/void864_resized.jpg,6e81a49b926adf18a9ecc90c95ff59be00300505c6dd1a19dbbb9a131fd36038,224,224,,reserved_not_v2_candidate,source void label or official validation/test split is not a V2 candidate
train::void::void865_resized.jpg,train,void,data/raw/v2/hf_manhole_covers/train/train/void/void865_resized.jpg,0b075d084a0b71f34a00722e0aa6dd8b5c3b36b44a3ce22b6e8a87eb766873df,224,224,,reserved_not_v2_candidate,source void label or official validation/test split is not a V2 candidate
train::void::void866_resized.jpg,train,void,data/raw/v2/hf_manhole_covers/train/train/void/void866_resized.jpg,1a28f2fac6b29b4c2686f8aa09c3435dd3623585b63b07c2096cc87aa638b8e3,224,224,,reserved_not_v2_candidate,source void label or official validation/test split is not a V2 candidate
train::void::void867_resized.jpg,train,void,data/raw/v2/hf_manhole_covers/train/train/void/void867_resized.jpg,e55c3ef3d0203be6cda605fc8e9fee02cbecc273a25ac4cb4aac9d6ac2e78c19,224,224,,reserved_not_v2_candidate,source void label or official validation/test split is not a V2 candidate
train::void::void868_resized.jpg,train,void,data/raw/v2/hf_manhole_covers/train/train/void/void868_resized.jpg,80acfea967b37406eb9cbad9eb2818141a3975a2ef3f0cf7ccb6a35884f4976b,224,224,,reserved_not_v2_candidate,source void label or official validation/test split is not a V2 candidate
train::void::void869_resized.jpg,train,void,data/raw/v2/hf_manhole_covers/train/train/void/void869_resized.jpg,0ac32b67cec4ad361d739b7f1dff423b432cc4f0bd3fe96f7a96c05504eb7d96,224,224,,reserved_not_v2_candidate,source void label or official validation/test split is not a V2 candidate
train::void::void86_resized.jpg,train,void,data/raw/v2/hf_manhole_covers/train/train/void/void86_resized.jpg,a043c0698168ab09d03dd2e45a5ec599b7069a153204f59a0341d09332c44d65,224,224,exact_duplicate_205,reserved_not_v2_candidate,source void label or official validation/test split is not a V2 candidate
train::void::void870_resized.jpg,train,void,data/raw/v2/hf_manhole_covers/train/train/void/void870_resized.jpg,766ad1e5c558b294b07ababc1e4d813f10f8cbf74d7ef7cc9c93229bd1766126,224,224,,reserved_not_v2_candidate,source void label or official validation/test split is not a V2 candidate
train::void::void871_resized.jpg,train,void,data/raw/v2/hf_manhole_covers/train/train/void/void871_resized.jpg,e9913e4885439cc474e46edfbe381f0335ddb581714902f145169b3aefd954ef,224,224,,reserved_not_v2_candidate,source void label or official validation/test split is not a V2 candidate
train::void::void872_resized.jpg,train,void,data/raw/v2/hf_manhole_covers/train/train/void/void872_resized.jpg,39a42e9ba2fdbeeb6a3778926b16802c3595f69d02e5fd054140321e667596fe,224,224,,reserved_not_v2_candidate,source void label or official validation/test split is not a V2 candidate
train::void::void873_resized.jpg,train,void,data/raw/v2/hf_manhole_covers/train/train/void/void873_resized.jpg,40d81ae76a5f59470812499140049b0b426379ada67c12c6589d20a1e2ef0a03,224,224,,reserved_not_v2_candidate,source void label or official validation/test split is not a V2 candidate
train::void::void874_resized.jpg,train,void,data/raw/v2/hf_manhole_covers/train/train/void/void874_resized.jpg,bbfb592c659877b9ea3d7f0cbfdb94c1f00b0739a5e65599d1012e2b7491472a,224,224,,reserved_not_v2_candidate,source void label or official validation/test split is not a V2 candidate
train::void::void875_resized.jpg,train,void,data/raw/v2/hf_manhole_covers/train/train/void/void875_resized.jpg,e522708e9659cc887d8345802dc3478b8745a94d6a9a5cd8579bcd544d89cd2a,224,224,,reserved_not_v2_candidate,source void label or official validation/test split is not a V2 candidate
train::void::void876_resized.jpg,train,void,data/raw/v2/hf_manhole_covers/train/train/void/void876_resized.jpg,47fa2083f9f4d972dd19d6db4b08020c94ae6a7a8443aaec86cb73a77866466b,224,224,,reserved_not_v2_candidate,source void label or official validation/test split is not a V2 candidate
train::void::void877_resized.jpg,train,void,data/raw/v2/hf_manhole_covers/train/train/void/void877_resized.jpg,d1947e2e9beb7ac9d7d24b3a5559826be34f38aab92ab43d1f081c53a4a907bf,224,224,,reserved_not_v2_candidate,source void label or official validation/test split is not a V2 candidate
train::void::void878_resized.jpg,train,void,data/raw/v2/hf_manhole_covers/train/train/void/void878_resized.jpg,ddb5585fc66502a349bc2e8a682dcfd4860198ecf23b3e5399ad5a3c02f67a23,224,224,,reserved_not_v2_candidate,source void label or official validation/test split is not a V2 candidate
train::void::void879_resized.jpg,train,void,data/raw/v2/hf_manhole_covers/train/train/void/void879_resized.jpg,cdf2d61ebf63f4eb3a7394e73957d1ad775de5f2914d0e0416f01df80269073e,224,224,,reserved_not_v2_candidate,source void label or official validation/test split is not a V2 candidate
train::void::void87_resized.jpg,train,void,data/raw/v2/hf_manhole_covers/train/train/void/void87_resized.jpg,a91e88d16ddd58ab83f40aa37c373c7c00bee18b99a2f2b2a3db2d50e942be40,224,224,exact_duplicate_206,reserved_not_v2_candidate,source void label or official validation/test split is not a V2 candidate
train::void::void880_resized.jpg,train,void,data/raw/v2/hf_manhole_covers/train/train/void/void880_resized.jpg,cc2762c97dde8196b5dbf3676c2115670dbbe6d620853df96234dea82f42ce80,224,224,,reserved_not_v2_candidate,source void label or official validation/test split is not a V2 candidate
train::void::void881_resized.jpg,train,void,data/raw/v2/hf_manhole_covers/train/train/void/void881_resized.jpg,41887019d03f33ef0e4c0650494e77ac2d55d1251c596e8ee596bb84336cc87d,224,224,,reserved_not_v2_candidate,source void label or official validation/test split is not a V2 candidate
train::void::void882_resized.jpg,train,void,data/raw/v2/hf_manhole_covers/train/train/void/void882_resized.jpg,7d2d2ff1f86249f305cf25b1ddd05c08b28ccaa0262d8769bdb398c0239ff656,224,224,,reserved_not_v2_candidate,source void label or official validation/test split is not a V2 candidate
train::void::void883_resized.jpg,train,void,data/raw/v2/hf_manhole_covers/train/train/void/void883_resized.jpg,bd9fadfa520d4c1a233945bf1d6ce8ae6238a5b411b15f5a593a8e120250a27e,224,224,,reserved_not_v2_candidate,source void label or official validation/test split is not a V2 candidate
train::void::void884_resized.jpg,train,void,data/raw/v2/hf_manhole_covers/train/train/void/void884_resized.jpg,ab0f53bcaae3def902f8fb1fe0fbe48ff1b4ce31c69f11740125a1d414630a5c,224,224,,reserved_not_v2_candidate,source void label or official validation/test split is not a V2 candidate
train::void::void885_resized.jpg,train,void,data/raw/v2/hf_manhole_covers/train/train/void/void885_resized.jpg,67ff406f419ab7d3c6928adce40952e50ac0de48007a273067bb23f883874596,224,224,,reserved_not_v2_candidate,source void label or official validation/test split is not a V2 candidate
train::void::void886_resized.jpg,train,void,data/raw/v2/hf_manhole_covers/train/train/void/void886_resized.jpg,a02801435f79623e5bf1d48763abc4c67860af4b7d39782e9ea046b4882545b5,224,224,,reserved_not_v2_candidate,source void label or official validation/test split is not a V2 candidate
train::void::void887_resized.jpg,train,void,data/raw/v2/hf_manhole_covers/train/train/void/void887_resized.jpg,c42b62fe2efd009cb57e8b5856de360b2893a9788e78d91f19dcc15e9e7bdad3,224,224,,reserved_not_v2_candidate,source void label or official validation/test split is not a V2 candidate
train::void::void888_resized.jpg,train,void,data/raw/v2/hf_manhole_covers/train/train/void/void888_resized.jpg,3fbccec87394b31b82e090771a1a22c4c972ea9ff60207452c77f266614df176,224,224,,reserved_not_v2_candidate,source void label or official validation/test split is not a V2 candidate
train::void::void889_resized.jpg,train,void,data/raw/v2/hf_manhole_covers/train/train/void/void889_resized.jpg,e4a9ee8ea139bfff0e3f944b7b634423b5ba8ce50d799f1307a96268a44f7a90,224,224,,reserved_not_v2_candidate,source void label or official validation/test split is not a V2 candidate
train::void::void88_resized.jpg,train,void,data/raw/v2/hf_manhole_covers/train/train/void/void88_resized.jpg,713da5bb0aa929149e78bd1781158eab1ab1e6f31e1aa67d4c123e755445c977,224,224,exact_duplicate_207,reserved_not_v2_candidate,source void label or official validation/test split is not a V2 candidate
train::void::void890_resized.jpg,train,void,data/raw/v2/hf_manhole_covers/train/train/void/void890_resized.jpg,b741886833a4252f2ede810f74b0b2600b362e2cf4e5928a90959c4c8938875e,224,224,,reserved_not_v2_candidate,source void label or official validation/test split is not a V2 candidate
train::void::void891_resized.jpg,train,void,data/raw/v2/hf_manhole_covers/train/train/void/void891_resized.jpg,fdf35cf673a2eb50baf5e5ad1fc4894f40234ab86d1d1bd659ddb522b4646b50,224,224,,reserved_not_v2_candidate,source void label or official validation/test split is not a V2 candidate
train::void::void892_resized.jpg,train,void,data/raw/v2/hf_manhole_covers/train/train/void/void892_resized.jpg,20ce803fa2d9f12d1e0d36111b3d319b159fa06d2f99bb32ab619ce5bd95b66c,224,224,,reserved_not_v2_candidate,source void label or official validation/test split is not a V2 candidate
train::void::void893_resized.jpg,train,void,data/raw/v2/hf_manhole_covers/train/train/void/void893_resized.jpg,c756a252d86d59edf43d4cc2bbd69d9535907b52ca1e26a0e4a23c0996b14685,224,224,,reserved_not_v2_candidate,source void label or official validation/test split is not a V2 candidate
train::void::void894_resized.jpg,train,void,data/raw/v2/hf_manhole_covers/train/train/void/void894_resized.jpg,cf4a06d44e75b9d51b200b6c2ec60a6d3f891ab2d10088dc75147ba9117eb074,224,224,,reserved_not_v2_candidate,source void label or official validation/test split is not a V2 candidate
train::void::void895_resized.jpg,train,void,data/raw/v2/hf_manhole_covers/train/train/void/void895_resized.jpg,21ff7f501567681a4bd18582412fff2720faa12e98ed55cbaf7923a107b51c3b,224,224,,reserved_not_v2_candidate,source void label or official validation/test split is not a V2 candidate
train::void::void896_resized.jpg,train,void,data/raw/v2/hf_manhole_covers/train/train/void/void896_resized.jpg,164f5090cd5fe4bb56f706fc3909623c918e38f0cf51ada2e8b24c0f15371d5e,224,224,,reserved_not_v2_candidate,source void label or official validation/test split is not a V2 candidate
train::void::void897_resized.jpg,train,void,data/raw/v2/hf_manhole_covers/train/train/void/void897_resized.jpg,34b92a44c9d9ce79d51d730ea09c55d42277a7912e2937c261aea71d22915a07,224,224,,reserved_not_v2_candidate,source void label or official validation/test split is not a V2 candidate
train::void::void898_resized.jpg,train,void,data/raw/v2/hf_manhole_covers/train/train/void/void898_resized.jpg,9cce0846e0b7209669a1228e5b440b5621ef8a88ac52ea9d70c0b8e3b7dcf2b7,224,224,,reserved_not_v2_candidate,source void label or official validation/test split is not a V2 candidate
train::void::void899_resized.jpg,train,void,data/raw/v2/hf_manhole_covers/train/train/void/void899_resized.jpg,79daf993f9de05e4d06062fe2f06ec68eae92cb0fe8df09327614792f71808a6,224,224,,reserved_not_v2_candidate,source void label or official validation/test split is not a V2 candidate
train::void::void89_resized.jpg,train,void,data/raw/v2/hf_manhole_covers/train/train/void/void89_resized.jpg,58f57f3386e4ff5cd92e1c829b8b688803b15df0990ee0095a56bc6d1c121e56,224,224,exact_duplicate_208,reserved_not_v2_candidate,source void label or official validation/test split is not a V2 candidate
train::void::void8_resized.jpg,train,void,data/raw/v2/hf_manhole_covers/train/train/void/void8_resized.jpg,bd4199e6e795e4e5926906eb3920ec7f97b0c8918967fde45cef1cbbf5e32efb,224,224,exact_duplicate_209,reserved_not_v2_candidate,source void label or official validation/test split is not a V2 candidate
train::void::void900_resized.jpg,train,void,data/raw/v2/hf_manhole_covers/train/train/void/void900_resized.jpg,65c8c4659c8d89af2a2727ea3bd0645cb695b1f7f043e2f1809e246c97de4744,224,224,,reserved_not_v2_candidate,source void label or official validation/test split is not a V2 candidate
train::void::void901_resized.jpg,train,void,data/raw/v2/hf_manhole_covers/train/train/void/void901_resized.jpg,d196c9b7f5c8caab4f5600f94272c82b77c2b2b71ae5bdc9ae2af060baf5d5f4,224,224,,reserved_not_v2_candidate,source void label or official validation/test split is not a V2 candidate
train::void::void902_resized.jpg,train,void,data/raw/v2/hf_manhole_covers/train/train/void/void902_resized.jpg,df68dc5888e55326541d7e2944b718d1074dbb62ae1e355d3007becdaa68bbcd,224,224,,reserved_not_v2_candidate,source void label or official validation/test split is not a V2 candidate
train::void::void903_resized.jpg,train,void,data/raw/v2/hf_manhole_covers/train/train/void/void903_resized.jpg,ba65168b415af4b026b872fd3932635e8d28d5810b67437f8dc5be6b54649ce4,224,224,,reserved_not_v2_candidate,source void label or official validation/test split is not a V2 candidate
train::void::void904_resized.jpg,train,void,data/raw/v2/hf_manhole_covers/train/train/void/void904_resized.jpg,53605db41cc8b966de5d486d9c7a2a69af6bcf9e8b0504147fa65e42fd77bc50,224,224,,reserved_not_v2_candidate,source void label or official validation/test split is not a V2 candidate
train::void::void905_resized.jpg,train,void,data/raw/v2/hf_manhole_covers/train/train/void/void905_resized.jpg,a690a9e1a800e59ff45ddcbf6337d5eec6e034275c0e0d45a11f4a957b28a6aa,224,224,,reserved_not_v2_candidate,source void label or official validation/test split is not a V2 candidate
train::void::void906_resized.jpg,train,void,data/raw/v2/hf_manhole_covers/train/train/void/void906_resized.jpg,e4806502c84edf01213dd7b9eed46cf51b0b56ad0f5622c189adbc540695366d,224,224,,reserved_not_v2_candidate,source void label or official validation/test split is not a V2 candidate
train::void::void907_resized.jpg,train,void,data/raw/v2/hf_manhole_covers/train/train/void/void907_resized.jpg,a07774b0c356d097a0e7888555cacc06f03f983921f43114278be71102fa24b6,224,224,,reserved_not_v2_candidate,source void label or official validation/test split is not a V2 candidate
train::void::void908_resized.jpg,train,void,data/raw/v2/hf_manhole_covers/train/train/void/void908_resized.jpg,e70700071f0f6fdc9623cf499d7a30ac8aef330af80bd688bc6d315d50906e67,224,224,,reserved_not_v2_candidate,source void label or official validation/test split is not a V2 candidate
train::void::void909_resized.jpg,train,void,data/raw/v2/hf_manhole_covers/train/train/void/void909_resized.jpg,82d6756328769ebe98fc6572eb93a67789960587ea0a320f1ec1cad8185b5f66,224,224,,reserved_not_v2_candidate,source void label or official validation/test split is not a V2 candidate
train::void::void90_resized.jpg,train,void,data/raw/v2/hf_manhole_covers/train/train/void/void90_resized.jpg,a9cb8b7edde2ea1a266b59a3e6bde2ec0ee1dd9fed0dd72329c4a533d1716463,224,224,exact_duplicate_210,reserved_not_v2_candidate,source void label or official validation/test split is not a V2 candidate
train::void::void910_resized.jpg,train,void,data/raw/v2/hf_manhole_covers/train/train/void/void910_resized.jpg,2e13fe06c51adea004e1583a62f15b38d82f94f55c5b223e92fbc50338d3ae2a,224,224,,reserved_not_v2_candidate,source void label or official validation/test split is not a V2 candidate
train::void::void911_resized.jpg,train,void,data/raw/v2/hf_manhole_covers/train/train/void/void911_resized.jpg,3ea43b46005a5db8004ccf8d9d148c1677a5e51228965d64c7f4e67a6e6baa6f,224,224,,reserved_not_v2_candidate,source void label or official validation/test split is not a V2 candidate
train::void::void912_resized.jpg,train,void,data/raw/v2/hf_manhole_covers/train/train/void/void912_resized.jpg,52a66288ad2a0ca4e8673e65c263b269233553f861cefe8fe5ea39bbd3998b1a,224,224,,reserved_not_v2_candidate,source void label or official validation/test split is not a V2 candidate
train::void::void913_resized.jpg,train,void,data/raw/v2/hf_manhole_covers/train/train/void/void913_resized.jpg,776d935bc4dcc108ce502e70dabae298cc9182e0c3ba8db7b6340dc26b8cf98a,224,224,,reserved_not_v2_candidate,source void label or official validation/test split is not a V2 candidate
train::void::void914_resized.jpg,train,void,data/raw/v2/hf_manhole_covers/train/train/void/void914_resized.jpg,93d20a16499f79782784db763247704006c7656fe32b192b4a36c43ba8f01ef5,224,224,,reserved_not_v2_candidate,source void label or official validation/test split is not a V2 candidate
train::void::void915_resized.jpg,train,void,data/raw/v2/hf_manhole_covers/train/train/void/void915_resized.jpg,63d6ec1610a9060d98e465989751f332247424c46d62043c718d7c468425c927,224,224,,reserved_not_v2_candidate,source void label or official validation/test split is not a V2 candidate
train::void::void916_resized.jpg,train,void,data/raw/v2/hf_manhole_covers/train/train/void/void916_resized.jpg,656ba6f3e0ce219e1a06d36fd9917ad4ba671141a461006c852cbe7ec202a49b,224,224,,reserved_not_v2_candidate,source void label or official validation/test split is not a V2 candidate
train::void::void917_resized.jpg,train,void,data/raw/v2/hf_manhole_covers/train/train/void/void917_resized.jpg,f0c11a6fe31cc7649ec7b7f8a00936112b0d4fc83ea9ef39e133aa26ea422a18,224,224,,reserved_not_v2_candidate,source void label or official validation/test split is not a V2 candidate
train::void::void918_resized.jpg,train,void,data/raw/v2/hf_manhole_covers/train/train/void/void918_resized.jpg,803028c2caada1f2438e4be3fc92ec1d3ed1ad35ec0c9663d47f4fd4ec8c3fa9,224,224,,reserved_not_v2_candidate,source void label or official validation/test split is not a V2 candidate
train::void::void919_resized.jpg,train,void,data/raw/v2/hf_manhole_covers/train/train/void/void919_resized.jpg,f8b627efed7cfefc5602e7723f33895e02909b57c13ff9725440cf4e19917c7b,224,224,,reserved_not_v2_candidate,source void label or official validation/test split is not a V2 candidate
train::void::void91_resized.jpg,train,void,data/raw/v2/hf_manhole_covers/train/train/void/void91_resized.jpg,133cc14b5328424d5012ade8abf5446e021b9881a1e3165809963e0d42347deb,224,224,exact_duplicate_211,reserved_not_v2_candidate,source void label or official validation/test split is not a V2 candidate
train::void::void920_resized.jpg,train,void,data/raw/v2/hf_manhole_covers/train/train/void/void920_resized.jpg,4c6203cc7c98961f3d73a6c5385a477e7f273adf1188db80f148c3ecf5f84e30,224,224,,reserved_not_v2_candidate,source void label or official validation/test split is not a V2 candidate
train::void::void921_resized.jpg,train,void,data/raw/v2/hf_manhole_covers/train/train/void/void921_resized.jpg,f1592affdd8d7b4a748d876542fc4d071e9fcdb3d7b9afdc83c62947166299c7,224,224,,reserved_not_v2_candidate,source void label or official validation/test split is not a V2 candidate
train::void::void922_resized.jpg,train,void,data/raw/v2/hf_manhole_covers/train/train/void/void922_resized.jpg,313e79e4693d86630d9f601e8292c4f71e07943ba4e613a61fa4ae67c71790c8,224,224,,reserved_not_v2_candidate,source void label or official validation/test split is not a V2 candidate
train::void::void923_resized.jpg,train,void,data/raw/v2/hf_manhole_covers/train/train/void/void923_resized.jpg,16c950c6059fe813cd4cfc4d073c9fe8e704e2406691b273cef5eea39e70c314,224,224,,reserved_not_v2_candidate,source void label or official validation/test split is not a V2 candidate
train::void::void924_resized.jpg,train,void,data/raw/v2/hf_manhole_covers/train/train/void/void924_resized.jpg,ba7b8ad67eb1c18ae22cbaac322d8d472945d979956975e6df15c760dbe7967f,224,224,,reserved_not_v2_candidate,source void label or official validation/test split is not a V2 candidate
train::void::void925_resized.jpg,train,void,data/raw/v2/hf_manhole_covers/train/train/void/void925_resized.jpg,4019d7e4d9b034260f2a1a6574b1fc1dca5decc2af0921ea481388500e700a17,224,224,,reserved_not_v2_candidate,source void label or official validation/test split is not a V2 candidate
train::void::void926_resized.jpg,train,void,data/raw/v2/hf_manhole_covers/train/train/void/void926_resized.jpg,57922b273fbd81e35d990e5d11bf5b7cbb91e8cb86507ba8e2fc976816065075,224,224,,reserved_not_v2_candidate,source void label or official validation/test split is not a V2 candidate
train::void::void927_resized.jpg,train,void,data/raw/v2/hf_manhole_covers/train/train/void/void927_resized.jpg,34981f291631b90775c8cf565683a1a57d771bfa7b6bfb5e731f5196c54f2c94,224,224,,reserved_not_v2_candidate,source void label or official validation/test split is not a V2 candidate
train::void::void928_resized.jpg,train,void,data/raw/v2/hf_manhole_covers/train/train/void/void928_resized.jpg,80a89236c4efaf9db547d937adedfa2e374ac20a18bdba6f61e6fef3bade56fa,224,224,,reserved_not_v2_candidate,source void label or official validation/test split is not a V2 candidate
train::void::void929_resized.jpg,train,void,data/raw/v2/hf_manhole_covers/train/train/void/void929_resized.jpg,1fe2d8df6141aa6ec8b3bba0ffa9c5273d2f5ad4f53709652bcae0fe2e13cce1,224,224,,reserved_not_v2_candidate,source void label or official validation/test split is not a V2 candidate
train::void::void92_resized.jpg,train,void,data/raw/v2/hf_manhole_covers/train/train/void/void92_resized.jpg,7ea49077232e0419cbd818ef9aad35421e7b09e8cfaaaf844c19a1a8c5ebc3cb,224,224,exact_duplicate_212,reserved_not_v2_candidate,source void label or official validation/test split is not a V2 candidate
train::void::void930_resized.jpg,train,void,data/raw/v2/hf_manhole_covers/train/train/void/void930_resized.jpg,61199c394cc4cadfe06faa21823412de403ce340b223fa86d9ccbd1855c10f48,224,224,,reserved_not_v2_candidate,source void label or official validation/test split is not a V2 candidate
train::void::void931_resized.jpg,train,void,data/raw/v2/hf_manhole_covers/train/train/void/void931_resized.jpg,bc489ccb3779cb42d88ecf05e18b22acea2bf3e97c479b42e730198a53752a85,224,224,,reserved_not_v2_candidate,source void label or official validation/test split is not a V2 candidate
train::void::void932_resized.jpg,train,void,data/raw/v2/hf_manhole_covers/train/train/void/void932_resized.jpg,5a0fca96de85eb21738bbbcbe6d2e9857bef9f30cc5d1838581b208a420b343e,224,224,,reserved_not_v2_candidate,source void label or official validation/test split is not a V2 candidate
train::void::void933_resized.jpg,train,void,data/raw/v2/hf_manhole_covers/train/train/void/void933_resized.jpg,4669121f2d1e57a279b21f962884b1e71f653e688971dc2009a4c25c4801ca4a,224,224,,reserved_not_v2_candidate,source void label or official validation/test split is not a V2 candidate
train::void::void934_resized.jpg,train,void,data/raw/v2/hf_manhole_covers/train/train/void/void934_resized.jpg,275d8255e398b1cd792de1f1a2fb0535598d58d847da69db11bceb00a7f2f715,224,224,,reserved_not_v2_candidate,source void label or official validation/test split is not a V2 candidate
train::void::void935_resized.jpg,train,void,data/raw/v2/hf_manhole_covers/train/train/void/void935_resized.jpg,caaf840f55d819d33f59ca98556e2667418885e7c92fa4a245e347a1ad8a3154,224,224,,reserved_not_v2_candidate,source void label or official validation/test split is not a V2 candidate
train::void::void936_resized.jpg,train,void,data/raw/v2/hf_manhole_covers/train/train/void/void936_resized.jpg,54f31d5f79b22fb68daacb5697792de9d8e5c6ad2c866b0fb353b295f2096aa2,224,224,,reserved_not_v2_candidate,source void label or official validation/test split is not a V2 candidate
train::void::void937_resized.jpg,train,void,data/raw/v2/hf_manhole_covers/train/train/void/void937_resized.jpg,cfbea84269f03ae66a6d09f09b09ac8d66522b170aca6a944cb45d9f95182bc8,224,224,,reserved_not_v2_candidate,source void label or official validation/test split is not a V2 candidate
train::void::void938_resized.jpg,train,void,data/raw/v2/hf_manhole_covers/train/train/void/void938_resized.jpg,81bdd55ec1080c1d337f7ac6ad414f3f61ba3f252cdd1cd34390dfeaafb8df33,224,224,,reserved_not_v2_candidate,source void label or official validation/test split is not a V2 candidate
train::void::void939_resized.jpg,train,void,data/raw/v2/hf_manhole_covers/train/train/void/void939_resized.jpg,7dcdc61228889264d05107e002b0b36d66b82b5a4239ed2c5de216d8757efbea,224,224,,reserved_not_v2_candidate,source void label or official validation/test split is not a V2 candidate
train::void::void93_resized.jpg,train,void,data/raw/v2/hf_manhole_covers/train/train/void/void93_resized.jpg,322af3f83d9ed5a6a5d54e7f57345756c9dbab03d3cf7596b536742ddc7e6ab7,224,224,exact_duplicate_213,reserved_not_v2_candidate,source void label or official validation/test split is not a V2 candidate
train::void::void940_resized.jpg,train,void,data/raw/v2/hf_manhole_covers/train/train/void/void940_resized.jpg,f1d2734ea328aa6fc5458f3e248a53bc0d8c7b5d72c4c04a379833cf71744ea2,224,224,,reserved_not_v2_candidate,source void label or official validation/test split is not a V2 candidate
train::void::void941_resized.jpg,train,void,data/raw/v2/hf_manhole_covers/train/train/void/void941_resized.jpg,c2d36dc690cc61b7e8e9e6dc61e65103f6ebf969737e93715758d81823687071,224,224,,reserved_not_v2_candidate,source void label or official validation/test split is not a V2 candidate
train::void::void942_resized.jpg,train,void,data/raw/v2/hf_manhole_covers/train/train/void/void942_resized.jpg,657d69af37cef25f5216a30078ccd1b714cbe97cc9eae164be15e384c012e234,224,224,,reserved_not_v2_candidate,source void label or official validation/test split is not a V2 candidate
train::void::void943_resized.jpg,train,void,data/raw/v2/hf_manhole_covers/train/train/void/void943_resized.jpg,be8d3f21f65d972b9ca96bfebd67c117c49040f12b3aed1270acca4292e1e74f,224,224,,reserved_not_v2_candidate,source void label or official validation/test split is not a V2 candidate
train::void::void944_resized.jpg,train,void,data/raw/v2/hf_manhole_covers/train/train/void/void944_resized.jpg,9388f2ec3f2b547b35d8ec793a4ffeed4d5cb9ad6fbf545e566cca71705a7bf1,224,224,,reserved_not_v2_candidate,source void label or official validation/test split is not a V2 candidate
train::void::void945_resized.jpg,train,void,data/raw/v2/hf_manhole_covers/train/train/void/void945_resized.jpg,b32b4f1338f662f0fd8687d230402478ca61704eba5ed4b72e22ccab0ca68e66,224,224,,reserved_not_v2_candidate,source void label or official validation/test split is not a V2 candidate
train::void::void946_resized.jpg,train,void,data/raw/v2/hf_manhole_covers/train/train/void/void946_resized.jpg,861ed0c1ce8c8e4e4945a94cf3c29f02622de997a3507db5e60b90fbe69ea5a0,224,224,,reserved_not_v2_candidate,source void label or official validation/test split is not a V2 candidate
train::void::void947_resized.jpg,train,void,data/raw/v2/hf_manhole_covers/train/train/void/void947_resized.jpg,aaaa2852ef8edcdf4e194ba72ad09583abc41d72655ad70fc7b55797d6644973,224,224,,reserved_not_v2_candidate,source void label or official validation/test split is not a V2 candidate
train::void::void948_resized.jpg,train,void,data/raw/v2/hf_manhole_covers/train/train/void/void948_resized.jpg,65d1f65514760dd55dbfdf215575a6657ccd264d84f940bf9e08b61fc5306a30,224,224,,reserved_not_v2_candidate,source void label or official validation/test split is not a V2 candidate
train::void::void949_resized.jpg,train,void,data/raw/v2/hf_manhole_covers/train/train/void/void949_resized.jpg,42d088cdbf64ac6d06051fdeb8503c3eb4a6cf33b07db0006c4261fb44c34755,224,224,,reserved_not_v2_candidate,source void label or official validation/test split is not a V2 candidate
train::void::void94_resized.jpg,train,void,data/raw/v2/hf_manhole_covers/train/train/void/void94_resized.jpg,b08b937e0b99f4fc43e705f4dbf59725bbf69890d045bc20f6de73a32f6ee01a,224,224,exact_duplicate_214,reserved_not_v2_candidate,source void label or official validation/test split is not a V2 candidate
train::void::void950_resized.jpg,train,void,data/raw/v2/hf_manhole_covers/train/train/void/void950_resized.jpg,8c5e1c824632b72115b9d50849e06fdaad368e26acf511992c4795508072bc52,224,224,,reserved_not_v2_candidate,source void label or official validation/test split is not a V2 candidate
train::void::void951_resized.jpg,train,void,data/raw/v2/hf_manhole_covers/train/train/void/void951_resized.jpg,6653dc628837971d39ad0af932f915049b2a1c0f775b11641642cdf1d50515f2,224,224,,reserved_not_v2_candidate,source void label or official validation/test split is not a V2 candidate
train::void::void952_resized.jpg,train,void,data/raw/v2/hf_manhole_covers/train/train/void/void952_resized.jpg,d06cd603e79d6ff563c7b8f8ac57c5639bb5e0e023dd2e7a3b4dcf164aa5de38,224,224,,reserved_not_v2_candidate,source void label or official validation/test split is not a V2 candidate
train::void::void953_resized.jpg,train,void,data/raw/v2/hf_manhole_covers/train/train/void/void953_resized.jpg,e36e0218ee2a640fbef5fd432b9866cce77c8affba456aac7ef86a8057a7b3c8,224,224,,reserved_not_v2_candidate,source void label or official validation/test split is not a V2 candidate
train::void::void954_resized.jpg,train,void,data/raw/v2/hf_manhole_covers/train/train/void/void954_resized.jpg,f61fa8643bc4b314f1e2ad82be4d07698e34051016f605685c131489b6363547,224,224,,reserved_not_v2_candidate,source void label or official validation/test split is not a V2 candidate
train::void::void955_resized.jpg,train,void,data/raw/v2/hf_manhole_covers/train/train/void/void955_resized.jpg,4e608c74f6ce8ddc86465cabed426cd532beb0fb104b96c2b4f3a0c664949ec7,224,224,,reserved_not_v2_candidate,source void label or official validation/test split is not a V2 candidate
train::void::void956_resized.jpg,train,void,data/raw/v2/hf_manhole_covers/train/train/void/void956_resized.jpg,48934244ba0a044ffec6c933ef5f90dba5f82811031785e2a82c85964e9f8c7c,224,224,,reserved_not_v2_candidate,source void label or official validation/test split is not a V2 candidate
train::void::void957_resized.jpg,train,void,data/raw/v2/hf_manhole_covers/train/train/void/void957_resized.jpg,d07b6c5bf34e1eb54274cc6120c4369825643894096f4dad0b19ff1398510aea,224,224,,reserved_not_v2_candidate,source void label or official validation/test split is not a V2 candidate
train::void::void958_resized.jpg,train,void,data/raw/v2/hf_manhole_covers/train/train/void/void958_resized.jpg,8f93f3cba783a80247842bc83e658df1fe8cedd266e9438c099f9955749bbbd0,224,224,,reserved_not_v2_candidate,source void label or official validation/test split is not a V2 candidate
train::void::void959_resized.jpg,train,void,data/raw/v2/hf_manhole_covers/train/train/void/void959_resized.jpg,84c91d8a68e180c5ff7333a95fe713cdc887156f35b638dce56a0eb5b41c1aca,224,224,,reserved_not_v2_candidate,source void label or official validation/test split is not a V2 candidate
train::void::void95_resized.jpg,train,void,data/raw/v2/hf_manhole_covers/train/train/void/void95_resized.jpg,910fae3371457343a36c6fc6195c043fe4424727cec1bc388a3a084472ebe688,224,224,exact_duplicate_215,reserved_not_v2_candidate,source void label or official validation/test split is not a V2 candidate
train::void::void960_resized.jpg,train,void,data/raw/v2/hf_manhole_covers/train/train/void/void960_resized.jpg,b2edbf619dcee1944b97d810d1a24167828f5f462b839ab976b173c6f9d87a60,224,224,,reserved_not_v2_candidate,source void label or official validation/test split is not a V2 candidate
train::void::void961_resized.jpg,train,void,data/raw/v2/hf_manhole_covers/train/train/void/void961_resized.jpg,3edfe6e2daefde39e33242bd6c6d89c089534a8c505caccecffd94e8cef53e19,224,224,,reserved_not_v2_candidate,source void label or official validation/test split is not a V2 candidate
train::void::void962_resized.jpg,train,void,data/raw/v2/hf_manhole_covers/train/train/void/void962_resized.jpg,84cd3ba0b63627cda94483463a8dcabe4a9a9006393eeb6e342eda881dd9532c,224,224,,reserved_not_v2_candidate,source void label or official validation/test split is not a V2 candidate
train::void::void963_resized.jpg,train,void,data/raw/v2/hf_manhole_covers/train/train/void/void963_resized.jpg,26131bf98641e29429fa40ffdc8ee0f11d732ca720808340764ad42f294550c5,224,224,,reserved_not_v2_candidate,source void label or official validation/test split is not a V2 candidate
train::void::void964_resized.jpg,train,void,data/raw/v2/hf_manhole_covers/train/train/void/void964_resized.jpg,63cabae7e4299fa37f14b3196631925a023e4740465b0e41fd79c06882c7d23c,224,224,,reserved_not_v2_candidate,source void label or official validation/test split is not a V2 candidate
train::void::void965_resized.jpg,train,void,data/raw/v2/hf_manhole_covers/train/train/void/void965_resized.jpg,eaaf2ec4a6d387dc983cfb06f3284453a159860a2b8fd6ca2b47facb9c3179b1,224,224,,reserved_not_v2_candidate,source void label or official validation/test split is not a V2 candidate
train::void::void966_resized.jpg,train,void,data/raw/v2/hf_manhole_covers/train/train/void/void966_resized.jpg,443e8ef10611934f34122031ef139cef3ba99063fb9501c80506449464fdd013,224,224,,reserved_not_v2_candidate,source void label or official validation/test split is not a V2 candidate
train::void::void967_resized.jpg,train,void,data/raw/v2/hf_manhole_covers/train/train/void/void967_resized.jpg,ad4298fe75a121a53899cc7b12e03cf2c47a77bd37f71116a83a1cbb08fda879,224,224,,reserved_not_v2_candidate,source void label or official validation/test split is not a V2 candidate
train::void::void968_resized.jpg,train,void,data/raw/v2/hf_manhole_covers/train/train/void/void968_resized.jpg,2cea2cb6d54fccf45b78715c45f7ff2fc8eb15b2cf5d05ed21b4ca53aa41cbd6,224,224,,reserved_not_v2_candidate,source void label or official validation/test split is not a V2 candidate
train::void::void969_resized.jpg,train,void,data/raw/v2/hf_manhole_covers/train/train/void/void969_resized.jpg,8bf2f4e6d1baa63358021836d0638d324169580ea70c6421b5e5950d54ad3d79,224,224,,reserved_not_v2_candidate,source void label or official validation/test split is not a V2 candidate
train::void::void96_resized.jpg,train,void,data/raw/v2/hf_manhole_covers/train/train/void/void96_resized.jpg,7db06a33cf8d1d230eff2243399be6a7c0854abb6ed5ebe69a975847c16fd5ac,224,224,exact_duplicate_216,reserved_not_v2_candidate,source void label or official validation/test split is not a V2 candidate
train::void::void970_resized.jpg,train,void,data/raw/v2/hf_manhole_covers/train/train/void/void970_resized.jpg,ba344e748d6313c682c83cb9138c7edb163525765951043e55bd1268c2c5d7fc,224,224,,reserved_not_v2_candidate,source void label or official validation/test split is not a V2 candidate
train::void::void971_resized.jpg,train,void,data/raw/v2/hf_manhole_covers/train/train/void/void971_resized.jpg,bff1268c38098945522d2915f88b61770dd1fbf9dda9022787e04cbbd6b9b43f,224,224,,reserved_not_v2_candidate,source void label or official validation/test split is not a V2 candidate
train::void::void972_resized.jpg,train,void,data/raw/v2/hf_manhole_covers/train/train/void/void972_resized.jpg,26e17b330fe0cfe241749396eacec4fe026ba7299dcab59a7e27aa88557890c5,224,224,,reserved_not_v2_candidate,source void label or official validation/test split is not a V2 candidate
train::void::void973_resized.jpg,train,void,data/raw/v2/hf_manhole_covers/train/train/void/void973_resized.jpg,9e5929f73884070c64232fb443d85aee18abc7b9562d8e0e10f14a3fe4f8f67a,224,224,,reserved_not_v2_candidate,source void label or official validation/test split is not a V2 candidate
train::void::void974_resized.jpg,train,void,data/raw/v2/hf_manhole_covers/train/train/void/void974_resized.jpg,6f8dc3954f4d63679f3d7cc560c6ee8ebca044097bf1b7a9728cd90c5c0d2e82,224,224,,reserved_not_v2_candidate,source void label or official validation/test split is not a V2 candidate
train::void::void975_resized.jpg,train,void,data/raw/v2/hf_manhole_covers/train/train/void/void975_resized.jpg,4e0c12fdd0711b91b9a359933abafc074a31bba852d8c63dc6c4bd87c76a2b72,224,224,,reserved_not_v2_candidate,source void label or official validation/test split is not a V2 candidate
train::void::void976_resized.jpg,train,void,data/raw/v2/hf_manhole_covers/train/train/void/void976_resized.jpg,9270f8b0f314eb6d6acf797bf04fc2c77e57390a56168085527369cff9c9f9e4,224,224,,reserved_not_v2_candidate,source void label or official validation/test split is not a V2 candidate
train::void::void977_resized.jpg,train,void,data/raw/v2/hf_manhole_covers/train/train/void/void977_resized.jpg,2258ab7df2e3f5c80ad579fa38914a8519f2c5dd7367e31c03e4dfb43cefbc32,224,224,,reserved_not_v2_candidate,source void label or official validation/test split is not a V2 candidate
train::void::void978_resized.jpg,train,void,data/raw/v2/hf_manhole_covers/train/train/void/void978_resized.jpg,adce92193355ca72a8d2e9f21a9470d115517c8f26e3c4b221473f7898372281,224,224,,reserved_not_v2_candidate,source void label or official validation/test split is not a V2 candidate
train::void::void979_resized.jpg,train,void,data/raw/v2/hf_manhole_covers/train/train/void/void979_resized.jpg,5ff8091ad1156ab8b85493ee86a126b375daf731740b25971b10d7afa28efb30,224,224,,reserved_not_v2_candidate,source void label or official validation/test split is not a V2 candidate
train::void::void97_resized.jpg,train,void,data/raw/v2/hf_manhole_covers/train/train/void/void97_resized.jpg,a4d3149f311ff5ed79b3b99bb27ab210d870e2dacd3b56971bbf8898ac6baa40,224,224,exact_duplicate_217,reserved_not_v2_candidate,source void label or official validation/test split is not a V2 candidate
train::void::void980_resized.jpg,train,void,data/raw/v2/hf_manhole_covers/train/train/void/void980_resized.jpg,2fb3b62bb3132e6fca8dc8288415db8fc5ff6b523f2fcf630a9d552ff96685dc,224,224,,reserved_not_v2_candidate,source void label or official validation/test split is not a V2 candidate
train::void::void981_resized.jpg,train,void,data/raw/v2/hf_manhole_covers/train/train/void/void981_resized.jpg,f8d91cc00a9c4b08864ae73617fb267b0c86a1201e6247fc20fc036a8d5ff034,224,224,,reserved_not_v2_candidate,source void label or official validation/test split is not a V2 candidate
train::void::void982_resized.jpg,train,void,data/raw/v2/hf_manhole_covers/train/train/void/void982_resized.jpg,35466f20bb3b948443e2c3fafed69a9e246f0cdafa5defa62d7f43cb2cfa4be3,224,224,,reserved_not_v2_candidate,source void label or official validation/test split is not a V2 candidate
train::void::void983_resized.jpg,train,void,data/raw/v2/hf_manhole_covers/train/train/void/void983_resized.jpg,8c739d638430df2665d3caf3f92229ff79539a15e53f2da356c49c85a1d8a7f2,224,224,,reserved_not_v2_candidate,source void label or official validation/test split is not a V2 candidate
train::void::void984_resized.jpg,train,void,data/raw/v2/hf_manhole_covers/train/train/void/void984_resized.jpg,1ca00d59c80e722cf519a17c75a660f5afe1e75ddb0816e6d3d229ae077e80d5,224,224,,reserved_not_v2_candidate,source void label or official validation/test split is not a V2 candidate
train::void::void985_resized.jpg,train,void,data/raw/v2/hf_manhole_covers/train/train/void/void985_resized.jpg,7a272def34b54caa68f2fdf074a153965dae1fd55441d9acdf53bc4525fec39a,224,224,,reserved_not_v2_candidate,source void label or official validation/test split is not a V2 candidate
train::void::void986_resized.jpg,train,void,data/raw/v2/hf_manhole_covers/train/train/void/void986_resized.jpg,d5ea63bc9d15c36c4f49be63d9b2037700b405bbeb5eb0feed9cc7164f5fbbe6,224,224,,reserved_not_v2_candidate,source void label or official validation/test split is not a V2 candidate
train::void::void987_resized.jpg,train,void,data/raw/v2/hf_manhole_covers/train/train/void/void987_resized.jpg,df4d91b331d1b50a98736d7bb6462b66f840a420b9a4a6b3dce37d127c037aa7,224,224,,reserved_not_v2_candidate,source void label or official validation/test split is not a V2 candidate
train::void::void988_resized.jpg,train,void,data/raw/v2/hf_manhole_covers/train/train/void/void988_resized.jpg,858f771cf61ea172222fc33bf30aa513fb1c63ee9f6a81e24082be448c959d5a,224,224,,reserved_not_v2_candidate,source void label or official validation/test split is not a V2 candidate
train::void::void989_resized.jpg,train,void,data/raw/v2/hf_manhole_covers/train/train/void/void989_resized.jpg,922ccbf40c89911dfad0e68f90ee2832e2c2112be24bf3932ae39e0586191f2b,224,224,,reserved_not_v2_candidate,source void label or official validation/test split is not a V2 candidate
train::void::void98_resized.jpg,train,void,data/raw/v2/hf_manhole_covers/train/train/void/void98_resized.jpg,7ef9efaad9f2eb78f0794d37b070ecf28737608b827d55b96fb7a5f33e941d42,224,224,exact_duplicate_218,reserved_not_v2_candidate,source void label or official validation/test split is not a V2 candidate
train::void::void990_resized.jpg,train,void,data/raw/v2/hf_manhole_covers/train/train/void/void990_resized.jpg,52aef7ffd270bddeb3e99e391f49429880668040f8000192670e09d4b93d3767,224,224,,reserved_not_v2_candidate,source void label or official validation/test split is not a V2 candidate
train::void::void991_resized.jpg,train,void,data/raw/v2/hf_manhole_covers/train/train/void/void991_resized.jpg,26c2e5dbe1339c97b5c685cf1215a51d58e99a782a1fa5d11ffd0a3a7ff48dc7,224,224,,reserved_not_v2_candidate,source void label or official validation/test split is not a V2 candidate
train::void::void992_resized.jpg,train,void,data/raw/v2/hf_manhole_covers/train/train/void/void992_resized.jpg,d61795190e3dd85cf1598b9ff75a47025e171b0ad31adc81e854629604f5d09d,224,224,,reserved_not_v2_candidate,source void label or official validation/test split is not a V2 candidate
train::void::void993_resized.jpg,train,void,data/raw/v2/hf_manhole_covers/train/train/void/void993_resized.jpg,1c6ce70b03172a6229a86e10cff29f4ed74bb5e3c8001ad6a159b5a4b9b3061a,224,224,,reserved_not_v2_candidate,source void label or official validation/test split is not a V2 candidate
train::void::void994_resized.jpg,train,void,data/raw/v2/hf_manhole_covers/train/train/void/void994_resized.jpg,035a57d53aec999ddcd422c52e4322ed901ef2d8ab23284d75f9ad90b3681d82,224,224,,reserved_not_v2_candidate,source void label or official validation/test split is not a V2 candidate
train::void::void995_resized.jpg,train,void,data/raw/v2/hf_manhole_covers/train/train/void/void995_resized.jpg,ef5ae78253cfd66f0496dc55fe5c38d5936c13d7510fd2ef6628d1a43c4f11ff,224,224,,reserved_not_v2_candidate,source void label or official validation/test split is not a V2 candidate
train::void::void996_resized.jpg,train,void,data/raw/v2/hf_manhole_covers/train/train/void/void996_resized.jpg,b0f4cbc85d959eda602826ff6b6837b5e111f4414bac2197afe1a5120701bd43,224,224,,reserved_not_v2_candidate,source void label or official validation/test split is not a V2 candidate
train::void::void997_resized.jpg,train,void,data/raw/v2/hf_manhole_covers/train/train/void/void997_resized.jpg,f15397e7069f34e48591e4a7b8236981f6ede06178e687ac7d554055910ddd23,224,224,,reserved_not_v2_candidate,source void label or official validation/test split is not a V2 candidate
train::void::void998_resized.jpg,train,void,data/raw/v2/hf_manhole_covers/train/train/void/void998_resized.jpg,7de6a42583ae8c3bb8d15076f604622242817313349507a0d6a1629a45e43a03,224,224,,reserved_not_v2_candidate,source void label or official validation/test split is not a V2 candidate
train::void::void999_resized.jpg,train,void,data/raw/v2/hf_manhole_covers/train/train/void/void999_resized.jpg,39cf649719c14a11f053d4843daaf993ba5cecfd6dbe366ab898d55e043a357b,224,224,,reserved_not_v2_candidate,source void label or official validation/test split is not a V2 candidate
train::void::void99_resized.jpg,train,void,data/raw/v2/hf_manhole_covers/train/train/void/void99_resized.jpg,b27db56188743d52ab1feb9d2867a35463d122f68ad6d507aa0ab056b009038e,224,224,exact_duplicate_219,reserved_not_v2_candidate,source void label or official validation/test split is not a V2 candidate
train::void::void9_resized.jpg,train,void,data/raw/v2/hf_manhole_covers/train/train/void/void9_resized.jpg,18dd3b383be3e58601106748733f0d51461d8c22d0a6cbb8fe716a8868d2ddaa,224,224,exact_duplicate_220,reserved_not_v2_candidate,source void label or official validation/test split is not a V2 candidate
valid::manhole::manhole (1313).jpg,valid,manhole,data/raw/v2/hf_manhole_covers/valid/valid/manhole/manhole (1313).jpg,0463b3a36668d27e6022cfbbf41c9467e1bcc54f6b49d4b0631f18c3a2c75110,224,224,,reserved_not_v2_candidate,source void label or official validation/test split is not a V2 candidate
valid::manhole::manhole (1314).jpg,valid,manhole,data/raw/v2/hf_manhole_covers/valid/valid/manhole/manhole (1314).jpg,16957a7272ad7e9473cdc4ea9ea51fbdfa64984ccda27169fc76dc6461a8b679,224,224,,reserved_not_v2_candidate,source void label or official validation/test split is not a V2 candidate
valid::manhole::manhole (1315).jpg,valid,manhole,data/raw/v2/hf_manhole_covers/valid/valid/manhole/manhole (1315).jpg,1d13f8b5c738c0fd38f2fcd0d418ae32164fed1ef2c4ab5cadbeb7a14e199cce,224,224,,reserved_not_v2_candidate,source void label or official validation/test split is not a V2 candidate
valid::manhole::manhole (1316).jpg,valid,manhole,data/raw/v2/hf_manhole_covers/valid/valid/manhole/manhole (1316).jpg,2cbaefd05a423e5215b40bd705bb1e9d6eff695d4050c2b9f86ab9509f60f161,224,224,,reserved_not_v2_candidate,source void label or official validation/test split is not a V2 candidate
valid::manhole::manhole (1317).jpg,valid,manhole,data/raw/v2/hf_manhole_covers/valid/valid/manhole/manhole (1317).jpg,8cdac14c9fa1eb110e9abc5403db0a43f02d0fb93ba010307fe7291bfdc92cfa,224,224,,reserved_not_v2_candidate,source void label or official validation/test split is not a V2 candidate
valid::manhole::manhole (1318).jpg,valid,manhole,data/raw/v2/hf_manhole_covers/valid/valid/manhole/manhole (1318).jpg,bf9a87dcb2e3111c3ad66d68e4115e895dac9fb13c48ee720d4ec091997a29be,224,224,,reserved_not_v2_candidate,source void label or official validation/test split is not a V2 candidate
valid::manhole::manhole (1319).jpg,valid,manhole,data/raw/v2/hf_manhole_covers/valid/valid/manhole/manhole (1319).jpg,8b2fcc68ed90fb88fb3e821b1049fa4c1bb026eb4e0fdcd7e0ea95281ede509d,224,224,,reserved_not_v2_candidate,source void label or official validation/test split is not a V2 candidate
valid::manhole::manhole (1320).jpg,valid,manhole,data/raw/v2/hf_manhole_covers/valid/valid/manhole/manhole (1320).jpg,8941797db0a441756ddecaa3593e71890e27a9429e41e4d6ce0d563f5518f03e,224,224,,reserved_not_v2_candidate,source void label or official validation/test split is not a V2 candidate
valid::manhole::manhole (1321).jpg,valid,manhole,data/raw/v2/hf_manhole_covers/valid/valid/manhole/manhole (1321).jpg,4682b2aa386d3b46fe45175d7572af044d50ae600aec0a9da6e7101ff461dea2,224,224,,reserved_not_v2_candidate,source void label or official validation/test split is not a V2 candidate
valid::manhole::manhole (1322).jpg,valid,manhole,data/raw/v2/hf_manhole_covers/valid/valid/manhole/manhole (1322).jpg,70038ef7178b304904cfc79e1965aca2bcac486e6665e3211b8dde0e4fbcb234,224,224,,reserved_not_v2_candidate,source void label or official validation/test split is not a V2 candidate
valid::manhole::manhole (1323).jpg,valid,manhole,data/raw/v2/hf_manhole_covers/valid/valid/manhole/manhole (1323).jpg,9388bc7e9ca3c5f49d15a9538b2bd8357228873ca27fbc51205597c5fe304a36,224,224,,reserved_not_v2_candidate,source void label or official validation/test split is not a V2 candidate
valid::manhole::manhole (1324).jpg,valid,manhole,data/raw/v2/hf_manhole_covers/valid/valid/manhole/manhole (1324).jpg,735ee011df6732fd7f5888ce05eeaf40a8b205d573793d7cf242b1fb1c5aeb27,224,224,,reserved_not_v2_candidate,source void label or official validation/test split is not a V2 candidate
valid::manhole::manhole (1325).jpg,valid,manhole,data/raw/v2/hf_manhole_covers/valid/valid/manhole/manhole (1325).jpg,4e3139bf568a2498dd431e2f12643ff1c278fe6588cd67cbcb66b86e42f0ee0c,224,224,,reserved_not_v2_candidate,source void label or official validation/test split is not a V2 candidate
valid::manhole::manhole (1326).jpg,valid,manhole,data/raw/v2/hf_manhole_covers/valid/valid/manhole/manhole (1326).jpg,76c09aba9040db66f235cd492dc965e51b507c926b8e62dac3a74b0cb4eefa1a,224,224,,reserved_not_v2_candidate,source void label or official validation/test split is not a V2 candidate
valid::manhole::manhole (1327).jpg,valid,manhole,data/raw/v2/hf_manhole_covers/valid/valid/manhole/manhole (1327).jpg,6ed8f84b72f3a92411baa1ccebe069373a297844a50b8ed3f7a9ce5a90f3804a,224,224,,reserved_not_v2_candidate,source void label or official validation/test split is not a V2 candidate
valid::manhole::manhole (1328).jpg,valid,manhole,data/raw/v2/hf_manhole_covers/valid/valid/manhole/manhole (1328).jpg,9ee399daec7b8d4e3426c00dcfae71c1262c85136f63338e311251b90799aba1,224,224,,reserved_not_v2_candidate,source void label or official validation/test split is not a V2 candidate
valid::manhole::manhole (1329).jpg,valid,manhole,data/raw/v2/hf_manhole_covers/valid/valid/manhole/manhole (1329).jpg,898ddff7227705d161c79e5b974e577aa1429b2026a8f2c29c3c76d6c5d0ca74,224,224,,reserved_not_v2_candidate,source void label or official validation/test split is not a V2 candidate
valid::manhole::manhole (1330).jpg,valid,manhole,data/raw/v2/hf_manhole_covers/valid/valid/manhole/manhole (1330).jpg,399446cf175cfdacf70cc9bc27b77486744c5af01fbb2c81cfa9111f346d3ad0,224,224,,reserved_not_v2_candidate,source void label or official validation/test split is not a V2 candidate
valid::manhole::manhole (1331).jpg,valid,manhole,data/raw/v2/hf_manhole_covers/valid/valid/manhole/manhole (1331).jpg,2740bad181ac9ac3cf787f6d92dab3a6460d718b1142c60b136cfe35a41fd2f2,224,224,,reserved_not_v2_candidate,source void label or official validation/test split is not a V2 candidate
valid::manhole::manhole (1332).jpg,valid,manhole,data/raw/v2/hf_manhole_covers/valid/valid/manhole/manhole (1332).jpg,dae014eb876dd72be9b931d3bd10c823f4c94109805a35fc5ebd01794f82a7b3,224,224,,reserved_not_v2_candidate,source void label or official validation/test split is not a V2 candidate
valid::manhole::manhole (1333).jpg,valid,manhole,data/raw/v2/hf_manhole_covers/valid/valid/manhole/manhole (1333).jpg,8f66f3991d14cb96a365a50bbb486e9c857298f14bef6f14c7d1dce4ac4baf66,224,224,,reserved_not_v2_candidate,source void label or official validation/test split is not a V2 candidate
valid::manhole::manhole (1334).jpg,valid,manhole,data/raw/v2/hf_manhole_covers/valid/valid/manhole/manhole (1334).jpg,48851d47d0407593b65fd0d87c166fb0b550ec0344b93c97b86b2566208b2e30,224,224,,reserved_not_v2_candidate,source void label or official validation/test split is not a V2 candidate
valid::manhole::manhole (1335).jpg,valid,manhole,data/raw/v2/hf_manhole_covers/valid/valid/manhole/manhole (1335).jpg,c16cad9ab736106d972599b4dce54f83226ffb767da29669a7c228cc9873e1e0,224,224,,reserved_not_v2_candidate,source void label or official validation/test split is not a V2 candidate
valid::manhole::manhole (1336).jpg,valid,manhole,data/raw/v2/hf_manhole_covers/valid/valid/manhole/manhole (1336).jpg,dfbbc40ab29c54747e01abc636a9fd4593cda6f44dee8ca3327281de852f078f,224,224,,reserved_not_v2_candidate,source void label or official validation/test split is not a V2 candidate
valid::manhole::manhole (1337).jpg,valid,manhole,data/raw/v2/hf_manhole_covers/valid/valid/manhole/manhole (1337).jpg,097600b1dbc7195cdefae5c860a3587ebdb9e84143d005db15dd786adef2e40e,224,224,,reserved_not_v2_candidate,source void label or official validation/test split is not a V2 candidate
valid::manhole::manhole (1338).jpg,valid,manhole,data/raw/v2/hf_manhole_covers/valid/valid/manhole/manhole (1338).jpg,a7d4dcf9adbbd74b62e80b15b5e55c782d30fd688efaf910190f76bcb7c7b48a,224,224,,reserved_not_v2_candidate,source void label or official validation/test split is not a V2 candidate
valid::manhole::manhole (1339).jpg,valid,manhole,data/raw/v2/hf_manhole_covers/valid/valid/manhole/manhole (1339).jpg,4dfd40eab448e89cf9f54ce49c1443e426e92a566cba39a7d61fdad39758ef8e,224,224,,reserved_not_v2_candidate,source void label or official validation/test split is not a V2 candidate
valid::manhole::manhole (1340).jpg,valid,manhole,data/raw/v2/hf_manhole_covers/valid/valid/manhole/manhole (1340).jpg,83e635317d3f67cabe008752886d91172d12089608b7ddf3cbc393493c941c5f,224,224,,reserved_not_v2_candidate,source void label or official validation/test split is not a V2 candidate
valid::manhole::manhole (1341).jpg,valid,manhole,data/raw/v2/hf_manhole_covers/valid/valid/manhole/manhole (1341).jpg,a57ccfe76db8893aa0100b3706a320aa40bf13238344d595a91a94bd85f4a5bd,224,224,,reserved_not_v2_candidate,source void label or official validation/test split is not a V2 candidate
valid::manhole::manhole (1342).jpg,valid,manhole,data/raw/v2/hf_manhole_covers/valid/valid/manhole/manhole (1342).jpg,c576ef56d7a55adc3079619d242b55f7d3a24dfc722b0aa8c7ee574db91d20fe,224,224,,reserved_not_v2_candidate,source void label or official validation/test split is not a V2 candidate
valid::manhole::manhole (1343).jpg,valid,manhole,data/raw/v2/hf_manhole_covers/valid/valid/manhole/manhole (1343).jpg,1b488b572eb86ba78f8164b0825261abacdf9da47c52dd505bb41bbda0bc0162,224,224,,reserved_not_v2_candidate,source void label or official validation/test split is not a V2 candidate
valid::manhole::manhole (1344).jpg,valid,manhole,data/raw/v2/hf_manhole_covers/valid/valid/manhole/manhole (1344).jpg,ee43aa0e963e681fc80c160725ef0caa60b42710aed4175175db97be47c5d378,224,224,,reserved_not_v2_candidate,source void label or official validation/test split is not a V2 candidate
valid::manhole::manhole (1345).jpg,valid,manhole,data/raw/v2/hf_manhole_covers/valid/valid/manhole/manhole (1345).jpg,1a62a365eac97bac05a885e11846dc796b7261f3b4477c348a44579533f0e8f7,224,224,,reserved_not_v2_candidate,source void label or official validation/test split is not a V2 candidate
valid::manhole::manhole (1346).jpg,valid,manhole,data/raw/v2/hf_manhole_covers/valid/valid/manhole/manhole (1346).jpg,ab6f019788e1933c5f608bf1319ef70c81b1957b3663d54440d898dbba45be8e,224,224,,reserved_not_v2_candidate,source void label or official validation/test split is not a V2 candidate
valid::manhole::manhole (1347).jpg,valid,manhole,data/raw/v2/hf_manhole_covers/valid/valid/manhole/manhole (1347).jpg,cb6d7656506da0241caf584e25210c562c322f8da1dc1a0d700c58e2edfb4ee2,224,224,,reserved_not_v2_candidate,source void label or official validation/test split is not a V2 candidate
valid::manhole::manhole (1348).jpg,valid,manhole,data/raw/v2/hf_manhole_covers/valid/valid/manhole/manhole (1348).jpg,1ebdca1f20ca42a574f980733e9f665415536f94db88fd769b367a7f7d337967,224,224,,reserved_not_v2_candidate,source void label or official validation/test split is not a V2 candidate
valid::manhole::manhole (1349).jpg,valid,manhole,data/raw/v2/hf_manhole_covers/valid/valid/manhole/manhole (1349).jpg,e7f9148eacb86d1f75e290543b56663c54ca41ab77995bcf60ce1e6ba3822d67,224,224,,reserved_not_v2_candidate,source void label or official validation/test split is not a V2 candidate
valid::manhole::manhole (1350).jpg,valid,manhole,data/raw/v2/hf_manhole_covers/valid/valid/manhole/manhole (1350).jpg,32247f6af8dd72286af7a47c197a701ea240baba4688296f87c7e64160ca5cd5,224,224,,reserved_not_v2_candidate,source void label or official validation/test split is not a V2 candidate
valid::manhole::manhole (1351).jpg,valid,manhole,data/raw/v2/hf_manhole_covers/valid/valid/manhole/manhole (1351).jpg,c92ed737dfd3439a29304ba5b61877960fc38b012092a7662fd5685ba767cefb,224,224,,reserved_not_v2_candidate,source void label or official validation/test split is not a V2 candidate
valid::manhole::manhole (1352).jpg,valid,manhole,data/raw/v2/hf_manhole_covers/valid/valid/manhole/manhole (1352).jpg,6499309a009e5e01be1cc9fa2b1f20cbf9921e564138e87ea06b9a458fd17cb2,224,224,,reserved_not_v2_candidate,source void label or official validation/test split is not a V2 candidate
valid::manhole::manhole (1353).jpg,valid,manhole,data/raw/v2/hf_manhole_covers/valid/valid/manhole/manhole (1353).jpg,ca654eb9cf7d8cb9a6d068a02f61b894843d7aca37ee4753db4b7fd5ae489881,224,224,,reserved_not_v2_candidate,source void label or official validation/test split is not a V2 candidate
valid::manhole::manhole (1354).jpg,valid,manhole,data/raw/v2/hf_manhole_covers/valid/valid/manhole/manhole (1354).jpg,5cd97f0cee16fdfeaab52f2c6fe632a531f20d94db2e7e13482145ba9c167663,224,224,,reserved_not_v2_candidate,source void label or official validation/test split is not a V2 candidate
valid::manhole::manhole (1355).jpg,valid,manhole,data/raw/v2/hf_manhole_covers/valid/valid/manhole/manhole (1355).jpg,d65a918c60c4a094e22162bbefa752b57d61acb4b782be86db41d492af7ce77c,224,224,,reserved_not_v2_candidate,source void label or official validation/test split is not a V2 candidate
valid::manhole::manhole (1356).jpg,valid,manhole,data/raw/v2/hf_manhole_covers/valid/valid/manhole/manhole (1356).jpg,bd50820a58414543fe898565cdf98dd18f23e265e9ca21c8f9acd802e2ac7c7b,224,224,,reserved_not_v2_candidate,source void label or official validation/test split is not a V2 candidate
valid::manhole::manhole (1357).jpg,valid,manhole,data/raw/v2/hf_manhole_covers/valid/valid/manhole/manhole (1357).jpg,50f758afd1700fff72d09e9aff019ff1b70c45d1e3070402c8d9162721ebc907,224,224,,reserved_not_v2_candidate,source void label or official validation/test split is not a V2 candidate
valid::manhole::manhole (1358).jpg,valid,manhole,data/raw/v2/hf_manhole_covers/valid/valid/manhole/manhole (1358).jpg,22567285ca980f60b1f64c91d741324e63642847d585c93cefd5874a35282f39,224,224,,reserved_not_v2_candidate,source void label or official validation/test split is not a V2 candidate
valid::manhole::manhole (1359).jpg,valid,manhole,data/raw/v2/hf_manhole_covers/valid/valid/manhole/manhole (1359).jpg,9f8ea90ceac0f30d59e125016e7e140e9ae50480f2e14b38ccc5b24d947d91a7,224,224,,reserved_not_v2_candidate,source void label or official validation/test split is not a V2 candidate
valid::manhole::manhole (1360).jpg,valid,manhole,data/raw/v2/hf_manhole_covers/valid/valid/manhole/manhole (1360).jpg,188177c7e4b3854b8a8055415a6192223fea64bc9d9a6cc7f8885e197b121a98,224,224,,reserved_not_v2_candidate,source void label or official validation/test split is not a V2 candidate
valid::manhole::manhole (1361).jpg,valid,manhole,data/raw/v2/hf_manhole_covers/valid/valid/manhole/manhole (1361).jpg,d3d3f0e91b85724e482f76313ad31e4cb04acec849d47592e51f58b3ffea2d58,224,224,,reserved_not_v2_candidate,source void label or official validation/test split is not a V2 candidate
valid::manhole::manhole (1362).jpg,valid,manhole,data/raw/v2/hf_manhole_covers/valid/valid/manhole/manhole (1362).jpg,0da0f032e6a4b0a95d4a8c2c98cc68c82ffb107886d86a427be7fca7f11856b3,224,224,,reserved_not_v2_candidate,source void label or official validation/test split is not a V2 candidate
valid::manhole::manhole (1363).jpg,valid,manhole,data/raw/v2/hf_manhole_covers/valid/valid/manhole/manhole (1363).jpg,d884bccd2b2ba93f547ddf22bb4a4f4f8d37ba17bda4467794ee3537c57cb06f,224,224,,reserved_not_v2_candidate,source void label or official validation/test split is not a V2 candidate
valid::manhole::manhole (1364).jpg,valid,manhole,data/raw/v2/hf_manhole_covers/valid/valid/manhole/manhole (1364).jpg,fcfe60bceced73a7e39227a1a17802ace23582f80359fc63f21f2a80b349a2e4,224,224,,reserved_not_v2_candidate,source void label or official validation/test split is not a V2 candidate
valid::manhole::manhole (1365).jpg,valid,manhole,data/raw/v2/hf_manhole_covers/valid/valid/manhole/manhole (1365).jpg,c3e78419fd466b4ee32838eacb77f5943cb35f18d122ba02791ff92665cd30e2,224,224,,reserved_not_v2_candidate,source void label or official validation/test split is not a V2 candidate
valid::manhole::manhole (1366).jpg,valid,manhole,data/raw/v2/hf_manhole_covers/valid/valid/manhole/manhole (1366).jpg,bf21cba8cfc3d16ade6712bb712ef3e1b50d43fea61e6055af1765012c297f7b,224,224,,reserved_not_v2_candidate,source void label or official validation/test split is not a V2 candidate
valid::manhole::manhole (1367).jpg,valid,manhole,data/raw/v2/hf_manhole_covers/valid/valid/manhole/manhole (1367).jpg,bcb03f97dfb573966506c3fb438452813ad5dcf1e5ce12f0cf279be5f0471361,224,224,,reserved_not_v2_candidate,source void label or official validation/test split is not a V2 candidate
valid::manhole::manhole (1368).jpg,valid,manhole,data/raw/v2/hf_manhole_covers/valid/valid/manhole/manhole (1368).jpg,6107db34f287686e54eb86e9aa1bebc15e1a4cf8927aad9c19db5cbf22d7067f,224,224,,reserved_not_v2_candidate,source void label or official validation/test split is not a V2 candidate
valid::manhole::manhole (1369).jpg,valid,manhole,data/raw/v2/hf_manhole_covers/valid/valid/manhole/manhole (1369).jpg,243c0bb8c27da7154235f16e9c12b9011ec5dba76ea09349247072cc957eafd1,224,224,,reserved_not_v2_candidate,source void label or official validation/test split is not a V2 candidate
valid::manhole::manhole (1370).jpg,valid,manhole,data/raw/v2/hf_manhole_covers/valid/valid/manhole/manhole (1370).jpg,b3fea4e2e65594e3856225dfeb9e9db60de239f89de98e18c80dd45d32089385,224,224,,reserved_not_v2_candidate,source void label or official validation/test split is not a V2 candidate
valid::manhole::manhole (1371).jpg,valid,manhole,data/raw/v2/hf_manhole_covers/valid/valid/manhole/manhole (1371).jpg,1d48f37ff09aad4d8fde30c31ceb9ae1453e2ff9461f65a1f5130bd3661457b1,224,224,,reserved_not_v2_candidate,source void label or official validation/test split is not a V2 candidate
valid::manhole::manhole (1372).jpg,valid,manhole,data/raw/v2/hf_manhole_covers/valid/valid/manhole/manhole (1372).jpg,2adfb2577e0d70662febcda1b5b8148e9abe08e7c5bb79c353713feb9325e0f6,224,224,,reserved_not_v2_candidate,source void label or official validation/test split is not a V2 candidate
valid::manhole::manhole (1373).jpg,valid,manhole,data/raw/v2/hf_manhole_covers/valid/valid/manhole/manhole (1373).jpg,5af4ec3e8a62e22654e8b9da68ccc6455eb348af226d6114e166b7f3af0b0b15,224,224,,reserved_not_v2_candidate,source void label or official validation/test split is not a V2 candidate
valid::manhole::manhole (1374).jpg,valid,manhole,data/raw/v2/hf_manhole_covers/valid/valid/manhole/manhole (1374).jpg,441d128d689fa8697bde93d86d5c5c628fbee0362600bf934122897599d9e794,224,224,,reserved_not_v2_candidate,source void label or official validation/test split is not a V2 candidate
valid::manhole::manhole (1375).jpg,valid,manhole,data/raw/v2/hf_manhole_covers/valid/valid/manhole/manhole (1375).jpg,f1d456ec1854573644e6b7f5f9f570e0e47ea071d29ab17e7bec2184c0f48587,224,224,,reserved_not_v2_candidate,source void label or official validation/test split is not a V2 candidate
valid::manhole::manhole (1376).jpg,valid,manhole,data/raw/v2/hf_manhole_covers/valid/valid/manhole/manhole (1376).jpg,6fa00e2b249fab46ff9d71877a29b7cf823eece8c2aeb21b887ef9dc3133d996,224,224,,reserved_not_v2_candidate,source void label or official validation/test split is not a V2 candidate
valid::manhole::manhole (1377).jpg,valid,manhole,data/raw/v2/hf_manhole_covers/valid/valid/manhole/manhole (1377).jpg,1d28c687897c5cc32d0ba1eff093beda1bcbcc229cc5fb49bbf44d90f2a3a91c,224,224,,reserved_not_v2_candidate,source void label or official validation/test split is not a V2 candidate
valid::manhole::manhole (1378).jpg,valid,manhole,data/raw/v2/hf_manhole_covers/valid/valid/manhole/manhole (1378).jpg,70a3804b170c8acb491100b25e0a0dab3b3bcee82987bdd9491475cc9443d34e,224,224,,reserved_not_v2_candidate,source void label or official validation/test split is not a V2 candidate
valid::manhole::manhole (1379).jpg,valid,manhole,data/raw/v2/hf_manhole_covers/valid/valid/manhole/manhole (1379).jpg,1aac06148e0b6bc357920554cc43bf5332611226beb5808d49405366f7dc0d38,224,224,,reserved_not_v2_candidate,source void label or official validation/test split is not a V2 candidate
valid::manhole::manhole (1380).jpg,valid,manhole,data/raw/v2/hf_manhole_covers/valid/valid/manhole/manhole (1380).jpg,48a6a7c5d82d68a3ad886e7959fbd969b26a6fe5bbc4a1c2ffa5b8057990f3fd,224,224,,reserved_not_v2_candidate,source void label or official validation/test split is not a V2 candidate
valid::manhole::manhole (1381).jpg,valid,manhole,data/raw/v2/hf_manhole_covers/valid/valid/manhole/manhole (1381).jpg,b13cea35822fcaed5314b72b60c727d9deb1256ba2586411c197b2dd2d05819c,224,224,,reserved_not_v2_candidate,source void label or official validation/test split is not a V2 candidate
valid::manhole::manhole (1382).jpg,valid,manhole,data/raw/v2/hf_manhole_covers/valid/valid/manhole/manhole (1382).jpg,005c80f2aa50c0591bffafbd02e362f6530cc0a98fafbd40ae54a66e9eb091ec,224,224,,reserved_not_v2_candidate,source void label or official validation/test split is not a V2 candidate
valid::manhole::manhole (1383).jpg,valid,manhole,data/raw/v2/hf_manhole_covers/valid/valid/manhole/manhole (1383).jpg,30be6fa25507ee6b9735156a5c8cec03dfa092fbe1450e2cb63fd0eecc61b9e7,224,224,,reserved_not_v2_candidate,source void label or official validation/test split is not a V2 candidate
valid::manhole::manhole (1384).jpg,valid,manhole,data/raw/v2/hf_manhole_covers/valid/valid/manhole/manhole (1384).jpg,5ff27a5f8937ba06b339b4fd9402a9a63d985cc28cc76bd3d96501268ad9d24a,224,224,,reserved_not_v2_candidate,source void label or official validation/test split is not a V2 candidate
valid::manhole::manhole (1385).jpg,valid,manhole,data/raw/v2/hf_manhole_covers/valid/valid/manhole/manhole (1385).jpg,2573c8b342ab7b68f5612bbea9e491394509d6bd07578dc9aa5067450970be87,224,224,,reserved_not_v2_candidate,source void label or official validation/test split is not a V2 candidate
valid::manhole::manhole (1386).jpg,valid,manhole,data/raw/v2/hf_manhole_covers/valid/valid/manhole/manhole (1386).jpg,bda25b27b927755896c72ac169f55eaea325fca5f493410385e67d870b9e675e,224,224,,reserved_not_v2_candidate,source void label or official validation/test split is not a V2 candidate
valid::manhole::manhole (1387).jpg,valid,manhole,data/raw/v2/hf_manhole_covers/valid/valid/manhole/manhole (1387).jpg,674cc997ffabc894602648a964886395fae3dfd188c07666185ae8bf3a0f4051,224,224,,reserved_not_v2_candidate,source void label or official validation/test split is not a V2 candidate
valid::manhole::manhole (1388).jpg,valid,manhole,data/raw/v2/hf_manhole_covers/valid/valid/manhole/manhole (1388).jpg,81894b5133779274b72ea90b2b8420a5c8b793c7be7c3f77afc39c589e5baf89,224,224,,reserved_not_v2_candidate,source void label or official validation/test split is not a V2 candidate
valid::manhole::manhole (1389).jpg,valid,manhole,data/raw/v2/hf_manhole_covers/valid/valid/manhole/manhole (1389).jpg,62bccba40dc2bda68eeaae69c4e222b109d1bf56225ebd63910533fa5697b780,224,224,,reserved_not_v2_candidate,source void label or official validation/test split is not a V2 candidate
valid::manhole::manhole (1390).jpg,valid,manhole,data/raw/v2/hf_manhole_covers/valid/valid/manhole/manhole (1390).jpg,24e4602e0d0925fb746801f811e117fcb40a0c12c5c88ef3c217be062e2b6a3e,224,224,,reserved_not_v2_candidate,source void label or official validation/test split is not a V2 candidate
valid::manhole::manhole (1391).jpg,valid,manhole,data/raw/v2/hf_manhole_covers/valid/valid/manhole/manhole (1391).jpg,a27cc5dd8f2406138c80d553740e20500bdc52485fd8ba64922391c6bb8fdba9,224,224,,reserved_not_v2_candidate,source void label or official validation/test split is not a V2 candidate
valid::manhole::manhole (1392).jpg,valid,manhole,data/raw/v2/hf_manhole_covers/valid/valid/manhole/manhole (1392).jpg,3e71dc444ef6ea9d57527aecfcccfd0562c6b1ad4e326343fae109febf9d5d2c,224,224,,reserved_not_v2_candidate,source void label or official validation/test split is not a V2 candidate
valid::manhole::manhole (1393).jpg,valid,manhole,data/raw/v2/hf_manhole_covers/valid/valid/manhole/manhole (1393).jpg,c792c9f36805ef94cbc70df1389300333f8fdbebda4099c2015db41550a14f1c,224,224,,reserved_not_v2_candidate,source void label or official validation/test split is not a V2 candidate
valid::manhole::manhole (1394).jpg,valid,manhole,data/raw/v2/hf_manhole_covers/valid/valid/manhole/manhole (1394).jpg,fae4e8e40a92a6ce8437ed02b7615aadb3a92218a129dcecc068cee02ef85b8f,224,224,,reserved_not_v2_candidate,source void label or official validation/test split is not a V2 candidate
valid::manhole::manhole (1395).jpg,valid,manhole,data/raw/v2/hf_manhole_covers/valid/valid/manhole/manhole (1395).jpg,1267ea9277aa81766d1d21672babe847acf517a8e5e9de47bb813d139ad627d9,224,224,,reserved_not_v2_candidate,source void label or official validation/test split is not a V2 candidate
valid::manhole::manhole (1396).jpg,valid,manhole,data/raw/v2/hf_manhole_covers/valid/valid/manhole/manhole (1396).jpg,56002c38e3b2235a554f716d5c6eaab003bfa0fed23f7396fd9fc7d8bb2f0e8b,224,224,,reserved_not_v2_candidate,source void label or official validation/test split is not a V2 candidate
valid::manhole::manhole (1397).jpg,valid,manhole,data/raw/v2/hf_manhole_covers/valid/valid/manhole/manhole (1397).jpg,203563c47bafd759e705967439dd5bdfa4172035be565d6330669b68ace3b786,224,224,,reserved_not_v2_candidate,source void label or official validation/test split is not a V2 candidate
valid::manhole::manhole (1398).jpg,valid,manhole,data/raw/v2/hf_manhole_covers/valid/valid/manhole/manhole (1398).jpg,a86f6c7d86f698f4360f360df8472d7dca78ce486f63abef0a0dfdc656282662,224,224,,reserved_not_v2_candidate,source void label or official validation/test split is not a V2 candidate
valid::manhole::manhole (1399).jpg,valid,manhole,data/raw/v2/hf_manhole_covers/valid/valid/manhole/manhole (1399).jpg,9fe77050c16809841ef28f5d8a9baf29c84640902493bb530319d16cc1dfadd5,224,224,,reserved_not_v2_candidate,source void label or official validation/test split is not a V2 candidate
valid::manhole::manhole (1400).jpg,valid,manhole,data/raw/v2/hf_manhole_covers/valid/valid/manhole/manhole (1400).jpg,059da2d12adee2e98e5f52a806f3c2ca9b0e7bf245bd370454b0c3046e421d02,224,224,,reserved_not_v2_candidate,source void label or official validation/test split is not a V2 candidate
valid::manhole::manhole (1401).jpg,valid,manhole,data/raw/v2/hf_manhole_covers/valid/valid/manhole/manhole (1401).jpg,eb00f090e5c9d13c0be94299aa9f8e9723b7ddebca33b939f21b45d31d38cbbe,224,224,,reserved_not_v2_candidate,source void label or official validation/test split is not a V2 candidate
valid::manhole::manhole (1402).jpg,valid,manhole,data/raw/v2/hf_manhole_covers/valid/valid/manhole/manhole (1402).jpg,ec73a4456c6e819b29332c6e9a2d1939a8c9e20a723d5c0f61a2d730390c2a9d,224,224,,reserved_not_v2_candidate,source void label or official validation/test split is not a V2 candidate
valid::manhole::manhole (1403).jpg,valid,manhole,data/raw/v2/hf_manhole_covers/valid/valid/manhole/manhole (1403).jpg,53cf5df01c04c149931ea45e9db815a07ea9b99457c713917ef153ff858e364b,224,224,,reserved_not_v2_candidate,source void label or official validation/test split is not a V2 candidate
valid::manhole::manhole (1404).jpg,valid,manhole,data/raw/v2/hf_manhole_covers/valid/valid/manhole/manhole (1404).jpg,c50bd748999eb630c15a2c6f5423b10f0f4f9f67ebed82c3cd3f2689b79171af,224,224,,reserved_not_v2_candidate,source void label or official validation/test split is not a V2 candidate
valid::manhole::manhole (1405).jpg,valid,manhole,data/raw/v2/hf_manhole_covers/valid/valid/manhole/manhole (1405).jpg,94d9d31c7aae3b979c28aee49657bf56219ed82df212495bf692fea60cc88ea6,224,224,,reserved_not_v2_candidate,source void label or official validation/test split is not a V2 candidate
valid::manhole::manhole (1406).jpg,valid,manhole,data/raw/v2/hf_manhole_covers/valid/valid/manhole/manhole (1406).jpg,3e93cba52238dcb2ae606ad59fa02095ef961c11c3e13aa19aa0f989d13cbca4,224,224,,reserved_not_v2_candidate,source void label or official validation/test split is not a V2 candidate
valid::manhole::manhole (1407).jpg,valid,manhole,data/raw/v2/hf_manhole_covers/valid/valid/manhole/manhole (1407).jpg,aa8ce7124b7ab440ae9cef3e41d460168432e2682e15e9490428022e6445090e,224,224,,reserved_not_v2_candidate,source void label or official validation/test split is not a V2 candidate
valid::manhole::manhole (1408).jpg,valid,manhole,data/raw/v2/hf_manhole_covers/valid/valid/manhole/manhole (1408).jpg,66512007b68d629f987208d549ea880e4225266af35be70b4f552b136bc20db4,224,224,,reserved_not_v2_candidate,source void label or official validation/test split is not a V2 candidate
valid::manhole::manhole (1409).jpg,valid,manhole,data/raw/v2/hf_manhole_covers/valid/valid/manhole/manhole (1409).jpg,c5269f8f2aa0cbd24fe3a45dc67652e1ac700b83b16b19100ff6b42fa9ec8508,224,224,,reserved_not_v2_candidate,source void label or official validation/test split is not a V2 candidate
valid::manhole::manhole (1410).jpg,valid,manhole,data/raw/v2/hf_manhole_covers/valid/valid/manhole/manhole (1410).jpg,25eceb88981521d824667e97ad07c39b39073ef6489d94f9e7218d69c1ad01c3,224,224,,reserved_not_v2_candidate,source void label or official validation/test split is not a V2 candidate
valid::manhole::manhole (1411).jpg,valid,manhole,data/raw/v2/hf_manhole_covers/valid/valid/manhole/manhole (1411).jpg,c3e97884310beb0c189ff59445480db37fcfee5fe07511e2ceb682381c87ed73,224,224,,reserved_not_v2_candidate,source void label or official validation/test split is not a V2 candidate
valid::manhole::manhole (1412).jpg,valid,manhole,data/raw/v2/hf_manhole_covers/valid/valid/manhole/manhole (1412).jpg,9326d3043d0d7d23c22c5d78686081e54ada618a941e9be754511b15ae4e8c66,224,224,,reserved_not_v2_candidate,source void label or official validation/test split is not a V2 candidate
valid::manhole::manhole (1413).jpg,valid,manhole,data/raw/v2/hf_manhole_covers/valid/valid/manhole/manhole (1413).jpg,fa6cbf6ab863cdaa51a5289186001a370bf53f83dbf33627a6248a7cd4663298,224,224,,reserved_not_v2_candidate,source void label or official validation/test split is not a V2 candidate
valid::manhole::manhole (1414).jpg,valid,manhole,data/raw/v2/hf_manhole_covers/valid/valid/manhole/manhole (1414).jpg,1ccc6d367952bcbe4d02f2c80b5e04d881fbcfcbc86669de2e085e6ec5c437b2,224,224,,reserved_not_v2_candidate,source void label or official validation/test split is not a V2 candidate
valid::manhole::manhole (1415).jpg,valid,manhole,data/raw/v2/hf_manhole_covers/valid/valid/manhole/manhole (1415).jpg,26ca22ef8b560af49572f3a24d43668964ddbbfb81bb60605d28a2da86c2e69c,224,224,,reserved_not_v2_candidate,source void label or official validation/test split is not a V2 candidate
valid::manhole::manhole (1416).jpg,valid,manhole,data/raw/v2/hf_manhole_covers/valid/valid/manhole/manhole (1416).jpg,d40f2b35233c0e124cb57c6f434181e218671ea99006a3897b8d1d50b35c0db6,224,224,,reserved_not_v2_candidate,source void label or official validation/test split is not a V2 candidate
valid::manhole::manhole (1417).jpg,valid,manhole,data/raw/v2/hf_manhole_covers/valid/valid/manhole/manhole (1417).jpg,41c725c2e32fcf79df686fcf134584554efde086b746591ff857abe87d7293b2,224,224,,reserved_not_v2_candidate,source void label or official validation/test split is not a V2 candidate
valid::manhole::manhole (1418).jpg,valid,manhole,data/raw/v2/hf_manhole_covers/valid/valid/manhole/manhole (1418).jpg,f02d07eed521f579aae9eff27c52c8f641e8c6d62e894ecad60101d9e31d2bb4,224,224,,reserved_not_v2_candidate,source void label or official validation/test split is not a V2 candidate
valid::manhole::manhole (1419).jpg,valid,manhole,data/raw/v2/hf_manhole_covers/valid/valid/manhole/manhole (1419).jpg,8f415b4e41f434d7ad79b3403137a8fab60f5abeb0b970eace54504ecb8361bd,224,224,,reserved_not_v2_candidate,source void label or official validation/test split is not a V2 candidate
valid::manhole::manhole (1420).jpg,valid,manhole,data/raw/v2/hf_manhole_covers/valid/valid/manhole/manhole (1420).jpg,8f119843136683d664f5050155e4a87d51ccce92ce81cb20c918bef28675dcfb,224,224,,reserved_not_v2_candidate,source void label or official validation/test split is not a V2 candidate
valid::manhole::manhole (1421).jpg,valid,manhole,data/raw/v2/hf_manhole_covers/valid/valid/manhole/manhole (1421).jpg,2746e57dd663d595502ae59dd8e7a754626097b8fdca8275f4c941a263a19ae7,224,224,,reserved_not_v2_candidate,source void label or official validation/test split is not a V2 candidate
valid::manhole::manhole (1422).jpg,valid,manhole,data/raw/v2/hf_manhole_covers/valid/valid/manhole/manhole (1422).jpg,c54f16ecf344e4705f87a889d69d3a354851fbc7db2a0d85c821d60612b58706,224,224,,reserved_not_v2_candidate,source void label or official validation/test split is not a V2 candidate
valid::manhole::manhole (1423).jpg,valid,manhole,data/raw/v2/hf_manhole_covers/valid/valid/manhole/manhole (1423).jpg,cf1e25c76946ad014d59edc33da85fbaf09a42d557ee913277aaefe0b0c42cef,224,224,,reserved_not_v2_candidate,source void label or official validation/test split is not a V2 candidate
valid::manhole::manhole (1424).jpg,valid,manhole,data/raw/v2/hf_manhole_covers/valid/valid/manhole/manhole (1424).jpg,bb925ab49def6bc1cd5065399620b4761fbfe4c8912e563c6ee950851345a149,224,224,,reserved_not_v2_candidate,source void label or official validation/test split is not a V2 candidate
valid::manhole::manhole (1425).jpg,valid,manhole,data/raw/v2/hf_manhole_covers/valid/valid/manhole/manhole (1425).jpg,8dcdcea36bb13b2d421bce0a0bb7d9cb65d82e2f4d3bdfb9ecb20fc3bb563836,224,224,,reserved_not_v2_candidate,source void label or official validation/test split is not a V2 candidate
valid::manhole::manhole (1426).jpg,valid,manhole,data/raw/v2/hf_manhole_covers/valid/valid/manhole/manhole (1426).jpg,85d4aca7dcc6a5288462d6e7d558c411b3359a395fab37726286699df5f1e0a9,224,224,,reserved_not_v2_candidate,source void label or official validation/test split is not a V2 candidate
valid::manhole::manhole (1427).jpg,valid,manhole,data/raw/v2/hf_manhole_covers/valid/valid/manhole/manhole (1427).jpg,3cc69c2c0a77be6896849447ded6749f02584fa2604acc52b7ac17382549f23d,224,224,,reserved_not_v2_candidate,source void label or official validation/test split is not a V2 candidate
valid::manhole::manhole (1428).jpg,valid,manhole,data/raw/v2/hf_manhole_covers/valid/valid/manhole/manhole (1428).jpg,93708987a686d1f70b9a16e41f4f55a8e7d5af4767d71c4713a7e46ff51a1828,224,224,,reserved_not_v2_candidate,source void label or official validation/test split is not a V2 candidate
valid::manhole::manhole (1429).jpg,valid,manhole,data/raw/v2/hf_manhole_covers/valid/valid/manhole/manhole (1429).jpg,6190cff3cab7978cc75d43d92d3c75a141c5f7c6ba2193035a939f92263f3f1b,224,224,,reserved_not_v2_candidate,source void label or official validation/test split is not a V2 candidate
valid::manhole::manhole (1430).jpg,valid,manhole,data/raw/v2/hf_manhole_covers/valid/valid/manhole/manhole (1430).jpg,7df10566a250c93da75931c2a49633888761d1227257dafb77ff24edcdb14224,224,224,,reserved_not_v2_candidate,source void label or official validation/test split is not a V2 candidate
valid::manhole::manhole (1431).jpg,valid,manhole,data/raw/v2/hf_manhole_covers/valid/valid/manhole/manhole (1431).jpg,2ae466e2aae7716fe668ab2b5e59f4f8ea1c050adaaeb7c360bfbc889ce08a28,224,224,,reserved_not_v2_candidate,source void label or official validation/test split is not a V2 candidate
valid::manhole::manhole (1432).jpg,valid,manhole,data/raw/v2/hf_manhole_covers/valid/valid/manhole/manhole (1432).jpg,3866b9baaa816faa247e4d7dee711b24770c1008d5b0ee710dd02639bdaa20d0,224,224,,reserved_not_v2_candidate,source void label or official validation/test split is not a V2 candidate
valid::manhole::manhole (1433).jpg,valid,manhole,data/raw/v2/hf_manhole_covers/valid/valid/manhole/manhole (1433).jpg,c14fe5366782d9ba85ada90a32227e42f8ef99b05b316d359e2acb6872ffc752,224,224,,reserved_not_v2_candidate,source void label or official validation/test split is not a V2 candidate
valid::manhole::manhole (1434).jpg,valid,manhole,data/raw/v2/hf_manhole_covers/valid/valid/manhole/manhole (1434).jpg,788ec04d1de80408f3443cca96725f677e429fc4176910c01e513694b0ca34e2,224,224,,reserved_not_v2_candidate,source void label or official validation/test split is not a V2 candidate
valid::manhole::manhole (1435).jpg,valid,manhole,data/raw/v2/hf_manhole_covers/valid/valid/manhole/manhole (1435).jpg,d92718c8e4cc5ddba7f0cfd64433355ed4378f439caf3ab93e5e28668b387c77,224,224,,reserved_not_v2_candidate,source void label or official validation/test split is not a V2 candidate
valid::manhole::manhole (1436).jpg,valid,manhole,data/raw/v2/hf_manhole_covers/valid/valid/manhole/manhole (1436).jpg,e72d169dd603484cefba42263cb4a82dcee70240ce7ef12cae3e47347d306e23,224,224,,reserved_not_v2_candidate,source void label or official validation/test split is not a V2 candidate
valid::manhole::manhole (1437).jpg,valid,manhole,data/raw/v2/hf_manhole_covers/valid/valid/manhole/manhole (1437).jpg,29614787aa33973fbe872d1ba6601c71e835ebc012d9b617695e69825eb12441,224,224,,reserved_not_v2_candidate,source void label or official validation/test split is not a V2 candidate
valid::manhole::manhole (1438).jpg,valid,manhole,data/raw/v2/hf_manhole_covers/valid/valid/manhole/manhole (1438).jpg,48bad746ae2ccf9b86cdb10ce43f2290a15c692561b6c33cff112ddb4be7644d,224,224,,reserved_not_v2_candidate,source void label or official validation/test split is not a V2 candidate
valid::manhole::manhole (1439).jpg,valid,manhole,data/raw/v2/hf_manhole_covers/valid/valid/manhole/manhole (1439).jpg,6eea280c00c097656aeea492cc8a9edd91ff9d3ed715978b45a143e909e4646c,224,224,,reserved_not_v2_candidate,source void label or official validation/test split is not a V2 candidate
valid::manhole::manhole (1440).jpg,valid,manhole,data/raw/v2/hf_manhole_covers/valid/valid/manhole/manhole (1440).jpg,299bdbe28ac51a51f97535f2fcc578e6b2f9c53f5b9efbeebcd615f8fe880073,224,224,,reserved_not_v2_candidate,source void label or official validation/test split is not a V2 candidate
valid::manhole::manhole (1441).jpg,valid,manhole,data/raw/v2/hf_manhole_covers/valid/valid/manhole/manhole (1441).jpg,ea00006311a9e0e800c08e89db77db4e47cd46cf64d56b63e4fcea4b79a13f54,224,224,,reserved_not_v2_candidate,source void label or official validation/test split is not a V2 candidate
valid::manhole::manhole (1442).jpg,valid,manhole,data/raw/v2/hf_manhole_covers/valid/valid/manhole/manhole (1442).jpg,24b7b38cb28f6c0bcd51387e2e9d0e9db0d209f47563587004b812ae443c955f,224,224,,reserved_not_v2_candidate,source void label or official validation/test split is not a V2 candidate
valid::manhole::manhole (1443).jpg,valid,manhole,data/raw/v2/hf_manhole_covers/valid/valid/manhole/manhole (1443).jpg,90617d107f90b013760e90f5915424084b5cbdcd1c49b276692bb205005fb128,224,224,,reserved_not_v2_candidate,source void label or official validation/test split is not a V2 candidate
valid::manhole::manhole (1444).jpg,valid,manhole,data/raw/v2/hf_manhole_covers/valid/valid/manhole/manhole (1444).jpg,4220104071e616e2c085bb6d0ba397fa312c7cf6593561b65a74dc5b9c113fe0,224,224,,reserved_not_v2_candidate,source void label or official validation/test split is not a V2 candidate
valid::manhole::manhole (1445).jpg,valid,manhole,data/raw/v2/hf_manhole_covers/valid/valid/manhole/manhole (1445).jpg,264d62b55444443c27193b0da42470b0cb7be557ff330bc6d5895d710bc10294,224,224,,reserved_not_v2_candidate,source void label or official validation/test split is not a V2 candidate
valid::manhole::manhole (1446).jpg,valid,manhole,data/raw/v2/hf_manhole_covers/valid/valid/manhole/manhole (1446).jpg,789591731fd1d6d40554fb2eecef1b45f1f9d616abdb5b623e85a56804705480,224,224,,reserved_not_v2_candidate,source void label or official validation/test split is not a V2 candidate
valid::manhole::manhole (1447).jpg,valid,manhole,data/raw/v2/hf_manhole_covers/valid/valid/manhole/manhole (1447).jpg,ae379e8e2b2d62300ce02de3dbfbe9725325c4569a1be757d2aa35833689f165,224,224,,reserved_not_v2_candidate,source void label or official validation/test split is not a V2 candidate
valid::manhole::manhole (1448).jpg,valid,manhole,data/raw/v2/hf_manhole_covers/valid/valid/manhole/manhole (1448).jpg,e5380fb71c8a5bc2f8d59d7e4b244701ad6087bbaf92fc97483f33c2a7a52e62,224,224,,reserved_not_v2_candidate,source void label or official validation/test split is not a V2 candidate
valid::manhole::manhole (1449).jpg,valid,manhole,data/raw/v2/hf_manhole_covers/valid/valid/manhole/manhole (1449).jpg,9d57a04794f6c22019acaad1f513c64ccb00e2941d660c50d5b9b43dd9f03344,224,224,,reserved_not_v2_candidate,source void label or official validation/test split is not a V2 candidate
valid::manhole::manhole (1450).jpg,valid,manhole,data/raw/v2/hf_manhole_covers/valid/valid/manhole/manhole (1450).jpg,fb81414cf5c4690c35f22a72c58e2eb0747284991c54be7426fb28b0beb08a1a,224,224,,reserved_not_v2_candidate,source void label or official validation/test split is not a V2 candidate
valid::manhole::manhole (1451).jpg,valid,manhole,data/raw/v2/hf_manhole_covers/valid/valid/manhole/manhole (1451).jpg,a5055adc29250b1bcc5405f414d8eac896a67598def6ebc80634389bb25b1c75,224,224,,reserved_not_v2_candidate,source void label or official validation/test split is not a V2 candidate
valid::manhole::manhole (1452).jpg,valid,manhole,data/raw/v2/hf_manhole_covers/valid/valid/manhole/manhole (1452).jpg,5dd1a7800df61b52e5eb45da9e05dfd33fab17299fd8a7cb819a71f758e71a43,224,224,,reserved_not_v2_candidate,source void label or official validation/test split is not a V2 candidate
valid::manhole::manhole (1453).jpg,valid,manhole,data/raw/v2/hf_manhole_covers/valid/valid/manhole/manhole (1453).jpg,62b2558280d3d67a49788bfac92616865faca5c8612a8a56dab1a1b99e912117,224,224,,reserved_not_v2_candidate,source void label or official validation/test split is not a V2 candidate
valid::manhole::manhole (1454).jpg,valid,manhole,data/raw/v2/hf_manhole_covers/valid/valid/manhole/manhole (1454).jpg,a96c087441a1b5691e70e5be6949ce37c58d3a36fec8c5975646502207faa8a6,224,224,,reserved_not_v2_candidate,source void label or official validation/test split is not a V2 candidate
valid::manhole::manhole (1455).jpg,valid,manhole,data/raw/v2/hf_manhole_covers/valid/valid/manhole/manhole (1455).jpg,c6953784e2948256d9f8c493c5b0cb9130fdbe6a15fb1ea8f2ce18ad979c6602,224,224,,reserved_not_v2_candidate,source void label or official validation/test split is not a V2 candidate
valid::manhole::manhole (1456).jpg,valid,manhole,data/raw/v2/hf_manhole_covers/valid/valid/manhole/manhole (1456).jpg,a48745a5dd4672eaf54eadf3ebb6a920a4e803f3295e56951ff6f30b8abec14c,224,224,,reserved_not_v2_candidate,source void label or official validation/test split is not a V2 candidate
valid::manhole::manhole (1457).jpg,valid,manhole,data/raw/v2/hf_manhole_covers/valid/valid/manhole/manhole (1457).jpg,9b3ae694be808bac7db80e08621a723cff359e50b2c07267ad85ee23bbc6d8f4,224,224,,reserved_not_v2_candidate,source void label or official validation/test split is not a V2 candidate
valid::manhole::manhole (1458).jpg,valid,manhole,data/raw/v2/hf_manhole_covers/valid/valid/manhole/manhole (1458).jpg,2d126e1357ccdd563061495401a7001ebcd14568dfc3e331c6082eb7b26ae45b,224,224,,reserved_not_v2_candidate,source void label or official validation/test split is not a V2 candidate
valid::manhole::manhole (1459).jpg,valid,manhole,data/raw/v2/hf_manhole_covers/valid/valid/manhole/manhole (1459).jpg,d315855e6b8a9c64fddfca3af4056fe5f10c912f4e5b590915a34b0e24d57f80,224,224,,reserved_not_v2_candidate,source void label or official validation/test split is not a V2 candidate
valid::manhole::manhole (1460).jpg,valid,manhole,data/raw/v2/hf_manhole_covers/valid/valid/manhole/manhole (1460).jpg,34aea76ad9d29cadfce63bc327f35daa8ba5ec6c999656406fbe39d4669488fb,224,224,,reserved_not_v2_candidate,source void label or official validation/test split is not a V2 candidate
valid::manhole::manhole (1461).jpg,valid,manhole,data/raw/v2/hf_manhole_covers/valid/valid/manhole/manhole (1461).jpg,ec889f6dc8d9d162ebd70fc33b93b746ee491d99f95054adfd5dfaf8ae5b99a7,224,224,,reserved_not_v2_candidate,source void label or official validation/test split is not a V2 candidate
valid::manhole::manhole (1462).jpg,valid,manhole,data/raw/v2/hf_manhole_covers/valid/valid/manhole/manhole (1462).jpg,b19676541edb398b18d1e67a6411973f8b6082e6fa8342ae10076f9024596af1,224,224,,reserved_not_v2_candidate,source void label or official validation/test split is not a V2 candidate
valid::void::void100_resized.jpg,valid,void,data/raw/v2/hf_manhole_covers/valid/valid/void/void100_resized.jpg,f96575a298d6e6cec126484b262c6b91b5b9f8880f1ead3c7ad40caaaa087981,224,224,exact_duplicate_001,reserved_not_v2_candidate,source void label or official validation/test split is not a V2 candidate
valid::void::void101_resized.jpg,valid,void,data/raw/v2/hf_manhole_covers/valid/valid/void/void101_resized.jpg,616f95fc87975e649ed91affae932cf8ed3b51cf9d95b7e47fa473a68e6c84ae,224,224,exact_duplicate_002,reserved_not_v2_candidate,source void label or official validation/test split is not a V2 candidate
valid::void::void102_resized.jpg,valid,void,data/raw/v2/hf_manhole_covers/valid/valid/void/void102_resized.jpg,aa0e350e2a84529ea4604101217187a083895114f2a2b46a97c2019b63b3d8bd,224,224,exact_duplicate_003,reserved_not_v2_candidate,source void label or official validation/test split is not a V2 candidate
valid::void::void103_resized.jpg,valid,void,data/raw/v2/hf_manhole_covers/valid/valid/void/void103_resized.jpg,6f4ba8c9dba3ac5cf825c17be1c42a25812892cc601523dd5b0e8d5295edcd60,224,224,exact_duplicate_004,reserved_not_v2_candidate,source void label or official validation/test split is not a V2 candidate
valid::void::void104_resized.jpg,valid,void,data/raw/v2/hf_manhole_covers/valid/valid/void/void104_resized.jpg,6086b34779e4003e1f3634036a82a187cab104bbd55455dfbd2c67e0ebffff18,224,224,exact_duplicate_005,reserved_not_v2_candidate,source void label or official validation/test split is not a V2 candidate
valid::void::void105_resized.jpg,valid,void,data/raw/v2/hf_manhole_covers/valid/valid/void/void105_resized.jpg,873ec3b4bb4e8077ef140c11f1772919ec9fc4d70da14380a729e7d9c8ce9079,224,224,exact_duplicate_006,reserved_not_v2_candidate,source void label or official validation/test split is not a V2 candidate
valid::void::void106_resized.jpg,valid,void,data/raw/v2/hf_manhole_covers/valid/valid/void/void106_resized.jpg,afd8dc1c10c31503fb284110fff43cd65a2d193afbc103250fc82c6dfa3c21fd,224,224,exact_duplicate_007,reserved_not_v2_candidate,source void label or official validation/test split is not a V2 candidate
valid::void::void107_resized.jpg,valid,void,data/raw/v2/hf_manhole_covers/valid/valid/void/void107_resized.jpg,bc19955d15dc089327ce4a4887e908cc45e30f120f6dcce78fc07e802534cbfe,224,224,exact_duplicate_008,reserved_not_v2_candidate,source void label or official validation/test split is not a V2 candidate
valid::void::void108_resized.jpg,valid,void,data/raw/v2/hf_manhole_covers/valid/valid/void/void108_resized.jpg,379f04ebcec9b4015e6a462ee28311fc689555b4a325ee65026ceaf0146119a3,224,224,exact_duplicate_009,reserved_not_v2_candidate,source void label or official validation/test split is not a V2 candidate
valid::void::void109_resized.jpg,valid,void,data/raw/v2/hf_manhole_covers/valid/valid/void/void109_resized.jpg,7d909b88e2e447296e4b49ac842435a46c788739c735191528bd88bc7b66abb2,224,224,exact_duplicate_010,reserved_not_v2_candidate,source void label or official validation/test split is not a V2 candidate
valid::void::void10_resized.jpg,valid,void,data/raw/v2/hf_manhole_covers/valid/valid/void/void10_resized.jpg,d94a2123af38d7db680f5a86576de4066ad2deecf67e193ce29aaf066d299b55,224,224,exact_duplicate_011,reserved_not_v2_candidate,source void label or official validation/test split is not a V2 candidate
valid::void::void110_resized.jpg,valid,void,data/raw/v2/hf_manhole_covers/valid/valid/void/void110_resized.jpg,c11ed01a3c3821aef0430924af0f8c252807e2f14b1ad57dc631f2b0be150f38,224,224,exact_duplicate_012,reserved_not_v2_candidate,source void label or official validation/test split is not a V2 candidate
valid::void::void111_resized.jpg,valid,void,data/raw/v2/hf_manhole_covers/valid/valid/void/void111_resized.jpg,24df20026cd4d0542ac1659b61e1bf56fe84eace4168507fcae5381fbe51eb1c,224,224,exact_duplicate_013,reserved_not_v2_candidate,source void label or official validation/test split is not a V2 candidate
valid::void::void112_resized.jpg,valid,void,data/raw/v2/hf_manhole_covers/valid/valid/void/void112_resized.jpg,bf106594b5d57a0952cba27a030efa6839e8c944b5a0d0fb102cc81f1815023a,224,224,exact_duplicate_014,reserved_not_v2_candidate,source void label or official validation/test split is not a V2 candidate
valid::void::void113_resized.jpg,valid,void,data/raw/v2/hf_manhole_covers/valid/valid/void/void113_resized.jpg,8b7c766c8a707bb65cb46a0fbb4658b398082e606c2cb915084b2e4f7726d297,224,224,exact_duplicate_015,reserved_not_v2_candidate,source void label or official validation/test split is not a V2 candidate
valid::void::void114_resized.jpg,valid,void,data/raw/v2/hf_manhole_covers/valid/valid/void/void114_resized.jpg,41562b4c266165fb9439a4116c9b8dbab627fc6e9ee2909d149ed47f2cb11083,224,224,exact_duplicate_016,reserved_not_v2_candidate,source void label or official validation/test split is not a V2 candidate
valid::void::void115_resized.jpg,valid,void,data/raw/v2/hf_manhole_covers/valid/valid/void/void115_resized.jpg,187dcd0eee1486d9e8c6544571e24441816342f915e5f7870a5e9ad072b19fc3,224,224,exact_duplicate_017,reserved_not_v2_candidate,source void label or official validation/test split is not a V2 candidate
valid::void::void116_resized.jpg,valid,void,data/raw/v2/hf_manhole_covers/valid/valid/void/void116_resized.jpg,f371e5c324cbfbd8a06d1a0c11a36ec3b485102352d81a8ad217b79f92c6d42e,224,224,exact_duplicate_018,reserved_not_v2_candidate,source void label or official validation/test split is not a V2 candidate
valid::void::void117_resized.jpg,valid,void,data/raw/v2/hf_manhole_covers/valid/valid/void/void117_resized.jpg,561d4fc06efa7788cdaed102bed488bf1d2e62f97be1df2617478e5aa0973666,224,224,exact_duplicate_019,reserved_not_v2_candidate,source void label or official validation/test split is not a V2 candidate
valid::void::void118_resized.jpg,valid,void,data/raw/v2/hf_manhole_covers/valid/valid/void/void118_resized.jpg,41fe1ea99a50985724c50ebea2ce026f1d52c6a3c9d215e0ae8d91471be62676,224,224,exact_duplicate_020,reserved_not_v2_candidate,source void label or official validation/test split is not a V2 candidate
valid::void::void119_resized.jpg,valid,void,data/raw/v2/hf_manhole_covers/valid/valid/void/void119_resized.jpg,8af134f4a5d35ba60926de673b0b7f8c6a2b478684f8de452d1fcbe90b0c893a,224,224,exact_duplicate_021,reserved_not_v2_candidate,source void label or official validation/test split is not a V2 candidate
valid::void::void11_resized.jpg,valid,void,data/raw/v2/hf_manhole_covers/valid/valid/void/void11_resized.jpg,2d0d970fe27d82639693eee478dc0a30ac5d38c1a7052c1432fd03058dd3ade1,224,224,exact_duplicate_022,reserved_not_v2_candidate,source void label or official validation/test split is not a V2 candidate
valid::void::void120_resized.jpg,valid,void,data/raw/v2/hf_manhole_covers/valid/valid/void/void120_resized.jpg,fe9c73bf701a85b5e45a7b22fbd9da528c28d33ea68e5f0b5b0349012f3e8226,224,224,exact_duplicate_023,reserved_not_v2_candidate,source void label or official validation/test split is not a V2 candidate
valid::void::void121_resized.jpg,valid,void,data/raw/v2/hf_manhole_covers/valid/valid/void/void121_resized.jpg,a67a23550e3fdaba0dc5faac5cc5a19bf16f109324c32c63d07498bfa87a4757,224,224,exact_duplicate_024,reserved_not_v2_candidate,source void label or official validation/test split is not a V2 candidate
valid::void::void122_resized.jpg,valid,void,data/raw/v2/hf_manhole_covers/valid/valid/void/void122_resized.jpg,e6d748a6b5b5e349f0d9efa5ad401109ed22855385b7cdcb6f74ec941a5e0af8,224,224,exact_duplicate_025,reserved_not_v2_candidate,source void label or official validation/test split is not a V2 candidate
valid::void::void123_resized.jpg,valid,void,data/raw/v2/hf_manhole_covers/valid/valid/void/void123_resized.jpg,20d73b98c406590f10c07072454e5f38b9577c2351f7ad3328b4fab4d790ec10,224,224,exact_duplicate_026,reserved_not_v2_candidate,source void label or official validation/test split is not a V2 candidate
valid::void::void124_resized.jpg,valid,void,data/raw/v2/hf_manhole_covers/valid/valid/void/void124_resized.jpg,aabc64be709c56ae442a722f752b476a206f668ce80adc399a40bac25095f533,224,224,exact_duplicate_027,reserved_not_v2_candidate,source void label or official validation/test split is not a V2 candidate
valid::void::void125_resized.jpg,valid,void,data/raw/v2/hf_manhole_covers/valid/valid/void/void125_resized.jpg,49705d1ce10b3e815ecb20959d380de1c20bc9d164b60e850535d727580ffc89,224,224,exact_duplicate_028,reserved_not_v2_candidate,source void label or official validation/test split is not a V2 candidate
valid::void::void126_resized.jpg,valid,void,data/raw/v2/hf_manhole_covers/valid/valid/void/void126_resized.jpg,66a508b4a7d2bc39600b59806a8ebd060097e344f1460e35ef644e976d44e204,224,224,exact_duplicate_029,reserved_not_v2_candidate,source void label or official validation/test split is not a V2 candidate
valid::void::void127_resized.jpg,valid,void,data/raw/v2/hf_manhole_covers/valid/valid/void/void127_resized.jpg,90c1f8063769cbdb27d4a55e918dddee012c888e55697179ebc1b13f7a63b58b,224,224,exact_duplicate_030,reserved_not_v2_candidate,source void label or official validation/test split is not a V2 candidate
valid::void::void128_resized.jpg,valid,void,data/raw/v2/hf_manhole_covers/valid/valid/void/void128_resized.jpg,216c94c6b7b4bf66f647a22464d6ad1be1ab6bac435c792706eefe683e0b7631,224,224,exact_duplicate_031,reserved_not_v2_candidate,source void label or official validation/test split is not a V2 candidate
valid::void::void129_resized.jpg,valid,void,data/raw/v2/hf_manhole_covers/valid/valid/void/void129_resized.jpg,03a2395ede5cfc9fa766015f3781a8a9b97c84f1a8876d64a7da3ed474be39e3,224,224,exact_duplicate_032,reserved_not_v2_candidate,source void label or official validation/test split is not a V2 candidate
valid::void::void12_resized.jpg,valid,void,data/raw/v2/hf_manhole_covers/valid/valid/void/void12_resized.jpg,e0dfc4b493b315fb19395e06b34c6a99fdcc87352f0ec458e1460e07b93fb287,224,224,exact_duplicate_033,reserved_not_v2_candidate,source void label or official validation/test split is not a V2 candidate
valid::void::void130_resized.jpg,valid,void,data/raw/v2/hf_manhole_covers/valid/valid/void/void130_resized.jpg,1335fd5260b82c124dffba13d30f710416b94580ee7df3567604bcec53751fcf,224,224,exact_duplicate_034,reserved_not_v2_candidate,source void label or official validation/test split is not a V2 candidate
valid::void::void131_resized.jpg,valid,void,data/raw/v2/hf_manhole_covers/valid/valid/void/void131_resized.jpg,8529fbbe1daee2abfa75c4f642ea91e276152bb31eef10a4c8fa5851b12c9792,224,224,exact_duplicate_035,reserved_not_v2_candidate,source void label or official validation/test split is not a V2 candidate
valid::void::void132_resized.jpg,valid,void,data/raw/v2/hf_manhole_covers/valid/valid/void/void132_resized.jpg,fb3efcaf9e7efe93b2386e0f799724e29b8ba7058e4ed4287f120fb04004f665,224,224,exact_duplicate_036,reserved_not_v2_candidate,source void label or official validation/test split is not a V2 candidate
valid::void::void133_resized.jpg,valid,void,data/raw/v2/hf_manhole_covers/valid/valid/void/void133_resized.jpg,909fa4ce414babc2e4cfdef69f375614e4a68800d564e7b9132861961ce0e1a5,224,224,exact_duplicate_037,reserved_not_v2_candidate,source void label or official validation/test split is not a V2 candidate
valid::void::void134_resized.jpg,valid,void,data/raw/v2/hf_manhole_covers/valid/valid/void/void134_resized.jpg,37e92b0d06cff75c6771f34e23b174cd575010a52e54bc42f1af3d106c36eb8c,224,224,exact_duplicate_038,reserved_not_v2_candidate,source void label or official validation/test split is not a V2 candidate
valid::void::void135_resized.jpg,valid,void,data/raw/v2/hf_manhole_covers/valid/valid/void/void135_resized.jpg,d061f97ed40bbb01c8871b9425aea87fecae110ed387e5d41194bb378889c538,224,224,exact_duplicate_039,reserved_not_v2_candidate,source void label or official validation/test split is not a V2 candidate
valid::void::void136_resized.jpg,valid,void,data/raw/v2/hf_manhole_covers/valid/valid/void/void136_resized.jpg,a47aa8a4f84a391bc8ffdcd98b2f464b7bc6dc1985feef66aaeadf233b6fe359,224,224,exact_duplicate_040,reserved_not_v2_candidate,source void label or official validation/test split is not a V2 candidate
valid::void::void137_resized.jpg,valid,void,data/raw/v2/hf_manhole_covers/valid/valid/void/void137_resized.jpg,7ecb331a1136a71238f4e502af7a86d2c771e14396914cb5e6a6d6c5b8d00d0d,224,224,exact_duplicate_041,reserved_not_v2_candidate,source void label or official validation/test split is not a V2 candidate
valid::void::void138_resized.jpg,valid,void,data/raw/v2/hf_manhole_covers/valid/valid/void/void138_resized.jpg,8c0e93e454715ba56208a485c37deb43c6c11e8a3b349de35f66059ea7d5fbbd,224,224,exact_duplicate_042,reserved_not_v2_candidate,source void label or official validation/test split is not a V2 candidate
valid::void::void139_resized.jpg,valid,void,data/raw/v2/hf_manhole_covers/valid/valid/void/void139_resized.jpg,02112b254bd9b500a13bcec93eb191dc326700e7d5c995a094e217a9a1bd065f,224,224,exact_duplicate_043,reserved_not_v2_candidate,source void label or official validation/test split is not a V2 candidate
valid::void::void13_resized.jpg,valid,void,data/raw/v2/hf_manhole_covers/valid/valid/void/void13_resized.jpg,bbf6520b6720f4e3810a559714aa62ec07bcf0d4e872ae28d906b536d91d9036,224,224,exact_duplicate_044,reserved_not_v2_candidate,source void label or official validation/test split is not a V2 candidate
valid::void::void140_resized.jpg,valid,void,data/raw/v2/hf_manhole_covers/valid/valid/void/void140_resized.jpg,c656739b4f41dc7d41cc2e7904b5714b162117a2564b5c07b1de4ebaf399b11d,224,224,exact_duplicate_045,reserved_not_v2_candidate,source void label or official validation/test split is not a V2 candidate
valid::void::void141_resized.jpg,valid,void,data/raw/v2/hf_manhole_covers/valid/valid/void/void141_resized.jpg,de68a5c9e6d89977cd6f06ddaa915f03148f990598c132334ea3f8c3f7366350,224,224,exact_duplicate_046,reserved_not_v2_candidate,source void label or official validation/test split is not a V2 candidate
valid::void::void142_resized.jpg,valid,void,data/raw/v2/hf_manhole_covers/valid/valid/void/void142_resized.jpg,a94c359f1994d82c512571db13bd7ad1e908990dcc88c9d74aea8e65fdeebd9a,224,224,exact_duplicate_047,reserved_not_v2_candidate,source void label or official validation/test split is not a V2 candidate
valid::void::void143_resized.jpg,valid,void,data/raw/v2/hf_manhole_covers/valid/valid/void/void143_resized.jpg,ea725503b973afc44fec6a84a62df8dded7183d6584e885fa31b499b7f8359e9,224,224,exact_duplicate_048,reserved_not_v2_candidate,source void label or official validation/test split is not a V2 candidate
valid::void::void144_resized.jpg,valid,void,data/raw/v2/hf_manhole_covers/valid/valid/void/void144_resized.jpg,56924ec148d05d43e887e5caffab139b94f37885cf4cca18c664e10b53c557af,224,224,exact_duplicate_049,reserved_not_v2_candidate,source void label or official validation/test split is not a V2 candidate
valid::void::void145_resized.jpg,valid,void,data/raw/v2/hf_manhole_covers/valid/valid/void/void145_resized.jpg,24ee365839ff2e5cb5fdab4a30a1f098822ee558b8928f91ac54910b8e63c51e,224,224,exact_duplicate_050,reserved_not_v2_candidate,source void label or official validation/test split is not a V2 candidate
valid::void::void146_resized.jpg,valid,void,data/raw/v2/hf_manhole_covers/valid/valid/void/void146_resized.jpg,974aba4af2aff199f78b043aae9438511fa56b68fa15a983f978fb00cafd78a9,224,224,exact_duplicate_051,reserved_not_v2_candidate,source void label or official validation/test split is not a V2 candidate
valid::void::void147_resized.jpg,valid,void,data/raw/v2/hf_manhole_covers/valid/valid/void/void147_resized.jpg,a12281945a10f63a48b9be513dbcd0adda99923ab0c4506e202ddacedb219b51,224,224,exact_duplicate_052,reserved_not_v2_candidate,source void label or official validation/test split is not a V2 candidate
valid::void::void148_resized.jpg,valid,void,data/raw/v2/hf_manhole_covers/valid/valid/void/void148_resized.jpg,509b934da42e4de5df93bf9daa47d8c103d712df97b42a31caec66ea1ded2b97,224,224,exact_duplicate_053,reserved_not_v2_candidate,source void label or official validation/test split is not a V2 candidate
valid::void::void149_resized.jpg,valid,void,data/raw/v2/hf_manhole_covers/valid/valid/void/void149_resized.jpg,f682c32a1b7e823bcaeea05125557844c90b2432e047bb2133d387ece0e57ddd,224,224,exact_duplicate_054,reserved_not_v2_candidate,source void label or official validation/test split is not a V2 candidate
valid::void::void14_resized.jpg,valid,void,data/raw/v2/hf_manhole_covers/valid/valid/void/void14_resized.jpg,3ea60588102882651d9b83673128f733139b95349d385359253daa471955906f,224,224,exact_duplicate_055,reserved_not_v2_candidate,source void label or official validation/test split is not a V2 candidate
valid::void::void150_resized.jpg,valid,void,data/raw/v2/hf_manhole_covers/valid/valid/void/void150_resized.jpg,7bbfbdae7d52b22a6cc695c732129ea1c76d2098d70e592c27a8ac2ccbb87c38,224,224,exact_duplicate_056,reserved_not_v2_candidate,source void label or official validation/test split is not a V2 candidate
valid::void::void15_resized.jpg,valid,void,data/raw/v2/hf_manhole_covers/valid/valid/void/void15_resized.jpg,20a2f766909ebf0e8529d02c93a18fa3c5ccbf563fdac2633707f533abdfae9f,224,224,exact_duplicate_066,reserved_not_v2_candidate,source void label or official validation/test split is not a V2 candidate
valid::void::void16_resized.jpg,valid,void,data/raw/v2/hf_manhole_covers/valid/valid/void/void16_resized.jpg,273ed24f14412a90b570ccd0a8f3869125c199168d77f18b628595b0a6ae411c,224,224,exact_duplicate_077,reserved_not_v2_candidate,source void label or official validation/test split is not a V2 candidate
valid::void::void17_resized.jpg,valid,void,data/raw/v2/hf_manhole_covers/valid/valid/void/void17_resized.jpg,996dffff9f6f9e97d6bcdaf6da067404889dc1f411fd91155fd5f06b546ae417,224,224,exact_duplicate_088,reserved_not_v2_candidate,source void label or official validation/test split is not a V2 candidate
valid::void::void18_resized.jpg,valid,void,data/raw/v2/hf_manhole_covers/valid/valid/void/void18_resized.jpg,5981afe5c94caa507b179e24212d1ff11283f9aba4b72c2fb0e08b495d8f7948,224,224,exact_duplicate_099,reserved_not_v2_candidate,source void label or official validation/test split is not a V2 candidate
valid::void::void19_resized.jpg,valid,void,data/raw/v2/hf_manhole_covers/valid/valid/void/void19_resized.jpg,c10164fe54e19a190f64a5a01d6293e8d530793f61bca94f3270d877dbb02d3a,224,224,exact_duplicate_110,reserved_not_v2_candidate,source void label or official validation/test split is not a V2 candidate
valid::void::void1_resized.jpg,valid,void,data/raw/v2/hf_manhole_covers/valid/valid/void/void1_resized.jpg,650e024f1b66ee53ba5a220d839d87204d415e4c385426fb8339ac0d537af246,224,224,exact_duplicate_111,reserved_not_v2_candidate,source void label or official validation/test split is not a V2 candidate
valid::void::void20_resized.jpg,valid,void,data/raw/v2/hf_manhole_covers/valid/valid/void/void20_resized.jpg,dbff6a903557fc20ce9a707d959e5b7725ebc5d41a7619227a350d6e4021a1da,224,224,exact_duplicate_122,reserved_not_v2_candidate,source void label or official validation/test split is not a V2 candidate
valid::void::void21_resized.jpg,valid,void,data/raw/v2/hf_manhole_covers/valid/valid/void/void21_resized.jpg,d695e2439812edabe72c2ece68ac944a3f155a38d53553d449554c73c155a4ed,224,224,exact_duplicate_133,reserved_not_v2_candidate,source void label or official validation/test split is not a V2 candidate
valid::void::void22_resized.jpg,valid,void,data/raw/v2/hf_manhole_covers/valid/valid/void/void22_resized.jpg,2af2e333f8311d65c5b1ae87035f2d89c29975e4501d677f14e05d942e2bf942,224,224,exact_duplicate_135,reserved_not_v2_candidate,source void label or official validation/test split is not a V2 candidate
valid::void::void23_resized.jpg,valid,void,data/raw/v2/hf_manhole_covers/valid/valid/void/void23_resized.jpg,c65e20730a6c3ab5336e7a9cde180e89ec9b848dc29a663c9fe249b1699ae7a2,224,224,exact_duplicate_136,reserved_not_v2_candidate,source void label or official validation/test split is not a V2 candidate
valid::void::void24_resized.jpg,valid,void,data/raw/v2/hf_manhole_covers/valid/valid/void/void24_resized.jpg,d929eeebd0207d85e387b1298394ef47cd074da59675e070f2345291649b6b05,224,224,exact_duplicate_137,reserved_not_v2_candidate,source void label or official validation/test split is not a V2 candidate
valid::void::void25_resized.jpg,valid,void,data/raw/v2/hf_manhole_covers/valid/valid/void/void25_resized.jpg,17882bc4081e37fc281653b9768e9e889351db1b794f4c04de84119b42a48723,224,224,exact_duplicate_138,reserved_not_v2_candidate,source void label or official validation/test split is not a V2 candidate
valid::void::void26_resized.jpg,valid,void,data/raw/v2/hf_manhole_covers/valid/valid/void/void26_resized.jpg,03802fd8b230401eca275f8a732f325ff7d283ccff8d7365af09a8b1937efd73,224,224,exact_duplicate_139,reserved_not_v2_candidate,source void label or official validation/test split is not a V2 candidate
valid::void::void27_resized.jpg,valid,void,data/raw/v2/hf_manhole_covers/valid/valid/void/void27_resized.jpg,23de50e95b0fface0a1308fb13469c77d2d65a2113d52ead9aaac9b70143c7e7,224,224,exact_duplicate_140,reserved_not_v2_candidate,source void label or official validation/test split is not a V2 candidate
valid::void::void28_resized.jpg,valid,void,data/raw/v2/hf_manhole_covers/valid/valid/void/void28_resized.jpg,3292f0deb38fa43444dd0bb16a858aaa11e16b0af1024428dc543f113cad4902,224,224,exact_duplicate_141,reserved_not_v2_candidate,source void label or official validation/test split is not a V2 candidate
valid::void::void29_resized.jpg,valid,void,data/raw/v2/hf_manhole_covers/valid/valid/void/void29_resized.jpg,7b902037d9009dda4cdf178709e115f970d92c0d6c6d25e4d8a1566d61f19d3d,224,224,exact_duplicate_142,reserved_not_v2_candidate,source void label or official validation/test split is not a V2 candidate
valid::void::void2_resized.jpg,valid,void,data/raw/v2/hf_manhole_covers/valid/valid/void/void2_resized.jpg,f8821a3608b094932b95109cc4bc3273d9fdb9df1ed6e9f5078531dac6c7708b,224,224,exact_duplicate_143,reserved_not_v2_candidate,source void label or official validation/test split is not a V2 candidate
valid::void::void30_resized.jpg,valid,void,data/raw/v2/hf_manhole_covers/valid/valid/void/void30_resized.jpg,ba0837ec7264c0f0c418beafbf7eab4e3ecb91a4074e6b599f05ff3c1f5006ce,224,224,exact_duplicate_144,reserved_not_v2_candidate,source void label or official validation/test split is not a V2 candidate
valid::void::void31_resized.jpg,valid,void,data/raw/v2/hf_manhole_covers/valid/valid/void/void31_resized.jpg,b7c3b69980b35bb004483f382990f2f1c931c57af0e6b8235bce0a1f0c19bbac,224,224,exact_duplicate_145,reserved_not_v2_candidate,source void label or official validation/test split is not a V2 candidate
valid::void::void32_resized.jpg,valid,void,data/raw/v2/hf_manhole_covers/valid/valid/void/void32_resized.jpg,2ac7f84e5d0be7b5c28f942b0b710547b84b558647c04536888a89d04a0657f2,224,224,exact_duplicate_146,reserved_not_v2_candidate,source void label or official validation/test split is not a V2 candidate
valid::void::void33_resized.jpg,valid,void,data/raw/v2/hf_manhole_covers/valid/valid/void/void33_resized.jpg,05b59eee146a410a868227ee53a06257e1f6ac756e5ec8f74cd155e1f871999e,224,224,exact_duplicate_147,reserved_not_v2_candidate,source void label or official validation/test split is not a V2 candidate
valid::void::void34_resized.jpg,valid,void,data/raw/v2/hf_manhole_covers/valid/valid/void/void34_resized.jpg,80ac5a99c94fd7e2779c6ec4815ef2f3bc5ae5e3aa164a06141a975b73396cc7,224,224,exact_duplicate_148,reserved_not_v2_candidate,source void label or official validation/test split is not a V2 candidate
valid::void::void35_resized.jpg,valid,void,data/raw/v2/hf_manhole_covers/valid/valid/void/void35_resized.jpg,a5b0168ac34be62dd3d28ee7be5b82639d64f1f9b787b6e134420514861fe56e,224,224,exact_duplicate_149,reserved_not_v2_candidate,source void label or official validation/test split is not a V2 candidate
valid::void::void36_resized.jpg,valid,void,data/raw/v2/hf_manhole_covers/valid/valid/void/void36_resized.jpg,f68c886c3fabd79de73b6be1eda84720b91b6165ff0a9994aa4762762988320a,224,224,exact_duplicate_150,reserved_not_v2_candidate,source void label or official validation/test split is not a V2 candidate
valid::void::void37_resized.jpg,valid,void,data/raw/v2/hf_manhole_covers/valid/valid/void/void37_resized.jpg,2f38a1bcd873b0b4ec443b724fe956d2f43a2979dfd3101b8fb751d6ceb8e0d5,224,224,exact_duplicate_151,reserved_not_v2_candidate,source void label or official validation/test split is not a V2 candidate
valid::void::void38_resized.jpg,valid,void,data/raw/v2/hf_manhole_covers/valid/valid/void/void38_resized.jpg,3b3c2a7eeba98a71408b5de2e4a426ff90f035ab902179100b7a92368b7a256b,224,224,exact_duplicate_152,reserved_not_v2_candidate,source void label or official validation/test split is not a V2 candidate
valid::void::void39_resized.jpg,valid,void,data/raw/v2/hf_manhole_covers/valid/valid/void/void39_resized.jpg,3d1273f2a6457d0cad1b87affc770cc937124675cc7c22983467d831cb348d95,224,224,exact_duplicate_153,reserved_not_v2_candidate,source void label or official validation/test split is not a V2 candidate
valid::void::void3_resized.jpg,valid,void,data/raw/v2/hf_manhole_covers/valid/valid/void/void3_resized.jpg,a816ee37d77c0c6468a77554a3e6fcf3635b85f89c250e50a29dd637461889a7,224,224,exact_duplicate_154,reserved_not_v2_candidate,source void label or official validation/test split is not a V2 candidate
valid::void::void40_resized.jpg,valid,void,data/raw/v2/hf_manhole_covers/valid/valid/void/void40_resized.jpg,b24cc589abca4c98eb866d00899471b233e31e86bf3e1d9792faf318554b3716,224,224,exact_duplicate_155,reserved_not_v2_candidate,source void label or official validation/test split is not a V2 candidate
valid::void::void41_resized.jpg,valid,void,data/raw/v2/hf_manhole_covers/valid/valid/void/void41_resized.jpg,91ddb59be914fd113479741e281a3e3f9493e8188b0ca8219871b001b745c92d,224,224,exact_duplicate_156,reserved_not_v2_candidate,source void label or official validation/test split is not a V2 candidate
valid::void::void42_resized.jpg,valid,void,data/raw/v2/hf_manhole_covers/valid/valid/void/void42_resized.jpg,9bdacbb3e972ce5d63e3f2c09de332e32c846c48c6f346c05ff6d4be20c6366e,224,224,exact_duplicate_157,reserved_not_v2_candidate,source void label or official validation/test split is not a V2 candidate
valid::void::void43_resized.jpg,valid,void,data/raw/v2/hf_manhole_covers/valid/valid/void/void43_resized.jpg,377b6d1cf186294a458836a73bfec7d4da5889764ee5bc3b8276da614261d82a,224,224,exact_duplicate_158,reserved_not_v2_candidate,source void label or official validation/test split is not a V2 candidate
valid::void::void44_resized.jpg,valid,void,data/raw/v2/hf_manhole_covers/valid/valid/void/void44_resized.jpg,cc2a426ed0b665ea38d63dc5517d953ca612e40a18705c5145a652fac8d385ed,224,224,exact_duplicate_159,reserved_not_v2_candidate,source void label or official validation/test split is not a V2 candidate
valid::void::void45_resized.jpg,valid,void,data/raw/v2/hf_manhole_covers/valid/valid/void/void45_resized.jpg,4489bfc9cfad8966a4460188f57c5f642a69e39543bbc7593a390d0d2053e803,224,224,exact_duplicate_160,reserved_not_v2_candidate,source void label or official validation/test split is not a V2 candidate
valid::void::void46_resized.jpg,valid,void,data/raw/v2/hf_manhole_covers/valid/valid/void/void46_resized.jpg,e16662e41791bc22f756e686fd05f4cc6d2cf5730c4a77551e4e6c0944f06b1b,224,224,exact_duplicate_161,reserved_not_v2_candidate,source void label or official validation/test split is not a V2 candidate
valid::void::void47_resized.jpg,valid,void,data/raw/v2/hf_manhole_covers/valid/valid/void/void47_resized.jpg,6cb6fec0228b015d5954d99f63984395abd46036d08443385cd81bbbd7a30768,224,224,exact_duplicate_162,reserved_not_v2_candidate,source void label or official validation/test split is not a V2 candidate
valid::void::void48_resized.jpg,valid,void,data/raw/v2/hf_manhole_covers/valid/valid/void/void48_resized.jpg,f8844b3cf9b1eb1ccf4a08b95ee020c5e441b54e8c72d053e854f7f4e6dedb6b,224,224,exact_duplicate_163,reserved_not_v2_candidate,source void label or official validation/test split is not a V2 candidate
valid::void::void49_resized.jpg,valid,void,data/raw/v2/hf_manhole_covers/valid/valid/void/void49_resized.jpg,7be8d54da3dd06ef9c52c9647957f6a760ff6a5946a21a31d515a47d978e2310,224,224,exact_duplicate_164,reserved_not_v2_candidate,source void label or official validation/test split is not a V2 candidate
valid::void::void4_resized.jpg,valid,void,data/raw/v2/hf_manhole_covers/valid/valid/void/void4_resized.jpg,9ac7399d28e70c62edb19d74c87ae88e56f3fc191468701dc19d3554758e0bc9,224,224,exact_duplicate_165,reserved_not_v2_candidate,source void label or official validation/test split is not a V2 candidate
valid::void::void50_resized.jpg,valid,void,data/raw/v2/hf_manhole_covers/valid/valid/void/void50_resized.jpg,4690e5283266c283defa0be446e46b960dffa035145d4fa51a9c445cf5c7374a,224,224,exact_duplicate_166,reserved_not_v2_candidate,source void label or official validation/test split is not a V2 candidate
valid::void::void51_resized.jpg,valid,void,data/raw/v2/hf_manhole_covers/valid/valid/void/void51_resized.jpg,c52a267d8ad28c29e1cde6be4dd76b7b139c486ef42c59662ffe62ec1a529de2,224,224,exact_duplicate_167,reserved_not_v2_candidate,source void label or official validation/test split is not a V2 candidate
valid::void::void52_resized.jpg,valid,void,data/raw/v2/hf_manhole_covers/valid/valid/void/void52_resized.jpg,f8d2cd551c79b7c827696eb835dfa257de8fd9e6208de03967d439661f93891f,224,224,exact_duplicate_168,reserved_not_v2_candidate,source void label or official validation/test split is not a V2 candidate
valid::void::void53_resized.jpg,valid,void,data/raw/v2/hf_manhole_covers/valid/valid/void/void53_resized.jpg,6a8fe8915b4f484282bf6ba344283b9958a64c048224a9749a6eebba5732ecb8,224,224,exact_duplicate_169,reserved_not_v2_candidate,source void label or official validation/test split is not a V2 candidate
valid::void::void54_resized.jpg,valid,void,data/raw/v2/hf_manhole_covers/valid/valid/void/void54_resized.jpg,f4912b915216c7a13968a88025de80c53a1b4bf2fdc441d0bf7fb4b730a3e8d8,224,224,exact_duplicate_170,reserved_not_v2_candidate,source void label or official validation/test split is not a V2 candidate
valid::void::void55_resized.jpg,valid,void,data/raw/v2/hf_manhole_covers/valid/valid/void/void55_resized.jpg,d4007d4dadddf13815e674f35cff043c029808b8d3e4a002844017d2fa75499f,224,224,exact_duplicate_171,reserved_not_v2_candidate,source void label or official validation/test split is not a V2 candidate
valid::void::void56_resized.jpg,valid,void,data/raw/v2/hf_manhole_covers/valid/valid/void/void56_resized.jpg,889dffe7be6a6babbc791a640aa55d1935cf26f6519766a8f8eee25994df0633,224,224,exact_duplicate_172,reserved_not_v2_candidate,source void label or official validation/test split is not a V2 candidate
valid::void::void57_resized.jpg,valid,void,data/raw/v2/hf_manhole_covers/valid/valid/void/void57_resized.jpg,4b0269f86f2457dbafe10bbe07859d4d8e6e0755dd2e213268b5e4d6dffaa5db,224,224,exact_duplicate_173,reserved_not_v2_candidate,source void label or official validation/test split is not a V2 candidate
valid::void::void58_resized.jpg,valid,void,data/raw/v2/hf_manhole_covers/valid/valid/void/void58_resized.jpg,36449c3c9b254fc6fb1377621d7c17ff48da45305f27cf75ef687b13eeffa447,224,224,exact_duplicate_174,reserved_not_v2_candidate,source void label or official validation/test split is not a V2 candidate
valid::void::void59_resized.jpg,valid,void,data/raw/v2/hf_manhole_covers/valid/valid/void/void59_resized.jpg,158a3a7154ea6f14bce7c9e8a0b0e46b7ca454c092dd9ca42dbe4b8fe9a6bb51,224,224,exact_duplicate_175,reserved_not_v2_candidate,source void label or official validation/test split is not a V2 candidate
valid::void::void5_resized.jpg,valid,void,data/raw/v2/hf_manhole_covers/valid/valid/void/void5_resized.jpg,9b3e901d9142e780140b2f0823cf22ca53663dd009976112b6010d12719dfa45,224,224,exact_duplicate_176,reserved_not_v2_candidate,source void label or official validation/test split is not a V2 candidate
valid::void::void60_resized.jpg,valid,void,data/raw/v2/hf_manhole_covers/valid/valid/void/void60_resized.jpg,8268fcd18d2a7e81cd5c5af93777c67faa6bca7af1cc3413f630988b5231d79c,224,224,exact_duplicate_177,reserved_not_v2_candidate,source void label or official validation/test split is not a V2 candidate
valid::void::void61_resized.jpg,valid,void,data/raw/v2/hf_manhole_covers/valid/valid/void/void61_resized.jpg,200f17c3fd340cc941b7f33c09b855ca1b85773905d5e1e2345ada4f39d08810,224,224,exact_duplicate_178,reserved_not_v2_candidate,source void label or official validation/test split is not a V2 candidate
valid::void::void62_resized.jpg,valid,void,data/raw/v2/hf_manhole_covers/valid/valid/void/void62_resized.jpg,a8415a57ef0643c48a8a412e4efb5272a3e062e6106437d49fd15cb8d113f295,224,224,exact_duplicate_179,reserved_not_v2_candidate,source void label or official validation/test split is not a V2 candidate
valid::void::void63_resized.jpg,valid,void,data/raw/v2/hf_manhole_covers/valid/valid/void/void63_resized.jpg,c85bb446712a22a3f5ca001514e1da866d724dbffeb73a5af580d3e2540415bc,224,224,exact_duplicate_180,reserved_not_v2_candidate,source void label or official validation/test split is not a V2 candidate
valid::void::void64_resized.jpg,valid,void,data/raw/v2/hf_manhole_covers/valid/valid/void/void64_resized.jpg,242029e0dd0bc577e7455bc539927c512f7c65cbcd774a07e788a5f851ca4859,224,224,exact_duplicate_181,reserved_not_v2_candidate,source void label or official validation/test split is not a V2 candidate
valid::void::void65_resized.jpg,valid,void,data/raw/v2/hf_manhole_covers/valid/valid/void/void65_resized.jpg,620cc2aed2b75f101310dd2e4f154aaa28355ea62328b785ca31e110535bca91,224,224,exact_duplicate_182,reserved_not_v2_candidate,source void label or official validation/test split is not a V2 candidate
valid::void::void66_resized.jpg,valid,void,data/raw/v2/hf_manhole_covers/valid/valid/void/void66_resized.jpg,591dfb0b0c2c3d22bfc16e085d52024ed9fc3324020a390f03e84710c4ba86ae,224,224,exact_duplicate_183,reserved_not_v2_candidate,source void label or official validation/test split is not a V2 candidate
valid::void::void67_resized.jpg,valid,void,data/raw/v2/hf_manhole_covers/valid/valid/void/void67_resized.jpg,f02063770473f64f8afc7c0bd9fd6a8b99e2f9e025372d2392eba9d31db3734f,224,224,exact_duplicate_184,reserved_not_v2_candidate,source void label or official validation/test split is not a V2 candidate
valid::void::void68_resized.jpg,valid,void,data/raw/v2/hf_manhole_covers/valid/valid/void/void68_resized.jpg,30423df326a7e132e8bb0bedf6ef179d26f98764a3280200c11375c202456a93,224,224,exact_duplicate_185,reserved_not_v2_candidate,source void label or official validation/test split is not a V2 candidate
valid::void::void69_resized.jpg,valid,void,data/raw/v2/hf_manhole_covers/valid/valid/void/void69_resized.jpg,0d0aa870a459f36364b3ae344b40ec91a06f14e778b547e6e5644a4a09fd97c5,224,224,exact_duplicate_186,reserved_not_v2_candidate,source void label or official validation/test split is not a V2 candidate
valid::void::void6_resized.jpg,valid,void,data/raw/v2/hf_manhole_covers/valid/valid/void/void6_resized.jpg,77a22ff88211a421316e5c88b836e4bd7d81fcad92c49af355088b37ff38b3b7,224,224,exact_duplicate_187,reserved_not_v2_candidate,source void label or official validation/test split is not a V2 candidate
valid::void::void70_resized.jpg,valid,void,data/raw/v2/hf_manhole_covers/valid/valid/void/void70_resized.jpg,efa4c0bb308ab7e529cc6edbf74548dd242bb044d399d0183d991da93cd52d65,224,224,exact_duplicate_188,reserved_not_v2_candidate,source void label or official validation/test split is not a V2 candidate
valid::void::void71_resized.jpg,valid,void,data/raw/v2/hf_manhole_covers/valid/valid/void/void71_resized.jpg,d900ee08ad10ca095683ddd30e7cb403c3f832caf353836d563b41f96d23ec91,224,224,exact_duplicate_189,reserved_not_v2_candidate,source void label or official validation/test split is not a V2 candidate
valid::void::void72_resized.jpg,valid,void,data/raw/v2/hf_manhole_covers/valid/valid/void/void72_resized.jpg,4d31e658bca88a52a3441052fd1c863a385c6672b7c05b4ef0963d228c00ab4b,224,224,exact_duplicate_190,reserved_not_v2_candidate,source void label or official validation/test split is not a V2 candidate
valid::void::void73_resized.jpg,valid,void,data/raw/v2/hf_manhole_covers/valid/valid/void/void73_resized.jpg,b4377fe54e58dc1efb57ddef969fe18b12f124e27c073656a14054bf74345f71,224,224,exact_duplicate_191,reserved_not_v2_candidate,source void label or official validation/test split is not a V2 candidate
valid::void::void74_resized.jpg,valid,void,data/raw/v2/hf_manhole_covers/valid/valid/void/void74_resized.jpg,9601379991f2dfa78bfc572798ce897d5041d0eb8db377950650c4465e465863,224,224,exact_duplicate_192,reserved_not_v2_candidate,source void label or official validation/test split is not a V2 candidate
valid::void::void75_resized.jpg,valid,void,data/raw/v2/hf_manhole_covers/valid/valid/void/void75_resized.jpg,6b1728e774fc8541324440bae7b5254797e61a36e57324d55aeb8db6276b5505,224,224,exact_duplicate_193,reserved_not_v2_candidate,source void label or official validation/test split is not a V2 candidate
valid::void::void76_resized.jpg,valid,void,data/raw/v2/hf_manhole_covers/valid/valid/void/void76_resized.jpg,481655af14f6d87773a531696a668ebbaafcb281f237c395a747502eba5bd610,224,224,exact_duplicate_194,reserved_not_v2_candidate,source void label or official validation/test split is not a V2 candidate
valid::void::void77_resized.jpg,valid,void,data/raw/v2/hf_manhole_covers/valid/valid/void/void77_resized.jpg,4c698acec95d35d8f778dba8fc334e9b02737c45785ea2569640cde0f02708fc,224,224,exact_duplicate_195,reserved_not_v2_candidate,source void label or official validation/test split is not a V2 candidate
valid::void::void78_resized.jpg,valid,void,data/raw/v2/hf_manhole_covers/valid/valid/void/void78_resized.jpg,97e612bf17cb232353f6e7e813423d3ff71bde9fc6e3f305b22ec91ec09404af,224,224,exact_duplicate_196,reserved_not_v2_candidate,source void label or official validation/test split is not a V2 candidate
valid::void::void79_resized.jpg,valid,void,data/raw/v2/hf_manhole_covers/valid/valid/void/void79_resized.jpg,b3cf87ee641d9a85af85b09be6887ab1cfee9fb8cb2a784df8d6ed916b303d8e,224,224,exact_duplicate_197,reserved_not_v2_candidate,source void label or official validation/test split is not a V2 candidate
valid::void::void7_resized.jpg,valid,void,data/raw/v2/hf_manhole_covers/valid/valid/void/void7_resized.jpg,75b8f0c82fd2a8195206e57adf8c9c0b34ba68a0c8c100aabd021fafa82c42d1,224,224,exact_duplicate_198,reserved_not_v2_candidate,source void label or official validation/test split is not a V2 candidate
valid::void::void80_resized.jpg,valid,void,data/raw/v2/hf_manhole_covers/valid/valid/void/void80_resized.jpg,55d88b43e797f797d2f44a956e422599794ed28d77589bb88d6f25c8a1b4e848,224,224,exact_duplicate_199,reserved_not_v2_candidate,source void label or official validation/test split is not a V2 candidate
valid::void::void81_resized.jpg,valid,void,data/raw/v2/hf_manhole_covers/valid/valid/void/void81_resized.jpg,692010dac5740c2d464eef17ce138398fc294c8817adf9ff534980b2428f15d8,224,224,exact_duplicate_200,reserved_not_v2_candidate,source void label or official validation/test split is not a V2 candidate
valid::void::void82_resized.jpg,valid,void,data/raw/v2/hf_manhole_covers/valid/valid/void/void82_resized.jpg,ac668d712cedbd4b0f78e2fe0aedb03a767411880e86b3c9a5afeb5f0639a4d2,224,224,exact_duplicate_201,reserved_not_v2_candidate,source void label or official validation/test split is not a V2 candidate
valid::void::void83_resized.jpg,valid,void,data/raw/v2/hf_manhole_covers/valid/valid/void/void83_resized.jpg,0943ff93ed4985c162777b44484cfbba7abeeed3fbe8e421349214c599d2828a,224,224,exact_duplicate_202,reserved_not_v2_candidate,source void label or official validation/test split is not a V2 candidate
valid::void::void84_resized.jpg,valid,void,data/raw/v2/hf_manhole_covers/valid/valid/void/void84_resized.jpg,a0f868bc5925abf08ef6863af8c7d116fdf558dd124c4056565ffc76d4c07a89,224,224,exact_duplicate_203,reserved_not_v2_candidate,source void label or official validation/test split is not a V2 candidate
valid::void::void85_resized.jpg,valid,void,data/raw/v2/hf_manhole_covers/valid/valid/void/void85_resized.jpg,7831a4a3cda6c11e8bf1b3f2459777e11a6f6c4e1c01e51128633b7ead01eca4,224,224,exact_duplicate_204,reserved_not_v2_candidate,source void label or official validation/test split is not a V2 candidate
valid::void::void86_resized.jpg,valid,void,data/raw/v2/hf_manhole_covers/valid/valid/void/void86_resized.jpg,a043c0698168ab09d03dd2e45a5ec599b7069a153204f59a0341d09332c44d65,224,224,exact_duplicate_205,reserved_not_v2_candidate,source void label or official validation/test split is not a V2 candidate
valid::void::void87_resized.jpg,valid,void,data/raw/v2/hf_manhole_covers/valid/valid/void/void87_resized.jpg,a91e88d16ddd58ab83f40aa37c373c7c00bee18b99a2f2b2a3db2d50e942be40,224,224,exact_duplicate_206,reserved_not_v2_candidate,source void label or official validation/test split is not a V2 candidate
valid::void::void88_resized.jpg,valid,void,data/raw/v2/hf_manhole_covers/valid/valid/void/void88_resized.jpg,713da5bb0aa929149e78bd1781158eab1ab1e6f31e1aa67d4c123e755445c977,224,224,exact_duplicate_207,reserved_not_v2_candidate,source void label or official validation/test split is not a V2 candidate
valid::void::void89_resized.jpg,valid,void,data/raw/v2/hf_manhole_covers/valid/valid/void/void89_resized.jpg,58f57f3386e4ff5cd92e1c829b8b688803b15df0990ee0095a56bc6d1c121e56,224,224,exact_duplicate_208,reserved_not_v2_candidate,source void label or official validation/test split is not a V2 candidate
valid::void::void8_resized.jpg,valid,void,data/raw/v2/hf_manhole_covers/valid/valid/void/void8_resized.jpg,bd4199e6e795e4e5926906eb3920ec7f97b0c8918967fde45cef1cbbf5e32efb,224,224,exact_duplicate_209,reserved_not_v2_candidate,source void label or official validation/test split is not a V2 candidate
valid::void::void90_resized.jpg,valid,void,data/raw/v2/hf_manhole_covers/valid/valid/void/void90_resized.jpg,a9cb8b7edde2ea1a266b59a3e6bde2ec0ee1dd9fed0dd72329c4a533d1716463,224,224,exact_duplicate_210,reserved_not_v2_candidate,source void label or official validation/test split is not a V2 candidate
valid::void::void91_resized.jpg,valid,void,data/raw/v2/hf_manhole_covers/valid/valid/void/void91_resized.jpg,133cc14b5328424d5012ade8abf5446e021b9881a1e3165809963e0d42347deb,224,224,exact_duplicate_211,reserved_not_v2_candidate,source void label or official validation/test split is not a V2 candidate
valid::void::void92_resized.jpg,valid,void,data/raw/v2/hf_manhole_covers/valid/valid/void/void92_resized.jpg,7ea49077232e0419cbd818ef9aad35421e7b09e8cfaaaf844c19a1a8c5ebc3cb,224,224,exact_duplicate_212,reserved_not_v2_candidate,source void label or official validation/test split is not a V2 candidate
valid::void::void93_resized.jpg,valid,void,data/raw/v2/hf_manhole_covers/valid/valid/void/void93_resized.jpg,322af3f83d9ed5a6a5d54e7f57345756c9dbab03d3cf7596b536742ddc7e6ab7,224,224,exact_duplicate_213,reserved_not_v2_candidate,source void label or official validation/test split is not a V2 candidate
valid::void::void94_resized.jpg,valid,void,data/raw/v2/hf_manhole_covers/valid/valid/void/void94_resized.jpg,b08b937e0b99f4fc43e705f4dbf59725bbf69890d045bc20f6de73a32f6ee01a,224,224,exact_duplicate_214,reserved_not_v2_candidate,source void label or official validation/test split is not a V2 candidate
valid::void::void95_resized.jpg,valid,void,data/raw/v2/hf_manhole_covers/valid/valid/void/void95_resized.jpg,910fae3371457343a36c6fc6195c043fe4424727cec1bc388a3a084472ebe688,224,224,exact_duplicate_215,reserved_not_v2_candidate,source void label or official validation/test split is not a V2 candidate
valid::void::void96_resized.jpg,valid,void,data/raw/v2/hf_manhole_covers/valid/valid/void/void96_resized.jpg,7db06a33cf8d1d230eff2243399be6a7c0854abb6ed5ebe69a975847c16fd5ac,224,224,exact_duplicate_216,reserved_not_v2_candidate,source void label or official validation/test split is not a V2 candidate
valid::void::void97_resized.jpg,valid,void,data/raw/v2/hf_manhole_covers/valid/valid/void/void97_resized.jpg,a4d3149f311ff5ed79b3b99bb27ab210d870e2dacd3b56971bbf8898ac6baa40,224,224,exact_duplicate_217,reserved_not_v2_candidate,source void label or official validation/test split is not a V2 candidate
valid::void::void98_resized.jpg,valid,void,data/raw/v2/hf_manhole_covers/valid/valid/void/void98_resized.jpg,7ef9efaad9f2eb78f0794d37b070ecf28737608b827d55b96fb7a5f33e941d42,224,224,exact_duplicate_218,reserved_not_v2_candidate,source void label or official validation/test split is not a V2 candidate
valid::void::void99_resized.jpg,valid,void,data/raw/v2/hf_manhole_covers/valid/valid/void/void99_resized.jpg,b27db56188743d52ab1feb9d2867a35463d122f68ad6d507aa0ab056b009038e,224,224,exact_duplicate_219,reserved_not_v2_candidate,source void label or official validation/test split is not a V2 candidate
valid::void::void9_resized.jpg,valid,void,data/raw/v2/hf_manhole_covers/valid/valid/void/void9_resized.jpg,18dd3b383be3e58601106748733f0d51461d8c22d0a6cbb8fe716a8868d2ddaa,224,224,exact_duplicate_220,reserved_not_v2_candidate,source void label or official validation/test split is not a V2 candidate
test::manhole::manhole (1463).jpg,test,manhole,data/raw/v2/hf_manhole_covers/test/test/manhole/manhole (1463).jpg,f47307cfd5f6dfc4c32660b0484c677b3171f1dc8f4a2fefaaf88575fcc7bc3f,224,224,,reserved_not_v2_candidate,source void label or official validation/test split is not a V2 candidate
test::manhole::manhole (1464).jpg,test,manhole,data/raw/v2/hf_manhole_covers/test/test/manhole/manhole (1464).jpg,8e3e9327b3c3a0d17b1f562dbe4421bcb1a8a71bc1dbc21bdd16116b553390c7,224,224,,reserved_not_v2_candidate,source void label or official validation/test split is not a V2 candidate
test::manhole::manhole (1465).jpg,test,manhole,data/raw/v2/hf_manhole_covers/test/test/manhole/manhole (1465).jpg,d3e2101364839a5618a6ff7dbf8edd6a1fbca46ef3adeede00f708db578e06d9,224,224,,reserved_not_v2_candidate,source void label or official validation/test split is not a V2 candidate
test::manhole::manhole (1466).jpg,test,manhole,data/raw/v2/hf_manhole_covers/test/test/manhole/manhole (1466).jpg,0b1981de0ea69e7f1f66424995020aec9eb12e6ebed6c1944acad0112205d0d4,224,224,,reserved_not_v2_candidate,source void label or official validation/test split is not a V2 candidate
test::manhole::manhole (1467).jpg,test,manhole,data/raw/v2/hf_manhole_covers/test/test/manhole/manhole (1467).jpg,432ac26669087fa70accb078cfd3d61f8780e3aa24c3771e64ba9595cace05fa,224,224,,reserved_not_v2_candidate,source void label or official validation/test split is not a V2 candidate
test::manhole::manhole (1468).jpg,test,manhole,data/raw/v2/hf_manhole_covers/test/test/manhole/manhole (1468).jpg,0da6ed3d8e2e92e38291d776cdc6839484c59d538a964e49ce511a9bb7f7cbae,224,224,,reserved_not_v2_candidate,source void label or official validation/test split is not a V2 candidate
test::manhole::manhole (1469).jpg,test,manhole,data/raw/v2/hf_manhole_covers/test/test/manhole/manhole (1469).jpg,4225e1378fcdc6ec5af36f988195d34ebdb524e64ef7d0dab02c7747b9c3cbcb,224,224,,reserved_not_v2_candidate,source void label or official validation/test split is not a V2 candidate
test::manhole::manhole (1470).jpg,test,manhole,data/raw/v2/hf_manhole_covers/test/test/manhole/manhole (1470).jpg,b75711111bb5b3ed87c8c43fe77b588ce0e0669de3615867e54dd7cb26bc6c5f,224,224,,reserved_not_v2_candidate,source void label or official validation/test split is not a V2 candidate
test::manhole::manhole (1471).jpg,test,manhole,data/raw/v2/hf_manhole_covers/test/test/manhole/manhole (1471).jpg,534ffe01b5441eeec3fbd4e593211653dc91bf19fe4059eb1679f56237182978,224,224,,reserved_not_v2_candidate,source void label or official validation/test split is not a V2 candidate
test::manhole::manhole (1472).jpg,test,manhole,data/raw/v2/hf_manhole_covers/test/test/manhole/manhole (1472).jpg,a6b1a48d2f66296f02627ea8e15dcfa06b1fb0b76c2aba54a4afa8cc4422b2c4,224,224,,reserved_not_v2_candidate,source void label or official validation/test split is not a V2 candidate
test::manhole::manhole (1473).jpg,test,manhole,data/raw/v2/hf_manhole_covers/test/test/manhole/manhole (1473).jpg,86f424ec07abf088315d2105fe4716e675d5232b5b0845c926911683c5de7158,224,224,,reserved_not_v2_candidate,source void label or official validation/test split is not a V2 candidate
test::manhole::manhole (1474).jpg,test,manhole,data/raw/v2/hf_manhole_covers/test/test/manhole/manhole (1474).jpg,1c7b39f86f3eb2134dce5b4552d38270aa4129cc0f2bd1bccb51f970430d08b5,224,224,,reserved_not_v2_candidate,source void label or official validation/test split is not a V2 candidate
test::manhole::manhole (1475).jpg,test,manhole,data/raw/v2/hf_manhole_covers/test/test/manhole/manhole (1475).jpg,c80327141679b6d9de1fc9ca2dd0108c340d691fb8cff7d4417340276578a759,224,224,,reserved_not_v2_candidate,source void label or official validation/test split is not a V2 candidate
test::manhole::manhole (1476).jpg,test,manhole,data/raw/v2/hf_manhole_covers/test/test/manhole/manhole (1476).jpg,c544a3bcc36781bf5e57fe084d8ab9eb7d98cbe583b1b301faed5d68eee7e2e9,224,224,,reserved_not_v2_candidate,source void label or official validation/test split is not a V2 candidate
test::manhole::manhole (1477).jpg,test,manhole,data/raw/v2/hf_manhole_covers/test/test/manhole/manhole (1477).jpg,67d6243fc95f44b8a2fe2e6ae480ad3aab5c749d8822c3bafc4ce9cde2617621,224,224,,reserved_not_v2_candidate,source void label or official validation/test split is not a V2 candidate
test::manhole::manhole (1478).jpg,test,manhole,data/raw/v2/hf_manhole_covers/test/test/manhole/manhole (1478).jpg,69b133bf02105bc99831db02430d3956195ff620d0681ef5d5b4a2f650e85f8f,224,224,,reserved_not_v2_candidate,source void label or official validation/test split is not a V2 candidate
test::manhole::manhole (1479).jpg,test,manhole,data/raw/v2/hf_manhole_covers/test/test/manhole/manhole (1479).jpg,6786b0bd7c46ef74fbb551e3554c14eb932171a50f63213905ccba92d465a8c5,224,224,,reserved_not_v2_candidate,source void label or official validation/test split is not a V2 candidate
test::manhole::manhole (1480).jpg,test,manhole,data/raw/v2/hf_manhole_covers/test/test/manhole/manhole (1480).jpg,22a3bdbad66e2c92784676327368de56114ca19423f9873636af1948da5a16d9,224,224,,reserved_not_v2_candidate,source void label or official validation/test split is not a V2 candidate
test::manhole::manhole (1481).jpg,test,manhole,data/raw/v2/hf_manhole_covers/test/test/manhole/manhole (1481).jpg,92f5d4421730b5ad78d7664ae2ae3184f96d68eea6967a5423f4b9ce9b879ffa,224,224,,reserved_not_v2_candidate,source void label or official validation/test split is not a V2 candidate
test::manhole::manhole (1482).jpg,test,manhole,data/raw/v2/hf_manhole_covers/test/test/manhole/manhole (1482).jpg,bea72737823c15cfc267eb6f8d9e81259eb139c764f55a46d801cbc7d0354d83,224,224,,reserved_not_v2_candidate,source void label or official validation/test split is not a V2 candidate
test::manhole::manhole (1483).jpg,test,manhole,data/raw/v2/hf_manhole_covers/test/test/manhole/manhole (1483).jpg,211c0e4a4c7888260d304e7e72540e5acd051f94662e5703d8284092fb59e8c1,224,224,,reserved_not_v2_candidate,source void label or official validation/test split is not a V2 candidate
test::manhole::manhole (1484).jpg,test,manhole,data/raw/v2/hf_manhole_covers/test/test/manhole/manhole (1484).jpg,b09ae289cdedf8b0b7822149968b355d30dda253a9bb6ef407ca0c0bdc149bfd,224,224,,reserved_not_v2_candidate,source void label or official validation/test split is not a V2 candidate
test::manhole::manhole (1485).jpg,test,manhole,data/raw/v2/hf_manhole_covers/test/test/manhole/manhole (1485).jpg,888db9d4a13ec4e373e3c5820f083ce1c774752a0c6a73310f2a760a181d3e37,224,224,,reserved_not_v2_candidate,source void label or official validation/test split is not a V2 candidate
test::manhole::manhole (1486).jpg,test,manhole,data/raw/v2/hf_manhole_covers/test/test/manhole/manhole (1486).jpg,9333fa89ad9aa16ba58f1ef404a2534ed8ab54ca51b35d70091efcd947ba6ba2,224,224,,reserved_not_v2_candidate,source void label or official validation/test split is not a V2 candidate
test::manhole::manhole (1487).jpg,test,manhole,data/raw/v2/hf_manhole_covers/test/test/manhole/manhole (1487).jpg,9000fe842f6c46afdfec230d14e761468f3a25dc6afcb06f42b4a029cfa44363,224,224,,reserved_not_v2_candidate,source void label or official validation/test split is not a V2 candidate
test::manhole::manhole (1488).jpg,test,manhole,data/raw/v2/hf_manhole_covers/test/test/manhole/manhole (1488).jpg,1d56a085ee3e046f60b89830b2149bfe6e819e0a6121a1fd886c39598d79edf8,224,224,,reserved_not_v2_candidate,source void label or official validation/test split is not a V2 candidate
test::manhole::manhole (1489).jpg,test,manhole,data/raw/v2/hf_manhole_covers/test/test/manhole/manhole (1489).jpg,31b0da6da576af99a32076eb0aa37774ed7092b211070b148832d5740f100034,224,224,,reserved_not_v2_candidate,source void label or official validation/test split is not a V2 candidate
test::manhole::manhole (1490).jpg,test,manhole,data/raw/v2/hf_manhole_covers/test/test/manhole/manhole (1490).jpg,8136716064375da35dcdbf8f4cfd43abdeb0af8772d3c9318a725dc73101cd31,224,224,,reserved_not_v2_candidate,source void label or official validation/test split is not a V2 candidate
test::manhole::manhole (1491).jpg,test,manhole,data/raw/v2/hf_manhole_covers/test/test/manhole/manhole (1491).jpg,7369fc7c0b9fe92783cf0b19e29b63ef139ac1f4e0f0b7968c2bad2186b048bd,224,224,,reserved_not_v2_candidate,source void label or official validation/test split is not a V2 candidate
test::manhole::manhole (1492).jpg,test,manhole,data/raw/v2/hf_manhole_covers/test/test/manhole/manhole (1492).jpg,d1f557840027917135638554bab63f4c6c3cd0e4c800345c74f5464aae8bd897,224,224,,reserved_not_v2_candidate,source void label or official validation/test split is not a V2 candidate
test::manhole::manhole (1493).jpg,test,manhole,data/raw/v2/hf_manhole_covers/test/test/manhole/manhole (1493).jpg,40eec9e57951061d2f2e040a15acb04829f709fe364534f6282fbab623c1314b,224,224,,reserved_not_v2_candidate,source void label or official validation/test split is not a V2 candidate
test::manhole::manhole (1494).jpg,test,manhole,data/raw/v2/hf_manhole_covers/test/test/manhole/manhole (1494).jpg,a65b8631b5eaf239080df1ebd1fdda338b6184585b933d1973f81afbf355d865,224,224,,reserved_not_v2_candidate,source void label or official validation/test split is not a V2 candidate
test::manhole::manhole (1495).jpg,test,manhole,data/raw/v2/hf_manhole_covers/test/test/manhole/manhole (1495).jpg,c24ce9c3c1b82a41dd45933ec2515eac4dc04a29b0aefe1ba36bba0bb4f990d2,224,224,,reserved_not_v2_candidate,source void label or official validation/test split is not a V2 candidate
test::manhole::manhole (1496).jpg,test,manhole,data/raw/v2/hf_manhole_covers/test/test/manhole/manhole (1496).jpg,bfc4958a9297014680e28871211ae6015fee78984a1fb91541296b781719dbde,224,224,,reserved_not_v2_candidate,source void label or official validation/test split is not a V2 candidate
test::manhole::manhole (1497).jpg,test,manhole,data/raw/v2/hf_manhole_covers/test/test/manhole/manhole (1497).jpg,4c18c2eb7eaed8d04d05212456d7610bbeabf1e9f338f5c799297341bb26e2c3,224,224,,reserved_not_v2_candidate,source void label or official validation/test split is not a V2 candidate
test::manhole::manhole (1498).jpg,test,manhole,data/raw/v2/hf_manhole_covers/test/test/manhole/manhole (1498).jpg,639fa455301ef3f15878dc5dedc7784361be2ecb3f75bbdd54226dca72c5a5cb,224,224,,reserved_not_v2_candidate,source void label or official validation/test split is not a V2 candidate
test::manhole::manhole (1499).jpg,test,manhole,data/raw/v2/hf_manhole_covers/test/test/manhole/manhole (1499).jpg,7a2d35aace04077dba88d19e3f10fd4e6e7d0e564a602aaddd67bdaee33ebffa,224,224,,reserved_not_v2_candidate,source void label or official validation/test split is not a V2 candidate
test::manhole::manhole (1500).jpg,test,manhole,data/raw/v2/hf_manhole_covers/test/test/manhole/manhole (1500).jpg,e5d07f93c921617563141a1f97aa43aa4b093dee6023dc915fe48e8b4f88e826,224,224,,reserved_not_v2_candidate,source void label or official validation/test split is not a V2 candidate
test::manhole::manhole (1501).jpg,test,manhole,data/raw/v2/hf_manhole_covers/test/test/manhole/manhole (1501).jpg,4c544e3da4aba8b6d44e6d570aebbc271f69db39c34cddb3b8586eae09fef639,224,224,,reserved_not_v2_candidate,source void label or official validation/test split is not a V2 candidate
test::manhole::manhole (1502).jpg,test,manhole,data/raw/v2/hf_manhole_covers/test/test/manhole/manhole (1502).jpg,edb9038437fb752d05b4dafc715074be66a5ded3d12e8b540e8a0e2a83459c60,224,224,,reserved_not_v2_candidate,source void label or official validation/test split is not a V2 candidate
test::manhole::manhole (1503).jpg,test,manhole,data/raw/v2/hf_manhole_covers/test/test/manhole/manhole (1503).jpg,1756b8b6cc806d71f37b61307cc1f1792e2e6d95f827d3a053c1fd797eecf04d,224,224,,reserved_not_v2_candidate,source void label or official validation/test split is not a V2 candidate
test::manhole::manhole (1504).jpg,test,manhole,data/raw/v2/hf_manhole_covers/test/test/manhole/manhole (1504).jpg,b18fc589a15118a7a745cb43deabc4ac8e412771a733fe3b81aa81255501187b,224,224,,reserved_not_v2_candidate,source void label or official validation/test split is not a V2 candidate
test::manhole::manhole (1505).jpg,test,manhole,data/raw/v2/hf_manhole_covers/test/test/manhole/manhole (1505).jpg,90dc6cf544a5d1b78b8282f1fd9beb297053fd2d8164ea9247f11454f59d3576,224,224,,reserved_not_v2_candidate,source void label or official validation/test split is not a V2 candidate
test::manhole::manhole (1506).jpg,test,manhole,data/raw/v2/hf_manhole_covers/test/test/manhole/manhole (1506).jpg,eaba3272963b365d4a8f74d4153cc8cf0be839bb2013d1cc91bb425fffc29927,224,224,,reserved_not_v2_candidate,source void label or official validation/test split is not a V2 candidate
test::manhole::manhole (1507).jpg,test,manhole,data/raw/v2/hf_manhole_covers/test/test/manhole/manhole (1507).jpg,d7ff2751e42854f0d6f0f31ada50426029c0d5870b487bd3d2ff423427996377,224,224,,reserved_not_v2_candidate,source void label or official validation/test split is not a V2 candidate
test::manhole::manhole (1508).jpg,test,manhole,data/raw/v2/hf_manhole_covers/test/test/manhole/manhole (1508).jpg,2b60683dd2d7e401d6d07f9519bd00502e929d7710e19effaaddc77ffcc5b28d,224,224,,reserved_not_v2_candidate,source void label or official validation/test split is not a V2 candidate
test::manhole::manhole (1509).jpg,test,manhole,data/raw/v2/hf_manhole_covers/test/test/manhole/manhole (1509).jpg,84a011c52cb124b84e623038fd0b0da47732326eeca112bff9a203306b411606,224,224,,reserved_not_v2_candidate,source void label or official validation/test split is not a V2 candidate
test::manhole::manhole (1510).jpg,test,manhole,data/raw/v2/hf_manhole_covers/test/test/manhole/manhole (1510).jpg,6cf608b18cbe4b74d29627575a96a9b8b4506d2e9f96132134283d842c8db5aa,224,224,,reserved_not_v2_candidate,source void label or official validation/test split is not a V2 candidate
test::manhole::manhole (1511).jpg,test,manhole,data/raw/v2/hf_manhole_covers/test/test/manhole/manhole (1511).jpg,d5f82807812bc01c93adf3483232e577325d51cc2cda1b8398f934f7fe770464,224,224,,reserved_not_v2_candidate,source void label or official validation/test split is not a V2 candidate
test::manhole::manhole (1512).jpg,test,manhole,data/raw/v2/hf_manhole_covers/test/test/manhole/manhole (1512).jpg,53ab49bba37c4baf44f2e9b19e19fa409ab2713b244ab3aba1c1abbb55e6531a,224,224,,reserved_not_v2_candidate,source void label or official validation/test split is not a V2 candidate
test::manhole::manhole (1513).jpg,test,manhole,data/raw/v2/hf_manhole_covers/test/test/manhole/manhole (1513).jpg,e0f1e94e3e302d14c81f4f131f1b2f7a309f34e6c0806bd60ce71ecccbb027c4,224,224,,reserved_not_v2_candidate,source void label or official validation/test split is not a V2 candidate
test::manhole::manhole (1514).jpg,test,manhole,data/raw/v2/hf_manhole_covers/test/test/manhole/manhole (1514).jpg,bf7f1a4886f49e2bb7f3003b5fca769ee0efcfa069ea6060904f94341e315971,224,224,,reserved_not_v2_candidate,source void label or official validation/test split is not a V2 candidate
test::manhole::manhole (1515).jpg,test,manhole,data/raw/v2/hf_manhole_covers/test/test/manhole/manhole (1515).jpg,e22d8a8b1603d37d0d7b11c500098e0a558c8d1bf2829c644e7f8753f35bcd75,224,224,,reserved_not_v2_candidate,source void label or official validation/test split is not a V2 candidate
test::manhole::manhole (1516).jpg,test,manhole,data/raw/v2/hf_manhole_covers/test/test/manhole/manhole (1516).jpg,c41b0a9acc8a806cdb03598397c0aca2deeed34aa4aa1150b84a9616f975f836,224,224,,reserved_not_v2_candidate,source void label or official validation/test split is not a V2 candidate
test::manhole::manhole (1517).jpg,test,manhole,data/raw/v2/hf_manhole_covers/test/test/manhole/manhole (1517).jpg,ab4cca82bb7215bf8c146a213e8d287177e7449d4d3f97a87b0dd3776d0814c3,224,224,,reserved_not_v2_candidate,source void label or official validation/test split is not a V2 candidate
test::manhole::manhole (1518).jpg,test,manhole,data/raw/v2/hf_manhole_covers/test/test/manhole/manhole (1518).jpg,45e00bc622cb7f5cd4fa2d27781ad8854504851439de097891551db205e4d40e,224,224,,reserved_not_v2_candidate,source void label or official validation/test split is not a V2 candidate
test::manhole::manhole (1519).jpg,test,manhole,data/raw/v2/hf_manhole_covers/test/test/manhole/manhole (1519).jpg,40e07f33cf951188062c34800243b262f6ac7473b037f86ded59f990b2be2130,224,224,,reserved_not_v2_candidate,source void label or official validation/test split is not a V2 candidate
test::manhole::manhole (1520).jpg,test,manhole,data/raw/v2/hf_manhole_covers/test/test/manhole/manhole (1520).jpg,56161d760d6e86bf5e2a1c81e9610adacf491983e093d3580b7c6da4a6dd7fa0,224,224,,reserved_not_v2_candidate,source void label or official validation/test split is not a V2 candidate
test::manhole::manhole (1521).jpg,test,manhole,data/raw/v2/hf_manhole_covers/test/test/manhole/manhole (1521).jpg,b4d597255a2361bdc12799a83434f13195c69bd210893bb9eae20d5326ce6a68,224,224,,reserved_not_v2_candidate,source void label or official validation/test split is not a V2 candidate
test::manhole::manhole (1522).jpg,test,manhole,data/raw/v2/hf_manhole_covers/test/test/manhole/manhole (1522).jpg,8342004ce5108f2b430fdd45898dc3ee5c1fb85f833710391d223bce6daa3acc,224,224,,reserved_not_v2_candidate,source void label or official validation/test split is not a V2 candidate
test::manhole::manhole (1523).jpg,test,manhole,data/raw/v2/hf_manhole_covers/test/test/manhole/manhole (1523).jpg,3b8e7d34a167dffd44d453b664c199f609a01620e793d812184d1abad9961f83,224,224,,reserved_not_v2_candidate,source void label or official validation/test split is not a V2 candidate
test::manhole::manhole (1524).jpg,test,manhole,data/raw/v2/hf_manhole_covers/test/test/manhole/manhole (1524).jpg,ac083f061f5b70d8da2c73b7b5e72aa618dd086ebc3f88b0e94d50f835a9c073,224,224,,reserved_not_v2_candidate,source void label or official validation/test split is not a V2 candidate
test::manhole::manhole (1525).jpg,test,manhole,data/raw/v2/hf_manhole_covers/test/test/manhole/manhole (1525).jpg,302df238dd0506321d447d83a0f04f5dfbe6caaa47660ac73618472473fa1acc,224,224,,reserved_not_v2_candidate,source void label or official validation/test split is not a V2 candidate
test::manhole::manhole (1526).jpg,test,manhole,data/raw/v2/hf_manhole_covers/test/test/manhole/manhole (1526).jpg,17214defedb4047ba60636d24dbae68c248da4457553685c85af7aaba4fec9aa,224,224,,reserved_not_v2_candidate,source void label or official validation/test split is not a V2 candidate
test::manhole::manhole (1527).jpg,test,manhole,data/raw/v2/hf_manhole_covers/test/test/manhole/manhole (1527).jpg,1e622d82ca07f6809fcddeb0afdc57c69d983f0f60675f0afb8935af30f731f3,224,224,,reserved_not_v2_candidate,source void label or official validation/test split is not a V2 candidate
test::manhole::manhole (1528).jpg,test,manhole,data/raw/v2/hf_manhole_covers/test/test/manhole/manhole (1528).jpg,74a7168e5affc5b00c4a42d86d0a2da1024c526962d2f0de48298b9796de9a9b,224,224,,reserved_not_v2_candidate,source void label or official validation/test split is not a V2 candidate
test::manhole::manhole (1529).jpg,test,manhole,data/raw/v2/hf_manhole_covers/test/test/manhole/manhole (1529).jpg,074aca422a17711919cb1f9df5198f86eddd00ff74705cdddf6fbc7fe58145b2,224,224,,reserved_not_v2_candidate,source void label or official validation/test split is not a V2 candidate
test::manhole::manhole (1530).jpg,test,manhole,data/raw/v2/hf_manhole_covers/test/test/manhole/manhole (1530).jpg,e7789a0849fda33b9101a36a4f89409662b53cbe5effd228877092bfd7183b23,224,224,,reserved_not_v2_candidate,source void label or official validation/test split is not a V2 candidate
test::manhole::manhole (1531).jpg,test,manhole,data/raw/v2/hf_manhole_covers/test/test/manhole/manhole (1531).jpg,d1d2f9eb845cb636299906e00b27d486ec07a95e40bcd435b37ee8be9c225c56,224,224,,reserved_not_v2_candidate,source void label or official validation/test split is not a V2 candidate
test::manhole::manhole (1532).jpg,test,manhole,data/raw/v2/hf_manhole_covers/test/test/manhole/manhole (1532).jpg,0cf597f588f457f703a9a54e9082d464c262d12f4f1ce6aec4cad8ab0b0bf3d8,224,224,,reserved_not_v2_candidate,source void label or official validation/test split is not a V2 candidate
test::void::void151_resized.jpg,test,void,data/raw/v2/hf_manhole_covers/test/test/void/void151_resized.jpg,31cd8c4bfcf40081130e30b1fd284beab82dc9610535d56c8defe87658b3f8e7,224,224,exact_duplicate_057,reserved_not_v2_candidate,source void label or official validation/test split is not a V2 candidate
test::void::void152_resized.jpg,test,void,data/raw/v2/hf_manhole_covers/test/test/void/void152_resized.jpg,80625a557eed7045f816d5539ad362900e43f6d7ed0fa52814aab8046ed06099,224,224,exact_duplicate_058,reserved_not_v2_candidate,source void label or official validation/test split is not a V2 candidate
test::void::void153_resized.jpg,test,void,data/raw/v2/hf_manhole_covers/test/test/void/void153_resized.jpg,d1728c6412998a80ee2409e62312d467f099d2104a315d2e18e1f8832497a5a1,224,224,exact_duplicate_059,reserved_not_v2_candidate,source void label or official validation/test split is not a V2 candidate
test::void::void154_resized.jpg,test,void,data/raw/v2/hf_manhole_covers/test/test/void/void154_resized.jpg,1a10ea0d161ea0a1213a518b367d79d60ee2f75007b2fbb8b9b001efc74e8470,224,224,exact_duplicate_060,reserved_not_v2_candidate,source void label or official validation/test split is not a V2 candidate
test::void::void155_resized.jpg,test,void,data/raw/v2/hf_manhole_covers/test/test/void/void155_resized.jpg,5ec3b3d9059b7c3d114f5260477d41d3b3b747caf1aed65733e2def406e929af,224,224,exact_duplicate_061,reserved_not_v2_candidate,source void label or official validation/test split is not a V2 candidate
test::void::void156_resized.jpg,test,void,data/raw/v2/hf_manhole_covers/test/test/void/void156_resized.jpg,60c0b1f95b424c90098e62db1f08f801295a2086f92ed767f104facdde172e26,224,224,exact_duplicate_062,reserved_not_v2_candidate,source void label or official validation/test split is not a V2 candidate
test::void::void157_resized.jpg,test,void,data/raw/v2/hf_manhole_covers/test/test/void/void157_resized.jpg,f6bcdfdef7c99bf7e014a98b478c45e56c7c3336bd98d65e3742f577fe27a4fa,224,224,exact_duplicate_063,reserved_not_v2_candidate,source void label or official validation/test split is not a V2 candidate
test::void::void158_resized.jpg,test,void,data/raw/v2/hf_manhole_covers/test/test/void/void158_resized.jpg,0d2b1285204364885f30df8e0e4193e33adeefd4bd9c95d3c0b7581cebfd181e,224,224,exact_duplicate_064,reserved_not_v2_candidate,source void label or official validation/test split is not a V2 candidate
test::void::void159_resized.jpg,test,void,data/raw/v2/hf_manhole_covers/test/test/void/void159_resized.jpg,bf4efc6f4477bfe945f5ac9dd7802fa5f3ba4b133b323612dcb61a6627fad99d,224,224,exact_duplicate_065,reserved_not_v2_candidate,source void label or official validation/test split is not a V2 candidate
test::void::void160_resized.jpg,test,void,data/raw/v2/hf_manhole_covers/test/test/void/void160_resized.jpg,15c36d34263d9bc6882c59ceaa960724504cc072e63ea65b2bb28520f9ba30ee,224,224,exact_duplicate_067,reserved_not_v2_candidate,source void label or official validation/test split is not a V2 candidate
test::void::void161_resized.jpg,test,void,data/raw/v2/hf_manhole_covers/test/test/void/void161_resized.jpg,fe1f78960da5295f3799e9f74124dbcf79377f6cbf2fc399a43c63ce8321726c,224,224,exact_duplicate_068,reserved_not_v2_candidate,source void label or official validation/test split is not a V2 candidate
test::void::void162_resized.jpg,test,void,data/raw/v2/hf_manhole_covers/test/test/void/void162_resized.jpg,9643b09d0d024a0dde3c032343e52348225a7f7392680f182e990fec58e1cc6b,224,224,exact_duplicate_069,reserved_not_v2_candidate,source void label or official validation/test split is not a V2 candidate
test::void::void163_resized.jpg,test,void,data/raw/v2/hf_manhole_covers/test/test/void/void163_resized.jpg,ab6a8b93c2aa05755b5911c68b422d8b002e0976dbefcea10949f9ae565faf43,224,224,exact_duplicate_070,reserved_not_v2_candidate,source void label or official validation/test split is not a V2 candidate
test::void::void164_resized.jpg,test,void,data/raw/v2/hf_manhole_covers/test/test/void/void164_resized.jpg,a4362f0ea9e2ef29f8528c0e624b34496490910149f6e0cf1d4963756445bc2f,224,224,exact_duplicate_071,reserved_not_v2_candidate,source void label or official validation/test split is not a V2 candidate
test::void::void165_resized.jpg,test,void,data/raw/v2/hf_manhole_covers/test/test/void/void165_resized.jpg,4fec7abee12f376287227770bf7fe43e5288422146015caffc51179803cd0fb2,224,224,exact_duplicate_072,reserved_not_v2_candidate,source void label or official validation/test split is not a V2 candidate
test::void::void166_resized.jpg,test,void,data/raw/v2/hf_manhole_covers/test/test/void/void166_resized.jpg,57a8066e8f1f3b4f00a8537eef7d0e66de30cacba762d7790c7b750aed53f4c0,224,224,exact_duplicate_073,reserved_not_v2_candidate,source void label or official validation/test split is not a V2 candidate
test::void::void167_resized.jpg,test,void,data/raw/v2/hf_manhole_covers/test/test/void/void167_resized.jpg,0a5c4cb5fdf02b25d6535e35908853e304b2cc8aac836999130912b54560a514,224,224,exact_duplicate_074,reserved_not_v2_candidate,source void label or official validation/test split is not a V2 candidate
test::void::void168_resized.jpg,test,void,data/raw/v2/hf_manhole_covers/test/test/void/void168_resized.jpg,d6bc442b6336e80e3cec4220a6d0c95532a935106504c83c2765d6d5faaecb84,224,224,exact_duplicate_075,reserved_not_v2_candidate,source void label or official validation/test split is not a V2 candidate
test::void::void169_resized.jpg,test,void,data/raw/v2/hf_manhole_covers/test/test/void/void169_resized.jpg,fcc7c3c71c15a670ce49dd06343bba1515d8e15dda7861b0f0edb61a128cbafa,224,224,exact_duplicate_076,reserved_not_v2_candidate,source void label or official validation/test split is not a V2 candidate
test::void::void170_resized.jpg,test,void,data/raw/v2/hf_manhole_covers/test/test/void/void170_resized.jpg,4eed80f30ea7d158fe90829f74fabb97c1320a56c26ccb84a8bed28a6362a15d,224,224,exact_duplicate_078,reserved_not_v2_candidate,source void label or official validation/test split is not a V2 candidate
test::void::void171_resized.jpg,test,void,data/raw/v2/hf_manhole_covers/test/test/void/void171_resized.jpg,a97dd5bb894b8ec3dd9c553a7bc6d83bd72b6c13a2cbaa434c6edc5c45cc49ed,224,224,exact_duplicate_079,reserved_not_v2_candidate,source void label or official validation/test split is not a V2 candidate
test::void::void172_resized.jpg,test,void,data/raw/v2/hf_manhole_covers/test/test/void/void172_resized.jpg,0c848424f50555112eb80ef31381471c1710368d0f3123dd29ac598459483896,224,224,exact_duplicate_080,reserved_not_v2_candidate,source void label or official validation/test split is not a V2 candidate
test::void::void173_resized.jpg,test,void,data/raw/v2/hf_manhole_covers/test/test/void/void173_resized.jpg,38b165a4e18a169b4a5bb27f0fa1f86df42d1eff5ffa5e64d97529edca3ae98f,224,224,exact_duplicate_081,reserved_not_v2_candidate,source void label or official validation/test split is not a V2 candidate
test::void::void174_resized.jpg,test,void,data/raw/v2/hf_manhole_covers/test/test/void/void174_resized.jpg,d465c18d38dee018f5b4f089272976110e9f9c7e1dfa99a21d9cc34ed3dcdb8e,224,224,exact_duplicate_082,reserved_not_v2_candidate,source void label or official validation/test split is not a V2 candidate
test::void::void175_resized.jpg,test,void,data/raw/v2/hf_manhole_covers/test/test/void/void175_resized.jpg,9fbc0c35cdd5239983e6ca3fb17534eaa4196af25b4915180e426431fc1058a9,224,224,exact_duplicate_083,reserved_not_v2_candidate,source void label or official validation/test split is not a V2 candidate
test::void::void176_resized.jpg,test,void,data/raw/v2/hf_manhole_covers/test/test/void/void176_resized.jpg,a92f880dc9a881619dfe9c2f6f31cd71632a6765bab0dc6faed6c217eb04f5cf,224,224,exact_duplicate_084,reserved_not_v2_candidate,source void label or official validation/test split is not a V2 candidate
test::void::void177_resized.jpg,test,void,data/raw/v2/hf_manhole_covers/test/test/void/void177_resized.jpg,d8f9b918e118a03fdfe4695ba7eadb4ba60a73605cd1ad0e364cab47f1ce4275,224,224,exact_duplicate_085,reserved_not_v2_candidate,source void label or official validation/test split is not a V2 candidate
test::void::void178_resized.jpg,test,void,data/raw/v2/hf_manhole_covers/test/test/void/void178_resized.jpg,cc989fbbe0864638d6fb92122a5fb272899bd935e3ef6e24643274fd14ccfa55,224,224,exact_duplicate_086,reserved_not_v2_candidate,source void label or official validation/test split is not a V2 candidate
test::void::void179_resized.jpg,test,void,data/raw/v2/hf_manhole_covers/test/test/void/void179_resized.jpg,0b125786859abfede385938e9b8a5b25c742b400a28dbe8831027df63cf2f922,224,224,exact_duplicate_087,reserved_not_v2_candidate,source void label or official validation/test split is not a V2 candidate
test::void::void180_resized.jpg,test,void,data/raw/v2/hf_manhole_covers/test/test/void/void180_resized.jpg,251c73f7f0d8a9ef86a717a7709641b864d6edf539e627ae01433f825bb9347e,224,224,exact_duplicate_089,reserved_not_v2_candidate,source void label or official validation/test split is not a V2 candidate
test::void::void181_resized.jpg,test,void,data/raw/v2/hf_manhole_covers/test/test/void/void181_resized.jpg,eef33f72313c2e30d48c83f406b9499849e16bcc11040ef8178a4b8b7b8e7da6,224,224,exact_duplicate_090,reserved_not_v2_candidate,source void label or official validation/test split is not a V2 candidate
test::void::void182_resized.jpg,test,void,data/raw/v2/hf_manhole_covers/test/test/void/void182_resized.jpg,9d73727e0c6685d2b5b65a279a65601dd09fae3c9e544d63877291195e9c31da,224,224,exact_duplicate_091,reserved_not_v2_candidate,source void label or official validation/test split is not a V2 candidate
test::void::void183_resized.jpg,test,void,data/raw/v2/hf_manhole_covers/test/test/void/void183_resized.jpg,545ebd685dc317018f31e92ade28052ac16ed1156422419ef07f7a159ac47d43,224,224,exact_duplicate_092,reserved_not_v2_candidate,source void label or official validation/test split is not a V2 candidate
test::void::void184_resized.jpg,test,void,data/raw/v2/hf_manhole_covers/test/test/void/void184_resized.jpg,8b1a306c9dda4da8464c20fc2987c4f6c0dc3a15e7854b60c30a569a4f13e0b8,224,224,exact_duplicate_093,reserved_not_v2_candidate,source void label or official validation/test split is not a V2 candidate
test::void::void185_resized.jpg,test,void,data/raw/v2/hf_manhole_covers/test/test/void/void185_resized.jpg,1d6113c237cac7a85328fcb40ce0c2156786f97dbc415ce38c4ef5b3722dfe68,224,224,exact_duplicate_094,reserved_not_v2_candidate,source void label or official validation/test split is not a V2 candidate
test::void::void186_resized.jpg,test,void,data/raw/v2/hf_manhole_covers/test/test/void/void186_resized.jpg,109c995fb1d0ecbb77991fa4817084072bf27051a7a7a75444c1567115050b2d,224,224,exact_duplicate_095,reserved_not_v2_candidate,source void label or official validation/test split is not a V2 candidate
test::void::void187_resized.jpg,test,void,data/raw/v2/hf_manhole_covers/test/test/void/void187_resized.jpg,e37e9124ce8d1bece62ae65129a10145eaa9876521bb2ec6c75263b9a5ee2383,224,224,exact_duplicate_096,reserved_not_v2_candidate,source void label or official validation/test split is not a V2 candidate
test::void::void188_resized.jpg,test,void,data/raw/v2/hf_manhole_covers/test/test/void/void188_resized.jpg,8495b834e31c96467e75319cd308e564fa5be3b25394e360f23e11e093c8254c,224,224,exact_duplicate_097,reserved_not_v2_candidate,source void label or official validation/test split is not a V2 candidate
test::void::void189_resized.jpg,test,void,data/raw/v2/hf_manhole_covers/test/test/void/void189_resized.jpg,889c065403d36ac11f929f0f8ca178c64b64f2f35e7c61b1a36b8fba378d0c60,224,224,exact_duplicate_098,reserved_not_v2_candidate,source void label or official validation/test split is not a V2 candidate
test::void::void190_resized.jpg,test,void,data/raw/v2/hf_manhole_covers/test/test/void/void190_resized.jpg,a96cd650f0cb804d5b9125a50950fde1def95ffb7dcf8013499b07035ece3734,224,224,exact_duplicate_100,reserved_not_v2_candidate,source void label or official validation/test split is not a V2 candidate
test::void::void191_resized.jpg,test,void,data/raw/v2/hf_manhole_covers/test/test/void/void191_resized.jpg,b3b5dac110e931d87d880c8b24e3a353bdf232c60b00f4797735fafa6e4222a1,224,224,exact_duplicate_101,reserved_not_v2_candidate,source void label or official validation/test split is not a V2 candidate
test::void::void192_resized.jpg,test,void,data/raw/v2/hf_manhole_covers/test/test/void/void192_resized.jpg,474c81d9d0edbe5e9ff48b5820019c2959cd1c055dd69d6c7cea7b660771e63b,224,224,exact_duplicate_102,reserved_not_v2_candidate,source void label or official validation/test split is not a V2 candidate
test::void::void193_resized.jpg,test,void,data/raw/v2/hf_manhole_covers/test/test/void/void193_resized.jpg,e5ceaaddcee6078394313126fb0e9fce9cce8af0f0c4ac450a931dafce1841a1,224,224,exact_duplicate_103,reserved_not_v2_candidate,source void label or official validation/test split is not a V2 candidate
test::void::void194_resized.jpg,test,void,data/raw/v2/hf_manhole_covers/test/test/void/void194_resized.jpg,e131d78e08b72ce36d81b43a465ef601cb737d62449e3d6d4cbd5d5f2fa9a95c,224,224,exact_duplicate_104,reserved_not_v2_candidate,source void label or official validation/test split is not a V2 candidate
test::void::void195_resized.jpg,test,void,data/raw/v2/hf_manhole_covers/test/test/void/void195_resized.jpg,33876e2ca35952dc35383acd9d69f42f7fa681c86c63aaf47f3e481f24eadf65,224,224,exact_duplicate_105,reserved_not_v2_candidate,source void label or official validation/test split is not a V2 candidate
test::void::void196_resized.jpg,test,void,data/raw/v2/hf_manhole_covers/test/test/void/void196_resized.jpg,5ac9a8b27b49ffe8b247d077e4026fdd158ea490764ff47e204a1d436878f6d2,224,224,exact_duplicate_106,reserved_not_v2_candidate,source void label or official validation/test split is not a V2 candidate
test::void::void197_resized.jpg,test,void,data/raw/v2/hf_manhole_covers/test/test/void/void197_resized.jpg,3faae2e3c384c72ac6bba6d6429bd8a7d2f180e637de0cfff7bf008fc66bde36,224,224,exact_duplicate_107,reserved_not_v2_candidate,source void label or official validation/test split is not a V2 candidate
test::void::void198_resized.jpg,test,void,data/raw/v2/hf_manhole_covers/test/test/void/void198_resized.jpg,669ae95f2e192ae44dea72d4193ec37b45d5d990d453ad8ce81f920444ca4cfa,224,224,exact_duplicate_108,reserved_not_v2_candidate,source void label or official validation/test split is not a V2 candidate
test::void::void199_resized.jpg,test,void,data/raw/v2/hf_manhole_covers/test/test/void/void199_resized.jpg,92e5ca5994dd2c41cb94a6057e94299710e739785960661bb3cb423b23dd9c1e,224,224,exact_duplicate_109,reserved_not_v2_candidate,source void label or official validation/test split is not a V2 candidate
test::void::void200_resized.jpg,test,void,data/raw/v2/hf_manhole_covers/test/test/void/void200_resized.jpg,a2eb57926d056c2b4665a299bc5cfbaba4b770b6b22da5ab13268cafcb59fe01,224,224,exact_duplicate_112,reserved_not_v2_candidate,source void label or official validation/test split is not a V2 candidate
test::void::void201_resized.jpg,test,void,data/raw/v2/hf_manhole_covers/test/test/void/void201_resized.jpg,3cdcd3114c78185f5ae79de25979c82e8c21ac22f17660239861283797f5e18c,224,224,exact_duplicate_113,reserved_not_v2_candidate,source void label or official validation/test split is not a V2 candidate
test::void::void202_resized.jpg,test,void,data/raw/v2/hf_manhole_covers/test/test/void/void202_resized.jpg,2b72299b5922544dfe970649a262aa0574376b73b6761563acc201b4c8e3d075,224,224,exact_duplicate_114,reserved_not_v2_candidate,source void label or official validation/test split is not a V2 candidate
test::void::void203_resized.jpg,test,void,data/raw/v2/hf_manhole_covers/test/test/void/void203_resized.jpg,6187714d8df8a3f594edf5f11536a1f333cbcb98229ce81fdf94eb86a343b972,224,224,exact_duplicate_115,reserved_not_v2_candidate,source void label or official validation/test split is not a V2 candidate
test::void::void204_resized.jpg,test,void,data/raw/v2/hf_manhole_covers/test/test/void/void204_resized.jpg,5331aa5e3467a5eb61b8734f0131985ca7b31ffc26fe509d28e2262198ef304f,224,224,exact_duplicate_116,reserved_not_v2_candidate,source void label or official validation/test split is not a V2 candidate
test::void::void205_resized.jpg,test,void,data/raw/v2/hf_manhole_covers/test/test/void/void205_resized.jpg,24e70ae902d59c483cd259a5df7e21705d0fa3753856c72c52e433b376c167cc,224,224,exact_duplicate_117,reserved_not_v2_candidate,source void label or official validation/test split is not a V2 candidate
test::void::void206_resized.jpg,test,void,data/raw/v2/hf_manhole_covers/test/test/void/void206_resized.jpg,5f046c0a6d7fba3ae00296e55e1f6e0ad496c80358e4fbf6585a4192bfd7d3ec,224,224,exact_duplicate_118,reserved_not_v2_candidate,source void label or official validation/test split is not a V2 candidate
test::void::void207_resized.jpg,test,void,data/raw/v2/hf_manhole_covers/test/test/void/void207_resized.jpg,41a43951c576de8a4d8e3088053fc8d31d6b5e1750300842b51e6528004d6968,224,224,exact_duplicate_119,reserved_not_v2_candidate,source void label or official validation/test split is not a V2 candidate
test::void::void208_resized.jpg,test,void,data/raw/v2/hf_manhole_covers/test/test/void/void208_resized.jpg,e7a519e2eaedbf90e6a9a6ae10ccc7e9683db5e08d4fd4196b03c69c124d3619,224,224,exact_duplicate_120,reserved_not_v2_candidate,source void label or official validation/test split is not a V2 candidate
test::void::void209_resized.jpg,test,void,data/raw/v2/hf_manhole_covers/test/test/void/void209_resized.jpg,2670d2084f5ef3605948068e5ae83876aebe77e9419249bb6de1fefb5fd57d18,224,224,exact_duplicate_121,reserved_not_v2_candidate,source void label or official validation/test split is not a V2 candidate
test::void::void210_resized.jpg,test,void,data/raw/v2/hf_manhole_covers/test/test/void/void210_resized.jpg,2c6a8ce32316a622f5d1bb93b3099eb939e12398a0466e5963b5c17c094cd278,224,224,exact_duplicate_123,reserved_not_v2_candidate,source void label or official validation/test split is not a V2 candidate
test::void::void211_resized.jpg,test,void,data/raw/v2/hf_manhole_covers/test/test/void/void211_resized.jpg,dd442da96fb4bc27dbce19a0394a6de092c7176ee659e76c8874cbd847e7942e,224,224,exact_duplicate_124,reserved_not_v2_candidate,source void label or official validation/test split is not a V2 candidate
test::void::void212_resized.jpg,test,void,data/raw/v2/hf_manhole_covers/test/test/void/void212_resized.jpg,9be6e45a8b659f709200d19dbb057c0b31b8f11ed4f81c434cdf3217c57d5341,224,224,exact_duplicate_125,reserved_not_v2_candidate,source void label or official validation/test split is not a V2 candidate
test::void::void213_resized.jpg,test,void,data/raw/v2/hf_manhole_covers/test/test/void/void213_resized.jpg,988497b1f424cab7491881127a6bddaf7aeffd8a163c60e89de2fc8e94f3e6eb,224,224,exact_duplicate_126,reserved_not_v2_candidate,source void label or official validation/test split is not a V2 candidate
test::void::void214_resized.jpg,test,void,data/raw/v2/hf_manhole_covers/test/test/void/void214_resized.jpg,cdd3316c3cea080fae242b7512878383bb89f02f66a6bc49be7f04ffdbdaa4a4,224,224,exact_duplicate_127,reserved_not_v2_candidate,source void label or official validation/test split is not a V2 candidate
test::void::void215_resized.jpg,test,void,data/raw/v2/hf_manhole_covers/test/test/void/void215_resized.jpg,79b800ee2372aaa784ac7aca9b6fb1e64bc97e80c47478d282f7ae1248865d34,224,224,exact_duplicate_128,reserved_not_v2_candidate,source void label or official validation/test split is not a V2 candidate
test::void::void216_resized.jpg,test,void,data/raw/v2/hf_manhole_covers/test/test/void/void216_resized.jpg,488aa7de23d51e22e5b7f8e1bead91c21d6e0f9d99cab5a39933f7eeb898c237,224,224,exact_duplicate_129,reserved_not_v2_candidate,source void label or official validation/test split is not a V2 candidate
test::void::void217_resized.jpg,test,void,data/raw/v2/hf_manhole_covers/test/test/void/void217_resized.jpg,2d5d85d93ab7b8bb6473cc71cb579967c5ad5be4b7024f710f516573b0e08a40,224,224,exact_duplicate_130,reserved_not_v2_candidate,source void label or official validation/test split is not a V2 candidate
test::void::void218_resized.jpg,test,void,data/raw/v2/hf_manhole_covers/test/test/void/void218_resized.jpg,291f1f288fa33bc79e3860b9cfbf16299a8b41ec3a259757a67e4cbb64c4341b,224,224,exact_duplicate_131,reserved_not_v2_candidate,source void label or official validation/test split is not a V2 candidate
test::void::void219_resized.jpg,test,void,data/raw/v2/hf_manhole_covers/test/test/void/void219_resized.jpg,ed1444c52deff135fd9bcbc9c29959fe62c4e2625a97559c624cea6109f040dd,224,224,exact_duplicate_132,reserved_not_v2_candidate,source void label or official validation/test split is not a V2 candidate
test::void::void220_resized.jpg,test,void,data/raw/v2/hf_manhole_covers/test/test/void/void220_resized.jpg,2ce04bd59843d6ca9efa9021d74e471fa172e449af365c75671b0c14374e971a,224,224,exact_duplicate_134,reserved_not_v2_candidate,source void label or official validation/test split is not a V2 candidate
