source_record_id,source_label,relative_image_path,sha256,width,height,sequence_risk,exact_duplicate_group_id,decision,decision_reason
bump::Image00059.jpg,bump,data/raw/v2/kaggle_speed_bump/Dataset/Data/bump/Image00059.jpg,d266633ee54de24ad56b66eb3e6cef306484b37206168c131716114515cfe62a,816,460,false,,keep_speed_bump_candidate,source bump label with no MVI sequence-style filename
bump::Image00060.jpg,bump,data/raw/v2/kaggle_speed_bump/Dataset/Data/bump/Image00060.jpg,339a56943034027606e0d27bc183f770ca424e7467476b03bc327560a080aff4,816,460,false,,keep_speed_bump_candidate,source bump label with no MVI sequence-style filename
bump::Image00061.jpg,bump,data/raw/v2/kaggle_speed_bump/Dataset/Data/bump/Image00061.jpg,9139a53f4d23ee1bf81b18878692f7b2d370b12fdd89c67097459b44a5142a67,816,460,false,,keep_speed_bump_candidate,source bump label with no MVI sequence-style filename
bump::Image00062.jpg,bump,data/raw/v2/kaggle_speed_bump/Dataset/Data/bump/Image00062.jpg,ac53e017cc556f7a9f12445c44603883d65325af7a7ad0b21871744ef15a750d,816,460,false,,keep_speed_bump_candidate,source bump label with no MVI sequence-style filename
bump::Image00063.jpg,bump,data/raw/v2/kaggle_speed_bump/Dataset/Data/bump/Image00063.jpg,3058ebbf8011fa485040a9ee268ca627cc8189132ba00f6efdf35a8e896d9854,460,816,false,,keep_speed_bump_candidate,source bump label with no MVI sequence-style filename
bump::Image00064.jpg,bump,data/raw/v2/kaggle_speed_bump/Dataset/Data/bump/Image00064.jpg,168604493db26544f6e0c4e7ad513c27e80eebdb0252de98f9e7f941bb05801b,460,816,false,,keep_speed_bump_candidate,source bump label with no MVI sequence-style filename
bump::Image00065.jpg,bump,data/raw/v2/kaggle_speed_bump/Dataset/Data/bump/Image00065.jpg,9e74e0f021ea6fd562889e71e577a6ba83db611d9d7d3861e397615cabd933e2,816,460,false,,keep_speed_bump_candidate,source bump label with no MVI sequence-style filename
bump::Image00067.jpg,bump,data/raw/v2/kaggle_speed_bump/Dataset/Data/bump/Image00067.jpg,3f473792a302a3446e5e59a20c8661769ba305559ceaef8a9de031357addc1d3,816,460,false,,keep_speed_bump_candidate,source bump label with no MVI sequence-style filename
bump::Image00068.jpg,bump,data/raw/v2/kaggle_speed_bump/Dataset/Data/bump/Image00068.jpg,f9b69a7d712997198c3e2516145e5a77bf476fa294aed64ee150ee31cc2c8afb,816,460,false,,keep_speed_bump_candidate,source bump label with no MVI sequence-style filename
bump::Image00069.jpg,bump,data/raw/v2/kaggle_speed_bump/Dataset/Data/bump/Image00069.jpg,99ec94c15b583efe83dfba417bedd600d1686c7df1e6c020737fcf7d20a9d98f,816,460,false,,keep_speed_bump_candidate,source bump label with no MVI sequence-style filename
bump::Image00070.jpg,bump,data/raw/v2/kaggle_speed_bump/Dataset/Data/bump/Image00070.jpg,f6aafd61a4f3d7a230222235266fe7392b4a8415339b1b8c94736ef8ff2fb4a5,816,460,false,,keep_speed_bump_candidate,source bump label with no MVI sequence-style filename
bump::Image00071.jpg,bump,data/raw/v2/kaggle_speed_bump/Dataset/Data/bump/Image00071.jpg,e570afe116bcaf7df5edb4afa17c18abcc7eb2b2c681d7d3809458ace18db0c1,816,460,false,,keep_speed_bump_candidate,source bump label with no MVI sequence-style filename
bump::Image00072.jpg,bump,data/raw/v2/kaggle_speed_bump/Dataset/Data/bump/Image00072.jpg,3b5a3a3b847418295d817ab6db45df16b7c9b08af1ee66f3dab86d1424b916fd,816,460,false,,keep_speed_bump_candidate,source bump label with no MVI sequence-style filename
bump::Image00073.jpg,bump,data/raw/v2/kaggle_speed_bump/Dataset/Data/bump/Image00073.jpg,bc26f7efcc3a6363c24f52dfb06dc29099cdcc3f316b53b9d649128ee0503bdd,816,460,false,,keep_speed_bump_candidate,source bump label with no MVI sequence-style filename
bump::Image00074.jpg,bump,data/raw/v2/kaggle_speed_bump/Dataset/Data/bump/Image00074.jpg,e7563bfbef7a657cb9692b6a5b8a2f80b9348ddf1680cb58bc59b7899664e573,816,460,false,,keep_speed_bump_candidate,source bump label with no MVI sequence-style filename
bump::Image00075.jpg,bump,data/raw/v2/kaggle_speed_bump/Dataset/Data/bump/Image00075.jpg,af9d4d7070c9318957f33ba34da77514146ee2c6364a3aef487859f2ac8312fd,816,460,false,,keep_speed_bump_candidate,source bump label with no MVI sequence-style filename
bump::Image00076.jpg,bump,data/raw/v2/kaggle_speed_bump/Dataset/Data/bump/Image00076.jpg,1a523258b5ae369c5270ad493bdfc5ddaa0ee91dbe2c989162f5afd59395ba27,816,460,false,,keep_speed_bump_candidate,source bump label with no MVI sequence-style filename
bump::Image00077.jpg,bump,data/raw/v2/kaggle_speed_bump/Dataset/Data/bump/Image00077.jpg,87844735e147b55a5971510b3d163bd0daff0c49c2dc35ce16766059186f54cb,816,460,false,,keep_speed_bump_candidate,source bump label with no MVI sequence-style filename
bump::Image00078.jpg,bump,data/raw/v2/kaggle_speed_bump/Dataset/Data/bump/Image00078.jpg,e2cfe1537d9b19b78ffcc7fd67d6874181df158c4bf26e884eb6419ba671fd4b,460,816,false,,keep_speed_bump_candidate,source bump label with no MVI sequence-style filename
bump::Image00080.jpg,bump,data/raw/v2/kaggle_speed_bump/Dataset/Data/bump/Image00080.jpg,eb9ce2ed97227e9428ce226e39b1050fc514499938d801b2583e4741a7ff96c0,460,816,false,,keep_speed_bump_candidate,source bump label with no MVI sequence-style filename
bump::Image00081.jpg,bump,data/raw/v2/kaggle_speed_bump/Dataset/Data/bump/Image00081.jpg,cd5a65e8628492a29fea22039ca6009373e58723988f8974198e5e1cdbc4c540,460,816,false,,keep_speed_bump_candidate,source bump label with no MVI sequence-style filename
bump::Image00082.jpg,bump,data/raw/v2/kaggle_speed_bump/Dataset/Data/bump/Image00082.jpg,310f315acd88aa790e58c55ef0b3ad1a8c6676c67edeeeabdc554b088fc1f7e7,460,816,false,,keep_speed_bump_candidate,source bump label with no MVI sequence-style filename
bump::Image00083.jpg,bump,data/raw/v2/kaggle_speed_bump/Dataset/Data/bump/Image00083.jpg,5b89e57e74469cddb20754d8521661a3a991b2a4162685da91e7ecf692a0286d,460,816,false,,keep_speed_bump_candidate,source bump label with no MVI sequence-style filename
bump::Image00084.jpg,bump,data/raw/v2/kaggle_speed_bump/Dataset/Data/bump/Image00084.jpg,fc03246a961ef1b1d279ce455a1315abf5d00a475f6e1daec312f39a92a0ccd5,816,460,false,,keep_speed_bump_candidate,source bump label with no MVI sequence-style filename
bump::Image00085.jpg,bump,data/raw/v2/kaggle_speed_bump/Dataset/Data/bump/Image00085.jpg,f0107fa71f7e425b24429869158298dff9332ae293678af770cacdd581babd9a,816,460,false,,keep_speed_bump_candidate,source bump label with no MVI sequence-style filename
bump::Image00086.jpg,bump,data/raw/v2/kaggle_speed_bump/Dataset/Data/bump/Image00086.jpg,6ad7d43d5080760053798aa9f4a4eea96d8ba6103c10722dd4ff859760bbf2c3,816,460,false,,keep_speed_bump_candidate,source bump label with no MVI sequence-style filename
bump::Image00087.jpg,bump,data/raw/v2/kaggle_speed_bump/Dataset/Data/bump/Image00087.jpg,0fdcb8e0d29527b122e306e0cba30c4094050b9fd111f3efb6b303d70b950dc4,816,460,false,,keep_speed_bump_candidate,source bump label with no MVI sequence-style filename
bump::Image00089.jpg,bump,data/raw/v2/kaggle_speed_bump/Dataset/Data/bump/Image00089.jpg,e05e180d244f66a79e6124832e0f113f7040cd8e5e258f5a19c84473898d4307,816,460,false,,keep_speed_bump_candidate,source bump label with no MVI sequence-style filename
bump::Image00091.jpg,bump,data/raw/v2/kaggle_speed_bump/Dataset/Data/bump/Image00091.jpg,0ec8f3c81141a2e1ae6e34391ee9f7cfb39127070bc84f3e3f8f1a470de6d209,816,460,false,,keep_speed_bump_candidate,source bump label with no MVI sequence-style filename
bump::Image00092.jpg,bump,data/raw/v2/kaggle_speed_bump/Dataset/Data/bump/Image00092.jpg,74140471283f9814496ad13f9ea51cb03e331553beee867e71d762dfafd53337,816,460,false,,keep_speed_bump_candidate,source bump label with no MVI sequence-style filename
bump::Image00093.jpg,bump,data/raw/v2/kaggle_speed_bump/Dataset/Data/bump/Image00093.jpg,e1736c3f0cbe87ecb516fea31047837f5a61e349bf8531d2f69733c53ec1c2ac,816,460,false,,keep_speed_bump_candidate,source bump label with no MVI sequence-style filename
bump::Image00094.jpg,bump,data/raw/v2/kaggle_speed_bump/Dataset/Data/bump/Image00094.jpg,8c3e6fd00482045a57b82fc0bdf01d4dae9e3e337b46451e7ff55a85a4f6fdda,816,460,false,,keep_speed_bump_candidate,source bump label with no MVI sequence-style filename
bump::Image00095.jpg,bump,data/raw/v2/kaggle_speed_bump/Dataset/Data/bump/Image00095.jpg,a85b9a3aef3b4248a36e97455380556de5981fe66c358184aeedc65af7af22e4,460,816,false,,keep_speed_bump_candidate,source bump label with no MVI sequence-style filename
bump::Image00096.jpg,bump,data/raw/v2/kaggle_speed_bump/Dataset/Data/bump/Image00096.jpg,d9c0000cb57467a3f61c2e947103d8ab0e4d25bb224e19e7e583545bb01ac6c6,816,460,false,,keep_speed_bump_candidate,source bump label with no MVI sequence-style filename
bump::Image00097.jpg,bump,data/raw/v2/kaggle_speed_bump/Dataset/Data/bump/Image00097.jpg,e650745a2664ebbf0872313157cdc67456916f874a5942c03bfb289655ffc972,816,460,false,,keep_speed_bump_candidate,source bump label with no MVI sequence-style filename
bump::Image00098.jpg,bump,data/raw/v2/kaggle_speed_bump/Dataset/Data/bump/Image00098.jpg,4a16a18e46dc02215dc702e4e271284ff873567fdd1e8f2fcbab77cc273b745f,816,460,false,,keep_speed_bump_candidate,source bump label with no MVI sequence-style filename
bump::Image00099.jpg,bump,data/raw/v2/kaggle_speed_bump/Dataset/Data/bump/Image00099.jpg,0c5539704fafb4044be6b330858dc4120bf243471274fe00188e0f52c9276ec5,816,460,false,,keep_speed_bump_candidate,source bump label with no MVI sequence-style filename
bump::Image00100.jpg,bump,data/raw/v2/kaggle_speed_bump/Dataset/Data/bump/Image00100.jpg,8b4748f33dc60370dd1b053d4e7aa6d9522c6834d31c530d0b3617f8ff84f123,816,460,false,,keep_speed_bump_candidate,source bump label with no MVI sequence-style filename
bump::Image00101.jpg,bump,data/raw/v2/kaggle_speed_bump/Dataset/Data/bump/Image00101.jpg,7b11a6cf208390b501d46bc6b742c85ea38a14151df2ba5e3263bed9f3e2687c,816,460,false,,keep_speed_bump_candidate,source bump label with no MVI sequence-style filename
bump::Image00102.jpg,bump,data/raw/v2/kaggle_speed_bump/Dataset/Data/bump/Image00102.jpg,95adb8d8893a7ff9be68e34374ceb26aa9a0a91135af275a888244cf3c3342f3,816,460,false,,keep_speed_bump_candidate,source bump label with no MVI sequence-style filename
bump::Image00103.jpg,bump,data/raw/v2/kaggle_speed_bump/Dataset/Data/bump/Image00103.jpg,a2ed03289f293e858f3b2d511b6f569a334f538f851478bfbeaa8603b2a5f8e5,816,460,false,,keep_speed_bump_candidate,source bump label with no MVI sequence-style filename
bump::Image00104.jpg,bump,data/raw/v2/kaggle_speed_bump/Dataset/Data/bump/Image00104.jpg,abc58714554f3a9de7d1dc798e4ec9de7618c2284be29fff31b2578528bf1e94,816,460,false,,keep_speed_bump_candidate,source bump label with no MVI sequence-style filename
bump::Image00105.jpg,bump,data/raw/v2/kaggle_speed_bump/Dataset/Data/bump/Image00105.jpg,225a6d45fa674cde47c89f72704a694ff9cc0889184dfa0a363b7d79a9d4cff5,816,460,false,,keep_speed_bump_candidate,source bump label with no MVI sequence-style filename
bump::Image00107.jpg,bump,data/raw/v2/kaggle_speed_bump/Dataset/Data/bump/Image00107.jpg,6a5379cbc0b1924eb545d84c4ef99eb66dad1bceb291f796ef5f47976894f84c,816,460,false,,keep_speed_bump_candidate,source bump label with no MVI sequence-style filename
bump::image59-1.jpg,bump,data/raw/v2/kaggle_speed_bump/Dataset/Data/bump/image59-1.jpg,3c368ebafb32cb21a005c0fb2ffa5fa2f2183756c4c496127adf156f54e28e04,353,627,false,exact_duplicate_001,keep_speed_bump_candidate,source bump label with no MVI sequence-style filename
bump::image59.jpg,bump,data/raw/v2/kaggle_speed_bump/Dataset/Data/bump/image59.jpg,3c368ebafb32cb21a005c0fb2ffa5fa2f2183756c4c496127adf156f54e28e04,353,627,false,exact_duplicate_001,exclude_exact_duplicate_before_split,exact duplicate; stable source-record winner retained
bump::image60-1.jpg,bump,data/raw/v2/kaggle_speed_bump/Dataset/Data/bump/image60-1.jpg,d29a0ece1e70f19d9cdd877dd31d6daac4dd6e3171506750fc373f44bd097685,353,627,false,exact_duplicate_002,keep_speed_bump_candidate,source bump label with no MVI sequence-style filename
bump::image60.jpg,bump,data/raw/v2/kaggle_speed_bump/Dataset/Data/bump/image60.jpg,d29a0ece1e70f19d9cdd877dd31d6daac4dd6e3171506750fc373f44bd097685,353,627,false,exact_duplicate_002,exclude_exact_duplicate_before_split,exact duplicate; stable source-record winner retained
bump::image61-1.jpg,bump,data/raw/v2/kaggle_speed_bump/Dataset/Data/bump/image61-1.jpg,509224de9662aa4894e4539b8b36687cdb73a8f3924f495b52afecb9c4c87976,353,627,false,exact_duplicate_003,keep_speed_bump_candidate,source bump label with no MVI sequence-style filename
bump::image61.jpg,bump,data/raw/v2/kaggle_speed_bump/Dataset/Data/bump/image61.jpg,509224de9662aa4894e4539b8b36687cdb73a8f3924f495b52afecb9c4c87976,353,627,false,exact_duplicate_003,exclude_exact_duplicate_before_split,exact duplicate; stable source-record winner retained
bump::image62-1.jpg,bump,data/raw/v2/kaggle_speed_bump/Dataset/Data/bump/image62-1.jpg,93c9328f407102da5980ccca3b9fb82deeae2c18f7289c09009c7fc73f93c20a,353,627,false,exact_duplicate_004,keep_speed_bump_candidate,source bump label with no MVI sequence-style filename
bump::image62.jpg,bump,data/raw/v2/kaggle_speed_bump/Dataset/Data/bump/image62.jpg,93c9328f407102da5980ccca3b9fb82deeae2c18f7289c09009c7fc73f93c20a,353,627,false,exact_duplicate_004,exclude_exact_duplicate_before_split,exact duplicate; stable source-record winner retained
bump::image63-1.jpg,bump,data/raw/v2/kaggle_speed_bump/Dataset/Data/bump/image63-1.jpg,6842787ef1437a50a884fb0f104deb2717f85410949e762c9dcf9bbab9994c71,353,627,false,exact_duplicate_005,keep_speed_bump_candidate,source bump label with no MVI sequence-style filename
bump::image63.jpg,bump,data/raw/v2/kaggle_speed_bump/Dataset/Data/bump/image63.jpg,6842787ef1437a50a884fb0f104deb2717f85410949e762c9dcf9bbab9994c71,353,627,false,exact_duplicate_005,exclude_exact_duplicate_before_split,exact duplicate; stable source-record winner retained
bump::image64.jpg,bump,data/raw/v2/kaggle_speed_bump/Dataset/Data/bump/image64.jpg,7475a8d890c28bb518b1319f944ce119158be4e8c0723cc34ac8120b0885399a,353,627,false,,keep_speed_bump_candidate,source bump label with no MVI sequence-style filename
bump::image65-1.jpg,bump,data/raw/v2/kaggle_speed_bump/Dataset/Data/bump/image65-1.jpg,327f0a24dfd465ffd7e7c783e29dbd196f4a66dee1375e6e8b0f518b3d112018,353,627,false,exact_duplicate_006,keep_speed_bump_candidate,source bump label with no MVI sequence-style filename
bump::image65.jpg,bump,data/raw/v2/kaggle_speed_bump/Dataset/Data/bump/image65.jpg,327f0a24dfd465ffd7e7c783e29dbd196f4a66dee1375e6e8b0f518b3d112018,353,627,false,exact_duplicate_006,exclude_exact_duplicate_before_split,exact duplicate; stable source-record winner retained
bump::image66-1.jpg,bump,data/raw/v2/kaggle_speed_bump/Dataset/Data/bump/image66-1.jpg,81a24c1ea1412647c4553142c091201e1a390e0b9164e8f6ce69f66d6f9566c0,353,627,false,exact_duplicate_007,keep_speed_bump_candidate,source bump label with no MVI sequence-style filename
bump::image66.jpg,bump,data/raw/v2/kaggle_speed_bump/Dataset/Data/bump/image66.jpg,81a24c1ea1412647c4553142c091201e1a390e0b9164e8f6ce69f66d6f9566c0,353,627,false,exact_duplicate_007,exclude_exact_duplicate_before_split,exact duplicate; stable source-record winner retained
bump::image67-1.jpg,bump,data/raw/v2/kaggle_speed_bump/Dataset/Data/bump/image67-1.jpg,772e82bf8d63d4de8af990d058438bd355c5342dc60e563cc6bb704b78274a1a,353,627,false,exact_duplicate_008,keep_speed_bump_candidate,source bump label with no MVI sequence-style filename
bump::image67.jpg,bump,data/raw/v2/kaggle_speed_bump/Dataset/Data/bump/image67.jpg,772e82bf8d63d4de8af990d058438bd355c5342dc60e563cc6bb704b78274a1a,353,627,false,exact_duplicate_008,exclude_exact_duplicate_before_split,exact duplicate; stable source-record winner retained
bump::image68-1.jpg,bump,data/raw/v2/kaggle_speed_bump/Dataset/Data/bump/image68-1.jpg,7f7ba155405a35f9b65531e119057c0e243912f820c6a568fd74465e6340838b,353,627,false,exact_duplicate_009,keep_speed_bump_candidate,source bump label with no MVI sequence-style filename
bump::image68.jpg,bump,data/raw/v2/kaggle_speed_bump/Dataset/Data/bump/image68.jpg,7f7ba155405a35f9b65531e119057c0e243912f820c6a568fd74465e6340838b,353,627,false,exact_duplicate_009,exclude_exact_duplicate_before_split,exact duplicate; stable source-record winner retained
bump::image69-1.jpg,bump,data/raw/v2/kaggle_speed_bump/Dataset/Data/bump/image69-1.jpg,a65cefb2bce70914edc64a230ff7a40d6dc47a3c16f1fb5fe523c813faed2505,353,627,false,exact_duplicate_010,keep_speed_bump_candidate,source bump label with no MVI sequence-style filename
bump::image69.jpg,bump,data/raw/v2/kaggle_speed_bump/Dataset/Data/bump/image69.jpg,a65cefb2bce70914edc64a230ff7a40d6dc47a3c16f1fb5fe523c813faed2505,353,627,false,exact_duplicate_010,exclude_exact_duplicate_before_split,exact duplicate; stable source-record winner retained
bump::image70-1.jpg,bump,data/raw/v2/kaggle_speed_bump/Dataset/Data/bump/image70-1.jpg,533d98a305a4730ed61303f440e7a08b639cb3cef4bca097b5c8951c1cdb395c,353,627,false,exact_duplicate_011,keep_speed_bump_candidate,source bump label with no MVI sequence-style filename
bump::image70.jpg,bump,data/raw/v2/kaggle_speed_bump/Dataset/Data/bump/image70.jpg,533d98a305a4730ed61303f440e7a08b639cb3cef4bca097b5c8951c1cdb395c,353,627,false,exact_duplicate_011,exclude_exact_duplicate_before_split,exact duplicate; stable source-record winner retained
bump::image71-1.jpg,bump,data/raw/v2/kaggle_speed_bump/Dataset/Data/bump/image71-1.jpg,f398c008d1669cfa24aa553c406f3ec956eeac0401caa82310b5bf6f4fc54213,353,627,false,exact_duplicate_012,keep_speed_bump_candidate,source bump label with no MVI sequence-style filename
bump::image71.jpg,bump,data/raw/v2/kaggle_speed_bump/Dataset/Data/bump/image71.jpg,f398c008d1669cfa24aa553c406f3ec956eeac0401caa82310b5bf6f4fc54213,353,627,false,exact_duplicate_012,exclude_exact_duplicate_before_split,exact duplicate; stable source-record winner retained
bump::image72-1.jpg,bump,data/raw/v2/kaggle_speed_bump/Dataset/Data/bump/image72-1.jpg,c0c835eb97d1312199e465616aacbc7e0a8cd322a330674d549d48c344116fd6,353,627,false,exact_duplicate_013,keep_speed_bump_candidate,source bump label with no MVI sequence-style filename
bump::image72.jpg,bump,data/raw/v2/kaggle_speed_bump/Dataset/Data/bump/image72.jpg,c0c835eb97d1312199e465616aacbc7e0a8cd322a330674d549d48c344116fd6,353,627,false,exact_duplicate_013,exclude_exact_duplicate_before_split,exact duplicate; stable source-record winner retained
bump::image73-1.jpg,bump,data/raw/v2/kaggle_speed_bump/Dataset/Data/bump/image73-1.jpg,8ee6bc11035ad3f13d730cf9719c6ef84a0334c3789ccc6f9900a401ecefe345,353,627,false,exact_duplicate_014,keep_speed_bump_candidate,source bump label with no MVI sequence-style filename
bump::image73.jpg,bump,data/raw/v2/kaggle_speed_bump/Dataset/Data/bump/image73.jpg,8ee6bc11035ad3f13d730cf9719c6ef84a0334c3789ccc6f9900a401ecefe345,353,627,false,exact_duplicate_014,exclude_exact_duplicate_before_split,exact duplicate; stable source-record winner retained
bump::image74-1.jpg,bump,data/raw/v2/kaggle_speed_bump/Dataset/Data/bump/image74-1.jpg,156824bcce521401f6242aade12f971a62466d8190f5315523030087dfee547b,353,627,false,exact_duplicate_015,keep_speed_bump_candidate,source bump label with no MVI sequence-style filename
bump::image74.jpg,bump,data/raw/v2/kaggle_speed_bump/Dataset/Data/bump/image74.jpg,156824bcce521401f6242aade12f971a62466d8190f5315523030087dfee547b,353,627,false,exact_duplicate_015,exclude_exact_duplicate_before_split,exact duplicate; stable source-record winner retained
bump::image75-1.jpg,bump,data/raw/v2/kaggle_speed_bump/Dataset/Data/bump/image75-1.jpg,249bd34253d501fb279ae4a177d19ab3e24f7d641a5593403053813365da9a43,353,627,false,exact_duplicate_016,keep_speed_bump_candidate,source bump label with no MVI sequence-style filename
bump::image75.jpg,bump,data/raw/v2/kaggle_speed_bump/Dataset/Data/bump/image75.jpg,249bd34253d501fb279ae4a177d19ab3e24f7d641a5593403053813365da9a43,353,627,false,exact_duplicate_016,exclude_exact_duplicate_before_split,exact duplicate; stable source-record winner retained
bump::image76-1.jpg,bump,data/raw/v2/kaggle_speed_bump/Dataset/Data/bump/image76-1.jpg,2f757fac40ed4be9eb7e26b95d1819bb284ae6d02bca605c5cc6561491387809,353,627,false,exact_duplicate_017,keep_speed_bump_candidate,source bump label with no MVI sequence-style filename
bump::image76.jpg,bump,data/raw/v2/kaggle_speed_bump/Dataset/Data/bump/image76.jpg,2f757fac40ed4be9eb7e26b95d1819bb284ae6d02bca605c5cc6561491387809,353,627,false,exact_duplicate_017,exclude_exact_duplicate_before_split,exact duplicate; stable source-record winner retained
bump::image77-1.jpg,bump,data/raw/v2/kaggle_speed_bump/Dataset/Data/bump/image77-1.jpg,0abf0ad259e2b3b0f7bcb2a5d58a45f43eb8b6465435fce706308355b0e8cc87,353,627,false,exact_duplicate_018,keep_speed_bump_candidate,source bump label with no MVI sequence-style filename
bump::image77.jpg,bump,data/raw/v2/kaggle_speed_bump/Dataset/Data/bump/image77.jpg,0abf0ad259e2b3b0f7bcb2a5d58a45f43eb8b6465435fce706308355b0e8cc87,353,627,false,exact_duplicate_018,exclude_exact_duplicate_before_split,exact duplicate; stable source-record winner retained
bump::image78-1.jpg,bump,data/raw/v2/kaggle_speed_bump/Dataset/Data/bump/image78-1.jpg,badbe0b6634e545b43450af07d6bd4261da9a3d32880fad427ce0235feec884a,353,627,false,exact_duplicate_019,keep_speed_bump_candidate,source bump label with no MVI sequence-style filename
bump::image78.jpg,bump,data/raw/v2/kaggle_speed_bump/Dataset/Data/bump/image78.jpg,badbe0b6634e545b43450af07d6bd4261da9a3d32880fad427ce0235feec884a,353,627,false,exact_duplicate_019,exclude_exact_duplicate_before_split,exact duplicate; stable source-record winner retained
bump::images101.jpg,bump,data/raw/v2/kaggle_speed_bump/Dataset/Data/bump/images101.jpg,3ad947736d3d7cd17ecd85e025ac4b1023886fd97dd33ed025454b6a4b2cbb2d,275,183,false,,keep_speed_bump_candidate,source bump label with no MVI sequence-style filename
bump::images102.jpg,bump,data/raw/v2/kaggle_speed_bump/Dataset/Data/bump/images102.jpg,310f11faa80106beee2317604e10a95e0fc423d844153b05167db281536fa6a9,300,168,false,,keep_speed_bump_candidate,source bump label with no MVI sequence-style filename
bump::images109.jpg,bump,data/raw/v2/kaggle_speed_bump/Dataset/Data/bump/images109.jpg,332c764e82d05c0bb3bf388bbbd14b8047f2af14e7aac529f365f119f7771402,275,183,false,,keep_speed_bump_candidate,source bump label with no MVI sequence-style filename
bump::images112.jpg,bump,data/raw/v2/kaggle_speed_bump/Dataset/Data/bump/images112.jpg,da684aba379241020ee95530186c72fc792fccf2cd9b7c241de4d9668d8b918a,358,141,false,,keep_speed_bump_candidate,source bump label with no MVI sequence-style filename
bump::images113.jpg,bump,data/raw/v2/kaggle_speed_bump/Dataset/Data/bump/images113.jpg,7e6b7e70c27a49a0b008da34ae72c4b155d2933fd66d930cebee8eb5ae1bb63e,259,194,false,,keep_speed_bump_candidate,source bump label with no MVI sequence-style filename
bump::images116.jpg,bump,data/raw/v2/kaggle_speed_bump/Dataset/Data/bump/images116.jpg,5869dacb9c9ef04cc3351a59848b82946ea1180d80dd6d16d9f3f0cadfdb57ad,262,193,false,,keep_speed_bump_candidate,source bump label with no MVI sequence-style filename
bump::images118.jpg,bump,data/raw/v2/kaggle_speed_bump/Dataset/Data/bump/images118.jpg,15ae45eb58732afa5ecbf76436c409e9972e1c51dd77d6429cb04929f71da01e,285,177,false,,keep_speed_bump_candidate,source bump label with no MVI sequence-style filename
bump::images119.jpg,bump,data/raw/v2/kaggle_speed_bump/Dataset/Data/bump/images119.jpg,b5a0369274e9464450e4d873f5a34c0d6fcd1c8d32152ac02aae51fad1e65af1,275,183,false,,keep_speed_bump_candidate,source bump label with no MVI sequence-style filename
bump::images120.jpg,bump,data/raw/v2/kaggle_speed_bump/Dataset/Data/bump/images120.jpg,3d18ea0e2a9c4db7c01edeed80e4fdaf25fea36b00776d07b3b29ab52a1e319b,269,188,false,,keep_speed_bump_candidate,source bump label with no MVI sequence-style filename
bump::images123.jpg,bump,data/raw/v2/kaggle_speed_bump/Dataset/Data/bump/images123.jpg,b50c9d09b90d943ef85b83810eefa562216c0df74428a7a05195534e414ad17c,275,183,false,,keep_speed_bump_candidate,source bump label with no MVI sequence-style filename
bump::images124.jpg,bump,data/raw/v2/kaggle_speed_bump/Dataset/Data/bump/images124.jpg,5b2de9a7246e467c8750c9aeae1de2250860587708fc4db0e884c87c96313fd7,260,194,false,,keep_speed_bump_candidate,source bump label with no MVI sequence-style filename
bump::images143.jpg,bump,data/raw/v2/kaggle_speed_bump/Dataset/Data/bump/images143.jpg,51de96745e2c2f006b8670afac9916d33a0db7e98869a2ecce8dc4bf2acc92f7,263,192,false,,keep_speed_bump_candidate,source bump label with no MVI sequence-style filename
bump::images145.jpg,bump,data/raw/v2/kaggle_speed_bump/Dataset/Data/bump/images145.jpg,5c4e90cbabc2370bfd9c84172c374bd596322732814925acd57fcf97a4fa6d75,259,194,false,,keep_speed_bump_candidate,source bump label with no MVI sequence-style filename
bump::images148.jpg,bump,data/raw/v2/kaggle_speed_bump/Dataset/Data/bump/images148.jpg,df74090916e7605c82db55ce094f12a7983fc26700f2ab564ea386882ccf5947,275,183,false,,keep_speed_bump_candidate,source bump label with no MVI sequence-style filename
bump::images149.jpg,bump,data/raw/v2/kaggle_speed_bump/Dataset/Data/bump/images149.jpg,0fb7b02521e0760ebc5cb07b99c485b4cae290e118689591bc0b5b8a521b43a5,183,275,false,,keep_speed_bump_candidate,source bump label with no MVI sequence-style filename
bump::images152.jpg,bump,data/raw/v2/kaggle_speed_bump/Dataset/Data/bump/images152.jpg,644487b58b5db5ae8e67d057d674d4d106e0c5af0d47e3449ba010d38feab7cc,284,177,false,,keep_speed_bump_candidate,source bump label with no MVI sequence-style filename
bump::images153.jpg,bump,data/raw/v2/kaggle_speed_bump/Dataset/Data/bump/images153.jpg,d2fca35fdc8f44a2c7982644501ebcfee2651c75c27c889e927b5205d748e600,225,225,false,,keep_speed_bump_candidate,source bump label with no MVI sequence-style filename
bump::images157.jpg,bump,data/raw/v2/kaggle_speed_bump/Dataset/Data/bump/images157.jpg,e6b20a88fde0f2b761808d736aab5c52e732eae006f11d4128da06d46f789048,259,194,false,,keep_speed_bump_candidate,source bump label with no MVI sequence-style filename
bump::images163.jpg,bump,data/raw/v2/kaggle_speed_bump/Dataset/Data/bump/images163.jpg,6558dc4f9db36ced1a907176ef20ca04db775ef1f5a2c72ef32a48f4ecb5bfe1,259,194,false,,keep_speed_bump_candidate,source bump label with no MVI sequence-style filename
bump::images166.jpg,bump,data/raw/v2/kaggle_speed_bump/Dataset/Data/bump/images166.jpg,ed30c0a67ab7c158c91c774c6ed29aed53c980c991e73a8df0bc7faa094b4792,403,125,false,,keep_speed_bump_candidate,source bump label with no MVI sequence-style filename
bump::images167.jpg,bump,data/raw/v2/kaggle_speed_bump/Dataset/Data/bump/images167.jpg,aff9e5c9ed12668767cc9033c8c4f20b7631cd0d7584272c10f247f51d454b2e,275,183,false,,keep_speed_bump_candidate,source bump label with no MVI sequence-style filename
bump::images172.jpg,bump,data/raw/v2/kaggle_speed_bump/Dataset/Data/bump/images172.jpg,a7e94a134d9d8f765a6712782f7a7e36a02dd87f8b73c7ae578dd1f009cf3fe3,259,194,false,,keep_speed_bump_candidate,source bump label with no MVI sequence-style filename
bump::images175.jpg,bump,data/raw/v2/kaggle_speed_bump/Dataset/Data/bump/images175.jpg,5159a6611b68af088312f2e166c3d9a9bc2b1a685c23afd4780966e1d12adc77,300,168,false,,keep_speed_bump_candidate,source bump label with no MVI sequence-style filename
bump::images176.jpg,bump,data/raw/v2/kaggle_speed_bump/Dataset/Data/bump/images176.jpg,a026d5a6a9ab2322b99c954f8235bcb93f5d63976c87d1d21812edb83d00f5c4,267,189,false,,keep_speed_bump_candidate,source bump label with no MVI sequence-style filename
bump::images177.jpg,bump,data/raw/v2/kaggle_speed_bump/Dataset/Data/bump/images177.jpg,fe9cf1b025d476dfc902e28ee1860fdb6ada8dbba2903cc1df492d045a215933,322,157,false,,keep_speed_bump_candidate,source bump label with no MVI sequence-style filename
bump::images179.jpg,bump,data/raw/v2/kaggle_speed_bump/Dataset/Data/bump/images179.jpg,22347c1acd49425a0d91b3df7d2915966c1ea098e30841cfaaad52fec6bdbc9e,262,192,false,,keep_speed_bump_candidate,source bump label with no MVI sequence-style filename
bump::images180.jpg,bump,data/raw/v2/kaggle_speed_bump/Dataset/Data/bump/images180.jpg,e347ad2a71bdd007332fe9c793569b048479b2ab6c8b1656fc48075537319628,275,183,false,,keep_speed_bump_candidate,source bump label with no MVI sequence-style filename
bump::images190.jpg,bump,data/raw/v2/kaggle_speed_bump/Dataset/Data/bump/images190.jpg,ace8e06e110cbfeb10a47ea845a2a03124dc8abb0f3051392ba03f2dedc5fd9a,270,186,false,,keep_speed_bump_candidate,source bump label with no MVI sequence-style filename
bump::images193.jpg,bump,data/raw/v2/kaggle_speed_bump/Dataset/Data/bump/images193.jpg,a3724e6d8258b9ade2270bdbd4b932751c2a1dca58a5a00ffd403ddf897cc238,276,183,false,,keep_speed_bump_candidate,source bump label with no MVI sequence-style filename
bump::images202.jpg,bump,data/raw/v2/kaggle_speed_bump/Dataset/Data/bump/images202.jpg,bde24818061b362dcd23e192906e7679ddd6aa0ec045a6f852958999939496bb,260,194,false,,keep_speed_bump_candidate,source bump label with no MVI sequence-style filename
bump::images205.jpg,bump,data/raw/v2/kaggle_speed_bump/Dataset/Data/bump/images205.jpg,f28f52abe8d7b0698613f98dddea44185c2b777cfd94b809fca86038b64145b8,255,198,false,,keep_speed_bump_candidate,source bump label with no MVI sequence-style filename
bump::images208.jpg,bump,data/raw/v2/kaggle_speed_bump/Dataset/Data/bump/images208.jpg,2c6166f8775efc9fc509db676d2250701f1ed36e9be7c203984bd3d1e06e5401,290,174,false,,keep_speed_bump_candidate,source bump label with no MVI sequence-style filename
bump::images212.jpg,bump,data/raw/v2/kaggle_speed_bump/Dataset/Data/bump/images212.jpg,bd3291e3aadf0f1498e76ad1ddfa8f5fcbefd9a3074f872d528e92d8a55b7603,300,168,false,,keep_speed_bump_candidate,source bump label with no MVI sequence-style filename
bump::images214.jpg,bump,data/raw/v2/kaggle_speed_bump/Dataset/Data/bump/images214.jpg,a545fab5677e449b317f295785557677f718151129daae3c48481693e53c3e1c,225,225,false,,keep_speed_bump_candidate,source bump label with no MVI sequence-style filename
bump::images218.jpg,bump,data/raw/v2/kaggle_speed_bump/Dataset/Data/bump/images218.jpg,92d1e1d699f84d716d863431218c10ddfd5b1fa4c10c0315eb7667c3e563542b,259,194,false,,keep_speed_bump_candidate,source bump label with no MVI sequence-style filename
bump::images221.jpg,bump,data/raw/v2/kaggle_speed_bump/Dataset/Data/bump/images221.jpg,14aa86abed1de9accac1c416392657ceb821566b2f41156895310c0fa450e43a,228,221,false,,keep_speed_bump_candidate,source bump label with no MVI sequence-style filename
bump::images223.jpg,bump,data/raw/v2/kaggle_speed_bump/Dataset/Data/bump/images223.jpg,b183db52ae8fa59fa852203205901bbd84f6c7766815fc42a51e6f65b075547b,275,183,false,,keep_speed_bump_candidate,source bump label with no MVI sequence-style filename
bump::images225.jpg,bump,data/raw/v2/kaggle_speed_bump/Dataset/Data/bump/images225.jpg,1fbc91a7a2194694d0f5c1e970605dc8c1e7cf31476d4c529f3be2e949185946,300,168,false,,keep_speed_bump_candidate,source bump label with no MVI sequence-style filename
bump::images229.jpg,bump,data/raw/v2/kaggle_speed_bump/Dataset/Data/bump/images229.jpg,4a1c4a5999d8a934f734162879b370e63fd8012aec95983e28a37c808c9c6cf7,266,190,false,,keep_speed_bump_candidate,source bump label with no MVI sequence-style filename
bump::images232.jpg,bump,data/raw/v2/kaggle_speed_bump/Dataset/Data/bump/images232.jpg,2463b6c5b872e5689d23a02f3d3693bfd9c7e45c01749fbbfc53bbdce4708e91,300,168,false,,keep_speed_bump_candidate,source bump label with no MVI sequence-style filename
bump::images235.jpg,bump,data/raw/v2/kaggle_speed_bump/Dataset/Data/bump/images235.jpg,0303596766ca88e92320381d3a393ab98fdc08cf7bec6567d36b755cec79177f,268,188,false,,keep_speed_bump_candidate,source bump label with no MVI sequence-style filename
bump::images237.jpg,bump,data/raw/v2/kaggle_speed_bump/Dataset/Data/bump/images237.jpg,0f4de9c7f94a66a53e2a23c27ae97e777d86a90fef86901fabb20f94548c53da,259,194,false,,keep_speed_bump_candidate,source bump label with no MVI sequence-style filename
bump::images239.jpg,bump,data/raw/v2/kaggle_speed_bump/Dataset/Data/bump/images239.jpg,84604d1fdd1916d236b5696236bc6eb0f8fb11bf27191fcaca04d5e253a02449,275,183,false,,keep_speed_bump_candidate,source bump label with no MVI sequence-style filename
bump::images246.jpg,bump,data/raw/v2/kaggle_speed_bump/Dataset/Data/bump/images246.jpg,1d34be1f7cc38c57df883d36a795d0bc60a9ddbda259569516103af101180171,225,225,false,,keep_speed_bump_candidate,source bump label with no MVI sequence-style filename
bump::images248.jpg,bump,data/raw/v2/kaggle_speed_bump/Dataset/Data/bump/images248.jpg,d89a1a80151d8b99516ff50e09a9f01fdcff36dace3a7f39b6d7c3941812a154,300,168,false,,keep_speed_bump_candidate,source bump label with no MVI sequence-style filename
bump::images251.jpg,bump,data/raw/v2/kaggle_speed_bump/Dataset/Data/bump/images251.jpg,a7088fcc46423ccfe390e3370ec28e0a4298b628d6eaa935dda07f51040b6c20,275,183,false,,keep_speed_bump_candidate,source bump label with no MVI sequence-style filename
bump::images256.jpg,bump,data/raw/v2/kaggle_speed_bump/Dataset/Data/bump/images256.jpg,a23adcb2f7cf902e70b5fb632cf3ea896292b48b68439bdd5e9943085f985e35,305,165,false,,keep_speed_bump_candidate,source bump label with no MVI sequence-style filename
bump::images260.jpg,bump,data/raw/v2/kaggle_speed_bump/Dataset/Data/bump/images260.jpg,60ff375b6ef8a23cdd8e85843348fe612b6f7bc76189d820e0089d19dea1b896,245,206,false,,keep_speed_bump_candidate,source bump label with no MVI sequence-style filename
bump::images269.jpg,bump,data/raw/v2/kaggle_speed_bump/Dataset/Data/bump/images269.jpg,24c25cbbfcc26ec6a0caee05f14e364792b99ad16af1dd61dce67ce9ce291614,273,184,false,,keep_speed_bump_candidate,source bump label with no MVI sequence-style filename
bump::images272.jpg,bump,data/raw/v2/kaggle_speed_bump/Dataset/Data/bump/images272.jpg,1509bc45ecf2e1d0412afe16d91a31de2736895b464d9bc1b305deade6669e4a,237,212,false,,keep_speed_bump_candidate,source bump label with no MVI sequence-style filename
bump::images278.jpg,bump,data/raw/v2/kaggle_speed_bump/Dataset/Data/bump/images278.jpg,d9e77258c04e6d61cd39c3c5dff01df1d1d6d2efced4e15aa2198ae466780b83,275,183,false,,keep_speed_bump_candidate,source bump label with no MVI sequence-style filename
bump::images285.jpg,bump,data/raw/v2/kaggle_speed_bump/Dataset/Data/bump/images285.jpg,f7199824ecdb1d786b36af6f2b6c8d5a0e86062abe8cd9b76358a03f73c03d50,259,194,false,,keep_speed_bump_candidate,source bump label with no MVI sequence-style filename
bump::images289.jpg,bump,data/raw/v2/kaggle_speed_bump/Dataset/Data/bump/images289.jpg,a0d386e30e3a8d2b4d0fe52af7c27e9df09957780b8cf44a16886f0228b59c34,275,183,false,,keep_speed_bump_candidate,source bump label with no MVI sequence-style filename
bump::images291.jpg,bump,data/raw/v2/kaggle_speed_bump/Dataset/Data/bump/images291.jpg,3ce615c14df79da2f917fab427e2469096c8212ab0630192abb314b3dfceb69d,290,174,false,,keep_speed_bump_candidate,source bump label with no MVI sequence-style filename
bump::images292.jpg,bump,data/raw/v2/kaggle_speed_bump/Dataset/Data/bump/images292.jpg,1cdc5df1299558509d03a98f3c0f3af59e37027259d965ec50604bf7756f4e9e,308,164,false,,keep_speed_bump_candidate,source bump label with no MVI sequence-style filename
bump::images84.jpg,bump,data/raw/v2/kaggle_speed_bump/Dataset/Data/bump/images84.jpg,5841433495116b9879a589bb755017a08893184fb442b167775a8367677e032a,310,163,false,,keep_speed_bump_candidate,source bump label with no MVI sequence-style filename
bump::images89.jpg,bump,data/raw/v2/kaggle_speed_bump/Dataset/Data/bump/images89.jpg,d9b93917411d79685a3807f2e7365b0b7487b4cc7570c2b6ce5804bbbc0e9fbe,294,171,false,,keep_speed_bump_candidate,source bump label with no MVI sequence-style filename
bump::images90.jpg,bump,data/raw/v2/kaggle_speed_bump/Dataset/Data/bump/images90.jpg,5dae720089cff1c184bf4663811412a4034fb7fe64ead97c763a29d8ee5bafba,222,227,false,,keep_speed_bump_candidate,source bump label with no MVI sequence-style filename
bump::images92.jpg,bump,data/raw/v2/kaggle_speed_bump/Dataset/Data/bump/images92.jpg,270366c05cb2672ccc1c4d9b568e1e097d2635c5096ff592d0ce2948b7279325,225,225,false,,keep_speed_bump_candidate,source bump label with no MVI sequence-style filename
bump::images95.jpg,bump,data/raw/v2/kaggle_speed_bump/Dataset/Data/bump/images95.jpg,f98f336dad7bef7c9c12b6eda4cec010a7eea1244e18b81c4eed157cc3f8a31b,299,169,false,,keep_speed_bump_candidate,source bump label with no MVI sequence-style filename
bump::images96.jpg,bump,data/raw/v2/kaggle_speed_bump/Dataset/Data/bump/images96.jpg,62ee8fd377e94c6bc2f9c8c1b5fdcb12227739415f6ac43504772ac51ced5736,298,169,false,,keep_speed_bump_candidate,source bump label with no MVI sequence-style filename
bump::MVI_1567 001.jpg,bump,data/raw/v2/kaggle_speed_bump/Dataset/Data/bump/MVI_1567 001.jpg,ba9c841eee3ff56c06ba42293ebda979cbfb253b4b56566e9640a22012f540a4,1920,1080,true,,exclude_sequence_risk,MVI numbered filename indicates consecutive recording frames
bump::MVI_1567 002.jpg,bump,data/raw/v2/kaggle_speed_bump/Dataset/Data/bump/MVI_1567 002.jpg,1f8938e8dc7429d4a99693857e463d7ea8dc9f70aa09b939ac162412cdfde07a,1920,1080,true,,exclude_sequence_risk,MVI numbered filename indicates consecutive recording frames
bump::MVI_1567 003.jpg,bump,data/raw/v2/kaggle_speed_bump/Dataset/Data/bump/MVI_1567 003.jpg,806264d79d84117ea8ce6502003694189709ff78d722f8a4d22c1fcfa8be66d0,1920,1080,true,,exclude_sequence_risk,MVI numbered filename indicates consecutive recording frames
bump::MVI_1567 004.jpg,bump,data/raw/v2/kaggle_speed_bump/Dataset/Data/bump/MVI_1567 004.jpg,3428da53f7ae728e4ade9c3278615c7c3a634fbd4357566cd196c371c3c1074a,1920,1080,true,,exclude_sequence_risk,MVI numbered filename indicates consecutive recording frames
bump::MVI_1567 005.jpg,bump,data/raw/v2/kaggle_speed_bump/Dataset/Data/bump/MVI_1567 005.jpg,97a467ebfc89342d94e420e1ab66c27d15d4795859204e0add6feaa80a3f5049,1920,1080,true,,exclude_sequence_risk,MVI numbered filename indicates consecutive recording frames
bump::MVI_1567 006.jpg,bump,data/raw/v2/kaggle_speed_bump/Dataset/Data/bump/MVI_1567 006.jpg,eb3f07e02c8a1eea80332e6f600135811bab7374efc01edc089e87ab5a7e2ceb,1920,1080,true,,exclude_sequence_risk,MVI numbered filename indicates consecutive recording frames
bump::MVI_1567 007.jpg,bump,data/raw/v2/kaggle_speed_bump/Dataset/Data/bump/MVI_1567 007.jpg,df076ae922ea62903138abe442d1499fcf1003ea2c4c5633ceef40c63c198995,1920,1080,true,,exclude_sequence_risk,MVI numbered filename indicates consecutive recording frames
bump::MVI_1567 008.jpg,bump,data/raw/v2/kaggle_speed_bump/Dataset/Data/bump/MVI_1567 008.jpg,3f493aac7d5bfc91b09a2023e74182037e204ce4a8def1b917f309d7c490e16c,1920,1080,true,,exclude_sequence_risk,MVI numbered filename indicates consecutive recording frames
bump::MVI_1567 009.jpg,bump,data/raw/v2/kaggle_speed_bump/Dataset/Data/bump/MVI_1567 009.jpg,34a45a2b0d220aa7d79f9260b571df02c29a8dbf94b8863e29cd4472408dccd5,1920,1080,true,,exclude_sequence_risk,MVI numbered filename indicates consecutive recording frames
bump::MVI_1567 010.jpg,bump,data/raw/v2/kaggle_speed_bump/Dataset/Data/bump/MVI_1567 010.jpg,7c417b021820a44351301e193b54311226876692bad632adc51b82a66b2eaf0a,1920,1080,true,,exclude_sequence_risk,MVI numbered filename indicates consecutive recording frames
bump::MVI_1567 011.jpg,bump,data/raw/v2/kaggle_speed_bump/Dataset/Data/bump/MVI_1567 011.jpg,02547dab91dfebed827bcd7651c5d2399894269f2b9e0ab509617246da1535d8,1920,1080,true,,exclude_sequence_risk,MVI numbered filename indicates consecutive recording frames
bump::MVI_1567 012.jpg,bump,data/raw/v2/kaggle_speed_bump/Dataset/Data/bump/MVI_1567 012.jpg,843a539c15034e354cbbd6839e00a0760bb8dbbb1eb6f1fe73170e5f3a4587ff,1920,1080,true,,exclude_sequence_risk,MVI numbered filename indicates consecutive recording frames
bump::MVI_1567 013.jpg,bump,data/raw/v2/kaggle_speed_bump/Dataset/Data/bump/MVI_1567 013.jpg,7bf002b8008b24c3821a23e46502af51659a400a440e8d016bd9699bc253e02a,1920,1080,true,,exclude_sequence_risk,MVI numbered filename indicates consecutive recording frames
bump::MVI_1567 014.jpg,bump,data/raw/v2/kaggle_speed_bump/Dataset/Data/bump/MVI_1567 014.jpg,8d7f7be9bda3e51ec94ce480f2f254c41f494761a2035138720067fd9088f3dc,1920,1080,true,,exclude_sequence_risk,MVI numbered filename indicates consecutive recording frames
bump::MVI_1567 015.jpg,bump,data/raw/v2/kaggle_speed_bump/Dataset/Data/bump/MVI_1567 015.jpg,11f49616d351e549c6cdedba8a1ae73ab2e094820fe5dc86cc3eccbfb364bed6,1920,1080,true,,exclude_sequence_risk,MVI numbered filename indicates consecutive recording frames
bump::MVI_1567 016.jpg,bump,data/raw/v2/kaggle_speed_bump/Dataset/Data/bump/MVI_1567 016.jpg,4c5ff35268372a88c92b71ad0500c241235bac75ce746b05e203b6349339335e,1920,1080,true,,exclude_sequence_risk,MVI numbered filename indicates consecutive recording frames
bump::MVI_1567 017.jpg,bump,data/raw/v2/kaggle_speed_bump/Dataset/Data/bump/MVI_1567 017.jpg,4b4308cf9ac7ff38ecccfccf4d6fbca229382c11bf33517d2dd83091ba5d5003,1920,1080,true,,exclude_sequence_risk,MVI numbered filename indicates consecutive recording frames
bump::MVI_1567 018.jpg,bump,data/raw/v2/kaggle_speed_bump/Dataset/Data/bump/MVI_1567 018.jpg,9ebc74715b87ec4843674e357a0f336040148b100a527652dc5f7d0e51d30483,1920,1080,true,,exclude_sequence_risk,MVI numbered filename indicates consecutive recording frames
bump::MVI_1567 019.jpg,bump,data/raw/v2/kaggle_speed_bump/Dataset/Data/bump/MVI_1567 019.jpg,f9788563c81eeb2c91a5e59a7f005e4842b0b6d443ce523e75cee8e34cdaf3d8,1920,1080,true,,exclude_sequence_risk,MVI numbered filename indicates consecutive recording frames
bump::MVI_1567 020.jpg,bump,data/raw/v2/kaggle_speed_bump/Dataset/Data/bump/MVI_1567 020.jpg,1364794217a767cc6483118d4318e15e112c8a1dfa293e8cc302b96cd22387d0,1920,1080,true,,exclude_sequence_risk,MVI numbered filename indicates consecutive recording frames
bump::MVI_1567 021.jpg,bump,data/raw/v2/kaggle_speed_bump/Dataset/Data/bump/MVI_1567 021.jpg,fedf59e4f1ce36dd3ff185573bc9ce83bb46c527efccc0196a48d9001c66ea38,1920,1080,true,,exclude_sequence_risk,MVI numbered filename indicates consecutive recording frames
bump::MVI_1567 022.jpg,bump,data/raw/v2/kaggle_speed_bump/Dataset/Data/bump/MVI_1567 022.jpg,a9881ef3b697b2186d2dbee4d461927f03b90ff75192b019896a5e5a6684af3d,1920,1080,true,,exclude_sequence_risk,MVI numbered filename indicates consecutive recording frames
bump::MVI_1567 023.jpg,bump,data/raw/v2/kaggle_speed_bump/Dataset/Data/bump/MVI_1567 023.jpg,a8cedd9aad45beb88ae3e7e1df1c4e63fd0a43e3ec40400fe1db36adeb7e48a3,1920,1080,true,,exclude_sequence_risk,MVI numbered filename indicates consecutive recording frames
bump::MVI_1567 024.jpg,bump,data/raw/v2/kaggle_speed_bump/Dataset/Data/bump/MVI_1567 024.jpg,196bdf27b8639fa64de58bed4088871e2a4db95f7ea8fe4834894eced82cea5e,1920,1080,true,,exclude_sequence_risk,MVI numbered filename indicates consecutive recording frames
bump::MVI_1567 025.jpg,bump,data/raw/v2/kaggle_speed_bump/Dataset/Data/bump/MVI_1567 025.jpg,4075967897f4a60db3a48be334e929ebee55472f7795a8bbfd2aee8ca8e2d445,1920,1080,true,,exclude_sequence_risk,MVI numbered filename indicates consecutive recording frames
bump::MVI_1567 026.jpg,bump,data/raw/v2/kaggle_speed_bump/Dataset/Data/bump/MVI_1567 026.jpg,246b3f2fec6891cf1d0c36ef9eda03fee18ec62cd2262ea682c9f791fd5baed1,1920,1080,true,,exclude_sequence_risk,MVI numbered filename indicates consecutive recording frames
bump::MVI_1567 027.jpg,bump,data/raw/v2/kaggle_speed_bump/Dataset/Data/bump/MVI_1567 027.jpg,4117dc89b667c39f1c484822535f1f8e93b6aa3bc4ad68dfbd6fada117a5f968,1920,1080,true,,exclude_sequence_risk,MVI numbered filename indicates consecutive recording frames
bump::MVI_1567 028.jpg,bump,data/raw/v2/kaggle_speed_bump/Dataset/Data/bump/MVI_1567 028.jpg,fbc09e748449b4ec8e4d5131a852755552b84b010b19b4b3b804b35ff5df3e9d,1920,1080,true,,exclude_sequence_risk,MVI numbered filename indicates consecutive recording frames
bump::MVI_1567 029.jpg,bump,data/raw/v2/kaggle_speed_bump/Dataset/Data/bump/MVI_1567 029.jpg,f1a0767c4c1089e03dea90eeed8c2ddb840b64c24dc9a28e4286f90362eab230,1920,1080,true,,exclude_sequence_risk,MVI numbered filename indicates consecutive recording frames
bump::MVI_1567 030.jpg,bump,data/raw/v2/kaggle_speed_bump/Dataset/Data/bump/MVI_1567 030.jpg,55df3dc6e0fa7386486447bfc1113e089ad30ffdb7260c03e75682d15d0aefeb,1920,1080,true,,exclude_sequence_risk,MVI numbered filename indicates consecutive recording frames
bump::MVI_1567 031.jpg,bump,data/raw/v2/kaggle_speed_bump/Dataset/Data/bump/MVI_1567 031.jpg,ddee0142edeb9a6e2ecaf678b4917b937842a735f9baef5228a71f003bd466d1,1920,1080,true,,exclude_sequence_risk,MVI numbered filename indicates consecutive recording frames
bump::MVI_1567 032.jpg,bump,data/raw/v2/kaggle_speed_bump/Dataset/Data/bump/MVI_1567 032.jpg,a2bf81b5c8c7a46998dbb37f9c11d21abd2622cf9754a612177487f35560685d,1920,1080,true,,exclude_sequence_risk,MVI numbered filename indicates consecutive recording frames
bump::MVI_1567 033.jpg,bump,data/raw/v2/kaggle_speed_bump/Dataset/Data/bump/MVI_1567 033.jpg,adb738b23663c8de9bf2396c1789e826097367d8821c2b6164aae4308c1a599a,1920,1080,true,,exclude_sequence_risk,MVI numbered filename indicates consecutive recording frames
bump::MVI_1567 034.jpg,bump,data/raw/v2/kaggle_speed_bump/Dataset/Data/bump/MVI_1567 034.jpg,39777bead91fc2a56d3629a574b7a2e373a742108ab05194f004c2519d081718,1920,1080,true,,exclude_sequence_risk,MVI numbered filename indicates consecutive recording frames
bump::MVI_1567 035.jpg,bump,data/raw/v2/kaggle_speed_bump/Dataset/Data/bump/MVI_1567 035.jpg,7e8b00a5544eec076deb8b6b572bf9fb2332720413288f1c53418e2eb0e4ad14,1920,1080,true,,exclude_sequence_risk,MVI numbered filename indicates consecutive recording frames
bump::MVI_1567 036.jpg,bump,data/raw/v2/kaggle_speed_bump/Dataset/Data/bump/MVI_1567 036.jpg,65f08ae6904401f2d8be5e9248e40dda1e47db5fd64222edec70af5576aeef04,1920,1080,true,,exclude_sequence_risk,MVI numbered filename indicates consecutive recording frames
bump::MVI_1567 037.jpg,bump,data/raw/v2/kaggle_speed_bump/Dataset/Data/bump/MVI_1567 037.jpg,0bde703ea3ad6924a70a82b8c94ee586f0a30f4680bcf7c05dc65fd4e7136baf,1920,1080,true,,exclude_sequence_risk,MVI numbered filename indicates consecutive recording frames
bump::MVI_1567 038.jpg,bump,data/raw/v2/kaggle_speed_bump/Dataset/Data/bump/MVI_1567 038.jpg,77228c50890ef3305d161adf1e23af3ef86822ed9b40b9c62668bdc8ca54eeef,1920,1080,true,,exclude_sequence_risk,MVI numbered filename indicates consecutive recording frames
bump::MVI_1567 039.jpg,bump,data/raw/v2/kaggle_speed_bump/Dataset/Data/bump/MVI_1567 039.jpg,cf89a725f75487075bc62db21a3822bd4c11eb610a7ef525c5b24131e33fa54d,1920,1080,true,,exclude_sequence_risk,MVI numbered filename indicates consecutive recording frames
bump::MVI_1567 040.jpg,bump,data/raw/v2/kaggle_speed_bump/Dataset/Data/bump/MVI_1567 040.jpg,a6881872b5dcd21063178f427b587491239a11b83fc98ef2530538c4e44e3b6c,1920,1080,true,,exclude_sequence_risk,MVI numbered filename indicates consecutive recording frames
bump::MVI_1567 041.jpg,bump,data/raw/v2/kaggle_speed_bump/Dataset/Data/bump/MVI_1567 041.jpg,1153380874a9310f7a25f6536526c595cfcaeac86aa4be400862f938863b5c95,1920,1080,true,,exclude_sequence_risk,MVI numbered filename indicates consecutive recording frames
bump::MVI_1567 042.jpg,bump,data/raw/v2/kaggle_speed_bump/Dataset/Data/bump/MVI_1567 042.jpg,85ae24e38b10bb657bb0a69e3651e04eefdf0991b46a9e4b7de02e33faca15e0,1920,1080,true,,exclude_sequence_risk,MVI numbered filename indicates consecutive recording frames
bump::MVI_1567 043.jpg,bump,data/raw/v2/kaggle_speed_bump/Dataset/Data/bump/MVI_1567 043.jpg,84dff17625f626cfc4cc1ef7a54472eca02078061e4b04a376f5cf19f30ce4f4,1920,1080,true,,exclude_sequence_risk,MVI numbered filename indicates consecutive recording frames
bump::MVI_1567 044.jpg,bump,data/raw/v2/kaggle_speed_bump/Dataset/Data/bump/MVI_1567 044.jpg,f5e109c5c6c1cb3ce3a7557e49cc17864dd01c4447eb5a96212a2e5b8bb070c5,1920,1080,true,,exclude_sequence_risk,MVI numbered filename indicates consecutive recording frames
bump::MVI_1567 045.jpg,bump,data/raw/v2/kaggle_speed_bump/Dataset/Data/bump/MVI_1567 045.jpg,8ac8a67a581427d0f7e6033286e8d63e05208bf12137c4ae40d50a9f07837b61,1920,1080,true,,exclude_sequence_risk,MVI numbered filename indicates consecutive recording frames
bump::MVI_1567 046.jpg,bump,data/raw/v2/kaggle_speed_bump/Dataset/Data/bump/MVI_1567 046.jpg,7a5f776108f7f41715bea1d4c7cb07073ad6b3105281b846278040c86a2b901e,1920,1080,true,,exclude_sequence_risk,MVI numbered filename indicates consecutive recording frames
bump::MVI_1567 047.jpg,bump,data/raw/v2/kaggle_speed_bump/Dataset/Data/bump/MVI_1567 047.jpg,bfcee60c54aac5f498ca0d23273869c0b2b244d9ab815e2fc7711750470f89f1,1920,1080,true,,exclude_sequence_risk,MVI numbered filename indicates consecutive recording frames
bump::MVI_1567 048.jpg,bump,data/raw/v2/kaggle_speed_bump/Dataset/Data/bump/MVI_1567 048.jpg,23f1f49acf7d212aac1e961f7b66e37dcba8c04853ffd1bad849c6d6e36a1b2c,1920,1080,true,,exclude_sequence_risk,MVI numbered filename indicates consecutive recording frames
bump::MVI_1567 049.jpg,bump,data/raw/v2/kaggle_speed_bump/Dataset/Data/bump/MVI_1567 049.jpg,2ce5c99a5fb096871ab06861c34db951f883d211a7196a33688b4c78111ce0db,1920,1080,true,,exclude_sequence_risk,MVI numbered filename indicates consecutive recording frames
bump::MVI_1567 050.jpg,bump,data/raw/v2/kaggle_speed_bump/Dataset/Data/bump/MVI_1567 050.jpg,6dc9d9f00a183119814f21b73d61f7dde2b4a492357526188f39f49b5f9d122e,1920,1080,true,,exclude_sequence_risk,MVI numbered filename indicates consecutive recording frames
bump::MVI_1567 051.jpg,bump,data/raw/v2/kaggle_speed_bump/Dataset/Data/bump/MVI_1567 051.jpg,581a01844c18b29e31f455491b24749dd37d689c0398a66200bbc38fcf0d2641,1920,1080,true,,exclude_sequence_risk,MVI numbered filename indicates consecutive recording frames
bump::MVI_1567 052.jpg,bump,data/raw/v2/kaggle_speed_bump/Dataset/Data/bump/MVI_1567 052.jpg,09e87cb318c7260b845482a83805ce685c4d4b697e1010ded70f6aa867203369,1920,1080,true,,exclude_sequence_risk,MVI numbered filename indicates consecutive recording frames
bump::MVI_1567 053.jpg,bump,data/raw/v2/kaggle_speed_bump/Dataset/Data/bump/MVI_1567 053.jpg,76e15d5e9d9737e7fd66a2891b9145f6ffef337d292fc3cf2cdb6e94ce2965c3,1920,1080,true,,exclude_sequence_risk,MVI numbered filename indicates consecutive recording frames
bump::MVI_1567 054.jpg,bump,data/raw/v2/kaggle_speed_bump/Dataset/Data/bump/MVI_1567 054.jpg,3b407916cedf75e2edc997e28df48896598f42813988d47c09addba2c820b089,1920,1080,true,,exclude_sequence_risk,MVI numbered filename indicates consecutive recording frames
bump::MVI_1567 055.jpg,bump,data/raw/v2/kaggle_speed_bump/Dataset/Data/bump/MVI_1567 055.jpg,8a1d3fffb7b0ad14e7c3877e6153038464359cc7320d5db1dcabc462903d3a8f,1920,1080,true,,exclude_sequence_risk,MVI numbered filename indicates consecutive recording frames
bump::MVI_1567 056.jpg,bump,data/raw/v2/kaggle_speed_bump/Dataset/Data/bump/MVI_1567 056.jpg,44c068c81fe9b39bff299bdbd8dc3b2d4d4f4c3e79373990fc06a79641118861,1920,1080,true,,exclude_sequence_risk,MVI numbered filename indicates consecutive recording frames
bump::MVI_1567 057.jpg,bump,data/raw/v2/kaggle_speed_bump/Dataset/Data/bump/MVI_1567 057.jpg,a929dcb2865d76a397e3e4746874784c0b4a4268ba6819c62d7596bc84160c1a,1920,1080,true,,exclude_sequence_risk,MVI numbered filename indicates consecutive recording frames
bump::MVI_1567 058.jpg,bump,data/raw/v2/kaggle_speed_bump/Dataset/Data/bump/MVI_1567 058.jpg,03802a9469ceb24a193be863df9c50d6dd1aff755074450fa11a08c95d9ad4db,1920,1080,true,,exclude_sequence_risk,MVI numbered filename indicates consecutive recording frames
bump::MVI_1567 059.jpg,bump,data/raw/v2/kaggle_speed_bump/Dataset/Data/bump/MVI_1567 059.jpg,a7608fa382e9b12b4657e44c68859a452083386efe46004a8532abe37a39559d,1920,1080,true,,exclude_sequence_risk,MVI numbered filename indicates consecutive recording frames
bump::MVI_1567 060.jpg,bump,data/raw/v2/kaggle_speed_bump/Dataset/Data/bump/MVI_1567 060.jpg,cc4a62bfc125a5bacf516a411f59efdf8fa689987d024fdf3f4190ccd5705ff1,1920,1080,true,,exclude_sequence_risk,MVI numbered filename indicates consecutive recording frames
bump::MVI_1567 061.jpg,bump,data/raw/v2/kaggle_speed_bump/Dataset/Data/bump/MVI_1567 061.jpg,3b0a92f065f4594fd05f7f8b6b3c94501900a55cdc15f1d0a0bfc126098d8fbf,1920,1080,true,,exclude_sequence_risk,MVI numbered filename indicates consecutive recording frames
bump::MVI_1567 062.jpg,bump,data/raw/v2/kaggle_speed_bump/Dataset/Data/bump/MVI_1567 062.jpg,9ffe1f9a37b37000dd8c781e2ff79c949e64024272760c9e2193ffad4143b5bd,1920,1080,true,,exclude_sequence_risk,MVI numbered filename indicates consecutive recording frames
bump::MVI_1567 063.jpg,bump,data/raw/v2/kaggle_speed_bump/Dataset/Data/bump/MVI_1567 063.jpg,06943226aacc0a9ad15718cbbb1077604a4805ffabb1e0c502810d9956f442cd,1920,1080,true,,exclude_sequence_risk,MVI numbered filename indicates consecutive recording frames
bump::MVI_1567 064.jpg,bump,data/raw/v2/kaggle_speed_bump/Dataset/Data/bump/MVI_1567 064.jpg,713bb40fbea77e8bc4bf64c86d443437c29a0d44a02ebb02e58e225933fa500d,1920,1080,true,,exclude_sequence_risk,MVI numbered filename indicates consecutive recording frames
bump::MVI_1567 065.jpg,bump,data/raw/v2/kaggle_speed_bump/Dataset/Data/bump/MVI_1567 065.jpg,3c780666dd04690dc13d09e6f2da4c0d32be0c9f6cb43ea5a43b5db826808cb0,1920,1080,true,,exclude_sequence_risk,MVI numbered filename indicates consecutive recording frames
bump::MVI_1567 066.jpg,bump,data/raw/v2/kaggle_speed_bump/Dataset/Data/bump/MVI_1567 066.jpg,52af161916ef0d7f53122095e1217dd5be304ccdd9c2f3288ec73e8ed7733373,1920,1080,true,,exclude_sequence_risk,MVI numbered filename indicates consecutive recording frames
bump::MVI_1567 067.jpg,bump,data/raw/v2/kaggle_speed_bump/Dataset/Data/bump/MVI_1567 067.jpg,f10872fadc8b2ba2c3660aa23a44c9d3fe9e289cecb0ed90dd06013acb8794ac,1920,1080,true,,exclude_sequence_risk,MVI numbered filename indicates consecutive recording frames
bump::MVI_1567 068.jpg,bump,data/raw/v2/kaggle_speed_bump/Dataset/Data/bump/MVI_1567 068.jpg,2dabf0d62621625e325c07c663c3940b7d509153c61f022a0a5c625a91965772,1920,1080,true,,exclude_sequence_risk,MVI numbered filename indicates consecutive recording frames
bump::MVI_1567 069.jpg,bump,data/raw/v2/kaggle_speed_bump/Dataset/Data/bump/MVI_1567 069.jpg,11e13939ad1c532f55ccba7fd37e35dc1afa8929c4695d2da19ce7fc612f89f9,1920,1080,true,,exclude_sequence_risk,MVI numbered filename indicates consecutive recording frames
bump::MVI_1567 070.jpg,bump,data/raw/v2/kaggle_speed_bump/Dataset/Data/bump/MVI_1567 070.jpg,44300f8708b1c9f9224ec6bb7b43e7feba170ab258f277784c1fa523cd5321df,1920,1080,true,,exclude_sequence_risk,MVI numbered filename indicates consecutive recording frames
bump::MVI_1567 071.jpg,bump,data/raw/v2/kaggle_speed_bump/Dataset/Data/bump/MVI_1567 071.jpg,60888239937dbe9e90ddee9b5a74a996999894911cd22f587b939747d75b69c3,1920,1080,true,,exclude_sequence_risk,MVI numbered filename indicates consecutive recording frames
bump::MVI_1567 072.jpg,bump,data/raw/v2/kaggle_speed_bump/Dataset/Data/bump/MVI_1567 072.jpg,bde9ad4200b5ea90f3e4b4c93199dbdbe83bc7e27de771ff31685f6683f1647e,1920,1080,true,,exclude_sequence_risk,MVI numbered filename indicates consecutive recording frames
bump::MVI_1567 073.jpg,bump,data/raw/v2/kaggle_speed_bump/Dataset/Data/bump/MVI_1567 073.jpg,99944ca7bdc921b183f15956cf71fc987dbac73539bbe945f4a3a8da59049f78,1920,1080,true,,exclude_sequence_risk,MVI numbered filename indicates consecutive recording frames
bump::MVI_1567 074.jpg,bump,data/raw/v2/kaggle_speed_bump/Dataset/Data/bump/MVI_1567 074.jpg,5a116d2b777a1946de3072fda07e90c3c314a3811f0d4ce88434f53e954db9b3,1920,1080,true,,exclude_sequence_risk,MVI numbered filename indicates consecutive recording frames
bump::MVI_1567 075.jpg,bump,data/raw/v2/kaggle_speed_bump/Dataset/Data/bump/MVI_1567 075.jpg,d4eddcf0750635e0021ae662c36dd6f47da0b6717ed16bffadf14adeff61a268,1920,1080,true,,exclude_sequence_risk,MVI numbered filename indicates consecutive recording frames
bump::MVI_1567 076.jpg,bump,data/raw/v2/kaggle_speed_bump/Dataset/Data/bump/MVI_1567 076.jpg,4bcd5a724f1662a2b5024fa57fd6d1b130e4400ec8e3616fb3b9b7b5ec1d4ed5,1920,1080,true,,exclude_sequence_risk,MVI numbered filename indicates consecutive recording frames
bump::MVI_1567 077.jpg,bump,data/raw/v2/kaggle_speed_bump/Dataset/Data/bump/MVI_1567 077.jpg,04838dd281a07199a5fe799427ca71adcee2bd8ad052e763ce2376aba5644cba,1920,1080,true,,exclude_sequence_risk,MVI numbered filename indicates consecutive recording frames
bump::MVI_1567 078.jpg,bump,data/raw/v2/kaggle_speed_bump/Dataset/Data/bump/MVI_1567 078.jpg,91c0a04b91e59d760d46ae1bcc3dbcad54e22a5520209af701ed6f7c2b472928,1920,1080,true,,exclude_sequence_risk,MVI numbered filename indicates consecutive recording frames
bump::MVI_1567 079.jpg,bump,data/raw/v2/kaggle_speed_bump/Dataset/Data/bump/MVI_1567 079.jpg,ba73c0e06b50d3448a8da86b2d9ce2b66f56e931dbce3cc42b686f8bacac200b,1920,1080,true,,exclude_sequence_risk,MVI numbered filename indicates consecutive recording frames
bump::MVI_1567 080.jpg,bump,data/raw/v2/kaggle_speed_bump/Dataset/Data/bump/MVI_1567 080.jpg,e061f2c51eda9037513345cc168e55efe3ea62a6cdc10da7968c4b9908cee064,1920,1080,true,,exclude_sequence_risk,MVI numbered filename indicates consecutive recording frames
bump::MVI_1567 081.jpg,bump,data/raw/v2/kaggle_speed_bump/Dataset/Data/bump/MVI_1567 081.jpg,bcf7db0e64e4fed055b68b242f550737a3a065a13267995ae8e99d6f762d4786,1920,1080,true,,exclude_sequence_risk,MVI numbered filename indicates consecutive recording frames
bump::MVI_1567 082.jpg,bump,data/raw/v2/kaggle_speed_bump/Dataset/Data/bump/MVI_1567 082.jpg,172b3923da832cf56a3e26027ef4b22baa7aea599aa31ec11446db7f631223c0,1920,1080,true,,exclude_sequence_risk,MVI numbered filename indicates consecutive recording frames
bump::MVI_1567 083.jpg,bump,data/raw/v2/kaggle_speed_bump/Dataset/Data/bump/MVI_1567 083.jpg,bd8bdfc6ce30e2f8b59d3fe1e1719be2c84f5b85722662855c12e4e6df3aa423,1920,1080,true,,exclude_sequence_risk,MVI numbered filename indicates consecutive recording frames
bump::MVI_1567 084.jpg,bump,data/raw/v2/kaggle_speed_bump/Dataset/Data/bump/MVI_1567 084.jpg,9cb41a07f46126c004ae7927fb4e2463cf8c8022c3aa8905051bd1a6e1397cea,1920,1080,true,,exclude_sequence_risk,MVI numbered filename indicates consecutive recording frames
bump::MVI_1567 085.jpg,bump,data/raw/v2/kaggle_speed_bump/Dataset/Data/bump/MVI_1567 085.jpg,70fd11e211802b05b69435c35ee517d2524f7192d328cafaba0f8f1f35cbed44,1920,1080,true,,exclude_sequence_risk,MVI numbered filename indicates consecutive recording frames
bump::MVI_1567 086.jpg,bump,data/raw/v2/kaggle_speed_bump/Dataset/Data/bump/MVI_1567 086.jpg,4a516bbf90b0ab23d4a9b6f7efdb3acb5afc520022884f4ab10a777351f59dd1,1920,1080,true,,exclude_sequence_risk,MVI numbered filename indicates consecutive recording frames
bump::MVI_1567 087.jpg,bump,data/raw/v2/kaggle_speed_bump/Dataset/Data/bump/MVI_1567 087.jpg,e0e18e165d125fe8f822d96dbe18db13b633040600de9a4e7c3c11d864a07383,1920,1080,true,,exclude_sequence_risk,MVI numbered filename indicates consecutive recording frames
bump::MVI_1567 088.jpg,bump,data/raw/v2/kaggle_speed_bump/Dataset/Data/bump/MVI_1567 088.jpg,0c10f528c8855d637470266d73386d9a0f90fde1960ccdcd5a1b2196cff51c81,1920,1080,true,,exclude_sequence_risk,MVI numbered filename indicates consecutive recording frames
bump::MVI_1567 089.jpg,bump,data/raw/v2/kaggle_speed_bump/Dataset/Data/bump/MVI_1567 089.jpg,2e247287b3a61f5ca03d1b0d099ea754760a2832d466dab0c8f55c196f1d163d,1920,1080,true,,exclude_sequence_risk,MVI numbered filename indicates consecutive recording frames
bump::MVI_1567 090.jpg,bump,data/raw/v2/kaggle_speed_bump/Dataset/Data/bump/MVI_1567 090.jpg,340755da7b2b238ce57ffd9c2d4c461c2c2079f101b04e794f3d502b04b85dce,1920,1080,true,,exclude_sequence_risk,MVI numbered filename indicates consecutive recording frames
bump::MVI_1567 091.jpg,bump,data/raw/v2/kaggle_speed_bump/Dataset/Data/bump/MVI_1567 091.jpg,70034cabdd3b80e7d4d66f3872895a7c33abd44054e86547c6a587410cbdec11,1920,1080,true,,exclude_sequence_risk,MVI numbered filename indicates consecutive recording frames
bump::MVI_1567 092.jpg,bump,data/raw/v2/kaggle_speed_bump/Dataset/Data/bump/MVI_1567 092.jpg,1baf0dc59da80bfdaca403f261f0d8302e5ed8af35362c7708509b027515605a,1920,1080,true,,exclude_sequence_risk,MVI numbered filename indicates consecutive recording frames
bump::MVI_1567 093.jpg,bump,data/raw/v2/kaggle_speed_bump/Dataset/Data/bump/MVI_1567 093.jpg,4d73c0a19bc12128d4695921f0818d57441306c96644d751c67a50d0212d4a9a,1920,1080,true,,exclude_sequence_risk,MVI numbered filename indicates consecutive recording frames
bump::MVI_1567 094.jpg,bump,data/raw/v2/kaggle_speed_bump/Dataset/Data/bump/MVI_1567 094.jpg,3c7978bdb46504f4a9003deb4d3558ac5414ac0305527ede03d16ca967b42817,1920,1080,true,,exclude_sequence_risk,MVI numbered filename indicates consecutive recording frames
bump::MVI_1567 095.jpg,bump,data/raw/v2/kaggle_speed_bump/Dataset/Data/bump/MVI_1567 095.jpg,67b99e2cd8399ecfd4fd86a2d55bbe0e910b76ce99287f37038711e9e9b40ebb,1920,1080,true,,exclude_sequence_risk,MVI numbered filename indicates consecutive recording frames
bump::MVI_1567 096.jpg,bump,data/raw/v2/kaggle_speed_bump/Dataset/Data/bump/MVI_1567 096.jpg,e3f74dd239ace598933ae41ed28a1185a2fa5f412d862593245e41b597fb216c,1920,1080,true,,exclude_sequence_risk,MVI numbered filename indicates consecutive recording frames
bump::MVI_1567 097.jpg,bump,data/raw/v2/kaggle_speed_bump/Dataset/Data/bump/MVI_1567 097.jpg,175dc79e65aa84aa662964a5ccf98f7a83d518d84a7f6db4c38a007074849307,1920,1080,true,,exclude_sequence_risk,MVI numbered filename indicates consecutive recording frames
bump::MVI_1567 098.jpg,bump,data/raw/v2/kaggle_speed_bump/Dataset/Data/bump/MVI_1567 098.jpg,1c4b79b8386c6d4630f09421609ad6b506bb524d9071fa01ee3e336fffc96ed7,1920,1080,true,,exclude_sequence_risk,MVI numbered filename indicates consecutive recording frames
bump::MVI_1567 099.jpg,bump,data/raw/v2/kaggle_speed_bump/Dataset/Data/bump/MVI_1567 099.jpg,59b4670eb201499da31838b908599b6b022544d6423bccc83a7c96430bba3c47,1920,1080,true,,exclude_sequence_risk,MVI numbered filename indicates consecutive recording frames
bump::MVI_1567 100.jpg,bump,data/raw/v2/kaggle_speed_bump/Dataset/Data/bump/MVI_1567 100.jpg,f39e8ff9e2bd602b020f86aff04c674e4b3ea7531a3f88b22e5a7bf212531164,1920,1080,true,,exclude_sequence_risk,MVI numbered filename indicates consecutive recording frames
bump::MVI_1567 101.jpg,bump,data/raw/v2/kaggle_speed_bump/Dataset/Data/bump/MVI_1567 101.jpg,e8cf9ed5792fb2b6ff9335de7e9ed0a45b1f9e202066d6943e00b3fce43c4226,1920,1080,true,,exclude_sequence_risk,MVI numbered filename indicates consecutive recording frames
bump::MVI_1567 102.jpg,bump,data/raw/v2/kaggle_speed_bump/Dataset/Data/bump/MVI_1567 102.jpg,f7e5dcc03ecc51d215e0ff245dd5fa4e317cafaf7511cbcd6db48f33699e11c3,1920,1080,true,,exclude_sequence_risk,MVI numbered filename indicates consecutive recording frames
bump::MVI_1567 103.jpg,bump,data/raw/v2/kaggle_speed_bump/Dataset/Data/bump/MVI_1567 103.jpg,40b17ff23d7029cf7b6b06a3d7076b771255bce54824c9427ce620ab1d69dc4f,1920,1080,true,,exclude_sequence_risk,MVI numbered filename indicates consecutive recording frames
bump::MVI_1567 104.jpg,bump,data/raw/v2/kaggle_speed_bump/Dataset/Data/bump/MVI_1567 104.jpg,5121a96fb21dc284d6b6731703971412297167512fc83eb149f7f5fdd0410c4a,1920,1080,true,,exclude_sequence_risk,MVI numbered filename indicates consecutive recording frames
bump::MVI_1567 105.jpg,bump,data/raw/v2/kaggle_speed_bump/Dataset/Data/bump/MVI_1567 105.jpg,04f16d07a1eda4f6bdd460dd0216e989ce6ab5e050a1a9202df7b4566515fed2,1920,1080,true,,exclude_sequence_risk,MVI numbered filename indicates consecutive recording frames
bump::MVI_1567 106.jpg,bump,data/raw/v2/kaggle_speed_bump/Dataset/Data/bump/MVI_1567 106.jpg,15ed55104ad6be153f880f2a15a186b60f76b6650cf69694f23a9cca89142d78,1920,1080,true,,exclude_sequence_risk,MVI numbered filename indicates consecutive recording frames
crack::frame1019_jpg.rf.32b9af83248ec8dd75b3addfef774a36.jpg,crack,data/raw/v2/kaggle_speed_bump/Dataset/Data/crack/frame1019_jpg.rf.32b9af83248ec8dd75b3addfef774a36.jpg,e070fd50ed91caa540a8226d3cb14929b65b0df2ac6bd60f9bc7d661a5397ec8,720,405,false,,exclude_not_speed_bump_source_label,not used for the speed-bump supporting-class task
crack::frame1019_jpg.rf.b8a801a67ea4a9998faf9bc03b253b2b.jpg,crack,data/raw/v2/kaggle_speed_bump/Dataset/Data/crack/frame1019_jpg.rf.b8a801a67ea4a9998faf9bc03b253b2b.jpg,7809116292a2faa0fbda3fd115c8067fa851b5b428bef5711b3d1bd46fc6be21,720,405,false,,exclude_not_speed_bump_source_label,not used for the speed-bump supporting-class task
crack::frame1076_jpg.rf.1c0a5edef1303d360ea18957b19048b0.jpg,crack,data/raw/v2/kaggle_speed_bump/Dataset/Data/crack/frame1076_jpg.rf.1c0a5edef1303d360ea18957b19048b0.jpg,1f285cddec440fbfdded5e2b44998255df854d0cb2a099e65f697d0a466c334a,720,405,false,,exclude_not_speed_bump_source_label,not used for the speed-bump supporting-class task
crack::frame1076_jpg.rf.a32fe25db8921344507d5267e98243f0.jpg,crack,data/raw/v2/kaggle_speed_bump/Dataset/Data/crack/frame1076_jpg.rf.a32fe25db8921344507d5267e98243f0.jpg,9b0a7bab2ae051380178891be27277299f5f6d482e2ae5b9c84f350445d50c0e,720,405,false,,exclude_not_speed_bump_source_label,not used for the speed-bump supporting-class task
crack::frame1076_jpg.rf.a781dbeb34c86fdcffbbc82b17b54117.jpg,crack,data/raw/v2/kaggle_speed_bump/Dataset/Data/crack/frame1076_jpg.rf.a781dbeb34c86fdcffbbc82b17b54117.jpg,b0cfe24466ff09433df92b1bd1b65bc664622956c53e350bf5989afd4908fc76,720,405,false,,exclude_not_speed_bump_source_label,not used for the speed-bump supporting-class task
crack::frame1079_jpg.rf.5765999c0dcd2fdfdba397c3696d61c2.jpg,crack,data/raw/v2/kaggle_speed_bump/Dataset/Data/crack/frame1079_jpg.rf.5765999c0dcd2fdfdba397c3696d61c2.jpg,2d47fd40b0644b3c72d5eecd439695d382fe21da988346ad032f1fa517f4d76f,720,405,false,,exclude_not_speed_bump_source_label,not used for the speed-bump supporting-class task
crack::frame1079_jpg.rf.9ba68e685204c76acc1ab09000fd1fa2.jpg,crack,data/raw/v2/kaggle_speed_bump/Dataset/Data/crack/frame1079_jpg.rf.9ba68e685204c76acc1ab09000fd1fa2.jpg,987c84451c8d632924921010d4e4943b6f23c2a357aede665fdaefc7f5ab4527,720,405,false,,exclude_not_speed_bump_source_label,not used for the speed-bump supporting-class task
crack::frame1080_jpg.rf.08447af07287b0e6f2b5cbfc469bd477.jpg,crack,data/raw/v2/kaggle_speed_bump/Dataset/Data/crack/frame1080_jpg.rf.08447af07287b0e6f2b5cbfc469bd477.jpg,b7a2be61d47d74b808e11ba52ee85bd2cc191a1695f3306e146f0ca0f9dfc5df,720,405,false,,exclude_not_speed_bump_source_label,not used for the speed-bump supporting-class task
crack::frame1081_jpg.rf.4e2f7c314fe071103a297a36c25b21fb.jpg,crack,data/raw/v2/kaggle_speed_bump/Dataset/Data/crack/frame1081_jpg.rf.4e2f7c314fe071103a297a36c25b21fb.jpg,26d409b85b68d555526004a83eb34c3a114fee0c0fc13ec21cc9ebc4beffc054,720,405,false,,exclude_not_speed_bump_source_label,not used for the speed-bump supporting-class task
crack::frame1081_jpg.rf.c5540f685c2f3499e6d569b499c08ec5.jpg,crack,data/raw/v2/kaggle_speed_bump/Dataset/Data/crack/frame1081_jpg.rf.c5540f685c2f3499e6d569b499c08ec5.jpg,6aab51290a9fc961ee7587afbda301beafaee96ac004c0206999fc205dd860f5,720,405,false,,exclude_not_speed_bump_source_label,not used for the speed-bump supporting-class task
crack::frame1082_jpg.rf.110c672b394f5c0dbb365376dc7bfacb.jpg,crack,data/raw/v2/kaggle_speed_bump/Dataset/Data/crack/frame1082_jpg.rf.110c672b394f5c0dbb365376dc7bfacb.jpg,d5635ee94bb64e9811bb15d40c0c6e9832d3bd06a7fe3968c8a3177ea8c7cb5f,720,405,false,,exclude_not_speed_bump_source_label,not used for the speed-bump supporting-class task
crack::frame1082_jpg.rf.39bc81b0f284dfe3296fe50cc3f743a5.jpg,crack,data/raw/v2/kaggle_speed_bump/Dataset/Data/crack/frame1082_jpg.rf.39bc81b0f284dfe3296fe50cc3f743a5.jpg,d8c3898d73237993880117fa5d5875aac407f610b97ef7e8d647f22f3e513652,720,405,false,,exclude_not_speed_bump_source_label,not used for the speed-bump supporting-class task
crack::frame1131_jpg.rf.86d137003a802a0e927734c046a89468.jpg,crack,data/raw/v2/kaggle_speed_bump/Dataset/Data/crack/frame1131_jpg.rf.86d137003a802a0e927734c046a89468.jpg,69172b2f9c8450e2d75a3d5bf9ffa67e3a5eac61f8e666c17bed2d58528db5d0,720,405,false,,exclude_not_speed_bump_source_label,not used for the speed-bump supporting-class task
crack::frame1131_jpg.rf.aab4f3beda72ace22a5dc9d905f6bd62.jpg,crack,data/raw/v2/kaggle_speed_bump/Dataset/Data/crack/frame1131_jpg.rf.aab4f3beda72ace22a5dc9d905f6bd62.jpg,83f405e60b55bbf4d194be5c4560c573dab866852cb3847eda1fd262e7c239bd,720,405,false,,exclude_not_speed_bump_source_label,not used for the speed-bump supporting-class task
crack::frame1171_jpg.rf.1f5ab76ea748ef9de5f296ee7858c054.jpg,crack,data/raw/v2/kaggle_speed_bump/Dataset/Data/crack/frame1171_jpg.rf.1f5ab76ea748ef9de5f296ee7858c054.jpg,3165c0637b25ec32d61357014c6a1cc79982910d6e59d036b00219f04e8b1eea,720,405,false,,exclude_not_speed_bump_source_label,not used for the speed-bump supporting-class task
crack::frame1171_jpg.rf.fe779adc869fe0d526aff822351d6194.jpg,crack,data/raw/v2/kaggle_speed_bump/Dataset/Data/crack/frame1171_jpg.rf.fe779adc869fe0d526aff822351d6194.jpg,bb32525ba43bb276aa6f2eb3118b3cfcf45a7863695daae70ac7896869d50f45,720,405,false,,exclude_not_speed_bump_source_label,not used for the speed-bump supporting-class task
crack::frame1196_jpg.rf.1696bb480c170ecf01e8212e94dc2461.jpg,crack,data/raw/v2/kaggle_speed_bump/Dataset/Data/crack/frame1196_jpg.rf.1696bb480c170ecf01e8212e94dc2461.jpg,ae89d3c3aee921f573cb3b7cd7aab92cdc8534e028ac611c0552a98526ba894e,720,405,false,,exclude_not_speed_bump_source_label,not used for the speed-bump supporting-class task
crack::frame1196_jpg.rf.958bcc0cdb4c16ac11371e79ab61fe07.jpg,crack,data/raw/v2/kaggle_speed_bump/Dataset/Data/crack/frame1196_jpg.rf.958bcc0cdb4c16ac11371e79ab61fe07.jpg,a56dd1536de1a82ac457dabca05de7fa6b3f50e3f7b599c98f2a34eb2fc93d86,720,405,false,,exclude_not_speed_bump_source_label,not used for the speed-bump supporting-class task
crack::frame1209_jpg.rf.d54eb3d0e02501a07dda86ba9e046611.jpg,crack,data/raw/v2/kaggle_speed_bump/Dataset/Data/crack/frame1209_jpg.rf.d54eb3d0e02501a07dda86ba9e046611.jpg,3ec8ee1607a0bc6e948412359d2a549a8e34f59179adf89bdaeb5a8735e11653,720,405,false,,exclude_not_speed_bump_source_label,not used for the speed-bump supporting-class task
crack::frame1209_jpg.rf.e7b6ddc47b035c2a2fa63bae09f99529.jpg,crack,data/raw/v2/kaggle_speed_bump/Dataset/Data/crack/frame1209_jpg.rf.e7b6ddc47b035c2a2fa63bae09f99529.jpg,a5a39f1c390d184fd79bb3cef06d771515725af588bf29208c95112cb8edb7ea,720,405,false,,exclude_not_speed_bump_source_label,not used for the speed-bump supporting-class task
crack::frame1231_jpg.rf.3a7d265f5d2f4007f84a2ca85e0ceed6.jpg,crack,data/raw/v2/kaggle_speed_bump/Dataset/Data/crack/frame1231_jpg.rf.3a7d265f5d2f4007f84a2ca85e0ceed6.jpg,61337f86cf02297910dd4acbc50be89563d60bcfc04d2927393dfb0d07e4b13b,720,405,false,,exclude_not_speed_bump_source_label,not used for the speed-bump supporting-class task
crack::frame1231_jpg.rf.4c9b3f295ee65b3e6a1a8bece6c47dc4.jpg,crack,data/raw/v2/kaggle_speed_bump/Dataset/Data/crack/frame1231_jpg.rf.4c9b3f295ee65b3e6a1a8bece6c47dc4.jpg,4ff6c04fdff01a13d515256328d6a9559af0123f91c39806be4d601dcb18ccdc,720,405,false,,exclude_not_speed_bump_source_label,not used for the speed-bump supporting-class task
crack::frame1231_jpg.rf.533fce73f722788ab284c155f0c66745.jpg,crack,data/raw/v2/kaggle_speed_bump/Dataset/Data/crack/frame1231_jpg.rf.533fce73f722788ab284c155f0c66745.jpg,113032636d11ec6803ec4f7113b1142b03e882500fb5d0e3ee616a62b81fe2da,720,405,false,,exclude_not_speed_bump_source_label,not used for the speed-bump supporting-class task
crack::frame1240_jpg.rf.3b085fd76a0b5fa13bdd2f3763190e7f.jpg,crack,data/raw/v2/kaggle_speed_bump/Dataset/Data/crack/frame1240_jpg.rf.3b085fd76a0b5fa13bdd2f3763190e7f.jpg,41f938661d07fe75e6854ef4f3c43a93e051960d2517d7e4157bbd50135e3a0b,720,405,false,,exclude_not_speed_bump_source_label,not used for the speed-bump supporting-class task
crack::frame1247_jpg.rf.bc6e0193c2849c50db25b936e9630865.jpg,crack,data/raw/v2/kaggle_speed_bump/Dataset/Data/crack/frame1247_jpg.rf.bc6e0193c2849c50db25b936e9630865.jpg,38e5a45ef44ee375b6538fd2f14aeb6fb4634937158699be383f6457e943f0cf,720,405,false,,exclude_not_speed_bump_source_label,not used for the speed-bump supporting-class task
crack::frame1265_jpg.rf.44765a7420217da2cd2ee2d2f1bc2f6b.jpg,crack,data/raw/v2/kaggle_speed_bump/Dataset/Data/crack/frame1265_jpg.rf.44765a7420217da2cd2ee2d2f1bc2f6b.jpg,152ac569da162e734f2b1b7067a235efd05a29a4f582d1c07dc6852a6374e966,720,405,false,,exclude_not_speed_bump_source_label,not used for the speed-bump supporting-class task
crack::frame1265_jpg.rf.a8be9bcbc49285424f3aa79d1779a5be.jpg,crack,data/raw/v2/kaggle_speed_bump/Dataset/Data/crack/frame1265_jpg.rf.a8be9bcbc49285424f3aa79d1779a5be.jpg,9577c3d001f81c2677c4ae6d6f462e516c253d1e9c5fd56b02ca7915dbc4608b,720,405,false,,exclude_not_speed_bump_source_label,not used for the speed-bump supporting-class task
crack::frame1268_jpg.rf.218445fbbec59f8109de523c9602f886.jpg,crack,data/raw/v2/kaggle_speed_bump/Dataset/Data/crack/frame1268_jpg.rf.218445fbbec59f8109de523c9602f886.jpg,6106768629c08f0608603ecc262157c158ba94f5707b10e89b80d0cac9526174,720,405,false,,exclude_not_speed_bump_source_label,not used for the speed-bump supporting-class task
crack::frame1268_jpg.rf.d8d6bf6c5046cb94678323d5d25dd602.jpg,crack,data/raw/v2/kaggle_speed_bump/Dataset/Data/crack/frame1268_jpg.rf.d8d6bf6c5046cb94678323d5d25dd602.jpg,7e97fa33e0d1af5a9edea5146d465cbb662d0b15ccf71c9e9be92461be08e311,720,405,false,,exclude_not_speed_bump_source_label,not used for the speed-bump supporting-class task
crack::frame1273_jpg.rf.71cf009c016bcb9267d82f8eef1f110e.jpg,crack,data/raw/v2/kaggle_speed_bump/Dataset/Data/crack/frame1273_jpg.rf.71cf009c016bcb9267d82f8eef1f110e.jpg,ddf7f705d79853bf9d05fdce1fe223e40819e59f619f36ca8e29ffe135040727,720,405,false,,exclude_not_speed_bump_source_label,not used for the speed-bump supporting-class task
crack::frame1273_jpg.rf.ea828d3ed8aa658f96fae2623d595c44.jpg,crack,data/raw/v2/kaggle_speed_bump/Dataset/Data/crack/frame1273_jpg.rf.ea828d3ed8aa658f96fae2623d595c44.jpg,748ddac7d70dd5b655e31ad4b94a942cfb89f80a5ce1297ade7671c78efde10c,720,405,false,,exclude_not_speed_bump_source_label,not used for the speed-bump supporting-class task
crack::frame1388_jpg.rf.48a98b1fe1cc62c7d8b0e72bcec5c952.jpg,crack,data/raw/v2/kaggle_speed_bump/Dataset/Data/crack/frame1388_jpg.rf.48a98b1fe1cc62c7d8b0e72bcec5c952.jpg,8e9b9db001dbd6afbbe47185599b6adf6c1db81dbf3d2f5bdb887c5d2c7cd29a,720,405,false,,exclude_not_speed_bump_source_label,not used for the speed-bump supporting-class task
crack::frame1388_jpg.rf.9884e79e84588f73f7ac0aca8ca27d47.jpg,crack,data/raw/v2/kaggle_speed_bump/Dataset/Data/crack/frame1388_jpg.rf.9884e79e84588f73f7ac0aca8ca27d47.jpg,edb0b83afd17ad60a64f5dd35aa521361d43d3df2b5bb81a447dea0136b0430a,720,405,false,,exclude_not_speed_bump_source_label,not used for the speed-bump supporting-class task
crack::frame1457_jpg.rf.177968bc3ba6eef0a35fc8bfc7b4c589.jpg,crack,data/raw/v2/kaggle_speed_bump/Dataset/Data/crack/frame1457_jpg.rf.177968bc3ba6eef0a35fc8bfc7b4c589.jpg,2a4bd4e5f1ed2e7d827405e1fa553cc2ae40ab0c784456e6c063646cfa747a88,720,405,false,,exclude_not_speed_bump_source_label,not used for the speed-bump supporting-class task
crack::frame1457_jpg.rf.85cec0e48909fee6b35c1135ff57f830.jpg,crack,data/raw/v2/kaggle_speed_bump/Dataset/Data/crack/frame1457_jpg.rf.85cec0e48909fee6b35c1135ff57f830.jpg,e20be7e8450603d7b6db4a2910a278f8744b1a2dd623933d058ae1b7a0b7fbd3,720,405,false,,exclude_not_speed_bump_source_label,not used for the speed-bump supporting-class task
crack::frame1587_jpg.rf.0f2eb580d14001ef52bf56ecd9cd6dbc.jpg,crack,data/raw/v2/kaggle_speed_bump/Dataset/Data/crack/frame1587_jpg.rf.0f2eb580d14001ef52bf56ecd9cd6dbc.jpg,245203a22dbc7191c9789b20a69a232ad1a4db507180711a914291b6481514b9,720,405,false,,exclude_not_speed_bump_source_label,not used for the speed-bump supporting-class task
crack::frame1587_jpg.rf.f375ee07d1861927a84060112fbcfed0.jpg,crack,data/raw/v2/kaggle_speed_bump/Dataset/Data/crack/frame1587_jpg.rf.f375ee07d1861927a84060112fbcfed0.jpg,30bc450512cb0682f73ad6cdade4f9fdc8a600eb7abe149a83b30b3cddacfff3,720,405,false,,exclude_not_speed_bump_source_label,not used for the speed-bump supporting-class task
crack::frame1587_jpg.rf.fa383a05cffc369071c035c1b30df981.jpg,crack,data/raw/v2/kaggle_speed_bump/Dataset/Data/crack/frame1587_jpg.rf.fa383a05cffc369071c035c1b30df981.jpg,84eea0ae9a42e47288b43ba45a83a91bfb4b6f8043510937a1b98d597fa83669,720,405,false,,exclude_not_speed_bump_source_label,not used for the speed-bump supporting-class task
crack::frame1601_jpg.rf.169c1d7fac558682c684e2b6699268d1.jpg,crack,data/raw/v2/kaggle_speed_bump/Dataset/Data/crack/frame1601_jpg.rf.169c1d7fac558682c684e2b6699268d1.jpg,29777a96c0bec5f7c257d11f9e624e26653aa39cdd6524ebaa8567d7b6b0059c,720,405,false,,exclude_not_speed_bump_source_label,not used for the speed-bump supporting-class task
crack::frame1601_jpg.rf.48273444f778608f9f33a5a226bb439b.jpg,crack,data/raw/v2/kaggle_speed_bump/Dataset/Data/crack/frame1601_jpg.rf.48273444f778608f9f33a5a226bb439b.jpg,032c88526c927cca0305d1d2c3e54a55e4c8d13567b1c2ddf145fb26662da574,720,405,false,,exclude_not_speed_bump_source_label,not used for the speed-bump supporting-class task
crack::frame1662_jpg.rf.00e62c2db601771b0982a9d39f0e427f.jpg,crack,data/raw/v2/kaggle_speed_bump/Dataset/Data/crack/frame1662_jpg.rf.00e62c2db601771b0982a9d39f0e427f.jpg,87e0b31caff6161fe3fdd6bfdfe2c5ce10d83ead3f6bf7df2814732ba78c4480,720,405,false,,exclude_not_speed_bump_source_label,not used for the speed-bump supporting-class task
crack::frame1662_jpg.rf.89f8afdaa8fb5ebafc72836ef280eae0.jpg,crack,data/raw/v2/kaggle_speed_bump/Dataset/Data/crack/frame1662_jpg.rf.89f8afdaa8fb5ebafc72836ef280eae0.jpg,6577ccf53549ec6840622436f614718ee893324dfe90a6488a3df981a76673d8,720,405,false,,exclude_not_speed_bump_source_label,not used for the speed-bump supporting-class task
crack::frame1662_jpg.rf.99f2a3219170c84f2d6ad57ca331d548.jpg,crack,data/raw/v2/kaggle_speed_bump/Dataset/Data/crack/frame1662_jpg.rf.99f2a3219170c84f2d6ad57ca331d548.jpg,32087b9c155983f0b51abd1ffdeeae2e3fff5ed2792171bf8a08cf5235b529d6,720,405,false,,exclude_not_speed_bump_source_label,not used for the speed-bump supporting-class task
crack::frame1664_jpg.rf.4e791ed853fedee5730ea814ec08f1ff.jpg,crack,data/raw/v2/kaggle_speed_bump/Dataset/Data/crack/frame1664_jpg.rf.4e791ed853fedee5730ea814ec08f1ff.jpg,d35fd2dd9295d25d33399f0fb27eb3b772e4c48dec34b29f52962bc0a2f1fb18,720,405,false,,exclude_not_speed_bump_source_label,not used for the speed-bump supporting-class task
crack::frame1664_jpg.rf.66f25fa43c570d145c7b0e6990188e44.jpg,crack,data/raw/v2/kaggle_speed_bump/Dataset/Data/crack/frame1664_jpg.rf.66f25fa43c570d145c7b0e6990188e44.jpg,7ab58d93f7a67075a3da770952eac8da600f3d541b71f0b9b117573aa35705d4,720,405,false,,exclude_not_speed_bump_source_label,not used for the speed-bump supporting-class task
crack::frame1664_jpg.rf.dd175da56e4a4e33615f8448944cf468.jpg,crack,data/raw/v2/kaggle_speed_bump/Dataset/Data/crack/frame1664_jpg.rf.dd175da56e4a4e33615f8448944cf468.jpg,ef30b6bfbf6891907819007119298968f05bcfd2743f601dd2985b171c6b9cdc,720,405,false,,exclude_not_speed_bump_source_label,not used for the speed-bump supporting-class task
crack::frame1684_jpg.rf.ddeeea492eacf4aa9d19fe4cdefb3547.jpg,crack,data/raw/v2/kaggle_speed_bump/Dataset/Data/crack/frame1684_jpg.rf.ddeeea492eacf4aa9d19fe4cdefb3547.jpg,aad9a55b66545e01c18d9885410094ae5c656780d6cfd12bf84120829fffdaf3,720,405,false,,exclude_not_speed_bump_source_label,not used for the speed-bump supporting-class task
crack::frame1684_jpg.rf.ef49c27fed63a2eb3fd2bb74d2226085.jpg,crack,data/raw/v2/kaggle_speed_bump/Dataset/Data/crack/frame1684_jpg.rf.ef49c27fed63a2eb3fd2bb74d2226085.jpg,069e59eb6a3bd78d88950c7f8dbbe35684989f1c883710020b0f5b7f7c691511,720,405,false,,exclude_not_speed_bump_source_label,not used for the speed-bump supporting-class task
crack::frame1685_jpg.rf.8edad30cec9d89a5f159b8b13453dd0c.jpg,crack,data/raw/v2/kaggle_speed_bump/Dataset/Data/crack/frame1685_jpg.rf.8edad30cec9d89a5f159b8b13453dd0c.jpg,ba2b17839f1ce5c912ebf11d8d6163c1d1ecdf4aad6d35389557f837e47f7173,720,405,false,,exclude_not_speed_bump_source_label,not used for the speed-bump supporting-class task
crack::frame1685_jpg.rf.925a82c1db659c8ce174a064dc82e1f0.jpg,crack,data/raw/v2/kaggle_speed_bump/Dataset/Data/crack/frame1685_jpg.rf.925a82c1db659c8ce174a064dc82e1f0.jpg,e74eb62911248344f220023bffbf094256ef00f3c4bb49582b21501889774080,720,405,false,,exclude_not_speed_bump_source_label,not used for the speed-bump supporting-class task
crack::frame1719_jpg.rf.211dfea67a1fb79275afcfc717561e6e.jpg,crack,data/raw/v2/kaggle_speed_bump/Dataset/Data/crack/frame1719_jpg.rf.211dfea67a1fb79275afcfc717561e6e.jpg,0a0fd9f305738e263e6538685c00f70a55eed071e84e179dbcae4913562f638b,720,405,false,,exclude_not_speed_bump_source_label,not used for the speed-bump supporting-class task
crack::frame1719_jpg.rf.5e7509b37e7a650a8e3c276af38e22fc.jpg,crack,data/raw/v2/kaggle_speed_bump/Dataset/Data/crack/frame1719_jpg.rf.5e7509b37e7a650a8e3c276af38e22fc.jpg,ad6a6b01dc83e238d141c41ad00bab5af3a2bb79f48be48026f5703af968100d,720,405,false,,exclude_not_speed_bump_source_label,not used for the speed-bump supporting-class task
crack::frame259_jpg.rf.0b25b2bcfb5ebdc467885a154e5f044e.jpg,crack,data/raw/v2/kaggle_speed_bump/Dataset/Data/crack/frame259_jpg.rf.0b25b2bcfb5ebdc467885a154e5f044e.jpg,166148f000511f88abafdbf2e9fc60207e20829771018cc52b7e20f19d713224,720,405,false,,exclude_not_speed_bump_source_label,not used for the speed-bump supporting-class task
crack::frame259_jpg.rf.58fdbd346da17dce6e5c1dfd450121f5.jpg,crack,data/raw/v2/kaggle_speed_bump/Dataset/Data/crack/frame259_jpg.rf.58fdbd346da17dce6e5c1dfd450121f5.jpg,645b82154e74dafde24af6f179c458706e75833b7f4bba672e37ffb344b403ae,720,405,false,,exclude_not_speed_bump_source_label,not used for the speed-bump supporting-class task
crack::frame262_jpg.rf.469f8e3273df80bb7e4ad0ac016b14e6.jpg,crack,data/raw/v2/kaggle_speed_bump/Dataset/Data/crack/frame262_jpg.rf.469f8e3273df80bb7e4ad0ac016b14e6.jpg,a06532d6a63c8c1283cd97710f94c5761f87f1337f25a1d5d0ca547238a2ee7b,720,405,false,,exclude_not_speed_bump_source_label,not used for the speed-bump supporting-class task
crack::frame263_jpg.rf.babc6bd6c7c59b7cbea1c662c8090b91.jpg,crack,data/raw/v2/kaggle_speed_bump/Dataset/Data/crack/frame263_jpg.rf.babc6bd6c7c59b7cbea1c662c8090b91.jpg,49ad075c4d320b92baab7380a5c21eced2f910c5432610cee484f2eee6d21c49,720,405,false,,exclude_not_speed_bump_source_label,not used for the speed-bump supporting-class task
crack::frame263_jpg.rf.fb27384f3b31d98d66a494445084cafe.jpg,crack,data/raw/v2/kaggle_speed_bump/Dataset/Data/crack/frame263_jpg.rf.fb27384f3b31d98d66a494445084cafe.jpg,c0cdbed2be4dd378d7bf55ef688628bd36114d84e727d95937101f352ff4c865,720,405,false,,exclude_not_speed_bump_source_label,not used for the speed-bump supporting-class task
crack::frame265_jpg.rf.7f18de6475a5513e5f311ac360f5ad91.jpg,crack,data/raw/v2/kaggle_speed_bump/Dataset/Data/crack/frame265_jpg.rf.7f18de6475a5513e5f311ac360f5ad91.jpg,339fe78b3ce9107b631b15f8d08357dee576b13c06d4af709b5fae0b51b26d19,720,405,false,,exclude_not_speed_bump_source_label,not used for the speed-bump supporting-class task
crack::frame265_jpg.rf.bc271cc6bc29e4360aaa39d314564703.jpg,crack,data/raw/v2/kaggle_speed_bump/Dataset/Data/crack/frame265_jpg.rf.bc271cc6bc29e4360aaa39d314564703.jpg,db220add5164dbfc8672a92086f731943f392e2154f4f8d0c4c1908bdfca112e,720,405,false,,exclude_not_speed_bump_source_label,not used for the speed-bump supporting-class task
crack::frame266_jpg.rf.ae366c3e4ca3f9b8043065d40a641dc2.jpg,crack,data/raw/v2/kaggle_speed_bump/Dataset/Data/crack/frame266_jpg.rf.ae366c3e4ca3f9b8043065d40a641dc2.jpg,793257400ca94ac405486430491a080931498e4826c879ee7267371e60d781fc,720,405,false,,exclude_not_speed_bump_source_label,not used for the speed-bump supporting-class task
crack::frame266_jpg.rf.b0644c631235fa0cdf56903dd7452797.jpg,crack,data/raw/v2/kaggle_speed_bump/Dataset/Data/crack/frame266_jpg.rf.b0644c631235fa0cdf56903dd7452797.jpg,1baa4a8721b67ebe9ae7bc3c2358ee72441eacf31703ab511c8af2def90efa76,720,405,false,,exclude_not_speed_bump_source_label,not used for the speed-bump supporting-class task
crack::frame267_jpg.rf.01da4cfa418c536e48428d6277e6378a.jpg,crack,data/raw/v2/kaggle_speed_bump/Dataset/Data/crack/frame267_jpg.rf.01da4cfa418c536e48428d6277e6378a.jpg,777fb555bd7009003fde5938bc5620867e25b47d2421490f59433171cefcdaef,720,405,false,,exclude_not_speed_bump_source_label,not used for the speed-bump supporting-class task
crack::frame267_jpg.rf.1dbb3bad6f44fb6c091f6a34ffc62106.jpg,crack,data/raw/v2/kaggle_speed_bump/Dataset/Data/crack/frame267_jpg.rf.1dbb3bad6f44fb6c091f6a34ffc62106.jpg,7a4e701c56ebc92748e1e7b9fbcbd8e383d2e7c23f37868b00514343086235b7,720,405,false,,exclude_not_speed_bump_source_label,not used for the speed-bump supporting-class task
crack::frame267_jpg.rf.85b141557ca4705b6a94935236fdac25.jpg,crack,data/raw/v2/kaggle_speed_bump/Dataset/Data/crack/frame267_jpg.rf.85b141557ca4705b6a94935236fdac25.jpg,0e79f5316e545bab5cfdb3d6a3285d14c8876adeee34034363ac18bef3e2502b,720,405,false,,exclude_not_speed_bump_source_label,not used for the speed-bump supporting-class task
crack::frame273_jpg.rf.3525511009ee2f8dea58c1ce14f4a30b.jpg,crack,data/raw/v2/kaggle_speed_bump/Dataset/Data/crack/frame273_jpg.rf.3525511009ee2f8dea58c1ce14f4a30b.jpg,0d32e5c066d8bf42afc7efb03c09e62e795eafd33ba24ae884ee1692f4fbbd29,720,405,false,,exclude_not_speed_bump_source_label,not used for the speed-bump supporting-class task
crack::frame273_jpg.rf.3e7cbc4c936d89948f6486039caa54cd.jpg,crack,data/raw/v2/kaggle_speed_bump/Dataset/Data/crack/frame273_jpg.rf.3e7cbc4c936d89948f6486039caa54cd.jpg,d6fe595293985240c3e615227139c4caf797c3920cc41448390792a131014afc,720,405,false,,exclude_not_speed_bump_source_label,not used for the speed-bump supporting-class task
crack::frame273_jpg.rf.8b01e3ff96094888abb924db03811ac8.jpg,crack,data/raw/v2/kaggle_speed_bump/Dataset/Data/crack/frame273_jpg.rf.8b01e3ff96094888abb924db03811ac8.jpg,e9dc78e20353e6090c1f33f984ef7cc30c775fa49b24e41ba34f25fbd18b2c2d,720,405,false,,exclude_not_speed_bump_source_label,not used for the speed-bump supporting-class task
crack::frame273_jpg.rf.a3673c85974aa639cf8ff36a2dcd597f.jpg,crack,data/raw/v2/kaggle_speed_bump/Dataset/Data/crack/frame273_jpg.rf.a3673c85974aa639cf8ff36a2dcd597f.jpg,11412780643a202183dd65cc4f4a9db4f55e7b33361745b45ea5f96cbfc161ed,720,405,false,,exclude_not_speed_bump_source_label,not used for the speed-bump supporting-class task
crack::frame273_jpg.rf.dc9dc665ee991ede09abb59016124e1c.jpg,crack,data/raw/v2/kaggle_speed_bump/Dataset/Data/crack/frame273_jpg.rf.dc9dc665ee991ede09abb59016124e1c.jpg,dc9ca283013754aa13d049350b74950934351117dbe90ebefcdf9778f21fdb47,720,405,false,,exclude_not_speed_bump_source_label,not used for the speed-bump supporting-class task
crack::frame274_jpg.rf.366a3e44ebeacf9a57b6925ffb64117b.jpg,crack,data/raw/v2/kaggle_speed_bump/Dataset/Data/crack/frame274_jpg.rf.366a3e44ebeacf9a57b6925ffb64117b.jpg,f06850b0ad63ebc9d631716ccb3d6085a5ddbf7a89f02d58bbcbe3629c478fe4,720,405,false,,exclude_not_speed_bump_source_label,not used for the speed-bump supporting-class task
crack::frame274_jpg.rf.4ca266a820bc5cefc33bfd45c870bc93.jpg,crack,data/raw/v2/kaggle_speed_bump/Dataset/Data/crack/frame274_jpg.rf.4ca266a820bc5cefc33bfd45c870bc93.jpg,fb80032e9c389c154dc483cd74450e854c4e648b993c72ae361ab926b27a7b81,720,405,false,,exclude_not_speed_bump_source_label,not used for the speed-bump supporting-class task
crack::frame274_jpg.rf.d0580eacb32bc03b5720543241e73e76.jpg,crack,data/raw/v2/kaggle_speed_bump/Dataset/Data/crack/frame274_jpg.rf.d0580eacb32bc03b5720543241e73e76.jpg,bbd53af77a7de1ed268ffc956fa4108c2dbda3a2910ae44ce1191e4dd3a03f78,720,405,false,,exclude_not_speed_bump_source_label,not used for the speed-bump supporting-class task
crack::frame276_jpg.rf.cfd0ef3662d87626c58e6a1b2ce52f63.jpg,crack,data/raw/v2/kaggle_speed_bump/Dataset/Data/crack/frame276_jpg.rf.cfd0ef3662d87626c58e6a1b2ce52f63.jpg,23837a587af90f3dd8b5f68e283611b5612358700af6f9df16e808a91c30ccbf,720,405,false,,exclude_not_speed_bump_source_label,not used for the speed-bump supporting-class task
crack::frame279_jpg.rf.3469dd06eb9741022b9e6070f5142aba.jpg,crack,data/raw/v2/kaggle_speed_bump/Dataset/Data/crack/frame279_jpg.rf.3469dd06eb9741022b9e6070f5142aba.jpg,bfe18178219282993f3c3c17937e86ece9c60bd6156116d5b34ef0346c512ee5,720,405,false,,exclude_not_speed_bump_source_label,not used for the speed-bump supporting-class task
crack::frame279_jpg.rf.59f5342e245add3f0d06b31f3c64bbb2.jpg,crack,data/raw/v2/kaggle_speed_bump/Dataset/Data/crack/frame279_jpg.rf.59f5342e245add3f0d06b31f3c64bbb2.jpg,9e7679da34dd5fc4099955d62a31ecf90046ae4686921f22b913ed939c6c1e26,720,405,false,,exclude_not_speed_bump_source_label,not used for the speed-bump supporting-class task
crack::frame279_jpg.rf.70adbb51993b3ddae5ca8549450325aa.jpg,crack,data/raw/v2/kaggle_speed_bump/Dataset/Data/crack/frame279_jpg.rf.70adbb51993b3ddae5ca8549450325aa.jpg,8d62320e3e0a025197ce52500da70d8af0279624e1403c0e96fca4c48473f54e,720,405,false,,exclude_not_speed_bump_source_label,not used for the speed-bump supporting-class task
crack::frame280_jpg.rf.1753b2da400eab4c4fb4b62a7eacd164.jpg,crack,data/raw/v2/kaggle_speed_bump/Dataset/Data/crack/frame280_jpg.rf.1753b2da400eab4c4fb4b62a7eacd164.jpg,4d2f6688b3f4b84a27d19623790138a8996e4a92cf6d4be6357ced6e215ac2c1,720,405,false,,exclude_not_speed_bump_source_label,not used for the speed-bump supporting-class task
crack::frame280_jpg.rf.aaa71a6e868788f050acfe4107a7874a.jpg,crack,data/raw/v2/kaggle_speed_bump/Dataset/Data/crack/frame280_jpg.rf.aaa71a6e868788f050acfe4107a7874a.jpg,61eb26e85d3d4ab6c46c5118d5da8fe1893f00a689f2256b82e70d68314ab33f,720,405,false,,exclude_not_speed_bump_source_label,not used for the speed-bump supporting-class task
crack::frame281_jpg.rf.883b93c4dbafb56fe9ccb8117b36f54f.jpg,crack,data/raw/v2/kaggle_speed_bump/Dataset/Data/crack/frame281_jpg.rf.883b93c4dbafb56fe9ccb8117b36f54f.jpg,27b5a2a9fddd39eb7aed601cea38a49f95bf94b28170201a91261a80faa6190a,720,405,false,,exclude_not_speed_bump_source_label,not used for the speed-bump supporting-class task
crack::frame281_jpg.rf.a8eaf1e676a301fb1d98229419739abe.jpg,crack,data/raw/v2/kaggle_speed_bump/Dataset/Data/crack/frame281_jpg.rf.a8eaf1e676a301fb1d98229419739abe.jpg,bb0ba4c5cea235e149876dfdbcda0f698d60edd42f4ad20d5abd1e7215c60485,720,405,false,,exclude_not_speed_bump_source_label,not used for the speed-bump supporting-class task
crack::frame283_jpg.rf.2982527b3b00c8a41f2107320dbd873a.jpg,crack,data/raw/v2/kaggle_speed_bump/Dataset/Data/crack/frame283_jpg.rf.2982527b3b00c8a41f2107320dbd873a.jpg,db2d301fddfd100fb6eed4de573948f8a0c5df1e79b1415a1c2344252283fa9e,720,405,false,,exclude_not_speed_bump_source_label,not used for the speed-bump supporting-class task
crack::frame283_jpg.rf.49122e0643118faa30f55d5c761a8d1e.jpg,crack,data/raw/v2/kaggle_speed_bump/Dataset/Data/crack/frame283_jpg.rf.49122e0643118faa30f55d5c761a8d1e.jpg,60242f8f1c378b45e4278573eee99262157288352a81d5a46e31a3eda0671114,720,405,false,,exclude_not_speed_bump_source_label,not used for the speed-bump supporting-class task
crack::frame283_jpg.rf.a1ca4bdca7750c2eeb204b18e85ff0b6.jpg,crack,data/raw/v2/kaggle_speed_bump/Dataset/Data/crack/frame283_jpg.rf.a1ca4bdca7750c2eeb204b18e85ff0b6.jpg,d433768bd18cbf41dd02067a9d6cad55b5b5d950120e3397236e9919ad74725a,720,405,false,,exclude_not_speed_bump_source_label,not used for the speed-bump supporting-class task
crack::frame285_jpg.rf.17ae1cbb7c2cbf83035ed8ab46dbe6dc.jpg,crack,data/raw/v2/kaggle_speed_bump/Dataset/Data/crack/frame285_jpg.rf.17ae1cbb7c2cbf83035ed8ab46dbe6dc.jpg,768658c81a8ea2fca5077cb70acf5b50fc836c9494a26daea6186d96ac7f896d,720,405,false,,exclude_not_speed_bump_source_label,not used for the speed-bump supporting-class task
crack::frame285_jpg.rf.605ad69be17d0130a2c820c1bba83a71.jpg,crack,data/raw/v2/kaggle_speed_bump/Dataset/Data/crack/frame285_jpg.rf.605ad69be17d0130a2c820c1bba83a71.jpg,ab6a8f19ff3ec33dcb918368ebf3303e9413bacbbf5d9e50f2680ad7016d9b2a,720,405,false,,exclude_not_speed_bump_source_label,not used for the speed-bump supporting-class task
crack::frame285_jpg.rf.a98444ee5aec07287d2c33043ce38e1b.jpg,crack,data/raw/v2/kaggle_speed_bump/Dataset/Data/crack/frame285_jpg.rf.a98444ee5aec07287d2c33043ce38e1b.jpg,e61d0161cbc444c6a6f39d69f2bc7a77029fa4d0de29936d00e10d627c9f3e26,720,405,false,,exclude_not_speed_bump_source_label,not used for the speed-bump supporting-class task
crack::frame312_jpg.rf.06bcf81cf2da053ec7c5c4b92be69b1f.jpg,crack,data/raw/v2/kaggle_speed_bump/Dataset/Data/crack/frame312_jpg.rf.06bcf81cf2da053ec7c5c4b92be69b1f.jpg,32447d0b89ff0b4e419f389580a056d30f5a2ec8e007d9a75984ca201bef5bb5,720,405,false,,exclude_not_speed_bump_source_label,not used for the speed-bump supporting-class task
crack::frame312_jpg.rf.4789909e8292c5b884c9edc7310a5066.jpg,crack,data/raw/v2/kaggle_speed_bump/Dataset/Data/crack/frame312_jpg.rf.4789909e8292c5b884c9edc7310a5066.jpg,0262e5c73a161e8d630f49d4d2599c363e4e605cc38867cab06292c373914874,720,405,false,,exclude_not_speed_bump_source_label,not used for the speed-bump supporting-class task
crack::frame312_jpg.rf.988b5adeca4f9f319555a5732af2b241.jpg,crack,data/raw/v2/kaggle_speed_bump/Dataset/Data/crack/frame312_jpg.rf.988b5adeca4f9f319555a5732af2b241.jpg,4592cd0f78906fab979174182aaea04732fd467f2f668ac63d799d39c7be3cb7,720,405,false,,exclude_not_speed_bump_source_label,not used for the speed-bump supporting-class task
crack::frame357_jpg.rf.4c7af5ed312d6975e5eead1c3c53d482.jpg,crack,data/raw/v2/kaggle_speed_bump/Dataset/Data/crack/frame357_jpg.rf.4c7af5ed312d6975e5eead1c3c53d482.jpg,dcfdb023492e18b23f1f32911ee32940b55ef64124932003460fbc1943067350,720,405,false,,exclude_not_speed_bump_source_label,not used for the speed-bump supporting-class task
crack::frame357_jpg.rf.e4f15438b9d44c5de0c5ab4003cfe0ea.jpg,crack,data/raw/v2/kaggle_speed_bump/Dataset/Data/crack/frame357_jpg.rf.e4f15438b9d44c5de0c5ab4003cfe0ea.jpg,4006d72c9294a8f812b8e169986fd0af9298efb6205f2f29bf1d23d292cb8596,720,405,false,,exclude_not_speed_bump_source_label,not used for the speed-bump supporting-class task
crack::frame361_jpg.rf.dc0b4500491847a2e39b906d8d19959a.jpg,crack,data/raw/v2/kaggle_speed_bump/Dataset/Data/crack/frame361_jpg.rf.dc0b4500491847a2e39b906d8d19959a.jpg,ec8f75a9277d5695ab98178f2b4b804d62cb452c09acec93605098efd2900ad0,720,405,false,,exclude_not_speed_bump_source_label,not used for the speed-bump supporting-class task
crack::frame361_jpg.rf.f8d3b649c0fb7456ea11af17a7015f3a.jpg,crack,data/raw/v2/kaggle_speed_bump/Dataset/Data/crack/frame361_jpg.rf.f8d3b649c0fb7456ea11af17a7015f3a.jpg,d890dd6c208a8cad0a0b9cccace8fa31fc73554bc1c86041bca6d274678f1a92,720,405,false,,exclude_not_speed_bump_source_label,not used for the speed-bump supporting-class task
crack::frame381_jpg.rf.17864f7a7eac67953a7d6d54ae8e51a5.jpg,crack,data/raw/v2/kaggle_speed_bump/Dataset/Data/crack/frame381_jpg.rf.17864f7a7eac67953a7d6d54ae8e51a5.jpg,1a557c47f31d9ff1c0053de960562250116c8d6f533398e5e52c30c889c0b4b6,720,405,false,,exclude_not_speed_bump_source_label,not used for the speed-bump supporting-class task
crack::frame381_jpg.rf.ed5b83ed7a96c53989863844f560ae2a.jpg,crack,data/raw/v2/kaggle_speed_bump/Dataset/Data/crack/frame381_jpg.rf.ed5b83ed7a96c53989863844f560ae2a.jpg,c1073cc397b64bfc4cf19f241ce835fdf6f325fea3dda144b607f46a1e6ac18c,720,405,false,,exclude_not_speed_bump_source_label,not used for the speed-bump supporting-class task
crack::frame427_jpg.rf.5a4159fa0f3e9e9804df1ed0520d2583.jpg,crack,data/raw/v2/kaggle_speed_bump/Dataset/Data/crack/frame427_jpg.rf.5a4159fa0f3e9e9804df1ed0520d2583.jpg,ff2269cda6c483990b443d24512b7529ebc8f2eaec4742fc218490c74535af3b,720,405,false,,exclude_not_speed_bump_source_label,not used for the speed-bump supporting-class task
crack::frame427_jpg.rf.81a417e022eb22c4159ad944f13fce4f.jpg,crack,data/raw/v2/kaggle_speed_bump/Dataset/Data/crack/frame427_jpg.rf.81a417e022eb22c4159ad944f13fce4f.jpg,4b1b00525a1acbf2a57e2a7083ddc53efb7abf91fec4e824b7a4188ee564b844,720,405,false,,exclude_not_speed_bump_source_label,not used for the speed-bump supporting-class task
crack::frame434_jpg.rf.007e1708a837fc39d465bf6686060420.jpg,crack,data/raw/v2/kaggle_speed_bump/Dataset/Data/crack/frame434_jpg.rf.007e1708a837fc39d465bf6686060420.jpg,5d203c0c9086c0d1c9c8f8bdb6ce418034ae0da22b3615cb808a57c756003707,720,405,false,,exclude_not_speed_bump_source_label,not used for the speed-bump supporting-class task
crack::frame434_jpg.rf.1a5c470249fa389bdafca3ecbcf52e9e.jpg,crack,data/raw/v2/kaggle_speed_bump/Dataset/Data/crack/frame434_jpg.rf.1a5c470249fa389bdafca3ecbcf52e9e.jpg,2257f6d9d449b5a8c5e808395321fd589ad5866cdf6ce2e090411f3344079e7e,720,405,false,,exclude_not_speed_bump_source_label,not used for the speed-bump supporting-class task
crack::frame454_jpg.rf.4ea7cbb48fca9a462ba95d0f67d361f9.jpg,crack,data/raw/v2/kaggle_speed_bump/Dataset/Data/crack/frame454_jpg.rf.4ea7cbb48fca9a462ba95d0f67d361f9.jpg,fff9e398aa1634d7733179d2ba2c6121de23b985134329ac1f278e4f66fb60a4,720,405,false,,exclude_not_speed_bump_source_label,not used for the speed-bump supporting-class task
crack::frame454_jpg.rf.e546b084a61d98c382cdee8768d91798.jpg,crack,data/raw/v2/kaggle_speed_bump/Dataset/Data/crack/frame454_jpg.rf.e546b084a61d98c382cdee8768d91798.jpg,1d7e4190a884cd8abf4f1573a2a48fe1a9be3cfad7635102c9ecb2e7e0c03bf6,720,405,false,,exclude_not_speed_bump_source_label,not used for the speed-bump supporting-class task
crack::frame485_jpg.rf.6eff3997f30dd0598458d3c746375622.jpg,crack,data/raw/v2/kaggle_speed_bump/Dataset/Data/crack/frame485_jpg.rf.6eff3997f30dd0598458d3c746375622.jpg,a2c78485ea0d8b52d4eb868ca6803479d280d2ea71c5b0e06ec1952ef824e71d,720,405,false,,exclude_not_speed_bump_source_label,not used for the speed-bump supporting-class task
crack::frame485_jpg.rf.efdb86e720674976e3767dc4c4bc712c.jpg,crack,data/raw/v2/kaggle_speed_bump/Dataset/Data/crack/frame485_jpg.rf.efdb86e720674976e3767dc4c4bc712c.jpg,1c811048d7bc9ba23e0e43fec0f2892105384b0b103c51b0f7c445ebff63264c,720,405,false,,exclude_not_speed_bump_source_label,not used for the speed-bump supporting-class task
crack::frame508_jpg.rf.a8da5caf8bb97a0aeff19153ad34b8fe.jpg,crack,data/raw/v2/kaggle_speed_bump/Dataset/Data/crack/frame508_jpg.rf.a8da5caf8bb97a0aeff19153ad34b8fe.jpg,f9757a03d6e92d5164c50c3aa9ee2b27446c33c583f4cbcf5b22df2cd21b42df,720,405,false,,exclude_not_speed_bump_source_label,not used for the speed-bump supporting-class task
crack::frame508_jpg.rf.bfcd9729f26be72f18e7e894154fd392.jpg,crack,data/raw/v2/kaggle_speed_bump/Dataset/Data/crack/frame508_jpg.rf.bfcd9729f26be72f18e7e894154fd392.jpg,72f1b2f3bcb9391c9b8aebfcb1ee29e802d8d829563780d7bc5b1298730f6760,720,405,false,,exclude_not_speed_bump_source_label,not used for the speed-bump supporting-class task
crack::frame529_jpg.rf.3c8195deb691c76fde61378bf034bc0a.jpg,crack,data/raw/v2/kaggle_speed_bump/Dataset/Data/crack/frame529_jpg.rf.3c8195deb691c76fde61378bf034bc0a.jpg,5db0796efccd4f8d7b8affd8bd765f4ac4306c4e3f36b52d7dd38d87762aa57c,720,405,false,,exclude_not_speed_bump_source_label,not used for the speed-bump supporting-class task
crack::frame529_jpg.rf.46c911267b86d1217b0e6ba51e6c2fe9.jpg,crack,data/raw/v2/kaggle_speed_bump/Dataset/Data/crack/frame529_jpg.rf.46c911267b86d1217b0e6ba51e6c2fe9.jpg,e674537a42d7a7169e605173bac3ee1c49d30d5263b916e60d5c2876766e38f6,720,405,false,,exclude_not_speed_bump_source_label,not used for the speed-bump supporting-class task
crack::frame529_jpg.rf.daeb3a77f380d1b8189f988f793dacb0.jpg,crack,data/raw/v2/kaggle_speed_bump/Dataset/Data/crack/frame529_jpg.rf.daeb3a77f380d1b8189f988f793dacb0.jpg,90a706ce112450097e6eaf5ea01a16cc92d709dab4f81b324394b0f8e13d32ca,720,405,false,,exclude_not_speed_bump_source_label,not used for the speed-bump supporting-class task
crack::frame531_jpg.rf.a891dbe46ec8a9daa46f99089dfbf9bf.jpg,crack,data/raw/v2/kaggle_speed_bump/Dataset/Data/crack/frame531_jpg.rf.a891dbe46ec8a9daa46f99089dfbf9bf.jpg,89928bf792c95ba5d19add56933f3729823bf72b8be5da9bcda48e3145ae62cc,720,405,false,,exclude_not_speed_bump_source_label,not used for the speed-bump supporting-class task
crack::frame531_jpg.rf.b7c16fff28b3f1d5693f64eab2cc30a2.jpg,crack,data/raw/v2/kaggle_speed_bump/Dataset/Data/crack/frame531_jpg.rf.b7c16fff28b3f1d5693f64eab2cc30a2.jpg,c11973550363fd1a6f6a3778a503f50143874610df24aa44c6ec207fb777ea0f,720,405,false,,exclude_not_speed_bump_source_label,not used for the speed-bump supporting-class task
crack::frame548_jpg.rf.0abd180fd9181a6f7e476d281a3ebecd.jpg,crack,data/raw/v2/kaggle_speed_bump/Dataset/Data/crack/frame548_jpg.rf.0abd180fd9181a6f7e476d281a3ebecd.jpg,cdda941d1ecf43f5c24f9ad8b4a1668e2128d7206fbddc467710a958a98c291f,720,405,false,,exclude_not_speed_bump_source_label,not used for the speed-bump supporting-class task
crack::frame622_jpg.rf.005c36c7f82100f10a018201780c9a79.jpg,crack,data/raw/v2/kaggle_speed_bump/Dataset/Data/crack/frame622_jpg.rf.005c36c7f82100f10a018201780c9a79.jpg,a9ffd9748b4ae6cf6ff0ff5a086740ca5c10f6893acac503d2a5f86552b3f009,720,405,false,,exclude_not_speed_bump_source_label,not used for the speed-bump supporting-class task
crack::frame630_jpg.rf.50bddf977bd24788e983cc49effd701c.jpg,crack,data/raw/v2/kaggle_speed_bump/Dataset/Data/crack/frame630_jpg.rf.50bddf977bd24788e983cc49effd701c.jpg,b3b2a2edc84bf440832c427a4f2474e6fe7eb78c6dbf2de5329fba5229f9d8d1,720,405,false,,exclude_not_speed_bump_source_label,not used for the speed-bump supporting-class task
crack::frame630_jpg.rf.77e142d834eeb773bacd86e69811c427.jpg,crack,data/raw/v2/kaggle_speed_bump/Dataset/Data/crack/frame630_jpg.rf.77e142d834eeb773bacd86e69811c427.jpg,d91ab6369f325ffe204119bb0d3c42eb9cf8c3aac0c650a1b18372a8e843518e,720,405,false,,exclude_not_speed_bump_source_label,not used for the speed-bump supporting-class task
crack::frame630_jpg.rf.815c0e2e276a16e9d206997466bc389e.jpg,crack,data/raw/v2/kaggle_speed_bump/Dataset/Data/crack/frame630_jpg.rf.815c0e2e276a16e9d206997466bc389e.jpg,362802211415b88030e9ceacde675dd4f36d79aa013b0c3c2460d08c2862efac,720,405,false,,exclude_not_speed_bump_source_label,not used for the speed-bump supporting-class task
crack::frame631_jpg.rf.6d798b982b5373dda4174455cd918933.jpg,crack,data/raw/v2/kaggle_speed_bump/Dataset/Data/crack/frame631_jpg.rf.6d798b982b5373dda4174455cd918933.jpg,8d12c42bdde6ba31745facf78f03f8a121267c7b4d958616792fd0950137af9d,720,405,false,,exclude_not_speed_bump_source_label,not used for the speed-bump supporting-class task
crack::frame631_jpg.rf.c426bfb4df3251adbcffb4d4419a3c3c.jpg,crack,data/raw/v2/kaggle_speed_bump/Dataset/Data/crack/frame631_jpg.rf.c426bfb4df3251adbcffb4d4419a3c3c.jpg,21226cea6c8b6876ca40bec875cc60e7b84dadeb10241118e0569fd03310facd,720,405,false,,exclude_not_speed_bump_source_label,not used for the speed-bump supporting-class task
crack::frame633_jpg.rf.1ea0a0f52152c25a25215469ec700a20.jpg,crack,data/raw/v2/kaggle_speed_bump/Dataset/Data/crack/frame633_jpg.rf.1ea0a0f52152c25a25215469ec700a20.jpg,4def6e1505d098b133f6c69f02f4946cee8b462bbecf70bb3c9a26547e002d89,720,405,false,,exclude_not_speed_bump_source_label,not used for the speed-bump supporting-class task
crack::frame633_jpg.rf.3567b0dea8e6dc543a6401160e141ec8.jpg,crack,data/raw/v2/kaggle_speed_bump/Dataset/Data/crack/frame633_jpg.rf.3567b0dea8e6dc543a6401160e141ec8.jpg,415907c2ac117813b67edcb636c04953caf51be8e5cd8da39dfad412aaabb1f2,720,405,false,,exclude_not_speed_bump_source_label,not used for the speed-bump supporting-class task
crack::frame633_jpg.rf.c3d7a2ed14a60a75089ff462498549d2.jpg,crack,data/raw/v2/kaggle_speed_bump/Dataset/Data/crack/frame633_jpg.rf.c3d7a2ed14a60a75089ff462498549d2.jpg,2b4d18cc91602af2b59cc28e309914fbe48039fdeb4780d2ece42b8e543ed54c,720,405,false,,exclude_not_speed_bump_source_label,not used for the speed-bump supporting-class task
crack::frame634_jpg.rf.bdbc663a945ec6bf7f50bbc7400a1f66.jpg,crack,data/raw/v2/kaggle_speed_bump/Dataset/Data/crack/frame634_jpg.rf.bdbc663a945ec6bf7f50bbc7400a1f66.jpg,88eb6c05807f6037f4f6a8c91e47ed309ca31a8c32256e0184c0a364733d526c,720,405,false,,exclude_not_speed_bump_source_label,not used for the speed-bump supporting-class task
crack::frame634_jpg.rf.c52804e5171e82d1f425b6d50af1fd8a.jpg,crack,data/raw/v2/kaggle_speed_bump/Dataset/Data/crack/frame634_jpg.rf.c52804e5171e82d1f425b6d50af1fd8a.jpg,8fe033b91d42ccd2beb6fa0c9dff041ece1a0a00be21e605528dfa0c9cf20b66,720,405,false,,exclude_not_speed_bump_source_label,not used for the speed-bump supporting-class task
crack::frame635_jpg.rf.19819e2ea53a05f1de2b85a8e66b1f6e.jpg,crack,data/raw/v2/kaggle_speed_bump/Dataset/Data/crack/frame635_jpg.rf.19819e2ea53a05f1de2b85a8e66b1f6e.jpg,4f591f870519060c2eb0f05a692f4d1af2b1a807116961bd5c687c1c502b896c,720,405,false,exact_duplicate_020,exclude_not_speed_bump_source_label,not used for the speed-bump supporting-class task
crack::frame635_jpg.rf.6253893c44dd3327fc43963262f7626b.jpg,crack,data/raw/v2/kaggle_speed_bump/Dataset/Data/crack/frame635_jpg.rf.6253893c44dd3327fc43963262f7626b.jpg,69907137a2ed9e24aaa23f3236ed9b5da89b3523f00bfe1f37103cd6a32e17ba,720,405,false,,exclude_not_speed_bump_source_label,not used for the speed-bump supporting-class task
crack::frame635_jpg.rf.755faaff851548ffa8373467a12cf58c.jpg,crack,data/raw/v2/kaggle_speed_bump/Dataset/Data/crack/frame635_jpg.rf.755faaff851548ffa8373467a12cf58c.jpg,4f591f870519060c2eb0f05a692f4d1af2b1a807116961bd5c687c1c502b896c,720,405,false,exact_duplicate_020,exclude_not_speed_bump_source_label,not used for the speed-bump supporting-class task
crack::frame635_jpg.rf.b1b3db81678053d9b428551333ff1f55.jpg,crack,data/raw/v2/kaggle_speed_bump/Dataset/Data/crack/frame635_jpg.rf.b1b3db81678053d9b428551333ff1f55.jpg,1c596ca81ae146a54d59822e3f09fe512611cce99579194d08a1a2bf60a23250,720,405,false,,exclude_not_speed_bump_source_label,not used for the speed-bump supporting-class task
crack::frame636_jpg.rf.1adc1361b45e2b1c8f0e2961fe63ad24.jpg,crack,data/raw/v2/kaggle_speed_bump/Dataset/Data/crack/frame636_jpg.rf.1adc1361b45e2b1c8f0e2961fe63ad24.jpg,a84b4a6a2f928c538145020e6ce1e47c30008c37204df1dea41dabbafea43219,720,405,false,,exclude_not_speed_bump_source_label,not used for the speed-bump supporting-class task
crack::frame636_jpg.rf.35f2ccc939caebbffc4e03396abda773.jpg,crack,data/raw/v2/kaggle_speed_bump/Dataset/Data/crack/frame636_jpg.rf.35f2ccc939caebbffc4e03396abda773.jpg,4a88f396827e316a9a1631b279e105eb6624235731f2bdd31c53a8fcb7fc8457,720,405,false,,exclude_not_speed_bump_source_label,not used for the speed-bump supporting-class task
crack::frame636_jpg.rf.78f2d988d74ac60dc11d210f3b3cdf88.jpg,crack,data/raw/v2/kaggle_speed_bump/Dataset/Data/crack/frame636_jpg.rf.78f2d988d74ac60dc11d210f3b3cdf88.jpg,633b4006d2d85a3fa96a53da1d31371ea7ec3cc33781c8e955c6d2d4be37b3ec,720,405,false,,exclude_not_speed_bump_source_label,not used for the speed-bump supporting-class task
crack::frame637_jpg.rf.551863d59e70560a21ef301148ad6524.jpg,crack,data/raw/v2/kaggle_speed_bump/Dataset/Data/crack/frame637_jpg.rf.551863d59e70560a21ef301148ad6524.jpg,0f0ee6b595ab3637d1b7eb96a32f70318c1606614dd72dbc6332a751b0e16b1f,720,405,false,,exclude_not_speed_bump_source_label,not used for the speed-bump supporting-class task
crack::frame637_jpg.rf.749f44369e4b6f545fa9382fbd8c2c02.jpg,crack,data/raw/v2/kaggle_speed_bump/Dataset/Data/crack/frame637_jpg.rf.749f44369e4b6f545fa9382fbd8c2c02.jpg,8ce4f91d53390a3638c857e1fecbd8a34d7ad6bee7d3fea1453cc791e59aa675,720,405,false,,exclude_not_speed_bump_source_label,not used for the speed-bump supporting-class task
crack::frame637_jpg.rf.8a764a1fad06f71ff9b79fe408b25929.jpg,crack,data/raw/v2/kaggle_speed_bump/Dataset/Data/crack/frame637_jpg.rf.8a764a1fad06f71ff9b79fe408b25929.jpg,9b4de4cda794ba70488b4653c0088d83aada46ac0944a80dc4f132dd68470229,720,405,false,,exclude_not_speed_bump_source_label,not used for the speed-bump supporting-class task
crack::frame637_jpg.rf.a01a5f92dfd5de4af543f1579738c8a8.jpg,crack,data/raw/v2/kaggle_speed_bump/Dataset/Data/crack/frame637_jpg.rf.a01a5f92dfd5de4af543f1579738c8a8.jpg,583d9697b7adb5be7c343c195ab7be1205dbc2ea0d358f488269ea0b87bc9c6e,720,405,false,,exclude_not_speed_bump_source_label,not used for the speed-bump supporting-class task
crack::frame637_jpg.rf.c8b3359b6885614b37f85ffb0e8cc657.jpg,crack,data/raw/v2/kaggle_speed_bump/Dataset/Data/crack/frame637_jpg.rf.c8b3359b6885614b37f85ffb0e8cc657.jpg,42cc2a36ee3769b26afea0cc6e5850dbb523bd7dcb6951945cc061bb145588bf,720,405,false,,exclude_not_speed_bump_source_label,not used for the speed-bump supporting-class task
crack::frame637_jpg.rf.f2c2fe6862011c2a537b7a7546eb0603.jpg,crack,data/raw/v2/kaggle_speed_bump/Dataset/Data/crack/frame637_jpg.rf.f2c2fe6862011c2a537b7a7546eb0603.jpg,8438a02c755f30c7e99194980061138f3022a4855f1e7bff02a533730e0efed6,720,405,false,,exclude_not_speed_bump_source_label,not used for the speed-bump supporting-class task
crack::frame638_jpg.rf.00dc24644dfbdecd433ad2323c4210cb.jpg,crack,data/raw/v2/kaggle_speed_bump/Dataset/Data/crack/frame638_jpg.rf.00dc24644dfbdecd433ad2323c4210cb.jpg,7267b1e8db919ef5867a2e10cf993c64db1995fdc8695512bb0012a37b4a4e47,720,405,false,,exclude_not_speed_bump_source_label,not used for the speed-bump supporting-class task
crack::frame638_jpg.rf.21fdcba28e6c26c72567ba2560a0dff9.jpg,crack,data/raw/v2/kaggle_speed_bump/Dataset/Data/crack/frame638_jpg.rf.21fdcba28e6c26c72567ba2560a0dff9.jpg,65b11d8ff6d16188756e3392a7be11498cc68383fbc1d54b8065dad9c24eb396,720,405,false,,exclude_not_speed_bump_source_label,not used for the speed-bump supporting-class task
crack::frame638_jpg.rf.8d3dbeebf7e3c9c3f7926e5fbcfd1487.jpg,crack,data/raw/v2/kaggle_speed_bump/Dataset/Data/crack/frame638_jpg.rf.8d3dbeebf7e3c9c3f7926e5fbcfd1487.jpg,de836f2a67642a40dbf8f253f269aaa69f9636ce0aff105cbceeca5e5ebb5e89,720,405,false,,exclude_not_speed_bump_source_label,not used for the speed-bump supporting-class task
crack::frame640_jpg.rf.184a5052eed700ceca4c719b31f10315.jpg,crack,data/raw/v2/kaggle_speed_bump/Dataset/Data/crack/frame640_jpg.rf.184a5052eed700ceca4c719b31f10315.jpg,b07506654334db130670787ef58c267504d9ccdba39c030d60bcf3db4f6b1b0f,720,405,false,,exclude_not_speed_bump_source_label,not used for the speed-bump supporting-class task
crack::frame640_jpg.rf.58b8f81f42e41eb55a50b2a72a653354.jpg,crack,data/raw/v2/kaggle_speed_bump/Dataset/Data/crack/frame640_jpg.rf.58b8f81f42e41eb55a50b2a72a653354.jpg,b375a15e16307e4f846f340ed7d2017fd15edf2ce94edf7780d25017bc4430fa,720,405,false,,exclude_not_speed_bump_source_label,not used for the speed-bump supporting-class task
crack::frame640_jpg.rf.ac0b6ae4c604e733cd1f185f83dc8ab3.jpg,crack,data/raw/v2/kaggle_speed_bump/Dataset/Data/crack/frame640_jpg.rf.ac0b6ae4c604e733cd1f185f83dc8ab3.jpg,b46bfcf3390fdb08a37cf9071ae4fa799c399259075420ff679abb99a0d63b93,720,405,false,,exclude_not_speed_bump_source_label,not used for the speed-bump supporting-class task
crack::frame640_jpg.rf.b5ba94169659f6e7e6679c2d0f0e9606.jpg,crack,data/raw/v2/kaggle_speed_bump/Dataset/Data/crack/frame640_jpg.rf.b5ba94169659f6e7e6679c2d0f0e9606.jpg,1ab2bb8d7daa0d404435d4888d58ce1cb85c3bbaaf84c790cdc214737ddee99e,720,405,false,,exclude_not_speed_bump_source_label,not used for the speed-bump supporting-class task
crack::frame640_jpg.rf.f4e325389de8ffc162681bb05c6ca1d1.jpg,crack,data/raw/v2/kaggle_speed_bump/Dataset/Data/crack/frame640_jpg.rf.f4e325389de8ffc162681bb05c6ca1d1.jpg,da6249e018ce201e9b932e6c72253c50f7ab267a56d603f043c884c17b71a6b7,720,405,false,,exclude_not_speed_bump_source_label,not used for the speed-bump supporting-class task
crack::frame642_jpg.rf.cf6621ebfe63dcf14a1a15197562f9d2.jpg,crack,data/raw/v2/kaggle_speed_bump/Dataset/Data/crack/frame642_jpg.rf.cf6621ebfe63dcf14a1a15197562f9d2.jpg,55c47591426b25ed1b9638f0413a9ee10cd486386db656be473b90d13ae68a4f,720,405,false,,exclude_not_speed_bump_source_label,not used for the speed-bump supporting-class task
crack::frame642_jpg.rf.e1d838e5385a9cf0c5160122077c5576.jpg,crack,data/raw/v2/kaggle_speed_bump/Dataset/Data/crack/frame642_jpg.rf.e1d838e5385a9cf0c5160122077c5576.jpg,0446668682e6657661f766b4b41bee5c7bd7343f8095f1f7a05aec364d5b0d6e,720,405,false,,exclude_not_speed_bump_source_label,not used for the speed-bump supporting-class task
crack::frame643_jpg.rf.47a58a6d0c0b384161ff7ed28bbbc75c.jpg,crack,data/raw/v2/kaggle_speed_bump/Dataset/Data/crack/frame643_jpg.rf.47a58a6d0c0b384161ff7ed28bbbc75c.jpg,cf005eed92db618fa818a4146ad044e16cde18571a5c3be61c77fa942200641f,720,405,false,,exclude_not_speed_bump_source_label,not used for the speed-bump supporting-class task
crack::frame643_jpg.rf.b559716d8b15cd7ee5ed30784e65c03c.jpg,crack,data/raw/v2/kaggle_speed_bump/Dataset/Data/crack/frame643_jpg.rf.b559716d8b15cd7ee5ed30784e65c03c.jpg,9a2a426f0d8f3050d6a196f89af5e5ed3265fc11118ad19d4fe582f3dec68ecb,720,405,false,,exclude_not_speed_bump_source_label,not used for the speed-bump supporting-class task
crack::frame644_jpg.rf.55bd2a7489bebd63c42c4b0c8f28a375.jpg,crack,data/raw/v2/kaggle_speed_bump/Dataset/Data/crack/frame644_jpg.rf.55bd2a7489bebd63c42c4b0c8f28a375.jpg,89b1d5856fdcd839a639c09ba7a61d2dab50fda88a4db9abd4efac465c0d7a73,720,405,false,,exclude_not_speed_bump_source_label,not used for the speed-bump supporting-class task
crack::frame644_jpg.rf.7291f0311013882ce5da7b85f2151854.jpg,crack,data/raw/v2/kaggle_speed_bump/Dataset/Data/crack/frame644_jpg.rf.7291f0311013882ce5da7b85f2151854.jpg,5be4521c0a1363f26ccf99671a44b4beb9a32ce542b8042a64fa3dc63d369e7b,720,405,false,,exclude_not_speed_bump_source_label,not used for the speed-bump supporting-class task
crack::frame646_jpg.rf.7e01cad10db9ae89a660d61b482baf08.jpg,crack,data/raw/v2/kaggle_speed_bump/Dataset/Data/crack/frame646_jpg.rf.7e01cad10db9ae89a660d61b482baf08.jpg,1fc8acf0e4192b4dc4f037193a81e14d36aeafba6958b68b2e9934dd6c022ac6,720,405,false,,exclude_not_speed_bump_source_label,not used for the speed-bump supporting-class task
crack::frame646_jpg.rf.bb0b43192e6b85b8924f86cc2665f4bd.jpg,crack,data/raw/v2/kaggle_speed_bump/Dataset/Data/crack/frame646_jpg.rf.bb0b43192e6b85b8924f86cc2665f4bd.jpg,245ad9aac25421abe25395009cd5f441f5b50362396d7ee8c1d662030a299708,720,405,false,,exclude_not_speed_bump_source_label,not used for the speed-bump supporting-class task
crack::frame647_jpg.rf.281689ceb2e6933dc5d1b78f48377c5d.jpg,crack,data/raw/v2/kaggle_speed_bump/Dataset/Data/crack/frame647_jpg.rf.281689ceb2e6933dc5d1b78f48377c5d.jpg,7813785e8882b179797b5eda7fbd798483d7560a6dc9af41ee153ae4db1104cc,720,405,false,,exclude_not_speed_bump_source_label,not used for the speed-bump supporting-class task
crack::frame647_jpg.rf.3e8de3f92c804d971ec65d2441c2306a.jpg,crack,data/raw/v2/kaggle_speed_bump/Dataset/Data/crack/frame647_jpg.rf.3e8de3f92c804d971ec65d2441c2306a.jpg,c9e7878dc4fa608b9e5494317474419886c92e539a06e06e7fe4e334e2b39ff2,720,405,false,,exclude_not_speed_bump_source_label,not used for the speed-bump supporting-class task
crack::frame647_jpg.rf.80abaae9a2ed30d5429012fa91bddce9.jpg,crack,data/raw/v2/kaggle_speed_bump/Dataset/Data/crack/frame647_jpg.rf.80abaae9a2ed30d5429012fa91bddce9.jpg,adbf072e1eea9787c29bb32c5d9d08fa56b1529c4e82399457bedf5b93661bae,720,405,false,,exclude_not_speed_bump_source_label,not used for the speed-bump supporting-class task
crack::frame647_jpg.rf.d38f8f93d6b56e49e8d5aab3c94aec55.jpg,crack,data/raw/v2/kaggle_speed_bump/Dataset/Data/crack/frame647_jpg.rf.d38f8f93d6b56e49e8d5aab3c94aec55.jpg,025ef6641977290ab08b63c54ecead12f681db857056e0b9367bd3215fb1a14a,720,405,false,,exclude_not_speed_bump_source_label,not used for the speed-bump supporting-class task
crack::frame648_jpg.rf.e050288545d6dfc7d29641c0a08d94f8.jpg,crack,data/raw/v2/kaggle_speed_bump/Dataset/Data/crack/frame648_jpg.rf.e050288545d6dfc7d29641c0a08d94f8.jpg,0ddcee6d24d9bf061fd295f6b6d5bbeef8bb649c34e5605cf0ea6e25677b49ee,720,405,false,,exclude_not_speed_bump_source_label,not used for the speed-bump supporting-class task
crack::frame648_jpg.rf.fc1c1054444ef06e11ee3e1f34cdbd59.jpg,crack,data/raw/v2/kaggle_speed_bump/Dataset/Data/crack/frame648_jpg.rf.fc1c1054444ef06e11ee3e1f34cdbd59.jpg,1e3f4eb88d2f13dccd745b680dbdeaa935cbe8ba0aa5ee75d8600af026c1afd4,720,405,false,,exclude_not_speed_bump_source_label,not used for the speed-bump supporting-class task
crack::frame650_jpg.rf.771b06db8b9d08aecf12b7806c836056.jpg,crack,data/raw/v2/kaggle_speed_bump/Dataset/Data/crack/frame650_jpg.rf.771b06db8b9d08aecf12b7806c836056.jpg,ccab9feb7a4e7dd111495f5757d5334b13e3c2db30e92ae329cefa36a07950da,720,405,false,,exclude_not_speed_bump_source_label,not used for the speed-bump supporting-class task
crack::frame650_jpg.rf.84f52a9668411e1fe3240be9e45d54aa.jpg,crack,data/raw/v2/kaggle_speed_bump/Dataset/Data/crack/frame650_jpg.rf.84f52a9668411e1fe3240be9e45d54aa.jpg,8e09cdd96acf0200a5da096980baf56aafcceb72d79c2a87090410a614426c48,720,405,false,,exclude_not_speed_bump_source_label,not used for the speed-bump supporting-class task
crack::frame650_jpg.rf.f91fc1eb20fd7d0db380ad522e6689be.jpg,crack,data/raw/v2/kaggle_speed_bump/Dataset/Data/crack/frame650_jpg.rf.f91fc1eb20fd7d0db380ad522e6689be.jpg,80f5e61e3755a18e0216086e47c51b7fffa892ae855554907f24b7eb045626e1,720,405,false,,exclude_not_speed_bump_source_label,not used for the speed-bump supporting-class task
crack::frame651_jpg.rf.2c7b45cd7f73f75f8af6b0cafb57180a.jpg,crack,data/raw/v2/kaggle_speed_bump/Dataset/Data/crack/frame651_jpg.rf.2c7b45cd7f73f75f8af6b0cafb57180a.jpg,8731fd5c88d369aa6978ab116dca0ab8e1b68df7c5aaf377fe24b73d5caf3bc0,720,405,false,,exclude_not_speed_bump_source_label,not used for the speed-bump supporting-class task
crack::frame651_jpg.rf.80a5efc76caf5ccd35c1831cd6e0a478.jpg,crack,data/raw/v2/kaggle_speed_bump/Dataset/Data/crack/frame651_jpg.rf.80a5efc76caf5ccd35c1831cd6e0a478.jpg,1c545d6e59f1c85736b2f97d3a0c3ce39366ba40c36473e68746c26d925ff0b6,720,405,false,,exclude_not_speed_bump_source_label,not used for the speed-bump supporting-class task
crack::frame651_jpg.rf.95548ddcffa26530a85a7448bd5064d7.jpg,crack,data/raw/v2/kaggle_speed_bump/Dataset/Data/crack/frame651_jpg.rf.95548ddcffa26530a85a7448bd5064d7.jpg,2e4ba9f2826f372b3af8b8acdcc44c3c0c4917290b3e0d46f9c1c4a834f45283,720,405,false,,exclude_not_speed_bump_source_label,not used for the speed-bump supporting-class task
crack::frame653_jpg.rf.4bce840073d03e5243902e73255eacbb.jpg,crack,data/raw/v2/kaggle_speed_bump/Dataset/Data/crack/frame653_jpg.rf.4bce840073d03e5243902e73255eacbb.jpg,2d1c7dd822c9ecb6789dd150d2ccb399bd335eee057bd6f2b09a4c7b2f465300,720,405,false,,exclude_not_speed_bump_source_label,not used for the speed-bump supporting-class task
crack::frame653_jpg.rf.6dce98d8e9496b043ec5674e5758b566.jpg,crack,data/raw/v2/kaggle_speed_bump/Dataset/Data/crack/frame653_jpg.rf.6dce98d8e9496b043ec5674e5758b566.jpg,4c587746e1d61bb250ba3f0f50ab61ad7ac2f111d0787bb08d53732482d654a9,720,405,false,,exclude_not_speed_bump_source_label,not used for the speed-bump supporting-class task
crack::frame653_jpg.rf.9b1de5c894b718a156baadd7449dc62f.jpg,crack,data/raw/v2/kaggle_speed_bump/Dataset/Data/crack/frame653_jpg.rf.9b1de5c894b718a156baadd7449dc62f.jpg,c49c18ea341850f4fa9d3ffc79bdaf73aae4460a1b445ba78765f7ba53f399d2,720,405,false,,exclude_not_speed_bump_source_label,not used for the speed-bump supporting-class task
crack::frame654_jpg.rf.8eb6cfb7043fd63e892e2f8691c9c03a.jpg,crack,data/raw/v2/kaggle_speed_bump/Dataset/Data/crack/frame654_jpg.rf.8eb6cfb7043fd63e892e2f8691c9c03a.jpg,fe16f572d4b0f6de4c9163c72efe81cf04068f35983074fdaf12e6f2ff20b6df,720,405,false,,exclude_not_speed_bump_source_label,not used for the speed-bump supporting-class task
crack::frame654_jpg.rf.bffdd52e7e727c27d4296e7664bf23a3.jpg,crack,data/raw/v2/kaggle_speed_bump/Dataset/Data/crack/frame654_jpg.rf.bffdd52e7e727c27d4296e7664bf23a3.jpg,33c56bffd0edf314468910d99ed43f9a144d1c265b7103030648a9925fb96e13,720,405,false,,exclude_not_speed_bump_source_label,not used for the speed-bump supporting-class task
crack::frame654_jpg.rf.d8dc4ef3c7de9e9100a7d92ef206a380.jpg,crack,data/raw/v2/kaggle_speed_bump/Dataset/Data/crack/frame654_jpg.rf.d8dc4ef3c7de9e9100a7d92ef206a380.jpg,1556aed4078c514af7500be24558462c52eb2779213c151f008ab6cf0bfb5a22,720,405,false,,exclude_not_speed_bump_source_label,not used for the speed-bump supporting-class task
crack::frame655_jpg.rf.946d4f2fa6f36fe675ae3078ccc935b3.jpg,crack,data/raw/v2/kaggle_speed_bump/Dataset/Data/crack/frame655_jpg.rf.946d4f2fa6f36fe675ae3078ccc935b3.jpg,c8330e01d88b62110b6e430a86ac88f713805e7b025badcb5524c4068afdf078,720,405,false,,exclude_not_speed_bump_source_label,not used for the speed-bump supporting-class task
crack::frame655_jpg.rf.94f19c26fd48e4bb4bcab32f90f8ef7a.jpg,crack,data/raw/v2/kaggle_speed_bump/Dataset/Data/crack/frame655_jpg.rf.94f19c26fd48e4bb4bcab32f90f8ef7a.jpg,c04ff756802bdc2e56a1cd67c2ba0ff2530dffb7dc92cf6df6a5cf4a0562047f,720,405,false,,exclude_not_speed_bump_source_label,not used for the speed-bump supporting-class task
crack::frame655_jpg.rf.a2c31d4e6cf9e293b74f91e26a427341.jpg,crack,data/raw/v2/kaggle_speed_bump/Dataset/Data/crack/frame655_jpg.rf.a2c31d4e6cf9e293b74f91e26a427341.jpg,bfeadcfd572fd2f2cc69b52aa5dc24a9238fc5075d09d7b1794422bba5e0c4c4,720,405,false,,exclude_not_speed_bump_source_label,not used for the speed-bump supporting-class task
crack::frame656_jpg.rf.0c78305a0c5769cf6d3a2fbe9630753c.jpg,crack,data/raw/v2/kaggle_speed_bump/Dataset/Data/crack/frame656_jpg.rf.0c78305a0c5769cf6d3a2fbe9630753c.jpg,14d4e2541200a0f5fadae8f7d2dc4b291fdfca6491f5584eccfd88d71ea5a9ee,720,405,false,,exclude_not_speed_bump_source_label,not used for the speed-bump supporting-class task
crack::frame656_jpg.rf.69eb901b2926e30214b6dfe9e6995c8c.jpg,crack,data/raw/v2/kaggle_speed_bump/Dataset/Data/crack/frame656_jpg.rf.69eb901b2926e30214b6dfe9e6995c8c.jpg,adf95db6942a10ac5dd274f344031d11f85aaad261a5d47c94edc009e00d7231,720,405,false,,exclude_not_speed_bump_source_label,not used for the speed-bump supporting-class task
crack::frame657_jpg.rf.150c090ff375f33a9541b92ff59e9008.jpg,crack,data/raw/v2/kaggle_speed_bump/Dataset/Data/crack/frame657_jpg.rf.150c090ff375f33a9541b92ff59e9008.jpg,0edb08e2754ce55b90ffd61cc56192e7d2dc051a2e84e8a89e13bfbe1c66c076,720,405,false,,exclude_not_speed_bump_source_label,not used for the speed-bump supporting-class task
crack::frame657_jpg.rf.bdad27f5d6dc600eb5e3d02744db7e16.jpg,crack,data/raw/v2/kaggle_speed_bump/Dataset/Data/crack/frame657_jpg.rf.bdad27f5d6dc600eb5e3d02744db7e16.jpg,97c25b0c573cbbd4fa70733581cfb823bdd7237fac28fe13998bd45d912d14fc,720,405,false,,exclude_not_speed_bump_source_label,not used for the speed-bump supporting-class task
crack::frame658_jpg.rf.2c8755cb271e85573be291ed1b793105.jpg,crack,data/raw/v2/kaggle_speed_bump/Dataset/Data/crack/frame658_jpg.rf.2c8755cb271e85573be291ed1b793105.jpg,c0639245094723d5f4fe80c8ad765ebdf40331e8a84938e148c149458939e650,720,405,false,,exclude_not_speed_bump_source_label,not used for the speed-bump supporting-class task
crack::frame658_jpg.rf.a86852f4b55dcd9ca1e09f12cb85c785.jpg,crack,data/raw/v2/kaggle_speed_bump/Dataset/Data/crack/frame658_jpg.rf.a86852f4b55dcd9ca1e09f12cb85c785.jpg,0fb38b6d6251deb96d9f087008a7fa0df4d78f6ddfe0ce444e90804cca932e10,720,405,false,,exclude_not_speed_bump_source_label,not used for the speed-bump supporting-class task
crack::frame658_jpg.rf.e8b5b12b2a2f9b7625f6121826747fba.jpg,crack,data/raw/v2/kaggle_speed_bump/Dataset/Data/crack/frame658_jpg.rf.e8b5b12b2a2f9b7625f6121826747fba.jpg,e9c754792382fa1985de47a2a3c57086348880527590c9c79fb657273b60501a,720,405,false,,exclude_not_speed_bump_source_label,not used for the speed-bump supporting-class task
crack::frame659_jpg.rf.09e5743cd156c3a11aa809237335302b.jpg,crack,data/raw/v2/kaggle_speed_bump/Dataset/Data/crack/frame659_jpg.rf.09e5743cd156c3a11aa809237335302b.jpg,7a3e96d69dac5e26876a101fc21b65405ca98d1c09b49a2b10e382179cbb67a8,720,405,false,,exclude_not_speed_bump_source_label,not used for the speed-bump supporting-class task
crack::frame659_jpg.rf.bf33868372239e416a09053099dda265.jpg,crack,data/raw/v2/kaggle_speed_bump/Dataset/Data/crack/frame659_jpg.rf.bf33868372239e416a09053099dda265.jpg,f561b824022d77599823d605373ab9c61d4f80b223327d6e32168e251d385e09,720,405,false,,exclude_not_speed_bump_source_label,not used for the speed-bump supporting-class task
crack::frame661_jpg.rf.114dc8176f7bc7cce97b78133c904862.jpg,crack,data/raw/v2/kaggle_speed_bump/Dataset/Data/crack/frame661_jpg.rf.114dc8176f7bc7cce97b78133c904862.jpg,23c0ee9abb243aa4a602284fdff06b7d253b38774edc7a7a45463585f1e53c2f,720,405,false,,exclude_not_speed_bump_source_label,not used for the speed-bump supporting-class task
crack::frame661_jpg.rf.a924eaf767bc44d554a91546e29b46f9.jpg,crack,data/raw/v2/kaggle_speed_bump/Dataset/Data/crack/frame661_jpg.rf.a924eaf767bc44d554a91546e29b46f9.jpg,9ec7f7f2c43d1fb5b2fbab03dd924f78491385abcbc5b9c91f9662ea9395420a,720,405,false,,exclude_not_speed_bump_source_label,not used for the speed-bump supporting-class task
crack::frame661_jpg.rf.aa44f496d7ced3bff67b43dd799a0734.jpg,crack,data/raw/v2/kaggle_speed_bump/Dataset/Data/crack/frame661_jpg.rf.aa44f496d7ced3bff67b43dd799a0734.jpg,11e0c06da003b6c67510de333d2444fe25d8fa81be20ab6d54e6495f427592bb,720,405,false,,exclude_not_speed_bump_source_label,not used for the speed-bump supporting-class task
crack::frame662_jpg.rf.3ff75637c6885f05c0d6facbf11c322c.jpg,crack,data/raw/v2/kaggle_speed_bump/Dataset/Data/crack/frame662_jpg.rf.3ff75637c6885f05c0d6facbf11c322c.jpg,419cd7b5cb03296d0e378ddd4780ae1099f7757bde4b1903a8cf06d78a2085c1,720,405,false,,exclude_not_speed_bump_source_label,not used for the speed-bump supporting-class task
crack::frame662_jpg.rf.7e25f4b4c4f8ed1ee727ae5f4b2164c5.jpg,crack,data/raw/v2/kaggle_speed_bump/Dataset/Data/crack/frame662_jpg.rf.7e25f4b4c4f8ed1ee727ae5f4b2164c5.jpg,aa233a309bfdd7b2e07a61baea4a37faec0c94e563fb8764aff5b836039bfaa9,720,405,false,,exclude_not_speed_bump_source_label,not used for the speed-bump supporting-class task
crack::frame662_jpg.rf.a4cf434ab4047e6ae93126b1a276aa91.jpg,crack,data/raw/v2/kaggle_speed_bump/Dataset/Data/crack/frame662_jpg.rf.a4cf434ab4047e6ae93126b1a276aa91.jpg,5b54aa223689216051e5b3be680afd77c50bbe0cb30da7f65c0cf4299f90cf12,720,405,false,,exclude_not_speed_bump_source_label,not used for the speed-bump supporting-class task
crack::frame678_jpg.rf.1d03ad21eb00435f717f7117ab6ab70c.jpg,crack,data/raw/v2/kaggle_speed_bump/Dataset/Data/crack/frame678_jpg.rf.1d03ad21eb00435f717f7117ab6ab70c.jpg,f66ac6f8dbe77153627b03fea691f990eb06e44131fe7eb5347af47afd2ff0dc,720,405,false,,exclude_not_speed_bump_source_label,not used for the speed-bump supporting-class task
crack::frame678_jpg.rf.59c76927eea1f7283da96e4e9bcdfe47.jpg,crack,data/raw/v2/kaggle_speed_bump/Dataset/Data/crack/frame678_jpg.rf.59c76927eea1f7283da96e4e9bcdfe47.jpg,1d827a9e9cf257ffee6e6be6e32140b31d666b1143305f1c06a5bc331c8c8c10,720,405,false,,exclude_not_speed_bump_source_label,not used for the speed-bump supporting-class task
crack::frame680_jpg.rf.c9ea1d16c2b01e4c3adf7dce0a4dc824.jpg,crack,data/raw/v2/kaggle_speed_bump/Dataset/Data/crack/frame680_jpg.rf.c9ea1d16c2b01e4c3adf7dce0a4dc824.jpg,d61be7f6b800da7dd0323938a8927b28c15d02bc6bb2b1eb2557b62ecc9c0e73,720,405,false,,exclude_not_speed_bump_source_label,not used for the speed-bump supporting-class task
crack::frame680_jpg.rf.e1d83cddcd064d86477c3aceed2174c4.jpg,crack,data/raw/v2/kaggle_speed_bump/Dataset/Data/crack/frame680_jpg.rf.e1d83cddcd064d86477c3aceed2174c4.jpg,9d8f16e2ab03525e5513be96043c19df95166328df2e5c2f4cd296655505afe9,720,405,false,,exclude_not_speed_bump_source_label,not used for the speed-bump supporting-class task
crack::frame680_jpg.rf.e45d431206d10a542f90dfc29c9edaf8.jpg,crack,data/raw/v2/kaggle_speed_bump/Dataset/Data/crack/frame680_jpg.rf.e45d431206d10a542f90dfc29c9edaf8.jpg,420e351b692bf346677c2cffecc1837dd9e2ed92c9d6f644760302f6ea5517c3,720,405,false,,exclude_not_speed_bump_source_label,not used for the speed-bump supporting-class task
crack::frame681_jpg.rf.a52d15e6b6f58be31bbaf396f8754398.jpg,crack,data/raw/v2/kaggle_speed_bump/Dataset/Data/crack/frame681_jpg.rf.a52d15e6b6f58be31bbaf396f8754398.jpg,b7db4e9f3364334f8762f3601b8a50ea24f0aab9abdcc98a1bf1f1751c707ff7,720,405,false,,exclude_not_speed_bump_source_label,not used for the speed-bump supporting-class task
crack::frame684_jpg.rf.672896a46a866315df8088cb13dfaa13.jpg,crack,data/raw/v2/kaggle_speed_bump/Dataset/Data/crack/frame684_jpg.rf.672896a46a866315df8088cb13dfaa13.jpg,55f68a1f83386cd3bc8d4b54ef2f2f009a761f990d499636992ca8ae1a01e9ec,720,405,false,,exclude_not_speed_bump_source_label,not used for the speed-bump supporting-class task
crack::frame684_jpg.rf.7162bbe791cc98dd370936ff5e38fb11.jpg,crack,data/raw/v2/kaggle_speed_bump/Dataset/Data/crack/frame684_jpg.rf.7162bbe791cc98dd370936ff5e38fb11.jpg,d473a97814cd624d1c86734b4ac6f1147de40c18c3e08f9fa96fcbbc5cd15287,720,405,false,,exclude_not_speed_bump_source_label,not used for the speed-bump supporting-class task
crack::frame685_jpg.rf.63f5b7c018ed91861f6aa79f68c9e6f9.jpg,crack,data/raw/v2/kaggle_speed_bump/Dataset/Data/crack/frame685_jpg.rf.63f5b7c018ed91861f6aa79f68c9e6f9.jpg,27ca41ca590257ed99e2aee3b28b63aa20dcbef770421630b6dab8bc9a202b69,720,405,false,,exclude_not_speed_bump_source_label,not used for the speed-bump supporting-class task
crack::frame685_jpg.rf.b1257620d6422e05c29c5053338bda6a.jpg,crack,data/raw/v2/kaggle_speed_bump/Dataset/Data/crack/frame685_jpg.rf.b1257620d6422e05c29c5053338bda6a.jpg,8a0f5e5a07714db0da5f8942da873124c8f6ac18c49593d37fd732fc4974ad14,720,405,false,,exclude_not_speed_bump_source_label,not used for the speed-bump supporting-class task
crack::frame686_jpg.rf.1db814323f8a93cea563f6e4725a8516.jpg,crack,data/raw/v2/kaggle_speed_bump/Dataset/Data/crack/frame686_jpg.rf.1db814323f8a93cea563f6e4725a8516.jpg,8cddd5bdbedb4add6d63dc9cd84f86b0f11b31647ca884af549bda5d7f648650,720,405,false,,exclude_not_speed_bump_source_label,not used for the speed-bump supporting-class task
crack::frame686_jpg.rf.639b30c7fa6709f2327385a5664f328e.jpg,crack,data/raw/v2/kaggle_speed_bump/Dataset/Data/crack/frame686_jpg.rf.639b30c7fa6709f2327385a5664f328e.jpg,2d0830f5d02371b020d02a05b3528684eef0f19c0628528a9a9df44ea28581e1,720,405,false,,exclude_not_speed_bump_source_label,not used for the speed-bump supporting-class task
crack::frame686_jpg.rf.f39d173b1dedc24d3d9798838445dbbe.jpg,crack,data/raw/v2/kaggle_speed_bump/Dataset/Data/crack/frame686_jpg.rf.f39d173b1dedc24d3d9798838445dbbe.jpg,10ff949cc6be27235321d21ed32dd194d43a56e31f6d00df9357106cc9bea02e,720,405,false,,exclude_not_speed_bump_source_label,not used for the speed-bump supporting-class task
crack::frame704_jpg.rf.34b60878c94f22c15d3e719df1820229.jpg,crack,data/raw/v2/kaggle_speed_bump/Dataset/Data/crack/frame704_jpg.rf.34b60878c94f22c15d3e719df1820229.jpg,e2642b5f38a77d71e04cd4f64584557a2c5a10c6f5b45f3c191433ef6ef96ecf,720,405,false,,exclude_not_speed_bump_source_label,not used for the speed-bump supporting-class task
crack::frame704_jpg.rf.3c58f381692ae3402068d01baeef0670.jpg,crack,data/raw/v2/kaggle_speed_bump/Dataset/Data/crack/frame704_jpg.rf.3c58f381692ae3402068d01baeef0670.jpg,bfbc5b325f2a8b841eb694b9e268bd61b0c26d65435ade07141de9eb8d08df15,720,405,false,,exclude_not_speed_bump_source_label,not used for the speed-bump supporting-class task
crack::frame736_jpg.rf.030813a35302ec2de5ec55e15c9a5c71.jpg,crack,data/raw/v2/kaggle_speed_bump/Dataset/Data/crack/frame736_jpg.rf.030813a35302ec2de5ec55e15c9a5c71.jpg,ca40b84d40dcb5459512bc2fd231724b11a1fef239f4072d1a948cc85025391b,720,405,false,,exclude_not_speed_bump_source_label,not used for the speed-bump supporting-class task
crack::frame736_jpg.rf.a422ea9d378740ece4bc49b0d170cdad.jpg,crack,data/raw/v2/kaggle_speed_bump/Dataset/Data/crack/frame736_jpg.rf.a422ea9d378740ece4bc49b0d170cdad.jpg,50f7d6a5c9b10348b089b98950cd471becdcad3ed92d6dce17aa72eaa1026080,720,405,false,,exclude_not_speed_bump_source_label,not used for the speed-bump supporting-class task
crack::frame765_jpg.rf.0607d6d5b4df35187320fce4b46a1d35.jpg,crack,data/raw/v2/kaggle_speed_bump/Dataset/Data/crack/frame765_jpg.rf.0607d6d5b4df35187320fce4b46a1d35.jpg,8441428fcd44cdf2152296d9cc7d590b10223f5e4c1561e7cadd49c557f346e1,720,405,false,,exclude_not_speed_bump_source_label,not used for the speed-bump supporting-class task
crack::frame765_jpg.rf.f203628cde74b77a26b40554967eb7ad.jpg,crack,data/raw/v2/kaggle_speed_bump/Dataset/Data/crack/frame765_jpg.rf.f203628cde74b77a26b40554967eb7ad.jpg,6e802db2de071cc1c96354c4318b6e9aeb6396278f1566e9cd8346ab731cd12c,720,405,false,,exclude_not_speed_bump_source_label,not used for the speed-bump supporting-class task
crack::frame773_jpg.rf.6e4393d0feba4c0c227fbb3bdcf24f16.jpg,crack,data/raw/v2/kaggle_speed_bump/Dataset/Data/crack/frame773_jpg.rf.6e4393d0feba4c0c227fbb3bdcf24f16.jpg,529154e3078a08c680c8ca7b013b54111d3c52331ca8f35bd5866bf3148c94d8,720,405,false,,exclude_not_speed_bump_source_label,not used for the speed-bump supporting-class task
crack::frame773_jpg.rf.811240796c254b7fb0bb8d4f80e5225b.jpg,crack,data/raw/v2/kaggle_speed_bump/Dataset/Data/crack/frame773_jpg.rf.811240796c254b7fb0bb8d4f80e5225b.jpg,8829f17e5429e86fce9a1798fec0e6edd62fbcf71e21f69293a0f771f789f6f4,720,405,false,,exclude_not_speed_bump_source_label,not used for the speed-bump supporting-class task
crack::frame828_jpg.rf.1c6dd61624d2af72d59b63eabd9ecccb.jpg,crack,data/raw/v2/kaggle_speed_bump/Dataset/Data/crack/frame828_jpg.rf.1c6dd61624d2af72d59b63eabd9ecccb.jpg,8833c49225bf142fb26f435e99a422a298357eb8abd3d866aef5c4cafc0c03ac,720,405,false,,exclude_not_speed_bump_source_label,not used for the speed-bump supporting-class task
crack::frame828_jpg.rf.53ac211ae1bc54054416074d5d1e421f.jpg,crack,data/raw/v2/kaggle_speed_bump/Dataset/Data/crack/frame828_jpg.rf.53ac211ae1bc54054416074d5d1e421f.jpg,5b158d38deb376ee5f0529356e96cbe55aa3ac02aec9900b2c10fef9523fc7e0,720,405,false,,exclude_not_speed_bump_source_label,not used for the speed-bump supporting-class task
crack::frame861_jpg.rf.ccb4d2c98b19d69d2ce5a57f878479c8.jpg,crack,data/raw/v2/kaggle_speed_bump/Dataset/Data/crack/frame861_jpg.rf.ccb4d2c98b19d69d2ce5a57f878479c8.jpg,ca0c57c087409b3c815ec28f2fbce34bb76e7e2e1c9ec355677ade2cebf7c490,720,405,false,,exclude_not_speed_bump_source_label,not used for the speed-bump supporting-class task
crack::frame861_jpg.rf.e645225ddd2656a2c195ace46d8df8e2.jpg,crack,data/raw/v2/kaggle_speed_bump/Dataset/Data/crack/frame861_jpg.rf.e645225ddd2656a2c195ace46d8df8e2.jpg,ea113efc7b86c5bae43d8b258df25cae8b3c36f9922b7848dc5d60baf55d8696,720,405,false,,exclude_not_speed_bump_source_label,not used for the speed-bump supporting-class task
crack::frame861_jpg.rf.f85b77cec74c7666f7152f333b327054.jpg,crack,data/raw/v2/kaggle_speed_bump/Dataset/Data/crack/frame861_jpg.rf.f85b77cec74c7666f7152f333b327054.jpg,b79fa5abd5c5a199ab1d3c20919cea2457a718317563ab570f27ef349eca6672,720,405,false,,exclude_not_speed_bump_source_label,not used for the speed-bump supporting-class task
crack::frame881_jpg.rf.1f280e68bb5e7789611d2ff16f6c7dee.jpg,crack,data/raw/v2/kaggle_speed_bump/Dataset/Data/crack/frame881_jpg.rf.1f280e68bb5e7789611d2ff16f6c7dee.jpg,83d3bbaa4576e16a421ee095b781a085b7e36b891d4abcc73eb8414c620585d4,720,405,false,,exclude_not_speed_bump_source_label,not used for the speed-bump supporting-class task
crack::frame881_jpg.rf.4047a8382debf79b93b2c8185b5cbbf4.jpg,crack,data/raw/v2/kaggle_speed_bump/Dataset/Data/crack/frame881_jpg.rf.4047a8382debf79b93b2c8185b5cbbf4.jpg,e610fd64be4fd383b95c6134134c1054d80e428e282e5fc540d2327d68a90179,720,405,false,,exclude_not_speed_bump_source_label,not used for the speed-bump supporting-class task
crack::frame881_jpg.rf.f5e7b146cb455c227f61fac0b65f20ae.jpg,crack,data/raw/v2/kaggle_speed_bump/Dataset/Data/crack/frame881_jpg.rf.f5e7b146cb455c227f61fac0b65f20ae.jpg,65a5465c9154a6415fd3292a1352f3063a7b5face2dc8b53fafed3edc8cdb1a1,720,405,false,,exclude_not_speed_bump_source_label,not used for the speed-bump supporting-class task
crack::frame885_jpg.rf.6e4b685724ad5de4f5300637e4cd4287.jpg,crack,data/raw/v2/kaggle_speed_bump/Dataset/Data/crack/frame885_jpg.rf.6e4b685724ad5de4f5300637e4cd4287.jpg,f8bd1090f6e84ad5af34b6a91b6f9c1c44a5260313a7461953ec47c2202b712d,720,405,false,,exclude_not_speed_bump_source_label,not used for the speed-bump supporting-class task
crack::frame885_jpg.rf.affd68f1642892c25296a427b1b9a602.jpg,crack,data/raw/v2/kaggle_speed_bump/Dataset/Data/crack/frame885_jpg.rf.affd68f1642892c25296a427b1b9a602.jpg,2d53e975679c7f118b146f6140125f9ea82fd0ed567299be1a569529ee283fb2,720,405,false,,exclude_not_speed_bump_source_label,not used for the speed-bump supporting-class task
crack::frame886_jpg.rf.6e03143ba4eeb87563619a47eca73ed6.jpg,crack,data/raw/v2/kaggle_speed_bump/Dataset/Data/crack/frame886_jpg.rf.6e03143ba4eeb87563619a47eca73ed6.jpg,7757724e5130c2d64ccc0f9680cf96554b86939ed930f2df2b43cbcc1044830e,720,405,false,,exclude_not_speed_bump_source_label,not used for the speed-bump supporting-class task
crack::frame886_jpg.rf.8538c20f5a9e4f9304970c0f7afee69f.jpg,crack,data/raw/v2/kaggle_speed_bump/Dataset/Data/crack/frame886_jpg.rf.8538c20f5a9e4f9304970c0f7afee69f.jpg,94bb9f11eefc7aaf7e29464d411acf099f21d33711b3d777b298b8ede87d1539,720,405,false,,exclude_not_speed_bump_source_label,not used for the speed-bump supporting-class task
crack::frame886_jpg.rf.cfb355db96a9237ea58e0202678d30bb.jpg,crack,data/raw/v2/kaggle_speed_bump/Dataset/Data/crack/frame886_jpg.rf.cfb355db96a9237ea58e0202678d30bb.jpg,0646f7d435fea945b80bd0b899dccda91d75418fc0f8ae7011d79076a1a8ad28,720,405,false,,exclude_not_speed_bump_source_label,not used for the speed-bump supporting-class task
crack::frame887_jpg.rf.147e0ff62c8dfabb3053fcb2ab666817.jpg,crack,data/raw/v2/kaggle_speed_bump/Dataset/Data/crack/frame887_jpg.rf.147e0ff62c8dfabb3053fcb2ab666817.jpg,afd964fc9a948479c2d4e2603cf5e14d1f0f64d2decc9adcf0b8290511942185,720,405,false,,exclude_not_speed_bump_source_label,not used for the speed-bump supporting-class task
crack::frame887_jpg.rf.e8aa80b75873a70ae20f429dad9f8aee.jpg,crack,data/raw/v2/kaggle_speed_bump/Dataset/Data/crack/frame887_jpg.rf.e8aa80b75873a70ae20f429dad9f8aee.jpg,5c73b6e91524a5032634e31a460b4cd57171c6eb03a45a7b3bb33c3a49757cfb,720,405,false,,exclude_not_speed_bump_source_label,not used for the speed-bump supporting-class task
crack::frame888_jpg.rf.ebcc547b019c071ff7674746b7d2919d.jpg,crack,data/raw/v2/kaggle_speed_bump/Dataset/Data/crack/frame888_jpg.rf.ebcc547b019c071ff7674746b7d2919d.jpg,09ef3eec8f1baa4459feff5e2027b33790af1109a4f7ae944bc38fe285bea816,720,405,false,,exclude_not_speed_bump_source_label,not used for the speed-bump supporting-class task
crack::frame890_jpg.rf.6515b52843becf2038c927e279cd1cfa.jpg,crack,data/raw/v2/kaggle_speed_bump/Dataset/Data/crack/frame890_jpg.rf.6515b52843becf2038c927e279cd1cfa.jpg,db43c9b2fd4011e0ace32274e396b3cbc5c2ccccbe2f0cc0265dea474ce29213,720,405,false,,exclude_not_speed_bump_source_label,not used for the speed-bump supporting-class task
crack::frame890_jpg.rf.697f9f7a146c087fb53be9e94f3945f9.jpg,crack,data/raw/v2/kaggle_speed_bump/Dataset/Data/crack/frame890_jpg.rf.697f9f7a146c087fb53be9e94f3945f9.jpg,6cadf39cd9d601ee6b21b72c6fadcbd65ff00a201ae006ccf868d709c15d6b02,720,405,false,,exclude_not_speed_bump_source_label,not used for the speed-bump supporting-class task
crack::frame891_jpg.rf.72f8a8c29876a2eb369c81e5251d7b25.jpg,crack,data/raw/v2/kaggle_speed_bump/Dataset/Data/crack/frame891_jpg.rf.72f8a8c29876a2eb369c81e5251d7b25.jpg,fdcf4eeefd9fdf1a5b239cb862e9f08f1421f52a67fb1b33e8855620d1675bab,720,405,false,,exclude_not_speed_bump_source_label,not used for the speed-bump supporting-class task
crack::frame891_jpg.rf.8c9ce3f81aeb78b0d52540bade602157.jpg,crack,data/raw/v2/kaggle_speed_bump/Dataset/Data/crack/frame891_jpg.rf.8c9ce3f81aeb78b0d52540bade602157.jpg,b57a9435954638c484636ecbe08aaea86000072120086de70f8a3af477b8e800,720,405,false,,exclude_not_speed_bump_source_label,not used for the speed-bump supporting-class task
crack::frame892_jpg.rf.5e75ce5423249db1a037ab77b2b44722.jpg,crack,data/raw/v2/kaggle_speed_bump/Dataset/Data/crack/frame892_jpg.rf.5e75ce5423249db1a037ab77b2b44722.jpg,0bb76adee2416b4c5232671b403b4ba29f248cdf58bf21384e3a3c3f6cd1eda1,720,405,false,,exclude_not_speed_bump_source_label,not used for the speed-bump supporting-class task
crack::frame892_jpg.rf.7d12364d4b1822a3d1cfba8eca5a9260.jpg,crack,data/raw/v2/kaggle_speed_bump/Dataset/Data/crack/frame892_jpg.rf.7d12364d4b1822a3d1cfba8eca5a9260.jpg,51f8fa0d684c0b4f891be1129ae9d32b4397f1e50b385f067c96b1461b815998,720,405,false,,exclude_not_speed_bump_source_label,not used for the speed-bump supporting-class task
crack::frame894_jpg.rf.a8069c729108f5cdf29436ec3b5bf429.jpg,crack,data/raw/v2/kaggle_speed_bump/Dataset/Data/crack/frame894_jpg.rf.a8069c729108f5cdf29436ec3b5bf429.jpg,b882a3e660ebbf3d2fc761d3b15b77f9de23746bdaca9f09de3a537160237346,720,405,false,,exclude_not_speed_bump_source_label,not used for the speed-bump supporting-class task
crack::frame894_jpg.rf.c106db8a26438100afee4a47b50b9a8b.jpg,crack,data/raw/v2/kaggle_speed_bump/Dataset/Data/crack/frame894_jpg.rf.c106db8a26438100afee4a47b50b9a8b.jpg,549707cc4bb941f93e8da2e44b17ab27f3dec18da6e87356db31abec62dccc8b,720,405,false,,exclude_not_speed_bump_source_label,not used for the speed-bump supporting-class task
crack::frame895_jpg.rf.02ee0fea3f2a6404c512063c3f9d59fc.jpg,crack,data/raw/v2/kaggle_speed_bump/Dataset/Data/crack/frame895_jpg.rf.02ee0fea3f2a6404c512063c3f9d59fc.jpg,e9c129e86c57b6936c2f2d8e35087ae104282b879938d31917c29757188d3a60,720,405,false,,exclude_not_speed_bump_source_label,not used for the speed-bump supporting-class task
crack::frame895_jpg.rf.ee9f334f960f8de6fbe5c4ef731eb65c.jpg,crack,data/raw/v2/kaggle_speed_bump/Dataset/Data/crack/frame895_jpg.rf.ee9f334f960f8de6fbe5c4ef731eb65c.jpg,bacbde79a1a25cd4cc85c439b8c68359e15307874d15ad193a94b4948ac8e725,720,405,false,,exclude_not_speed_bump_source_label,not used for the speed-bump supporting-class task
crack::frame896_jpg.rf.6cd0887a127fda31b92f582815ebc473.jpg,crack,data/raw/v2/kaggle_speed_bump/Dataset/Data/crack/frame896_jpg.rf.6cd0887a127fda31b92f582815ebc473.jpg,62c0e524769b39301ea60794f653f6d3b1058411f32f30c2e999678e28c2594f,720,405,false,,exclude_not_speed_bump_source_label,not used for the speed-bump supporting-class task
crack::frame896_jpg.rf.fee3d989f543ec37a4a2509e8ec1811d.jpg,crack,data/raw/v2/kaggle_speed_bump/Dataset/Data/crack/frame896_jpg.rf.fee3d989f543ec37a4a2509e8ec1811d.jpg,e6d0f5c8b0ea5d6dcdd314421ac01e1eec28c1b9be3a24d6b81646e74ee18409,720,405,false,,exclude_not_speed_bump_source_label,not used for the speed-bump supporting-class task
crack::frame958_jpg.rf.6b5ce2f8b7261f092f7dd3981f104639.jpg,crack,data/raw/v2/kaggle_speed_bump/Dataset/Data/crack/frame958_jpg.rf.6b5ce2f8b7261f092f7dd3981f104639.jpg,eb0b7ca3b0eaed40e02176a8a96e1484a4dbf4a3581f6871ed1d9dfea2be210c,720,405,false,,exclude_not_speed_bump_source_label,not used for the speed-bump supporting-class task
crack::frame958_jpg.rf.bd738ac59d778430b00b725825007305.jpg,crack,data/raw/v2/kaggle_speed_bump/Dataset/Data/crack/frame958_jpg.rf.bd738ac59d778430b00b725825007305.jpg,59fc5845e2f95a73eb149f90412a5b8956feee70147b04e8956743c7b200b6fd,720,405,false,,exclude_not_speed_bump_source_label,not used for the speed-bump supporting-class task
crack::frame970_jpg.rf.61f212f5ce65785dd7eab868ebf7b24f.jpg,crack,data/raw/v2/kaggle_speed_bump/Dataset/Data/crack/frame970_jpg.rf.61f212f5ce65785dd7eab868ebf7b24f.jpg,39951ad3c123af004fc1674d453848b542652375018f012383fce793a636c897,720,405,false,,exclude_not_speed_bump_source_label,not used for the speed-bump supporting-class task
crack::frame970_jpg.rf.9c9e517b1268f1c0fbcd7fefcceb7300.jpg,crack,data/raw/v2/kaggle_speed_bump/Dataset/Data/crack/frame970_jpg.rf.9c9e517b1268f1c0fbcd7fefcceb7300.jpg,7e17b015223f3d892ff920d09536dcb68f44880367a1d857e58bc5562d001f25,720,405,false,,exclude_not_speed_bump_source_label,not used for the speed-bump supporting-class task
crack::frame970_jpg.rf.fb114b29cb40cee4ec45904146c8ba8f.jpg,crack,data/raw/v2/kaggle_speed_bump/Dataset/Data/crack/frame970_jpg.rf.fb114b29cb40cee4ec45904146c8ba8f.jpg,1f6bb556108830d51a34a4adc9add2298562f70077be971aad8999e5676aa112,720,405,false,,exclude_not_speed_bump_source_label,not used for the speed-bump supporting-class task
crack::frame971_jpg.rf.690345eed1a5aece036792c067ca6460.jpg,crack,data/raw/v2/kaggle_speed_bump/Dataset/Data/crack/frame971_jpg.rf.690345eed1a5aece036792c067ca6460.jpg,282643a59e16188685ceec154500527cf170832f291717355fcd772bec501c74,720,405,false,,exclude_not_speed_bump_source_label,not used for the speed-bump supporting-class task
crack::frame971_jpg.rf.f9df0fefebde8a07901bedfbb547f1f0.jpg,crack,data/raw/v2/kaggle_speed_bump/Dataset/Data/crack/frame971_jpg.rf.f9df0fefebde8a07901bedfbb547f1f0.jpg,d0690227a52f5fede22ec9784629bbc2ebba9378a5f852176054cbe56bb0b710,720,405,false,,exclude_not_speed_bump_source_label,not used for the speed-bump supporting-class task
crack::frame973_jpg.rf.12079ab3b06a815ffd268b5566b25d9a.jpg,crack,data/raw/v2/kaggle_speed_bump/Dataset/Data/crack/frame973_jpg.rf.12079ab3b06a815ffd268b5566b25d9a.jpg,f005c530f254f1821ea2c883f3ca7529e30b3df4ff3bbfce2b193cdb18114f46,720,405,false,,exclude_not_speed_bump_source_label,not used for the speed-bump supporting-class task
crack::frame973_jpg.rf.2f57bbb15d6895c12a959887ca9c88cd.jpg,crack,data/raw/v2/kaggle_speed_bump/Dataset/Data/crack/frame973_jpg.rf.2f57bbb15d6895c12a959887ca9c88cd.jpg,a5c70775f789321c0b2d82bdb1784ddc70259416bd7b79291c6c01f592f67300,720,405,false,,exclude_not_speed_bump_source_label,not used for the speed-bump supporting-class task
crack::frame974_jpg.rf.26c4559987391a40ff8a538b34a5f790.jpg,crack,data/raw/v2/kaggle_speed_bump/Dataset/Data/crack/frame974_jpg.rf.26c4559987391a40ff8a538b34a5f790.jpg,e42ed11be67c9c4df4c7327049a822433f5d20750bca0df3ce949421f172e976,720,405,false,,exclude_not_speed_bump_source_label,not used for the speed-bump supporting-class task
crack::frame974_jpg.rf.2cc698367508cec6d613b88ed8b8c6f2.jpg,crack,data/raw/v2/kaggle_speed_bump/Dataset/Data/crack/frame974_jpg.rf.2cc698367508cec6d613b88ed8b8c6f2.jpg,3fa66b7155bf931412b89312a66ed31f39bf4bc6395124e1815f02800030fb91,720,405,false,,exclude_not_speed_bump_source_label,not used for the speed-bump supporting-class task
crack::frame974_jpg.rf.52bdc1defd7e96ff47de1693208d6e34.jpg,crack,data/raw/v2/kaggle_speed_bump/Dataset/Data/crack/frame974_jpg.rf.52bdc1defd7e96ff47de1693208d6e34.jpg,f876289a8f0e7a7f1fb1a36abde5aba2e94ddbf886e2b60cdee59968e0b69aad,720,405,false,,exclude_not_speed_bump_source_label,not used for the speed-bump supporting-class task
crack::frame977_jpg.rf.4ebe3bf95feddf860930f12c4eff012e.jpg,crack,data/raw/v2/kaggle_speed_bump/Dataset/Data/crack/frame977_jpg.rf.4ebe3bf95feddf860930f12c4eff012e.jpg,b75e6928ef504e14ee30283ee2c7e34b9c94bf00e276eb81e5ae3e943d91bad5,720,405,false,,exclude_not_speed_bump_source_label,not used for the speed-bump supporting-class task
crack::frame977_jpg.rf.63d884304442169fcc71a9ab4d42882f.jpg,crack,data/raw/v2/kaggle_speed_bump/Dataset/Data/crack/frame977_jpg.rf.63d884304442169fcc71a9ab4d42882f.jpg,c7e938a20b59b4f57fb360a4536245851046d7c55593d21ce6e8ccf15d5e72ba,720,405,false,,exclude_not_speed_bump_source_label,not used for the speed-bump supporting-class task
potholes::img-100_jpg.rf.233751cac3399aa80b5e58a2afbb753a.jpg,potholes,data/raw/v2/kaggle_speed_bump/Dataset/Data/potholes/img-100_jpg.rf.233751cac3399aa80b5e58a2afbb753a.jpg,879a2a2419905cd03fa240b78011ec88d751b6a1739f2b5904803baddfd3a32e,720,720,false,,exclude_not_speed_bump_source_label,not used for the speed-bump supporting-class task
potholes::img-101_jpg.rf.f213d98946c4f8858a5bf3200c89e39c.jpg,potholes,data/raw/v2/kaggle_speed_bump/Dataset/Data/potholes/img-101_jpg.rf.f213d98946c4f8858a5bf3200c89e39c.jpg,bb55d4af5458bfe48f79506c1bda339749ae2289e240452ecf0fd13a7af1f135,720,720,false,,exclude_not_speed_bump_source_label,not used for the speed-bump supporting-class task
potholes::img-102_jpg.rf.16c56ff8f761aec963d9b57aa1b2d3fd.jpg,potholes,data/raw/v2/kaggle_speed_bump/Dataset/Data/potholes/img-102_jpg.rf.16c56ff8f761aec963d9b57aa1b2d3fd.jpg,78c065af2923193de603a3dd1133a53e269e7bdb5d5ee301dcc36f2149a4a5f8,720,720,false,,exclude_not_speed_bump_source_label,not used for the speed-bump supporting-class task
potholes::img-103_jpg.rf.09abf1a8e3477718e143255af3534d29.jpg,potholes,data/raw/v2/kaggle_speed_bump/Dataset/Data/potholes/img-103_jpg.rf.09abf1a8e3477718e143255af3534d29.jpg,d37be89bf19cee61485cc84d1d9754e86270454cc33967c348bf84f72972d9a3,720,720,false,,exclude_not_speed_bump_source_label,not used for the speed-bump supporting-class task
potholes::img-108_jpg.rf.a35e86abc558a98f252bfc10e49fd6d9.jpg,potholes,data/raw/v2/kaggle_speed_bump/Dataset/Data/potholes/img-108_jpg.rf.a35e86abc558a98f252bfc10e49fd6d9.jpg,51bf028115a9a7a8ed57e91f43a422e0d6b9a1cf1033d512e26fccd13d058b42,720,720,false,,exclude_not_speed_bump_source_label,not used for the speed-bump supporting-class task
potholes::img-109_jpg.rf.add373710d0d425bd9340c33878e7d42.jpg,potholes,data/raw/v2/kaggle_speed_bump/Dataset/Data/potholes/img-109_jpg.rf.add373710d0d425bd9340c33878e7d42.jpg,4371cf995b0e4ced9c8026149adbc92d491da49d6edc3307009d1e286b712d48,720,720,false,,exclude_not_speed_bump_source_label,not used for the speed-bump supporting-class task
potholes::img-10_jpg.rf.eaceaaa6f119cf6eb49edc1bc92efaa2.jpg,potholes,data/raw/v2/kaggle_speed_bump/Dataset/Data/potholes/img-10_jpg.rf.eaceaaa6f119cf6eb49edc1bc92efaa2.jpg,cf7038981864142a0d2fce14e07f6ff6a3a6e13a7815c82921bf2b6e529bbabb,720,720,false,,exclude_not_speed_bump_source_label,not used for the speed-bump supporting-class task
potholes::img-110_jpg.rf.0390f81a2c5b2ad5676a8eb5b043d743.jpg,potholes,data/raw/v2/kaggle_speed_bump/Dataset/Data/potholes/img-110_jpg.rf.0390f81a2c5b2ad5676a8eb5b043d743.jpg,11bb6f7dc71cec429b354bfa6566a0a544687779d9bd6b318f3617541a9a5aea,720,720,false,,exclude_not_speed_bump_source_label,not used for the speed-bump supporting-class task
potholes::img-111_jpg.rf.d7e58630e249c45d8c1d564d847dc236.jpg,potholes,data/raw/v2/kaggle_speed_bump/Dataset/Data/potholes/img-111_jpg.rf.d7e58630e249c45d8c1d564d847dc236.jpg,ff772b754d9f35a50d4b66d88e1c0afe9e59ad6d180e3c3240383ea4c5381f5b,720,720,false,,exclude_not_speed_bump_source_label,not used for the speed-bump supporting-class task
potholes::img-113_jpg.rf.31b41591a5e0c7b0aa02e133e79e1e2a.jpg,potholes,data/raw/v2/kaggle_speed_bump/Dataset/Data/potholes/img-113_jpg.rf.31b41591a5e0c7b0aa02e133e79e1e2a.jpg,a034d5f49ce84d74e4a6793bdeaab8110c281c0805936b67c937c14185615eaf,720,720,false,,exclude_not_speed_bump_source_label,not used for the speed-bump supporting-class task
potholes::img-114_jpg.rf.b58901654a45a559a41ffaa25f1bf741.jpg,potholes,data/raw/v2/kaggle_speed_bump/Dataset/Data/potholes/img-114_jpg.rf.b58901654a45a559a41ffaa25f1bf741.jpg,df1489d419ba7a52aa16fd5b174b552433c89acbb434c90f940d505312e57952,720,720,false,,exclude_not_speed_bump_source_label,not used for the speed-bump supporting-class task
potholes::img-115_jpg.rf.ebc1ec2d7bb5caf80d06511d74f9e2da.jpg,potholes,data/raw/v2/kaggle_speed_bump/Dataset/Data/potholes/img-115_jpg.rf.ebc1ec2d7bb5caf80d06511d74f9e2da.jpg,a68edbad561452dbf60a74c35c4841483ebacf30c0db26eb4eff9c3b72b40982,720,720,false,,exclude_not_speed_bump_source_label,not used for the speed-bump supporting-class task
potholes::img-117_jpg.rf.56a7e3b29e60b28e25b3f4a3c7817605.jpg,potholes,data/raw/v2/kaggle_speed_bump/Dataset/Data/potholes/img-117_jpg.rf.56a7e3b29e60b28e25b3f4a3c7817605.jpg,e4406d371646658155e23ae4237bb93339d42813905c2755cbc2b2998eeed04b,720,720,false,,exclude_not_speed_bump_source_label,not used for the speed-bump supporting-class task
potholes::img-119_jpg.rf.5df904c99a0e765190d9421a4bf04bc6.jpg,potholes,data/raw/v2/kaggle_speed_bump/Dataset/Data/potholes/img-119_jpg.rf.5df904c99a0e765190d9421a4bf04bc6.jpg,67f2ae9956f0706350d61510e7c6c4059c368d3838655188c7a47adb9578e5cb,720,720,false,,exclude_not_speed_bump_source_label,not used for the speed-bump supporting-class task
potholes::img-11_jpg.rf.b7a2e18571a53d7512f101f224b7c794.jpg,potholes,data/raw/v2/kaggle_speed_bump/Dataset/Data/potholes/img-11_jpg.rf.b7a2e18571a53d7512f101f224b7c794.jpg,3ad6e5beac5dcddab5c492818b17d4e08735feb3e62f8eac93acf6306e3bab6a,720,720,false,,exclude_not_speed_bump_source_label,not used for the speed-bump supporting-class task
potholes::img-121_jpg.rf.d202af2960b0bb1928539a6fcb3cdbfd.jpg,potholes,data/raw/v2/kaggle_speed_bump/Dataset/Data/potholes/img-121_jpg.rf.d202af2960b0bb1928539a6fcb3cdbfd.jpg,22806f9ee7e9e13a2f26a7517d9cfb252adaa17fbf9e8a982447cddca3afb751,720,720,false,,exclude_not_speed_bump_source_label,not used for the speed-bump supporting-class task
potholes::img-123_jpg.rf.8ae4c2726246a3dea5d41f6ba3a64639.jpg,potholes,data/raw/v2/kaggle_speed_bump/Dataset/Data/potholes/img-123_jpg.rf.8ae4c2726246a3dea5d41f6ba3a64639.jpg,5ec5feffa9e99c7605d83f4d719426b193486f307e266d928e266e29b49d2316,720,720,false,,exclude_not_speed_bump_source_label,not used for the speed-bump supporting-class task
potholes::img-124_jpg.rf.fdc89fc9a29a16b57ad54dd3c63e7952.jpg,potholes,data/raw/v2/kaggle_speed_bump/Dataset/Data/potholes/img-124_jpg.rf.fdc89fc9a29a16b57ad54dd3c63e7952.jpg,89c15ab70336915186fd0d6ab6e435e6da8fa4e9150fc790bc25c02a505741f5,720,720,false,,exclude_not_speed_bump_source_label,not used for the speed-bump supporting-class task
potholes::img-126_jpg.rf.eab9b684c8570533e5cd43517776eeec.jpg,potholes,data/raw/v2/kaggle_speed_bump/Dataset/Data/potholes/img-126_jpg.rf.eab9b684c8570533e5cd43517776eeec.jpg,6117594c6c2042bc83bef4c9e0d0723ad43c3efb6aa5aed5fcea8942e0ec1761,720,720,false,,exclude_not_speed_bump_source_label,not used for the speed-bump supporting-class task
potholes::img-127_jpg.rf.cda9134fdf2c217082118b38d27fd7ee.jpg,potholes,data/raw/v2/kaggle_speed_bump/Dataset/Data/potholes/img-127_jpg.rf.cda9134fdf2c217082118b38d27fd7ee.jpg,5d88e782fd3b8efdb5564060bab73270f89276ad620b472aeec6936a92a2df54,720,720,false,,exclude_not_speed_bump_source_label,not used for the speed-bump supporting-class task
potholes::img-128_jpg.rf.6d1435fcdbcb19d4ff22f1d865026470.jpg,potholes,data/raw/v2/kaggle_speed_bump/Dataset/Data/potholes/img-128_jpg.rf.6d1435fcdbcb19d4ff22f1d865026470.jpg,f4d310f3afe4a0b743d75d4dcf9eccf1d2e7f5c4f4775e088533083eff52256c,720,720,false,,exclude_not_speed_bump_source_label,not used for the speed-bump supporting-class task
potholes::img-129_jpg.rf.fbd5c4841019062274b4e9d1daeab4c3.jpg,potholes,data/raw/v2/kaggle_speed_bump/Dataset/Data/potholes/img-129_jpg.rf.fbd5c4841019062274b4e9d1daeab4c3.jpg,3c6e7eb640360974caa3172d59f0782d2877526ccd8d0011b5d0bd66424f3d7d,720,720,false,,exclude_not_speed_bump_source_label,not used for the speed-bump supporting-class task
potholes::img-12_jpg.rf.473a95f653f8c7227e4bc5c73f8ed19b.jpg,potholes,data/raw/v2/kaggle_speed_bump/Dataset/Data/potholes/img-12_jpg.rf.473a95f653f8c7227e4bc5c73f8ed19b.jpg,b86ae3c8e1ad569a4892b9103e50939b09893a49ef698327a60bbc9933738bb9,720,720,false,,exclude_not_speed_bump_source_label,not used for the speed-bump supporting-class task
potholes::img-131_jpg.rf.6bc87513d54494e92b56968b81d290b5.jpg,potholes,data/raw/v2/kaggle_speed_bump/Dataset/Data/potholes/img-131_jpg.rf.6bc87513d54494e92b56968b81d290b5.jpg,ed410be6c7840d70b0b6760b56a069927862c9107d7150112f328c548502367a,720,720,false,,exclude_not_speed_bump_source_label,not used for the speed-bump supporting-class task
potholes::img-134_jpg.rf.833f57b2c592a23189208dcb656eaaa2.jpg,potholes,data/raw/v2/kaggle_speed_bump/Dataset/Data/potholes/img-134_jpg.rf.833f57b2c592a23189208dcb656eaaa2.jpg,90495ba8222174c0b33c9991f1ea4435e5e9ecf9d926748e7e88c533d8320ef6,720,720,false,,exclude_not_speed_bump_source_label,not used for the speed-bump supporting-class task
potholes::img-135_jpg.rf.5f0fb06ed79bee89c8378fc74adf59ec.jpg,potholes,data/raw/v2/kaggle_speed_bump/Dataset/Data/potholes/img-135_jpg.rf.5f0fb06ed79bee89c8378fc74adf59ec.jpg,e7d865d23a2ce1b72f81050d571c188e793bcafe36e47737891d193be0f280d6,720,720,false,,exclude_not_speed_bump_source_label,not used for the speed-bump supporting-class task
potholes::img-136_jpg.rf.3372e97742e4ded8b208f90043981012.jpg,potholes,data/raw/v2/kaggle_speed_bump/Dataset/Data/potholes/img-136_jpg.rf.3372e97742e4ded8b208f90043981012.jpg,87a0c21d2b361032a3c239a8082808bc1f27396b26f7d31b55008436926be3d3,720,720,false,,exclude_not_speed_bump_source_label,not used for the speed-bump supporting-class task
potholes::img-137_jpg.rf.5c3cf778bb884760e276baacc8372f66.jpg,potholes,data/raw/v2/kaggle_speed_bump/Dataset/Data/potholes/img-137_jpg.rf.5c3cf778bb884760e276baacc8372f66.jpg,264ffeb8fa9f0c28b32b5aa0eed9fc56b3b342353a864ce1dbe4ef81b7a1f724,720,720,false,,exclude_not_speed_bump_source_label,not used for the speed-bump supporting-class task
potholes::img-138_jpg.rf.ec6549719f138be69aa49f6cdc068227.jpg,potholes,data/raw/v2/kaggle_speed_bump/Dataset/Data/potholes/img-138_jpg.rf.ec6549719f138be69aa49f6cdc068227.jpg,ac13cc7b5326400882cedb898f6e04da687936ab4c5fe640e130ad526553defd,720,720,false,,exclude_not_speed_bump_source_label,not used for the speed-bump supporting-class task
potholes::img-139_jpg.rf.af2a2cdcef3c3e01d9ad30e9f058e93e.jpg,potholes,data/raw/v2/kaggle_speed_bump/Dataset/Data/potholes/img-139_jpg.rf.af2a2cdcef3c3e01d9ad30e9f058e93e.jpg,082de5b9cea40e5c8f6677ad905bbeecfdbffbac5c7fe0ebff021e20e6f83692,720,720,false,,exclude_not_speed_bump_source_label,not used for the speed-bump supporting-class task
potholes::img-13_jpg.rf.a4db51428d0461f9ed82e12eb6d87a03.jpg,potholes,data/raw/v2/kaggle_speed_bump/Dataset/Data/potholes/img-13_jpg.rf.a4db51428d0461f9ed82e12eb6d87a03.jpg,30b9112288bd0c9bed74e9dcfe17fc1f8087af8fd5da260e19b60c3f658fbf36,720,720,false,,exclude_not_speed_bump_source_label,not used for the speed-bump supporting-class task
potholes::img-141_jpg.rf.9fb75a7f4520090a669516f6c16c105e.jpg,potholes,data/raw/v2/kaggle_speed_bump/Dataset/Data/potholes/img-141_jpg.rf.9fb75a7f4520090a669516f6c16c105e.jpg,9908c00bfdec1137ad49aed56c4b548d77a1953c48b5b8043fa6bdd8a2a0ce95,720,720,false,,exclude_not_speed_bump_source_label,not used for the speed-bump supporting-class task
potholes::img-142_jpg.rf.324ee78ee3122e5a751d32198a2e11cb.jpg,potholes,data/raw/v2/kaggle_speed_bump/Dataset/Data/potholes/img-142_jpg.rf.324ee78ee3122e5a751d32198a2e11cb.jpg,f9c0194f1d78a89d9f2d10c6a8c99d7e0be9f3c7114ac70c8ef78e795cb1a18b,720,720,false,,exclude_not_speed_bump_source_label,not used for the speed-bump supporting-class task
potholes::img-143_jpg.rf.b4553a89ca02d904d7d3d8b601d92033.jpg,potholes,data/raw/v2/kaggle_speed_bump/Dataset/Data/potholes/img-143_jpg.rf.b4553a89ca02d904d7d3d8b601d92033.jpg,5809ca7f9fcbcefc7a43c981839a3dc7d653c4d1f475ae9ff0f696f9c4d43527,720,720,false,,exclude_not_speed_bump_source_label,not used for the speed-bump supporting-class task
potholes::img-144_jpg.rf.2e98a93812eee1ad65ad7e3f9f5620ad.jpg,potholes,data/raw/v2/kaggle_speed_bump/Dataset/Data/potholes/img-144_jpg.rf.2e98a93812eee1ad65ad7e3f9f5620ad.jpg,83da86f415515e6395bbb020af2b3b8254cef724bb4b60a2ebdc50528130b9b7,720,720,false,,exclude_not_speed_bump_source_label,not used for the speed-bump supporting-class task
potholes::img-148_jpg.rf.eddf84184c0a99958850113c36e7b754.jpg,potholes,data/raw/v2/kaggle_speed_bump/Dataset/Data/potholes/img-148_jpg.rf.eddf84184c0a99958850113c36e7b754.jpg,2e7b645cdf55ec28a125b1233fc1bdf7e74c3a7bcee85076f43b60ae841b8a56,720,720,false,,exclude_not_speed_bump_source_label,not used for the speed-bump supporting-class task
potholes::img-149_jpg.rf.44eff0efcbd1ccfa08da8768642f71c9.jpg,potholes,data/raw/v2/kaggle_speed_bump/Dataset/Data/potholes/img-149_jpg.rf.44eff0efcbd1ccfa08da8768642f71c9.jpg,79fd928cae12bdc96d0131b8850820b2a8a7a491a1972ba91a9f03d2389ca9ad,720,720,false,,exclude_not_speed_bump_source_label,not used for the speed-bump supporting-class task
potholes::img-150_jpg.rf.f3ebd01cb708363657a8f21645c06c39.jpg,potholes,data/raw/v2/kaggle_speed_bump/Dataset/Data/potholes/img-150_jpg.rf.f3ebd01cb708363657a8f21645c06c39.jpg,96d55a8ea43fdde3872ff71fc6f6ecf1d22d51dac902b1170482f180337e5088,720,720,false,,exclude_not_speed_bump_source_label,not used for the speed-bump supporting-class task
potholes::img-151_jpg.rf.52e5bb5d308649772ceef0bfcde24f96.jpg,potholes,data/raw/v2/kaggle_speed_bump/Dataset/Data/potholes/img-151_jpg.rf.52e5bb5d308649772ceef0bfcde24f96.jpg,ffe0ce52363db4773b1a8ea5340824d85c52699d6ad93fa8b65e371b9000272f,720,720,false,,exclude_not_speed_bump_source_label,not used for the speed-bump supporting-class task
potholes::img-152_jpg.rf.621b5126c90ae5176bc3d2415fda4fe8.jpg,potholes,data/raw/v2/kaggle_speed_bump/Dataset/Data/potholes/img-152_jpg.rf.621b5126c90ae5176bc3d2415fda4fe8.jpg,4d11463c7f7fb51c58b4179e58f388efcb141adf358b3932dc0a49025b42d599,720,720,false,,exclude_not_speed_bump_source_label,not used for the speed-bump supporting-class task
potholes::img-155_jpg.rf.7c1dd28f3db86d175cca8437cece1d08.jpg,potholes,data/raw/v2/kaggle_speed_bump/Dataset/Data/potholes/img-155_jpg.rf.7c1dd28f3db86d175cca8437cece1d08.jpg,71a284753bf8852849341edac6e391f2732ddd30d19a5318ca8568154fd4cf59,720,720,false,,exclude_not_speed_bump_source_label,not used for the speed-bump supporting-class task
potholes::img-156_jpg.rf.ff820d5c1ff5fc1a1fc27fa5647cc146.jpg,potholes,data/raw/v2/kaggle_speed_bump/Dataset/Data/potholes/img-156_jpg.rf.ff820d5c1ff5fc1a1fc27fa5647cc146.jpg,43829b693e790a35ec5e8704a3ce9d2306199a1fc42c6642f5e6302ee4777b9b,720,720,false,,exclude_not_speed_bump_source_label,not used for the speed-bump supporting-class task
potholes::img-157_jpg.rf.764e348f9144fed2fd906c23ff15afe5.jpg,potholes,data/raw/v2/kaggle_speed_bump/Dataset/Data/potholes/img-157_jpg.rf.764e348f9144fed2fd906c23ff15afe5.jpg,bcb68727045d703149a1333926a743a26c40047bedbccc0c312294748ff1f841,720,720,false,,exclude_not_speed_bump_source_label,not used for the speed-bump supporting-class task
potholes::img-158_jpg.rf.80110529bda206547f2c5482abfca272.jpg,potholes,data/raw/v2/kaggle_speed_bump/Dataset/Data/potholes/img-158_jpg.rf.80110529bda206547f2c5482abfca272.jpg,d689ca4e7978bc55854654b5a9206f7c81eabf88ba16fd17f9fa12ed84dc534c,720,720,false,,exclude_not_speed_bump_source_label,not used for the speed-bump supporting-class task
potholes::img-159_jpg.rf.9a2234e70393ae42ad518c7c34b031c5.jpg,potholes,data/raw/v2/kaggle_speed_bump/Dataset/Data/potholes/img-159_jpg.rf.9a2234e70393ae42ad518c7c34b031c5.jpg,53c93c95377ce236411be56633109444e1ece824a3535d65b2916dd05932a1a0,720,720,false,,exclude_not_speed_bump_source_label,not used for the speed-bump supporting-class task
potholes::img-15_jpg.rf.b937fa68f73a1ee37d832a279f432941.jpg,potholes,data/raw/v2/kaggle_speed_bump/Dataset/Data/potholes/img-15_jpg.rf.b937fa68f73a1ee37d832a279f432941.jpg,0bb4c0d8eb88003ec2ea63d967cb155526e06f164fc43cc22668cc76171398d7,720,720,false,,exclude_not_speed_bump_source_label,not used for the speed-bump supporting-class task
potholes::img-160_jpg.rf.ef4e05f9ef187938ab9bd0321c4dcf4d.jpg,potholes,data/raw/v2/kaggle_speed_bump/Dataset/Data/potholes/img-160_jpg.rf.ef4e05f9ef187938ab9bd0321c4dcf4d.jpg,32f76a1b81d6d21591821aab145d6e7bcf64b1586d21dbe403c47e3778517c3e,720,720,false,,exclude_not_speed_bump_source_label,not used for the speed-bump supporting-class task
potholes::img-162_jpg.rf.0459e44683fd65132e9e2558f7cfcc6a.jpg,potholes,data/raw/v2/kaggle_speed_bump/Dataset/Data/potholes/img-162_jpg.rf.0459e44683fd65132e9e2558f7cfcc6a.jpg,a5e998ddac75cffacffac1fe3f31c189b5e42bd01ede0c08adbb2b0f44638638,720,720,false,,exclude_not_speed_bump_source_label,not used for the speed-bump supporting-class task
potholes::img-163_jpg.rf.232bf43b16b71f5c5581f7d908e3e253.jpg,potholes,data/raw/v2/kaggle_speed_bump/Dataset/Data/potholes/img-163_jpg.rf.232bf43b16b71f5c5581f7d908e3e253.jpg,8a99df9cb21d5124c887c004aa0694ededa28fc3c66c78ea25c23af833ab2dfb,720,720,false,,exclude_not_speed_bump_source_label,not used for the speed-bump supporting-class task
potholes::img-164_jpg.rf.cb6665fd71f9ea53c23dc545be31d2e1.jpg,potholes,data/raw/v2/kaggle_speed_bump/Dataset/Data/potholes/img-164_jpg.rf.cb6665fd71f9ea53c23dc545be31d2e1.jpg,6e92fe5900ad13d17dc619e8978dc5ad93702f2f5a507925fc2e210354133615,720,720,false,,exclude_not_speed_bump_source_label,not used for the speed-bump supporting-class task
potholes::img-165_jpg.rf.a4b4be5d004a62f1bbf126232edb2785.jpg,potholes,data/raw/v2/kaggle_speed_bump/Dataset/Data/potholes/img-165_jpg.rf.a4b4be5d004a62f1bbf126232edb2785.jpg,d5516597531812e1cdfcd25db51fbf5c14bdecadf05418c807ce0b8d78a42cfa,720,720,false,,exclude_not_speed_bump_source_label,not used for the speed-bump supporting-class task
potholes::img-167_jpg.rf.a2c9b6a4a769135a8f5f7e671b636ac8.jpg,potholes,data/raw/v2/kaggle_speed_bump/Dataset/Data/potholes/img-167_jpg.rf.a2c9b6a4a769135a8f5f7e671b636ac8.jpg,8e89e1b642333e972e284e52c69b116a756aab74e45675bff0b3be66c70cc9c0,720,720,false,,exclude_not_speed_bump_source_label,not used for the speed-bump supporting-class task
potholes::img-169_jpg.rf.9ad23ea6b668a59c48e362859efe3515.jpg,potholes,data/raw/v2/kaggle_speed_bump/Dataset/Data/potholes/img-169_jpg.rf.9ad23ea6b668a59c48e362859efe3515.jpg,1eef725b4d3841787308ffc3c402a4e1d5145f86f848f41cf9926bae66d19246,720,720,false,,exclude_not_speed_bump_source_label,not used for the speed-bump supporting-class task
potholes::img-16_jpg.rf.3018a4883623e53e929435fc084c2200.jpg,potholes,data/raw/v2/kaggle_speed_bump/Dataset/Data/potholes/img-16_jpg.rf.3018a4883623e53e929435fc084c2200.jpg,ecea1f531c9a5f30d5c25800cc57f5d01b0ed7015f17f031a42959b5b32a3405,720,720,false,,exclude_not_speed_bump_source_label,not used for the speed-bump supporting-class task
potholes::img-170_jpg.rf.448c70ae76619d82c629389410701f9c.jpg,potholes,data/raw/v2/kaggle_speed_bump/Dataset/Data/potholes/img-170_jpg.rf.448c70ae76619d82c629389410701f9c.jpg,5e0bb3dd131bb3683fc64a09eaa09c2b04d8c15eafabf6799069563ef931c624,720,720,false,,exclude_not_speed_bump_source_label,not used for the speed-bump supporting-class task
potholes::img-172_jpg.rf.d849de955bfb8608552f1adf347f3ef1.jpg,potholes,data/raw/v2/kaggle_speed_bump/Dataset/Data/potholes/img-172_jpg.rf.d849de955bfb8608552f1adf347f3ef1.jpg,831848b0740c3a71c710226e49823ddf5ed76ac44fcc19b437e5b3c315e93e2b,720,720,false,,exclude_not_speed_bump_source_label,not used for the speed-bump supporting-class task
potholes::img-174_jpg.rf.63afee69864babbb4a21a4b8d2eff7d9.jpg,potholes,data/raw/v2/kaggle_speed_bump/Dataset/Data/potholes/img-174_jpg.rf.63afee69864babbb4a21a4b8d2eff7d9.jpg,f143df445adc9f96203a42c323bfcbcd49fc7898205d577bff2e4f4ff00d0f32,720,720,false,,exclude_not_speed_bump_source_label,not used for the speed-bump supporting-class task
potholes::img-175_jpg.rf.edaa0f7c577755474ff285ff38eec09e.jpg,potholes,data/raw/v2/kaggle_speed_bump/Dataset/Data/potholes/img-175_jpg.rf.edaa0f7c577755474ff285ff38eec09e.jpg,273dfb8757f9196382ffad0bc7bad17f92fb7ef8710e3269fab228e1eeb6c4b1,720,720,false,,exclude_not_speed_bump_source_label,not used for the speed-bump supporting-class task
potholes::img-176_jpg.rf.36e2a3416c78152aeb6ea6f1a20e2ea9.jpg,potholes,data/raw/v2/kaggle_speed_bump/Dataset/Data/potholes/img-176_jpg.rf.36e2a3416c78152aeb6ea6f1a20e2ea9.jpg,f29bfa96be38c6444d544d1d32fa0e6ebc7fc7e5ef271325a6d533700b9b5bbd,720,720,false,,exclude_not_speed_bump_source_label,not used for the speed-bump supporting-class task
potholes::img-177_jpg.rf.218561bceb58b04e0bf46a7c297179a0.jpg,potholes,data/raw/v2/kaggle_speed_bump/Dataset/Data/potholes/img-177_jpg.rf.218561bceb58b04e0bf46a7c297179a0.jpg,5e51e8f8e358df00d34b0bbd441bea672d4ddb73ef6b0f04b593dde995f8329f,720,720,false,,exclude_not_speed_bump_source_label,not used for the speed-bump supporting-class task
potholes::img-178_jpg.rf.d97b9cc2a1e25824ea668642fe4df36e.jpg,potholes,data/raw/v2/kaggle_speed_bump/Dataset/Data/potholes/img-178_jpg.rf.d97b9cc2a1e25824ea668642fe4df36e.jpg,46f6ceb1a53258581ddb8fae1e60e337481405f9c28b65609da9fef9368309d4,720,720,false,,exclude_not_speed_bump_source_label,not used for the speed-bump supporting-class task
potholes::img-17_jpg.rf.66c2a0fce4e0de3bf1d6d6c6101b1d2e.jpg,potholes,data/raw/v2/kaggle_speed_bump/Dataset/Data/potholes/img-17_jpg.rf.66c2a0fce4e0de3bf1d6d6c6101b1d2e.jpg,d70d3f554627bbb194fe6905ccf27f01b50d179cf076a0b6b88f472abe3a6982,720,720,false,,exclude_not_speed_bump_source_label,not used for the speed-bump supporting-class task
potholes::img-180_jpg.rf.23e2fffafadf7ef2741d68402213261b.jpg,potholes,data/raw/v2/kaggle_speed_bump/Dataset/Data/potholes/img-180_jpg.rf.23e2fffafadf7ef2741d68402213261b.jpg,e92b94ef2de8d1a8f27a5d9ce2e05db2a19bd1b26236e553953ec276d99e3dd9,720,720,false,,exclude_not_speed_bump_source_label,not used for the speed-bump supporting-class task
potholes::img-181_jpg.rf.27e6333bebd7c84f8b89871c21b1608b.jpg,potholes,data/raw/v2/kaggle_speed_bump/Dataset/Data/potholes/img-181_jpg.rf.27e6333bebd7c84f8b89871c21b1608b.jpg,961b3e59f65e42fd4baa7a500130fee2cd25eed8f4576970b96435d098de5a41,720,720,false,,exclude_not_speed_bump_source_label,not used for the speed-bump supporting-class task
potholes::img-182_jpg.rf.4a3748ca6898a245a5474d963734c12f.jpg,potholes,data/raw/v2/kaggle_speed_bump/Dataset/Data/potholes/img-182_jpg.rf.4a3748ca6898a245a5474d963734c12f.jpg,a47759a70b79d6fa0d934378a54f32847c4762596efa14916c2f6700b30616d1,720,720,false,,exclude_not_speed_bump_source_label,not used for the speed-bump supporting-class task
potholes::img-183_jpg.rf.4358b5ae9b05895a41d00d84a0e17ec7.jpg,potholes,data/raw/v2/kaggle_speed_bump/Dataset/Data/potholes/img-183_jpg.rf.4358b5ae9b05895a41d00d84a0e17ec7.jpg,a9e68dc5b74632f2678e7f621cc1ffdfbb00fbc54c2bc6f1c9fbffa97ef256fa,720,720,false,,exclude_not_speed_bump_source_label,not used for the speed-bump supporting-class task
potholes::img-185_jpg.rf.98a5add77bc81de0d192cd6c6a50f933.jpg,potholes,data/raw/v2/kaggle_speed_bump/Dataset/Data/potholes/img-185_jpg.rf.98a5add77bc81de0d192cd6c6a50f933.jpg,14f7c0bedf520fd9807b07a3faeb2725c797dfd848419195c8b6a8d79be405e2,720,720,false,,exclude_not_speed_bump_source_label,not used for the speed-bump supporting-class task
potholes::img-186_jpg.rf.c354a07266904a6e8212056359600aec.jpg,potholes,data/raw/v2/kaggle_speed_bump/Dataset/Data/potholes/img-186_jpg.rf.c354a07266904a6e8212056359600aec.jpg,6f9227c886a0033f37f3c8085047c1dae0617e3f5bfdf6795da35873020d8fe1,720,720,false,,exclude_not_speed_bump_source_label,not used for the speed-bump supporting-class task
potholes::img-187_jpg.rf.a5d70ec1463db2d5d0c48ef494605977.jpg,potholes,data/raw/v2/kaggle_speed_bump/Dataset/Data/potholes/img-187_jpg.rf.a5d70ec1463db2d5d0c48ef494605977.jpg,bec92dd8bd73f62bac59f5ddc40a55eafd307e4eb887d15b06f35d66d8ccdecb,720,720,false,,exclude_not_speed_bump_source_label,not used for the speed-bump supporting-class task
potholes::img-188_jpg.rf.e25310df0413037e398729953a4e8240.jpg,potholes,data/raw/v2/kaggle_speed_bump/Dataset/Data/potholes/img-188_jpg.rf.e25310df0413037e398729953a4e8240.jpg,49ace9845b24b8d80ffdf3bd24f1baad25de2b9e5e0e63dc669ff7d21d4a9b17,720,720,false,,exclude_not_speed_bump_source_label,not used for the speed-bump supporting-class task
potholes::img-189_jpg.rf.2afafdf425170ac8e1cbb58c488c4c4a.jpg,potholes,data/raw/v2/kaggle_speed_bump/Dataset/Data/potholes/img-189_jpg.rf.2afafdf425170ac8e1cbb58c488c4c4a.jpg,87f795adcd24c21355666f45e57941868b7c836891878198b16941f78b146858,720,720,false,,exclude_not_speed_bump_source_label,not used for the speed-bump supporting-class task
potholes::img-18_jpg.rf.f79a657ff81d70927c469283a9e0a262.jpg,potholes,data/raw/v2/kaggle_speed_bump/Dataset/Data/potholes/img-18_jpg.rf.f79a657ff81d70927c469283a9e0a262.jpg,f2b4e51521476c2048f6bbb195b6e00cf0440a4864ccde02edf3e9e90b00a117,720,720,false,,exclude_not_speed_bump_source_label,not used for the speed-bump supporting-class task
potholes::img-191_jpg.rf.e82152e059f62a6559daedf1d1ae62a3.jpg,potholes,data/raw/v2/kaggle_speed_bump/Dataset/Data/potholes/img-191_jpg.rf.e82152e059f62a6559daedf1d1ae62a3.jpg,b23ae691910ab0fea9efba8986c57207806c841b74d31dc7bc373210247ee431,720,720,false,,exclude_not_speed_bump_source_label,not used for the speed-bump supporting-class task
potholes::img-192_jpg.rf.41da280cd625ff7e2b15dde2afb0c11a.jpg,potholes,data/raw/v2/kaggle_speed_bump/Dataset/Data/potholes/img-192_jpg.rf.41da280cd625ff7e2b15dde2afb0c11a.jpg,d6489f185eae18af5e43d05565281d349b350e42b0b59afa8a5285da30c63851,720,720,false,,exclude_not_speed_bump_source_label,not used for the speed-bump supporting-class task
potholes::img-193_jpg.rf.d2949c3bad35af6229b470554825cd54.jpg,potholes,data/raw/v2/kaggle_speed_bump/Dataset/Data/potholes/img-193_jpg.rf.d2949c3bad35af6229b470554825cd54.jpg,d4fb043ebb495077a4c5715a10defdea8452ea9f257bd4c965f2c4f5e9490115,720,720,false,,exclude_not_speed_bump_source_label,not used for the speed-bump supporting-class task
potholes::img-194_jpg.rf.fe81115eda78ee8dcefcbc08dcdc17ef.jpg,potholes,data/raw/v2/kaggle_speed_bump/Dataset/Data/potholes/img-194_jpg.rf.fe81115eda78ee8dcefcbc08dcdc17ef.jpg,83e8edc189117000df041c692c77c97a8eb170a8cfec6463718509a9bc80e77c,720,720,false,,exclude_not_speed_bump_source_label,not used for the speed-bump supporting-class task
potholes::img-197_jpg.rf.f9b2583df29a86d60bcfe3eea1dab4e9.jpg,potholes,data/raw/v2/kaggle_speed_bump/Dataset/Data/potholes/img-197_jpg.rf.f9b2583df29a86d60bcfe3eea1dab4e9.jpg,8cadf9027f14904c65b487ea0de72629bffe86178a4244c89ba44ce55a365e6c,720,720,false,,exclude_not_speed_bump_source_label,not used for the speed-bump supporting-class task
potholes::img-198_jpg.rf.0b1cb1e07fefe54965584465087f960a.jpg,potholes,data/raw/v2/kaggle_speed_bump/Dataset/Data/potholes/img-198_jpg.rf.0b1cb1e07fefe54965584465087f960a.jpg,6ef230b61b9d0e01e0911cce720d2a591ddae13af54b593e795afd5329b44b79,720,720,false,,exclude_not_speed_bump_source_label,not used for the speed-bump supporting-class task
potholes::img-199_jpg.rf.6120711f954526a2c6fa1b94fd7bd4ec.jpg,potholes,data/raw/v2/kaggle_speed_bump/Dataset/Data/potholes/img-199_jpg.rf.6120711f954526a2c6fa1b94fd7bd4ec.jpg,c4a88c0b4be98fba580309d807be25d1f6c5bf385f7fee9209acf3bdc39776d6,720,720,false,,exclude_not_speed_bump_source_label,not used for the speed-bump supporting-class task
potholes::img-19_jpg.rf.399478ab1a20c3fcb63dc9e3d5c425f5.jpg,potholes,data/raw/v2/kaggle_speed_bump/Dataset/Data/potholes/img-19_jpg.rf.399478ab1a20c3fcb63dc9e3d5c425f5.jpg,3449753772709df2dd6dca9eed624d6726009eeb34543d6dfd8ccb1001cbb753,720,720,false,,exclude_not_speed_bump_source_label,not used for the speed-bump supporting-class task
potholes::img-1_jpg.rf.04766deb9036fc43721c26f431c3eb3d.jpg,potholes,data/raw/v2/kaggle_speed_bump/Dataset/Data/potholes/img-1_jpg.rf.04766deb9036fc43721c26f431c3eb3d.jpg,18d1f2d9adc28a0c873b1c2cab41239ec46abf67e97fe085b35a5f34b6541c4b,720,720,false,,exclude_not_speed_bump_source_label,not used for the speed-bump supporting-class task
potholes::img-202_jpg.rf.e0f6ad1db0c11daafb4625b1b6678faa.jpg,potholes,data/raw/v2/kaggle_speed_bump/Dataset/Data/potholes/img-202_jpg.rf.e0f6ad1db0c11daafb4625b1b6678faa.jpg,5f64ff9c6c0ff682ed84802139762d64a064ec58253219d82b6c2a4f883dd77e,720,720,false,,exclude_not_speed_bump_source_label,not used for the speed-bump supporting-class task
potholes::img-203_jpg.rf.29fcf9b56cd28acd7b8f97d171463785.jpg,potholes,data/raw/v2/kaggle_speed_bump/Dataset/Data/potholes/img-203_jpg.rf.29fcf9b56cd28acd7b8f97d171463785.jpg,81518b0a532886c92c66827f501ff3006d7530b041688dfd99b3acc5320ff14c,720,720,false,,exclude_not_speed_bump_source_label,not used for the speed-bump supporting-class task
potholes::img-205_jpg.rf.d1f737acba43ae7bf7374d2191904719.jpg,potholes,data/raw/v2/kaggle_speed_bump/Dataset/Data/potholes/img-205_jpg.rf.d1f737acba43ae7bf7374d2191904719.jpg,4dcdd3f35ce617111437d27bb880b230161bf38dc7b99841deb785811a074d7b,720,720,false,,exclude_not_speed_bump_source_label,not used for the speed-bump supporting-class task
potholes::img-207_jpg.rf.7a8009c01c21717ead5486e01e2580b2.jpg,potholes,data/raw/v2/kaggle_speed_bump/Dataset/Data/potholes/img-207_jpg.rf.7a8009c01c21717ead5486e01e2580b2.jpg,eb5fee6576a5bad4879c22ac742d0074ce0f7afc69e9343a9f96f47ce1d6895c,720,720,false,,exclude_not_speed_bump_source_label,not used for the speed-bump supporting-class task
potholes::img-208_jpg.rf.137d967b7b8672f47e86429a98b89252.jpg,potholes,data/raw/v2/kaggle_speed_bump/Dataset/Data/potholes/img-208_jpg.rf.137d967b7b8672f47e86429a98b89252.jpg,f0d1088f389e55bac30f5d9b782eef8f34677c85227b77e557fe50c504c76a5e,720,720,false,,exclude_not_speed_bump_source_label,not used for the speed-bump supporting-class task
potholes::img-209_jpg.rf.50a35176830c86029ddfb4d3af626c08.jpg,potholes,data/raw/v2/kaggle_speed_bump/Dataset/Data/potholes/img-209_jpg.rf.50a35176830c86029ddfb4d3af626c08.jpg,9cfbbef13027b7b277237ee4fa7a50dbeee5595eb87a30053c77a50f47a411fe,720,720,false,,exclude_not_speed_bump_source_label,not used for the speed-bump supporting-class task
potholes::img-211_jpg.rf.4aa6ae6b2af90b1fff1b5075a215641d.jpg,potholes,data/raw/v2/kaggle_speed_bump/Dataset/Data/potholes/img-211_jpg.rf.4aa6ae6b2af90b1fff1b5075a215641d.jpg,1a2542d003ba1b86a6be60db179e900fb1abe76e47e66381c462164e05375a69,720,720,false,,exclude_not_speed_bump_source_label,not used for the speed-bump supporting-class task
potholes::img-212_jpg.rf.5f7dc0f25419dc8a67116ce313c83707.jpg,potholes,data/raw/v2/kaggle_speed_bump/Dataset/Data/potholes/img-212_jpg.rf.5f7dc0f25419dc8a67116ce313c83707.jpg,97d570ed1fff2fed9f7e4cd43e379641af7f6f4b8b0e62275d66afef441dd30a,720,720,false,,exclude_not_speed_bump_source_label,not used for the speed-bump supporting-class task
potholes::img-213_jpg.rf.5a46fcca214ab83b01c26743a9dc3e72.jpg,potholes,data/raw/v2/kaggle_speed_bump/Dataset/Data/potholes/img-213_jpg.rf.5a46fcca214ab83b01c26743a9dc3e72.jpg,a9f89f4c3927b9ba3f1054db3a871a7a250e46641a5d485d5e50adfe8d9fba2c,720,720,false,,exclude_not_speed_bump_source_label,not used for the speed-bump supporting-class task
potholes::img-214_jpg.rf.a35d0cd16266cfb261319a66b469ac89.jpg,potholes,data/raw/v2/kaggle_speed_bump/Dataset/Data/potholes/img-214_jpg.rf.a35d0cd16266cfb261319a66b469ac89.jpg,512d1ca1bc73abdd45d89cc59d45b84b9d0f1e0ba8b35b793cb62b8557a6217b,720,720,false,,exclude_not_speed_bump_source_label,not used for the speed-bump supporting-class task
potholes::img-215_jpg.rf.b5e67b3aafeb154d5c904a6c663718b7.jpg,potholes,data/raw/v2/kaggle_speed_bump/Dataset/Data/potholes/img-215_jpg.rf.b5e67b3aafeb154d5c904a6c663718b7.jpg,59840f2866d5b5dbc9f0e854176d5bf36bc9b40a288bd7f08c818e478139949b,720,720,false,,exclude_not_speed_bump_source_label,not used for the speed-bump supporting-class task
potholes::img-216_jpg.rf.1a3dd495b3e6ba5f9cc43cec992021d7.jpg,potholes,data/raw/v2/kaggle_speed_bump/Dataset/Data/potholes/img-216_jpg.rf.1a3dd495b3e6ba5f9cc43cec992021d7.jpg,aa0a5175b792a6dee76b04fecc043fdaebc3f6d7eb2a995460da381566b8c49a,720,720,false,,exclude_not_speed_bump_source_label,not used for the speed-bump supporting-class task
potholes::img-218_jpg.rf.87be625afd1b1536ab3d9f5d0a000751.jpg,potholes,data/raw/v2/kaggle_speed_bump/Dataset/Data/potholes/img-218_jpg.rf.87be625afd1b1536ab3d9f5d0a000751.jpg,a2fc6dad099ec888d6e7dc6852d0234358e4d3304124321f452a5d1abe555dfc,720,720,false,,exclude_not_speed_bump_source_label,not used for the speed-bump supporting-class task
potholes::img-21_jpg.rf.4ae2f55eff42580278ecf92ee177fdd1.jpg,potholes,data/raw/v2/kaggle_speed_bump/Dataset/Data/potholes/img-21_jpg.rf.4ae2f55eff42580278ecf92ee177fdd1.jpg,7b9f3ffa2cc2b69b47a7655b7fa8bc5148a1c2b6e5453be06d28197dae61897f,720,720,false,,exclude_not_speed_bump_source_label,not used for the speed-bump supporting-class task
potholes::img-220_jpg.rf.4ffdf8738ac89d5fccf5d1e08c169af8.jpg,potholes,data/raw/v2/kaggle_speed_bump/Dataset/Data/potholes/img-220_jpg.rf.4ffdf8738ac89d5fccf5d1e08c169af8.jpg,cf4e939481cd45d1e6c6c0dd7e50266628ae43ffb4e76ee3e62c8e115d23ac2a,720,720,false,,exclude_not_speed_bump_source_label,not used for the speed-bump supporting-class task
potholes::img-221_jpg.rf.9f0d03d552a78e97c74f75c74be35e38.jpg,potholes,data/raw/v2/kaggle_speed_bump/Dataset/Data/potholes/img-221_jpg.rf.9f0d03d552a78e97c74f75c74be35e38.jpg,e1fca1745745d1f4ece63b02763e67e0d42cbc08ea906708b6a13891be23e7b3,720,720,false,,exclude_not_speed_bump_source_label,not used for the speed-bump supporting-class task
potholes::img-222_jpg.rf.a00c413e9a6bafb705147f7534664ed3.jpg,potholes,data/raw/v2/kaggle_speed_bump/Dataset/Data/potholes/img-222_jpg.rf.a00c413e9a6bafb705147f7534664ed3.jpg,e72b751569a2f90afd20ad9729b02d6aee80e73e2a983af24954f9c4fdf6db78,720,720,false,,exclude_not_speed_bump_source_label,not used for the speed-bump supporting-class task
potholes::img-223_jpg.rf.5ffeb123361acc79233a82037e058c4c.jpg,potholes,data/raw/v2/kaggle_speed_bump/Dataset/Data/potholes/img-223_jpg.rf.5ffeb123361acc79233a82037e058c4c.jpg,1a20935780f05b47f701f9acde59b18a47426626ca0fb9c2afeb119c2d764fdb,720,720,false,,exclude_not_speed_bump_source_label,not used for the speed-bump supporting-class task
potholes::img-224_jpg.rf.9cdf248fe4332b59a353f0bc70a0ea01.jpg,potholes,data/raw/v2/kaggle_speed_bump/Dataset/Data/potholes/img-224_jpg.rf.9cdf248fe4332b59a353f0bc70a0ea01.jpg,4a9d0094276412aa54b3259132c638c7d2224a908e7b8abae54a6e7297e0ef14,720,720,false,,exclude_not_speed_bump_source_label,not used for the speed-bump supporting-class task
potholes::img-226_jpg.rf.5f9874a019437b70987ae2aa665878b7.jpg,potholes,data/raw/v2/kaggle_speed_bump/Dataset/Data/potholes/img-226_jpg.rf.5f9874a019437b70987ae2aa665878b7.jpg,2245da8372ac8261f892adc760d93e435e84621acc7176c3ef9ab0c469c43a67,720,720,false,,exclude_not_speed_bump_source_label,not used for the speed-bump supporting-class task
potholes::img-227_jpg.rf.4e7fd2692cefbe4e52f4198d7f8e89ff.jpg,potholes,data/raw/v2/kaggle_speed_bump/Dataset/Data/potholes/img-227_jpg.rf.4e7fd2692cefbe4e52f4198d7f8e89ff.jpg,e40f00eb0745c08b1553ddb22ff22787f46bb1b92e99f0dc5d58d0a43f67227a,720,720,false,,exclude_not_speed_bump_source_label,not used for the speed-bump supporting-class task
potholes::img-228_jpg.rf.8170bf0af3eda9eb2c07bca7884a06a5.jpg,potholes,data/raw/v2/kaggle_speed_bump/Dataset/Data/potholes/img-228_jpg.rf.8170bf0af3eda9eb2c07bca7884a06a5.jpg,328e7d38a1d3d629fc98305fadbc2f4d7ed19a16f2018398abdfcc5e14cbdeb6,720,720,false,,exclude_not_speed_bump_source_label,not used for the speed-bump supporting-class task
potholes::img-229_jpg.rf.d4582c3c84f78d8304ed684e4af48594.jpg,potholes,data/raw/v2/kaggle_speed_bump/Dataset/Data/potholes/img-229_jpg.rf.d4582c3c84f78d8304ed684e4af48594.jpg,814e72a1078cf06e1c6cb2a96695d078bc0440ed0d773994fbc38f662a05ba06,720,720,false,,exclude_not_speed_bump_source_label,not used for the speed-bump supporting-class task
potholes::img-230_jpg.rf.39bac5bc33e3e0f64de17664289ec867.jpg,potholes,data/raw/v2/kaggle_speed_bump/Dataset/Data/potholes/img-230_jpg.rf.39bac5bc33e3e0f64de17664289ec867.jpg,5620d3f39a2428fa1d2452a6bd49d05f135384db7345012d19e4a9dca03386ef,720,720,false,,exclude_not_speed_bump_source_label,not used for the speed-bump supporting-class task
potholes::img-231_jpg.rf.1834b79b17ce894fbdc7c5334407d877.jpg,potholes,data/raw/v2/kaggle_speed_bump/Dataset/Data/potholes/img-231_jpg.rf.1834b79b17ce894fbdc7c5334407d877.jpg,bdcfd4f42645ce530cb298d0b557e23a06322cbef6faba8e645153ceaea798d2,720,720,false,,exclude_not_speed_bump_source_label,not used for the speed-bump supporting-class task
potholes::img-232_jpg.rf.e586c2966df762ffc459b84153da5380.jpg,potholes,data/raw/v2/kaggle_speed_bump/Dataset/Data/potholes/img-232_jpg.rf.e586c2966df762ffc459b84153da5380.jpg,2452a8bb518821298fef07158606de69ce06f12d203da75f62db47becefaa269,720,720,false,,exclude_not_speed_bump_source_label,not used for the speed-bump supporting-class task
potholes::img-233_jpg.rf.95f53597d4cd6932e86dce9fdbcc54c9.jpg,potholes,data/raw/v2/kaggle_speed_bump/Dataset/Data/potholes/img-233_jpg.rf.95f53597d4cd6932e86dce9fdbcc54c9.jpg,703ed221ccbcb3e8e61d3e217859007e065f36389e3f96b87850bc7be852f24e,720,720,false,,exclude_not_speed_bump_source_label,not used for the speed-bump supporting-class task
potholes::img-234_jpg.rf.cf4a8f8c19d33c53f38d6a19b3dd054b.jpg,potholes,data/raw/v2/kaggle_speed_bump/Dataset/Data/potholes/img-234_jpg.rf.cf4a8f8c19d33c53f38d6a19b3dd054b.jpg,64a16339a4d617f2d0479c67fb032f96d90b66ef4514dd9f7fc778dbfdea7819,720,720,false,,exclude_not_speed_bump_source_label,not used for the speed-bump supporting-class task
potholes::img-235_jpg.rf.030dcf4264c55859ef30294c84f77482.jpg,potholes,data/raw/v2/kaggle_speed_bump/Dataset/Data/potholes/img-235_jpg.rf.030dcf4264c55859ef30294c84f77482.jpg,fea3488826f5459ed189efdb9cfe9ffc29f9dfccefc4fc62781c2905a582ffe7,720,720,false,,exclude_not_speed_bump_source_label,not used for the speed-bump supporting-class task
potholes::img-236_jpg.rf.67dcb4e2f648c09a7c1bdc4e41fcb7ad.jpg,potholes,data/raw/v2/kaggle_speed_bump/Dataset/Data/potholes/img-236_jpg.rf.67dcb4e2f648c09a7c1bdc4e41fcb7ad.jpg,435a75dcd796d8d1a09c35d9a7163aaa40d18581fe6dd352dd9d021633351afe,720,720,false,,exclude_not_speed_bump_source_label,not used for the speed-bump supporting-class task
potholes::img-237_jpg.rf.d68dadf35426df3831bf5af536b2ebde.jpg,potholes,data/raw/v2/kaggle_speed_bump/Dataset/Data/potholes/img-237_jpg.rf.d68dadf35426df3831bf5af536b2ebde.jpg,7b450d90c66b4302f2552a838adb6c1286063531fdebc9828a0c0337ad692460,720,720,false,,exclude_not_speed_bump_source_label,not used for the speed-bump supporting-class task
potholes::img-240_jpg.rf.06da3127a48b2f044201c9b2f9755109.jpg,potholes,data/raw/v2/kaggle_speed_bump/Dataset/Data/potholes/img-240_jpg.rf.06da3127a48b2f044201c9b2f9755109.jpg,063ae5aac20a4b5d3f5408c5f5f55856f18c7dc0b95a36678cda9cfbc4d47957,720,720,false,,exclude_not_speed_bump_source_label,not used for the speed-bump supporting-class task
potholes::img-241_jpg.rf.8d98e10538fa3d678b4af250991b8a94.jpg,potholes,data/raw/v2/kaggle_speed_bump/Dataset/Data/potholes/img-241_jpg.rf.8d98e10538fa3d678b4af250991b8a94.jpg,eeb4a5e5c7acb33ffd5301fbbb214c94abe491904ceb75700e535f44ac41a3af,720,720,false,,exclude_not_speed_bump_source_label,not used for the speed-bump supporting-class task
potholes::img-242_jpg.rf.b18c9a478cd5489f76390ff90e9155dc.jpg,potholes,data/raw/v2/kaggle_speed_bump/Dataset/Data/potholes/img-242_jpg.rf.b18c9a478cd5489f76390ff90e9155dc.jpg,cf2faca6caaca5e2a021620423e51f28c13d8d8e106996f881a7ee2918499a7f,720,720,false,,exclude_not_speed_bump_source_label,not used for the speed-bump supporting-class task
potholes::img-246_jpg.rf.5093ecb9a803a42964980674d3f5d2be.jpg,potholes,data/raw/v2/kaggle_speed_bump/Dataset/Data/potholes/img-246_jpg.rf.5093ecb9a803a42964980674d3f5d2be.jpg,16d30c8dfcfbfe8c68fc265f7a9cef223e472e1403f7930f6ebc94c7e37bfc43,720,720,false,,exclude_not_speed_bump_source_label,not used for the speed-bump supporting-class task
potholes::img-247_jpg.rf.506670aed39eb7dd2d892350788582fb.jpg,potholes,data/raw/v2/kaggle_speed_bump/Dataset/Data/potholes/img-247_jpg.rf.506670aed39eb7dd2d892350788582fb.jpg,1cff35dca1fbe696201289fe1be4877bb64e65c36d4d6c3d2324dfc173528d74,720,720,false,,exclude_not_speed_bump_source_label,not used for the speed-bump supporting-class task
potholes::img-248_jpg.rf.372df8d99477b8990af9995308c81215.jpg,potholes,data/raw/v2/kaggle_speed_bump/Dataset/Data/potholes/img-248_jpg.rf.372df8d99477b8990af9995308c81215.jpg,cde270cd3350040ca8030fb4609787b28e5abf3267ced52eb7bb5a29ddb3ae7a,720,720,false,,exclude_not_speed_bump_source_label,not used for the speed-bump supporting-class task
potholes::img-249_jpg.rf.9530479784ad79a1ede2b51e62c968b4.jpg,potholes,data/raw/v2/kaggle_speed_bump/Dataset/Data/potholes/img-249_jpg.rf.9530479784ad79a1ede2b51e62c968b4.jpg,273fcb73921f6603d92ce27c494aec8767f15dcd6fcf6cc258b5723c97ea4f15,720,720,false,,exclude_not_speed_bump_source_label,not used for the speed-bump supporting-class task
potholes::img-250_jpg.rf.7632980b590d300428e1072e1f13cef1.jpg,potholes,data/raw/v2/kaggle_speed_bump/Dataset/Data/potholes/img-250_jpg.rf.7632980b590d300428e1072e1f13cef1.jpg,4e2f51ffa311a79b15fcf3c755cb45907f58a2ab3fa8d75d34c3c356374955b4,720,720,false,,exclude_not_speed_bump_source_label,not used for the speed-bump supporting-class task
potholes::img-251_jpg.rf.2e205a42d00f6497563dedaba7387613.jpg,potholes,data/raw/v2/kaggle_speed_bump/Dataset/Data/potholes/img-251_jpg.rf.2e205a42d00f6497563dedaba7387613.jpg,a37c0154ee5c82abb91baa6cb79c329c4caa0ff76039ad9f5d5ee9d3bd6b2e61,720,720,false,,exclude_not_speed_bump_source_label,not used for the speed-bump supporting-class task
potholes::img-252_jpg.rf.7d99b08ebba1e9e530480e62891dbf54.jpg,potholes,data/raw/v2/kaggle_speed_bump/Dataset/Data/potholes/img-252_jpg.rf.7d99b08ebba1e9e530480e62891dbf54.jpg,959fb4da9deea364f3374ff722d7d8dcf3ff8fef9759b9a80e277068e248ab89,720,720,false,,exclude_not_speed_bump_source_label,not used for the speed-bump supporting-class task
potholes::img-253_jpg.rf.7465b1816c7c3025abb42dfb5d1430e1.jpg,potholes,data/raw/v2/kaggle_speed_bump/Dataset/Data/potholes/img-253_jpg.rf.7465b1816c7c3025abb42dfb5d1430e1.jpg,67523109555153416b8bf10afed2bc6ca99b6d0aa43280aff9c601a4d63195c7,720,720,false,,exclude_not_speed_bump_source_label,not used for the speed-bump supporting-class task
potholes::img-255_jpg.rf.bfdc24d35627656fe644e3a7121c65fa.jpg,potholes,data/raw/v2/kaggle_speed_bump/Dataset/Data/potholes/img-255_jpg.rf.bfdc24d35627656fe644e3a7121c65fa.jpg,59d23966a93b082be9b02e802b77dbb94503507d2038e92d8cf41f3ba35f73d3,720,720,false,,exclude_not_speed_bump_source_label,not used for the speed-bump supporting-class task
potholes::img-256_jpg.rf.c762541217b28d3470b203beabf29bf7.jpg,potholes,data/raw/v2/kaggle_speed_bump/Dataset/Data/potholes/img-256_jpg.rf.c762541217b28d3470b203beabf29bf7.jpg,db17fe63ddabcef112cf306535f1c1848e7b2a90d13707b9c4762d625f53f47e,720,720,false,,exclude_not_speed_bump_source_label,not used for the speed-bump supporting-class task
potholes::img-257_jpg.rf.48ba1caa7a209835d7b6d35a797b7088.jpg,potholes,data/raw/v2/kaggle_speed_bump/Dataset/Data/potholes/img-257_jpg.rf.48ba1caa7a209835d7b6d35a797b7088.jpg,364a767c38b27757c2d3cc3f3b79e1b09f38b4b7584f295ceed591c45ee3944d,720,720,false,,exclude_not_speed_bump_source_label,not used for the speed-bump supporting-class task
potholes::img-258_jpg.rf.e8fb0662316d1be8867dd41fbee5ddde.jpg,potholes,data/raw/v2/kaggle_speed_bump/Dataset/Data/potholes/img-258_jpg.rf.e8fb0662316d1be8867dd41fbee5ddde.jpg,595cb1bec4a06a7ef068b5bc67ebc66cbade82211752c1c26e6806fcad2daeef,720,720,false,,exclude_not_speed_bump_source_label,not used for the speed-bump supporting-class task
potholes::img-259_jpg.rf.86aaa968ce87cb21d2649e95839c244d.jpg,potholes,data/raw/v2/kaggle_speed_bump/Dataset/Data/potholes/img-259_jpg.rf.86aaa968ce87cb21d2649e95839c244d.jpg,132b6642b8037aa7ab47df573f904a229aa0f345eab4c0a1dff1b76efee4c45c,720,720,false,,exclude_not_speed_bump_source_label,not used for the speed-bump supporting-class task
potholes::img-260_jpg.rf.3acd135908f14f0e9f68192fa13ea465.jpg,potholes,data/raw/v2/kaggle_speed_bump/Dataset/Data/potholes/img-260_jpg.rf.3acd135908f14f0e9f68192fa13ea465.jpg,3b068ed4a1c15cf5d49429f2253d24ff421051ec55c8da39e8ecf75e48c299c3,720,720,false,,exclude_not_speed_bump_source_label,not used for the speed-bump supporting-class task
potholes::img-261_jpg.rf.e3583096f4d7e2a182149ba9afbcfc92.jpg,potholes,data/raw/v2/kaggle_speed_bump/Dataset/Data/potholes/img-261_jpg.rf.e3583096f4d7e2a182149ba9afbcfc92.jpg,976a1971fc565ee19b4b7980221416ea61e526181cc5e9a853e1b4ccc5cc5a0f,720,720,false,,exclude_not_speed_bump_source_label,not used for the speed-bump supporting-class task
potholes::img-262_jpg.rf.3db190e680343ed338296042b9f5e3a4.jpg,potholes,data/raw/v2/kaggle_speed_bump/Dataset/Data/potholes/img-262_jpg.rf.3db190e680343ed338296042b9f5e3a4.jpg,8702cf72fff86bf565d5e7f7fcc2531c832e30efdd31413f1726009bce98ed36,720,720,false,,exclude_not_speed_bump_source_label,not used for the speed-bump supporting-class task
potholes::img-263_jpg.rf.892eb0397a70a352b0bc33f6a147d675.jpg,potholes,data/raw/v2/kaggle_speed_bump/Dataset/Data/potholes/img-263_jpg.rf.892eb0397a70a352b0bc33f6a147d675.jpg,f20630d0b22410b9dd60b5128697822c6b989b64ab741c3a714f2cf7220db7ee,720,720,false,,exclude_not_speed_bump_source_label,not used for the speed-bump supporting-class task
potholes::img-265_jpg.rf.e4c76dcfe49ab14372397a9ff5f153e8.jpg,potholes,data/raw/v2/kaggle_speed_bump/Dataset/Data/potholes/img-265_jpg.rf.e4c76dcfe49ab14372397a9ff5f153e8.jpg,9219b7372a6fb9e479ef4fb44e53e6c6642715a50b86ea2ecd42f7c60b36bd92,720,720,false,,exclude_not_speed_bump_source_label,not used for the speed-bump supporting-class task
potholes::img-266_jpg.rf.6240ac9750b2791bd481a0cb694b4a3d.jpg,potholes,data/raw/v2/kaggle_speed_bump/Dataset/Data/potholes/img-266_jpg.rf.6240ac9750b2791bd481a0cb694b4a3d.jpg,cfc9ee7d6b07d9b114246c833f484f5da45c02a43ceb3fa23230cce9c867066b,720,720,false,,exclude_not_speed_bump_source_label,not used for the speed-bump supporting-class task
potholes::img-267_jpg.rf.f50b4eccea93fe17ebcf2e4076140c88.jpg,potholes,data/raw/v2/kaggle_speed_bump/Dataset/Data/potholes/img-267_jpg.rf.f50b4eccea93fe17ebcf2e4076140c88.jpg,8e4111addea8b20779ad131aeee369605f8f165909d4d699e215375b4b8bdff8,720,720,false,,exclude_not_speed_bump_source_label,not used for the speed-bump supporting-class task
potholes::img-268_jpg.rf.08736c012f711f24b023c914e4205149.jpg,potholes,data/raw/v2/kaggle_speed_bump/Dataset/Data/potholes/img-268_jpg.rf.08736c012f711f24b023c914e4205149.jpg,db1898754792f741fbc0b66a6fbcedc0c0e97425c39c798455723c18209e695f,720,720,false,,exclude_not_speed_bump_source_label,not used for the speed-bump supporting-class task
potholes::img-26_jpg.rf.f941793f07a3bc5dda0723a0d30041ee.jpg,potholes,data/raw/v2/kaggle_speed_bump/Dataset/Data/potholes/img-26_jpg.rf.f941793f07a3bc5dda0723a0d30041ee.jpg,1c2f9d80c1e86d7c3580b50d3c4f643921a013294f8ca4cb81ae3aa5ea949c86,720,720,false,,exclude_not_speed_bump_source_label,not used for the speed-bump supporting-class task
potholes::img-270_jpg.rf.ae32377ec34641192544670bf004739e.jpg,potholes,data/raw/v2/kaggle_speed_bump/Dataset/Data/potholes/img-270_jpg.rf.ae32377ec34641192544670bf004739e.jpg,159aa750e3159bbe5e840a727528d18fe0fc106f426a2f28203c0021af42f405,720,720,false,,exclude_not_speed_bump_source_label,not used for the speed-bump supporting-class task
potholes::img-272_jpg.rf.8c1a71784795d3ee8535d76931594c9f.jpg,potholes,data/raw/v2/kaggle_speed_bump/Dataset/Data/potholes/img-272_jpg.rf.8c1a71784795d3ee8535d76931594c9f.jpg,5893463c3f02316f1c79a1e41cb1f54ce77fdf77c68b35440220ddbf25447d17,720,720,false,,exclude_not_speed_bump_source_label,not used for the speed-bump supporting-class task
potholes::img-273_jpg.rf.473d6e156e61ed75a57253643ab0328f.jpg,potholes,data/raw/v2/kaggle_speed_bump/Dataset/Data/potholes/img-273_jpg.rf.473d6e156e61ed75a57253643ab0328f.jpg,aab5eafb271048b0492b1fbffc17c11e3ec0167d0d6a0753f8490ce253a40ab0,720,720,false,,exclude_not_speed_bump_source_label,not used for the speed-bump supporting-class task
potholes::img-274_jpg.rf.816b2e4bda9e51204bf2cd2aa209fe50.jpg,potholes,data/raw/v2/kaggle_speed_bump/Dataset/Data/potholes/img-274_jpg.rf.816b2e4bda9e51204bf2cd2aa209fe50.jpg,221e3948bc946e3115424a9aeca46506d2267ef875e1310bc08fb0a0848487ca,720,720,false,,exclude_not_speed_bump_source_label,not used for the speed-bump supporting-class task
potholes::img-275_jpg.rf.59c68c48a12960c7ea86163d39f0ea4d.jpg,potholes,data/raw/v2/kaggle_speed_bump/Dataset/Data/potholes/img-275_jpg.rf.59c68c48a12960c7ea86163d39f0ea4d.jpg,86ed8a8510c9c1326fb6cf7ecffa19d48b2f4a5170b854227c9dc8ffbab2c81d,720,720,false,,exclude_not_speed_bump_source_label,not used for the speed-bump supporting-class task
potholes::img-277_jpg.rf.70a35da45babe2c725dbe4fa639e89d2.jpg,potholes,data/raw/v2/kaggle_speed_bump/Dataset/Data/potholes/img-277_jpg.rf.70a35da45babe2c725dbe4fa639e89d2.jpg,78d89309ac35f2ada7c2f74df507fc4c8c1181b092d0e3f300b652bc8450b554,720,720,false,,exclude_not_speed_bump_source_label,not used for the speed-bump supporting-class task
potholes::img-278_jpg.rf.59aabb4c0e30640a912b669ebad9cd8d.jpg,potholes,data/raw/v2/kaggle_speed_bump/Dataset/Data/potholes/img-278_jpg.rf.59aabb4c0e30640a912b669ebad9cd8d.jpg,39321a66774f4a8beab316b5dfcd119a8f9da591466cdf37dd34ccc036f66cd2,720,720,false,,exclude_not_speed_bump_source_label,not used for the speed-bump supporting-class task
potholes::img-279_jpg.rf.126ee458fab6a3983e7336bd4408e701.jpg,potholes,data/raw/v2/kaggle_speed_bump/Dataset/Data/potholes/img-279_jpg.rf.126ee458fab6a3983e7336bd4408e701.jpg,f3977a11d870bcc10c97072abd8fa1a4a41fe5f4b38f55ec593e3c054f1080cc,720,720,false,,exclude_not_speed_bump_source_label,not used for the speed-bump supporting-class task
potholes::img-280_jpg.rf.53dd1da4cff0af87558cff72138794e9.jpg,potholes,data/raw/v2/kaggle_speed_bump/Dataset/Data/potholes/img-280_jpg.rf.53dd1da4cff0af87558cff72138794e9.jpg,78b4da9cc088f8606381606c4e648f97557d4b4e7be7418f09b8358f2b88a493,720,720,false,,exclude_not_speed_bump_source_label,not used for the speed-bump supporting-class task
potholes::img-281_jpg.rf.09e7fcea8709dc8bd7d799bd346b3d0f.jpg,potholes,data/raw/v2/kaggle_speed_bump/Dataset/Data/potholes/img-281_jpg.rf.09e7fcea8709dc8bd7d799bd346b3d0f.jpg,f289eea3ba8a6a1122ace305c0c678b2fa08fc74b420e264c87d6ab1e995810b,720,720,false,,exclude_not_speed_bump_source_label,not used for the speed-bump supporting-class task
potholes::img-283_jpg.rf.b8c7a6ea440f9683c3f76d5754599a4f.jpg,potholes,data/raw/v2/kaggle_speed_bump/Dataset/Data/potholes/img-283_jpg.rf.b8c7a6ea440f9683c3f76d5754599a4f.jpg,341314b8bdb5ea6382184a49bc6620a51253430c775da60264da4dae4950360c,720,720,false,,exclude_not_speed_bump_source_label,not used for the speed-bump supporting-class task
potholes::img-284_jpg.rf.56a1dfdd07c542ee7af63580db90c1fb.jpg,potholes,data/raw/v2/kaggle_speed_bump/Dataset/Data/potholes/img-284_jpg.rf.56a1dfdd07c542ee7af63580db90c1fb.jpg,de332a43962ca3c0e73f3b12bfd0302f99ef145d362575e7f9af61acc5e5f4bf,720,720,false,,exclude_not_speed_bump_source_label,not used for the speed-bump supporting-class task
potholes::img-285_jpg.rf.7f7cf6ab5dad29d75936719c450faeed.jpg,potholes,data/raw/v2/kaggle_speed_bump/Dataset/Data/potholes/img-285_jpg.rf.7f7cf6ab5dad29d75936719c450faeed.jpg,65f7faa3e41b83346cb5051e6d4ce04af3d36d573120e56fa7b1c9aa1efc3661,720,720,false,,exclude_not_speed_bump_source_label,not used for the speed-bump supporting-class task
potholes::img-287_jpg.rf.19a805e3a1845683bb4f47af51b8de37.jpg,potholes,data/raw/v2/kaggle_speed_bump/Dataset/Data/potholes/img-287_jpg.rf.19a805e3a1845683bb4f47af51b8de37.jpg,d3a04c3ead58d5203e83a3b3d60fa943ac6b456be0d2bfea1e11aa6da7ca94a6,401,300,false,,exclude_not_speed_bump_source_label,not used for the speed-bump supporting-class task
potholes::img-288_jpg.rf.8067a6a9d79ea3dcb37e47e1e29ef88c.jpg,potholes,data/raw/v2/kaggle_speed_bump/Dataset/Data/potholes/img-288_jpg.rf.8067a6a9d79ea3dcb37e47e1e29ef88c.jpg,15f82df52c0f51cc954ec65b8e93d04ccb93591c59030aa01fb6328b640b023d,533,300,false,,exclude_not_speed_bump_source_label,not used for the speed-bump supporting-class task
potholes::img-289_jpg.rf.39d1543a1cab281dc5febdc1a16c9a4b.jpg,potholes,data/raw/v2/kaggle_speed_bump/Dataset/Data/potholes/img-289_jpg.rf.39d1543a1cab281dc5febdc1a16c9a4b.jpg,d847ff87daf72992e7fbe98cc167c082d8da14bdcf3d82c9fa36838796f8e5c0,300,442,false,,exclude_not_speed_bump_source_label,not used for the speed-bump supporting-class task
potholes::img-290_jpg.rf.6942266560522f82066038b541027d9d.jpg,potholes,data/raw/v2/kaggle_speed_bump/Dataset/Data/potholes/img-290_jpg.rf.6942266560522f82066038b541027d9d.jpg,54f51f7a83522d30504a49eb074560b7158b945fc6fc521d78ac4a68f12d92fa,533,300,false,,exclude_not_speed_bump_source_label,not used for the speed-bump supporting-class task
potholes::img-291_jpg.rf.0c1b9f687f136c9b1970efaa75d32231.jpg,potholes,data/raw/v2/kaggle_speed_bump/Dataset/Data/potholes/img-291_jpg.rf.0c1b9f687f136c9b1970efaa75d32231.jpg,2e0842eddb6b79a8ab8401300ad3f3221e9e129630c3b31d05f61662e3896568,536,300,false,,exclude_not_speed_bump_source_label,not used for the speed-bump supporting-class task
potholes::img-292_jpg.rf.e4018e1f8e44152360a48e5232297f2a.jpg,potholes,data/raw/v2/kaggle_speed_bump/Dataset/Data/potholes/img-292_jpg.rf.e4018e1f8e44152360a48e5232297f2a.jpg,53c1f98332d971fcc00c65112f15e18425b7004889ab5b5c67b4110276211781,300,444,false,,exclude_not_speed_bump_source_label,not used for the speed-bump supporting-class task
potholes::img-293_jpg.rf.ca6c3ef3ac903d9e5263cc24099bbb61.jpg,potholes,data/raw/v2/kaggle_speed_bump/Dataset/Data/potholes/img-293_jpg.rf.ca6c3ef3ac903d9e5263cc24099bbb61.jpg,193b4049b703b0506790bd1dfc66ce8e14bfdcb99844228a786fd6c78b7a31f0,400,300,false,,exclude_not_speed_bump_source_label,not used for the speed-bump supporting-class task
potholes::img-295_jpg.rf.9cfbc106f3396aeb13d3f99c391ce64b.jpg,potholes,data/raw/v2/kaggle_speed_bump/Dataset/Data/potholes/img-295_jpg.rf.9cfbc106f3396aeb13d3f99c391ce64b.jpg,1eb44b58e81b89a6ded8f009e72fffa66fb811f6ca662fb281a3319be30c4334,533,300,false,,exclude_not_speed_bump_source_label,not used for the speed-bump supporting-class task
potholes::img-296_jpg.rf.3e33f2944f9d71c053850d09577d220d.jpg,potholes,data/raw/v2/kaggle_speed_bump/Dataset/Data/potholes/img-296_jpg.rf.3e33f2944f9d71c053850d09577d220d.jpg,32405b6a17f48b71a41116bfed363d0c3b3b9927b84f093b7e8712bc4048f4c2,544,300,false,,exclude_not_speed_bump_source_label,not used for the speed-bump supporting-class task
potholes::img-297_jpg.rf.e43461bec653e71c229ca2c309aca359.jpg,potholes,data/raw/v2/kaggle_speed_bump/Dataset/Data/potholes/img-297_jpg.rf.e43461bec653e71c229ca2c309aca359.jpg,67217ec660a128397d65c6ad79d88d2d94f4fef9f41ecadcd46eabe52c8f532f,533,300,false,,exclude_not_speed_bump_source_label,not used for the speed-bump supporting-class task
potholes::img-298_jpg.rf.cf838b3dd4c5b5cc89710916246f3a87.jpg,potholes,data/raw/v2/kaggle_speed_bump/Dataset/Data/potholes/img-298_jpg.rf.cf838b3dd4c5b5cc89710916246f3a87.jpg,73d6a3970679bfdbf07a130289b89ea2507eca8db61edcbc0fb270463f25a7fc,449,300,false,,exclude_not_speed_bump_source_label,not used for the speed-bump supporting-class task
potholes::img-299_jpg.rf.175bd48885a00ca91af2cde359d324ba.jpg,potholes,data/raw/v2/kaggle_speed_bump/Dataset/Data/potholes/img-299_jpg.rf.175bd48885a00ca91af2cde359d324ba.jpg,8bdc2d6b6d35017aa04ba2ec625bf16233a42dad67219cd5e1ffa5561a38fadf,453,300,false,,exclude_not_speed_bump_source_label,not used for the speed-bump supporting-class task
potholes::img-2_jpg.rf.962d887972144063f0280f7969d29c23.jpg,potholes,data/raw/v2/kaggle_speed_bump/Dataset/Data/potholes/img-2_jpg.rf.962d887972144063f0280f7969d29c23.jpg,e15e40659eef3a46544fb4ab4a2d00731a18f8f0999dcd7b88a24923da4516ad,720,720,false,,exclude_not_speed_bump_source_label,not used for the speed-bump supporting-class task
potholes::img-301_jpg.rf.51e9d06820d0d552e497d66f5981e7a1.jpg,potholes,data/raw/v2/kaggle_speed_bump/Dataset/Data/potholes/img-301_jpg.rf.51e9d06820d0d552e497d66f5981e7a1.jpg,f1402b9acb5dcd4e2199eb8ad46ff88213d45e0b50cc6055a10fe9b53bb50963,534,300,false,,exclude_not_speed_bump_source_label,not used for the speed-bump supporting-class task
potholes::img-302_jpg.rf.c7375ad32e8d0337bd7d27034f3764eb.jpg,potholes,data/raw/v2/kaggle_speed_bump/Dataset/Data/potholes/img-302_jpg.rf.c7375ad32e8d0337bd7d27034f3764eb.jpg,deba4c556931454786a800c4680acd9057dfdb5504a4ed2d5119a0e81069759f,400,300,false,,exclude_not_speed_bump_source_label,not used for the speed-bump supporting-class task
potholes::img-304_jpg.rf.766574a013cc869e66df180f60295457.jpg,potholes,data/raw/v2/kaggle_speed_bump/Dataset/Data/potholes/img-304_jpg.rf.766574a013cc869e66df180f60295457.jpg,56c152bb00327556b56719291776bdef3cb91b29d948be68208772fad2f0a9a5,503,300,false,,exclude_not_speed_bump_source_label,not used for the speed-bump supporting-class task
potholes::img-305_jpg.rf.564405f2ae91fe75f3f54639e295f1e2.jpg,potholes,data/raw/v2/kaggle_speed_bump/Dataset/Data/potholes/img-305_jpg.rf.564405f2ae91fe75f3f54639e295f1e2.jpg,981f86bcd241e33d3fa5c547917fdc2d2e7a66af954ab4ca7343b80781431b3c,574,300,false,,exclude_not_speed_bump_source_label,not used for the speed-bump supporting-class task
potholes::img-306_jpg.rf.67a9eb5c5890617d59e58e98a0a86d69.jpg,potholes,data/raw/v2/kaggle_speed_bump/Dataset/Data/potholes/img-306_jpg.rf.67a9eb5c5890617d59e58e98a0a86d69.jpg,6cf638222f27ebbeed9aae0fbe28146dd998c0ffa3908d4938e1c06488fe7202,533,300,false,,exclude_not_speed_bump_source_label,not used for the speed-bump supporting-class task
potholes::img-309_jpg.rf.e8b8a5e1969e8e71b448aa7c83206264.jpg,potholes,data/raw/v2/kaggle_speed_bump/Dataset/Data/potholes/img-309_jpg.rf.e8b8a5e1969e8e71b448aa7c83206264.jpg,1a1bc8f244e0e0a9338c7097cc228a7462b86fd9c89ffd380edd420d85c01637,533,300,false,,exclude_not_speed_bump_source_label,not used for the speed-bump supporting-class task
potholes::img-30_jpg.rf.57889ecb807059b4adc0032995228d2a.jpg,potholes,data/raw/v2/kaggle_speed_bump/Dataset/Data/potholes/img-30_jpg.rf.57889ecb807059b4adc0032995228d2a.jpg,c3d69cc5ac85bc4f5be719c5a1dae5dff7750a9fffcdb88671394eab716e1b75,720,720,false,,exclude_not_speed_bump_source_label,not used for the speed-bump supporting-class task
potholes::img-310_jpg.rf.30a2a42ac01cf4b630874592f4d801ef.jpg,potholes,data/raw/v2/kaggle_speed_bump/Dataset/Data/potholes/img-310_jpg.rf.30a2a42ac01cf4b630874592f4d801ef.jpg,7c7461a373ba2687b1d68ccbdc4f9826d020367b2c5963454a92c441ad5cd937,451,300,false,,exclude_not_speed_bump_source_label,not used for the speed-bump supporting-class task
potholes::img-313_jpg.rf.9ba7cf2cdf11c9fe19b4ad52db2ecac7.jpg,potholes,data/raw/v2/kaggle_speed_bump/Dataset/Data/potholes/img-313_jpg.rf.9ba7cf2cdf11c9fe19b4ad52db2ecac7.jpg,b1b8043e8704ccb9674edc38ea0fa24ec55616cd5af5bf8f07f6c82d4c1b3051,400,300,false,,exclude_not_speed_bump_source_label,not used for the speed-bump supporting-class task
potholes::img-314_jpg.rf.a3e7ac0036589996b9c9eb1eb44fb1ad.jpg,potholes,data/raw/v2/kaggle_speed_bump/Dataset/Data/potholes/img-314_jpg.rf.a3e7ac0036589996b9c9eb1eb44fb1ad.jpg,0eed5852f928205d0301b9c636c9921ccfdf4d127493915a2137df66d2fe99a4,450,300,false,,exclude_not_speed_bump_source_label,not used for the speed-bump supporting-class task
potholes::img-315_jpg.rf.654c8e0f66209d380f063ed5bf9d5187.jpg,potholes,data/raw/v2/kaggle_speed_bump/Dataset/Data/potholes/img-315_jpg.rf.654c8e0f66209d380f063ed5bf9d5187.jpg,854213e548f91ee7ccb9aea06915168ae13d36f7fe1163580517d012a26927ba,450,300,false,,exclude_not_speed_bump_source_label,not used for the speed-bump supporting-class task
potholes::img-316_jpg.rf.c144f8327780a2f710a79c3c2b5d0f07.jpg,potholes,data/raw/v2/kaggle_speed_bump/Dataset/Data/potholes/img-316_jpg.rf.c144f8327780a2f710a79c3c2b5d0f07.jpg,71d93412b388a2fc4f29de58358792dc0dabe1af0d4853dde01e85d15131c60a,458,300,false,,exclude_not_speed_bump_source_label,not used for the speed-bump supporting-class task
potholes::img-317_jpg.rf.770d0c5b7340eea3208d88b0800066da.jpg,potholes,data/raw/v2/kaggle_speed_bump/Dataset/Data/potholes/img-317_jpg.rf.770d0c5b7340eea3208d88b0800066da.jpg,fb98e07fc6fb990fea264137babdd40ea91434cf57a1982228cecba1eec2cac6,450,300,false,,exclude_not_speed_bump_source_label,not used for the speed-bump supporting-class task
potholes::img-318_jpg.rf.3cdda5b6cffa77075c11b9bdfd8cf26f.jpg,potholes,data/raw/v2/kaggle_speed_bump/Dataset/Data/potholes/img-318_jpg.rf.3cdda5b6cffa77075c11b9bdfd8cf26f.jpg,2752bf5978a9111ea8ea13bdbdf42eec1b594385054cb3634c9c3502e2ec577f,489,300,false,,exclude_not_speed_bump_source_label,not used for the speed-bump supporting-class task
potholes::img-319_jpg.rf.22b65d4f7c9aa300d0878e9424a40d67.jpg,potholes,data/raw/v2/kaggle_speed_bump/Dataset/Data/potholes/img-319_jpg.rf.22b65d4f7c9aa300d0878e9424a40d67.jpg,0581aeb037d230ed8ae201b643d68539c8a7e074bee7c9dc6dd29b9c12e7eabd,300,369,false,,exclude_not_speed_bump_source_label,not used for the speed-bump supporting-class task
potholes::img-31_jpg.rf.04f6a2c9ec048f70c2faeb7e4193784d.jpg,potholes,data/raw/v2/kaggle_speed_bump/Dataset/Data/potholes/img-31_jpg.rf.04f6a2c9ec048f70c2faeb7e4193784d.jpg,9444b3bf8d6fe275f5959095b0eb9ef8fd55391eb26d9d99600778970cbbc91e,720,720,false,,exclude_not_speed_bump_source_label,not used for the speed-bump supporting-class task
potholes::img-320_jpg.rf.0765b31c7ff97bf3c391782c13bb9818.jpg,potholes,data/raw/v2/kaggle_speed_bump/Dataset/Data/potholes/img-320_jpg.rf.0765b31c7ff97bf3c391782c13bb9818.jpg,12be07ce4ab3d969560b2d5ead853e015941687e8adbc7b1e5d0bdd5d7ca587a,688,300,false,,exclude_not_speed_bump_source_label,not used for the speed-bump supporting-class task
potholes::img-321_jpg.rf.663ad0ed3ef90b48f212d451aa82aba9.jpg,potholes,data/raw/v2/kaggle_speed_bump/Dataset/Data/potholes/img-321_jpg.rf.663ad0ed3ef90b48f212d451aa82aba9.jpg,cb7fdcacde7857a1982640d398e1350163ab46770a90bf84e00f92cc46cfc0f6,300,300,false,,exclude_not_speed_bump_source_label,not used for the speed-bump supporting-class task
potholes::img-322_jpg.rf.9fd7d306b3ecd5ae42cdff1b02b0db99.jpg,potholes,data/raw/v2/kaggle_speed_bump/Dataset/Data/potholes/img-322_jpg.rf.9fd7d306b3ecd5ae42cdff1b02b0db99.jpg,e2f94ac5cbd802108739de3bad78b5eb49c00fb778f0ffc745699d018e9e1c39,453,300,false,,exclude_not_speed_bump_source_label,not used for the speed-bump supporting-class task
potholes::img-324_jpg.rf.74f09e96882cde7edbd59f92e7ecdf02.jpg,potholes,data/raw/v2/kaggle_speed_bump/Dataset/Data/potholes/img-324_jpg.rf.74f09e96882cde7edbd59f92e7ecdf02.jpg,db63417f49ce6e4c9c59c1d0262c51bbc00ef21527726b6756bff882b0be6d27,450,300,false,,exclude_not_speed_bump_source_label,not used for the speed-bump supporting-class task
potholes::img-325_jpg.rf.fc14997c5d5d229bcb148997947b64b5.jpg,potholes,data/raw/v2/kaggle_speed_bump/Dataset/Data/potholes/img-325_jpg.rf.fc14997c5d5d229bcb148997947b64b5.jpg,665f7026154b396411370f99eeac92435d286056a8a8b77ebffc1fded1212ca9,533,300,false,,exclude_not_speed_bump_source_label,not used for the speed-bump supporting-class task
potholes::img-326_jpg.rf.25f754ec5e29d2861ed7c05c1129a4dc.jpg,potholes,data/raw/v2/kaggle_speed_bump/Dataset/Data/potholes/img-326_jpg.rf.25f754ec5e29d2861ed7c05c1129a4dc.jpg,65d81e065f8a43621ea44fd7b84af90db85d215a84dee0abead17922f1dc6069,442,300,false,,exclude_not_speed_bump_source_label,not used for the speed-bump supporting-class task
potholes::img-327_jpg.rf.42714a663bc342d0dc175ebab152356d.jpg,potholes,data/raw/v2/kaggle_speed_bump/Dataset/Data/potholes/img-327_jpg.rf.42714a663bc342d0dc175ebab152356d.jpg,ce2116f7ed1ed06efaea2e610302fc93953f42c0db017e93fd3c2640961bab39,600,300,false,,exclude_not_speed_bump_source_label,not used for the speed-bump supporting-class task
potholes::img-328_jpg.rf.ac423267e0e078bbc60d0e6960c5167c.jpg,potholes,data/raw/v2/kaggle_speed_bump/Dataset/Data/potholes/img-328_jpg.rf.ac423267e0e078bbc60d0e6960c5167c.jpg,55e95ac0b9ada067946cf5378f2a1b81b382456ae82e860da8170f531a3c565f,418,300,false,,exclude_not_speed_bump_source_label,not used for the speed-bump supporting-class task
potholes::img-329_jpg.rf.622561b6e0873d93eeedcb6770b851da.jpg,potholes,data/raw/v2/kaggle_speed_bump/Dataset/Data/potholes/img-329_jpg.rf.622561b6e0873d93eeedcb6770b851da.jpg,dc614a8e55131d865b9235b463286f5d1ee88c5c0d015507851056fa11b950f8,667,300,false,,exclude_not_speed_bump_source_label,not used for the speed-bump supporting-class task
potholes::img-330_jpg.rf.d9de506be8be5a379c88f7fe78ca8253.jpg,potholes,data/raw/v2/kaggle_speed_bump/Dataset/Data/potholes/img-330_jpg.rf.d9de506be8be5a379c88f7fe78ca8253.jpg,5046fd112eb39668ba047cf55e56d6357d39bac282bf4f767b3ed29217e9d4fd,300,400,false,,exclude_not_speed_bump_source_label,not used for the speed-bump supporting-class task
potholes::img-331_jpg.rf.7e9a42665269c16ef3a3fde22dd626b9.jpg,potholes,data/raw/v2/kaggle_speed_bump/Dataset/Data/potholes/img-331_jpg.rf.7e9a42665269c16ef3a3fde22dd626b9.jpg,86e4c6c93773d431b308813e5d6f43d0ea050ce4cbf3abce2186fc347662a2f7,366,300,false,,exclude_not_speed_bump_source_label,not used for the speed-bump supporting-class task
potholes::img-332_jpg.rf.edbf67c28f12aff498f83cff3736dd97.jpg,potholes,data/raw/v2/kaggle_speed_bump/Dataset/Data/potholes/img-332_jpg.rf.edbf67c28f12aff498f83cff3736dd97.jpg,8b00cf01e66d43a7f93846adb529bf579d60579d0558946ad4b9408cd74de8af,480,300,false,,exclude_not_speed_bump_source_label,not used for the speed-bump supporting-class task
potholes::img-333_jpg.rf.a795e5b4a275dca433e557d9dfd6acec.jpg,potholes,data/raw/v2/kaggle_speed_bump/Dataset/Data/potholes/img-333_jpg.rf.a795e5b4a275dca433e557d9dfd6acec.jpg,d0696627c120de2e7424ea6ef6e69acc4ffd6a90e8458e8794c6989b637a413a,451,300,false,,exclude_not_speed_bump_source_label,not used for the speed-bump supporting-class task
potholes::img-339_jpg.rf.774e42a110ef70cd2e176956b9a25254.jpg,potholes,data/raw/v2/kaggle_speed_bump/Dataset/Data/potholes/img-339_jpg.rf.774e42a110ef70cd2e176956b9a25254.jpg,6461e2b9d159cf5706467e8e608d190ba6ccd2f1bb16e6bcf7f4d62a3a8bb92f,553,300,false,,exclude_not_speed_bump_source_label,not used for the speed-bump supporting-class task
potholes::img-340_jpg.rf.dc85eeca2369ccd5e0f6e81ae6a9482a.jpg,potholes,data/raw/v2/kaggle_speed_bump/Dataset/Data/potholes/img-340_jpg.rf.dc85eeca2369ccd5e0f6e81ae6a9482a.jpg,513438b838293ab418cee4cd8f2ebab604b9b022a26bb6ef647a98526413479e,450,300,false,,exclude_not_speed_bump_source_label,not used for the speed-bump supporting-class task
potholes::img-341_jpg.rf.7e6dcbcdf1805587819dc6cdcab56ac6.jpg,potholes,data/raw/v2/kaggle_speed_bump/Dataset/Data/potholes/img-341_jpg.rf.7e6dcbcdf1805587819dc6cdcab56ac6.jpg,df90453dbc61756b6c4a6db56a39b0302a49863d2ded38b3733bd6076fecb450,453,300,false,,exclude_not_speed_bump_source_label,not used for the speed-bump supporting-class task
potholes::img-342_jpg.rf.a635f2b522f97763152361b6b7e92ab5.jpg,potholes,data/raw/v2/kaggle_speed_bump/Dataset/Data/potholes/img-342_jpg.rf.a635f2b522f97763152361b6b7e92ab5.jpg,ad8eccd66ad34e3f5f705ae1f7373bf263df35f79450464ecde3dc5d9d11aea6,450,300,false,,exclude_not_speed_bump_source_label,not used for the speed-bump supporting-class task
potholes::img-345_jpg.rf.cb2f7a70ab689aee871ec218ca2a1c17.jpg,potholes,data/raw/v2/kaggle_speed_bump/Dataset/Data/potholes/img-345_jpg.rf.cb2f7a70ab689aee871ec218ca2a1c17.jpg,adfa7b3076b71355898f531619a0ef024ad8949bcedd928dee65336dc39d6cda,514,300,false,,exclude_not_speed_bump_source_label,not used for the speed-bump supporting-class task
potholes::img-346_jpg.rf.7579261f0cdfffb527ad924a9cf86279.jpg,potholes,data/raw/v2/kaggle_speed_bump/Dataset/Data/potholes/img-346_jpg.rf.7579261f0cdfffb527ad924a9cf86279.jpg,689b72c61335f2853bb3c65a5680c37fc127f0456c0c6957ec6df4f92f3f6e50,345,300,false,,exclude_not_speed_bump_source_label,not used for the speed-bump supporting-class task
potholes::img-348_jpg.rf.7f69a937375f8585653476522d546025.jpg,potholes,data/raw/v2/kaggle_speed_bump/Dataset/Data/potholes/img-348_jpg.rf.7f69a937375f8585653476522d546025.jpg,a41ead33c0e487788a2d081a016c61e11118fd47531d07e359792f5093645172,362,300,false,,exclude_not_speed_bump_source_label,not used for the speed-bump supporting-class task
potholes::img-349_jpg.rf.6641cef8561560b1437a093be86abf1e.jpg,potholes,data/raw/v2/kaggle_speed_bump/Dataset/Data/potholes/img-349_jpg.rf.6641cef8561560b1437a093be86abf1e.jpg,618cad11d2bf19cfcb94a82e290b1e96fd7183d56db02a7365a627b973400c51,452,300,false,,exclude_not_speed_bump_source_label,not used for the speed-bump supporting-class task
potholes::img-351_jpg.rf.123b3f4e806dcfb111186da693c996c9.jpg,potholes,data/raw/v2/kaggle_speed_bump/Dataset/Data/potholes/img-351_jpg.rf.123b3f4e806dcfb111186da693c996c9.jpg,1f0fa16c7fc7930fa129e3363707e247a552289a86fb800707ab1d394185c4a4,533,300,false,,exclude_not_speed_bump_source_label,not used for the speed-bump supporting-class task
potholes::img-352_jpg.rf.7071e9840456e2ef41927696dddb3a5a.jpg,potholes,data/raw/v2/kaggle_speed_bump/Dataset/Data/potholes/img-352_jpg.rf.7071e9840456e2ef41927696dddb3a5a.jpg,88c3e5e539a0f33d9583200a4267960070072d2d5e6b02d30753655e1d741f05,400,300,false,,exclude_not_speed_bump_source_label,not used for the speed-bump supporting-class task
potholes::img-354_jpg.rf.a4fcd1798fe466fa035172521e93fe6d.jpg,potholes,data/raw/v2/kaggle_speed_bump/Dataset/Data/potholes/img-354_jpg.rf.a4fcd1798fe466fa035172521e93fe6d.jpg,1f221628c6f85aa95290c066ef6e377535210c62be50602b518958a0ddff2409,400,300,false,,exclude_not_speed_bump_source_label,not used for the speed-bump supporting-class task
potholes::img-355_jpg.rf.9cddc7f638d211138c7f3d79550da363.jpg,potholes,data/raw/v2/kaggle_speed_bump/Dataset/Data/potholes/img-355_jpg.rf.9cddc7f638d211138c7f3d79550da363.jpg,22645b38545e6f50892172215bb033db7f63e61e106d3d950f4917e06523ca16,300,400,false,,exclude_not_speed_bump_source_label,not used for the speed-bump supporting-class task
potholes::img-356_jpg.rf.4b2038d60de2fe914265bcb23cf05f89.jpg,potholes,data/raw/v2/kaggle_speed_bump/Dataset/Data/potholes/img-356_jpg.rf.4b2038d60de2fe914265bcb23cf05f89.jpg,ec4c33c2d911d26d58359d2f049bbc6b506b8ae866feb0edc89c8a682083e44e,533,300,false,,exclude_not_speed_bump_source_label,not used for the speed-bump supporting-class task
potholes::img-38_jpg.rf.afd62a6bd8518395cf339db67500b1e1.jpg,potholes,data/raw/v2/kaggle_speed_bump/Dataset/Data/potholes/img-38_jpg.rf.afd62a6bd8518395cf339db67500b1e1.jpg,95592e26a1dac1b60fe646a10dd2d84aa463cafd44c28b37dba7cadcc0e2e858,720,720,false,,exclude_not_speed_bump_source_label,not used for the speed-bump supporting-class task
potholes::img-39_jpg.rf.a4ba4e9ad51da5bf7e864ca580d09931.jpg,potholes,data/raw/v2/kaggle_speed_bump/Dataset/Data/potholes/img-39_jpg.rf.a4ba4e9ad51da5bf7e864ca580d09931.jpg,4d9d56c1b83f08a435c0c77259bac4fc16c799abe8ec0b99d5589db4996bc98c,720,720,false,,exclude_not_speed_bump_source_label,not used for the speed-bump supporting-class task
potholes::img-3_jpg.rf.64d155e488ceaac83020a728ca1f70d1.jpg,potholes,data/raw/v2/kaggle_speed_bump/Dataset/Data/potholes/img-3_jpg.rf.64d155e488ceaac83020a728ca1f70d1.jpg,3d4ac95f393a0efccb05727fe8e9f8f68ac7e128e0b2aa4eb4560d1178dd6011,720,720,false,,exclude_not_speed_bump_source_label,not used for the speed-bump supporting-class task
potholes::img-40_jpg.rf.bbdba0361130b13cc0e77e2f80b6e3d7.jpg,potholes,data/raw/v2/kaggle_speed_bump/Dataset/Data/potholes/img-40_jpg.rf.bbdba0361130b13cc0e77e2f80b6e3d7.jpg,75f096f30a39bc042dee03f3a7f4fde2b5315fdd419bba28363f6145cd989dcb,720,720,false,,exclude_not_speed_bump_source_label,not used for the speed-bump supporting-class task
potholes::img-45_jpg.rf.e872f0163ffadc7f06542bdf9d17d8bb.jpg,potholes,data/raw/v2/kaggle_speed_bump/Dataset/Data/potholes/img-45_jpg.rf.e872f0163ffadc7f06542bdf9d17d8bb.jpg,5dce8470fc5273958cad05c00a448d1ddc95329712c686d0eaf9dbdb88ab7072,720,720,false,,exclude_not_speed_bump_source_label,not used for the speed-bump supporting-class task
potholes::img-48_jpg.rf.80aab2de449196e47a920e6e3e1557ce.jpg,potholes,data/raw/v2/kaggle_speed_bump/Dataset/Data/potholes/img-48_jpg.rf.80aab2de449196e47a920e6e3e1557ce.jpg,872e4ee0deaa796ec181b54d47b9651239567435ca2093630dde12aefda7e0f2,720,720,false,,exclude_not_speed_bump_source_label,not used for the speed-bump supporting-class task
potholes::img-49_jpg.rf.d01d16f6ca4e230e7b2e1e35f8288e02.jpg,potholes,data/raw/v2/kaggle_speed_bump/Dataset/Data/potholes/img-49_jpg.rf.d01d16f6ca4e230e7b2e1e35f8288e02.jpg,8dbb7d86b14396dd0e0e6e26f5b64a2354baadf4b686efcb00a5abd0a0ec2403,720,720,false,,exclude_not_speed_bump_source_label,not used for the speed-bump supporting-class task
potholes::img-4_jpg.rf.11ae6e7fa2785e9062e1dd8c234333d9.jpg,potholes,data/raw/v2/kaggle_speed_bump/Dataset/Data/potholes/img-4_jpg.rf.11ae6e7fa2785e9062e1dd8c234333d9.jpg,221427d386b35c163f7dbe1edade3e48a007b52c41964c73d99bf88dd8afc61e,720,720,false,,exclude_not_speed_bump_source_label,not used for the speed-bump supporting-class task
potholes::img-51_jpg.rf.e76dba0e33058fcd7ac509c0e2fbf0ce.jpg,potholes,data/raw/v2/kaggle_speed_bump/Dataset/Data/potholes/img-51_jpg.rf.e76dba0e33058fcd7ac509c0e2fbf0ce.jpg,c75d7a53b452bc5d6bf46d0493cdfa35b5fb521ac17953250e1dbc5820c25c8d,720,720,false,,exclude_not_speed_bump_source_label,not used for the speed-bump supporting-class task
potholes::img-52_jpg.rf.f95bed5b5d7b75aca48be59a17751be5.jpg,potholes,data/raw/v2/kaggle_speed_bump/Dataset/Data/potholes/img-52_jpg.rf.f95bed5b5d7b75aca48be59a17751be5.jpg,c9ccbe4a77fed28cf228561430126f93ec04ca932e0839d307fb248c23ae5c22,720,720,false,,exclude_not_speed_bump_source_label,not used for the speed-bump supporting-class task
potholes::img-53_jpg.rf.0a3288162e47d617b9108c8b7027f362.jpg,potholes,data/raw/v2/kaggle_speed_bump/Dataset/Data/potholes/img-53_jpg.rf.0a3288162e47d617b9108c8b7027f362.jpg,077a5757848ffdb0b6eb69757269f88bfb28801e0782b1242b349c0af0896b33,720,720,false,,exclude_not_speed_bump_source_label,not used for the speed-bump supporting-class task
potholes::img-54_jpg.rf.f2eb8e6eddfbada99ebc025c400123b6.jpg,potholes,data/raw/v2/kaggle_speed_bump/Dataset/Data/potholes/img-54_jpg.rf.f2eb8e6eddfbada99ebc025c400123b6.jpg,d1f43a9dccea4f1fc92c3fd08d47666c2b3b8c86642985c6e8df2bed53938e8d,720,720,false,,exclude_not_speed_bump_source_label,not used for the speed-bump supporting-class task
potholes::img-55_jpg.rf.1b8af76b80e22349171b71e533fa126d.jpg,potholes,data/raw/v2/kaggle_speed_bump/Dataset/Data/potholes/img-55_jpg.rf.1b8af76b80e22349171b71e533fa126d.jpg,6cdf28db771d201ff339548776f1a5357583a823071122b443230fbca7f82ccd,720,720,false,,exclude_not_speed_bump_source_label,not used for the speed-bump supporting-class task
potholes::img-56_jpg.rf.f8fd2a331afb8baf1cd530144b8dcbf0.jpg,potholes,data/raw/v2/kaggle_speed_bump/Dataset/Data/potholes/img-56_jpg.rf.f8fd2a331afb8baf1cd530144b8dcbf0.jpg,502c0458e55516e5bbfe3a74fbbcdd17c85b811c7ac409eca19f93c0236cb7a6,720,720,false,,exclude_not_speed_bump_source_label,not used for the speed-bump supporting-class task
potholes::img-57_jpg.rf.9992e945c7131d09ceb361ef353dc560.jpg,potholes,data/raw/v2/kaggle_speed_bump/Dataset/Data/potholes/img-57_jpg.rf.9992e945c7131d09ceb361ef353dc560.jpg,b9fb7dbc7a88c02072221ce2d3a3233727493f93c8068b4815b58f4f61b0b6ce,720,720,false,,exclude_not_speed_bump_source_label,not used for the speed-bump supporting-class task
potholes::img-58_jpg.rf.e1472bdd09e11193dfe82afc2a0b6e9f.jpg,potholes,data/raw/v2/kaggle_speed_bump/Dataset/Data/potholes/img-58_jpg.rf.e1472bdd09e11193dfe82afc2a0b6e9f.jpg,d7af3acc33e78a1c126ee6c410c169bb7f704a17360e18b7ad927db276fe8d65,720,720,false,,exclude_not_speed_bump_source_label,not used for the speed-bump supporting-class task
potholes::img-59_jpg.rf.5b0be5064b3641271cd16f2fc35f840f.jpg,potholes,data/raw/v2/kaggle_speed_bump/Dataset/Data/potholes/img-59_jpg.rf.5b0be5064b3641271cd16f2fc35f840f.jpg,c14e4c4397aebeb2e68081934cc8936d6d9662531aef0a5cbffb3c8c02bcc409,720,720,false,,exclude_not_speed_bump_source_label,not used for the speed-bump supporting-class task
potholes::img-5_jpg.rf.22d6ac3fcee8b8da274f6c1d625215e2.jpg,potholes,data/raw/v2/kaggle_speed_bump/Dataset/Data/potholes/img-5_jpg.rf.22d6ac3fcee8b8da274f6c1d625215e2.jpg,6d0480931a69bf9f78fb889cf6494738d456e620e6c1e5f6b85c372ecaf7e5f0,720,720,false,,exclude_not_speed_bump_source_label,not used for the speed-bump supporting-class task
potholes::img-61_jpg.rf.2000a63661f2976215d740c84a7fa546.jpg,potholes,data/raw/v2/kaggle_speed_bump/Dataset/Data/potholes/img-61_jpg.rf.2000a63661f2976215d740c84a7fa546.jpg,44ee4626f212fc3c9e8cbc45a7944d979d51a879fc2ac22e08c52e68369d65f5,720,720,false,,exclude_not_speed_bump_source_label,not used for the speed-bump supporting-class task
potholes::img-62_jpg.rf.8c5233a41dc5fe17412129d1e9b7ad88.jpg,potholes,data/raw/v2/kaggle_speed_bump/Dataset/Data/potholes/img-62_jpg.rf.8c5233a41dc5fe17412129d1e9b7ad88.jpg,a9d061ac9b84f34813513c81653c2b57e4cb972d95bf92f624e93019c2be3ed5,720,720,false,,exclude_not_speed_bump_source_label,not used for the speed-bump supporting-class task
potholes::img-63_jpg.rf.9aa76f7292d30d50dd111ad2e580b6fd.jpg,potholes,data/raw/v2/kaggle_speed_bump/Dataset/Data/potholes/img-63_jpg.rf.9aa76f7292d30d50dd111ad2e580b6fd.jpg,13b5fa342c1466b26e72848c2b75e8d55ddd30e7c83d45c2dc2e8f4e2bd9968a,720,720,false,,exclude_not_speed_bump_source_label,not used for the speed-bump supporting-class task
potholes::img-64_jpg.rf.87f8620de24096f7cceb3e1a38ca2bdf.jpg,potholes,data/raw/v2/kaggle_speed_bump/Dataset/Data/potholes/img-64_jpg.rf.87f8620de24096f7cceb3e1a38ca2bdf.jpg,43ea9ee82808f738ebe72f368876a62a158a4494039387abf61cd970a3fb730f,720,720,false,,exclude_not_speed_bump_source_label,not used for the speed-bump supporting-class task
potholes::img-66_jpg.rf.356b50eb43676369ecee335108c3709f.jpg,potholes,data/raw/v2/kaggle_speed_bump/Dataset/Data/potholes/img-66_jpg.rf.356b50eb43676369ecee335108c3709f.jpg,47494d565d41f203608d530d7a68f26323146da8470f38dd9d5946045413dafe,720,720,false,,exclude_not_speed_bump_source_label,not used for the speed-bump supporting-class task
potholes::img-6_jpg.rf.a961e413341cc4216cddc1c46e76d13f.jpg,potholes,data/raw/v2/kaggle_speed_bump/Dataset/Data/potholes/img-6_jpg.rf.a961e413341cc4216cddc1c46e76d13f.jpg,b59f30ed826de316ec1d7d2d8591466789cd03344d4f9d22998fc6615f9f63a3,720,720,false,,exclude_not_speed_bump_source_label,not used for the speed-bump supporting-class task
potholes::img-70_jpg.rf.c64a3fa4382e8482aa49dd4c38c7012b.jpg,potholes,data/raw/v2/kaggle_speed_bump/Dataset/Data/potholes/img-70_jpg.rf.c64a3fa4382e8482aa49dd4c38c7012b.jpg,06308bea4c443547ed657fe8618f74898946ad85ee95d9aea9583ab3c78bf30b,720,720,false,,exclude_not_speed_bump_source_label,not used for the speed-bump supporting-class task
potholes::img-71_jpg.rf.cdf11db31e4a7deb2eb646717b72088f.jpg,potholes,data/raw/v2/kaggle_speed_bump/Dataset/Data/potholes/img-71_jpg.rf.cdf11db31e4a7deb2eb646717b72088f.jpg,4e0b23213d66f959014455db02abe2450499cfe9a8eedcc9cef41e6e174163b8,720,720,false,,exclude_not_speed_bump_source_label,not used for the speed-bump supporting-class task
potholes::img-73_jpg.rf.b63f566c3ddb5514f3fc2a1dd9ba40ec.jpg,potholes,data/raw/v2/kaggle_speed_bump/Dataset/Data/potholes/img-73_jpg.rf.b63f566c3ddb5514f3fc2a1dd9ba40ec.jpg,f649201ec68a7547533d1fa283ddd31cbbaa99a5fbfae24b75f194c807edd6cd,720,720,false,,exclude_not_speed_bump_source_label,not used for the speed-bump supporting-class task
potholes::img-74_jpg.rf.bbb7822c260ad0c8f9f4e361c534329c.jpg,potholes,data/raw/v2/kaggle_speed_bump/Dataset/Data/potholes/img-74_jpg.rf.bbb7822c260ad0c8f9f4e361c534329c.jpg,b71579abda89e52a36b66f02a39704af54975fcf864000547fb2505584bd3bf6,720,720,false,,exclude_not_speed_bump_source_label,not used for the speed-bump supporting-class task
potholes::img-75_jpg.rf.9a3c8716c1ae12e2c698c1ff62d8aa4c.jpg,potholes,data/raw/v2/kaggle_speed_bump/Dataset/Data/potholes/img-75_jpg.rf.9a3c8716c1ae12e2c698c1ff62d8aa4c.jpg,a9c49c6be31943135081c46c762464f9c551d87e06922ab3e3ea89d8c713f8e5,720,720,false,,exclude_not_speed_bump_source_label,not used for the speed-bump supporting-class task
potholes::img-76_jpg.rf.b2486fa34ebf8ebbee2850ff4c02be4a.jpg,potholes,data/raw/v2/kaggle_speed_bump/Dataset/Data/potholes/img-76_jpg.rf.b2486fa34ebf8ebbee2850ff4c02be4a.jpg,12c75296aaacf7970ddbc5821973bdced395e8b4ae57c2e3e00408d9e4def9bd,720,720,false,,exclude_not_speed_bump_source_label,not used for the speed-bump supporting-class task
potholes::img-78_jpg.rf.01130ebf73370c115ee9de4fc1f29be5.jpg,potholes,data/raw/v2/kaggle_speed_bump/Dataset/Data/potholes/img-78_jpg.rf.01130ebf73370c115ee9de4fc1f29be5.jpg,322d2210a613d5ccf27068ddf2ac84b8362ebaaa5b6f9407efc14ae310451d7a,720,720,false,,exclude_not_speed_bump_source_label,not used for the speed-bump supporting-class task
potholes::img-80_jpg.rf.02752f42e0f4bc24481a8d9d938a7569.jpg,potholes,data/raw/v2/kaggle_speed_bump/Dataset/Data/potholes/img-80_jpg.rf.02752f42e0f4bc24481a8d9d938a7569.jpg,b2ef8e2e1394dacd9904b70e49635937cb8215a4f30d17fd2e9fea135b379dfd,720,720,false,,exclude_not_speed_bump_source_label,not used for the speed-bump supporting-class task
potholes::img-81_jpg.rf.3cde6b9acba84f64ef59722240cb6fd6.jpg,potholes,data/raw/v2/kaggle_speed_bump/Dataset/Data/potholes/img-81_jpg.rf.3cde6b9acba84f64ef59722240cb6fd6.jpg,d762520197cabc4c179520ac21f03cceb68784b18ed1b29c175e5cad7d401bb0,720,720,false,,exclude_not_speed_bump_source_label,not used for the speed-bump supporting-class task
potholes::img-83_jpg.rf.1c7a57b033ede2a3e95532df258578d4.jpg,potholes,data/raw/v2/kaggle_speed_bump/Dataset/Data/potholes/img-83_jpg.rf.1c7a57b033ede2a3e95532df258578d4.jpg,c87e0f080130cb6c37f37f92380e1feef0fba17bf12702969649e5b9c98bc76b,720,720,false,,exclude_not_speed_bump_source_label,not used for the speed-bump supporting-class task
potholes::img-84_jpg.rf.220a0bb7cdb0d030acdaaeb8724ed36d.jpg,potholes,data/raw/v2/kaggle_speed_bump/Dataset/Data/potholes/img-84_jpg.rf.220a0bb7cdb0d030acdaaeb8724ed36d.jpg,df2f87b1c55cb800afa0f4bf8aaa0889b7966671a1b36d3e0e10f71c4710e48c,720,720,false,,exclude_not_speed_bump_source_label,not used for the speed-bump supporting-class task
potholes::img-85_jpg.rf.3d157a70f444d84a006039b9114b726b.jpg,potholes,data/raw/v2/kaggle_speed_bump/Dataset/Data/potholes/img-85_jpg.rf.3d157a70f444d84a006039b9114b726b.jpg,1a360abaf1b6cab607f573759680423dbedebd8d2c59c457846736763b2f5b4c,720,720,false,,exclude_not_speed_bump_source_label,not used for the speed-bump supporting-class task
potholes::img-86_jpg.rf.dbe8b3ed795b7a898d4fd37b08227003.jpg,potholes,data/raw/v2/kaggle_speed_bump/Dataset/Data/potholes/img-86_jpg.rf.dbe8b3ed795b7a898d4fd37b08227003.jpg,1a3d96d4ee92208104fdb42e23f4e4d10933a074fae4e121be4d4daf594571e6,720,720,false,,exclude_not_speed_bump_source_label,not used for the speed-bump supporting-class task
potholes::img-87_jpg.rf.d1b29f2a180c61b7f586070108949c9e.jpg,potholes,data/raw/v2/kaggle_speed_bump/Dataset/Data/potholes/img-87_jpg.rf.d1b29f2a180c61b7f586070108949c9e.jpg,63abc52292a3c4e70003871a5f5bb926e63dee0d56ecab93c12e7fd8cbaf0d53,720,720,false,,exclude_not_speed_bump_source_label,not used for the speed-bump supporting-class task
potholes::img-88_jpg.rf.5f67c703ef1d55215e9362d5496fe1ec.jpg,potholes,data/raw/v2/kaggle_speed_bump/Dataset/Data/potholes/img-88_jpg.rf.5f67c703ef1d55215e9362d5496fe1ec.jpg,24b21d14dd8e288accafea0c1123db56df117490532240cd9a2210d811173c42,720,720,false,,exclude_not_speed_bump_source_label,not used for the speed-bump supporting-class task
potholes::img-90_jpg.rf.b470c7ecb31eaa9a524688e45287351f.jpg,potholes,data/raw/v2/kaggle_speed_bump/Dataset/Data/potholes/img-90_jpg.rf.b470c7ecb31eaa9a524688e45287351f.jpg,8b9cc09d044d4932f741eb18a391c993ea8601dd3900920df40070507f04f607,720,720,false,,exclude_not_speed_bump_source_label,not used for the speed-bump supporting-class task
potholes::img-95_jpg.rf.88e456640460ae2424d7881caa5d1f86.jpg,potholes,data/raw/v2/kaggle_speed_bump/Dataset/Data/potholes/img-95_jpg.rf.88e456640460ae2424d7881caa5d1f86.jpg,df8349ca6ae2f461f422a07d2343ead2a92ee0276855c652b9e192c076e3f9cd,720,720,false,,exclude_not_speed_bump_source_label,not used for the speed-bump supporting-class task
potholes::img-96_jpg.rf.62cddedc415c7b5c50c459bce49adcc9.jpg,potholes,data/raw/v2/kaggle_speed_bump/Dataset/Data/potholes/img-96_jpg.rf.62cddedc415c7b5c50c459bce49adcc9.jpg,360249a2622087eba6de3a794c7a3bd696083faeaba8423496fa6ea040ab68dc,720,720,false,,exclude_not_speed_bump_source_label,not used for the speed-bump supporting-class task
potholes::img-97_jpg.rf.4289b6d75214d9d3dcbf17f94867a0f0.jpg,potholes,data/raw/v2/kaggle_speed_bump/Dataset/Data/potholes/img-97_jpg.rf.4289b6d75214d9d3dcbf17f94867a0f0.jpg,c16903cd60bfb1cbf1ef8141c726cc4934d837957ab557b31706051e35e2929d,720,720,false,,exclude_not_speed_bump_source_label,not used for the speed-bump supporting-class task
potholes::img-99_jpg.rf.e4e00fb5fb002d3813a2acb346473620.jpg,potholes,data/raw/v2/kaggle_speed_bump/Dataset/Data/potholes/img-99_jpg.rf.e4e00fb5fb002d3813a2acb346473620.jpg,8448f762dc752840a51d922e798acd73e887f5bded4852be941766c7be065862,720,720,false,,exclude_not_speed_bump_source_label,not used for the speed-bump supporting-class task
potholes::img-9_jpg.rf.de0e0920eee97f99bfa4d5a2ed29d82e.jpg,potholes,data/raw/v2/kaggle_speed_bump/Dataset/Data/potholes/img-9_jpg.rf.de0e0920eee97f99bfa4d5a2ed29d82e.jpg,4584857db402dc94d56e51d4981477dd00102d016838a6efc1402026eddd6f2f,720,720,false,,exclude_not_speed_bump_source_label,not used for the speed-bump supporting-class task
road::Augusta9c.jpg,road,data/raw/v2/kaggle_speed_bump/Dataset/Data/road/Augusta9c.jpg,2b3c5a43f29564ce8d0addcb18193229a85612ef049a9b2f502eab0dab2cad7e,375,281,false,,exclude_not_speed_bump_source_label,not used for the speed-bump supporting-class task
road::B4321.jpg,road,data/raw/v2/kaggle_speed_bump/Dataset/Data/road/B4321.jpg,ff6ad5c3210ada27e2257f0a308342b23c2e6a6086adf828a200bfad6c2fd212,500,375,false,,exclude_not_speed_bump_source_label,not used for the speed-bump supporting-class task
road::bmw-2-series-does-savage-highway-drifting-in-turkey-goes-all-wide_1.jpg,road,data/raw/v2/kaggle_speed_bump/Dataset/Data/road/bmw-2-series-does-savage-highway-drifting-in-turkey-goes-all-wide_1.jpg,53c1c0d81c2f14daedcce0f80d830c3d6922401ea1ef015adece616c473c5e95,474,444,false,,exclude_not_speed_bump_source_label,not used for the speed-bump supporting-class task
road::bmw-2-series-does-savage-highway-drifting-in-turkey-goes-all-wide_2.jpg,road,data/raw/v2/kaggle_speed_bump/Dataset/Data/road/bmw-2-series-does-savage-highway-drifting-in-turkey-goes-all-wide_2.jpg,953ec5b87feb2999867221a6434b04dd6b63bf4ec2a848bc3fe44f5468c43e25,474,428,false,,exclude_not_speed_bump_source_label,not used for the speed-bump supporting-class task
road::bottom-parsons-hill-streetview.jpg,road,data/raw/v2/kaggle_speed_bump/Dataset/Data/road/bottom-parsons-hill-streetview.jpg,4e9bd2e0a554b9fb2c40397e72850d3626a78ac6346ffbc25026b841015bce77,880,591,false,,exclude_not_speed_bump_source_label,not used for the speed-bump supporting-class task
road::BPP_MDG_080817speed_4683JPG.jpg,road,data/raw/v2/kaggle_speed_bump/Dataset/Data/road/BPP_MDG_080817speed_4683JPG.jpg,b1b6710cd101fbd76b2d084942095ce48cc5597d8b2e4a3a89f220ee4c34e93a,1200,630,false,,exclude_not_speed_bump_source_label,not used for the speed-bump supporting-class task
road::broad-walk-streetview.jpg,road,data/raw/v2/kaggle_speed_bump/Dataset/Data/road/broad-walk-streetview.jpg,10416a25968b60b10b44ab827ea76b69a33b7a6ee540e9501f01bafe61046dda,880,486,false,,exclude_not_speed_bump_source_label,not used for the speed-bump supporting-class task
road::fig206.jpg,road,data/raw/v2/kaggle_speed_bump/Dataset/Data/road/fig206.jpg,30400d76fdc84882c42ae5c73a8bd8b0d6220ee9a343a1bbc057979de0ebbc7a,499,333,false,,exclude_not_speed_bump_source_label,not used for the speed-bump supporting-class task
road::GettyImages-135373383-Cropped-2.jpg,road,data/raw/v2/kaggle_speed_bump/Dataset/Data/road/GettyImages-135373383-Cropped-2.jpg,caf94c9cc08a460bf4b202a76d980748ec299d655bdac89cb4035007abafe554,4821,2712,false,,exclude_not_speed_bump_source_label,not used for the speed-bump supporting-class task
road::hqdefault.jpg,road,data/raw/v2/kaggle_speed_bump/Dataset/Data/road/hqdefault.jpg,87848f913b94e9d204d2a158ba0ee2efad16a7f2824536aacff41bcbe9289a7b,480,360,false,,exclude_not_speed_bump_source_label,not used for the speed-bump supporting-class task
road::images103.jpg,road,data/raw/v2/kaggle_speed_bump/Dataset/Data/road/images103.jpg,e5a721a60dcbbe6773331af2fdaa4ab03d536d2b80117ce863b1fd852e3f9a65,256,197,false,,exclude_not_speed_bump_source_label,not used for the speed-bump supporting-class task
road::images110.jpg,road,data/raw/v2/kaggle_speed_bump/Dataset/Data/road/images110.jpg,6a147e4d931b7e48a596aca0cb900ca23dc6df37827806fbb36daadfb1b1b42d,319,158,false,,exclude_not_speed_bump_source_label,not used for the speed-bump supporting-class task
road::images111.jpg,road,data/raw/v2/kaggle_speed_bump/Dataset/Data/road/images111.jpg,8301b0056274e69f547dbcce2e70c9b53ec5ea232c22a92cc945a3be67f89290,259,194,false,,exclude_not_speed_bump_source_label,not used for the speed-bump supporting-class task
road::images130.jpg,road,data/raw/v2/kaggle_speed_bump/Dataset/Data/road/images130.jpg,40a28a2056e3e4d169fbd5d0d50596ac5669f1b1e26ac6fefcdcce5e6dcf2ac2,290,174,false,,exclude_not_speed_bump_source_label,not used for the speed-bump supporting-class task
road::images136.jpg,road,data/raw/v2/kaggle_speed_bump/Dataset/Data/road/images136.jpg,e5d8520daad7022b4f0086f51d5b00140b3c0bb20979b18c805bab99997f0a9f,307,164,false,,exclude_not_speed_bump_source_label,not used for the speed-bump supporting-class task
road::images142.jpg,road,data/raw/v2/kaggle_speed_bump/Dataset/Data/road/images142.jpg,80c317d9008d3e484d7cae9fa739c9a7fb3df400cafdce52649537cc5f35b5c5,275,183,false,,exclude_not_speed_bump_source_label,not used for the speed-bump supporting-class task
road::images150.jpg,road,data/raw/v2/kaggle_speed_bump/Dataset/Data/road/images150.jpg,2a22c614e88d2f6a558f4618e5c683b4b18af32158bf81e8f48033b1542cd995,256,197,false,,exclude_not_speed_bump_source_label,not used for the speed-bump supporting-class task
road::images155.jpg,road,data/raw/v2/kaggle_speed_bump/Dataset/Data/road/images155.jpg,08ed888503d87cc0a3d14c529d3692056a8412af3c3f61866cb6a49abff342df,285,177,false,,exclude_not_speed_bump_source_label,not used for the speed-bump supporting-class task
road::images160.jpg,road,data/raw/v2/kaggle_speed_bump/Dataset/Data/road/images160.jpg,ca5f8da3df528d09ec57a5d33cb40f4697d0c95d353e203408c8e9b005c2c8d9,275,183,false,,exclude_not_speed_bump_source_label,not used for the speed-bump supporting-class task
road::images165.jpg,road,data/raw/v2/kaggle_speed_bump/Dataset/Data/road/images165.jpg,7193952050ac496ca51ab94b735733306eaa21f26622d5fc4ad36283d4e0d139,275,183,false,,exclude_not_speed_bump_source_label,not used for the speed-bump supporting-class task
road::images169.jpg,road,data/raw/v2/kaggle_speed_bump/Dataset/Data/road/images169.jpg,92f0c143962a67c6bb7de7f0739272c700da523dc4c7cf0899a460ddc91be717,236,213,false,,exclude_not_speed_bump_source_label,not used for the speed-bump supporting-class task
road::images188.jpg,road,data/raw/v2/kaggle_speed_bump/Dataset/Data/road/images188.jpg,9a673deba03d658532b46b5c9b7342a1efdae593c1ea819d091555f5777de2ac,225,224,false,,exclude_not_speed_bump_source_label,not used for the speed-bump supporting-class task
road::images191.jpg,road,data/raw/v2/kaggle_speed_bump/Dataset/Data/road/images191.jpg,b2ace75fba95aa102fe537670fe072a4ca4a32ef4ad6a7d3cb03d1b2394eb730,299,168,false,,exclude_not_speed_bump_source_label,not used for the speed-bump supporting-class task
road::images196.jpg,road,data/raw/v2/kaggle_speed_bump/Dataset/Data/road/images196.jpg,59f53ee3d87aa0be3c29a3ad089c5746426ae243cfcc3ad103005df11b88cd39,194,259,false,,exclude_not_speed_bump_source_label,not used for the speed-bump supporting-class task
road::images210.jpg,road,data/raw/v2/kaggle_speed_bump/Dataset/Data/road/images210.jpg,82b3e26874a9a9a9d7cb9eb12aa15001594a3009df904a4c101be1f650f055f5,225,225,false,,exclude_not_speed_bump_source_label,not used for the speed-bump supporting-class task
road::images213.jpg,road,data/raw/v2/kaggle_speed_bump/Dataset/Data/road/images213.jpg,ad6b3fbaea9f126c0bcb5d4e2f8e46cdd411fbbb8405a9a4774dd00dd5e7bb6e,325,155,false,,exclude_not_speed_bump_source_label,not used for the speed-bump supporting-class task
road::images215.jpg,road,data/raw/v2/kaggle_speed_bump/Dataset/Data/road/images215.jpg,98fcf869998dfda4851086b29af78636c0dac693a8a64939bbbd67a6ce7cd4b8,302,167,false,,exclude_not_speed_bump_source_label,not used for the speed-bump supporting-class task
road::images217.jpg,road,data/raw/v2/kaggle_speed_bump/Dataset/Data/road/images217.jpg,32a2b38fae5403b5a2b32a268ecb7c7046b6291873c74bbd57df99169d8667a1,302,167,false,,exclude_not_speed_bump_source_label,not used for the speed-bump supporting-class task
road::images226.jpg,road,data/raw/v2/kaggle_speed_bump/Dataset/Data/road/images226.jpg,12dbd1b2691f6d180f4984c6bea9a8379c0bbd21103d9df938ea99a6ec8c8f76,300,168,false,,exclude_not_speed_bump_source_label,not used for the speed-bump supporting-class task
road::images230.jpg,road,data/raw/v2/kaggle_speed_bump/Dataset/Data/road/images230.jpg,7fc636038fbdb7e463c190870ab3f6ea0b64c0c8c9fde32daba48e8bbab556d4,284,177,false,,exclude_not_speed_bump_source_label,not used for the speed-bump supporting-class task
road::images241.jpg,road,data/raw/v2/kaggle_speed_bump/Dataset/Data/road/images241.jpg,7a21addeab32d82fe674879488c4ce6969e2a50187651f35533e068fdb8cb416,288,175,false,,exclude_not_speed_bump_source_label,not used for the speed-bump supporting-class task
road::images249.jpg,road,data/raw/v2/kaggle_speed_bump/Dataset/Data/road/images249.jpg,12bbdba64a65472aaa3fb494ece241d8dc513b897052e2e9cabd7411c6d8ec1a,259,194,false,,exclude_not_speed_bump_source_label,not used for the speed-bump supporting-class task
road::images250.jpg,road,data/raw/v2/kaggle_speed_bump/Dataset/Data/road/images250.jpg,5812163a3a86cb2095ff1c624c379f3b6a62deefbfad9547d24eb97abfb73ffc,259,194,false,,exclude_not_speed_bump_source_label,not used for the speed-bump supporting-class task
road::images252.jpg,road,data/raw/v2/kaggle_speed_bump/Dataset/Data/road/images252.jpg,d75eeea611b173f22e506479e22d9d401283c92d1a09a20eade470b3a85dc21d,300,168,false,,exclude_not_speed_bump_source_label,not used for the speed-bump supporting-class task
road::images255.jpg,road,data/raw/v2/kaggle_speed_bump/Dataset/Data/road/images255.jpg,7579f16bb0f2c4e536284d71e8383f0e65576d8ad18b921ceedfc092df21c8aa,281,180,false,,exclude_not_speed_bump_source_label,not used for the speed-bump supporting-class task
road::images259.jpg,road,data/raw/v2/kaggle_speed_bump/Dataset/Data/road/images259.jpg,d7732e10fe2b49ff9c1f58d1e9fb063600e33a095768fb26eaad0dc944fd9bb3,225,225,false,,exclude_not_speed_bump_source_label,not used for the speed-bump supporting-class task
road::images261.jpg,road,data/raw/v2/kaggle_speed_bump/Dataset/Data/road/images261.jpg,87a911b96a6ff195d9384d4c7594b506e5aed75b33eacdef66cbad311b05f3d4,275,183,false,,exclude_not_speed_bump_source_label,not used for the speed-bump supporting-class task
road::images268.jpg,road,data/raw/v2/kaggle_speed_bump/Dataset/Data/road/images268.jpg,3f529ae2825c5ac9e0376009676b323908bd913fc35e52aa0915fef03672b47f,318,159,false,,exclude_not_speed_bump_source_label,not used for the speed-bump supporting-class task
road::images275.jpg,road,data/raw/v2/kaggle_speed_bump/Dataset/Data/road/images275.jpg,2c8818b98ab28994f188e1a763b256c2e793b68f00dd40994341018f611b9acf,300,168,false,,exclude_not_speed_bump_source_label,not used for the speed-bump supporting-class task
road::images28.jpg,road,data/raw/v2/kaggle_speed_bump/Dataset/Data/road/images28.jpg,41479365a94cc94ab31493171be70cdd76d03ba0abe61ee3b09d325bdf8f287f,275,183,false,,exclude_not_speed_bump_source_label,not used for the speed-bump supporting-class task
road::images280.jpg,road,data/raw/v2/kaggle_speed_bump/Dataset/Data/road/images280.jpg,fd33fb59bd4506dd95cb4e6e70a9b60caf7220ce0d86ec10f55d2fe83b947892,318,159,false,,exclude_not_speed_bump_source_label,not used for the speed-bump supporting-class task
road::images293.jpg,road,data/raw/v2/kaggle_speed_bump/Dataset/Data/road/images293.jpg,b0f3fc3ada96f1d801e545e64ec97233a346e721fecff6106e9739c50e9dc6c7,259,194,false,,exclude_not_speed_bump_source_label,not used for the speed-bump supporting-class task
road::images33.jpg,road,data/raw/v2/kaggle_speed_bump/Dataset/Data/road/images33.jpg,c39a83f845b9cd6b43cd2f257f58f631793ad4680bcabfe5f998f2d7554f268c,274,184,false,,exclude_not_speed_bump_source_label,not used for the speed-bump supporting-class task
road::images55.jpg,road,data/raw/v2/kaggle_speed_bump/Dataset/Data/road/images55.jpg,b037b8fab0b2b46950b1f58d452e49f2eb892dd62659cdd58969e7b3f0514202,259,194,false,,exclude_not_speed_bump_source_label,not used for the speed-bump supporting-class task
road::images56.jpg,road,data/raw/v2/kaggle_speed_bump/Dataset/Data/road/images56.jpg,d7fe86075857a5d7f4c08ffaf30e93e8f25960a13ba047f352141274a3fddab5,303,166,false,,exclude_not_speed_bump_source_label,not used for the speed-bump supporting-class task
road::images65.jpg,road,data/raw/v2/kaggle_speed_bump/Dataset/Data/road/images65.jpg,bfc00bb01ca321716f7cc1cbb43d56c71bf6d1b8631be7ce0f9def46c6bfa53e,300,168,false,,exclude_not_speed_bump_source_label,not used for the speed-bump supporting-class task
road::images69.jpg,road,data/raw/v2/kaggle_speed_bump/Dataset/Data/road/images69.jpg,a989575a7531f130ca96dc851ca0e98e4f47171f36d7f74ca3f59d1221b653e3,300,168,false,,exclude_not_speed_bump_source_label,not used for the speed-bump supporting-class task
road::images87.jpg,road,data/raw/v2/kaggle_speed_bump/Dataset/Data/road/images87.jpg,dae27859543772d4c905ff9b10df3feb37444203d74ef4d92202a26dbb671983,194,259,false,,exclude_not_speed_bump_source_label,not used for the speed-bump supporting-class task
road::images88.jpg,road,data/raw/v2/kaggle_speed_bump/Dataset/Data/road/images88.jpg,a73f9438a057e528fec1148521778fd36ed29bd772d1edbf1a47ee075c8191a0,275,183,false,,exclude_not_speed_bump_source_label,not used for the speed-bump supporting-class task
road::images93.jpg,road,data/raw/v2/kaggle_speed_bump/Dataset/Data/road/images93.jpg,48bd81e449c8df65276ddf1625b76a9e6a0bf1ea4f2d5dfc32cf34708851afa1,300,168,false,,exclude_not_speed_bump_source_label,not used for the speed-bump supporting-class task
road::IMG_2108 1.jpg,road,data/raw/v2/kaggle_speed_bump/Dataset/Data/road/IMG_2108 1.jpg,b40fe15063bdebe36ab63dbbfebded8e814d2d9e4a82577467edf9825be5d283,1920,1080,false,,exclude_not_speed_bump_source_label,not used for the speed-bump supporting-class task
road::IMG_2108 2.jpg,road,data/raw/v2/kaggle_speed_bump/Dataset/Data/road/IMG_2108 2.jpg,e7ef9fbe6b6f501c6be7c793f82dfc6827706f0b48eb6d4af65bc92909fe38d0,1920,1080,false,,exclude_not_speed_bump_source_label,not used for the speed-bump supporting-class task
road::IMG_2108 4.jpg,road,data/raw/v2/kaggle_speed_bump/Dataset/Data/road/IMG_2108 4.jpg,43859d6e5410f52de1bb401080a31edb754eaf6575e8ce70e5a89b85915cc33f,1920,1080,false,,exclude_not_speed_bump_source_label,not used for the speed-bump supporting-class task
road::IMG_2109 0001.jpg,road,data/raw/v2/kaggle_speed_bump/Dataset/Data/road/IMG_2109 0001.jpg,df8baac2e6df49d6cb30336bb5a057ad9dae95eb4f855ee977d17d9546fec858,1920,1080,false,,exclude_not_speed_bump_source_label,not used for the speed-bump supporting-class task
road::IMG_2109 0002.jpg,road,data/raw/v2/kaggle_speed_bump/Dataset/Data/road/IMG_2109 0002.jpg,55edf20e6d1e3816000373e689b9d7536a1df5f548a257d375d9fcf45f5b1b68,1920,1080,false,,exclude_not_speed_bump_source_label,not used for the speed-bump supporting-class task
road::IMG_2109 0003.jpg,road,data/raw/v2/kaggle_speed_bump/Dataset/Data/road/IMG_2109 0003.jpg,2d45b44a1c630bdf7f29a8a526a87cf80247bef53db9790d0b920d389f486699,1920,1080,false,,exclude_not_speed_bump_source_label,not used for the speed-bump supporting-class task
road::IMG_2109 0004.jpg,road,data/raw/v2/kaggle_speed_bump/Dataset/Data/road/IMG_2109 0004.jpg,8cdbce9764908d74c24cf88faf63c395196676633e85eb21410bb968223a0421,1920,1080,false,,exclude_not_speed_bump_source_label,not used for the speed-bump supporting-class task
road::IMG_2109 0005.jpg,road,data/raw/v2/kaggle_speed_bump/Dataset/Data/road/IMG_2109 0005.jpg,0e659086e08de19130f6ff8ad2a247fb1b1fe40017bdc2be2ac8ae60179ffa28,1920,1080,false,,exclude_not_speed_bump_source_label,not used for the speed-bump supporting-class task
road::IMG_2109 0006.jpg,road,data/raw/v2/kaggle_speed_bump/Dataset/Data/road/IMG_2109 0006.jpg,2d7b2639bd38893fe3b82532e14733e488b9420ed19471df99c7b4ea31b326f9,1920,1080,false,,exclude_not_speed_bump_source_label,not used for the speed-bump supporting-class task
road::IMG_2109 0007.jpg,road,data/raw/v2/kaggle_speed_bump/Dataset/Data/road/IMG_2109 0007.jpg,0a0b1e4cd036f3b9cd288c5b9f26e7e9d321d3c896f0ca83be1ead6eddc9e04a,1920,1080,false,,exclude_not_speed_bump_source_label,not used for the speed-bump supporting-class task
road::IMG_2109 0008.jpg,road,data/raw/v2/kaggle_speed_bump/Dataset/Data/road/IMG_2109 0008.jpg,66fc2c57e85b3e30865fe060cbb5eefbc20a6af9f9d295fd9943caec62bf4e78,1920,1080,false,,exclude_not_speed_bump_source_label,not used for the speed-bump supporting-class task
road::IMG_2109 0011.jpg,road,data/raw/v2/kaggle_speed_bump/Dataset/Data/road/IMG_2109 0011.jpg,5e14831bcf13fac9c2c464424d79d8675b83a5b3f3f8856b33540fbdd1092931,1920,1080,false,,exclude_not_speed_bump_source_label,not used for the speed-bump supporting-class task
road::IMG_2109 0012.jpg,road,data/raw/v2/kaggle_speed_bump/Dataset/Data/road/IMG_2109 0012.jpg,d4c554c868dfc7ce5db05784660dec1b1a60250bdf0bd2411137ed35c2fe814a,1920,1080,false,,exclude_not_speed_bump_source_label,not used for the speed-bump supporting-class task
road::IMG_2109 0013.jpg,road,data/raw/v2/kaggle_speed_bump/Dataset/Data/road/IMG_2109 0013.jpg,81d4dd21988c8bb00f0f5da2046da13fc8985dd3aa8fdb04b4b2104717c81ee3,1920,1080,false,,exclude_not_speed_bump_source_label,not used for the speed-bump supporting-class task
road::IMG_2109 0014.jpg,road,data/raw/v2/kaggle_speed_bump/Dataset/Data/road/IMG_2109 0014.jpg,e38db3b8c71937bbf39e5352eeb5b83f1d3f2363e23ca86787ba84a4919877f9,1920,1080,false,,exclude_not_speed_bump_source_label,not used for the speed-bump supporting-class task
road::IMG_2109 0015.jpg,road,data/raw/v2/kaggle_speed_bump/Dataset/Data/road/IMG_2109 0015.jpg,32ae34781e6a95ed95ddd574a58b040842109edfe2bd6528d822cb6693181ccb,1920,1080,false,,exclude_not_speed_bump_source_label,not used for the speed-bump supporting-class task
road::IMG_2109 0016.jpg,road,data/raw/v2/kaggle_speed_bump/Dataset/Data/road/IMG_2109 0016.jpg,719b5ade98333bd390aafc7041c145d6c41c500ee6e1be7610576458ac89feff,1920,1080,false,,exclude_not_speed_bump_source_label,not used for the speed-bump supporting-class task
road::IMG_2109 0017.jpg,road,data/raw/v2/kaggle_speed_bump/Dataset/Data/road/IMG_2109 0017.jpg,13effebd4fd152197638a290e0aaddb721b41703a6df6dbd58a94b92cdfbedad,1920,1080,false,,exclude_not_speed_bump_source_label,not used for the speed-bump supporting-class task
road::IMG_2109 0018.jpg,road,data/raw/v2/kaggle_speed_bump/Dataset/Data/road/IMG_2109 0018.jpg,ff6726182fa7c4291775ccd756b3ae154fe22602aeb592b2d870fa752a906983,1920,1080,false,,exclude_not_speed_bump_source_label,not used for the speed-bump supporting-class task
road::IMG_2109 0019.jpg,road,data/raw/v2/kaggle_speed_bump/Dataset/Data/road/IMG_2109 0019.jpg,ab70919a7682f1246f5f95ad0c1bfb1aca66902c91e8bd5ee1c28a31c21965b1,1920,1080,false,,exclude_not_speed_bump_source_label,not used for the speed-bump supporting-class task
road::IMG_2109 0020.jpg,road,data/raw/v2/kaggle_speed_bump/Dataset/Data/road/IMG_2109 0020.jpg,74e5d5f625fc4b3785a0e8c89e719556a2215d10b026a6e5fa1aa6e8dfd5774b,1920,1080,false,,exclude_not_speed_bump_source_label,not used for the speed-bump supporting-class task
road::IMG_2109 0021.jpg,road,data/raw/v2/kaggle_speed_bump/Dataset/Data/road/IMG_2109 0021.jpg,c48b0f5cf52bb45e5ac5e0f86f41c77563b1ec4b4bec65879410241b7fafc150,1920,1080,false,,exclude_not_speed_bump_source_label,not used for the speed-bump supporting-class task
road::IMG_2109 0022.jpg,road,data/raw/v2/kaggle_speed_bump/Dataset/Data/road/IMG_2109 0022.jpg,47aa3a198161722b20ef101c3a8e8a699357f9221d2d8a47c0139b326c85e73a,1920,1080,false,,exclude_not_speed_bump_source_label,not used for the speed-bump supporting-class task
road::IMG_2109 0024.jpg,road,data/raw/v2/kaggle_speed_bump/Dataset/Data/road/IMG_2109 0024.jpg,0b92a5504d3d7520f486c7102c5b070e05739a2e1cb50915c11136d5ebacb20d,1920,1080,false,,exclude_not_speed_bump_source_label,not used for the speed-bump supporting-class task
road::IMG_2109 0025.jpg,road,data/raw/v2/kaggle_speed_bump/Dataset/Data/road/IMG_2109 0025.jpg,3686df58b7b282a9a03314a86ee1d6650fa4137b8e77aecda894b9a877083318,1920,1080,false,,exclude_not_speed_bump_source_label,not used for the speed-bump supporting-class task
road::IMG_2109 0026.jpg,road,data/raw/v2/kaggle_speed_bump/Dataset/Data/road/IMG_2109 0026.jpg,fd2c83ec0508ac02df53cae6154c372f721ab50c0bd6ed516f91cc7c37d84369,1920,1080,false,,exclude_not_speed_bump_source_label,not used for the speed-bump supporting-class task
road::IMG_2109 0027.jpg,road,data/raw/v2/kaggle_speed_bump/Dataset/Data/road/IMG_2109 0027.jpg,20e30e7f69ef8de06ced46a7a82c21e2fea7f250fb4aa24b2d6b7949670194c2,1920,1080,false,,exclude_not_speed_bump_source_label,not used for the speed-bump supporting-class task
road::IMG_2109 0028.jpg,road,data/raw/v2/kaggle_speed_bump/Dataset/Data/road/IMG_2109 0028.jpg,28aa0bb0a60fe2b57ee20bba2eeed0f705d61838c98b5eb84208690eda549718,1920,1080,false,,exclude_not_speed_bump_source_label,not used for the speed-bump supporting-class task
road::IMG_2109 0029.jpg,road,data/raw/v2/kaggle_speed_bump/Dataset/Data/road/IMG_2109 0029.jpg,107f2cb375654be0dd86102df34912587ba85f3b7cd01c96fbe45da2e1eba05d,1920,1080,false,,exclude_not_speed_bump_source_label,not used for the speed-bump supporting-class task
road::IMG_2109 0030.jpg,road,data/raw/v2/kaggle_speed_bump/Dataset/Data/road/IMG_2109 0030.jpg,c7d19d6b86a6672f06a599ea466074e23f7a83f969c5cdeacf65a835345587c0,1920,1080,false,,exclude_not_speed_bump_source_label,not used for the speed-bump supporting-class task
road::IMG_2109 0031.jpg,road,data/raw/v2/kaggle_speed_bump/Dataset/Data/road/IMG_2109 0031.jpg,16c21bc44ecfcb534fdfd56486e4ac0f4cba131b5fce0c4491aa11afbe20a2d6,1920,1080,false,,exclude_not_speed_bump_source_label,not used for the speed-bump supporting-class task
road::IMG_2109 0032.jpg,road,data/raw/v2/kaggle_speed_bump/Dataset/Data/road/IMG_2109 0032.jpg,2d5919afe9e42874359280fffaeab5ea65b7ab98815e0eefdebfe27796f5d4c2,1920,1080,false,,exclude_not_speed_bump_source_label,not used for the speed-bump supporting-class task
road::IMG_2109 0036.jpg,road,data/raw/v2/kaggle_speed_bump/Dataset/Data/road/IMG_2109 0036.jpg,9513480c0e4ff95043ecb2682519ca4b8fcaa6c009c5e541ebd2a105ad046c83,1920,1080,false,,exclude_not_speed_bump_source_label,not used for the speed-bump supporting-class task
road::IMG_2109 0037.jpg,road,data/raw/v2/kaggle_speed_bump/Dataset/Data/road/IMG_2109 0037.jpg,fe3a26699a9a50ecd601f1f048954efd692b2c90e301cc23228b7441ed181ac1,1920,1080,false,,exclude_not_speed_bump_source_label,not used for the speed-bump supporting-class task
road::IMG_2109 0038.jpg,road,data/raw/v2/kaggle_speed_bump/Dataset/Data/road/IMG_2109 0038.jpg,570ba6a55b6b9ea361f3043ba06480cf1753de3f207fbfd2f8f0f9efe3664e89,1920,1080,false,,exclude_not_speed_bump_source_label,not used for the speed-bump supporting-class task
road::IMG_2109 0039.jpg,road,data/raw/v2/kaggle_speed_bump/Dataset/Data/road/IMG_2109 0039.jpg,65a8171e67cc789ed2e7dcea2a8e4a39464ca8f9ecc5d6acd2c1d946c0c4a3fc,1920,1080,false,,exclude_not_speed_bump_source_label,not used for the speed-bump supporting-class task
road::IMG_2109 0040.jpg,road,data/raw/v2/kaggle_speed_bump/Dataset/Data/road/IMG_2109 0040.jpg,efabe615b45b44a2e6ad34ad9d39c842e49abe67b70e2d55241868278d1792ee,1920,1080,false,,exclude_not_speed_bump_source_label,not used for the speed-bump supporting-class task
road::IMG_2109 0041.jpg,road,data/raw/v2/kaggle_speed_bump/Dataset/Data/road/IMG_2109 0041.jpg,4c6d6314bc0ab82f0b9ea4e370e253275e2f5d662f6cf13af063807d09b3f01b,1920,1080,false,,exclude_not_speed_bump_source_label,not used for the speed-bump supporting-class task
road::IMG_2109 0042.jpg,road,data/raw/v2/kaggle_speed_bump/Dataset/Data/road/IMG_2109 0042.jpg,a06788acea4f6b5bc42938d1f37f51750dd546a08b31f0e1c5a190bf7ee61529,1920,1080,false,,exclude_not_speed_bump_source_label,not used for the speed-bump supporting-class task
road::IMG_2109 0043.jpg,road,data/raw/v2/kaggle_speed_bump/Dataset/Data/road/IMG_2109 0043.jpg,e4b6d4a854217acfa0914932aaa1e64fbdd2c30b1f97a2a0f01356d41a2beb49,1920,1080,false,,exclude_not_speed_bump_source_label,not used for the speed-bump supporting-class task
road::IMG_2109 0044.jpg,road,data/raw/v2/kaggle_speed_bump/Dataset/Data/road/IMG_2109 0044.jpg,b5bf723b7cf8be9fbca082e5a767f76166445ac9279494c01498a74f23ec6a00,1920,1080,false,,exclude_not_speed_bump_source_label,not used for the speed-bump supporting-class task
road::IMG_2109 0045.jpg,road,data/raw/v2/kaggle_speed_bump/Dataset/Data/road/IMG_2109 0045.jpg,bf514e679e4c57d74dd6cef5bcd72f3eb4a41ed88a38ec401b98bbf837aa6250,1920,1080,false,,exclude_not_speed_bump_source_label,not used for the speed-bump supporting-class task
road::IMG_2109 0046.jpg,road,data/raw/v2/kaggle_speed_bump/Dataset/Data/road/IMG_2109 0046.jpg,ba1d3b8594a4ec89ef97305fe6575c7901fa87fbb7745f7c5de83e5a3ca0b055,1920,1080,false,,exclude_not_speed_bump_source_label,not used for the speed-bump supporting-class task
road::IMG_2109 0047.jpg,road,data/raw/v2/kaggle_speed_bump/Dataset/Data/road/IMG_2109 0047.jpg,6d321d770f57a6438c0c54845d70f21887709cf42bf56c0ee561cc1f7a84a715,1920,1080,false,,exclude_not_speed_bump_source_label,not used for the speed-bump supporting-class task
road::IMG_2109 0048.jpg,road,data/raw/v2/kaggle_speed_bump/Dataset/Data/road/IMG_2109 0048.jpg,87bc906d8d0a81c948ce1ea17792e4aa3950580cd5c64000038e14f61bebcd88,1920,1080,false,,exclude_not_speed_bump_source_label,not used for the speed-bump supporting-class task
road::IMG_2109 0049.jpg,road,data/raw/v2/kaggle_speed_bump/Dataset/Data/road/IMG_2109 0049.jpg,24df5c1595c99ec799f3bc88004d83763541e668b236fa3367da80e6cef367f2,1920,1080,false,,exclude_not_speed_bump_source_label,not used for the speed-bump supporting-class task
road::IMG_2109 0050.jpg,road,data/raw/v2/kaggle_speed_bump/Dataset/Data/road/IMG_2109 0050.jpg,7f8ae99ad43c64ffb329b8664e417387fd62dda54d0d1298bd5bf20c7391e9b9,1920,1080,false,,exclude_not_speed_bump_source_label,not used for the speed-bump supporting-class task
road::IMG_2109 0051.jpg,road,data/raw/v2/kaggle_speed_bump/Dataset/Data/road/IMG_2109 0051.jpg,d936ebdbe0507c7c4e1386e046a2c35035fac52aee88508ccac3fa5965c8093b,1920,1080,false,,exclude_not_speed_bump_source_label,not used for the speed-bump supporting-class task
road::IMG_2109 0052.jpg,road,data/raw/v2/kaggle_speed_bump/Dataset/Data/road/IMG_2109 0052.jpg,9f85b0988d7a8c7c5a341ac846425b0cb18dd37ab08c8841689150a745b48f84,1920,1080,false,,exclude_not_speed_bump_source_label,not used for the speed-bump supporting-class task
road::IMG_2109 0053.jpg,road,data/raw/v2/kaggle_speed_bump/Dataset/Data/road/IMG_2109 0053.jpg,36c4be3ced9b00d2bc4f3bfafc2d269a2a5e8dc2b0cd986507c968d4b4d2e9a7,1920,1080,false,,exclude_not_speed_bump_source_label,not used for the speed-bump supporting-class task
road::IMG_2109 0054.jpg,road,data/raw/v2/kaggle_speed_bump/Dataset/Data/road/IMG_2109 0054.jpg,52bb989a8ac970cbcf25c9f36fffc04fd5ee8722c6ee929e5e404bbc71dbd521,1920,1080,false,,exclude_not_speed_bump_source_label,not used for the speed-bump supporting-class task
road::IMG_2109 0055.jpg,road,data/raw/v2/kaggle_speed_bump/Dataset/Data/road/IMG_2109 0055.jpg,4bbb668cbb0e0ab5dae9f34c8773a66a2f1b4444341932720587c6e1596fed2e,1920,1080,false,,exclude_not_speed_bump_source_label,not used for the speed-bump supporting-class task
road::IMG_2109 0056.jpg,road,data/raw/v2/kaggle_speed_bump/Dataset/Data/road/IMG_2109 0056.jpg,056f5f433f57fde6fe9607e0773ac45f9494b75345973129464e0c6ba937461d,1920,1080,false,,exclude_not_speed_bump_source_label,not used for the speed-bump supporting-class task
road::IMG_2109 0057.jpg,road,data/raw/v2/kaggle_speed_bump/Dataset/Data/road/IMG_2109 0057.jpg,fc1be74272a4c18923142bf760215d47b0af7a6a0f0c730a67a919187c8ae5a0,1920,1080,false,,exclude_not_speed_bump_source_label,not used for the speed-bump supporting-class task
road::IMG_2109 0058.jpg,road,data/raw/v2/kaggle_speed_bump/Dataset/Data/road/IMG_2109 0058.jpg,a857ff5e399dff73eef2143264b900c92c34656d5976652dcb86daa073a724ec,1920,1080,false,,exclude_not_speed_bump_source_label,not used for the speed-bump supporting-class task
road::IMG_2109 0059.jpg,road,data/raw/v2/kaggle_speed_bump/Dataset/Data/road/IMG_2109 0059.jpg,1c4e186fe3e29708316c454185a5096404ce1adc0ac43a52b70f8f85243637ad,1920,1080,false,,exclude_not_speed_bump_source_label,not used for the speed-bump supporting-class task
road::IMG_2109 0060.jpg,road,data/raw/v2/kaggle_speed_bump/Dataset/Data/road/IMG_2109 0060.jpg,b10768a18a78b0dcab168396ec49e1b2ab05bc081d7d5f66fcc3da06232684e0,1920,1080,false,,exclude_not_speed_bump_source_label,not used for the speed-bump supporting-class task
road::IMG_2109 0061.jpg,road,data/raw/v2/kaggle_speed_bump/Dataset/Data/road/IMG_2109 0061.jpg,cc531fd21e9cc2be3c13da7ba5d52758b67e9382ef420eaf8c843135008176fe,1920,1080,false,,exclude_not_speed_bump_source_label,not used for the speed-bump supporting-class task
road::IMG_2109 0062.jpg,road,data/raw/v2/kaggle_speed_bump/Dataset/Data/road/IMG_2109 0062.jpg,f0ef2d4a1f7e724ef956ed32c2678a3e42f5f0750c1555726cf71acab211ab07,1920,1080,false,,exclude_not_speed_bump_source_label,not used for the speed-bump supporting-class task
road::IMG_2109 0063.jpg,road,data/raw/v2/kaggle_speed_bump/Dataset/Data/road/IMG_2109 0063.jpg,eafc9b6279f05293b46f329f6d42bb596ea14879ca25fef0300d91ce0dbe12d7,1920,1080,false,,exclude_not_speed_bump_source_label,not used for the speed-bump supporting-class task
road::IMG_2109 0064.jpg,road,data/raw/v2/kaggle_speed_bump/Dataset/Data/road/IMG_2109 0064.jpg,074b954e12c1e385919fe045c2243534e1def628d60a8fc208b2ca0951d28883,1920,1080,false,,exclude_not_speed_bump_source_label,not used for the speed-bump supporting-class task
road::IMG_2109 0065.jpg,road,data/raw/v2/kaggle_speed_bump/Dataset/Data/road/IMG_2109 0065.jpg,4b87371ee91d26b810b1d8e7cc36346f9dc74cb010c56e6840287a7b16fee85d,1920,1080,false,,exclude_not_speed_bump_source_label,not used for the speed-bump supporting-class task
road::IMG_2109 0066.jpg,road,data/raw/v2/kaggle_speed_bump/Dataset/Data/road/IMG_2109 0066.jpg,dbb63532a18eea642bfb1846abe0bfba921188cf8296307ee6708d7f209772ba,1920,1080,false,,exclude_not_speed_bump_source_label,not used for the speed-bump supporting-class task
road::IMG_2109 0067.jpg,road,data/raw/v2/kaggle_speed_bump/Dataset/Data/road/IMG_2109 0067.jpg,d789db47f57c0a417a857181960ad406a9db246bc41f6734dc610457c7738bb1,1920,1080,false,,exclude_not_speed_bump_source_label,not used for the speed-bump supporting-class task
road::IMG_2109 0068.jpg,road,data/raw/v2/kaggle_speed_bump/Dataset/Data/road/IMG_2109 0068.jpg,9d93fd1dd2265b848db2fcadebda0eaffdfadf2363f447a26c06aff2fede1456,1920,1080,false,,exclude_not_speed_bump_source_label,not used for the speed-bump supporting-class task
road::IMG_2109 0069.jpg,road,data/raw/v2/kaggle_speed_bump/Dataset/Data/road/IMG_2109 0069.jpg,2a967de9be7f8e3604ec1b468a7b4491aaee879c533f52a83738fe7d2f534d89,1920,1080,false,,exclude_not_speed_bump_source_label,not used for the speed-bump supporting-class task
road::IMG_2109 0070.jpg,road,data/raw/v2/kaggle_speed_bump/Dataset/Data/road/IMG_2109 0070.jpg,7f2abe6c68bc32a748fcff37710a8a269a0ddbb839aa5948d200d1d575f87b26,1920,1080,false,,exclude_not_speed_bump_source_label,not used for the speed-bump supporting-class task
road::IMG_2109 0071.jpg,road,data/raw/v2/kaggle_speed_bump/Dataset/Data/road/IMG_2109 0071.jpg,08902ae97e5ab11fd5c566356404c9414417e154c86869d271e4f1ec563a16d6,1920,1080,false,,exclude_not_speed_bump_source_label,not used for the speed-bump supporting-class task
road::IMG_2109 0072.jpg,road,data/raw/v2/kaggle_speed_bump/Dataset/Data/road/IMG_2109 0072.jpg,4fe91b0b7c8fde93fed11f245259ae74c455e0567a5f2813945b1318e71bc26c,1920,1080,false,,exclude_not_speed_bump_source_label,not used for the speed-bump supporting-class task
road::IMG_2109 0073.jpg,road,data/raw/v2/kaggle_speed_bump/Dataset/Data/road/IMG_2109 0073.jpg,873a30ec4afe64163c5581e1ed8f942afdced5683402f108ab507cc7e0589217,1920,1080,false,,exclude_not_speed_bump_source_label,not used for the speed-bump supporting-class task
road::IMG_2109 0074.jpg,road,data/raw/v2/kaggle_speed_bump/Dataset/Data/road/IMG_2109 0074.jpg,c7b0762516f16043bed1a22847cb6278dfedc1dc88891eb7c9b0ad6b8b44e683,1920,1080,false,,exclude_not_speed_bump_source_label,not used for the speed-bump supporting-class task
road::IMG_2109 0075.jpg,road,data/raw/v2/kaggle_speed_bump/Dataset/Data/road/IMG_2109 0075.jpg,5334fdf67e297516b15e519b43e4a4dbe813b587b0d9b4809f06ee208f7cffab,1920,1080,false,,exclude_not_speed_bump_source_label,not used for the speed-bump supporting-class task
road::IMG_2109 0076.jpg,road,data/raw/v2/kaggle_speed_bump/Dataset/Data/road/IMG_2109 0076.jpg,98959937acc49b3489c6dbe41fda9fd8b95c42afa4ef1ef164458724cc79af74,1920,1080,false,,exclude_not_speed_bump_source_label,not used for the speed-bump supporting-class task
road::IMG_2109 0077.jpg,road,data/raw/v2/kaggle_speed_bump/Dataset/Data/road/IMG_2109 0077.jpg,c90327b5c2351c08282cddaf36c44803be839e088782f60f082fe3d69f081f8a,1920,1080,false,,exclude_not_speed_bump_source_label,not used for the speed-bump supporting-class task
road::IMG_2109 0078.jpg,road,data/raw/v2/kaggle_speed_bump/Dataset/Data/road/IMG_2109 0078.jpg,a884b732f3203e5d1960d99409564d5d053d473dbbc00a1dba95b6cf25cf3984,1920,1080,false,,exclude_not_speed_bump_source_label,not used for the speed-bump supporting-class task
road::IMG_2109 0079.jpg,road,data/raw/v2/kaggle_speed_bump/Dataset/Data/road/IMG_2109 0079.jpg,dd203b5590caac9903fc8f6806658b400ebfa155e4c02c9872baaf36efcb4f00,1920,1080,false,,exclude_not_speed_bump_source_label,not used for the speed-bump supporting-class task
road::IMG_2109 0080.jpg,road,data/raw/v2/kaggle_speed_bump/Dataset/Data/road/IMG_2109 0080.jpg,7ef0190008145f6557dafe354d8ed518d9bef73dcf6ffff1b7a78c8b1aa24059,1920,1080,false,,exclude_not_speed_bump_source_label,not used for the speed-bump supporting-class task
road::IMG_2109 0081.jpg,road,data/raw/v2/kaggle_speed_bump/Dataset/Data/road/IMG_2109 0081.jpg,a52891a7700fef38d691d82289ce4aca5497e07f15511cb2ccf880ef13934644,1920,1080,false,,exclude_not_speed_bump_source_label,not used for the speed-bump supporting-class task
road::IMG_2109 0084.jpg,road,data/raw/v2/kaggle_speed_bump/Dataset/Data/road/IMG_2109 0084.jpg,fba1b5be70ee4dd92d887dcef41fcdb1829cb239c2c8abeabc47ca68782fe110,1920,1080,false,,exclude_not_speed_bump_source_label,not used for the speed-bump supporting-class task
road::IMG_2109 0085.jpg,road,data/raw/v2/kaggle_speed_bump/Dataset/Data/road/IMG_2109 0085.jpg,6cff9705c6588b55bf7f68cc5f202b109ad1d5e46113d251ad4b7a68555377ff,1920,1080,false,,exclude_not_speed_bump_source_label,not used for the speed-bump supporting-class task
road::IMG_2109 0086.jpg,road,data/raw/v2/kaggle_speed_bump/Dataset/Data/road/IMG_2109 0086.jpg,738ef5bdcc294f0a3d79f489d911534525c2a5a62253a2da4605316ecfd27a68,1920,1080,false,,exclude_not_speed_bump_source_label,not used for the speed-bump supporting-class task
road::IMG_2109 0087.jpg,road,data/raw/v2/kaggle_speed_bump/Dataset/Data/road/IMG_2109 0087.jpg,8d76b82b6513408a371f2a74bd865727104437bf2a67c0f5251caa84c288eecd,1920,1080,false,,exclude_not_speed_bump_source_label,not used for the speed-bump supporting-class task
road::IMG_2109 0088.jpg,road,data/raw/v2/kaggle_speed_bump/Dataset/Data/road/IMG_2109 0088.jpg,9245893b2a7f3da69a402d3acf4994d6e88c53cc84d9548cedd0dab3ad602b8e,1920,1080,false,,exclude_not_speed_bump_source_label,not used for the speed-bump supporting-class task
road::IMG_2109 0089.jpg,road,data/raw/v2/kaggle_speed_bump/Dataset/Data/road/IMG_2109 0089.jpg,7f06c3bb69337f552fa8c56f65de4388d1578a9428e31709d4b20c8c4bacb1b4,1920,1080,false,,exclude_not_speed_bump_source_label,not used for the speed-bump supporting-class task
road::IMG_2109 0090.jpg,road,data/raw/v2/kaggle_speed_bump/Dataset/Data/road/IMG_2109 0090.jpg,ead5af8e39de5516f2cdf647249ae7eb53c403067c13e6dac116d4d4ea4791e5,1920,1080,false,,exclude_not_speed_bump_source_label,not used for the speed-bump supporting-class task
road::IMG_2109 0091.jpg,road,data/raw/v2/kaggle_speed_bump/Dataset/Data/road/IMG_2109 0091.jpg,824d6c4cabaa9ccf056bec9ba5ca84a56c2d440c15358e4a335b079c5ebc35e1,1920,1080,false,,exclude_not_speed_bump_source_label,not used for the speed-bump supporting-class task
road::IMG_2109 0092.jpg,road,data/raw/v2/kaggle_speed_bump/Dataset/Data/road/IMG_2109 0092.jpg,510acf55f11ea13f2661c40f19e3e13662a57e7331f6b6778f7e0ce0fe48084d,1920,1080,false,,exclude_not_speed_bump_source_label,not used for the speed-bump supporting-class task
road::IMG_2109 0093.jpg,road,data/raw/v2/kaggle_speed_bump/Dataset/Data/road/IMG_2109 0093.jpg,cc816210043e7de0798dff7b2dc7ea5f09ecfb272438c65806183dac397db8d1,1920,1080,false,,exclude_not_speed_bump_source_label,not used for the speed-bump supporting-class task
road::IMG_2109 0094.jpg,road,data/raw/v2/kaggle_speed_bump/Dataset/Data/road/IMG_2109 0094.jpg,3472ed5f39bc7106d70a44b99ec45284017089ec8f4f786ef04f850f31c50c7a,1920,1080,false,,exclude_not_speed_bump_source_label,not used for the speed-bump supporting-class task
road::IMG_2109 0096.jpg,road,data/raw/v2/kaggle_speed_bump/Dataset/Data/road/IMG_2109 0096.jpg,64826d3b1bbbe22cab002d8a8d949bace0ce9a6554598d4d9cef2c969ed592ce,1920,1080,false,,exclude_not_speed_bump_source_label,not used for the speed-bump supporting-class task
road::IMG_2109 0097.jpg,road,data/raw/v2/kaggle_speed_bump/Dataset/Data/road/IMG_2109 0097.jpg,8c3f2eba6a153426a09755b7acbcb0c7b0027c87b3625516beb16dc2e0d7fc49,1920,1080,false,,exclude_not_speed_bump_source_label,not used for the speed-bump supporting-class task
road::IMG_2109 0098.jpg,road,data/raw/v2/kaggle_speed_bump/Dataset/Data/road/IMG_2109 0098.jpg,c9e315890818f6a272871f8d2a8082a4f894c3d602e332bce43a2c422cf42cef,1920,1080,false,,exclude_not_speed_bump_source_label,not used for the speed-bump supporting-class task
road::IMG_2109 0099.jpg,road,data/raw/v2/kaggle_speed_bump/Dataset/Data/road/IMG_2109 0099.jpg,e7c68dd349e08f52f1fd0d613b2b90a5b7aa5861da88f98145bd971e1d0a74c2,1920,1080,false,,exclude_not_speed_bump_source_label,not used for the speed-bump supporting-class task
road::IMG_2109 0100.jpg,road,data/raw/v2/kaggle_speed_bump/Dataset/Data/road/IMG_2109 0100.jpg,2505ac9d555be436c132ae78ca25fb1323b3400d0687708410d803bf6acae381,1920,1080,false,,exclude_not_speed_bump_source_label,not used for the speed-bump supporting-class task
road::IMG_2109 0101.jpg,road,data/raw/v2/kaggle_speed_bump/Dataset/Data/road/IMG_2109 0101.jpg,ea6f35d07a20d70c864effaf41466389605139897a95068104520faf38465562,1920,1080,false,,exclude_not_speed_bump_source_label,not used for the speed-bump supporting-class task
road::IMG_2109 0102.jpg,road,data/raw/v2/kaggle_speed_bump/Dataset/Data/road/IMG_2109 0102.jpg,5e763c5d63229b8fc935cd01ff0a1b3cee74f000d6d63901310a7067118ff747,1920,1080,false,,exclude_not_speed_bump_source_label,not used for the speed-bump supporting-class task
road::IMG_2109 0103.jpg,road,data/raw/v2/kaggle_speed_bump/Dataset/Data/road/IMG_2109 0103.jpg,c236c9798415623c757e03e807ef67b745b38e6fb5d1614abde32faf598df98a,1920,1080,false,,exclude_not_speed_bump_source_label,not used for the speed-bump supporting-class task
road::IMG_2109 0104.jpg,road,data/raw/v2/kaggle_speed_bump/Dataset/Data/road/IMG_2109 0104.jpg,7998a1e24873948113162fb9e7024f9f38d4b3475b9a76955357684e0400efb3,1920,1080,false,,exclude_not_speed_bump_source_label,not used for the speed-bump supporting-class task
road::IMG_2109 0108.jpg,road,data/raw/v2/kaggle_speed_bump/Dataset/Data/road/IMG_2109 0108.jpg,da870f48c2e4483d67b15641ebd17b3caa24add7b2a52252b042b4fcbb9e9174,1920,1080,false,,exclude_not_speed_bump_source_label,not used for the speed-bump supporting-class task
road::IMG_2109 0109.jpg,road,data/raw/v2/kaggle_speed_bump/Dataset/Data/road/IMG_2109 0109.jpg,2646876cc2fe427fa1490cfb5e98e315982261fd7be66c259c96686b3cefce7c,1920,1080,false,,exclude_not_speed_bump_source_label,not used for the speed-bump supporting-class task
road::IMG_2109 0110.jpg,road,data/raw/v2/kaggle_speed_bump/Dataset/Data/road/IMG_2109 0110.jpg,9dc0bfd52fa13ab779678c1ef6a4d1e5835ec62ae30a5083eab9cba034de1417,1920,1080,false,,exclude_not_speed_bump_source_label,not used for the speed-bump supporting-class task
road::IMG_2109 0111.jpg,road,data/raw/v2/kaggle_speed_bump/Dataset/Data/road/IMG_2109 0111.jpg,61ddd8ce824b831d8e1ea19fba41e1f1bd1e3ef6c3b8c5d0fef91c2876d74063,1920,1080,false,,exclude_not_speed_bump_source_label,not used for the speed-bump supporting-class task
road::IMG_2109 0112.jpg,road,data/raw/v2/kaggle_speed_bump/Dataset/Data/road/IMG_2109 0112.jpg,71b9c68879e2a8b5fe60270e1cef5c9754f7ce1a70a0fb70ba5ef6e99a4f19df,1920,1080,false,,exclude_not_speed_bump_source_label,not used for the speed-bump supporting-class task
road::IMG_2109 0113.jpg,road,data/raw/v2/kaggle_speed_bump/Dataset/Data/road/IMG_2109 0113.jpg,e2b68b7eade76018ce0c092c103dfc75ce311e595ebe7cecd40f8e536ed233fc,1920,1080,false,,exclude_not_speed_bump_source_label,not used for the speed-bump supporting-class task
road::IMG_2109 0114.jpg,road,data/raw/v2/kaggle_speed_bump/Dataset/Data/road/IMG_2109 0114.jpg,498f7f994c0bf14bebf6ed5c2918d7f6b7f0dccc5d6b930c1b5c9dbd5c3add33,1920,1080,false,,exclude_not_speed_bump_source_label,not used for the speed-bump supporting-class task
road::IMG_2109 0115.jpg,road,data/raw/v2/kaggle_speed_bump/Dataset/Data/road/IMG_2109 0115.jpg,3273155016160e71e266f4c544d98eceda29cc2f1f5c8accae4c89973b37356e,1920,1080,false,,exclude_not_speed_bump_source_label,not used for the speed-bump supporting-class task
road::IMG_2109 0116.jpg,road,data/raw/v2/kaggle_speed_bump/Dataset/Data/road/IMG_2109 0116.jpg,316fd00199478348826f90d77c96c4f0992ec4f62d836ff8d2b3e5e0b407d8f2,1920,1080,false,,exclude_not_speed_bump_source_label,not used for the speed-bump supporting-class task
road::IMG_2109 0118.jpg,road,data/raw/v2/kaggle_speed_bump/Dataset/Data/road/IMG_2109 0118.jpg,9728a6de75083ac602818a5a87ef6eb2d28942a7382d88ec842cbaf1716f120c,1920,1080,false,,exclude_not_speed_bump_source_label,not used for the speed-bump supporting-class task
road::IMG_2109 0119.jpg,road,data/raw/v2/kaggle_speed_bump/Dataset/Data/road/IMG_2109 0119.jpg,477b0ebdab5e0a6ae4f5f84d050a342c1acd7b72c4f22d47174e1352337de0c4,1920,1080,false,,exclude_not_speed_bump_source_label,not used for the speed-bump supporting-class task
road::IMG_2109 0120.jpg,road,data/raw/v2/kaggle_speed_bump/Dataset/Data/road/IMG_2109 0120.jpg,8680ddfaec943e0484cf4d8369b819cf5d592532b39f674af795c0af6fd74d59,1920,1080,false,,exclude_not_speed_bump_source_label,not used for the speed-bump supporting-class task
road::IMG_2109 0121.jpg,road,data/raw/v2/kaggle_speed_bump/Dataset/Data/road/IMG_2109 0121.jpg,0a87fed670f79d09df20541b33c32e7b168813bdd8d85ac15d1df4d5fbbd97f6,1920,1080,false,,exclude_not_speed_bump_source_label,not used for the speed-bump supporting-class task
road::IMG_2109 0122.jpg,road,data/raw/v2/kaggle_speed_bump/Dataset/Data/road/IMG_2109 0122.jpg,8ebdc71884fbc8a71ae78c1030e074755c69a98de48589a7fbc318978238f1f3,1920,1080,false,,exclude_not_speed_bump_source_label,not used for the speed-bump supporting-class task
road::IMG_2109 0123.jpg,road,data/raw/v2/kaggle_speed_bump/Dataset/Data/road/IMG_2109 0123.jpg,4913eeaa0bac18603695bed9bc9a00b2035ea360e899162eb846a3d6cb13a066,1920,1080,false,,exclude_not_speed_bump_source_label,not used for the speed-bump supporting-class task
road::IMG_2109 0124.jpg,road,data/raw/v2/kaggle_speed_bump/Dataset/Data/road/IMG_2109 0124.jpg,ada2e4856d49dde5bb480fe4ad674e9a78e0b1f2a8e55e07f1edd14b49f40dcc,1920,1080,false,,exclude_not_speed_bump_source_label,not used for the speed-bump supporting-class task
road::IMG_2109 0125.jpg,road,data/raw/v2/kaggle_speed_bump/Dataset/Data/road/IMG_2109 0125.jpg,9d36c8d931642bec3e83501fe7ec518400d15b9dd937cffaa4912543670d17e2,1920,1080,false,,exclude_not_speed_bump_source_label,not used for the speed-bump supporting-class task
road::IMG_2109 0126.jpg,road,data/raw/v2/kaggle_speed_bump/Dataset/Data/road/IMG_2109 0126.jpg,68a990e41b34beedaef1ca25f50faf8d1a2dce09f5a40a446699fd44dfde7c71,1920,1080,false,,exclude_not_speed_bump_source_label,not used for the speed-bump supporting-class task
road::IMG_2109 0127.jpg,road,data/raw/v2/kaggle_speed_bump/Dataset/Data/road/IMG_2109 0127.jpg,2e4566be9c61785d805db5991d76a638bd299c05465b0f45cacf5b9df70a0d92,1920,1080,false,,exclude_not_speed_bump_source_label,not used for the speed-bump supporting-class task
road::IMG_2109 0128.jpg,road,data/raw/v2/kaggle_speed_bump/Dataset/Data/road/IMG_2109 0128.jpg,dc92cbdc4e34467fec65ec76b742068e72f1724c41106f0e9607886a3dc17cd7,1920,1080,false,,exclude_not_speed_bump_source_label,not used for the speed-bump supporting-class task
road::IMG_2109 0129.jpg,road,data/raw/v2/kaggle_speed_bump/Dataset/Data/road/IMG_2109 0129.jpg,240ff934f0573edf72b88a0702be85494ddb3bfeafb1d4fda564b6b2e2e82035,1920,1080,false,,exclude_not_speed_bump_source_label,not used for the speed-bump supporting-class task
road::IMG_2109 0130.jpg,road,data/raw/v2/kaggle_speed_bump/Dataset/Data/road/IMG_2109 0130.jpg,2915372e228bf6b73932de08eef6f4cafae4a4373c0df326ce46fc1893a1c6f9,1920,1080,false,,exclude_not_speed_bump_source_label,not used for the speed-bump supporting-class task
road::IMG_2109 0131.jpg,road,data/raw/v2/kaggle_speed_bump/Dataset/Data/road/IMG_2109 0131.jpg,7bbb52b1972514810140204b492cda36510daeb7d51f89569ef8fc2c43184d2d,1920,1080,false,,exclude_not_speed_bump_source_label,not used for the speed-bump supporting-class task
road::IMG_2109 0132.jpg,road,data/raw/v2/kaggle_speed_bump/Dataset/Data/road/IMG_2109 0132.jpg,3322602c1726aa9cb974cc2b94adca8ffd33d1443e16944957fd1dcbc895b962,1920,1080,false,,exclude_not_speed_bump_source_label,not used for the speed-bump supporting-class task
road::IMG_2109 0133.jpg,road,data/raw/v2/kaggle_speed_bump/Dataset/Data/road/IMG_2109 0133.jpg,14d5bc174d0cf0302a99a1a46e56be548244d6d87cf3e767e270acd744335b4a,1920,1080,false,,exclude_not_speed_bump_source_label,not used for the speed-bump supporting-class task
road::IMG_2109 0134.jpg,road,data/raw/v2/kaggle_speed_bump/Dataset/Data/road/IMG_2109 0134.jpg,4cdbaa9eed27f25fdcc07f9336a35761e76f072bf8ae9194e2a3b22436790804,1920,1080,false,,exclude_not_speed_bump_source_label,not used for the speed-bump supporting-class task
road::IMG_2109 0135.jpg,road,data/raw/v2/kaggle_speed_bump/Dataset/Data/road/IMG_2109 0135.jpg,cbd12ac0e6d8c8a7554b47d5d4d290cfa2589db6cc539e195fed6b7e00f24d7c,1920,1080,false,,exclude_not_speed_bump_source_label,not used for the speed-bump supporting-class task
road::IMG_2109 0136.jpg,road,data/raw/v2/kaggle_speed_bump/Dataset/Data/road/IMG_2109 0136.jpg,45f34eb9908a2b44670915c67c37a9f117c749f44d8c6d8314c6323a9f8215b4,1920,1080,false,,exclude_not_speed_bump_source_label,not used for the speed-bump supporting-class task
road::IMG_2109 0137.jpg,road,data/raw/v2/kaggle_speed_bump/Dataset/Data/road/IMG_2109 0137.jpg,ba213dec84947f8ed2dcdc2df98201770f1984fe619331107db0466d62a8870a,1920,1080,false,,exclude_not_speed_bump_source_label,not used for the speed-bump supporting-class task
road::IMG_2109 0138.jpg,road,data/raw/v2/kaggle_speed_bump/Dataset/Data/road/IMG_2109 0138.jpg,f57c28fb5f4d8c408e9a3ef02c876b91b2df4fc601ba67304574bf3ce9c4c635,1920,1080,false,,exclude_not_speed_bump_source_label,not used for the speed-bump supporting-class task
road::IMG_2109 0139.jpg,road,data/raw/v2/kaggle_speed_bump/Dataset/Data/road/IMG_2109 0139.jpg,34da01994ef5236903c41aaf15c635a56b26e782c53d05e3b41dc645b2cdb498,1920,1080,false,,exclude_not_speed_bump_source_label,not used for the speed-bump supporting-class task
road::IMG_2109 0140.jpg,road,data/raw/v2/kaggle_speed_bump/Dataset/Data/road/IMG_2109 0140.jpg,30c3196eb1caca4952b828f0e80f45f8597378a3536b5122dcf8b22a1a473803,1920,1080,false,,exclude_not_speed_bump_source_label,not used for the speed-bump supporting-class task
road::IMG_2109 0141.jpg,road,data/raw/v2/kaggle_speed_bump/Dataset/Data/road/IMG_2109 0141.jpg,14ada0e7e9de700c8365027fefd8a2ecb049b4b832f1d6d9f915ec7b8bc78794,1920,1080,false,,exclude_not_speed_bump_source_label,not used for the speed-bump supporting-class task
road::IMG_2109 0142.jpg,road,data/raw/v2/kaggle_speed_bump/Dataset/Data/road/IMG_2109 0142.jpg,b81033847b12ca046ecbae2aaf6e2a27d5a97c7c97c8e6666c3b0b935abad7ba,1920,1080,false,,exclude_not_speed_bump_source_label,not used for the speed-bump supporting-class task
road::IMG_2109 0143.jpg,road,data/raw/v2/kaggle_speed_bump/Dataset/Data/road/IMG_2109 0143.jpg,2bffa9219c5fec19e9d1513c1a267db3b2fa79e70ebfd10a7785758f7acf5956,1920,1080,false,,exclude_not_speed_bump_source_label,not used for the speed-bump supporting-class task
road::IMG_2109 0144.jpg,road,data/raw/v2/kaggle_speed_bump/Dataset/Data/road/IMG_2109 0144.jpg,1103d806251a7767187a17974e71fbed85570b5f97d875b48170800cae141284,1920,1080,false,,exclude_not_speed_bump_source_label,not used for the speed-bump supporting-class task
road::IMG_2109 0145.jpg,road,data/raw/v2/kaggle_speed_bump/Dataset/Data/road/IMG_2109 0145.jpg,3c0a96b85a9cd2c8b994f540e88783b543007ab388a735d7b8f170687b6003b2,1920,1080,false,,exclude_not_speed_bump_source_label,not used for the speed-bump supporting-class task
road::IMG_2109 0146.jpg,road,data/raw/v2/kaggle_speed_bump/Dataset/Data/road/IMG_2109 0146.jpg,42d362e8aed438cc88ef237451ec0410983c6a1d7bd531d62df0ec5a864fc908,1920,1080,false,,exclude_not_speed_bump_source_label,not used for the speed-bump supporting-class task
road::IMG_2109 0147.jpg,road,data/raw/v2/kaggle_speed_bump/Dataset/Data/road/IMG_2109 0147.jpg,0700b356a6e5518d5c7656344e1dc97c204a8b2c179f48fea4ed004372aabdc8,1920,1080,false,,exclude_not_speed_bump_source_label,not used for the speed-bump supporting-class task
road::IMG_2109 0148.jpg,road,data/raw/v2/kaggle_speed_bump/Dataset/Data/road/IMG_2109 0148.jpg,43bb56720715ce1cb665505bb7ae37ba8f8f59ad39858949a9bc603268ce3cef,1920,1080,false,,exclude_not_speed_bump_source_label,not used for the speed-bump supporting-class task
road::IMG_2109 0149.jpg,road,data/raw/v2/kaggle_speed_bump/Dataset/Data/road/IMG_2109 0149.jpg,8de450e60ff8d78df654cf5d02618dc69cd82488bd63921f3a598db05ca0c4b0,1920,1080,false,,exclude_not_speed_bump_source_label,not used for the speed-bump supporting-class task
road::IMG_2109 0150.jpg,road,data/raw/v2/kaggle_speed_bump/Dataset/Data/road/IMG_2109 0150.jpg,cb6e2df195a896a8402be79f854085a1d31e0dd82808b4aaaa4ebacc6b099f63,1920,1080,false,,exclude_not_speed_bump_source_label,not used for the speed-bump supporting-class task
road::IMG_2109 0151.jpg,road,data/raw/v2/kaggle_speed_bump/Dataset/Data/road/IMG_2109 0151.jpg,075e72995b2c8c66180759c00cc43da90b0e806de1a1f2a46431e0bb45d100bb,1920,1080,false,,exclude_not_speed_bump_source_label,not used for the speed-bump supporting-class task
road::IMG_2109 0152.jpg,road,data/raw/v2/kaggle_speed_bump/Dataset/Data/road/IMG_2109 0152.jpg,a83a09e20efab5a3f548aa59eb7232e47a0662341ce251be76d08127bb30701d,1920,1080,false,,exclude_not_speed_bump_source_label,not used for the speed-bump supporting-class task
road::IMG_2109 0153.jpg,road,data/raw/v2/kaggle_speed_bump/Dataset/Data/road/IMG_2109 0153.jpg,1f2dcb232ad8efdb4a8804c326de902e8e384417642fb6043723dc74dd5b90e7,1920,1080,false,,exclude_not_speed_bump_source_label,not used for the speed-bump supporting-class task
road::IMG_2109 0154.jpg,road,data/raw/v2/kaggle_speed_bump/Dataset/Data/road/IMG_2109 0154.jpg,c5893741239e7517a44ab09eddba46fc8ddbdac245547462a208337971cab79a,1920,1080,false,,exclude_not_speed_bump_source_label,not used for the speed-bump supporting-class task
road::IMG_2109 0156.jpg,road,data/raw/v2/kaggle_speed_bump/Dataset/Data/road/IMG_2109 0156.jpg,cd7c4d1132515bf1e1aae102ba57dfa2780f97d418d8e8465595a74c9af3b08e,1920,1080,false,,exclude_not_speed_bump_source_label,not used for the speed-bump supporting-class task
road::IMG_2109 0157.jpg,road,data/raw/v2/kaggle_speed_bump/Dataset/Data/road/IMG_2109 0157.jpg,9b2114615bf68563be7c12450e76448ce5f692f949d9690a6368d18bba3646e0,1920,1080,false,,exclude_not_speed_bump_source_label,not used for the speed-bump supporting-class task
road::IMG_2109 0158.jpg,road,data/raw/v2/kaggle_speed_bump/Dataset/Data/road/IMG_2109 0158.jpg,9d7b103494cdf3816cc86e2225fc57999c2581853d38be0b7c5dc6c1ea72dfb4,1920,1080,false,,exclude_not_speed_bump_source_label,not used for the speed-bump supporting-class task
road::IMG_2109 0159.jpg,road,data/raw/v2/kaggle_speed_bump/Dataset/Data/road/IMG_2109 0159.jpg,25ea535256cbe0a4aca14cd01d2dc1c6c31202a180ca1e5a9a40d363d2370cc2,1920,1080,false,,exclude_not_speed_bump_source_label,not used for the speed-bump supporting-class task
road::IMG_2109 0160.jpg,road,data/raw/v2/kaggle_speed_bump/Dataset/Data/road/IMG_2109 0160.jpg,cccde23850e8b587af9ee2f4445c6ece5380cd35c7ccb44b3f6ed3fd8bca0479,1920,1080,false,,exclude_not_speed_bump_source_label,not used for the speed-bump supporting-class task
road::IMG_2109 0161.jpg,road,data/raw/v2/kaggle_speed_bump/Dataset/Data/road/IMG_2109 0161.jpg,3509ad12c7a7d3891ab67efc5b81a10f569f6cf497d3755c4f0a30cbbb250410,1920,1080,false,,exclude_not_speed_bump_source_label,not used for the speed-bump supporting-class task
road::IMG_2109 0162.jpg,road,data/raw/v2/kaggle_speed_bump/Dataset/Data/road/IMG_2109 0162.jpg,a99b11af56a14d89b80e65d2d861845f4e605abca8e02c51b7e2ce26d5742ac2,1920,1080,false,,exclude_not_speed_bump_source_label,not used for the speed-bump supporting-class task
road::IMG_2109 0163.jpg,road,data/raw/v2/kaggle_speed_bump/Dataset/Data/road/IMG_2109 0163.jpg,74482a7a14932574877f02f4db3db54bd99d23eb6800c709c52088956f60dfbd,1920,1080,false,,exclude_not_speed_bump_source_label,not used for the speed-bump supporting-class task
road::IMG_2109 0164.jpg,road,data/raw/v2/kaggle_speed_bump/Dataset/Data/road/IMG_2109 0164.jpg,a45cc49bc4da8993c8a6d1ca7b3c8384f2a6192470e78e699f13ec1e02c52a70,1920,1080,false,,exclude_not_speed_bump_source_label,not used for the speed-bump supporting-class task
road::IMG_2109 0168.jpg,road,data/raw/v2/kaggle_speed_bump/Dataset/Data/road/IMG_2109 0168.jpg,aa09d225ff87884cf64220712028f8314e0106a81f9438cf4cc190d5aa738336,1920,1080,false,,exclude_not_speed_bump_source_label,not used for the speed-bump supporting-class task
road::IMG_2109 0169.jpg,road,data/raw/v2/kaggle_speed_bump/Dataset/Data/road/IMG_2109 0169.jpg,6515aacfac797117c6687f9f7bb00088555f5b073f8023ac721360ab14c37976,1920,1080,false,,exclude_not_speed_bump_source_label,not used for the speed-bump supporting-class task
road::IMG_2109 0170.jpg,road,data/raw/v2/kaggle_speed_bump/Dataset/Data/road/IMG_2109 0170.jpg,f0bc0926f1161ca33e4fa72b2533b0ab8f00695754e68d1e16c4edd17967b0f6,1920,1080,false,,exclude_not_speed_bump_source_label,not used for the speed-bump supporting-class task
road::IMG_2109 0171.jpg,road,data/raw/v2/kaggle_speed_bump/Dataset/Data/road/IMG_2109 0171.jpg,d6faf5b5bac6f8d50134c214333bf6f57ef44a904f8230b599e68104d0824aad,1920,1080,false,,exclude_not_speed_bump_source_label,not used for the speed-bump supporting-class task
road::IMG_2109 0172.jpg,road,data/raw/v2/kaggle_speed_bump/Dataset/Data/road/IMG_2109 0172.jpg,d4f9f7183b282aa325e50ba94e5ffabbff05cda1f6dc336e2eb6e735cbcf3796,1920,1080,false,,exclude_not_speed_bump_source_label,not used for the speed-bump supporting-class task
road::IMG_2109 0173.jpg,road,data/raw/v2/kaggle_speed_bump/Dataset/Data/road/IMG_2109 0173.jpg,988a4b0613a1cd7ed00fadc98e8583d9947e8a956466983fa046fa947bba96b0,1920,1080,false,,exclude_not_speed_bump_source_label,not used for the speed-bump supporting-class task
road::IMG_2109 0174.jpg,road,data/raw/v2/kaggle_speed_bump/Dataset/Data/road/IMG_2109 0174.jpg,0c6d02196d77cac8e5e98d221eb8d2df5c33d0386c85ad10911a49814de47f7f,1920,1080,false,,exclude_not_speed_bump_source_label,not used for the speed-bump supporting-class task
road::IMG_2109 0175.jpg,road,data/raw/v2/kaggle_speed_bump/Dataset/Data/road/IMG_2109 0175.jpg,fb6e5602138684ef2d109a3ffe99c254c6ffe59a5e535f4fe344f25fb7ae4766,1920,1080,false,,exclude_not_speed_bump_source_label,not used for the speed-bump supporting-class task
road::IMG_2109 0176.jpg,road,data/raw/v2/kaggle_speed_bump/Dataset/Data/road/IMG_2109 0176.jpg,773afac62bf466a170d2de6b6ba2176f512c28b77638bc9e7b6400087557202a,1920,1080,false,,exclude_not_speed_bump_source_label,not used for the speed-bump supporting-class task
road::IMG_2109 0179.jpg,road,data/raw/v2/kaggle_speed_bump/Dataset/Data/road/IMG_2109 0179.jpg,36650253517ef5f398294716cf5fe6f857e0dbead2070432881f2ffce22de554,1920,1080,false,,exclude_not_speed_bump_source_label,not used for the speed-bump supporting-class task
road::IMG_2109 0180.jpg,road,data/raw/v2/kaggle_speed_bump/Dataset/Data/road/IMG_2109 0180.jpg,cf94165bd18ba1be42b4e36a2682dacac2f71db73e2b1510d0b52049024f90a5,1920,1080,false,,exclude_not_speed_bump_source_label,not used for the speed-bump supporting-class task
road::IMG_2109 0181.jpg,road,data/raw/v2/kaggle_speed_bump/Dataset/Data/road/IMG_2109 0181.jpg,d13e9ad11ed7e3aebeadba245444b939f18df50ec77700ccebfce2a9834ceba2,1920,1080,false,,exclude_not_speed_bump_source_label,not used for the speed-bump supporting-class task
road::IMG_2109 0182.jpg,road,data/raw/v2/kaggle_speed_bump/Dataset/Data/road/IMG_2109 0182.jpg,2a9c91a060d679df7a95fcef12cbdbca5b22091175b27d99b52e1eba135bd224,1920,1080,false,,exclude_not_speed_bump_source_label,not used for the speed-bump supporting-class task
road::IMG_2109 0183.jpg,road,data/raw/v2/kaggle_speed_bump/Dataset/Data/road/IMG_2109 0183.jpg,bc1134539703d378f44ed813689b71d51a73f1563139c96d18023480ce321072,1920,1080,false,,exclude_not_speed_bump_source_label,not used for the speed-bump supporting-class task
road::IMG_2109 0184.jpg,road,data/raw/v2/kaggle_speed_bump/Dataset/Data/road/IMG_2109 0184.jpg,a4bd224e17e786e503a0d0321d160d979aa23956a4fb9fbd2d1877519af785b1,1920,1080,false,,exclude_not_speed_bump_source_label,not used for the speed-bump supporting-class task
road::IMG_2109 0185.jpg,road,data/raw/v2/kaggle_speed_bump/Dataset/Data/road/IMG_2109 0185.jpg,e2513bafa48223115ec5e7fc59365d853b1fb5891fdc25226a836197038d8c75,1920,1080,false,,exclude_not_speed_bump_source_label,not used for the speed-bump supporting-class task
road::IMG_2109 0186.jpg,road,data/raw/v2/kaggle_speed_bump/Dataset/Data/road/IMG_2109 0186.jpg,7d184936ffcdef25fabc4fb91c82b376521835f43ef6714aba0b41aa59c73b2d,1920,1080,false,,exclude_not_speed_bump_source_label,not used for the speed-bump supporting-class task
road::IMG_2109 0187.jpg,road,data/raw/v2/kaggle_speed_bump/Dataset/Data/road/IMG_2109 0187.jpg,c206821c494f76f9e69a1c709fb0b462d84da6438448343ff616173f14147090,1920,1080,false,,exclude_not_speed_bump_source_label,not used for the speed-bump supporting-class task
road::IMG_2109 0188.jpg,road,data/raw/v2/kaggle_speed_bump/Dataset/Data/road/IMG_2109 0188.jpg,08f55ed6d20ef940af665c2c41968e065d24662e50df1b5bbea022e5ba9e923c,1920,1080,false,,exclude_not_speed_bump_source_label,not used for the speed-bump supporting-class task
road::IMG_2109 0189.jpg,road,data/raw/v2/kaggle_speed_bump/Dataset/Data/road/IMG_2109 0189.jpg,78713f1db22b884981c50cd2d840885ec5c9a7c521e12e9e60798017cdb8ab70,1920,1080,false,,exclude_not_speed_bump_source_label,not used for the speed-bump supporting-class task
road::IMG_2109 0190.jpg,road,data/raw/v2/kaggle_speed_bump/Dataset/Data/road/IMG_2109 0190.jpg,a2d4ebd04632b4c4808f95aa6eaa827d35dfe4424ac719fed1f32cbee22b54af,1920,1080,false,,exclude_not_speed_bump_source_label,not used for the speed-bump supporting-class task
road::IMG_2109 0191.jpg,road,data/raw/v2/kaggle_speed_bump/Dataset/Data/road/IMG_2109 0191.jpg,4bceeaad1bd391b8a3f20d32c65e324789806f0bea3f10abb1bb2cec015562bc,1920,1080,false,,exclude_not_speed_bump_source_label,not used for the speed-bump supporting-class task
road::IMG_2109 0192.jpg,road,data/raw/v2/kaggle_speed_bump/Dataset/Data/road/IMG_2109 0192.jpg,185b3c17a1efae632ee9c3cbcbeb6d291e59086713132d3221ac9923ff4b8ea6,1920,1080,false,,exclude_not_speed_bump_source_label,not used for the speed-bump supporting-class task
road::IMG_2109 0193.jpg,road,data/raw/v2/kaggle_speed_bump/Dataset/Data/road/IMG_2109 0193.jpg,31c6cd16d88f4cb436c64adaf885881753955fc84d4b35cf8ca9ab7475fbe2a0,1920,1080,false,,exclude_not_speed_bump_source_label,not used for the speed-bump supporting-class task
road::IMG_2109 0194.jpg,road,data/raw/v2/kaggle_speed_bump/Dataset/Data/road/IMG_2109 0194.jpg,b81d18ee81342eee5dceebffabc6331dfa643df7df80ec9f83f4c34481c857a8,1920,1080,false,,exclude_not_speed_bump_source_label,not used for the speed-bump supporting-class task
road::IMG_2109 0195.jpg,road,data/raw/v2/kaggle_speed_bump/Dataset/Data/road/IMG_2109 0195.jpg,dbb6b7f10eb6b6a362c4a7c5d0e3a94cf3d1fd3be22c71be7f5cd5ef00b62f4d,1920,1080,false,,exclude_not_speed_bump_source_label,not used for the speed-bump supporting-class task
road::IMG_2109 0196.jpg,road,data/raw/v2/kaggle_speed_bump/Dataset/Data/road/IMG_2109 0196.jpg,964812cd6803172781c67f13f4c526c436e54d5e4664b7f1919a0a84c6c665cd,1920,1080,false,,exclude_not_speed_bump_source_label,not used for the speed-bump supporting-class task
road::IMG_2109 0197.jpg,road,data/raw/v2/kaggle_speed_bump/Dataset/Data/road/IMG_2109 0197.jpg,23de1ea474f7eb87b94e841526e5eb61597b4889b6cb76787404aa7284cad552,1920,1080,false,,exclude_not_speed_bump_source_label,not used for the speed-bump supporting-class task
road::IMG_2109 0198.jpg,road,data/raw/v2/kaggle_speed_bump/Dataset/Data/road/IMG_2109 0198.jpg,b6a20ec022a6ce4475cc0a0dff351ef43f5edd17a17ab3e951543b43319fe6fd,1920,1080,false,,exclude_not_speed_bump_source_label,not used for the speed-bump supporting-class task
road::IMG_2109 0199.jpg,road,data/raw/v2/kaggle_speed_bump/Dataset/Data/road/IMG_2109 0199.jpg,6ee4b60f6e7bf0dedd90843a8c96ef3f55f8602150851a39e7b71eab0c021d55,1920,1080,false,,exclude_not_speed_bump_source_label,not used for the speed-bump supporting-class task
road::IMG_2109 0200.jpg,road,data/raw/v2/kaggle_speed_bump/Dataset/Data/road/IMG_2109 0200.jpg,84539b4d0b55e03d8cde90cb4acf9a519c4fce06e274028e65fb19314001d281,1920,1080,false,,exclude_not_speed_bump_source_label,not used for the speed-bump supporting-class task
road::IMG_2109 0201.jpg,road,data/raw/v2/kaggle_speed_bump/Dataset/Data/road/IMG_2109 0201.jpg,13d70c6c4cfae7fbd79ce6d4f8c208d725a1f8ad1da45b3778432576ea06f05a,1920,1080,false,,exclude_not_speed_bump_source_label,not used for the speed-bump supporting-class task
road::IMG_2109 0203.jpg,road,data/raw/v2/kaggle_speed_bump/Dataset/Data/road/IMG_2109 0203.jpg,5b5cddeaec355558b159f3b9fe29faea7cb473370c727cd73cb6affd85a03651,1920,1080,false,,exclude_not_speed_bump_source_label,not used for the speed-bump supporting-class task
road::IMG_2109 0204.jpg,road,data/raw/v2/kaggle_speed_bump/Dataset/Data/road/IMG_2109 0204.jpg,897251e712ee673e852e6c4b209dfb0ebc7d4abb7178c1a849fc99427defd74b,1920,1080,false,,exclude_not_speed_bump_source_label,not used for the speed-bump supporting-class task
road::IMG_2109 0205.jpg,road,data/raw/v2/kaggle_speed_bump/Dataset/Data/road/IMG_2109 0205.jpg,d1b762af72ed1155053a0b7753c9436cb5ebf310fb2c023b29fda211e1cc698a,1920,1080,false,,exclude_not_speed_bump_source_label,not used for the speed-bump supporting-class task
road::IMG_2109 0206.jpg,road,data/raw/v2/kaggle_speed_bump/Dataset/Data/road/IMG_2109 0206.jpg,890c2b4873282a60e99c6c8a3330b8a996fa5337b7b023ee553391ea0a730f6a,1920,1080,false,,exclude_not_speed_bump_source_label,not used for the speed-bump supporting-class task
road::IMG_2109 0207.jpg,road,data/raw/v2/kaggle_speed_bump/Dataset/Data/road/IMG_2109 0207.jpg,44b7e4d5cb8696c996b72f8069f89ceb3a0bfe290e409c83f2de12fa1865d19f,1920,1080,false,,exclude_not_speed_bump_source_label,not used for the speed-bump supporting-class task
road::IMG_2109 0208.jpg,road,data/raw/v2/kaggle_speed_bump/Dataset/Data/road/IMG_2109 0208.jpg,12eebe1711f43f562fcd39e463638bffce3364a2d788ee2c5eeef209d571fbb4,1920,1080,false,,exclude_not_speed_bump_source_label,not used for the speed-bump supporting-class task
road::IMG_2109 0209.jpg,road,data/raw/v2/kaggle_speed_bump/Dataset/Data/road/IMG_2109 0209.jpg,ea2bb420c88b6faef1146672924b5b4998f91aeaaf9503be6993ae7e43d04005,1920,1080,false,,exclude_not_speed_bump_source_label,not used for the speed-bump supporting-class task
road::IMG_2109 0210.jpg,road,data/raw/v2/kaggle_speed_bump/Dataset/Data/road/IMG_2109 0210.jpg,d4fc5e8d016a880c5cffa5807e76430652dd33dbb917b7cb6225a12dc95706e5,1920,1080,false,,exclude_not_speed_bump_source_label,not used for the speed-bump supporting-class task
road::IMG_2109 0211.jpg,road,data/raw/v2/kaggle_speed_bump/Dataset/Data/road/IMG_2109 0211.jpg,5cb0a4037b14abe4a51f059379759570157530a455aad0a39ea4cf6746ac40f5,1920,1080,false,,exclude_not_speed_bump_source_label,not used for the speed-bump supporting-class task
road::IMG_2109 0212.jpg,road,data/raw/v2/kaggle_speed_bump/Dataset/Data/road/IMG_2109 0212.jpg,83ce3c69430fb5a12c7386d57f00c28a0adbea17d9481ff3931532e122c56a6f,1920,1080,false,,exclude_not_speed_bump_source_label,not used for the speed-bump supporting-class task
road::IMG_2109 0213.jpg,road,data/raw/v2/kaggle_speed_bump/Dataset/Data/road/IMG_2109 0213.jpg,c041e5a5e40366d0c835d09e82ce118bc8ede6a8b5f02d2ba20e6e68d2552c56,1920,1080,false,,exclude_not_speed_bump_source_label,not used for the speed-bump supporting-class task
road::IMG_2109 0214.jpg,road,data/raw/v2/kaggle_speed_bump/Dataset/Data/road/IMG_2109 0214.jpg,abe3e891240f0847a1a93413bd8ff52e75fd1774c5578d5c64c898babf81dbb0,1920,1080,false,,exclude_not_speed_bump_source_label,not used for the speed-bump supporting-class task
road::IMG_2109 0215.jpg,road,data/raw/v2/kaggle_speed_bump/Dataset/Data/road/IMG_2109 0215.jpg,ea1d9271434a9066dd574e880f0633eb1f98afbd78ffc6a8ad8916a80adfc20d,1920,1080,false,,exclude_not_speed_bump_source_label,not used for the speed-bump supporting-class task
road::IMG_2109 0216.jpg,road,data/raw/v2/kaggle_speed_bump/Dataset/Data/road/IMG_2109 0216.jpg,78f297732cf3ee90470437f64a4a086f9db296167f5015d957f64ed3a7febd01,1920,1080,false,,exclude_not_speed_bump_source_label,not used for the speed-bump supporting-class task
road::IMG_2109 0217.jpg,road,data/raw/v2/kaggle_speed_bump/Dataset/Data/road/IMG_2109 0217.jpg,036c4798cdfedbc90aa42816e58c6692a07a0c7cf03b31e307304f73b65cf8ae,1920,1080,false,,exclude_not_speed_bump_source_label,not used for the speed-bump supporting-class task
