image_id,candidate_label,surface_type,surface_quality,official_train,width,height,long_side_at_least_1024,file_size_bytes,sha256,relative_image_path,user_id,captured_at,exact_duplicate_group
1001349260556407,Unpaved_road,unpaved,bad,True,1022,460,False,158448,774158b538841ac26ab6d0d959f3de9d1ae470987afa6b6b5578a16d1fc68adb,data/raw/v2/streetsurfacevis/s_1024/1001349260556407.jpg,102468835332129,1659015876793,
1001853784055707,Normal_asphalt,asphalt,excellent,True,1024,768,True,125393,8f768b88ae401b9b27f62cc885f325786b16dea38a7d7f4cad65a9d800a186f6,data/raw/v2/streetsurfacevis/s_1024/1001853784055707.jpg,102627028648372,1652268883000,
1002131400702235,Normal_asphalt,asphalt,excellent,True,1024,768,True,139216,d126ee9afb16ba651b2c4cc3bdaf129a5f8132e7dccb8a9cd5e495e1bc66f40c,data/raw/v2/streetsurfacevis/s_1024/1002131400702235.jpg,101545352092712,1613838127004,
1005162660302046,Normal_asphalt,asphalt,excellent,True,1024,768,True,160010,6a2f0241e82221c92b73d56d19732b8462c8b6cbfc348e2e0b41caab702da4fd,data/raw/v2/streetsurfacevis/s_1024/1005162660302046.jpg,103658281877634,1627398649361,
1006308606568902,Normal_asphalt,asphalt,excellent,True,1024,768,True,105628,02995860cab004eb93be59aa1dce410e7804a05f61d56538ade8e31f12e94cca,data/raw/v2/streetsurfacevis/s_1024/1006308606568902.jpg,108954524668583,1588515257000,
1009149569621856,Normal_asphalt,asphalt,excellent,True,1024,576,True,124881,0aa42c1769c5c9c908dd66b9cf0f6f8d1177c460063bea8eb2efac0340d940d0,data/raw/v2/streetsurfacevis/s_1024/1009149569621856.jpg,103606985215406,1622478218274,
1009829936396350,Unpaved_road,unpaved,bad,True,1024,768,True,231964,55a055ba7b89e6b4f8d737fc7916b54f3adf0a425500eb6cb0db68be86590925,data/raw/v2/streetsurfacevis/s_1024/1009829936396350.jpg,113294298038447,1657561836831,
1015080322565099,Unpaved_road,unpaved,intermediate,True,1024,768,True,112173,73982a6dc3c1ce588dd0641871e55c8363f4394bd017d20162b8b1b4927449fc,data/raw/v2/streetsurfacevis/s_1024/1015080322565099.jpg,110491117849516,1534665567091,
1015672775631247,Unpaved_road,unpaved,bad,True,1024,768,True,184018,cdb9e03a5357824daa63abf75aa2530066a7d51ca135b554da8cad9405b16fd5,data/raw/v2/streetsurfacevis/s_1024/1015672775631247.jpg,110552844504419,1498066716000,
1015823332898174,Unpaved_road,unpaved,very_bad,True,1024,768,True,166843,5ce98fe5a885f478406e2af7491519ac86177c95f345c3db199b10e8e5994702,data/raw/v2/streetsurfacevis/s_1024/1015823332898174.jpg,103550301888099,1694435404000,
1017820279530356,Unpaved_road,unpaved,very_bad,True,1024,768,True,127376,f4387d3ae41bf1df37d3a057dbf012eff1d1815bcafa4849421519e3dddc7f9e,data/raw/v2/streetsurfacevis/s_1024/1017820279530356.jpg,103550301888099,1694435389000,
1021831158426809,Normal_asphalt,asphalt,excellent,True,1024,768,True,100434,5abc64aac33d66858a45b7582641396c6bd6fc0ddf06b0d4ca85c6895274ae33,data/raw/v2/streetsurfacevis/s_1024/1021831158426809.jpg,100232345559807,1652422402838,
1028209901931544,Unpaved_road,unpaved,very_bad,True,1024,768,True,162660,aacd72f0be347130168c48412853d3f8b4a8da8917d79a5723a4b880a1078ce3,data/raw/v2/streetsurfacevis/s_1024/1028209901931544.jpg,103550301888099,1694435402000,
1029120734447590,Normal_asphalt,asphalt,excellent,True,1024,768,True,100077,7c3a10896efe0b7decd320b662929d1067d29d539195342e11d1b1f603a88e5e,data/raw/v2/streetsurfacevis/s_1024/1029120734447590.jpg,108725531582408,1656084703572,
1030379461069890,Unpaved_road,unpaved,bad,True,1024,768,True,181682,8c2e01e92ba9efcc497e0476fe60f25087085652d0a6ea555e2dbb4af519fd75,data/raw/v2/streetsurfacevis/s_1024/1030379461069890.jpg,103901361851883,1631193728000,
1031193767438321,Normal_asphalt,asphalt,excellent,True,1024,768,True,106037,7bfde66121a093704125dc9094a3f91702352b207db5562ef5dd154cae58eba9,data/raw/v2/streetsurfacevis/s_1024/1031193767438321.jpg,100232345559807,1641046544500,
1032820540583701,Unpaved_road,unpaved,bad,True,1024,768,True,229179,2715fc749edab6542bc1e8b46cc40d893c4c521df56cfc595805daab5075b613,data/raw/v2/streetsurfacevis/s_1024/1032820540583701.jpg,107164461520710,1615733644547,
1034228777365011,Unpaved_road,unpaved,bad,True,1024,768,True,176645,970e2bf83b57881eacdd3100f71ad6bb9608ceb6291e856f7d3e115490853370,data/raw/v2/streetsurfacevis/s_1024/1034228777365011.jpg,100232345559807,1629449112500,
1035536947263858,Normal_asphalt,asphalt,excellent,True,1024,768,True,142195,b23563cd4f967b6ee706511627bda25a362b8c5a253fe652c7da826fe2430c8e,data/raw/v2/streetsurfacevis/s_1024/1035536947263858.jpg,101152495465210,1497525975000,
1035961850498567,Unpaved_road,unpaved,bad,True,1024,768,True,131394,e6f31801dd0f52fbc933e49d8915e32bfbae87dbe14a00520f3376415a455371,data/raw/v2/streetsurfacevis/s_1024/1035961850498567.jpg,103901361851883,1628102048000,
1038534443710113,Unpaved_road,unpaved,bad,True,1024,768,True,159968,6953e0cc39dfdd43fdc4c089325d1d51c2282301a4ab06dcac3eb2b3aa0ed247,data/raw/v2/streetsurfacevis/s_1024/1038534443710113.jpg,100232345559807,1648377819218,
1044757253598106,Unpaved_road,unpaved,very_bad,True,1024,768,True,200573,369f73b82e3b15aa12e48f8e0d26a553a61e6f554bd9617e96395ae1d6a91de1,data/raw/v2/streetsurfacevis/s_1024/1044757253598106.jpg,107578659060721,1689175968000,
1045935069268697,Normal_asphalt,asphalt,excellent,True,1024,768,True,155099,baf04109848f69e3effa9d7ae2ee1b14b7cad216ec97c4136b41c22fd368218d,data/raw/v2/streetsurfacevis/s_1024/1045935069268697.jpg,103165985261213,1451661616032,
1046272775777062,Unpaved_road,unpaved,intermediate,True,1024,768,True,92470,aff3960da8baed147f41cf5f16e56e030ae8963f2f98bb6277d84d96c0be053b,data/raw/v2/streetsurfacevis/s_1024/1046272775777062.jpg,101020912145314,1520954892240,
1049314595676107,Normal_asphalt,asphalt,excellent,True,1024,768,True,188905,38c0d5fcf951bccd4858701f68cb6f2314f4396687ab0e5d4f8444fcdb368dd9,data/raw/v2/streetsurfacevis/s_1024/1049314595676107.jpg,104115958497622,1651669526756,
1050699605738390,Unpaved_road,unpaved,very_bad,True,1024,768,True,156826,20564810f5a6a22ca2ea9372912e20653091f5e38fa48e882daab2a32c105db9,data/raw/v2/streetsurfacevis/s_1024/1050699605738390.jpg,103901361851883,1628705780000,
1050969486357857,Unpaved_road,unpaved,intermediate,True,1024,768,True,179408,420c03d60824b173a27eabd166061babe5d14fc8265dcd6ec66723742af676df,data/raw/v2/streetsurfacevis/s_1024/1050969486357857.jpg,102187028688979,1685453368000,
1051037872555462,Normal_asphalt,asphalt,excellent,True,1024,771,True,163817,032492b472531b5488a2b6b1f7584738a789afa748b976304baa3de15912e846,data/raw/v2/streetsurfacevis/s_1024/1051037872555462.jpg,119603964407119,1696232977361,
1051112468958729,Normal_asphalt,asphalt,excellent,True,1024,576,True,110293,03fc7acd3c371ad457ac34dd1d88693a81e15da764ae39ea745c197e68302c44,data/raw/v2/streetsurfacevis/s_1024/1051112468958729.jpg,104058601953691,1631623730374,
1054963871578545,Unpaved_road,unpaved,intermediate,True,1024,576,True,90181,89f5a2cfba9493ef7adcc6efb4a13fdf3c52d3e8016bb509be417dbde96d1651,data/raw/v2/streetsurfacevis/s_1024/1054963871578545.jpg,108954524668583,1590832088000,
1056757964846846,Normal_asphalt,asphalt,excellent,True,1024,768,True,154034,1b6f76b504f3395938bfff933ba96eab1b73a3e5f00e87edb25f4e35b15c8b34,data/raw/v2/streetsurfacevis/s_1024/1056757964846846.jpg,110208441206053,1522322955175,
1058681704867668,Normal_asphalt,asphalt,excellent,True,1024,768,True,194964,e7f241619dc449ec1e2283d6a7292b87d6451a8505b562c8569e6353e1223bd3,data/raw/v2/streetsurfacevis/s_1024/1058681704867668.jpg,108354611399818,1632673226012,
1059153058252530,Normal_asphalt,asphalt,excellent,True,1024,768,True,145098,e8eabe38c97872391c40ce644539ad08fd67751e1558c97a5994cb06a4c9f592,data/raw/v2/streetsurfacevis/s_1024/1059153058252530.jpg,100232345559807,1635521421750,
1061896178058744,Normal_asphalt,asphalt,excellent,True,1024,768,True,164755,d7e842e1e97a560b56af14fab42d79b1944d86eb40e7d318483e8aeabc171741,data/raw/v2/streetsurfacevis/s_1024/1061896178058744.jpg,102518778654933,1652796751000,
1065152237680398,Normal_asphalt,asphalt,excellent,True,1024,768,True,169946,cab125494606517796850a48e8f2d4afed43643d5b8c025fbd563bb122780ec4,data/raw/v2/streetsurfacevis/s_1024/1065152237680398.jpg,105128028394163,1648212818684,
1065726337925398,Normal_asphalt,asphalt,excellent,True,1024,768,True,155193,1dbecfa8e61c55e2c2d926ba5b370cf9f149e83dc3bca566baf4f73cb705bd05,data/raw/v2/streetsurfacevis/s_1024/1065726337925398.jpg,100232345559807,1695125250500,
106664314840681,Normal_asphalt,asphalt,excellent,True,1024,768,True,115059,ee3247813d1985a7b864ac93bc389775d258458a6af6a59426b4dee1c7d1b411,data/raw/v2/streetsurfacevis/s_1024/106664314840681.jpg,105727404998982,1557574499521,
1067708514045779,Unpaved_road,unpaved,bad,True,1024,768,True,108763,1ba06450abe1f5e3e4cd10166fc90212eaf5f12bdfc940cd65c55d8e14d05b05,data/raw/v2/streetsurfacevis/s_1024/1067708514045779.jpg,100232345559807,1635692715500,
1070284307000174,Normal_asphalt,asphalt,excellent,True,1024,768,True,161782,8860655752f1081234874ddc3e6807734aad611594e378e2230de63623da3e5d,data/raw/v2/streetsurfacevis/s_1024/1070284307000174.jpg,106087394964047,1667234862000,
1072048910205357,Normal_asphalt,asphalt,excellent,True,1024,768,True,137870,a8f72f4f8842bfe143975863daf31b325cb31a0a7959376e08fdc2ff7e48bd1e,data/raw/v2/streetsurfacevis/s_1024/1072048910205357.jpg,100232345559807,1633257826500,
1072579650262226,Unpaved_road,unpaved,intermediate,True,1024,768,True,171739,71fb1c533ff4e8b7d39d8e5fd5d2a215776f5ba00becd4d019b5ac8cc9d83dd7,data/raw/v2/streetsurfacevis/s_1024/1072579650262226.jpg,100232345559807,1638799737882,
1075514736275221,Unpaved_road,unpaved,intermediate,True,1024,768,True,242829,dfd6f8fcb54c698cfeddb41bbd8015ca7786fef290e1696a4684638f1867dd56,data/raw/v2/streetsurfacevis/s_1024/1075514736275221.jpg,102939351945755,1398359562000,
1076034729473356,Normal_asphalt,asphalt,excellent,True,1024,768,True,116671,1f1698e11b0e72f228b959b7a8965cd3580480fdb855c63612a16e7502fe0258,data/raw/v2/streetsurfacevis/s_1024/1076034729473356.jpg,101106178803146,1521892177116,
1080303272712855,Unpaved_road,unpaved,bad,True,1024,768,True,219530,5cb8afe35a7bb75f1f52320e734c3a36c3e832a335333ad29e2b17b7703f9d68,data/raw/v2/streetsurfacevis/s_1024/1080303272712855.jpg,100232345559807,1636450567000,
1081883106134255,Unpaved_road,unpaved,very_bad,True,1024,576,True,166494,02fcbd00ca36c18a1d7c2bdd352ad195d64db603fe7da53285c98c7d0942fc56,data/raw/v2/streetsurfacevis/s_1024/1081883106134255.jpg,102468835332129,1697364593352,
1081986468955327,Unpaved_road,unpaved,bad,True,1024,576,True,185951,7171fc20a8aee8182c5a4f84cbc3434936a434dd620f99acc3c461062d45c420,data/raw/v2/streetsurfacevis/s_1024/1081986468955327.jpg,108954524668583,1523095643000,
1091234071764680,Unpaved_road,unpaved,very_bad,True,1024,768,True,209802,2683f650a339acd35991abdd966411e650599d2e701d8baf48ea831b80da8273,data/raw/v2/streetsurfacevis/s_1024/1091234071764680.jpg,102510969130863,1659181268608,
109544924542566,Normal_asphalt,asphalt,excellent,True,1024,768,True,115335,be66c42cc345a404bac7792112bccc6111151bce4de5d23244a638b86fb9bd6b,data/raw/v2/streetsurfacevis/s_1024/109544924542566.jpg,111362777761875,1556377306106,
109564885090094,Unpaved_road,unpaved,very_bad,True,1024,768,True,112613,9201a87f91b256708d26d838851017e5f9d43be81e0e19320755584a6d905e0d,data/raw/v2/streetsurfacevis/s_1024/109564885090094.jpg,103901361851883,1658327594000,
1100009210489054,Unpaved_road,unpaved,bad,True,1024,768,True,189197,6286b0f08bfee0f966804b5163fe020d05312c196c72f51098264c92b4a3e121,data/raw/v2/streetsurfacevis/s_1024/1100009210489054.jpg,104261288481574,1471940392000,
1100150907419820,Normal_asphalt,asphalt,excellent,True,1024,576,True,80418,4f5fb0092e293e6cff010efe6484a9076465a7955628d1fa290256d58c27bb2d,data/raw/v2/streetsurfacevis/s_1024/1100150907419820.jpg,102099175369556,1640355479989,
1101794230301401,Unpaved_road,unpaved,bad,True,1024,768,True,137638,51fd9bffd6911be85ddcc44ba73132edf627df28b51ea0c41c13b2dca36fce5a,data/raw/v2/streetsurfacevis/s_1024/1101794230301401.jpg,110088461223532,1465898580000,
1103925490115965,Normal_asphalt,asphalt,excellent,True,1024,768,True,92608,010367ddcb46ff3dc611015e422bc019ae2d1be35333a36241b4f069659a37ff,data/raw/v2/streetsurfacevis/s_1024/1103925490115965.jpg,101106178803146,1561914364267,
1105200436643594,Normal_asphalt,asphalt,excellent,True,1024,768,True,129278,e01bcfba72f2a05e6c60f3fae60b914c08659e0fd1dd2734c8b685b5abb271f8,data/raw/v2/streetsurfacevis/s_1024/1105200436643594.jpg,105736961664820,1498575780595,
1106452096555277,Normal_asphalt,asphalt,excellent,True,1024,768,True,69475,d95e05a3c62c06073654a35830df75d7a94460aceaba0755de7fc221f354cd15,data/raw/v2/streetsurfacevis/s_1024/1106452096555277.jpg,100127415570527,1567709731100,
1108484616338504,Unpaved_road,unpaved,intermediate,True,1024,768,True,253220,1eea6560a6f525d64a156e4651127bcd221cba96dba12027c3ddf5b4412c6198,data/raw/v2/streetsurfacevis/s_1024/1108484616338504.jpg,104984298408021,1533031648000,
1115581715850293,Unpaved_road,unpaved,bad,True,1024,768,True,130197,fbefcc3fa5989e5d18dc486774e4e13a54f488d8b3cfc4db1595cd8d6c7c0ece,data/raw/v2/streetsurfacevis/s_1024/1115581715850293.jpg,110208441206053,1640183560278,
1117272335435053,Unpaved_road,unpaved,intermediate,True,1024,768,True,189929,44fc7041a631f96e0082e4834a49084f7ea4cb30fea8e84313fc4cbf8cbffcd6,data/raw/v2/streetsurfacevis/s_1024/1117272335435053.jpg,100232345559807,1611922586000,
1119267732329214,Unpaved_road,unpaved,very_bad,True,1024,768,True,253746,cbdfd0404a56018881d1841838c06c0e166c0eccc9fa50d70614f4f39614cba5,data/raw/v2/streetsurfacevis/s_1024/1119267732329214.jpg,103901361851883,1658851264387,
1120609728420959,Normal_asphalt,asphalt,excellent,True,1024,768,True,132009,a95741653acb2b774d82d1d85c7c0def7f2fcc1016f6dfb3e7cac5ca94580012,data/raw/v2/streetsurfacevis/s_1024/1120609728420959.jpg,101658985409308,1440328865889,
1121982414981188,Normal_asphalt,asphalt,excellent,True,1024,768,True,128564,368be8e8c0c14b2ec22358dbc90abd1a4a902e993dadf298fee1a0360f76678b,data/raw/v2/streetsurfacevis/s_1024/1121982414981188.jpg,101020912145314,1520782385891,
1121994571600373,Normal_asphalt,asphalt,excellent,True,1024,768,True,123337,a2e7045a32750844cb2dd4bf672ec72dbdb1eb47d49bf3c6c884ba272fdba6db,data/raw/v2/streetsurfacevis/s_1024/1121994571600373.jpg,110552844504419,1528563988000,
1123628861625204,Normal_asphalt,asphalt,excellent,True,1024,768,True,90073,94ec8b064f59616000ec7cea839178fe9b237b4bfd9cc7d06bbbba2f1a33c08d,data/raw/v2/streetsurfacevis/s_1024/1123628861625204.jpg,108018634768550,1669456809705,
1124119258090227,Unpaved_road,unpaved,bad,True,1024,768,True,241683,465c907755201e4f31ee73aeb4f961c0ee4d2bbdfb1b9b3b919292cb1b5c1c7e,data/raw/v2/streetsurfacevis/s_1024/1124119258090227.jpg,108354611399818,1591021194037,
1124613891353994,Normal_asphalt,asphalt,excellent,True,1024,768,True,110150,1424199b2bdde1350961caf21c1b4e789e495d1732186c46fe409e0bb05b2045,data/raw/v2/streetsurfacevis/s_1024/1124613891353994.jpg,102627028648372,1565112494000,
1125639924514756,Unpaved_road,unpaved,bad,True,1024,768,True,216593,6f5b2ee4b3a865ff216e86861dedb144f5c84170231403c9dca2e1af0e423c29,data/raw/v2/streetsurfacevis/s_1024/1125639924514756.jpg,103901361851883,1619699119000,
1126971081137286,Normal_asphalt,asphalt,excellent,True,1024,768,True,80366,601b443d73accbb10d124670df5511408cfa23f237816a38228f7dbe971310a5,data/raw/v2/streetsurfacevis/s_1024/1126971081137286.jpg,102799441964137,1506592379968,
1129291450892284,Normal_asphalt,asphalt,excellent,True,1024,576,True,126771,906b715999facbdafed416fc54fec439fa4d5b06056004a9b96739cf63b83bdb,data/raw/v2/streetsurfacevis/s_1024/1129291450892284.jpg,105534541681944,1562247819732,
1129872660901731,Unpaved_road,unpaved,bad,True,1024,768,True,303138,4902aefb4bc47915cc5bf2cda74bc7cc2c9667be0f78a8092e9284ece831c457,data/raw/v2/streetsurfacevis/s_1024/1129872660901731.jpg,103901361851883,1659875570317,
1130478488324436,Normal_asphalt,asphalt,excellent,True,1024,768,True,65595,5b7a1ebc50c3dfe5bb8d8b07c0352d00130a5b5ffe170e885fe36a7334c13d38,data/raw/v2/streetsurfacevis/s_1024/1130478488324436.jpg,108012341434702,1703847118179,
1131693973997862,Normal_asphalt,asphalt,excellent,True,1024,576,True,132775,665e347d4848710c047aa9fe5d97ecab65215ad9972a81c9df8a91a77ff6f96a,data/raw/v2/streetsurfacevis/s_1024/1131693973997862.jpg,101410265434782,1566124845000,
1134113707065995,Unpaved_road,unpaved,bad,True,1024,768,True,121257,eeef8b9a767738cbe96ac264d371f88a2d9ec696247e7cf1ddfd7831cdb9cde1,data/raw/v2/streetsurfacevis/s_1024/1134113707065995.jpg,110562521169809,1410802566000,
113426777698675,Unpaved_road,unpaved,bad,True,1024,768,True,108911,27896c5565a8b2e00b8ed160433aaf5dadcb3e1d935f9cf2071dbb646b94d194,data/raw/v2/streetsurfacevis/s_1024/113426777698675.jpg,103901361851883,1628102160000,
1142265532953657,Normal_asphalt,asphalt,excellent,True,1024,576,True,104914,38dc6a59190659789348ff3f1922d26f9969ab095001c4f91a9f9e920214a5b6,data/raw/v2/streetsurfacevis/s_1024/1142265532953657.jpg,103516588558967,1561401550763,
1143604186142613,Unpaved_road,unpaved,very_bad,True,1024,768,True,263717,90bdb12899a9da3203c39a49cfc28474ac71cb087f0bd2df9ba5d4d7d99a4f9e,data/raw/v2/streetsurfacevis/s_1024/1143604186142613.jpg,102468835332129,1622378604439,
1144217109323135,Unpaved_road,unpaved,very_bad,True,1024,768,True,238698,3d239ccb4a829c53015a2258783c1b47b5156d572b8d465df1bcf77e3d4cbfe5,data/raw/v2/streetsurfacevis/s_1024/1144217109323135.jpg,102468835332129,1626602227336,
1144896302982151,Unpaved_road,unpaved,bad,True,1024,768,True,226708,2fd17c268314df6904383d1ad248b25a305cf644cb215a294aef72eab7283254,data/raw/v2/streetsurfacevis/s_1024/1144896302982151.jpg,100232345559807,1647363750000,
1145576542769378,Unpaved_road,unpaved,intermediate,True,1024,576,True,147997,b5d4f68e0733e3f636c4526f2bcc41e6db24c9f5ecd68cefdd6f77a581f2cc2b,data/raw/v2/streetsurfacevis/s_1024/1145576542769378.jpg,106398728264275,1675507703170,
1146940689154783,Unpaved_road,unpaved,bad,True,1024,768,True,116637,43aa1fc54cd9f4d725f192b7a575106189b4e194893e91448dea28dbe686617f,data/raw/v2/streetsurfacevis/s_1024/1146940689154783.jpg,109673317932619,1502022360963,
1147187215703223,Normal_asphalt,asphalt,excellent,True,1024,768,True,138809,931ab4d739de23fd8eeae99c54fd945932c42d8f3419ccf39f7e94b446c1e635,data/raw/v2/streetsurfacevis/s_1024/1147187215703223.jpg,105558841679641,1471015680745,
1148557588919952,Normal_asphalt,asphalt,excellent,True,1024,768,True,125512,56d0b02bcba284d3f8183d837b2b4519c665d71760aab1c84a2e974f12db407e,data/raw/v2/streetsurfacevis/s_1024/1148557588919952.jpg,102532525320329,1432405214795,
1149460915551877,Unpaved_road,unpaved,intermediate,True,1023,575,False,161321,77cfa1d97c5a8de4425825cc66d74e53fab5dd5ea06577d43a8abf74d06d1f22,data/raw/v2/streetsurfacevis/s_1024/1149460915551877.jpg,109115837985025,1622278567844,
1153944851790930,Normal_asphalt,asphalt,excellent,True,1024,576,True,65012,e926e21c1e29a681ebf92a9d406cc019fdc57e36e10670d5c9110588c48bc7d4,data/raw/v2/streetsurfacevis/s_1024/1153944851790930.jpg,100562292188203,1497077315128,
1154482918347377,Normal_asphalt,asphalt,excellent,True,1024,768,True,56449,29303344c286e855ccf3319a8e0b6cfbe1dc739ef9ff58a0e8d89e1dca445637,data/raw/v2/streetsurfacevis/s_1024/1154482918347377.jpg,106696114900796,1553259159000,
1157478714721042,Normal_asphalt,asphalt,excellent,True,1024,576,True,72672,0b678b040b0f80baccb0df9131d131964275dc36f7a186b85d500ad7f358dc2c,data/raw/v2/streetsurfacevis/s_1024/1157478714721042.jpg,104408981801642,1535277256061,
1158789557930471,Normal_asphalt,asphalt,excellent,True,1024,768,True,172335,46eb62d51701d4a1ec85b24601c3eb1b2d81c4bb510f70af96956f7a0bb650b1,data/raw/v2/streetsurfacevis/s_1024/1158789557930471.jpg,104006555174486,1566576979805,
1158804161209459,Normal_asphalt,asphalt,excellent,True,1024,576,True,58169,96586b63b1c1aed0bc70799185aca5a56afc6ec34d6795f5fc53b30fedefc445,data/raw/v2/streetsurfacevis/s_1024/1158804161209459.jpg,105082775066440,1603626059000,
115917783861160,Unpaved_road,unpaved,very_bad,True,1024,768,True,247415,8e64334c8f055fe5bcc0f15cb79c7a719e23d145fbe18b70736e3c0b1f9ffce6,data/raw/v2/streetsurfacevis/s_1024/115917783861160.jpg,100474358864037,1505031938116,
1159352417914044,Normal_asphalt,asphalt,excellent,True,1024,768,True,61128,9886a84dbc4c1b0dc8885cf80f070212683ebde24ade8310bf3cfd50919a33ae,data/raw/v2/streetsurfacevis/s_1024/1159352417914044.jpg,109803481248732,1421932144000,
1159509294598531,Normal_asphalt,asphalt,excellent,True,1024,768,True,176172,0950ebaea9efbcc67f4e0e339d1d98531c48db63ce06b231bd71705303306368,data/raw/v2/streetsurfacevis/s_1024/1159509294598531.jpg,104115958497622,1658319484474,
1160395294405463,Normal_asphalt,asphalt,excellent,True,1024,576,True,120259,112f6efbeb1e9aa2d363401d2243054fdc3bcde3bedfc2f1fe75b62fd154ecfc,data/raw/v2/streetsurfacevis/s_1024/1160395294405463.jpg,105534541681944,1556028530357,
1160575551030822,Unpaved_road,unpaved,very_bad,True,1024,768,True,137906,dd6bb3ac6da5ea53b1153bc0812b2afa545e640758ef748623cad74348007619,data/raw/v2/streetsurfacevis/s_1024/1160575551030822.jpg,103901361851883,1594127318000,
1162682857512520,Normal_asphalt,asphalt,excellent,True,1024,768,True,101598,f1d3b98289e2f291b47b40639f756809b25a889413d5aca2ab4c0a816b07562b,data/raw/v2/streetsurfacevis/s_1024/1162682857512520.jpg,103133421925879,1416049503000,
1164149377391950,Unpaved_road,unpaved,very_bad,True,1024,576,True,186099,44aa214e1f136bf3530aa687cf2d378068d878c2fe57a91462feb3c4853d3839,data/raw/v2/streetsurfacevis/s_1024/1164149377391950.jpg,102031915376300,1594199130556,
1165839000599740,Normal_asphalt,asphalt,excellent,True,1024,768,True,166544,66a9956dde109dbd9dcc245d7974e1cc8e95d45d96820744243079a42a2e6bc0,data/raw/v2/streetsurfacevis/s_1024/1165839000599740.jpg,100369148880038,1620485122876,
1165911830563373,Normal_asphalt,asphalt,excellent,True,1024,768,True,137848,0005d82fcbf24daa87b169ea86b6526bcdf4fb118e8d306bebc891b24a4b78eb,data/raw/v2/streetsurfacevis/s_1024/1165911830563373.jpg,103390745232765,1428850435000,
1166820700609087,Unpaved_road,unpaved,bad,True,1024,768,True,134298,38f88885b4680d9c46f97e75e725e9979bfa699008e0d07a2effb63d92182d9a,data/raw/v2/streetsurfacevis/s_1024/1166820700609087.jpg,100232345559807,1668502262000,
1167198743781110,Normal_asphalt,asphalt,excellent,True,1024,768,True,157560,7869a7902bd21b697daa26d78667a544e2ef3c1e995aa781b66adfcc51e4e0c5,data/raw/v2/streetsurfacevis/s_1024/1167198743781110.jpg,110302677869602,1586171927569,
1168115696947693,Normal_asphalt,asphalt,excellent,True,1024,768,True,69369,67ea82eba1becc683f216dcbaab333dcca69c4b526e46419f31ecf4e665fc990,data/raw/v2/streetsurfacevis/s_1024/1168115696947693.jpg,100268992218434,1601727060000,
116868887117924,Unpaved_road,unpaved,intermediate,True,1024,768,True,219355,7d17402e0d457537a4474092c0892d6ae241a9b74583a6bc3b64101fe7569625,data/raw/v2/streetsurfacevis/s_1024/116868887117924.jpg,100268992218434,1600188805000,
117039758001756,Normal_asphalt,asphalt,excellent,True,1024,768,True,130308,63ec5033d2e68f83dc534345ead5c8a8342c36f913c2c13e4438332099488074,data/raw/v2/streetsurfacevis/s_1024/117039758001756.jpg,105561559070587,1678887063627,
1170532080078959,Unpaved_road,unpaved,very_bad,True,1024,768,True,283163,9938af802d1dddfa194084727d2516b4ae0e56641cf84d33016ddd80d8fd0ff8,data/raw/v2/streetsurfacevis/s_1024/1170532080078959.jpg,104261288481574,1499161867000,
1172727386806171,Normal_asphalt,asphalt,excellent,True,1024,768,True,147457,44dfebd1f2ea205320b98b63066c7593705c7865fd8171745c5c2c392c7f0aa5,data/raw/v2/streetsurfacevis/s_1024/1172727386806171.jpg,101545352092712,1613838096069,
1172919050121350,Unpaved_road,unpaved,intermediate,True,1024,768,True,250312,2bc55324ebab3fa2e9038a628ceea2c167b219679e5d5e6c7a43646292dba330,data/raw/v2/streetsurfacevis/s_1024/1172919050121350.jpg,105128028394163,1649844718657,
1174654993390705,Normal_asphalt,asphalt,excellent,True,1024,768,True,149341,47877533a8eb5b3d5ce6e99f70f03caa26c9195d0da51125d857ed4f687b0d1b,data/raw/v2/streetsurfacevis/s_1024/1174654993390705.jpg,109673317932619,1662037777500,
1176851756317508,Unpaved_road,unpaved,bad,True,1024,576,True,179367,d2e45b6a52f2c2e11a984a51c4dea8453dc691a851f30d17d1bf7459c5f14c5b,data/raw/v2/streetsurfacevis/s_1024/1176851756317508.jpg,102468835332129,1684920740735,
1178380802587233,Unpaved_road,unpaved,intermediate,True,1024,768,True,126742,90847505fce389ccb0b6ed9c2a46364e1e9352555be894cb81cba232f4601237,data/raw/v2/streetsurfacevis/s_1024/1178380802587233.jpg,101675185408053,1431724276003,
1181313132408198,Normal_asphalt,asphalt,excellent,True,1024,768,True,95900,75d0c4c3d489f4e720c3ab1478279aa8561b38bbb3590a1daafbb7b3b56020f4,data/raw/v2/streetsurfacevis/s_1024/1181313132408198.jpg,107245041898273,1646482573000,
1182921122121760,Unpaved_road,unpaved,intermediate,True,1024,768,True,107588,b461fcf0f6ee5a8ee3b4f971741c343d96c47d04a588caf39626dce5bfa5defd,data/raw/v2/streetsurfacevis/s_1024/1182921122121760.jpg,101992328712989,1496218767470,
1186097935289887,Unpaved_road,unpaved,very_bad,True,1022,460,False,108161,cb4f19cf54489b923f87b6853f36e5434d1c2cd9b2778b5f9370d831650f7c22,data/raw/v2/streetsurfacevis/s_1024/1186097935289887.jpg,102468835332129,1659260302364,
118679946942391,Normal_asphalt,asphalt,excellent,True,1024,768,True,232880,29cbd10368ede17e445cfaf3534b42564c4678a50cdcff6f8b06ff94000b2893,data/raw/v2/streetsurfacevis/s_1024/118679946942391.jpg,100474358864037,1618507040276,
1186866852169423,Unpaved_road,unpaved,intermediate,True,1024,768,True,186947,81b9fd3e3da958384aef5cb83228b9880b66f79daf16f5a48b7d4d4f47aa7ae3,data/raw/v2/streetsurfacevis/s_1024/1186866852169423.jpg,100232345559807,1660719586000,
118748567746664,Unpaved_road,unpaved,bad,True,1022,460,False,128186,1ff0d1a81e6ee1837a5d6bae5caba7a213874b8657ea8e699d82d0024ee9e7d2,data/raw/v2/streetsurfacevis/s_1024/118748567746664.jpg,102468835332129,1671625286895,
1187724221664906,Normal_asphalt,asphalt,excellent,True,1024,768,True,164006,f6cab9f8a4aa089fa927ab67d44a2dc8315d653c0d8f62eecfda7199216e44a1,data/raw/v2/streetsurfacevis/s_1024/1187724221664906.jpg,110552844504419,1501775733000,
1187791265215775,Normal_asphalt,asphalt,excellent,True,1024,576,True,126088,7fdbbdbc332daeb900a8cb6983434e4971c39c115fde0f4246cace98d8a6b4a6,data/raw/v2/streetsurfacevis/s_1024/1187791265215775.jpg,103606985215406,1671359209121,
1190458284750734,Unpaved_road,unpaved,bad,True,1024,768,True,184982,78a5c5a27a3663990e9d3463e82d9a0403c81feed41753047d11138dae363adc,data/raw/v2/streetsurfacevis/s_1024/1190458284750734.jpg,100232345559807,1622650498500,
1192203861225189,Normal_asphalt,asphalt,excellent,True,1024,768,True,101736,1e9470192abbc3a039121d14c5794589c3e8901c8fb8816ea5312c2d709af53f,data/raw/v2/streetsurfacevis/s_1024/1192203861225189.jpg,100186985565635,1560950890126,
1192881674998128,Normal_asphalt,asphalt,excellent,True,1024,576,True,52325,bc0e172aec3ae752c8f9217387e21d16d8929517843f5a84bfb1dcd839a8d236,data/raw/v2/streetsurfacevis/s_1024/1192881674998128.jpg,103792901858425,1639672512000,
1194105514634404,Normal_asphalt,asphalt,excellent,True,1024,768,True,84017,dc7328e5969b048286aa71c811b9cd42965ff62945ef565dc475c9661e93c08b,data/raw/v2/streetsurfacevis/s_1024/1194105514634404.jpg,105486395742395,1684565696248,
1194445328035975,Unpaved_road,unpaved,intermediate,True,1024,768,True,120414,2583cf3ffe88448c2f96b963276d8b22d7fb775f683524ba12c6f8da418ec20b,data/raw/v2/streetsurfacevis/s_1024/1194445328035975.jpg,100191919180290,1655558221013,
1194515737687704,Unpaved_road,unpaved,intermediate,True,1024,768,True,103591,b1e23092dcf43b455384f4b99b14da23b0824344ac51022af084114d7879013e,data/raw/v2/streetsurfacevis/s_1024/1194515737687704.jpg,110208441206053,1493217847907,
1195616174188415,Unpaved_road,unpaved,intermediate,True,1024,768,True,246604,bc387e7eaf0bffa619f54781c05544ba9771da1cf56179270f996abfdd4da791,data/raw/v2/streetsurfacevis/s_1024/1195616174188415.jpg,110552844504419,1526561354000,
1197842180928438,Unpaved_road,unpaved,intermediate,True,1024,576,True,124142,e584332749586055d7c416653ca4eb32f578578e026f6051b4df74164a99cc93,data/raw/v2/streetsurfacevis/s_1024/1197842180928438.jpg,100551649705282,1685372903631,
1198661760560635,Unpaved_road,unpaved,bad,True,1024,768,True,109256,e5ea09cdb932ae8e122e5a0c3c8a5c0cfd551a989a4da686282bf3efb085bc36,data/raw/v2/streetsurfacevis/s_1024/1198661760560635.jpg,100232345559807,1628688672205,
1201385780321261,Unpaved_road,unpaved,bad,True,1024,768,True,158939,75213e5a34f7568d35a99ab44a963159e5ec535586dfbd1b4adaa7e8b5b7fb6c,data/raw/v2/streetsurfacevis/s_1024/1201385780321261.jpg,103901361851883,1622380896000,
1201688733978613,Normal_asphalt,asphalt,excellent,True,1024,576,True,89522,68ace4c0536be676f6e5402c927aabcc046a9c4831f2d5c78362d900a11a370c,data/raw/v2/streetsurfacevis/s_1024/1201688733978613.jpg,109842617910576,1653572795000,
120529627037434,Normal_asphalt,asphalt,excellent,True,1024,768,True,94968,af29086882f344414f1b9f7f2183348894a94bba359fe0153e238cdb5d85ab48,data/raw/v2/streetsurfacevis/s_1024/120529627037434.jpg,107674238136176,1622724593880,
1212303196271798,Unpaved_road,unpaved,intermediate,True,1024,768,True,242136,8a97bb97a6725d5dbf6df969762f91479af79e1a52711d2977645c07cec029fb,data/raw/v2/streetsurfacevis/s_1024/1212303196271798.jpg,100474358864037,1658059713811,
1214162449397765,Unpaved_road,unpaved,bad,True,1024,768,True,169360,3a5f26f95b5d6175fb55c77991795634863180a5d6b263b8fb0f348cb677ccc7,data/raw/v2/streetsurfacevis/s_1024/1214162449397765.jpg,103901361851883,1658327630000,
1218422009064715,Unpaved_road,unpaved,very_bad,True,1024,896,True,237033,3caa0401819971802f2e64fa6265d5eccfe1d704a70a16f2c30a0959b775ba6c,data/raw/v2/streetsurfacevis/s_1024/1218422009064715.jpg,104115958497622,1682791353801,
1220162242004661,Unpaved_road,unpaved,bad,True,1024,576,True,84331,ecafd6519e7b570279b35b6a02fe5789876d6e809818ba33a578189754c1f12e,data/raw/v2/streetsurfacevis/s_1024/1220162242004661.jpg,102468835332129,1685358515527,
1221113338555360,Normal_asphalt,asphalt,excellent,True,1024,768,True,100366,748dcad37c93cd8ba0c200862a8b56d7228053461702265392e740c85c24db92,data/raw/v2/streetsurfacevis/s_1024/1221113338555360.jpg,102976398952710,1691579207724,
1222987315138528,Unpaved_road,unpaved,very_bad,True,1024,768,True,165769,9d7bb112683e14b2610714b8c365674303f110953ea3f168e4d014e103022125,data/raw/v2/streetsurfacevis/s_1024/1222987315138528.jpg,103550301888099,1650275414222,
122392953298870,Unpaved_road,unpaved,bad,True,1024,768,True,178938,3ad69e44d28337a29ac7185e6850087e939d81a3a02c93265f1623bf430be0f7,data/raw/v2/streetsurfacevis/s_1024/122392953298870.jpg,103901361851883,1622032538000,
1224615357970303,Unpaved_road,unpaved,very_bad,True,1024,768,True,147455,50540af5bdb503f02eeb590c48e5dd2c568243f6224e10c066d935c33d4c6fcb,data/raw/v2/streetsurfacevis/s_1024/1224615357970303.jpg,103901361851883,1594037562000,
1226864981065813,Unpaved_road,unpaved,bad,True,1024,768,True,115643,7d51b67064f774b0d98c3c11c21398c1ba039d8dae2da433fb549a09dcbdb40b,data/raw/v2/streetsurfacevis/s_1024/1226864981065813.jpg,103901361851883,1621948011000,
1231709107246709,Unpaved_road,unpaved,intermediate,True,1024,768,True,227007,99ebccd53c163ad0e59bc3121e86805598915bcfc094bab9109d96c707eaaa45,data/raw/v2/streetsurfacevis/s_1024/1231709107246709.jpg,100232345559807,1619457150000,
1232846463808071,Normal_asphalt,asphalt,excellent,True,1024,576,True,142412,c762e492815440be6013e34edaced6fa042d47c8516b656641ae99e2197e57e9,data/raw/v2/streetsurfacevis/s_1024/1232846463808071.jpg,103165948594253,1628791002568,
123354223533005,Normal_asphalt,asphalt,excellent,True,1023,472,False,68752,391a95445f615aa1c977ede45c11cbbda8280a834b6957d782b2c6b5fdd7c925,data/raw/v2/streetsurfacevis/s_1024/123354223533005.jpg,104133191972461,1655741311276,
1234106430452792,Normal_asphalt,asphalt,excellent,True,1024,576,True,98000,c72c70b953f0bb2906fc7df7e97cb97a61307d1c0e74fd121b0a670d505f0559,data/raw/v2/streetsurfacevis/s_1024/1234106430452792.jpg,100562292188203,1649839322244,
1235156046938331,Unpaved_road,unpaved,very_bad,True,1024,768,True,152735,083499de14204bce96571b5e034149cb4e0eb258c2215ed48ba11f91c9af3c86,data/raw/v2/streetsurfacevis/s_1024/1235156046938331.jpg,105390378367361,1532272131254,
123564733188828,Normal_asphalt,asphalt,excellent,True,1024,576,True,80628,87139526e9bbd1c61072453fd8ab977551dcd0f8b5ea87761f69807bba6a4ac1,data/raw/v2/streetsurfacevis/s_1024/123564733188828.jpg,100474358864037,1621097656023,
1235669143558272,Normal_asphalt,asphalt,excellent,True,1024,768,True,66363,175ff3dd646462cd0999f82b648c8ffe40c90a51835cad5b39943b6be7b3466e,data/raw/v2/streetsurfacevis/s_1024/1235669143558272.jpg,100205445563570,1622807969000,
1235733870182121,Normal_asphalt,asphalt,excellent,True,1024,576,True,106679,973e883a9d53eb2251a9f251969181dea47799bf16ee9cca013925b63afe34ed,data/raw/v2/streetsurfacevis/s_1024/1235733870182121.jpg,107765738126751,1632313949565,
1238576466573190,Unpaved_road,unpaved,very_bad,True,1024,768,True,170619,071a9ca99994798dd86cb68fc747c826500403acaa5b2cd3167ec7fe8f0adb2e,data/raw/v2/streetsurfacevis/s_1024/1238576466573190.jpg,110562521169809,1430067185000,
124006170661229,Normal_asphalt,asphalt,excellent,True,1024,576,True,95558,55ad8d01de6145440356d1a0193dbbae95b18629d8d6ea25b1715b7f36d0b7f8,data/raw/v2/streetsurfacevis/s_1024/124006170661229.jpg,101027762145025,1680635008000,
1240675596756549,Normal_asphalt,asphalt,excellent,True,1024,576,True,61004,d19eb519ff21802ee066bd6cf46761f84172252059629117acc910cf037097cb,data/raw/v2/streetsurfacevis/s_1024/1240675596756549.jpg,100474358864037,1638893191823,
1244500255984732,Normal_asphalt,asphalt,excellent,True,1024,768,True,125970,f9e08467d9709d3230478b20bc7b647c5c8d32ad7c844f44fbeb2a0e14752e6f,data/raw/v2/streetsurfacevis/s_1024/1244500255984732.jpg,110146701214704,1436088830172,
1249000636496749,Unpaved_road,unpaved,bad,True,1024,1024,True,222897,86923a572db0841232355dc26e44585d091aa69670ad42077a56215cbb2ae78a,data/raw/v2/streetsurfacevis/s_1024/1249000636496749.jpg,107499464815999,1696674652401,
1250963082968143,Normal_asphalt,asphalt,excellent,True,1024,768,True,143877,81192088826f26ef4879a1c1b2785833a460c77f248edc8084dcc73a51148a0f,data/raw/v2/streetsurfacevis/s_1024/1250963082968143.jpg,1393884887837482,1692438334070,
125373993654897,Unpaved_road,unpaved,intermediate,True,1024,768,True,219919,9a1035e01224539d313fcafecc6019ba0001d70f33e5ba4b4b08c7e890676e1d,data/raw/v2/streetsurfacevis/s_1024/125373993654897.jpg,100232345559807,1667465838000,
1254083518385579,Unpaved_road,unpaved,intermediate,True,1023,575,False,173465,fcaadfbf1383cff6d3ce84b4e8b336b579ef4a550cabccc9588d13b23405554b,data/raw/v2/streetsurfacevis/s_1024/1254083518385579.jpg,109115837985025,1617541615869,
1254220785338588,Normal_asphalt,asphalt,excellent,True,1024,768,True,122742,ceebb780941080ad63f81760d1ce82b0521542ddd9c487c4df675288180c6f9e,data/raw/v2/streetsurfacevis/s_1024/1254220785338588.jpg,106865531551355,1665073752050,
1254515675430893,Normal_asphalt,asphalt,excellent,True,1024,768,True,176441,24af184c4c83243be315105f5d0522bb7c2e27cae073f8986c6ef52575976541,data/raw/v2/streetsurfacevis/s_1024/1254515675430893.jpg,100232345559807,1685876021000,
1261602977627531,Unpaved_road,unpaved,intermediate,True,1024,768,True,131536,2cd2432822f14b5d9e8b8fd13227e891775b55f2b6b6d436770047e0e1c9c5fa,data/raw/v2/streetsurfacevis/s_1024/1261602977627531.jpg,100232345559807,1625472662500,
126427069922499,Normal_asphalt,asphalt,excellent,True,1024,768,True,120147,345f57d1ed71ed4297f92d7048431aded9f0e51ec24d3c59034f1b54536760a4,data/raw/v2/streetsurfacevis/s_1024/126427069922499.jpg,100232345559807,1645715837211,
1265707137258121,Normal_asphalt,asphalt,excellent,True,1024,576,True,35162,6fd7327f2132982876fb20642c6a84cef48ed319eadd49a00ba65526de7a060e,data/raw/v2/streetsurfacevis/s_1024/1265707137258121.jpg,100474358864037,1640686208023,
126612829420077,Normal_asphalt,asphalt,excellent,True,1024,768,True,75232,20442559de33d9624102600185a43ed4624dc121de08d0ab2fe4ddd535ac42a5,data/raw/v2/streetsurfacevis/s_1024/126612829420077.jpg,103080845264750,1448108065422,
1268561386881948,Unpaved_road,unpaved,very_bad,True,1022,460,False,110950,79b7a5efe98902cdad989eee7358a9238cbbffc8700a60812534d8ece76f34ab,data/raw/v2/streetsurfacevis/s_1024/1268561386881948.jpg,102468835332129,1659260299727,
1268941150442309,Normal_asphalt,asphalt,excellent,True,1024,768,True,45984,6fbf863385387ac52fd0d4720b8fbba7f98808cde8aeb74e03b17b105f82f3fe,data/raw/v2/streetsurfacevis/s_1024/1268941150442309.jpg,100524115868818,1698671957000,
127089979410851,Normal_asphalt,asphalt,excellent,True,1024,768,True,98838,e7d6b89e596bfc8b7cc46bee9515bd02dbbb9a65dbf04ab91cc18cb0547bcf22,data/raw/v2/streetsurfacevis/s_1024/127089979410851.jpg,100995282143677,1442325301501,
1272096827039098,Unpaved_road,unpaved,intermediate,True,1024,768,True,167948,7a7e8598e62c61a91a9339a7a8d2a2dda94ae4760dcfe70b059b9882182a4941,data/raw/v2/streetsurfacevis/s_1024/1272096827039098.jpg,100232345559807,1674142767000,
1272794166862727,Normal_asphalt,asphalt,excellent,True,1024,576,True,93236,e32eedee48f79c13c77388a875688285e3179c0e45acb7c824b7fcaab4a80556,data/raw/v2/streetsurfacevis/s_1024/1272794166862727.jpg,103606985215406,1660112216985,
127289406495201,Normal_asphalt,asphalt,excellent,True,1024,576,True,164820,802b7e25e98fccf8471e2c6e83b6fa9fc26f083d05f9a79d62d1158a26394f4a,data/raw/v2/streetsurfacevis/s_1024/127289406495201.jpg,103606985215406,1645775897360,
127381230210985,Normal_asphalt,asphalt,excellent,True,1023,472,False,63663,6acf3be65fe9b3b95cb522b5e67651bdaa402a3a3382b66dd458a7c70b1e753d,data/raw/v2/streetsurfacevis/s_1024/127381230210985.jpg,104133191972461,1673019071451,
127407959691068,Unpaved_road,unpaved,intermediate,True,1024,768,True,255528,8d7c34f21a8b410d3f07309c2e7a0433c5412d6ce0121a5972949256592d3c32,data/raw/v2/streetsurfacevis/s_1024/127407959691068.jpg,107674238136176,1648293328491,
128396372693536,Unpaved_road,unpaved,intermediate,True,1024,768,True,149868,c379b1eeaf0f51e43032d34781908763f1fc757268495cd5136348748d249810,data/raw/v2/streetsurfacevis/s_1024/128396372693536.jpg,100232345559807,1626328977210,
1285692445223073,Normal_asphalt,asphalt,excellent,True,1024,768,True,165138,ebbc1de3bec5c73bba072e3d694246028493ab212d93dcdc15ec86a0e546fdfd,data/raw/v2/streetsurfacevis/s_1024/1285692445223073.jpg,100232345559807,1632661328500,
1286953845087423,Unpaved_road,unpaved,very_bad,True,1024,768,True,127515,013517f4182b6d2c46ea0f98374640a930aaa8731f31c9082deadb7397b4db21,data/raw/v2/streetsurfacevis/s_1024/1286953845087423.jpg,103901361851883,1632584534000,
1299492817114879,Unpaved_road,unpaved,intermediate,True,1024,768,True,132848,f1ae4c1c5bdc8a0247e64d10ffe49c40b5b1e0c04ea7e34a874ec74b3f9d827e,data/raw/v2/streetsurfacevis/s_1024/1299492817114879.jpg,100232345559807,1567939312549,
130127202867376,Normal_asphalt,asphalt,excellent,True,1024,768,True,88799,5f982036d916cc95279061bdc238e92dfb3018493f00fc98048d3ef0004e3c41,data/raw/v2/streetsurfacevis/s_1024/130127202867376.jpg,100410142246791,1645885362125,
1303389206747672,Normal_asphalt,asphalt,excellent,True,1024,768,True,144738,aa28f69d0812cf3c2d77fa5d61cbfaddfaf5074a75031ca87082f1755b83d9e3,data/raw/v2/streetsurfacevis/s_1024/1303389206747672.jpg,100232345559807,1631868964000,
1304227573772768,Normal_asphalt,asphalt,excellent,True,1024,576,True,107118,69e40f51e5d64a7048e39ae310abfe9ba274cb447f2bacae11e2ad396297fb17,data/raw/v2/streetsurfacevis/s_1024/1304227573772768.jpg,103606985215406,1681977111940,
131001805861297,Unpaved_road,unpaved,intermediate,True,1024,768,True,212765,0fd067d09b0ddec3b6be0a0855dad41fe20c9425cd454a8735e10c0ced9e37f5,data/raw/v2/streetsurfacevis/s_1024/131001805861297.jpg,100232345559807,1628781557000,
1310395539909689,Unpaved_road,unpaved,intermediate,True,1024,768,True,221823,8ef02c0f9502594dade510e9a743f7ae8c0232e12ea677406e3c5d880a1abec8,data/raw/v2/streetsurfacevis/s_1024/1310395539909689.jpg,100232345559807,1687281342500,
1316011592154091,Normal_asphalt,asphalt,excellent,True,1024,768,True,178405,c855ff1f3eea28314f24cb0e2d52314651c11f20dba03f38ac05d4625f0f6944,data/raw/v2/streetsurfacevis/s_1024/1316011592154091.jpg,103678608542057,1620832462000,
1318318685340506,Unpaved_road,unpaved,intermediate,True,1023,575,False,161161,c27cc035aeac9704aca3c4a15019387b6fd21f86555f344a618d0fe79efbb4cf,data/raw/v2/streetsurfacevis/s_1024/1318318685340506.jpg,109115837985025,1631177990494,
1320849001760714,Unpaved_road,unpaved,bad,True,1024,768,True,210172,84bca645ead7e97a8ab3030cfc77be44ad0acd13ccb13a640681e56a25283e27,data/raw/v2/streetsurfacevis/s_1024/1320849001760714.jpg,100232345559807,1644928363500,
1321851644875036,Normal_asphalt,asphalt,excellent,True,1024,576,True,113471,072096f9dc19632a752d011df1dfd0d3dff4bf2448d05326986909d084d6f6ce,data/raw/v2/streetsurfacevis/s_1024/1321851644875036.jpg,101410265434782,1486894207000,
132269832278906,Unpaved_road,unpaved,intermediate,True,1024,768,True,105989,b8d717c753a787b48ff93869e4fd66801e8fa4acfdf885e86b4026c825d3e54c,data/raw/v2/streetsurfacevis/s_1024/132269832278906.jpg,109783467917346,1427389162000,
132315356018200,Unpaved_road,unpaved,intermediate,True,1024,768,True,155110,12c5d832798044cad8d6dc3a6d9cd8d86c92e1206bce6952c79d768782c98422,data/raw/v2/streetsurfacevis/s_1024/132315356018200.jpg,100232345559807,1648056577000,
1323728011428919,Normal_asphalt,asphalt,excellent,True,1024,768,True,126631,bbea9943a6ac752009d1a5eda14b6b135367c71858cdac5fc4018bca8f85e346,data/raw/v2/streetsurfacevis/s_1024/1323728011428919.jpg,100232345559807,1645627813219,
132406612253408,Unpaved_road,unpaved,bad,True,1024,768,True,257766,fd02aad1bf60662b8aa3acd7f14e8893488fa307f4a62ac0d56d0243dbd7e1c5,data/raw/v2/streetsurfacevis/s_1024/132406612253408.jpg,100474358864037,1616943512444,
1332023000698205,Normal_asphalt,asphalt,excellent,True,1024,768,True,117621,74a3fe6be118bb69ecbc6fe6c4e18e470abc000ea5c727f1315bc44ad10805b3,data/raw/v2/streetsurfacevis/s_1024/1332023000698205.jpg,110839115097469,1667995382000,
134248832020323,Unpaved_road,unpaved,very_bad,True,1024,768,True,286122,9785f63828d3979013433c9b868a7cb761d6e4ff324fa9c6f5b009e15573b909,data/raw/v2/streetsurfacevis/s_1024/134248832020323.jpg,100474358864037,1540995774000,
134462495380847,Unpaved_road,unpaved,intermediate,True,1024,768,True,141525,678d306eb5cccf3d017b0f73e748cdd76cd4efa60d940f9139cbf20114e582b8,data/raw/v2/streetsurfacevis/s_1024/134462495380847.jpg,100232345559807,1624985444500,
134978469474529,Normal_asphalt,asphalt,excellent,True,1024,576,True,115533,20fbbd3553b7895df43a73f3ee81e13ccf0cd0b45e246b28d17509d56f68884c,data/raw/v2/streetsurfacevis/s_1024/134978469474529.jpg,110756067822823,1676468999200,
1350251872373763,Unpaved_road,unpaved,very_bad,True,1024,768,True,300583,bf2bcce8a7c077c1470ba97b7215ec9c564df378ac6e953ddf93face20936f7e,data/raw/v2/streetsurfacevis/s_1024/1350251872373763.jpg,101480012217350,1684678951583,
1352231421825510,Normal_asphalt,asphalt,excellent,True,1024,768,True,144554,ba5af2204840f6e9b5d1cdb460bc9a8b16a075a8a66134d3eb7556e24ed201dc,data/raw/v2/streetsurfacevis/s_1024/1352231421825510.jpg,111461687745521,1588609083000,
135421615285100,Normal_asphalt,asphalt,excellent,True,1024,576,True,116408,003aac02312500e9f428750b45944e12a468fe8ffdad60cae47f11690947a711,data/raw/v2/streetsurfacevis/s_1024/135421615285100.jpg,101410265434782,1598711976000,
1356599788073855,Normal_asphalt,asphalt,excellent,True,1024,768,True,133752,a2d99e34ce11f4e3f82c8a377b8ca31027e178160bc2badaccb24d01986d259e,data/raw/v2/streetsurfacevis/s_1024/1356599788073855.jpg,104158188492621,1466692552000,
1358504691170425,Normal_asphalt,asphalt,excellent,True,1024,768,True,127402,7c2f074c02992d94de02d09906bdf7e0d4f1c2eaf793c53e3f5129c17f87acd7,data/raw/v2/streetsurfacevis/s_1024/1358504691170425.jpg,106432638256792,1398272922000,
1359703641304690,Unpaved_road,unpaved,bad,True,1024,768,True,200687,96183d4ff80dcfab5ac2a9f21782d14c05db642b7c7afd2da7de13236555d55d,data/raw/v2/streetsurfacevis/s_1024/1359703641304690.jpg,102187028688979,1686586808000,
136054085234849,Unpaved_road,unpaved,very_bad,True,1024,576,True,244811,681545d76118b86a129cf073843ae6c85413c5bf5a9bf71d8bf63b138464a68c,data/raw/v2/streetsurfacevis/s_1024/136054085234849.jpg,103079161935557,1577712886064,
1361270314238519,Normal_asphalt,asphalt,excellent,True,1024,768,True,100537,32fab1ca1aa7dae657e3c5185474a32f088a611653231e38eed32c41f849c3c0,data/raw/v2/streetsurfacevis/s_1024/1361270314238519.jpg,106639358240162,1539702956543,
1363055594346002,Normal_asphalt,asphalt,excellent,True,1024,768,True,110068,2bbee377a49dc3b140c4244abe98f57c066f43cce53e62e8ee1c412a887f28f1,data/raw/v2/streetsurfacevis/s_1024/1363055594346002.jpg,103658281877634,1705064133578,
1366060807096306,Normal_asphalt,asphalt,excellent,True,1024,768,True,172508,5587b2239e808df5ab41b17bb332abd040c37186bb5ce4bec90265f298eba221,data/raw/v2/streetsurfacevis/s_1024/1366060807096306.jpg,103828185188502,1484474760197,
1367725710818246,Unpaved_road,unpaved,bad,True,1024,768,True,242617,cd3efff0a5f77fe430c8234a5015a9237a2f39aecb7063becebc3b57752837a4,data/raw/v2/streetsurfacevis/s_1024/1367725710818246.jpg,100848386175544,1695124394977,
137193541781677,Normal_asphalt,asphalt,excellent,True,1023,576,False,59919,480c75f1b884b003b515ca9dad56e02c2b541d9480a42ef596832951e3b7b6d7,data/raw/v2/streetsurfacevis/s_1024/137193541781677.jpg,110655437834109,1580482170000,
1375249036620932,Unpaved_road,unpaved,bad,True,1022,460,False,139526,33442657157310c623e5eababc380cdd74e8d3bcbc74d810240d4952d1917a1d,data/raw/v2/streetsurfacevis/s_1024/1375249036620932.jpg,102468835332129,1672487495412,
137572495610286,Normal_asphalt,asphalt,excellent,True,1024,576,True,118369,e9acd1b45d3f0bfbfa83e929dc2ac932f3a589a7f06d6ee21bf53a28300c8c08,data/raw/v2/streetsurfacevis/s_1024/137572495610286.jpg,103198898589938,1656331680136,
1376218412762137,Unpaved_road,unpaved,bad,True,1024,768,True,245206,7b9adcb67fc6a4d6b11d1a4eabf4b922c6c3847c9f14bc4265d904ba0cf795df,data/raw/v2/streetsurfacevis/s_1024/1376218412762137.jpg,102468835332129,1600780547985,
1379104445793080,Normal_asphalt,asphalt,excellent,True,1024,576,True,64871,45bb9e8a1e9cafd403204926d38732101a081e1c0c4dd8e8d5b9c3b1cc040b6c,data/raw/v2/streetsurfacevis/s_1024/1379104445793080.jpg,101372315443548,1583686666117,
1381231808916595,Unpaved_road,unpaved,very_bad,True,1024,768,True,168937,1861bfb31114021db9536a42868958137278f647cd89aaaeeb7da58ebfdf9e50,data/raw/v2/streetsurfacevis/s_1024/1381231808916595.jpg,100232345559807,1596536138000,
138614861914293,Unpaved_road,unpaved,very_bad,True,1024,576,True,202176,f99ab8b602a385ad83da65d3a75d1403044bee999ea7cc34f7164de1cdb63804,data/raw/v2/streetsurfacevis/s_1024/138614861914293.jpg,103079161935557,1640959437066,
1388588974843105,Unpaved_road,unpaved,intermediate,True,1024,768,True,131764,eac5935ac5047c628746c0be3326a854a2dcf2b182993a452b9aca520e812a07,data/raw/v2/streetsurfacevis/s_1024/1388588974843105.jpg,100232345559807,1599743585356,
1389551588459739,Normal_asphalt,asphalt,excellent,True,1024,768,True,77237,d8cbec4a4e1ed4a185833942032b087477aa4bb378cd3969e309f804fa649bcc,data/raw/v2/streetsurfacevis/s_1024/1389551588459739.jpg,104115958497622,1674916774829,
139169918256250,Normal_asphalt,asphalt,excellent,True,1024,576,True,176608,9863b1f4a65c78ca98077da7c6d67e290eecfde55f117ae41d80edf37f58d468,data/raw/v2/streetsurfacevis/s_1024/139169918256250.jpg,108954524668583,1566385071000,
1391844847992111,Unpaved_road,unpaved,intermediate,True,1024,768,True,188790,542d2e9bdad14b39fc1331acd786e77eef7d55069cac95ff4cdf46edbfd02d1c,data/raw/v2/streetsurfacevis/s_1024/1391844847992111.jpg,100232345559807,1660578452500,
139383461547499,Unpaved_road,unpaved,bad,True,1024,768,True,150452,836cc8cd8ffc0fc3e5af84ee7630ea5f1e7563cfdf114a73d9fb5e9b13b7bd22,data/raw/v2/streetsurfacevis/s_1024/139383461547499.jpg,102627028648372,1570937006000,
139387614787839,Normal_asphalt,asphalt,excellent,True,1024,576,True,122641,70de0dd3b104581e12a499a83bf76e28cb044a4c93519c97841cbc51b084d74a,data/raw/v2/streetsurfacevis/s_1024/139387614787839.jpg,109673317932619,1562088020588,
139489162257740,Unpaved_road,unpaved,bad,True,1024,768,True,155966,95ecd64b4cbd387260f7021bdda44059515cc593f0edde22fdd6a320ecf29405,data/raw/v2/streetsurfacevis/s_1024/139489162257740.jpg,100232345559807,1672411009000,
1396101640753627,Unpaved_road,unpaved,intermediate,True,1024,768,True,129250,01034efcff6ea819e02dfe5490d61c1410c4b929ebbf524ac6e2b6710dd6d578,data/raw/v2/streetsurfacevis/s_1024/1396101640753627.jpg,101020912145314,1502039342735,
1396404087425169,Normal_asphalt,asphalt,excellent,True,1024,768,True,75161,3c52dfdd3dc7918d59c940c573ed6bdeabd96c8236a5f27f7aa66ba1d84cbd25,data/raw/v2/streetsurfacevis/s_1024/1396404087425169.jpg,106008994971903,1617182857019,
1405219660272349,Normal_asphalt,asphalt,excellent,True,1024,576,True,155337,51e000576b930a407096c96508e7f54c3f8ed68dde111905656c8137813bae20,data/raw/v2/streetsurfacevis/s_1024/1405219660272349.jpg,105905988315287,1687098029000,
140754594646990,Normal_asphalt,asphalt,excellent,True,1024,576,True,61457,53140b059f914c17fc4005ee2f5eed9d75397791e212a74c9ac33224fe3a1d6d,data/raw/v2/streetsurfacevis/s_1024/140754594646990.jpg,105390378367361,1556114698441,
1409287936223835,Normal_asphalt,asphalt,excellent,True,1024,768,True,147810,6da692748fc16475b06043d6104c82b9d8342585bf2b443aa7c3bfb4ee2e4522,data/raw/v2/streetsurfacevis/s_1024/1409287936223835.jpg,100232345559807,1664869215500,
1410474056078698,Unpaved_road,unpaved,bad,True,1024,768,True,227819,c245efb7a405526c60d1339eb2865a6a87345d383e6bde89e56e4134dafb42a7,data/raw/v2/streetsurfacevis/s_1024/1410474056078698.jpg,102425838669747,1649600228560,
141072781941498,Unpaved_road,unpaved,intermediate,True,1024,576,True,180228,3217ec58ca4e1b05a8414487da0c71f11ea71e1a819673bb5fe2ec6fa4f80582,data/raw/v2/streetsurfacevis/s_1024/141072781941498.jpg,100562292188203,1656224776694,
1410816122611195,Unpaved_road,unpaved,bad,True,1024,768,True,244285,230f51171e415d7d8e835a5b1c622135e1d7294e2fe3f72ae1e5ecc89594164b,data/raw/v2/streetsurfacevis/s_1024/1410816122611195.jpg,100474358864037,1560099868000,
1412024322968589,Normal_asphalt,asphalt,excellent,True,1024,768,True,82907,5cc0f7c606f834982bac895e2b6e57d55b37bfedd7c2915133e851fad2f36002,data/raw/v2/streetsurfacevis/s_1024/1412024322968589.jpg,103658281877634,1689160500376,
141317951254952,Normal_asphalt,asphalt,excellent,True,1024,768,True,139689,357dfddc2c7a513cba5a6a2ff053fc6b0066104532e68dac0b5bf302df1a3885,data/raw/v2/streetsurfacevis/s_1024/141317951254952.jpg,110552844504419,1537017516000,
1415803535828815,Unpaved_road,unpaved,intermediate,True,1024,768,True,188267,3fb20832fe78e7ee69e5ad4cf558939c1182a840c39c10d2ac591ba808f1334c,data/raw/v2/streetsurfacevis/s_1024/1415803535828815.jpg,100232345559807,1673795766500,
1420566411615202,Normal_asphalt,asphalt,excellent,True,1024,576,True,128204,974b7c17dc9ed809eac1833237188a2b0ffdb5016732106c38719e7a623eee42,data/raw/v2/streetsurfacevis/s_1024/1420566411615202.jpg,109673317932619,1538215087608,
1421266405299242,Normal_asphalt,asphalt,excellent,True,1024,768,True,108381,68d09ad8f5766183838654cdb05385bb7c6d1c72eb6b8baf2591853d2454fa80,data/raw/v2/streetsurfacevis/s_1024/1421266405299242.jpg,108018634768550,1686395593977,
142323105011451,Unpaved_road,unpaved,bad,True,1024,576,True,142165,09b7c7ff4eb05d1567df214ba18f4a432e7dfc2865ecc9d5dd133ac61161412c,data/raw/v2/streetsurfacevis/s_1024/142323105011451.jpg,103606985215406,1650966874556,
1424604271220654,Unpaved_road,unpaved,intermediate,True,1024,768,True,212028,f5c240d43ea5cfc8295152ea4531a108329d15982a4100f09eb1facd7b94ed5e,data/raw/v2/streetsurfacevis/s_1024/1424604271220654.jpg,106491461588840,1583688514500,
142587114569490,Unpaved_road,unpaved,intermediate,True,1024,768,True,174349,8ddcf5aa9811d5e334c2e02ade037211a58f6dade2f618f4804082420db22245,data/raw/v2/streetsurfacevis/s_1024/142587114569490.jpg,102468835332129,1597839119440,
1431046924056488,Unpaved_road,unpaved,very_bad,True,1022,460,False,148934,cea00b11dc6f56c60a90b1f85594e52a82c0d6f090950afe9717ea161d57fb8c,data/raw/v2/streetsurfacevis/s_1024/1431046924056488.jpg,102468835332129,1660211557310,
1432000720485362,Unpaved_road,unpaved,intermediate,True,1024,768,True,194456,3e1832d396d0830398955d6711264204f89d710c572ee77e5c77c0288d486853,data/raw/v2/streetsurfacevis/s_1024/1432000720485362.jpg,102506861993901,1571069556601,
1432577347084503,Unpaved_road,unpaved,very_bad,True,1024,768,True,281735,585a12a47a6a7b1f4be87311160b2e33cc03cdc8e013937c4d0c86105f29bb88,data/raw/v2/streetsurfacevis/s_1024/1432577347084503.jpg,100474358864037,1556709777000,
1433739943713089,Unpaved_road,unpaved,very_bad,True,1024,768,True,151723,645a046035016fea1af78f6a7a6c7bda9b44ad7cfae4290eb3901844b5fa77c6,data/raw/v2/streetsurfacevis/s_1024/1433739943713089.jpg,103550301888099,1650275413222,
1437473580114537,Unpaved_road,unpaved,intermediate,True,1024,576,True,160255,d153aa257c15e0effe7f35dfb855e8b9920d39f02038d56376dc3ae331bae6f0,data/raw/v2/streetsurfacevis/s_1024/1437473580114537.jpg,104142105161773,1616761683000,
1438403806728238,Normal_asphalt,asphalt,excellent,True,1024,768,True,137738,4ceac6e2a025042482ccd0164aa2464826e65167035e2678faf13c7f7e683684,data/raw/v2/streetsurfacevis/s_1024/1438403806728238.jpg,100232345559807,1692689909500,
1440726169631128,Unpaved_road,unpaved,very_bad,True,1024,768,True,231926,ae59cbff999108b22442eaa98a1e9897c465820718f341bb757ae2be7a137b30,data/raw/v2/streetsurfacevis/s_1024/1440726169631128.jpg,103901361851883,1631191710000,
144310204339418,Unpaved_road,unpaved,intermediate,True,1024,576,True,163077,3d9c7e240cdd1636d2cd38fe85937aa330640b68bb254b5e279e4734c7d68324,data/raw/v2/streetsurfacevis/s_1024/144310204339418.jpg,109214254640685,1520773503000,
1445681512452848,Unpaved_road,unpaved,intermediate,True,1024,768,True,76681,724b6d98e89377e8a14d1786a35dd448caf93442692b5f0c8c3307178b92e723,data/raw/v2/streetsurfacevis/s_1024/1445681512452848.jpg,105600511678443,1564115960007,
144626894298389,Normal_asphalt,asphalt,excellent,True,1024,768,True,122399,594d4c9ca7b6f2d20f885162278b4e5bc03517c98aed66628b10a81c928ac3b8,data/raw/v2/streetsurfacevis/s_1024/144626894298389.jpg,100904115486930,1430404577168,
1447687155568807,Normal_asphalt,asphalt,excellent,True,1024,768,True,66298,c068fd1771cea9eba465899b453a551b3699895517e9dabab220ccbbb8fc25c9,data/raw/v2/streetsurfacevis/s_1024/1447687155568807.jpg,106639358240162,1541245010213,
144907790974856,Unpaved_road,unpaved,intermediate,True,1024,768,True,189736,61f229c53e37cbaa039c904315f2b105f590e690755822d5e52b0b42dafb46ba,data/raw/v2/streetsurfacevis/s_1024/144907790974856.jpg,102939351945755,1398359603000,
1449440438891635,Normal_asphalt,asphalt,excellent,True,1024,576,True,104008,f00dc5c28ba1676fdd66678ef61909c3181069fad575e8b88e2de581088f4f94,data/raw/v2/streetsurfacevis/s_1024/1449440438891635.jpg,104675851773667,1662876843859,
145858377503846,Normal_asphalt,asphalt,excellent,True,1024,768,True,125239,78b180ea1db6b6e1ab7694c3cbcac556f5369e2bc1705e6e097324230beb01e4,data/raw/v2/streetsurfacevis/s_1024/145858377503846.jpg,109833741245768,1489852544279,
146538757491045,Normal_asphalt,asphalt,excellent,True,1024,768,True,160348,8000051f1c3231973e809a66a32f3b3d18dc20ed35288578f030a593de9cd303,data/raw/v2/streetsurfacevis/s_1024/146538757491045.jpg,102124648700555,1589566490000,
1465830627180636,Normal_asphalt,asphalt,excellent,True,1024,576,True,63461,74497fbe1e1f7242419fd337976b96409ecdfb72cf8a099a9916af5671654ae6,data/raw/v2/streetsurfacevis/s_1024/1465830627180636.jpg,103985551950824,1658679316961,
1467187510379945,Unpaved_road,unpaved,very_bad,True,1024,768,True,233177,42ad942f0cfbbe582aed02e6b511be884d237f351070cf284c5a816b0d8eee58,data/raw/v2/streetsurfacevis/s_1024/1467187510379945.jpg,101480012217350,1651154185057,
147165594057470,Unpaved_road,unpaved,bad,True,1024,576,True,96330,67d7d85ce358989a921d6a574fd13a6f275cdc49e53fa1ff1f03e523027c343e,data/raw/v2/streetsurfacevis/s_1024/147165594057470.jpg,106639358240162,1586767765034,
1475269896284776,Unpaved_road,unpaved,intermediate,True,1024,576,True,118612,d1f0f92c4cbabb95e02d683afcee78ed295b7c3c845d877ad988044b21ec9b55,data/raw/v2/streetsurfacevis/s_1024/1475269896284776.jpg,100926758817659,1660840063411,
148163274404450,Normal_asphalt,asphalt,excellent,True,1024,768,True,130670,2146b8bfaa24e54d1351cd15b65bd0af6456beb8aeffe8bb32471f482888e726,data/raw/v2/streetsurfacevis/s_1024/148163274404450.jpg,100232345559807,1652528681000,
1482546492084707,Unpaved_road,unpaved,very_bad,True,1024,768,True,242044,6ddaff47203a1d1c2d8e07a2ae5dca08b686c37d071b50a39e1f4510d7abcb21,data/raw/v2/streetsurfacevis/s_1024/1482546492084707.jpg,102468835332129,1622374655147,
1483785245293908,Unpaved_road,unpaved,very_bad,True,1023,576,False,243198,3020627b5a535d29258773fe4a4a49eee8b445222e2a999cf33e2e8bbdd34cb1,data/raw/v2/streetsurfacevis/s_1024/1483785245293908.jpg,110655437834109,1572522938000,
148771344320493,Unpaved_road,unpaved,intermediate,True,1024,768,True,137960,ebbc1ebcf35165051f14f3a0393599d1244a4690a2b64570d5652165f5c1b534,data/raw/v2/streetsurfacevis/s_1024/148771344320493.jpg,108354611399818,1651335910044,
1493198840850439,Unpaved_road,unpaved,intermediate,True,1024,768,True,193041,e4b177f03c6a46a7f817ea51c4c47ffe591d6d1498c7d64131ff9b7252311b98,data/raw/v2/streetsurfacevis/s_1024/1493198840850439.jpg,100268992218434,1596648561000,
1495436407665593,Normal_asphalt,asphalt,excellent,True,1024,768,True,83338,723386bf280c501179b8a21f8e0c76e8deb013fa7b901193000783f6afac5238,data/raw/v2/streetsurfacevis/s_1024/1495436407665593.jpg,102609045317136,1693566029000,
149676470466346,Normal_asphalt,asphalt,excellent,True,1024,768,True,156916,e95d5349c44c7c0dab020c65bdf40485ab147460d8e24e09d7550808db770157,data/raw/v2/streetsurfacevis/s_1024/149676470466346.jpg,100268992218434,1598977266000,
150042053968772,Unpaved_road,unpaved,very_bad,True,1024,768,True,122140,2e3d5d3a992d07e1f57894c2f04d208f10c10e3dbea891c4459977c81194151b,data/raw/v2/streetsurfacevis/s_1024/150042053968772.jpg,103901361851883,1630849568000,
150317243718267,Normal_asphalt,asphalt,excellent,True,1024,768,True,130017,857e225a2478315a3665a8ba7601647be8acebc693a0ff078832b55c92cd609d,data/raw/v2/streetsurfacevis/s_1024/150317243718267.jpg,102532525320329,1553962698000,
150388490313514,Unpaved_road,unpaved,bad,True,1024,768,True,137281,19ddbdcc3fb9fe840d9c42244decdbe73fdd8f0f400ba42a5ee7cc5b89988a3d,data/raw/v2/streetsurfacevis/s_1024/150388490313514.jpg,100279665550667,1508072780097,
1504338359914017,Unpaved_road,unpaved,intermediate,True,1024,768,True,191587,18ae9447c943162ca3596f4333739414daa9ab5468ca061a4a2b46d3183f727f,data/raw/v2/streetsurfacevis/s_1024/1504338359914017.jpg,104647648438232,1615133166010,
150529243685076,Unpaved_road,unpaved,intermediate,True,1024,768,True,159869,0631e7a7ba01f3b7f9e01b8766ba485ec16daca27e5909136c56c4ed760df945,data/raw/v2/streetsurfacevis/s_1024/150529243685076.jpg,100562292188203,1458571344352,
150805347008386,Unpaved_road,unpaved,bad,True,1024,576,True,172724,eb2845784f2a025cdd83754a0726b89874a538932b4c31f7ff4210afbcea8741,data/raw/v2/streetsurfacevis/s_1024/150805347008386.jpg,103606985215406,1605187006825,
151562227119339,Normal_asphalt,asphalt,excellent,True,1024,768,True,143797,d2c82f224f12420d6f3ca429ea8208ee5fdb8796cf11d09f632539223fa5fe11,data/raw/v2/streetsurfacevis/s_1024/151562227119339.jpg,100232345559807,1628757726500,
151706416967293,Unpaved_road,unpaved,bad,True,1024,768,True,201982,bc6be458bc7755f0e49a5d427479b28c4316aaf5cf83fc26fcb52764a52c3b5d,data/raw/v2/streetsurfacevis/s_1024/151706416967293.jpg,100474358864037,1590937034075,
1518787851915135,Normal_asphalt,asphalt,excellent,True,1024,576,True,176772,16c75fb07069ccbc5cbd1690d00bcbcdbbe2a3f35bbdd4658f6f7ad418cc8751,data/raw/v2/streetsurfacevis/s_1024/1518787851915135.jpg,100926758817659,1663918139637,
151892243617576,Unpaved_road,unpaved,bad,True,1024,576,True,121683,e5cbac522a202e14385a2ea180840cce7636577c1d912d188bf2a2cda9d917f1,data/raw/v2/streetsurfacevis/s_1024/151892243617576.jpg,101457188768378,1615993474349,
152096386895269,Normal_asphalt,asphalt,excellent,True,1024,768,True,211258,0586d7b30c95e997597efcc24329ff451a5e14122696b4c0fb49cb73a5284809,data/raw/v2/streetsurfacevis/s_1024/152096386895269.jpg,100298735553964,1572516157000,
152127376851424,Unpaved_road,unpaved,bad,True,1024,768,True,221761,66047760fd9606f712dfe151a483b1358a61bd424c47ce77ec74d6011df70d59,data/raw/v2/streetsurfacevis/s_1024/152127376851424.jpg,110208441206053,1501500971180,
152434446772289,Normal_asphalt,asphalt,excellent,True,1024,768,True,138794,6c3a5518d33f630671cc8e94d411fe1ecdfafc790a5dfeaf15abbd92a3b6a051,data/raw/v2/streetsurfacevis/s_1024/152434446772289.jpg,109344581299907,1503238946000,
152989616823580,Normal_asphalt,asphalt,excellent,True,1023,575,False,133202,27043df75adeacab6b293b74805702fcbf0c3918010775a31851030098f60a44,data/raw/v2/streetsurfacevis/s_1024/152989616823580.jpg,109115837985025,1623511301054,
153202050343326,Unpaved_road,unpaved,intermediate,True,1024,768,True,252005,6587a548ad49be92fd1d8e62a7c0d064275d264ae681a1f6343321eb20b453ec,data/raw/v2/streetsurfacevis/s_1024/153202050343326.jpg,100232345559807,1632836364500,
153875996742100,Normal_asphalt,asphalt,excellent,True,1024,768,True,137839,a8b41838929af2a608087a15bab423d39c8b631ef19256156decb1e13c2df293,data/raw/v2/streetsurfacevis/s_1024/153875996742100.jpg,100995282143677,1473771234301,
153942900206528,Normal_asphalt,asphalt,excellent,True,1024,768,True,164286,28ad922e8e540b7544d273a7258d505c26e4cecb92c96e0b17c1f15af28a0297,data/raw/v2/streetsurfacevis/s_1024/153942900206528.jpg,110282201203825,1633175072502,
153972823362692,Unpaved_road,unpaved,intermediate,True,1024,768,True,168739,e6138f5db913ace9dadf82ce946b1133493552c534469d3fc5e95ddd438f0df0,data/raw/v2/streetsurfacevis/s_1024/153972823362692.jpg,102609045317136,1537525655000,
154034490283310,Normal_asphalt,asphalt,excellent,True,1024,768,True,145268,c4118ec1b4d55ed127352c93b8af4935d38a63f476b8026d4e6cdaa12e8391c9,data/raw/v2/streetsurfacevis/s_1024/154034490283310.jpg,100232345559807,1665148183000,
1543032979236601,Normal_asphalt,asphalt,excellent,True,1024,768,True,53462,daa4f10155d8d03cd7e6afd06d38b4e0f33186270f6425194b4b88db773103da,data/raw/v2/streetsurfacevis/s_1024/1543032979236601.jpg,100510328864481,1504971639405,
154947183236648,Normal_asphalt,asphalt,excellent,True,1024,768,True,106586,36871b2b368d4360f3b7a680eeb8071b137443af84a3551f4ea709e846b800dc,data/raw/v2/streetsurfacevis/s_1024/154947183236648.jpg,106493178251336,1422794429000,
154978690358855,Unpaved_road,unpaved,bad,True,1022,460,False,139495,dde1d78f6f4a74813f0a50bed6b8d48265c023023e69d8243ac22a1139e22eee,data/raw/v2/streetsurfacevis/s_1024/154978690358855.jpg,102468835332129,1652001796279,
155052776762256,Unpaved_road,unpaved,bad,True,1024,576,True,131420,b956d97f7dcacb7061e3f28be74f9c7608af07e6b3307aa60865c2f41c84b755,data/raw/v2/streetsurfacevis/s_1024/155052776762256.jpg,102473841997175,1630746980570,
155080163794210,Normal_asphalt,asphalt,excellent,True,1024,768,True,117438,2bb1a8090593cbd2d80f31a2c44e2430b19b70170d33c09e39ddd6b71fad1881,data/raw/v2/streetsurfacevis/s_1024/155080163794210.jpg,107674238136176,1658775302067,
155083709889186,Normal_asphalt,asphalt,excellent,True,1024,576,True,110639,0d1979bec6c9ed34f761b48ac1fd3c7b95f06334dbfde0daa364bf07416071e4,data/raw/v2/streetsurfacevis/s_1024/155083709889186.jpg,100562292188203,1497077336416,
1552979231568085,Unpaved_road,unpaved,very_bad,True,1023,682,False,183674,ec37edd81ee552fcfe9c1aba075b645814adea136316721e8d9d107e7db2e5ad,data/raw/v2/streetsurfacevis/s_1024/1552979231568085.jpg,101658985409308,1473336705812,
155415319974389,Unpaved_road,unpaved,bad,True,1024,768,True,210010,cfdf578fa20d0be14eb8804e7b17f78dfb859be1607021b6b36e4bb2a0f0444e,data/raw/v2/streetsurfacevis/s_1024/155415319974389.jpg,103901361851883,1620047967000,
155482263126376,Normal_asphalt,asphalt,excellent,True,1024,768,True,146660,03c45568fb8d20a89568736f97d17608e09e2854fb63648919ad263f8c45cf12,data/raw/v2/streetsurfacevis/s_1024/155482263126376.jpg,100232345559807,1599046745500,
155596623204890,Unpaved_road,unpaved,bad,True,1024,768,True,251176,981f1abf556a840ab8bb1293a4968cbb7700836fc6700b4cfdbb82fb9076646e,data/raw/v2/streetsurfacevis/s_1024/155596623204890.jpg,103901361851883,1620487521000,
155975136487576,Normal_asphalt,asphalt,excellent,True,1024,768,True,114028,4fc0e10bdb31ea6b017d3c46eb10d137d93969145ca51ffc5098cbd29b792375,data/raw/v2/streetsurfacevis/s_1024/155975136487576.jpg,100232345559807,1596199675500,
156437847391734,Normal_asphalt,asphalt,excellent,True,1024,576,True,63221,2f2958bb16b1afae4849fc98f3a4752303b0a1702bb695b742553b431879cd13,data/raw/v2/streetsurfacevis/s_1024/156437847391734.jpg,100474358864037,1682762472791,
1564452340426109,Unpaved_road,unpaved,very_bad,True,1024,768,True,124906,2ada30d51c1cbbf288fe703f0c92d6a6432a992e9646228e9545e82062194f0a,data/raw/v2/streetsurfacevis/s_1024/1564452340426109.jpg,103606985215406,1571153521922,
1571401523063982,Normal_asphalt,asphalt,excellent,True,1024,768,True,111290,105221fad31ed5c67feede8699b2a2ec72bce70d3887b37d12c9369a0269b4b0,data/raw/v2/streetsurfacevis/s_1024/1571401523063982.jpg,102609045317136,1592381435000,
1577911222404923,Normal_asphalt,asphalt,excellent,True,1024,768,True,94031,91d299a240052fe17fd945f93bad5a4881247fe7c6b6afd3efa92e6bd6292edd,data/raw/v2/streetsurfacevis/s_1024/1577911222404923.jpg,104245081812096,1563957196102,
1578424212655147,Normal_asphalt,asphalt,excellent,True,1024,576,True,90365,a65dc4c7603b54b5df5c0b1f23b99a4729c07651394740c58c00e1822fade55a,data/raw/v2/streetsurfacevis/s_1024/1578424212655147.jpg,103792901858425,1641979030000,
1586012308587374,Unpaved_road,unpaved,bad,True,1024,768,True,187211,7db228bd42782894617eb8d8cbe43e2a4afe9624bf46c96404f1c2394e8a6b8e,data/raw/v2/streetsurfacevis/s_1024/1586012308587374.jpg,106491461588840,1682876384000,
1586338108562066,Unpaved_road,unpaved,intermediate,True,1024,768,True,179982,f8a9a7d98dd42db50b9b5f7fb67bc143fd8edfa1e0045f72326cd0eb38590cbe,data/raw/v2/streetsurfacevis/s_1024/1586338108562066.jpg,103550301888099,1695471172000,
158908549591833,Unpaved_road,unpaved,bad,True,1024,768,True,157640,eb52a89d02193d622276209105e6a9033edce97f46d7395386e9a6cfda3d3395,data/raw/v2/streetsurfacevis/s_1024/158908549591833.jpg,103901361851883,1621093875000,
158940579564524,Normal_asphalt,asphalt,excellent,True,1024,768,True,62453,30c104e7bc96e1e86463e69a748e1f062bdea9967ce9870c6f912558535f9a8c,data/raw/v2/streetsurfacevis/s_1024/158940579564524.jpg,105733941665613,1505030182003,
1594889404258826,Normal_asphalt,asphalt,excellent,True,1024,576,True,82231,1ccd09ac12a48d013c3f10c57ee95a018cae4baca98f7a551e4d44121a33e3a1,data/raw/v2/streetsurfacevis/s_1024/1594889404258826.jpg,100268998885100,1658070528000,
1595643947305784,Normal_asphalt,asphalt,excellent,True,1024,768,True,63027,12dd206d41bfd1505e52fd16695828b636efd96facd2a17cc4064171c4544a1d,data/raw/v2/streetsurfacevis/s_1024/1595643947305784.jpg,108954524668583,1489560860000,
1598374070361413,Unpaved_road,unpaved,intermediate,True,1024,768,True,262756,5397b53f916cef31a30441c6913b7fcab14172a564f7b5819e14ed198b4b3c66,data/raw/v2/streetsurfacevis/s_1024/1598374070361413.jpg,102785218632269,1587656895627,
1600464940152718,Unpaved_road,unpaved,bad,True,1024,768,True,131082,c38e0a0e949ac11f85fa30e99d620d705b566f5aa2ac38c92f31c53b986e2d6d,data/raw/v2/streetsurfacevis/s_1024/1600464940152718.jpg,110552844504419,1461681586000,
1602742693251127,Unpaved_road,unpaved,bad,True,1024,768,True,147626,9d3bfe7887ef1af7acfc6687181cd94372fcc58a92fa5876da9fd8c034781353,data/raw/v2/streetsurfacevis/s_1024/1602742693251127.jpg,100232345559807,1571492889103,
160519289340013,Unpaved_road,unpaved,bad,True,1024,768,True,245002,e62c4dedf7ebd3f0fad991ff9c1d9a219c2b5be401e86b02ac9595aedea288b9,data/raw/v2/streetsurfacevis/s_1024/160519289340013.jpg,102468835332129,1592129339199,
1606003042927829,Unpaved_road,unpaved,intermediate,True,1024,768,True,275413,ee6edf196098ea97ee15b0fae49ae1786b90e46e40fa177325fd7512e0ac04e3,data/raw/v2/streetsurfacevis/s_1024/1606003042927829.jpg,109689944596904,1556807360000,
1609107002914707,Normal_asphalt,asphalt,excellent,True,1024,768,True,150337,dc36d262d7e276bc19dcac1082289a68abdc21014ca88e95ebc71369698595a7,data/raw/v2/streetsurfacevis/s_1024/1609107002914707.jpg,100232345559807,1456289715000,
161156825895586,Unpaved_road,unpaved,very_bad,True,1024,768,True,149321,059befcdc979a0fc7103db55d8da8c3c2293f40a4f000ff07fab8156996e5a75,data/raw/v2/streetsurfacevis/s_1024/161156825895586.jpg,110282201203825,1620484474121,
161488265910257,Unpaved_road,unpaved,bad,True,1024,768,True,207433,dccf7d66605106d73dd0e50c0e3e48939aac7b54080daee5a065da2ffeb7d1aa,data/raw/v2/streetsurfacevis/s_1024/161488265910257.jpg,102468835332129,1599906242748,
1629206557566476,Normal_asphalt,asphalt,excellent,True,1024,768,True,176714,0f8b2f5195f21563976412d7a10fe50dd7e5ac301a49fc1262cebbdee5b63f91,data/raw/v2/streetsurfacevis/s_1024/1629206557566476.jpg,100232345559807,1692801340000,
163025739100590,Unpaved_road,unpaved,bad,True,1024,768,True,231933,bde49b2c567471af2b8008d5e929240c1a79bc0b6fe8f508a979619d75957402,data/raw/v2/streetsurfacevis/s_1024/163025739100590.jpg,100474358864037,1564933073000,
163111765922743,Unpaved_road,unpaved,very_bad,True,1024,768,True,192129,610544b697d074b92f384b74fc6e1d26d3071bd70c3df324a777bde6a43f7d18,data/raw/v2/streetsurfacevis/s_1024/163111765922743.jpg,103901361851883,1627908799000,
163131436181172,Normal_asphalt,asphalt,excellent,True,1024,576,True,115759,35a1e23179c6d813c39553c24e23a19d796d3b9abc0dfd1066120bffb85b6995,data/raw/v2/streetsurfacevis/s_1024/163131436181172.jpg,109842617910576,1644761732000,
163136089084412,Normal_asphalt,asphalt,excellent,True,1024,576,True,112063,078e19da64fa031e34efbefdeb7ca411772425d35a92618bae2fab1a34d5730b,data/raw/v2/streetsurfacevis/s_1024/163136089084412.jpg,103198898589938,1572963240087,
163139790153582,Normal_asphalt,asphalt,excellent,True,1024,576,True,90808,130193f40b12f9b605827cf32b0605228751b7277ac36eb6ad0aa8a879d736df,data/raw/v2/streetsurfacevis/s_1024/163139790153582.jpg,107483538696888,1693232872100,
1631798653673010,Normal_asphalt,asphalt,excellent,True,1024,768,True,49449,3dcc492f68683e394db3fdea7740a25f4525a313ea3ab247da97686bbaf09718,data/raw/v2/streetsurfacevis/s_1024/1631798653673010.jpg,107998954769035,1580717233386,
163611162367193,Unpaved_road,unpaved,intermediate,True,1024,768,True,212420,8c025d0601433ff4518c0ef259976abfcc25a03d9b7ae41524b4216f6039fac3,data/raw/v2/streetsurfacevis/s_1024/163611162367193.jpg,100232345559807,1575199526046,
163704473138421,Unpaved_road,unpaved,intermediate,True,1024,768,True,192956,89a83c09b9851b8c2a89f6f8c9e2073ce89201accf188229637b9a83977b59c1,data/raw/v2/streetsurfacevis/s_1024/163704473138421.jpg,110839115097469,1668002874000,
1637473949979284,Normal_asphalt,asphalt,excellent,True,1024,768,True,96274,5080914fe4ca4e96544f7ece62f0efdb63125791732a31873bf2a1597c70ed9b,data/raw/v2/streetsurfacevis/s_1024/1637473949979284.jpg,100410142246791,1655995620604,
1638275656507101,Normal_asphalt,asphalt,excellent,True,1024,768,True,191078,4645bd423b625531df4054946558e1e46d987fc7975cacba587bbf2760b47e50,data/raw/v2/streetsurfacevis/s_1024/1638275656507101.jpg,109900144576546,1648371993319,
164140762185333,Unpaved_road,unpaved,intermediate,True,1024,768,True,174326,326303464ff16506e549838800010054fdb7080ab2705dc29b5e4321bd6b4989,data/raw/v2/streetsurfacevis/s_1024/164140762185333.jpg,110208441206053,1500110070168,
1642509065941868,Unpaved_road,unpaved,intermediate,True,1024,768,True,188579,1c70c0c7815c41b9d071cd7435779b93963bb56e4dcabd6926f036e9ba0aca6e,data/raw/v2/streetsurfacevis/s_1024/1642509065941868.jpg,109115837985025,1550335864000,
165477135663600,Normal_asphalt,asphalt,excellent,True,1024,768,True,124806,77573de1ef193d01d578bcdd64a21a7eece7c724366576d4ce3276430c0071a2,data/raw/v2/streetsurfacevis/s_1024/165477135663600.jpg,108727694691996,1628953037255,
1658168154596331,Normal_asphalt,asphalt,excellent,True,1024,576,True,46917,3d441ff12d5a199d7a352680d65a3b89eb0d73e61df4e2432c4f17895afd6c8d,data/raw/v2/streetsurfacevis/s_1024/1658168154596331.jpg,100474358864037,1685805526429,
1660098824173479,Normal_asphalt,asphalt,excellent,True,1024,768,True,177053,f1349214d5f200cc09f239e8a17c583d044717d86303f8c1e6811500c6c105c0,data/raw/v2/streetsurfacevis/s_1024/1660098824173479.jpg,100232345559807,1592137594000,
1660952067430095,Unpaved_road,unpaved,very_bad,True,1024,768,True,128078,fc6197e2e8495113f5006f1fb796ea3f363785e479a7625f7e5fa731fcc5e8eb,data/raw/v2/streetsurfacevis/s_1024/1660952067430095.jpg,103901361851883,1621947229000,
166268315424994,Unpaved_road,unpaved,intermediate,True,1024,768,True,94255,1cb40da478ec47356f404cbc81a3432797fec8b988ec8a5b40e2bd7cb172e35b,data/raw/v2/streetsurfacevis/s_1024/166268315424994.jpg,109816094581163,1553417862375,
166364865377611,Normal_asphalt,asphalt,excellent,True,1024,576,True,112352,a6153d87dbf173f42cfb4d591a52f1f95bd6c219332bc37552dbfaf56f7f66b6,data/raw/v2/streetsurfacevis/s_1024/166364865377611.jpg,101410265434782,1492187988000,
166676728615627,Normal_asphalt,asphalt,excellent,True,1024,480,True,44614,4e30cf40460c9de021acaed322b51e1699954083ff35fac86aec52514faac6c4,data/raw/v2/streetsurfacevis/s_1024/166676728615627.jpg,101658985409308,1554023140105,
1673154619534656,Normal_asphalt,asphalt,excellent,True,1024,576,True,72438,fe01d494abf72b7286ffb3052e2477ead19e7ab4db26c934adf5e43b1cb9991d,data/raw/v2/streetsurfacevis/s_1024/1673154619534656.jpg,101410265434782,1552216754000,
168021602302685,Normal_asphalt,asphalt,excellent,True,1023,575,False,127463,d8f7b8547744b04110801aa09eca49441d59318e55c7c539975d85b33c5c9982,data/raw/v2/streetsurfacevis/s_1024/168021602302685.jpg,109115837985025,1652886624699,
168225608554346,Unpaved_road,unpaved,bad,True,1024,768,True,260540,0b7dc145173076ba6cd15ccbdb6edb72990d7740f7d6e1b032045a12a5729452,data/raw/v2/streetsurfacevis/s_1024/168225608554346.jpg,110552844504419,1529585122000,
168226981983199,Unpaved_road,unpaved,bad,True,1024,768,True,230463,871bf6e5dbcf5f6e4828612aee28bbd0dd43c55458e5c32c64156621d8e440f4,data/raw/v2/streetsurfacevis/s_1024/168226981983199.jpg,103901361851883,1622206211000,
168413641779479,Normal_asphalt,asphalt,excellent,True,1024,768,True,102060,54a585fe8c9925158d6f50b1d573c700e55526a009d31a43681b509cc224ea57,data/raw/v2/streetsurfacevis/s_1024/168413641779479.jpg,103901361851883,1592507375000,
168451135203156,Unpaved_road,unpaved,bad,True,1023,576,False,201963,a8969fa8e8c572b7dea090db8e030bd9036c128f5dc8e71e50123e5da3c47ee2,data/raw/v2/streetsurfacevis/s_1024/168451135203156.jpg,110655437834109,1598899474000,
168585915191277,Unpaved_road,unpaved,bad,True,1024,768,True,278170,94b3160931144e40f25d5c42cded0110b881227ae2660cf7cf6b121ae1f59e4f,data/raw/v2/streetsurfacevis/s_1024/168585915191277.jpg,110552844504419,1534770713000,
168632125095917,Unpaved_road,unpaved,very_bad,True,1024,768,True,254422,acf779a52dad6479a01b71f2992deb509f08202b25ae5ff0f0ad912a268aac57,data/raw/v2/streetsurfacevis/s_1024/168632125095917.jpg,103901361851883,1617974878000,
1687228148426054,Unpaved_road,unpaved,very_bad,True,1024,576,True,157321,07fa1b64cc3fc4669ae291ccb49dda7245db2aaa35feb4925aff1f2ad0c8ee0a,data/raw/v2/streetsurfacevis/s_1024/1687228148426054.jpg,102468835332129,1686132694941,
1689868921185534,Normal_asphalt,asphalt,excellent,True,1024,768,True,175546,b1902bd874cb9387328511f8ef4c5f2f69ea29682397deb775e2e5fe94ef8cdf,data/raw/v2/streetsurfacevis/s_1024/1689868921185534.jpg,108354611399818,1601397060003,
1692926774505454,Normal_asphalt,asphalt,excellent,True,1024,576,True,84585,e34af81cf27edc560266ce1b497ad7b621ca180685fdc3ad964ca19a18baa5dc,data/raw/v2/streetsurfacevis/s_1024/1692926774505454.jpg,107483538696888,1693233450333,
169306641987298,Unpaved_road,unpaved,bad,True,1024,768,True,215684,8684db33524c6fc91ff7d181c21a96f63e03ffd0b648b345d65df0c4180c1b55,data/raw/v2/streetsurfacevis/s_1024/169306641987298.jpg,100232345559807,1630482209500,
169553388384274,Unpaved_road,unpaved,bad,True,1024,768,True,123925,5162660057e5c2171b16a4c040632348429ac9b9027fae676bbc3cebb492cdab,data/raw/v2/streetsurfacevis/s_1024/169553388384274.jpg,101592672083027,1450537319464,
169689125260188,Normal_asphalt,asphalt,excellent,True,1024,768,True,145541,4d778b22cb67e8ca290f8f33afb483c0900753bb2fa3d3345ed85be79b8c2561,data/raw/v2/streetsurfacevis/s_1024/169689125260188.jpg,100232345559807,1628757846500,
1697300817331430,Unpaved_road,unpaved,intermediate,True,1024,768,True,233053,db0f762bd78245f1a05c19a2a59764b59301326e59c89e3973a9159c7c4c2eac,data/raw/v2/streetsurfacevis/s_1024/1697300817331430.jpg,104115958497622,1676546975244,
170137798263282,Unpaved_road,unpaved,intermediate,True,1024,768,True,159327,9e67ee5b2f18ecbf275447a58341c6a0b09d3c29509eb2d95a3aff9811212fae,data/raw/v2/streetsurfacevis/s_1024/170137798263282.jpg,100562292188203,1601815946190,
1703611643183327,Unpaved_road,unpaved,bad,True,1024,768,True,139560,e536962002f0540c19b1a7e4eecd9b8987c5cb1c451c32ce2ba5e560da3ab4f8,data/raw/v2/streetsurfacevis/s_1024/1703611643183327.jpg,104261288481574,1531820727000,
1704032293317441,Unpaved_road,unpaved,intermediate,True,1024,576,True,221581,296ca4e4e572a6549fcc6502ecc71a0d49461a76053b9814871d152ba84a8376,data/raw/v2/streetsurfacevis/s_1024/1704032293317441.jpg,105373491703247,1665573917178,
1705658899640044,Normal_asphalt,asphalt,excellent,True,1024,768,True,97368,818c307dbe806fd5a6b759b9e9d9cf6fe32e0a6b1c854494acfcb40c721621c1,data/raw/v2/streetsurfacevis/s_1024/1705658899640044.jpg,100232345559807,1633336638500,
170847104962199,Unpaved_road,unpaved,bad,True,1024,768,True,85335,71a488971a8a15c7edc385d5addcfd516443e5702fc89d8035aad6c86954ec34,data/raw/v2/streetsurfacevis/s_1024/170847104962199.jpg,100232345559807,1586443575762,
171018134942725,Normal_asphalt,asphalt,excellent,True,1024,768,True,134233,b83f329e3ac981f48bea52fd2941d0dc8daedc664c01575ddaaa86e6eb56f57e,data/raw/v2/streetsurfacevis/s_1024/171018134942725.jpg,100474358864037,1570197648790,
171101224903399,Normal_asphalt,asphalt,excellent,True,1024,768,True,165324,2735153d28dcf827741d326199ef709287370a9eae5370c0f8370ce27300deb4,data/raw/v2/streetsurfacevis/s_1024/171101224903399.jpg,100562292188203,1458565270428,
171471178223682,Normal_asphalt,asphalt,excellent,True,1024,768,True,114862,79ed3c4aa267b3db8e33627f5296fb983c75492d6ca578473214ad7756118886,data/raw/v2/streetsurfacevis/s_1024/171471178223682.jpg,107998954769035,1584632040539,
171682324872854,Normal_asphalt,asphalt,excellent,True,1024,576,True,52142,a0125325cbbef2104067db08f6104b0cfd85fc262cc3d7ae8b2840163920fea6,data/raw/v2/streetsurfacevis/s_1024/171682324872854.jpg,102637281980350,1574514973020,
171827361391643,Normal_asphalt,asphalt,excellent,True,1024,768,True,114163,59f9b146dcd154bf5e46cc4ce6f400296ad971663d66868c728a439e36862fbf,data/raw/v2/streetsurfacevis/s_1024/171827361391643.jpg,105558841679641,1426425226000,
1722217794925800,Normal_asphalt,asphalt,excellent,True,1024,576,True,129922,c80991df0eec0328b19f5212e25adf3d501f394c5d683a8430bd79a1ce573839,data/raw/v2/streetsurfacevis/s_1024/1722217794925800.jpg,101320635449411,1700741267558,
1722790977893044,Normal_asphalt,asphalt,excellent,True,1024,576,True,79434,7290c45c3c9d867fa68107180a982a6d5161beed91ffa4997e228c76f9e728c5,data/raw/v2/streetsurfacevis/s_1024/1722790977893044.jpg,104393855131021,1569073330230,
1725400764299483,Normal_asphalt,asphalt,excellent,True,1024,768,True,167212,d653d61b4425d06ecf15a9ff475bf77b2ceb485b26c8914c72dd35e75586c231,data/raw/v2/streetsurfacevis/s_1024/1725400764299483.jpg,102627028648372,1558094974000,
1732405586944012,Unpaved_road,unpaved,bad,True,1024,768,True,160896,889dd2379ee3915fdc3e99dede4b0a880f0d5be51247afc9a9a6d8c9b4bf291d,data/raw/v2/streetsurfacevis/s_1024/1732405586944012.jpg,100284998883344,1429290619668,
174120257915737,Unpaved_road,unpaved,intermediate,True,1024,768,True,122431,9867e9eff45a99069885e69ea151d2d469a94d6b2144814acec0c74daad8e5be,data/raw/v2/streetsurfacevis/s_1024/174120257915737.jpg,110552844504419,1472037046000,
1743940159316031,Normal_asphalt,asphalt,excellent,True,1024,576,True,71654,2df2442d98cb89643dd435e79c77f08604f8ee3d92fcf2a5900f0efc3cca4ad9,data/raw/v2/streetsurfacevis/s_1024/1743940159316031.jpg,110756067822823,1665728799637,
1749591215248916,Unpaved_road,unpaved,bad,True,1024,768,True,218948,cef79c450342c44635462bf4ec0762ced2200ac61d1baa0a521729ee25ca2f9d,data/raw/v2/streetsurfacevis/s_1024/1749591215248916.jpg,100232345559807,1586613712962,
175125181186375,Normal_asphalt,asphalt,excellent,True,1024,576,True,89025,a94bac4f0d21d0a5aac2c45d1a86a272e544eee7f5182c4e422ae52b67ca5713,data/raw/v2/streetsurfacevis/s_1024/175125181186375.jpg,107074801530099,1615363904030,
175444921156849,Normal_asphalt,asphalt,excellent,True,1024,768,True,151001,131d6a78878df9ff2f5ce9a5261d20220e8803e7b3be14487e62d48225320668,data/raw/v2/streetsurfacevis/s_1024/175444921156849.jpg,108032388098594,1501490513000,
1756746257838384,Normal_asphalt,asphalt,excellent,True,1024,768,True,138556,c522f9ba3f6e318fba33c4bb3af32b3e7b928abfc3022d7dea317fb6d7373be6,data/raw/v2/streetsurfacevis/s_1024/1756746257838384.jpg,102627028648372,1564510012000,
1759401140908839,Unpaved_road,unpaved,intermediate,True,1024,768,True,219097,e326e6cd9c93199b6736abc83bf0dd7da6659226d790a6a9f8627c79f8b48b1a,data/raw/v2/streetsurfacevis/s_1024/1759401140908839.jpg,100232345559807,1602165475000,
176719851431162,Unpaved_road,unpaved,very_bad,True,1024,768,True,280182,47f5a2ee3c54ec147fc69a65aeddb9aac68bfd1ee1f06d73a45eb80dc18052d0,data/raw/v2/streetsurfacevis/s_1024/176719851431162.jpg,103901361851883,1658851262556,
176843411017208,Normal_asphalt,asphalt,excellent,True,1024,768,True,192754,b74103f6a1d15e6b8a84ab95e63e4636fbbc3881066642a29f4adf0d05e471f2,data/raw/v2/streetsurfacevis/s_1024/176843411017208.jpg,109930501241347,1597424821000,
177271444305014,Normal_asphalt,asphalt,excellent,True,1024,768,True,53467,8b170f8d1026d71add476f187883ced5eeef070a387febf9d943700d69eb53c2,data/raw/v2/streetsurfacevis/s_1024/177271444305014.jpg,107998954769035,1576418940236,
1776398555866159,Unpaved_road,unpaved,intermediate,True,1024,768,True,267599,87fdf22f7f1164b946c279f828412ddc7b9b9d7534ef0a273fce2517382cebe1,data/raw/v2/streetsurfacevis/s_1024/1776398555866159.jpg,100232345559807,1621502275000,
177712330812087,Unpaved_road,unpaved,intermediate,True,1024,768,True,224475,24f7419c656e4ca8c8f23abf82c36c398b6c88ff22e10443bdd00924c88a6df4,data/raw/v2/streetsurfacevis/s_1024/177712330812087.jpg,100232345559807,1592389325500,
1778700352335380,Normal_asphalt,asphalt,excellent,True,1024,768,True,101824,550c0a1b75fdd84ebb9d2a84c57e1a90deba36edaab593af29c47f0d2ee0f5c3,data/raw/v2/streetsurfacevis/s_1024/1778700352335380.jpg,100232345559807,1624376292000,
1779258139128907,Unpaved_road,unpaved,bad,True,1024,768,True,254089,9de67644bbeee7d6dde8aa7dffdad9db164cddf6dbd91e5ce9734a75d52aafe7,data/raw/v2/streetsurfacevis/s_1024/1779258139128907.jpg,100474358864037,1628430970838,
177976717546205,Unpaved_road,unpaved,bad,True,1024,768,True,195807,fa08339c60f7fba857b11584e80b261884b5f47be9903796799871b196776e18,data/raw/v2/streetsurfacevis/s_1024/177976717546205.jpg,100232345559807,1586443571261,
178055291819823,Unpaved_road,unpaved,bad,True,1024,768,True,140949,ec4faef0533cb258771c3fef597fb75f9584fef8fd1712845be0f8ad4cad9f64,data/raw/v2/streetsurfacevis/s_1024/178055291819823.jpg,101501306179555,1689101261000,
178416897504934,Unpaved_road,unpaved,intermediate,True,1024,768,True,228549,0bb9b2563eb4f712af69054e40e4a6ba25095d966ac304f9d70895b87b3fc33e,data/raw/v2/streetsurfacevis/s_1024/178416897504934.jpg,103165985261213,1589125464037,
1784945618354955,Unpaved_road,unpaved,very_bad,True,1024,768,True,105367,a1a9e6f44d615c213df66a5c5505afc7400d819074328a11eae9576a09c6de5d,data/raw/v2/streetsurfacevis/s_1024/1784945618354955.jpg,104261288481574,1471947588000,
178634100829425,Normal_asphalt,asphalt,excellent,True,1024,576,True,89919,b412081d90026213f3a52dc609e56fa6e8eb522eade40e0458d8c6b20cea2f9f,data/raw/v2/streetsurfacevis/s_1024/178634100829425.jpg,103606985215406,1606823503289,
1788061291589378,Normal_asphalt,asphalt,excellent,True,1024,768,True,126056,12638d55c703a17982aa5b71f789261881825b26a82ae28732caac57ccd30f1a,data/raw/v2/streetsurfacevis/s_1024/1788061291589378.jpg,104058601953691,1683296044551,
1790040321178374,Normal_asphalt,asphalt,excellent,True,1024,768,True,56718,4e672c4391e7c55c15554eb32d56cf1b4a58eae5dbc1e7e6b7a96a5378357976,data/raw/v2/streetsurfacevis/s_1024/1790040321178374.jpg,103470491896949,1562176584053,
1796317247454326,Normal_asphalt,asphalt,excellent,True,1024,768,True,160291,171234c6244f208e57c77c434c3625a109ece64b72dff9e2c8efcfa316ffb7ae,data/raw/v2/streetsurfacevis/s_1024/1796317247454326.jpg,102187028688979,1696324687000,
179774204036854,Unpaved_road,unpaved,bad,True,1024,768,True,267606,0cb5f3304b8e96dc6d24057001325bfeb267053599f29dc1fc507be454440a42,data/raw/v2/streetsurfacevis/s_1024/179774204036854.jpg,100474358864037,1618505134192,
179819791791115,Normal_asphalt,asphalt,excellent,True,1024,768,True,132845,ba0e627126f547cf6143dbb790c301d119d6feae1e48d650739025264a4e9bdd,data/raw/v2/streetsurfacevis/s_1024/179819791791115.jpg,104058601953691,1699190257449,
179825063913606,Normal_asphalt,asphalt,excellent,True,1024,768,True,186005,c353bfb1eb5e8f468eb3d1041b1df0f45f0483386cdc6c87b4569d512f3d6996,data/raw/v2/streetsurfacevis/s_1024/179825063913606.jpg,103719821870722,1522829916146,
179989287342510,Normal_asphalt,asphalt,excellent,True,1024,768,True,123538,65b7994d574c83c4eb2d5bf1ef863277792edd23486b0d1f17ff5f289e24c5cf,data/raw/v2/streetsurfacevis/s_1024/179989287342510.jpg,101106178803146,1570961308772,
180080824133579,Normal_asphalt,asphalt,excellent,True,1024,768,True,162437,45edf7fb5dde8deebfa1581194fb1d88522594d61ced28933a630ddcde54cb57,data/raw/v2/streetsurfacevis/s_1024/180080824133579.jpg,100232345559807,1623947252000,
1806383559541664,Unpaved_road,unpaved,bad,True,1024,767,True,208385,870053db95820b4eeda7a48601f084ccdfa15f8772cd6b6a175a6bf379ffe0b1,data/raw/v2/streetsurfacevis/s_1024/1806383559541664.jpg,106692581568242,1497111231000,
1812967375548960,Unpaved_road,unpaved,bad,True,1024,768,True,136893,626fa8f21c8d8a9d97dc2e1223d4304c86022049e2acf63b9117451562f0f25e,data/raw/v2/streetsurfacevis/s_1024/1812967375548960.jpg,108954524668583,1428067393000,
181308047218781,Normal_asphalt,asphalt,excellent,True,1024,576,True,120534,a9f51ce19a7b71f6c9ec6dfb76621370487d0def9a05e07926826fe281d2d272,data/raw/v2/streetsurfacevis/s_1024/181308047218781.jpg,103717708537985,1566285514730,
1819500258222058,Unpaved_road,unpaved,bad,True,1024,768,True,219143,6110eb59f35222e4ab078a10b906ace40bccb53f9148189dd45cf9100de0fb76,data/raw/v2/streetsurfacevis/s_1024/1819500258222058.jpg,101675185408053,1505481781878,
1819733158197871,Normal_asphalt,asphalt,excellent,True,1024,576,True,73406,a42833812790586c42fe341dac94c7a45ad5b96014c483eacbb15d2afc31223f,data/raw/v2/streetsurfacevis/s_1024/1819733158197871.jpg,105390378367361,1556114597333,
1820203835041528,Unpaved_road,unpaved,bad,True,1024,771,True,63807,6d2b1232decb4d0d98ceb5c013889c3a72d820a5f5acb0477a3a0556b79ea317,data/raw/v2/streetsurfacevis/s_1024/1820203835041528.jpg,107926401439810,1686069559820,
182136720714018,Unpaved_road,unpaved,intermediate,True,1024,768,True,181518,bf962daa2c394d2c2c870fd9ca67110aee065b2200f2b5c3bb23f5c502d08103,data/raw/v2/streetsurfacevis/s_1024/182136720714018.jpg,100232345559807,1632056850697,
182398843744212,Normal_asphalt,asphalt,excellent,True,1024,576,True,89631,b05204826ee42cef71275ce3f4c5e940abd750f6444c21ae845a2e6784592009,data/raw/v2/streetsurfacevis/s_1024/182398843744212.jpg,101937128714170,1522304169241,
182852974803431,Unpaved_road,unpaved,very_bad,True,1024,768,True,233841,3d6aab22e17223d1d9f82a5bcbdf147e2c4f88b5ae2cd90e152ca4f8b6341b23,data/raw/v2/streetsurfacevis/s_1024/182852974803431.jpg,103901361851883,1691150876498,
1833633910388861,Normal_asphalt,asphalt,excellent,True,1024,576,True,84675,bad42655ffd74555e85211532ad4f12427217d3e765077f6fd75e226458566c6,data/raw/v2/streetsurfacevis/s_1024/1833633910388861.jpg,106302451607225,1700040437080,
183460220337090,Unpaved_road,unpaved,bad,True,1024,768,True,142581,87fa172eb6c5b4a1cb3ba6c9dce342b853e4fb97a205c9856943524a76b8f91d,data/raw/v2/streetsurfacevis/s_1024/183460220337090.jpg,102532525320329,1565550184000,
1843718875784238,Unpaved_road,unpaved,bad,True,1024,768,True,239672,29067decfd9bb5e26fc83ef9cbde92eaa403c05ec7ec7290fbf15b0a9e00f4a8,data/raw/v2/streetsurfacevis/s_1024/1843718875784238.jpg,100232345559807,1592388953500,
1846079928903994,Unpaved_road,unpaved,very_bad,True,1024,576,True,154380,a6c7a381ed88eb4be031ab63dd68657edd2527e94d62cb4390c2db9d00bacf79,data/raw/v2/streetsurfacevis/s_1024/1846079928903994.jpg,108954524668583,1492344278000,
1856372577860378,Normal_asphalt,asphalt,excellent,True,1024,576,True,83354,4f97dbf9fbc46301ad39b56f6b9c11b99e41c8b5908fc194bfa326fb5a06d2fe,data/raw/v2/streetsurfacevis/s_1024/1856372577860378.jpg,109673317932619,1531731454245,
1857836624372510,Normal_asphalt,asphalt,excellent,True,1024,768,True,214515,a8ad884009f86a95164b3ef17426ed34d136dfa8bf9adf06d9ed9bce9bf8b6e4,data/raw/v2/streetsurfacevis/s_1024/1857836624372510.jpg,109115837985025,1564836744000,
186111441146131,Unpaved_road,unpaved,bad,True,1024,768,True,160521,4fdef4778b152d98a21a598257c96ab8ca52eb8ec187f8bd7fd32b0f2cb97850,data/raw/v2/streetsurfacevis/s_1024/186111441146131.jpg,101834042469155,1691579079048,
1862273630604558,Normal_asphalt,asphalt,excellent,True,1024,768,True,146415,d4a748d9f8c8e87cff1040edfc6f0cb0e89667a9a45afcc7346a8add6efbbccf,data/raw/v2/streetsurfacevis/s_1024/1862273630604558.jpg,108032388098594,1526925161000,
186854826636275,Unpaved_road,unpaved,very_bad,True,1024,768,True,157449,e84fe4469b9d166558348a690b9ea27ba55c4c4c6615e3747d6f5bc4aef86eac,data/raw/v2/streetsurfacevis/s_1024/186854826636275.jpg,101202915459964,1569073072000,
186993463184064,Normal_asphalt,asphalt,excellent,True,1024,768,True,113056,cf5c0262fadbfcc4d9ee3223325fceb918e48034323c33e3fc8525a4a0aae941,data/raw/v2/streetsurfacevis/s_1024/186993463184064.jpg,102609045317136,1538327029000,
187285166587562,Normal_asphalt,asphalt,excellent,True,1024,768,True,90597,46ba28476e553d4014c9e868e79104b9e14487a8549cf587f0803b7d0fb370f7,data/raw/v2/streetsurfacevis/s_1024/187285166587562.jpg,103078715264357,1572180039116,
187811569886501,Normal_asphalt,asphalt,excellent,True,1024,768,True,148274,014a7d70e4e28f00316679a874c0f1d49715a69f2b2b5b3cba1b1662279086ec,data/raw/v2/streetsurfacevis/s_1024/187811569886501.jpg,109115837985025,1530959691000,
188232184088338,Unpaved_road,unpaved,bad,True,1024,576,True,112936,ccbec1e6815518d6a54742578b27c3a9e3a5455e181e57cf71c1ebbe54218b61,data/raw/v2/streetsurfacevis/s_1024/188232184088338.jpg,102468835332129,1683027568443,
188560569790547,Unpaved_road,unpaved,bad,True,1024,768,True,157016,b439ce530fa964eec8f94c488881ccf92d200ad3b8f2a2c58e75662ba850086e,data/raw/v2/streetsurfacevis/s_1024/188560569790547.jpg,101202915459964,1569073087000,
188738389995519,Unpaved_road,unpaved,intermediate,True,1024,768,True,196530,c12c3324877d7e618b32f275a410476867389735bac12308888d6f8cae7b1159,data/raw/v2/streetsurfacevis/s_1024/188738389995519.jpg,102468835332129,1631363750616,
188751079754347,Unpaved_road,unpaved,very_bad,True,1024,768,True,221017,6d62764f377dea06fbfd10768f0d90dc892cb68b31e06b5a286534a3397db3f6,data/raw/v2/streetsurfacevis/s_1024/188751079754347.jpg,110562521169809,1436551356000,
188802550315324,Unpaved_road,unpaved,bad,True,1024,896,True,288097,da958a47cceefa6eb570240e0b618244dda717ab0aad656cb343c302c36e160a,data/raw/v2/streetsurfacevis/s_1024/188802550315324.jpg,104115958497622,1666698333015,
1891652147680046,Unpaved_road,unpaved,intermediate,True,1024,768,True,94222,631156df90e90ccf52521cbf392dbe86a5ccd11771eb1a44bfb2c3fc2c2575c5,data/raw/v2/streetsurfacevis/s_1024/1891652147680046.jpg,100232345559807,1631168449239,
189762016325577,Normal_asphalt,asphalt,excellent,True,1023,764,False,120556,aa7286daa9e367277cf3fa3457817435469fdbad09f975e890b181fd01514349,data/raw/v2/streetsurfacevis/s_1024/189762016325577.jpg,109115837985025,1472897195454,
189778079725332,Normal_asphalt,asphalt,excellent,True,1024,768,True,108306,ebb797fb75cee384b5c743650a9e500bac44bb897c312e0674f1608e72ce7e72,data/raw/v2/streetsurfacevis/s_1024/189778079725332.jpg,103269255245284,1427107145192,
1904094386428151,Unpaved_road,unpaved,bad,True,1024,768,True,144251,bdfe92cadb8a5d17aa463df8a5fb5481fc63cd17ca33c102f29832d03a4c551f,data/raw/v2/streetsurfacevis/s_1024/1904094386428151.jpg,100232345559807,1611304775159,
1910405722469500,Unpaved_road,unpaved,bad,True,1024,768,True,125343,915679452fd0d5dec4d63951d9e9933b362d4daf88b2960591196df61ff9746b,data/raw/v2/streetsurfacevis/s_1024/1910405722469500.jpg,100232345559807,1614779554965,
1912678515558699,Normal_asphalt,asphalt,excellent,True,1024,768,True,141627,008c6eaf1952b3f0a219ad11b3e09c723d35e8b961f0ddf6ff7e30683034e439,data/raw/v2/streetsurfacevis/s_1024/1912678515558699.jpg,100232345559807,1592393593000,
191320360011007,Normal_asphalt,asphalt,excellent,True,1024,768,True,173054,e6012cb63809b64a325bc922d5cd7b2e865a58db014d22da64c9acde253f9b0d,data/raw/v2/streetsurfacevis/s_1024/191320360011007.jpg,102609045317136,1660405894000,
191991792886663,Unpaved_road,unpaved,intermediate,True,1024,768,True,121148,a4d5d7c0a53bcfcc6b8d6c655edf4c256595ae145ba237de116981222aae0263,data/raw/v2/streetsurfacevis/s_1024/191991792886663.jpg,100232345559807,1626328999213,
1926081894236263,Unpaved_road,unpaved,bad,True,1024,1834,True,714663,aab02a044037bcd8404d8ad4912e64382791c7a496bf15097dc84a71cb06ff3c,data/raw/v2/streetsurfacevis/s_1024/1926081894236263.jpg,103079161935557,1586877062130,
1931077070594607,Normal_asphalt,asphalt,excellent,True,1024,576,True,52500,5e45c6a3da4f2e3f6404e5f8fbc37ea930044477ed8c3419031f79f8a856cc40,data/raw/v2/streetsurfacevis/s_1024/1931077070594607.jpg,100474358864037,1688210285697,
193110469302229,Normal_asphalt,asphalt,excellent,True,1024,768,True,128554,bc612fdb66970a85b00ab7ca161d6c6ec0fa771fa5bc132b4cf3c957ebab130f,data/raw/v2/streetsurfacevis/s_1024/193110469302229.jpg,110562521169809,1415362063000,
1933480840135390,Normal_asphalt,asphalt,excellent,True,1024,768,True,120287,76524701f6416dbfcdf543a2564c438ff30d8b8a652ee6db19a483525517eb77,data/raw/v2/streetsurfacevis/s_1024/1933480840135390.jpg,110552844504419,1527081648000,
1935704469913780,Normal_asphalt,asphalt,excellent,True,1024,576,True,114879,21ed40a95383ea84744e4c8f78965831c4481a7c0b8a0258d230e670f0a5f059,data/raw/v2/streetsurfacevis/s_1024/1935704469913780.jpg,103849365191813,1620465802533,
194050879220460,Normal_asphalt,asphalt,excellent,True,1024,768,True,198427,441163f85bede53602c79947304dc6be808fc7d1a7b3db87d6760a278db36905,data/raw/v2/streetsurfacevis/s_1024/194050879220460.jpg,108727694691996,1555579600283,
1946275238856744,Unpaved_road,unpaved,intermediate,True,1024,768,True,199337,390092fb441c2a22daee9ea54ff2be1e61e5dbed0841159e85d0f9615748ad38,data/raw/v2/streetsurfacevis/s_1024/1946275238856744.jpg,110552844504419,1492953398000,
194675865810068,Normal_asphalt,asphalt,excellent,True,1024,576,True,67190,716eda617924b2d0c7b677b121a9cb78db278d6e0e36c8b866fab0fb7f90cf72,data/raw/v2/streetsurfacevis/s_1024/194675865810068.jpg,101410265434782,1523127732000,
194714696769750,Normal_asphalt,asphalt,excellent,True,1024,768,True,174174,b22b93106f0d82f48c7423499da664abe4ac8425e86daad251bea3c32d740f0c,data/raw/v2/streetsurfacevis/s_1024/194714696769750.jpg,104115958497622,1683900165634,
195120766184235,Normal_asphalt,asphalt,excellent,True,1024,768,True,189129,8c59fe2d6b3d1aa3a0eb65f06df180c015e053893e4c21bf456fc6dd21d6b5bf,data/raw/v2/streetsurfacevis/s_1024/195120766184235.jpg,100232345559807,1658059033000,
1951242921716100,Normal_asphalt,asphalt,excellent,True,1024,768,True,122517,2052106f21efe1a0ffcd87c630d52d9985b546c837fa4930dbfecb3c55ede0f3,data/raw/v2/streetsurfacevis/s_1024/1951242921716100.jpg,108954524668583,1480757010000,
195270742797005,Normal_asphalt,asphalt,excellent,True,1024,768,True,73783,83663df01115bc1187fc0cb6d3f3a85d0b72dcf59f3db964e03c19c07e1344f2,data/raw/v2/streetsurfacevis/s_1024/195270742797005.jpg,100232345559807,1638194506243,
1953851921490269,Unpaved_road,unpaved,bad,True,1022,460,False,115032,bfa18279170c251184cc5da7503cb04cab22b885fc9026beea226d26a90e3826,data/raw/v2/streetsurfacevis/s_1024/1953851921490269.jpg,102468835332129,1654515757933,
196051056834852,Normal_asphalt,asphalt,excellent,True,1024,768,True,122002,a96a36c4cdbcdeaf7725727149a60577f10bd5e8395d6c8cc4f5d0b468425f9d,data/raw/v2/streetsurfacevis/s_1024/196051056834852.jpg,102976398952710,1700998999338,
196175518995686,Unpaved_road,unpaved,intermediate,True,1024,768,True,204745,f6704e6c9d5a2571919bdc2435699fb065f51aa55dbcbad30cd1fd60e53e91f1,data/raw/v2/streetsurfacevis/s_1024/196175518995686.jpg,102609045317136,1614248533000,
196222005656732,Unpaved_road,unpaved,very_bad,True,1024,576,True,174398,fa35ad1cbe6b6dbe78cac541078ee3ef12a98324d0724ae7b7dc2b9150a06096,data/raw/v2/streetsurfacevis/s_1024/196222005656732.jpg,101020912145314,1587913810444,
196310018979669,Normal_asphalt,asphalt,excellent,True,1024,768,True,121829,20bc349104d95c35b6782ee77cccf8dc55e20aaff69e4851cfa31d84b983a862,data/raw/v2/streetsurfacevis/s_1024/196310018979669.jpg,109752671252812,1617704860049,
1964334537048617,Normal_asphalt,asphalt,excellent,True,1024,768,True,73900,2ba3eee060bc510b18b3a7935bcfc6034ce2ee2df6c8ad60983a3855d171ce63,data/raw/v2/streetsurfacevis/s_1024/1964334537048617.jpg,104498841786879,1561488279599,
196735465622056,Normal_asphalt,asphalt,excellent,True,1024,576,True,76617,fb98ccfeb599001abbb32221616951939ca845735a25128473ffe1b8b74fd07c,data/raw/v2/streetsurfacevis/s_1024/196735465622056.jpg,109673317932619,1559720925188,
196798606341462,Unpaved_road,unpaved,intermediate,True,1022,460,False,97812,d295f4dabc173656ed62602bf98d389119907f0b949eefa5298ca41d9a155847,data/raw/v2/streetsurfacevis/s_1024/196798606341462.jpg,102468835332129,1674996597535,
196798938945460,Normal_asphalt,asphalt,excellent,True,1024,576,True,117395,591b2f65425b16d49909d38ebc42f292b54cdaca6d3021641cdfc6a51972c758,data/raw/v2/streetsurfacevis/s_1024/196798938945460.jpg,103080845264750,1592669836000,
1969959756494789,Normal_asphalt,asphalt,excellent,True,1024,576,True,65625,bb67c064b60554657ab7a41d15e38b5b28e553a4480b22556395b29455173bac,data/raw/v2/streetsurfacevis/s_1024/1969959756494789.jpg,111394384425046,1542547453819,
1971935516323908,Normal_asphalt,asphalt,excellent,True,1024,768,True,84668,d22343c3356f9676fcd54e748f1a50944fb30e4b53dfcccc9d62f27c6ee8bf29,data/raw/v2/streetsurfacevis/s_1024/1971935516323908.jpg,108989461335930,1580556013190,
197494732097614,Normal_asphalt,asphalt,excellent,True,1024,768,True,208592,63bb8dd7a1d8440e40d0596c53c2119d69b67336e837616dca3dca5777ce133f,data/raw/v2/streetsurfacevis/s_1024/197494732097614.jpg,110282201203825,1591194992087,
197845428667751,Normal_asphalt,asphalt,excellent,True,1024,576,True,166614,c27a8bc4232998b3c8c7a8ee3f1f0af4678cb095561b0af83aeedc9d509660be,data/raw/v2/streetsurfacevis/s_1024/197845428667751.jpg,108954524668583,1524325391000,
197932589232587,Unpaved_road,unpaved,very_bad,True,1022,460,False,104627,6eb550b1b5e06ae33f052475377980916d16ac8e7cbad66f392bb3495cd00415,data/raw/v2/streetsurfacevis/s_1024/197932589232587.jpg,102468835332129,1661667933932,
200101301935982,Unpaved_road,unpaved,bad,True,1024,768,True,194124,2789585c1824ac16c4218654399ed18afb1f5cca401ccd316b02f1eed104abb4,data/raw/v2/streetsurfacevis/s_1024/200101301935982.jpg,102124648700555,1567795665000,
200108398909146,Normal_asphalt,asphalt,excellent,True,1024,576,True,59235,43fb7ac5369726d565931e2371bf9d51071292cabab57889fd0a9337ce7602bd,data/raw/v2/streetsurfacevis/s_1024/200108398909146.jpg,100552742194590,1631799784785,
200624508544657,Unpaved_road,unpaved,very_bad,True,1024,768,True,290867,a55ddf32f131c73d0fa3beff9e6cef551b94f7af9c31efab31915451b104c579,data/raw/v2/streetsurfacevis/s_1024/200624508544657.jpg,100474358864037,1564931993000,
200847739514606,Unpaved_road,unpaved,bad,True,1024,768,True,234725,4b6849a91b3f064be0eeacdf957facb0a8c725d18287d810b08776b7156eb977,data/raw/v2/streetsurfacevis/s_1024/200847739514606.jpg,100848386175544,1685376158632,
201293442201256,Normal_asphalt,asphalt,excellent,True,1024,576,True,51896,d1265531a0f4e0bc7d6c04959de51cde67e28295fcd6aaf320481a6ad47d09c3,data/raw/v2/streetsurfacevis/s_1024/201293442201256.jpg,102621261983213,1638695568059,
201465464937816,Normal_asphalt,asphalt,excellent,True,1024,768,True,68778,addee173e9eca25ce772e64f910de334af964bac43edaf698045978fb9e896a4,data/raw/v2/streetsurfacevis/s_1024/201465464937816.jpg,108954524668583,1438931538503,
2015424965277426,Unpaved_road,unpaved,intermediate,True,1024,768,True,107572,f171e44c408c3eaf771fdcc4d0707366572d46824ad5c3468fed449a28624934,data/raw/v2/streetsurfacevis/s_1024/2015424965277426.jpg,104588561782152,1567579314084,
201762172713862,Normal_asphalt,asphalt,excellent,True,1024,768,True,133066,2bae78ed685ec36e2bd28b8a23f3b6852afb2b00e6e6675b0062479643e5ac98,data/raw/v2/streetsurfacevis/s_1024/201762172713862.jpg,102609045317136,1683467342000,
201812028841204,Normal_asphalt,asphalt,excellent,True,1024,576,True,87679,c1578e6936cad50a9a93fc0fb5da5d025acda3d48744a5632c83df99dc00f05e,data/raw/v2/streetsurfacevis/s_1024/201812028841204.jpg,103002865535155,1654609599131,
201999914870482,Normal_asphalt,asphalt,excellent,True,1024,768,True,140244,44d227784c9c63d4f58bf036e6dd144f9445ff2542f769dcc73f7bb15b3e5f07,data/raw/v2/streetsurfacevis/s_1024/201999914870482.jpg,110593971165886,1462611839518,
202306548442854,Normal_asphalt,asphalt,excellent,True,1024,576,True,92089,8140f56f4cfb19b0b4dfe554d5f2ce474f124e749f991973c1a7e81d7cec926e,data/raw/v2/streetsurfacevis/s_1024/202306548442854.jpg,105082775066440,1621669231000,
202384051529209,Unpaved_road,unpaved,intermediate,True,1024,576,True,158198,55f9d4952d5f36d21ebebd327f734921a06fc806470c8036c2e32028e4696e18,data/raw/v2/streetsurfacevis/s_1024/202384051529209.jpg,103801905195060,1492523577000,
203511432047521,Normal_asphalt,asphalt,excellent,True,1024,576,True,98978,d0f7a666da8cec1ebbe8b89e70c79067e0f8219a12c6422bab165ac34647047e,data/raw/v2/streetsurfacevis/s_1024/203511432047521.jpg,107765738126751,1667485362018,
204492278323126,Unpaved_road,unpaved,very_bad,True,1024,768,True,158664,58263d62e6c2b199a8fc76631c8d555fca9b4e51be5320a72838bf667d7c1555,data/raw/v2/streetsurfacevis/s_1024/204492278323126.jpg,103901361851883,1631623866000,
204709089168825,Normal_asphalt,asphalt,excellent,True,1024,768,True,158185,a6b7a80f0eeac7995ceca66926f1ad517aca9e77f69ce1ba98b9d0f594358663,data/raw/v2/streetsurfacevis/s_1024/204709089168825.jpg,102609045317136,1684681815000,
204913651447887,Normal_asphalt,asphalt,excellent,True,1024,768,True,183592,7cbc2c8e4e56a46750d6d01af4ac666789b1f915321bf99e1d6ab2474eb720db,data/raw/v2/streetsurfacevis/s_1024/204913651447887.jpg,110756067822823,1591102466350,
205144084618697,Unpaved_road,unpaved,intermediate,True,1024,768,True,165964,ed5e56545ca1e28252faef165133c862b59ed747fb495b38161b9038eea2e3ec,data/raw/v2/streetsurfacevis/s_1024/205144084618697.jpg,102627028648372,1563628431000,
206778097700235,Normal_asphalt,asphalt,excellent,True,1024,768,True,77277,4965c97e19f204511c3e642a0ee34eabfd5ef5b6723b4406bc197d26db058dc3,data/raw/v2/streetsurfacevis/s_1024/206778097700235.jpg,106635121573615,1460979296161,
207259120994751,Normal_asphalt,asphalt,excellent,True,1024,768,True,73042,86ac72e1c6103203a6e7290850546f85425cd4350e6c87809924270488180e8b,data/raw/v2/streetsurfacevis/s_1024/207259120994751.jpg,108954524668583,1491806567000,
2088402101319955,Unpaved_road,unpaved,bad,True,1024,768,True,141407,6bd725b38bbcd28d2da271bd91396f6dd93484f4b72a3cf1670668462bc6d77a,data/raw/v2/streetsurfacevis/s_1024/2088402101319955.jpg,110282201203825,1615805498355,
209478385347306,Normal_asphalt,asphalt,excellent,True,1024,768,True,121747,4286a9ffc7e74999f3bb7a0113dd3394a2a6d4953548f76eabe4e5cea1fedde8,data/raw/v2/streetsurfacevis/s_1024/209478385347306.jpg,103658281877634,1685868704765,
210337280902669,Normal_asphalt,asphalt,excellent,True,1024,768,True,100746,45f93eb291961cd69cd1ee0c1f305984a6fc937c12262bdad09828b9b3c1845c,data/raw/v2/streetsurfacevis/s_1024/210337280902669.jpg,103345768575080,1497879834001,
211041553951060,Unpaved_road,unpaved,intermediate,True,1024,768,True,165839,09ab5a333033522108fe04817fe4d34e7af8fdf05b6e3645a362074d038e1c1d,data/raw/v2/streetsurfacevis/s_1024/211041553951060.jpg,100268992218434,1594563302000,
211159174163596,Normal_asphalt,asphalt,excellent,True,1024,576,True,71586,b2c820ded1fda014b3d623fa00193c40a685945696f8cf6c4ee850d9a65e40da,data/raw/v2/streetsurfacevis/s_1024/211159174163596.jpg,107998954769035,1620061826833,
211508723777123,Normal_asphalt,asphalt,excellent,True,1024,768,True,74242,b41afbcfd515befe2b069fb3ec51c0d9ed9527ffd85c269f81ebc0b028fda0c8,data/raw/v2/streetsurfacevis/s_1024/211508723777123.jpg,106493178251336,1398083421000,
2126338967556616,Normal_asphalt,asphalt,excellent,True,1024,768,True,66990,3441dd500d66466f2233712cd5be58513c579bf9d8551e37dbf877bff88f20c5,data/raw/v2/streetsurfacevis/s_1024/2126338967556616.jpg,102880981956943,1684650573189,
212746900312291,Normal_asphalt,asphalt,excellent,True,1024,768,True,194443,622b9b82a890a59c582a1c20f148e862f23f942d846f8495af34938cd5f27c99,data/raw/v2/streetsurfacevis/s_1024/212746900312291.jpg,102532525320329,1442598617977,
212962303722906,Normal_asphalt,asphalt,excellent,True,1024,768,True,139388,cfe08281b0091444bf61a2a7c61162af931d37ebc1b371b371d1e3174c9f5521,data/raw/v2/streetsurfacevis/s_1024/212962303722906.jpg,106639358240162,1545991391442,
213119186918349,Normal_asphalt,asphalt,excellent,True,1024,768,True,93834,a57411c138aee75a2dfb9ed94a1d95f442dd84e940f06cfd140c58d15dc6bed7,data/raw/v2/streetsurfacevis/s_1024/213119186918349.jpg,106819038218481,1401538279000,
213914773884027,Unpaved_road,unpaved,bad,True,1024,768,True,156740,0a6fd6dcc912a13373f77b21add845d3d4e35ffd62e07ebb9c1efbe09055d28f,data/raw/v2/streetsurfacevis/s_1024/213914773884027.jpg,100232345559807,1622372060272,
214036046971434,Normal_asphalt,asphalt,excellent,True,1024,576,True,176464,eabeda878cee8dea977c6f9cccee1fce84804cddd061d368fc0b34b1dba81849,data/raw/v2/streetsurfacevis/s_1024/214036046971434.jpg,103080845264750,1617193066000,
214955663375850,Normal_asphalt,asphalt,excellent,True,576,768,False,60598,75551459a03b7ba06f95c000ad9fa30e8fc253db62396a97d2545fd1d63873c7,data/raw/v2/streetsurfacevis/s_1024/214955663375850.jpg,106432638256792,1397204622000,
2155842498048573,Unpaved_road,unpaved,intermediate,True,1023,575,False,180699,c708ad5141afa1605436719321628a7369208a528247d166e32cb77c6d0487a2,data/raw/v2/streetsurfacevis/s_1024/2155842498048573.jpg,109115837985025,1622561303069,
2158675707619495,Unpaved_road,unpaved,bad,True,1024,768,True,235649,610025e45465a1687690c89a625764411cf58746c23c0a660c33abb8c10d902b,data/raw/v2/streetsurfacevis/s_1024/2158675707619495.jpg,110282201203825,1636797630042,
2158772660932193,Unpaved_road,unpaved,intermediate,True,1024,768,True,234210,595b06ab09f0b2c5b8d1abb10f5dc4de2f07cb3966c04118c242f36efcaef658,data/raw/v2/streetsurfacevis/s_1024/2158772660932193.jpg,110552844504419,1526648615000,
215975740041553,Unpaved_road,unpaved,very_bad,True,1024,768,True,290116,f8f806271d19b6eb17e6db3d0652b6657d79c9a723bdcdb75d1d1e2e735f9411,data/raw/v2/streetsurfacevis/s_1024/215975740041553.jpg,110552844504419,1534770784000,
216189813650730,Normal_asphalt,asphalt,excellent,True,1024,576,True,32642,036fa80a7e69ee12763beec69d58b1818c1799f4e1cb20c66d4c6e540594a1f1,data/raw/v2/streetsurfacevis/s_1024/216189813650730.jpg,105082775066440,1607056482500,
216923050347598,Normal_asphalt,asphalt,excellent,True,1024,576,True,96282,1aec008aac8159b3dc5204216ab76c4dd427a89ef29a95fc1ab89bbdc96a5acd,data/raw/v2/streetsurfacevis/s_1024/216923050347598.jpg,105082775066440,1627735828500,
216978739949083,Normal_asphalt,asphalt,excellent,True,1024,768,True,130094,3eccbd2ae0ade1ef94df38540bed28570e6a76fda175a76a494b04263edc098c,data/raw/v2/streetsurfacevis/s_1024/216978739949083.jpg,107998954769035,1586516114795,
217863066506039,Unpaved_road,unpaved,very_bad,True,1024,576,True,142727,490f0ed4346ff350e873a3929c273c8ecee9f745d25365dc0f472b44d17be229,data/raw/v2/streetsurfacevis/s_1024/217863066506039.jpg,105621578345075,1560405858950,
217980104208354,Normal_asphalt,asphalt,excellent,True,1024,771,True,94626,2881713ee48b1d559255bc25900893949c5df94e1bf46f333e35380ef7abeff1,data/raw/v2/streetsurfacevis/s_1024/217980104208354.jpg,119603964407119,1691606615458,
218256593004602,Normal_asphalt,asphalt,excellent,True,1024,768,True,117895,a90bbd5d0f9c5a6fc8bfaa2859d9bbd65f387d265b50d707e4829a28fc7a07dd,data/raw/v2/streetsurfacevis/s_1024/218256593004602.jpg,105534541681944,1439727595766,
219088216650134,Unpaved_road,unpaved,intermediate,True,1024,768,True,201817,b0a1a90144951fac5cdc0ccd2fc233ea1e10050c9b5a1ecbce3eb30a5c547763,data/raw/v2/streetsurfacevis/s_1024/219088216650134.jpg,106432638256792,1397636819000,
219240430898577,Unpaved_road,unpaved,bad,True,1024,576,True,110755,268c7ded06e8db691f9f249a0d5e21de128a555e696897e8e3494c8fc48c5ee3,data/raw/v2/streetsurfacevis/s_1024/219240430898577.jpg,102468835332129,1685358522268,
219281743937793,Normal_asphalt,asphalt,excellent,True,1024,576,True,116959,3240d0c323bc77c257144c1e50b06dff48edb359b7379660afcab691abc7c5d6,data/raw/v2/streetsurfacevis/s_1024/219281743937793.jpg,100474358864037,1688830857089,
219429470898089,Unpaved_road,unpaved,very_bad,True,1024,576,True,116283,dd53b18b3ccf2c2afe4fa6aaefceaa2c4a439a0d243b64a649539a508cba94ee,data/raw/v2/streetsurfacevis/s_1024/219429470898089.jpg,102468835332129,1686140101271,
219443166354731,Normal_asphalt,asphalt,excellent,True,1024,768,True,144639,89aff5aed57da2fc945e0b08c75ae98ee0f7c2e5e7ab276eb473d6dcb32dfd03,data/raw/v2/streetsurfacevis/s_1024/219443166354731.jpg,102627028648372,1564231371000,
220614323199168,Unpaved_road,unpaved,very_bad,True,1024,768,True,194285,f1e3f5bba0444ec9d0bbabad8fe518e253a079a2a1eaa8d8ea47e747eb44ccf9,data/raw/v2/streetsurfacevis/s_1024/220614323199168.jpg,110552844504419,1534770924000,
221105849346042,Normal_asphalt,asphalt,excellent,True,1024,576,True,68557,a990c26854e89ec25b40f296f3dd30bd24046d2949e7db8e47d8d7d90ef0eb88,data/raw/v2/streetsurfacevis/s_1024/221105849346042.jpg,101658985409308,1457265445253,
221298120104524,Unpaved_road,unpaved,intermediate,True,1024,768,True,227656,036b19847b45d3e5c69c79787db8ffad920b7b440886fb9e8181868037ce3127,data/raw/v2/streetsurfacevis/s_1024/221298120104524.jpg,100268992218434,1635439100000,
221442019819769,Unpaved_road,unpaved,very_bad,True,1024,768,True,205021,7d7ac1317bbc6677262e6991a57c58fe70770b276170386c9e26d5af28081a87,data/raw/v2/streetsurfacevis/s_1024/221442019819769.jpg,103901361851883,1619878859000,
2231418103721236,Normal_asphalt,asphalt,excellent,True,1023,575,False,130848,39ba823e1b03316ea2b3b2731aba52a8b9c4ad5972790be028a1c2627d365836,data/raw/v2/streetsurfacevis/s_1024/2231418103721236.jpg,109115837985025,1698072790900,
223339330154800,Normal_asphalt,asphalt,excellent,True,1024,896,True,131652,afee5bf12741005ae40e1136643604270969ceeab527d503fcffceb8897a49dd,data/raw/v2/streetsurfacevis/s_1024/223339330154800.jpg,104115958497622,1673879152681,
224277172442835,Unpaved_road,unpaved,bad,True,1024,768,True,96825,882e0ff425018c111679d538b6502c519015d7eeac156cb64f7d545d1c60dcc7,data/raw/v2/streetsurfacevis/s_1024/224277172442835.jpg,100232345559807,1586614453208,
2243419925791145,Normal_asphalt,asphalt,excellent,True,1024,768,True,99503,34afe23a22027a7480a900ce9152da93b2076cab61fb93c9519473be24ca25f6,data/raw/v2/streetsurfacevis/s_1024/2243419925791145.jpg,106493178251336,1397577032000,
2245216815631355,Unpaved_road,unpaved,bad,True,1022,460,False,174245,5521b3652cdd65e9d6fe51ba43942a92c5ce3eae82415cf3d66ec61831dbc1ee,data/raw/v2/streetsurfacevis/s_1024/2245216815631355.jpg,102468835332129,1652882097881,
224655839487257,Normal_asphalt,asphalt,excellent,True,1024,768,True,168133,a0c05a4c3208925d02acfd80cd6b979a76b1813adfb816a374bf13899b295f17,data/raw/v2/streetsurfacevis/s_1024/224655839487257.jpg,102627028648372,1624787266000,
225371753520601,Unpaved_road,unpaved,bad,True,1024,768,True,264437,cf2100c667f36bb9e90b80b04c7ca7197dc12c1182b2f8744e9bb8b47fe2800f,data/raw/v2/streetsurfacevis/s_1024/225371753520601.jpg,106491461588840,1683140664500,
225415458918976,Unpaved_road,unpaved,bad,True,1024,768,True,265188,961fd8567c1e7c908d286afcb6753585b1fab4152574d8ffe6b0c622ac7c804a,data/raw/v2/streetsurfacevis/s_1024/225415458918976.jpg,110552844504419,1507909476000,
2259129147552310,Normal_asphalt,asphalt,excellent,True,1023,578,False,114554,38da4ef2966d0c2978b5d5bdd22c335d19453f329da4a42bdc75d018c3c15ae2,data/raw/v2/streetsurfacevis/s_1024/2259129147552310.jpg,101658985409308,1492165681060,
226090252312622,Normal_asphalt,asphalt,excellent,True,1024,768,True,152351,d39af29f89d85efe50d273cc9c0d06d6a735cc9350f61edeccdb3674198f6c69,data/raw/v2/streetsurfacevis/s_1024/226090252312622.jpg,109115837985025,1566647961000,
226960012352812,Unpaved_road,unpaved,intermediate,True,1024,768,True,129604,4585cb6fe0a018c8810abc6e1c7167fcfb01b68a4b599ead58162a53d830c236,data/raw/v2/streetsurfacevis/s_1024/226960012352812.jpg,102124648700555,1621096152000,
2273745339436121,Normal_asphalt,asphalt,excellent,True,1024,768,True,208942,abb4d512c8f4d1bafab63cc2c142bd8db5157d8bab71e204cfb7932ebce38c9c,data/raw/v2/streetsurfacevis/s_1024/2273745339436121.jpg,108965508000110,1438619975060,
227460802064976,Unpaved_road,unpaved,bad,True,1024,768,True,113385,4fb0296264f988e8bbbe3137b6fb6405a3c6eb9ec5450edf9438a6b6e041de8e,data/raw/v2/streetsurfacevis/s_1024/227460802064976.jpg,104498841786879,1567959434676,
2293015604232047,Unpaved_road,unpaved,very_bad,True,1024,768,True,306110,acc21f4b28eb9c3e23824a3cf983a44db443675213466a2ed8f86a0d20c04870,data/raw/v2/streetsurfacevis/s_1024/2293015604232047.jpg,103901361851883,1661438202399,
230783685719949,Unpaved_road,unpaved,bad,True,1024,768,True,246921,22047fe9ee4296fac06f990c571c1bb5847ad5ca1960df42d55e0177ce16b1b7,data/raw/v2/streetsurfacevis/s_1024/230783685719949.jpg,100474358864037,1624732045488,
230861358809699,Normal_asphalt,asphalt,excellent,True,1024,768,True,43392,d4df57477ae3cdb523b53816c3ac24970c5d8a2d1546f9aeead11353a853aae7,data/raw/v2/streetsurfacevis/s_1024/230861358809699.jpg,107998954769035,1586148331680,
230889205459239,Normal_asphalt,asphalt,excellent,True,1024,768,True,121666,5df497eeee49735d98ba33e8a100131936748c7ea47699f92ed88201fa303e78,data/raw/v2/streetsurfacevis/s_1024/230889205459239.jpg,110552844504419,1473008905000,
232067452216356,Unpaved_road,unpaved,intermediate,True,1024,768,True,122499,f4e2b445947df6bec46a61e9583d24db02ce449e5dd18167b48ee414e3da5021,data/raw/v2/streetsurfacevis/s_1024/232067452216356.jpg,103901361851883,1632587236000,
233149585046674,Unpaved_road,unpaved,intermediate,True,1024,768,True,224752,a0b4e7007fc88f3f5684317c8ad087a92e54b12672973e07c94d015c8b5d85d3,data/raw/v2/streetsurfacevis/s_1024/233149585046674.jpg,100232345559807,1624189502000,
236117161602089,Unpaved_road,unpaved,very_bad,True,1024,1834,True,651760,36d44afc65645f090781de3dfb10f398bb854f0f8eca8bf973d3eac2ea6f09ff,data/raw/v2/streetsurfacevis/s_1024/236117161602089.jpg,103079161935557,1586877037688,
236970119443815,Normal_asphalt,asphalt,excellent,True,1024,768,True,121216,2c3dfb20ca24ca4ab84254752a0d8779c3474f5816667634a8245dd7a246d085,data/raw/v2/streetsurfacevis/s_1024/236970119443815.jpg,102609045317136,1703584584000,
2388639787971348,Normal_asphalt,asphalt,excellent,True,1024,759,True,96906,a6f01d861ad7a2c5aa2a9d42b3949b7d3eb923839b8d063e6d427aef688e0caf,data/raw/v2/streetsurfacevis/s_1024/2388639787971348.jpg,104133191972461,1674747960412,
238962181325793,Normal_asphalt,asphalt,excellent,True,1024,768,True,151426,710c0f4402a625747336bf996b5e56b3be199ccc4471a12218cec573d5068057,data/raw/v2/streetsurfacevis/s_1024/238962181325793.jpg,102609045317136,1623402064000,
239700474581022,Unpaved_road,unpaved,bad,True,1024,768,True,148941,7db931f35ca714a828bdd362954ce766170ca118adb34474552354e94e888d02,data/raw/v2/streetsurfacevis/s_1024/239700474581022.jpg,100232345559807,1570793897202,
240147194706566,Unpaved_road,unpaved,bad,True,1024,768,True,212516,9268098712f2b986170cf55599db4f24b07670b436b849775433f7d19ddccbb7,data/raw/v2/streetsurfacevis/s_1024/240147194706566.jpg,103901361851883,1631278506000,
240407311213439,Normal_asphalt,asphalt,excellent,True,1024,768,True,141245,c7c3e871a87669d56725b4ea379e7cb4879c6cdb49641de7b9fed71ff76b6af8,data/raw/v2/streetsurfacevis/s_1024/240407311213439.jpg,103678198537022,1428234647521,
240783648191559,Normal_asphalt,asphalt,excellent,True,1024,768,True,143710,7b343d24b97cdc16cf9f94b86f11f2f5083cb7a4d16d5dfe0533183fae44b378,data/raw/v2/streetsurfacevis/s_1024/240783648191559.jpg,100232345559807,1646930815000,
240811717801630,Normal_asphalt,asphalt,excellent,True,1024,768,True,86184,5ac935ae3f314064bef0d0e465124c9dcc37c6bacb869e5d0161a89d4ffe83a2,data/raw/v2/streetsurfacevis/s_1024/240811717801630.jpg,109733834594588,1598943040872,
2409298229213849,Normal_asphalt,asphalt,excellent,True,1024,576,True,82829,89c61544f9c0a41242ac021056fba0ff15a9fd6ed043d3578f85af3d10a76f4a,data/raw/v2/streetsurfacevis/s_1024/2409298229213849.jpg,103392741904440,1561571891422,
2411997755597531,Unpaved_road,unpaved,bad,True,1024,576,True,180370,0e19ffdeacf025edc1f9cb85530477b5034b78076e0f55e6b47bef5c38abe7ff,data/raw/v2/streetsurfacevis/s_1024/2411997755597531.jpg,108954524668583,1523102193000,
241297767752883,Unpaved_road,unpaved,intermediate,True,1024,768,True,100583,e4215db8d82ab17cb348f1dda303fb4abe44a4bba23258ea93376d5dd136b2d0,data/raw/v2/streetsurfacevis/s_1024/241297767752883.jpg,108954524668583,1481890190449,
243406035033607,Unpaved_road,unpaved,bad,True,1024,768,True,142458,a15ae93c781a65016808a5c7c8a364a473a814a0c5c4557d9284295b70e305a8,data/raw/v2/streetsurfacevis/s_1024/243406035033607.jpg,100232345559807,1684153157000,
245321757711849,Unpaved_road,unpaved,very_bad,True,1024,768,True,213485,d74928658d7bbcffb1916a5ad194d5dc500ad28f3af98c71c304d35eeb094281,data/raw/v2/streetsurfacevis/s_1024/245321757711849.jpg,100232345559807,1640430633257,
245753227738917,Normal_asphalt,asphalt,excellent,True,1024,768,True,87443,854a198a8dd0934b7dcef98e24ff72eed87f06e5e2c0f00c78c941a57484337c,data/raw/v2/streetsurfacevis/s_1024/245753227738917.jpg,100995282143677,1643965441159,
246121055150153,Normal_asphalt,asphalt,excellent,True,1024,576,True,94982,2a042b6ba36b1065027a6823b73fbcdd3f378361d17171f2a4c6963d13cc8e2f,data/raw/v2/streetsurfacevis/s_1024/246121055150153.jpg,105905988315287,1701083179000,
246605586918424,Unpaved_road,unpaved,bad,True,1024,768,True,120604,455ca3c1654e82303ec97024ba58380f22432d2ce592944c370b0c00f8635a40,data/raw/v2/streetsurfacevis/s_1024/246605586918424.jpg,100232345559807,1625472661000,
2485288398284266,Unpaved_road,unpaved,intermediate,True,1024,768,True,221443,43d5154df26ee5956fbd952b11a78830fc9acb36859803331859e058d36a8766,data/raw/v2/streetsurfacevis/s_1024/2485288398284266.jpg,102627028648372,1557322983000,
2495703727241395,Unpaved_road,unpaved,bad,True,1024,768,True,259980,e086f785c9bb2450fd46462347dc0217cce312735b2f0f261f9917b8f17edab2,data/raw/v2/streetsurfacevis/s_1024/2495703727241395.jpg,110552844504419,1504532911000,
250402543378739,Normal_asphalt,asphalt,excellent,True,1024,768,True,108795,f496c4e5d1f7c006053dd3fe2ccac20230e806252ad39749b52ac1bb8a9da812,data/raw/v2/streetsurfacevis/s_1024/250402543378739.jpg,110552844504419,1502124856000,
251524170085502,Normal_asphalt,asphalt,excellent,True,1024,768,True,68734,8b2d409a119e66201c42adf350623ce53e59f27a5de9a43c2a645e300df45103,data/raw/v2/streetsurfacevis/s_1024/251524170085502.jpg,108954524668583,1560191091000,
253493867366858,Unpaved_road,unpaved,very_bad,True,1024,768,True,108310,c84a70ef7e6ae50844fc011d8873378be2083b9cbd9fbbf232ff0d34fb55aa2b,data/raw/v2/streetsurfacevis/s_1024/253493867366858.jpg,106491461588840,1685120428000,
254297096390528,Unpaved_road,unpaved,bad,True,1024,768,True,221692,3716413b5c509b208186d7c6d0b58dc50e84797df0eac2688acff8037a34adf6,data/raw/v2/streetsurfacevis/s_1024/254297096390528.jpg,104261288481574,1471947027000,
255581532922899,Normal_asphalt,asphalt,excellent,True,1024,768,True,72486,421c26d31b2f3da2265a1c26dcef5297ec156d994d74f3c170e8aa85aa85914c,data/raw/v2/streetsurfacevis/s_1024/255581532922899.jpg,108954524668583,1579352030000,
255662166601531,Normal_asphalt,asphalt,excellent,True,1024,768,True,94143,c35062aab53571042ad5cdb53ead9f17c40e27c9d0b11b154cbc2f660a04a7ae,data/raw/v2/streetsurfacevis/s_1024/255662166601531.jpg,101738925401488,1632156471500,
256249356947717,Normal_asphalt,asphalt,excellent,True,1024,576,True,91760,287fd48b5ac2f08014eac0bb3da817ccd545f6533d11c5e48fe257ea7ae1362b,data/raw/v2/streetsurfacevis/s_1024/256249356947717.jpg,100562292188203,1684674563686,
256543232910343,Normal_asphalt,asphalt,excellent,True,1024,768,True,158385,135ca5502ed43d96c1a438968210dc97a130fd3cd43f5cef4b411e0f6ee4c4c2,data/raw/v2/streetsurfacevis/s_1024/256543232910343.jpg,109115837985025,1570385560000,
2566030440366099,Unpaved_road,unpaved,very_bad,True,1024,576,True,146379,26a0f874bec2459b64a95dd15e3acf54a750643bfe4e1a6f6f144159c906d4fd,data/raw/v2/streetsurfacevis/s_1024/2566030440366099.jpg,108954524668583,1492348743000,
2566346346994539,Unpaved_road,unpaved,intermediate,True,1024,768,True,213903,49522a6dc128e02f70bb642603337b08bfb160284de8329f1ba4e2db24dd88e4,data/raw/v2/streetsurfacevis/s_1024/2566346346994539.jpg,110552844504419,1496255551000,
256674196198519,Unpaved_road,unpaved,bad,True,1024,768,True,114915,285a217e3685f66953a23f4f18969d404d0119d78201d4e9bda6358df49a219d,data/raw/v2/streetsurfacevis/s_1024/256674196198519.jpg,110562521169809,1428686066000,
2570008989970943,Normal_asphalt,asphalt,excellent,True,1024,768,True,105581,6df1aba4f8b611d4be1641649c00e506ece23ec12c84439575233c6918118d7a,data/raw/v2/streetsurfacevis/s_1024/2570008989970943.jpg,102627028648372,1559934938000,
257380840582881,Unpaved_road,unpaved,bad,True,1024,768,True,169844,09abb9d090003a9d6e2434bb8dc2ef0518bcd8f3bf229eead817a5945c4264db,data/raw/v2/streetsurfacevis/s_1024/257380840582881.jpg,110208441206053,1693639913229,
257596289449966,Normal_asphalt,asphalt,excellent,True,1024,768,True,157230,1f85fba8f39606b97df7b3531448395989eeaecc2833b64de1a8afd6860354d0,data/raw/v2/streetsurfacevis/s_1024/257596289449966.jpg,107998954769035,1589384575427,
2576791849295438,Normal_asphalt,asphalt,excellent,True,1023,575,False,81971,b773b06c318c17fe5ea23741b66f4ae53e10947a879bca86a919c0988b6cf908,data/raw/v2/streetsurfacevis/s_1024/2576791849295438.jpg,100205445563570,1568636194001,
2577029312602779,Unpaved_road,unpaved,intermediate,True,1024,768,True,252233,28856ab20fd5bea2950bff18f5f104a11cd07613b44787b6b2ee7574a44bbcb3,data/raw/v2/streetsurfacevis/s_1024/2577029312602779.jpg,100268992218434,1600358770000,
257853346885598,Unpaved_road,unpaved,intermediate,True,1024,768,True,159713,c3dd7fcfb899f4c4f7c85b4fd5d83ee782e447566042937cf329da49d5aaa0fd,data/raw/v2/streetsurfacevis/s_1024/257853346885598.jpg,102187028688979,1685453533000,
257903959449160,Normal_asphalt,asphalt,excellent,True,1024,768,True,63513,b90a547c547b0dc04946164f1de6a36c732aec9864c2796503df5da691f1de76,data/raw/v2/streetsurfacevis/s_1024/257903959449160.jpg,107998954769035,1578229047766,
2615145751969285,Unpaved_road,unpaved,bad,True,1024,768,True,191690,c6fa41c07ea2425b9317f39be9ad0a36a4e434f582681d3c6f84ce6eecaa5dcb,data/raw/v2/streetsurfacevis/s_1024/2615145751969285.jpg,105448835029055,1697896008531,
2616407828664667,Unpaved_road,unpaved,bad,True,1024,768,True,231755,f67561d3f29f712a6f7885ce1cdbbb976d65cc9cb07650eef6641b80a8233c56,data/raw/v2/streetsurfacevis/s_1024/2616407828664667.jpg,103901361851883,1619699137000,
261786535630603,Normal_asphalt,asphalt,excellent,True,1024,576,True,124539,4eadcb51260a29ed408fc597e88b3f5f92f4e7ef4d7e1ea889bd0c40139048bb,data/raw/v2/streetsurfacevis/s_1024/261786535630603.jpg,101410265434782,1569151799000,
2621568844811810,Unpaved_road,unpaved,bad,True,1024,768,True,147145,884e9feb0f816438196a88c627f2c0749bd3356244f10b02b8da774d2f4fe55d,data/raw/v2/streetsurfacevis/s_1024/2621568844811810.jpg,100232345559807,1622537001000,
262315442007377,Normal_asphalt,asphalt,excellent,True,1024,576,True,91262,fd8ce96be53000e7776eb8525a8e3dc8c251f279ca3944996c4027470dfd235e,data/raw/v2/streetsurfacevis/s_1024/262315442007377.jpg,103606985215406,1627673569909,
2626077584197760,Unpaved_road,unpaved,bad,True,1023,577,False,212762,b5480be875189b4ccc70c12dfe0ab164921f217d90b662a7945661be507d8ccd,data/raw/v2/streetsurfacevis/s_1024/2626077584197760.jpg,104476681984604,1692537582000,
262765276380146,Normal_asphalt,asphalt,excellent,True,1024,576,True,92423,2e40c10bd518f3f2c9ff8e7d6d28d9e4d216350ab9f8d790badce79b7fa66068,data/raw/v2/streetsurfacevis/s_1024/262765276380146.jpg,100474358864037,1688625091389,
2629962573825008,Normal_asphalt,asphalt,excellent,True,1024,768,True,211881,7878346f2f819ed9ce1569be12f03336122699bb61cbd2be3354091464a5bca9,data/raw/v2/streetsurfacevis/s_1024/2629962573825008.jpg,100232345559807,1685714730500,
2630987360532886,Unpaved_road,unpaved,very_bad,True,1024,768,True,134707,79b31e63e6bb427b4c7f60ff9cd8e7d842a88d234f56e69df33c8fd349e32ebe,data/raw/v2/streetsurfacevis/s_1024/2630987360532886.jpg,103390745232765,1434108036000,
263417145477211,Unpaved_road,unpaved,very_bad,True,1024,768,True,217951,6b7e0ac99cc9ace3f09b391520f05c1fa950768912c0fe88994635c4cb1087ae,data/raw/v2/streetsurfacevis/s_1024/263417145477211.jpg,103079161935557,1514816638529,
263596242179593,Unpaved_road,unpaved,intermediate,True,1024,768,True,247507,4d741d42f9e7ed5e195d12c876fa93660f1297d0f9bbd97927f4f0cf9b6a6fcd,data/raw/v2/streetsurfacevis/s_1024/263596242179593.jpg,107997654769191,1614440509054,
264265018729502,Normal_asphalt,asphalt,excellent,True,1024,576,True,77084,597c74c68fd5529322bc44cb50d27f3c5238e02f1120dd92e470890933427ed8,data/raw/v2/streetsurfacevis/s_1024/264265018729502.jpg,109673317932619,1562088347015,
265316385029208,Normal_asphalt,asphalt,excellent,True,1024,768,True,116913,5bb20379ceadd6f551b6847a5b3c3dba60e1b665a5227b93b405ff8e8ecdac03,data/raw/v2/streetsurfacevis/s_1024/265316385029208.jpg,100232345559807,1611572251000,
2660633590841922,Normal_asphalt,asphalt,excellent,True,1024,768,True,243484,5f4a4df301f5eda43da5328d31373331f7c2a6cdfe00e49af725b85d87654707,data/raw/v2/streetsurfacevis/s_1024/2660633590841922.jpg,100232345559807,1600525937500,
266287681846930,Normal_asphalt,asphalt,excellent,True,1024,768,True,85125,ae4b3fe83905fc450c0c015106972ed5cfee623a9e8b48fa2670f69668a8712c,data/raw/v2/streetsurfacevis/s_1024/266287681846930.jpg,107998954769035,1584970625806,
2673745776255877,Unpaved_road,unpaved,bad,True,1024,768,True,133151,09fe522cdea922d49435a70a221a1fabfcd28d888f1ed0862b30a19d220386ab,data/raw/v2/streetsurfacevis/s_1024/2673745776255877.jpg,100474358864037,1429200738358,
268079075133061,Normal_asphalt,asphalt,excellent,True,1024,768,True,158886,85c26775e9aa418a2c286cc6d594966f5dad16a6c91d8ab844b07f241b1b0e93,data/raw/v2/streetsurfacevis/s_1024/268079075133061.jpg,100232345559807,1629303762500,
268171345002679,Unpaved_road,unpaved,intermediate,True,1024,768,True,225275,199141f3ee75ceefcf47fa55cdc8bc50d4a4a549a0b5257149158e9e5ef3d336,data/raw/v2/streetsurfacevis/s_1024/268171345002679.jpg,100232345559807,1592991819000,
269059788767659,Normal_asphalt,asphalt,excellent,True,1024,768,True,77223,9fc98ce31f595c5c8afea41b4a2fb1d4c67eec050410d161e32423d9fa625f51,data/raw/v2/streetsurfacevis/s_1024/269059788767659.jpg,100981335478605,1649089298476,
270009088143523,Unpaved_road,unpaved,intermediate,True,1024,768,True,227319,b7c465351e4ea6d75991b9f7ea5e3a7c314730b83b36eac7ec101181b5c62aaf,data/raw/v2/streetsurfacevis/s_1024/270009088143523.jpg,100232345559807,1595328726000,
2710108625956718,Unpaved_road,unpaved,intermediate,True,1024,768,True,209463,62410095057174f21d214c51fbbf4bbcb6bbc0609ff03e7d8064333449b8baab,data/raw/v2/streetsurfacevis/s_1024/2710108625956718.jpg,101378355438344,1449311349017,
2710112762583022,Unpaved_road,unpaved,intermediate,True,1024,768,True,166201,3b6258dff5fe19ca9d0c874ff2629a9fb4de70cbbf40ef8c212a1f0ac5878fa8,data/raw/v2/streetsurfacevis/s_1024/2710112762583022.jpg,100232345559807,1570793899204,
272425824585878,Unpaved_road,unpaved,intermediate,True,1024,768,True,141205,a3a7515fbd3745f2f648271929ae86b7114d7a657183e17bb97fe9aef17a17f8,data/raw/v2/streetsurfacevis/s_1024/272425824585878.jpg,105502721684939,1430412923112,
2724480417851758,Unpaved_road,unpaved,bad,True,1024,768,True,215054,fb2e755260be7b7f88541ca743e6c8e2849e054d71bc0a70b04241215f5a275a,data/raw/v2/streetsurfacevis/s_1024/2724480417851758.jpg,110552844504419,1494177386000,
2730609330494834,Unpaved_road,unpaved,very_bad,True,1024,576,True,142942,131e15c4c112f3d1ef35511654c1dca0ddb7bf46072346298232ba34534bc757,data/raw/v2/streetsurfacevis/s_1024/2730609330494834.jpg,101020912145314,1584031057308,
273713971115312,Unpaved_road,unpaved,intermediate,True,1024,768,True,292152,60c7af62da47ad44aba4ec01877e9dbe8100a594b4950cd179a5fb7f7a5304ef,data/raw/v2/streetsurfacevis/s_1024/273713971115312.jpg,100474358864037,1555669620000,
274491824367895,Normal_asphalt,asphalt,excellent,True,1024,768,True,114429,a1d2902d62e4ff7d5738f837c493c5c679db3118cf07c3ff5ae3cf60aa6f1012,data/raw/v2/streetsurfacevis/s_1024/274491824367895.jpg,105558841679641,1425728386000,
274576544269228,Normal_asphalt,asphalt,excellent,True,1024,768,True,143197,c17e5cde642b63dc905486dcac91c93ada52afa4a8649dfdcf511dca3794f5f6,data/raw/v2/streetsurfacevis/s_1024/274576544269228.jpg,104006555174486,1566576969787,
274835640977770,Unpaved_road,unpaved,intermediate,True,1024,576,True,89555,23b02bcf6a02ed7dee021caa2bdabe4bee2750641b4d940a4fefa567cfed5e33,data/raw/v2/streetsurfacevis/s_1024/274835640977770.jpg,109842617910576,1527502957000,
2757658381211319,Normal_asphalt,asphalt,excellent,True,1024,768,True,106092,413af566aa16bf27408889c4a0dfca5b5a4eb004a90a4a120176c12391af0997,data/raw/v2/streetsurfacevis/s_1024/2757658381211319.jpg,105558841679641,1531986172000,
275799264741940,Normal_asphalt,asphalt,excellent,True,1024,768,True,92175,8788090bf0e1a302c01d21d5afd3abf778a7eb01e9931053a4a82b781f313e1c,data/raw/v2/streetsurfacevis/s_1024/275799264741940.jpg,100474358864037,1487577995294,
277967264903768,Normal_asphalt,asphalt,excellent,True,1024,768,True,91826,84bf709e16a1487267ebe986cc5b500a063b995761f1cd619bbf23833dc7d884,data/raw/v2/streetsurfacevis/s_1024/277967264903768.jpg,102976398952710,1687178275245,
2790059851304330,Normal_asphalt,asphalt,excellent,True,1024,576,True,92560,4ed2bafa2f6787f4c88655c084e639bf06885bb0da30bfb8263ee2ea82a70d32,data/raw/v2/streetsurfacevis/s_1024/2790059851304330.jpg,100562292188203,1497004235132,
279929193866398,Unpaved_road,unpaved,intermediate,True,1024,576,True,190942,f20e5c2ac9fd2ff9bca63af8aec9155e5e796bc2e2ad7082b7c0dfd537d33237,data/raw/v2/streetsurfacevis/s_1024/279929193866398.jpg,107765738126751,1619525496573,
2807390949576171,Unpaved_road,unpaved,bad,True,1024,576,True,219738,49a61e2a22fc66c9402d405a76016588a7c26c564ad7453db0c8abb3d7482e59,data/raw/v2/streetsurfacevis/s_1024/2807390949576171.jpg,102488681996897,1567588631716,
2810091759244005,Normal_asphalt,asphalt,excellent,True,1024,768,True,110316,80035508397a8a69c758f1072745a297e2b0621308d1a9fd0274d174e89e3650,data/raw/v2/streetsurfacevis/s_1024/2810091759244005.jpg,102609045317136,1569322297000,
281065233730315,Unpaved_road,unpaved,very_bad,True,1024,768,True,239346,42b0852812e3af3c06dd79c1ba2050e3ce21dc6d82a8f1e761de77f75715ba63,data/raw/v2/streetsurfacevis/s_1024/281065233730315.jpg,100474358864037,1590937053075,
2811197255841602,Unpaved_road,unpaved,very_bad,True,1022,460,False,125835,9980b103b7529cae902d2ef41f86f2a4cfe43012a01bd25cb0be4a969947a0db,data/raw/v2/streetsurfacevis/s_1024/2811197255841602.jpg,102468835332129,1654335386113,
2812162622429339,Normal_asphalt,asphalt,excellent,True,1024,768,True,89760,4376fc7fd87d1640b7385b81c96083b8474883caf9e7db00aea6c41d859332f2,data/raw/v2/streetsurfacevis/s_1024/2812162622429339.jpg,101413102105324,1559818805527,
2814129542233262,Normal_asphalt,asphalt,excellent,True,1023,454,False,56755,21f0f6c2e0636ffa430b21856daf160a431b8226de47e65a554847d7f90b1a21,data/raw/v2/streetsurfacevis/s_1024/2814129542233262.jpg,103080845264750,1548598298000,
281662030354401,Unpaved_road,unpaved,very_bad,True,1024,768,True,216533,61a1be8a52e73aed4ed13c54170479b8411e83365d051f1d2d08fc9cd1732bd9,data/raw/v2/streetsurfacevis/s_1024/281662030354401.jpg,101658985409308,1453635190000,
2819145165003980,Normal_asphalt,asphalt,excellent,True,1024,768,True,154757,fc84fcbadb2062ebc4d74142fbc40a6c00f9ff938c209a29cc2e35e07a5b1fdc,data/raw/v2/streetsurfacevis/s_1024/2819145165003980.jpg,109215107975476,1428864236000,
2819522695043787,Unpaved_road,unpaved,bad,True,1024,768,True,262832,227b2f13cce9a9d4a7f63703f5856ea35064a4cb7a8e72334066fb522a34eead,data/raw/v2/streetsurfacevis/s_1024/2819522695043787.jpg,100474358864037,1564932090000,
2826797044203123,Unpaved_road,unpaved,bad,True,1024,768,True,174735,08b7a0aff91045af6d71b2013bb291ac547f42414b95a26a44a509878e7a4784,data/raw/v2/streetsurfacevis/s_1024/2826797044203123.jpg,104984298408021,1532805618000,
283279299919485,Normal_asphalt,asphalt,excellent,True,1024,768,True,92505,cae668508897f6c75dc54e5b8f8dcf7b61b89d9dd955ca424b51cbe418b0f46f,data/raw/v2/streetsurfacevis/s_1024/283279299919485.jpg,100232345559807,1611741402000,
2837266389922705,Normal_asphalt,asphalt,excellent,True,1024,768,True,109337,f8508f5c392c57141a516f31d5fdb3e26d360d2c09f2232765f4a1c7c106589d,data/raw/v2/streetsurfacevis/s_1024/2837266389922705.jpg,100562292188203,1451141791524,
284379016516299,Normal_asphalt,asphalt,excellent,True,1024,576,True,35372,718b33aa7feff480e282401c3e61857a4891e157380dadf0634b5aab78484b60,data/raw/v2/streetsurfacevis/s_1024/284379016516299.jpg,103080845264750,1485183982133,
2845456955768001,Normal_asphalt,asphalt,excellent,True,1024,576,True,105779,991514d32fc16019588e632aa1cbc6daee20bc772c121ffe9554d1da73aa9d6c,data/raw/v2/streetsurfacevis/s_1024/2845456955768001.jpg,101410265434782,1525005324000,
284875753326186,Unpaved_road,unpaved,very_bad,True,1024,768,True,249217,ee8e2434a2bca767fcbec60475d89dfca15ae06a1c685c41e29413e17f9418de,data/raw/v2/streetsurfacevis/s_1024/284875753326186.jpg,103901361851883,1620047951000,
284939279966199,Normal_asphalt,asphalt,excellent,True,1024,576,True,96862,416e7b086f166c975d8bc5a64026b556d0cd85dc516467d3c1a51177971de89e,data/raw/v2/streetsurfacevis/s_1024/284939279966199.jpg,100474358864037,1608383591023,
2850485641946997,Normal_asphalt,asphalt,excellent,True,1024,768,True,69827,dd4dd709464997251c40a8395e99248bdcacb07b2c52f115e8a1eb6de634906b,data/raw/v2/streetsurfacevis/s_1024/2850485641946997.jpg,107998954769035,1582700746327,
285228676384841,Unpaved_road,unpaved,intermediate,True,1024,767,True,184722,be3462a295f2dedfae529a0275c42ee236de943781663793c9d9fe0c77c0674e,data/raw/v2/streetsurfacevis/s_1024/285228676384841.jpg,106692581568242,1500116846000,
285289409981176,Normal_asphalt,asphalt,excellent,True,1024,576,True,63991,87c47d3a4ba2d5623d6d3ee31acb263e61efccf30175e9f61d1a4d53644f4499,data/raw/v2/streetsurfacevis/s_1024/285289409981176.jpg,109122484655498,1600587380453,
2855996451378100,Unpaved_road,unpaved,intermediate,True,1024,768,True,213673,47c825adfdaa88bdb72941a54fea10360efa03d00af77eb9816019df385a9ad8,data/raw/v2/streetsurfacevis/s_1024/2855996451378100.jpg,100232345559807,1597830371500,
2861203397436511,Unpaved_road,unpaved,bad,True,1024,768,True,164159,bf36270eb3f4c4c920cb08effc1c810490323a7a5a9ec6df5a8a88fdfaa3fa33,data/raw/v2/streetsurfacevis/s_1024/2861203397436511.jpg,103390745232765,1559733678000,
286533513185598,Unpaved_road,unpaved,intermediate,True,1024,768,True,229396,fa3e28e0fc687b1cf4f32a6565796b6ce96dd0020ca8ce3c8e7ff513a2cc9a55,data/raw/v2/streetsurfacevis/s_1024/286533513185598.jpg,110208441206053,1500110077064,
286889379782248,Normal_asphalt,asphalt,excellent,True,1024,768,True,85743,dcb29b5d5ccaaaee0822aa2e4010f3fab02ba233bacb400ce20087bc8fb74302,data/raw/v2/streetsurfacevis/s_1024/286889379782248.jpg,100562292188203,1564823426273,
287051683127195,Normal_asphalt,asphalt,excellent,True,1024,768,True,91200,be489939a84b52a70477b18fd41cd81c573ad15b142cdf9e592f29ffafa6134b,data/raw/v2/streetsurfacevis/s_1024/287051683127195.jpg,105558841679641,1499786825200,
287702883060115,Unpaved_road,unpaved,intermediate,True,1024,768,True,176552,1c2bd0f648f7bfebadcf702a3f6301ffd7e5b3200e50410c57e1cc8b2b4b1c09,data/raw/v2/streetsurfacevis/s_1024/287702883060115.jpg,103901361851883,1620047369000,
2877340932513887,Normal_asphalt,asphalt,excellent,True,1024,768,True,100132,bde5929432087bfef3f94e090673ac474b47edc493a7b7f52d650dd80f35ed58,data/raw/v2/streetsurfacevis/s_1024/2877340932513887.jpg,106302451607225,1529597711490,
2877941699086271,Normal_asphalt,asphalt,excellent,True,1024,576,True,66565,ecee2b089de704ef3718f9cfaf0fa6633a46ba8b4d61eb968b39ff60bcf0af90,data/raw/v2/streetsurfacevis/s_1024/2877941699086271.jpg,109122484655498,1598514927486,
288098827020010,Normal_asphalt,asphalt,excellent,True,1024,576,True,106513,84375c49c5de8fb3a58afb15dc94c8f0995a4cc797d550778accf975dd1d5f37,data/raw/v2/streetsurfacevis/s_1024/288098827020010.jpg,105905988315287,1687099463000,
288492096969344,Normal_asphalt,asphalt,excellent,True,1024,768,True,101466,9ac995021b811e1ed9f04b8030a59d3b058b310624fc22a047e1f0437ec18d98,data/raw/v2/streetsurfacevis/s_1024/288492096969344.jpg,101530835427304,1687197033085,
2887819551438737,Normal_asphalt,asphalt,excellent,True,1024,768,True,108650,65eb505490e2bbc55e36795d48adf95ec234abe0e054fba3e0c6d7a1184e654b,data/raw/v2/streetsurfacevis/s_1024/2887819551438737.jpg,101658985409308,1440085612694,
2890772491177151,Normal_asphalt,asphalt,excellent,True,1024,576,True,60834,df764a64adc476a9c87653a9fe2aee1dcd61e09f672aa9de1bab105b7cada84d,data/raw/v2/streetsurfacevis/s_1024/2890772491177151.jpg,104779048429571,1553617354829,
2890879104563802,Unpaved_road,unpaved,bad,True,1024,768,True,84782,d489ddd11844a864499e7df3e0be2472dbab9ea1a8be5630507f4af94d4e4a18,data/raw/v2/streetsurfacevis/s_1024/2890879104563802.jpg,100232345559807,1586614465207,
289147859588409,Normal_asphalt,asphalt,excellent,True,1024,576,True,50185,d39c8d3b5cffd4be6bd3d2bc136706628af2596a8f14e38bc5af9fd83243ed62,data/raw/v2/streetsurfacevis/s_1024/289147859588409.jpg,108954524668583,1584122100000,
2892226361050163,Unpaved_road,unpaved,very_bad,True,1024,576,True,99633,0a8e01b847959e914d3c9cd28bb5cf14fd9915b64c46eda1a639899e91bf9de1,data/raw/v2/streetsurfacevis/s_1024/2892226361050163.jpg,106639358240162,1586767775016,
289708989496252,Unpaved_road,unpaved,intermediate,True,1024,768,True,237772,06b5c3de91dfcd8d21cd719e22210ccf243e546d017626388f55c4a67dee3bb1,data/raw/v2/streetsurfacevis/s_1024/289708989496252.jpg,100232345559807,1588231474680,
2898579543804772,Normal_asphalt,asphalt,excellent,True,1024,768,True,81119,03bebd7e517e2fbd194c55bd02023342dfc1a66f5bdb48e4d2e0c735ae3f1046,data/raw/v2/streetsurfacevis/s_1024/2898579543804772.jpg,103078715264357,1556468502309,
289880536133728,Normal_asphalt,asphalt,excellent,True,1024,768,True,104019,76e1f09a8dccbc41463d6ea60631c5e76469f53190b02fd48cb124356bca7f21,data/raw/v2/streetsurfacevis/s_1024/289880536133728.jpg,105273641708447,1461926777905,
290036806848828,Unpaved_road,unpaved,intermediate,True,1024,576,True,162062,086d89b1c1a40f3863c6e8544eae654a16f248f640285842a2a7db9fd913e7e0,data/raw/v2/streetsurfacevis/s_1024/290036806848828.jpg,102468835332129,1688897903297,
290534530245402,Normal_asphalt,asphalt,excellent,True,1024,768,True,146887,f89feaf84a60214e30c4839fb514cf864382a4a824d0d2b2722923668fcd42e1,data/raw/v2/streetsurfacevis/s_1024/290534530245402.jpg,101834042469155,1690728109027,
2907129982948019,Unpaved_road,unpaved,intermediate,True,1024,768,True,86458,0ccc8786126a3f12287a13ddd842a818de66dcdba126ade11d24e5cc75187308,data/raw/v2/streetsurfacevis/s_1024/2907129982948019.jpg,110282201203825,1614604862402,
2913680268880834,Normal_asphalt,asphalt,excellent,True,1024,768,True,83292,289be6410076b4c7d3665eee16ec114b6fb4ead8274e09cfe87ce2e842f9ed47,data/raw/v2/streetsurfacevis/s_1024/2913680268880834.jpg,108800001353809,1568468456234,
291493615899057,Unpaved_road,unpaved,very_bad,True,1024,768,True,190471,844233e820bc17b0df8b43f30602ea247a997fad9bff9acefe029a452f2adcab,data/raw/v2/streetsurfacevis/s_1024/291493615899057.jpg,102532525320329,1441554432847,
291653832495603,Normal_asphalt,asphalt,excellent,True,1024,768,True,185240,315d9e02bc6f5a035163b45a18d4553b87f9a716fdf59141251b6800adcfa375,data/raw/v2/streetsurfacevis/s_1024/291653832495603.jpg,110552844504419,1530458788000,
291692289233969,Unpaved_road,unpaved,intermediate,True,1024,768,True,167488,dcc51289725c561d575009e3d037ae45f7e82a793d623cafd31575702a9252fd,data/raw/v2/streetsurfacevis/s_1024/291692289233969.jpg,100562292188203,1610197006207,
291796276090064,Unpaved_road,unpaved,intermediate,True,1024,768,True,140294,b872a4bdf61f0969ea5869a015ac263863c86edf41727747e0a3225d973d2992,data/raw/v2/streetsurfacevis/s_1024/291796276090064.jpg,110282201203825,1631442222371,
291858952472537,Normal_asphalt,asphalt,excellent,True,1024,576,True,67605,f4c94bafdf080ffaf9fb0750f1202211bc4da2852e3af5efc66f9ac11d549aef,data/raw/v2/streetsurfacevis/s_1024/291858952472537.jpg,100977358812077,1455696539955,
291942482473080,Normal_asphalt,asphalt,excellent,True,1024,768,True,94243,ed9bda891ddd5e457e1db55c317a5ea0e5300eb220099643ca291d7e9985c46e,data/raw/v2/streetsurfacevis/s_1024/291942482473080.jpg,102627028648372,1558447186000,
2920502691611510,Normal_asphalt,asphalt,excellent,True,1024,768,True,83281,cbeeb30f63c8f84523fc828c31e9c1a1834aeaefd86ff37bdc4258178e0d9f88,data/raw/v2/streetsurfacevis/s_1024/2920502691611510.jpg,106302451607225,1564594446000,
292192849214317,Normal_asphalt,asphalt,excellent,True,1024,768,True,124201,10cb58fae0199c9875649a79b358279f1b34723e454bafb7e506f22220670b83,data/raw/v2/streetsurfacevis/s_1024/292192849214317.jpg,110552844504419,1498739076000,
292276845787849,Normal_asphalt,asphalt,excellent,True,1024,768,True,155430,8b899d5a9e7b495c6460e23573a5c0e4cdb60f6d8f2eef85553546fe43485390,data/raw/v2/streetsurfacevis/s_1024/292276845787849.jpg,102532525320329,1555428164000,
292440589826751,Normal_asphalt,asphalt,excellent,True,1024,768,True,221428,b967d06fe44d51d0c1536821f80ce430701b7efd9af7404a6d474f194162e31d,data/raw/v2/streetsurfacevis/s_1024/292440589826751.jpg,104115958497622,1689060114879,
292655352402078,Normal_asphalt,asphalt,excellent,True,1024,768,True,178718,cd3da625460bc72771071cb2b56923ba9fa46373415b3fd7cb3b80b5ee8b1143,data/raw/v2/streetsurfacevis/s_1024/292655352402078.jpg,104526851788293,1554897577000,
292847069130570,Normal_asphalt,asphalt,excellent,True,1023,578,False,73864,91adf6169464f17c452b58307e9d31d9918d05031cf41c46ea4df8708e83b8f0,data/raw/v2/streetsurfacevis/s_1024/292847069130570.jpg,101658985409308,1495704794176,
2928481497471944,Unpaved_road,unpaved,bad,True,1024,768,True,262659,ba2f76b03a2d9786635906bf1d0f3dca93abd24028400d80e5341ab41e6e4868,data/raw/v2/streetsurfacevis/s_1024/2928481497471944.jpg,102785218632269,1495973563406,
292909225716898,Normal_asphalt,asphalt,excellent,True,1024,768,True,54781,acb12ff3115703894161d4b422f68a3136e8fc2b79e284001629eeac6328f686,data/raw/v2/streetsurfacevis/s_1024/292909225716898.jpg,107998954769035,1579449251768,
2929303683952010,Normal_asphalt,asphalt,excellent,True,1024,768,True,117437,5c74ffae5382adae44447347871a06f94ce0240a4c790317964011a749b40ad1,data/raw/v2/streetsurfacevis/s_1024/2929303683952010.jpg,101106178803146,1522317122094,
292949395787369,Unpaved_road,unpaved,bad,True,1024,768,True,161537,01ae84ed1b218d18d4d6c81594080788736856bfc2f28e428f6ee1b38b81d8f5,data/raw/v2/streetsurfacevis/s_1024/292949395787369.jpg,103390745232765,1440235769000,
2933363020266599,Unpaved_road,unpaved,bad,True,1024,768,True,145272,a8c52da4d28ebc522f4928501070a8370fa556b5b4194406d6f0949c919d237f,data/raw/v2/streetsurfacevis/s_1024/2933363020266599.jpg,103901361851883,1621086752000,
293709812336562,Normal_asphalt,asphalt,excellent,True,1024,768,True,97653,5791fcd31de5c83af7a547b6ee5331c6db103f8e44b30395f414b74b3ff605e2,data/raw/v2/streetsurfacevis/s_1024/293709812336562.jpg,103883191849318,1402420286000,
2939410823049846,Unpaved_road,unpaved,intermediate,True,1024,768,True,178844,6aa6c99e4c210a4ef5603208fbc0b5eee9fe507c70c6865f610dd32945c8bacf,data/raw/v2/streetsurfacevis/s_1024/2939410823049846.jpg,100232345559807,1618849247093,
2939732132929665,Unpaved_road,unpaved,intermediate,True,1024,768,True,220771,c5545f318da9fcc8dc24ebeac78c2fe41d675da9ce4241c9abbbc2d7c4c899f2,data/raw/v2/streetsurfacevis/s_1024/2939732132929665.jpg,102532525320329,1463164370465,
2939823762961937,Unpaved_road,unpaved,bad,True,1024,768,True,224649,24a55aa6090afa6aba1631c0c12da7c082deab55aba8eaf93e84ef7d6eaed50c,data/raw/v2/streetsurfacevis/s_1024/2939823762961937.jpg,109689944596904,1627138165000,
294083259041173,Unpaved_road,unpaved,bad,True,1024,768,True,107942,b9320ccf21766fae5be445c10050c491de38e75e85f6a9ae8cd2ad453a7741aa,data/raw/v2/streetsurfacevis/s_1024/294083259041173.jpg,100232345559807,1586698211604,
2942017519363429,Unpaved_road,unpaved,very_bad,True,1023,575,False,94911,c3a8e6a935af76472d02395dd1162238b4bc569ed081e9f105ca804744824861,data/raw/v2/streetsurfacevis/s_1024/2942017519363429.jpg,108954524668583,1497692771000,
294271439090527,Unpaved_road,unpaved,intermediate,True,1024,768,True,196978,d741046dc3b0e832de8da451a19d6a471b66bfcd5d7e73cebe6c523899af6067,data/raw/v2/streetsurfacevis/s_1024/294271439090527.jpg,100232345559807,1601221781000,
2947968652146226,Normal_asphalt,asphalt,excellent,True,1024,768,True,181716,4bfc98a7ef67daee5c17a7fec759a3d0d63805eb622230efae4d6f7fd4e547a7,data/raw/v2/streetsurfacevis/s_1024/2947968652146226.jpg,103390745232765,1472116751000,
294911725513208,Normal_asphalt,asphalt,excellent,True,1024,768,True,129755,7f2b1028d1529e381bf5e4106f67a2043e0d94d9c089d1ba7c27151bb0f6a5e2,data/raw/v2/streetsurfacevis/s_1024/294911725513208.jpg,108954524668583,1488714212000,
2950221398531278,Normal_asphalt,asphalt,excellent,True,1024,768,True,111809,e5d85304d4b5b53a33f93b46c3c33036fb741b893008e22ddf1b944fb22f270c,data/raw/v2/streetsurfacevis/s_1024/2950221398531278.jpg,107998954769035,1584632039113,
295070638819509,Unpaved_road,unpaved,very_bad,True,1024,768,True,138190,a2b6c275a3446d9d2e89e0d31ca12e399257e732bb039add31628c3cf3b96747,data/raw/v2/streetsurfacevis/s_1024/295070638819509.jpg,101658985409308,1435686650218,
295213938760183,Normal_asphalt,asphalt,excellent,True,1024,576,True,76616,91c9705cb008d6f59f59eeb7cc5010629834deef7795f6778c13fbbbac79c711,data/raw/v2/streetsurfacevis/s_1024/295213938760183.jpg,109122484655498,1549121493022,
2952571535034823,Unpaved_road,unpaved,intermediate,True,1024,768,True,170074,01dd84dc8c13d317454817a3962f67e6900a6bb349a480d1aa290609b7de5abc,data/raw/v2/streetsurfacevis/s_1024/2952571535034823.jpg,103901361851883,1657459398000,
2955549211435921,Normal_asphalt,asphalt,excellent,True,1024,768,True,123771,8ddbc012bd0e29d2042e7f07b5c48b55a5b3ef5417f1326bbf4f1fc14f8566ed,data/raw/v2/streetsurfacevis/s_1024/2955549211435921.jpg,103719821870722,1526562037096,
2955833671410849,Unpaved_road,unpaved,intermediate,True,1024,768,True,179370,42c5f2870023e3e6dfc9ec1e02668723bdf822a921ad1d79c906c0bcc866df80,data/raw/v2/streetsurfacevis/s_1024/2955833671410849.jpg,102468835332129,1622976873980,
2963220880591269,Normal_asphalt,asphalt,excellent,True,1024,768,True,115112,e4b003139893872cd79d83804d767f1a38df52c767dad9d50257e02adf417d2d,data/raw/v2/streetsurfacevis/s_1024/2963220880591269.jpg,104006555174486,1561562666806,
2963343310568102,Normal_asphalt,asphalt,excellent,True,1024,576,True,59660,ac531388a9ad08702ef06c66c10b26396bdd80899f20d9387daac73bf94f7c00,data/raw/v2/streetsurfacevis/s_1024/2963343310568102.jpg,102637281980350,1564554158457,
2966385280346314,Unpaved_road,unpaved,intermediate,True,1024,768,True,236352,90a9c9e76044291205447874f71512d1a3686095ea6ed592e5a55b38f6d214b1,data/raw/v2/streetsurfacevis/s_1024/2966385280346314.jpg,100474358864037,1624810618270,
2972136369682132,Normal_asphalt,asphalt,excellent,True,1024,768,True,151883,9bc65f1bb43475b2a49f62af3e996f26f3d7d95a898767e2892d0dddbcef2cda,data/raw/v2/streetsurfacevis/s_1024/2972136369682132.jpg,110282201203825,1586595466475,
297267685295531,Normal_asphalt,asphalt,excellent,True,1024,768,True,79353,aa43ab58ca2166dac89b0583f3d7514c15a8b6721281df2256bb75065fac46b6,data/raw/v2/streetsurfacevis/s_1024/297267685295531.jpg,105534541681944,1440610052235,
2978958492337732,Unpaved_road,unpaved,intermediate,True,1024,768,True,198321,2007a913b860a52d52a2e7ac12d8fce81ae70a83c16601b9848fc5633e1e67be,data/raw/v2/streetsurfacevis/s_1024/2978958492337732.jpg,110208441206053,1500362972182,
298114682046090,Normal_asphalt,asphalt,excellent,True,1024,576,True,137922,31a4ca0a053d593adbea0bda453a5a5c31896742574e6a942a661438f6647c40,data/raw/v2/streetsurfacevis/s_1024/298114682046090.jpg,100562292188203,1619878418573,
298160875116984,Unpaved_road,unpaved,bad,True,1024,768,True,279604,e5d139aeb71b2ba5794093213bb1d2736d6cc5a3bc8006e6dade34e426dd9f59,data/raw/v2/streetsurfacevis/s_1024/298160875116984.jpg,110552844504419,1507909480000,
298192828735381,Normal_asphalt,asphalt,excellent,True,1024,768,True,69909,86224119861acce00d62a8f74b6a9a1f69c21de8f78f3d9e34581a66ad833a2e,data/raw/v2/streetsurfacevis/s_1024/298192828735381.jpg,104058601953691,1630321498875,
2982830448699831,Unpaved_road,unpaved,intermediate,True,1024,768,True,108380,77477bd25c992c23b1c94f4ba268894fdab3f56e7819f4f04e19204c52654f8b,data/raw/v2/streetsurfacevis/s_1024/2982830448699831.jpg,100232345559807,1634116164000,
2983655595252727,Unpaved_road,unpaved,intermediate,True,1024,768,True,197355,ce795b71d4a7fd49afdcbcd4a880969c45ed3c0ca6c729b635e459579a462988,data/raw/v2/streetsurfacevis/s_1024/2983655595252727.jpg,101675185408053,1562568939586,
298912465026321,Unpaved_road,unpaved,very_bad,True,1024,768,True,274813,70e9c9add492362129751187c2544f4a7180fdd8f5681af72571bfe575d06306,data/raw/v2/streetsurfacevis/s_1024/298912465026321.jpg,104245395149990,1536594012497,
2989611687976870,Normal_asphalt,asphalt,excellent,True,1024,576,True,67416,87396a9e3637d96c102665bb7ad83133aeb8f751f94cf876cbc546967b58081f,data/raw/v2/streetsurfacevis/s_1024/2989611687976870.jpg,101410265434782,1489921439000,
299056121930571,Normal_asphalt,asphalt,excellent,True,1024,768,True,111867,f73314d514e53ddc668da3a3426e4efc86dda594aa9e92b95347ebd0773dcef6,data/raw/v2/streetsurfacevis/s_1024/299056121930571.jpg,109634897931831,1582383013629,
299372698323550,Normal_asphalt,asphalt,excellent,True,1024,768,True,125860,c04725fbcf4f1953ace47edfa8158b77f8e0653e984e8a653a8ff373360ed757,data/raw/v2/streetsurfacevis/s_1024/299372698323550.jpg,100232345559807,1595582149500,
2994014337508968,Normal_asphalt,asphalt,excellent,True,1024,768,True,118610,69ce2e799ce6cb7a9ada564ed1c56c5206ac7e890bc5de71b09d173cf139f93a,data/raw/v2/streetsurfacevis/s_1024/2994014337508968.jpg,100474358864037,1472587738000,
299401561729861,Unpaved_road,unpaved,intermediate,True,1024,768,True,197077,f9db0df1a1fc410a2248815b320b73f95fb24c093295fff8655ebc6b8832e915,data/raw/v2/streetsurfacevis/s_1024/299401561729861.jpg,101675185408053,1562568935515,
299423584975253,Normal_asphalt,asphalt,excellent,True,1024,768,True,148476,e09f79bed3318d5665ca60546fa01e67a0596d1bf3a8699b44538a2e316c044a,data/raw/v2/streetsurfacevis/s_1024/299423584975253.jpg,101106178803146,1554648874774,
299518171720053,Normal_asphalt,asphalt,excellent,True,1024,768,True,60848,b178184dbb22b6644b0f0457c1b14b51daa01e6d2b87cd4d40c80ea17e305d73,data/raw/v2/streetsurfacevis/s_1024/299518171720053.jpg,108989461335930,1582703021072,
299541771786423,Unpaved_road,unpaved,intermediate,True,1024,768,True,160042,3d210450fd992c72c1fc7114acdba120d19e3b74fb8a3c12f80dec7af2eacc6a,data/raw/v2/streetsurfacevis/s_1024/299541771786423.jpg,110282201203825,1591184311830,
2998580197125142,Unpaved_road,unpaved,intermediate,True,1024,768,True,200580,219cc597dfcc022bb2141ed32d74a39b879feb4b28bb73699cc395b1e3b9e498,data/raw/v2/streetsurfacevis/s_1024/2998580197125142.jpg,100232345559807,1635936805231,
299913678533733,Unpaved_road,unpaved,very_bad,True,1024,768,True,294404,731895b1d1da08291c8dca1ed877d608106886968fdbb64a40ee29bb7ef29e54,data/raw/v2/streetsurfacevis/s_1024/299913678533733.jpg,105684068336969,1560168154401,
300373758281980,Unpaved_road,unpaved,bad,True,1024,767,True,100361,b01635f0339354243cfe758ec998bea3de36d83b5452e7dfda1aab58dc46443c,data/raw/v2/streetsurfacevis/s_1024/300373758281980.jpg,106692581568242,1502726275000,
3004971279627911,Normal_asphalt,asphalt,excellent,True,1024,768,True,127688,424e0cd75f38f40ba32f6a7999531f5eb3fb8f94212cd6790b4979baf2e755e0,data/raw/v2/streetsurfacevis/s_1024/3004971279627911.jpg,108354611399818,1590844918084,
3005165769759981,Normal_asphalt,asphalt,excellent,True,1024,576,True,121646,1df88acb2774c721224b7f99f8e3d88c58f1e13443d8fff8ba528a06bb4a9772,data/raw/v2/streetsurfacevis/s_1024/3005165769759981.jpg,105534541681944,1555752542811,
3005707156332369,Normal_asphalt,asphalt,excellent,True,1024,768,True,140459,f3b25f41059193f1e30ba3e1f07205a99e1969f1cec4d37e9760a33a24ea1725,data/raw/v2/streetsurfacevis/s_1024/3005707156332369.jpg,101085722134936,1503836368794,
300585424924842,Normal_asphalt,asphalt,excellent,True,1024,768,True,212316,f8ede37c66cbd68dc63eb351d5f2e66cf8367935ab25c86137f231453ac3ce00,data/raw/v2/streetsurfacevis/s_1024/300585424924842.jpg,104526851788293,1554038596000,
300679328256360,Normal_asphalt,asphalt,excellent,True,1024,576,True,70887,556e8d134feb8702bec4a99431a5f27e1af7704418c525665f6c432c3f7eecfd,data/raw/v2/streetsurfacevis/s_1024/300679328256360.jpg,100474358864037,1593064732023,
3007699956181786,Unpaved_road,unpaved,intermediate,True,1024,576,True,171655,422e1119c482ef3a844d97ad7130b7f5c909d7b65661a9feb5dd26c14057f67d,data/raw/v2/streetsurfacevis/s_1024/3007699956181786.jpg,101442708769899,1575709243362,
300821805821489,Normal_asphalt,asphalt,excellent,True,1024,768,True,63840,7b176fe9791b6e56f955fc8735afc52aa97a6fed540167b25379a1e2108b26f6,data/raw/v2/streetsurfacevis/s_1024/300821805821489.jpg,100232345559807,1705321833683,
300956811639234,Unpaved_road,unpaved,intermediate,True,1024,768,True,166860,1724aab6d778ac9c8d72ec2a1dddfb2c6e2daacc3c66b398c72dc142f90646cb,data/raw/v2/streetsurfacevis/s_1024/300956811639234.jpg,109344581299907,1587561688000,
3010313522544184,Unpaved_road,unpaved,intermediate,True,1024,768,True,181318,272893c2edc185d8e8d868972f1259e3bf90d30194289983efab597b69c72f07,data/raw/v2/streetsurfacevis/s_1024/3010313522544184.jpg,107674238136176,1629633379094,
302428901464558,Normal_asphalt,asphalt,excellent,True,1024,473,True,70284,0200237722533a818019465d01b99731dae4c60a53784341f631b96e050cff75,data/raw/v2/streetsurfacevis/s_1024/302428901464558.jpg,103080845264750,1602859467000,
3025963084288316,Unpaved_road,unpaved,bad,True,1024,768,True,252573,514424007afae0e6c60de6ac12f2fdabd07fd54eb47255dbe72704f2a25a05f8,data/raw/v2/streetsurfacevis/s_1024/3025963084288316.jpg,103901361851883,1620047943000,
3027801274117022,Unpaved_road,unpaved,bad,True,1024,768,True,148595,0363449320638054e4321f1102918280bcbade6e8dd2bc4956c100c63902d140,data/raw/v2/streetsurfacevis/s_1024/3027801274117022.jpg,101658985409308,1436894040616,
302828498165649,Unpaved_road,unpaved,bad,True,1024,768,True,200676,5dd73d917d8ed74dbc2374e0dafe5b3293df8450d58f78fc89baaf998372e1e1,data/raw/v2/streetsurfacevis/s_1024/302828498165649.jpg,109115837985025,1531049785000,
303593837938660,Normal_asphalt,asphalt,excellent,True,1024,576,True,96456,525bfc63337d0988b892b928d18b63ef14ad26bff8a188b24040f76942a5f95e,data/raw/v2/streetsurfacevis/s_1024/303593837938660.jpg,109215107975476,1550927278000,
303618548032489,Unpaved_road,unpaved,bad,True,1024,768,True,270457,f5da1ca8817bb107a3ce4efc0e22ae553cffa678472af3c405503adba2dfdb89,data/raw/v2/streetsurfacevis/s_1024/303618548032489.jpg,109930501241347,1451612905000,
303805825164605,Unpaved_road,unpaved,intermediate,True,1024,768,True,209187,1dccde944ad2127cc41d87b4960fffcc9f99243bcbd4f99bae290606dd98e0fa,data/raw/v2/streetsurfacevis/s_1024/303805825164605.jpg,101834042469155,1649785707048,
3039824426240440,Normal_asphalt,asphalt,excellent,True,1024,768,True,92938,1aba5a821ddf83129993f7fd1da203139d261ecace08820982d280e9c9460a9d,data/raw/v2/streetsurfacevis/s_1024/3039824426240440.jpg,107674238136176,1622218496593,
304312067847151,Normal_asphalt,asphalt,excellent,True,1024,768,True,155412,2a59a3a991296d7b5509806b88487b99c7972552afb0bf2086baa33969ef5727,data/raw/v2/streetsurfacevis/s_1024/304312067847151.jpg,101106178803146,1570877082791,
3045702995674898,Unpaved_road,unpaved,bad,True,1024,768,True,226068,0c585716a1367b1a222c6a49b22177f162c875334952cc5d2e1c8fc94c2a6deb,data/raw/v2/streetsurfacevis/s_1024/3045702995674898.jpg,100232345559807,1631881982000,
304670958039856,Unpaved_road,unpaved,intermediate,True,1024,768,True,229918,76b2d52ee8aa845aa60bc65586e28de5faf7cad311f960521fae5ebe076f1237,data/raw/v2/streetsurfacevis/s_1024/304670958039856.jpg,110552844504419,1461336206000,
304928331099787,Normal_asphalt,asphalt,excellent,True,1024,576,True,82634,9c445de1a4ddb729f603437f7c13e5a1ef85a82419fd7cc3cea568fced43e330,data/raw/v2/streetsurfacevis/s_1024/304928331099787.jpg,108954524668583,1591276673000,
305110097720143,Normal_asphalt,asphalt,excellent,True,1024,768,True,113489,0eb9f8f642a13a60691b4cb379799310df9e6d8ab8e55fcbc3b555992f284aca,data/raw/v2/streetsurfacevis/s_1024/305110097720143.jpg,104081465166409,1495385219271,
305246844435334,Unpaved_road,unpaved,very_bad,True,1024,768,True,169840,e1a8e3806e63c41b4ce145127ddd50613b3ee75c185ee6d0e6743b90944f4f65,data/raw/v2/streetsurfacevis/s_1024/305246844435334.jpg,106008994971903,1618158322000,
3053502121560968,Normal_asphalt,asphalt,excellent,True,1024,768,True,74997,c3eaa974df3c20117b803523ff07f7fdd7ccdb3a6b0e8f5522e10138adb90b0c,data/raw/v2/streetsurfacevis/s_1024/3053502121560968.jpg,103828185188502,1450449664849,
305465144955443,Unpaved_road,unpaved,bad,True,1024,768,True,152653,74f7b6091c268e01f5205b38103521a81730b0eac245095797981a13bca1732e,data/raw/v2/streetsurfacevis/s_1024/305465144955443.jpg,100232345559807,1643466756000,
305501987739145,Normal_asphalt,asphalt,excellent,True,1024,768,True,140198,df4e2e7f3ae74dbe7bf681932b5c57e9d284888a23fb58f19cca91915ee582b3,data/raw/v2/streetsurfacevis/s_1024/305501987739145.jpg,105031388403330,1526220457000,
305512191335125,Normal_asphalt,asphalt,excellent,True,1024,576,True,70055,be45995cc1be3afff4582874d34d2962264295ca1c550baa55a09f670d10e814,data/raw/v2/streetsurfacevis/s_1024/305512191335125.jpg,102099175369556,1640358723993,
3056231161319767,Unpaved_road,unpaved,intermediate,True,1024,768,True,154776,eafd511e9c235b4d6e2bbccfa775961e007fa3b4fa8137a4e5b9db9ed3cbce3c,data/raw/v2/streetsurfacevis/s_1024/3056231161319767.jpg,105490881690337,1566987946500,
305813591144874,Normal_asphalt,asphalt,excellent,True,1024,768,True,120122,4ad6ae3e0e46c9b7bbc185aec20deb1c984a30490d33f844e3cb1074cd71bc6c,data/raw/v2/streetsurfacevis/s_1024/305813591144874.jpg,102609045317136,1605436995000,
305994074516510,Normal_asphalt,asphalt,excellent,True,1024,576,True,140506,3a85e64ff2e0134f66d746eaa62c5fb02c6d7285f546ed38c8d1c65bbd7af725,data/raw/v2/streetsurfacevis/s_1024/305994074516510.jpg,100562292188203,1620048654630,
306342574430217,Unpaved_road,unpaved,intermediate,True,1024,768,True,191287,08390c98529d56d7ed74a7f6418df376c60f85269b968ddccda3421f4dc06985,data/raw/v2/streetsurfacevis/s_1024/306342574430217.jpg,100474358864037,1555437447000,
306885490806312,Normal_asphalt,asphalt,excellent,True,1024,768,True,90064,074cf23b0e2e8da9634198a01c32fcbcb36670156f6427dd1b37fcc07518d9fc,data/raw/v2/streetsurfacevis/s_1024/306885490806312.jpg,102923368613804,1506757998147,
3068877486676504,Unpaved_road,unpaved,very_bad,True,1024,768,True,141196,426a02c4649c227a1e727fa64275dad4b5745d327ab15033b6a92c79ec906733,data/raw/v2/streetsurfacevis/s_1024/3068877486676504.jpg,103901361851883,1627908863000,
306969337561298,Unpaved_road,unpaved,intermediate,True,1024,576,True,174186,40738dcb4c844a97ebe4d2abc0c65d263cd99990c4920f6917936820129507e3,data/raw/v2/streetsurfacevis/s_1024/306969337561298.jpg,100869315495479,1559226060000,
307251460893004,Normal_asphalt,asphalt,excellent,True,1024,768,True,74126,6d3da32c765d3bf2d8c90283e649d6c5dcb490ced16980049f8f18aabc4b3b0f,data/raw/v2/streetsurfacevis/s_1024/307251460893004.jpg,109752671252812,1516969637314,
307347601002163,Normal_asphalt,asphalt,excellent,True,1024,576,True,94226,7840b6d1ba3b6aa7af9b75e2d5df0e8bfaa25bf37245e44161f0902095793b47,data/raw/v2/streetsurfacevis/s_1024/307347601002163.jpg,100474358864037,1614001277523,
307491000995071,Unpaved_road,unpaved,bad,True,1024,768,True,254362,d71d0e0fe8361acf80b2330192599068edb17f4530780f6ee36f2b26c4dc68b2,data/raw/v2/streetsurfacevis/s_1024/307491000995071.jpg,104261288481574,1469182892000,
307619874692120,Unpaved_road,unpaved,very_bad,True,1024,576,True,180830,c722aef01e87f0fd2da2e7e5f43ea0e0d45b5eead40fe470c3e5686bb663a196,data/raw/v2/streetsurfacevis/s_1024/307619874692120.jpg,103863125190015,1649858161698,
3076707925877130,Unpaved_road,unpaved,very_bad,True,1024,768,True,164997,afae82daa1ea7ade92f5616caa0c0f64d0c507cf2ae2c81ec9262f7c71300325,data/raw/v2/streetsurfacevis/s_1024/3076707925877130.jpg,100232345559807,1639396059000,
308046217438600,Unpaved_road,unpaved,bad,True,1024,576,True,238307,881341a6b6ab556ff8b8123fa7a31b659beb357f8babece0d02edb898dbb12aa,data/raw/v2/streetsurfacevis/s_1024/308046217438600.jpg,102488681996897,1567329197398,
308204887337167,Normal_asphalt,asphalt,excellent,True,1024,768,True,136371,c2dafbf5243649040144094a1d78f6cf309dec30930fafff6f5d2f709c4172c4,data/raw/v2/streetsurfacevis/s_1024/308204887337167.jpg,101671905412059,1522850024960,
308218220651010,Unpaved_road,unpaved,very_bad,True,1024,768,True,318185,f6c89646eb18777cd5d4d8097e8b24b97b1d5030663fbdbef8a46ac2c2528a81,data/raw/v2/streetsurfacevis/s_1024/308218220651010.jpg,110208441206053,1539864350216,
3082234088676062,Unpaved_road,unpaved,intermediate,True,1024,576,True,172626,142af4d6d6de06dfef3428dab8f5ff66339eafd52f716dce950557a691feeffb,data/raw/v2/streetsurfacevis/s_1024/3082234088676062.jpg,104810875092616,1587490902993,
308281394171881,Unpaved_road,unpaved,intermediate,True,1024,768,True,242071,59c4a14e09c66bf642c9a69a525d98f94fee823a810ef2dd6a163e111b796b94,data/raw/v2/streetsurfacevis/s_1024/308281394171881.jpg,105427021697759,1614353598736,
3084814318416760,Unpaved_road,unpaved,intermediate,True,1024,768,True,197562,cb1c692bbded55e7f1a4e11d5cf29fc58da5303341688ec6b0472c48d73fd4d1,data/raw/v2/streetsurfacevis/s_1024/3084814318416760.jpg,101992328712989,1495107553279,
308581817542011,Unpaved_road,unpaved,bad,True,1024,768,True,213544,25e76719e4c50ff61ccfcd27791a35ec723dfb440f33afae2200211a2c3f26c4,data/raw/v2/streetsurfacevis/s_1024/308581817542011.jpg,111050921126817,1584881696871,
308706237379808,Unpaved_road,unpaved,bad,True,1024,768,True,146093,7adb1ee8984e8e1fc366b47aae2918c6dc414d3f6560fbea1f8c2c605217606a,data/raw/v2/streetsurfacevis/s_1024/308706237379808.jpg,109115837985025,1590586875000,
308941933935613,Normal_asphalt,asphalt,excellent,True,1024,768,True,100649,727ed2f070474f7cfb64621e9aaf2d2d0e66cf5011febf9a0f2e0378ab7471a3,data/raw/v2/streetsurfacevis/s_1024/308941933935613.jpg,104984298408021,1527425239515,
3094430640772024,Normal_asphalt,asphalt,excellent,True,1024,768,True,166343,b1ae359ec46503193c8b2aea9cacb9f11f90513b101636ddac53ddf2f9df7664,data/raw/v2/streetsurfacevis/s_1024/3094430640772024.jpg,102609045317136,1569316243000,
3095304510714453,Unpaved_road,unpaved,intermediate,True,1024,768,True,116867,cec9cce1a31ec93576fae6cddfc8df22a481df613f5c5fe2ba082637dd2e029d,data/raw/v2/streetsurfacevis/s_1024/3095304510714453.jpg,105869161792248,1632549483085,
309596187410604,Normal_asphalt,asphalt,excellent,True,1024,768,True,77903,a91289d194934ba93d5dcd8aa28bc5111a47aaaa9b364a54389de9309c277fcd,data/raw/v2/streetsurfacevis/s_1024/309596187410604.jpg,109215107975476,1509555545000,
309914780650329,Normal_asphalt,asphalt,excellent,True,1024,768,True,86120,73111b2c9a397fe3cc756aef0b22858e7406a4d311ccabb5dc4013d599985ff3,data/raw/v2/streetsurfacevis/s_1024/309914780650329.jpg,108954524668583,1581248580000,
310188140504802,Normal_asphalt,asphalt,excellent,True,1024,576,True,88196,0cbb5ab2619e6784ef13942a555a81313a756ae46e306ad090ba7c9afe24426e,data/raw/v2/streetsurfacevis/s_1024/310188140504802.jpg,100474358864037,1595347567523,
310469060783737,Unpaved_road,unpaved,very_bad,True,1024,576,True,192095,45db960078d1fc48f6e11721ff6a4222b61441998519387f1106eb833eef3d75,data/raw/v2/streetsurfacevis/s_1024/310469060783737.jpg,104522365117519,1577355366577,
310586990610483,Normal_asphalt,asphalt,excellent,True,1024,768,True,104242,38cde552b250d0355705e1ac34534513c574bc0c02a78d9301ad53cd07ec2666,data/raw/v2/streetsurfacevis/s_1024/310586990610483.jpg,100232345559807,1597307598192,
310615817170513,Unpaved_road,unpaved,intermediate,True,1024,768,True,219404,3d4d6add683fdad5edc652d88d948398e33ed3e55416edb8811536f47ae2d7ba,data/raw/v2/streetsurfacevis/s_1024/310615817170513.jpg,110396794526009,1605699086000,
310716197237795,Normal_asphalt,asphalt,excellent,True,1024,576,True,171173,b0235ba959d1bf5933baac6c6752fe989ff99dd556e3e62dee5793400b19592f,data/raw/v2/streetsurfacevis/s_1024/310716197237795.jpg,109803481248732,1532855092249,
310856043892136,Normal_asphalt,asphalt,excellent,True,1024,768,True,131417,baaa284b4caf09d2e10dc0b9ba8e3bc8e4e6b5e53e08e927953c455db22ce692,data/raw/v2/streetsurfacevis/s_1024/310856043892136.jpg,102103825368055,1506172829000,
311282560438173,Normal_asphalt,asphalt,excellent,True,1024,768,True,67634,5b8a311be76afd45e5d826f35d10c3a69fa89ce136bc0b34e44c737d7a21ee4b,data/raw/v2/streetsurfacevis/s_1024/311282560438173.jpg,108989461335930,1584289923215,
3113026178947674,Unpaved_road,unpaved,bad,True,1024,768,True,170186,6a7b6e9709f521026b999ed63e64677fd7bdcb02d1ec8154c2d2703d93ef7116,data/raw/v2/streetsurfacevis/s_1024/3113026178947674.jpg,103901361851883,1658327620000,
311458430387302,Normal_asphalt,asphalt,excellent,True,1024,576,True,90208,aa6aeabfd1768ce76e798569eb687f5de8d22fd5f31ff18ac621fb9056e94c12,data/raw/v2/streetsurfacevis/s_1024/311458430387302.jpg,102637281980350,1596188887022,
312093003685645,Unpaved_road,unpaved,bad,True,1024,768,True,200673,11b879dc9cec35a81abdde253b916ea843b7fa75941005b6ecc1571d5882a3b9,data/raw/v2/streetsurfacevis/s_1024/312093003685645.jpg,110552844504419,1498070182000,
312618196915273,Unpaved_road,unpaved,bad,True,1024,768,True,294351,d4d0313c97b9e7e0142f072d73d9b7014643e640a68cded8928f64585ccf05ab,data/raw/v2/streetsurfacevis/s_1024/312618196915273.jpg,102565168654602,1550582876501,
312977720348815,Normal_asphalt,asphalt,excellent,True,1024,768,True,90560,3488252a09cde7372890851d03f11fe6cfc4614fa89a91709e8df6dde764488d,data/raw/v2/streetsurfacevis/s_1024/312977720348815.jpg,101106178803146,1553881162787,
3131753307060992,Unpaved_road,unpaved,very_bad,True,1024,768,True,147637,2b52af7df6e3a9300bf1909605d9b92b29805ac67069a1b1c09a0e5cfdf00bf2,data/raw/v2/streetsurfacevis/s_1024/3131753307060992.jpg,100232345559807,1577537561640,
313191891433652,Normal_asphalt,asphalt,excellent,True,1024,768,True,122606,48a235ef7aae9162600854d3ad9fa8dce70544d6c1026510069d7b05853c5833,data/raw/v2/streetsurfacevis/s_1024/313191891433652.jpg,102609045317136,1695570971000,
313342543593864,Unpaved_road,unpaved,bad,True,1024,768,True,199455,77e22d0f70d2b3c63c7a518872c5aedd4db9c3b560143b999ae13fa2d7d92f0a,data/raw/v2/streetsurfacevis/s_1024/313342543593864.jpg,107164461520710,1621147696027,
313451570363944,Normal_asphalt,asphalt,excellent,True,1024,768,True,102554,77edb44e5b48c13db1083037900c75352146ea62c4c46f3b93ba132b28bd053f,data/raw/v2/streetsurfacevis/s_1024/313451570363944.jpg,102627028648372,1564398365000,
313526786962632,Unpaved_road,unpaved,intermediate,True,1024,768,True,215733,fdea4ffea3b32d9309398e2b2d1cf40d04b5f4e9e9827d0a00bd5bef687a82ea,data/raw/v2/streetsurfacevis/s_1024/313526786962632.jpg,100232345559807,1614783796500,
313930370330244,Unpaved_road,unpaved,intermediate,True,1024,768,True,215317,770c756a690ffb1565dfc53c54953fa9c333616cc141e269c1a27a3c3b895b31,data/raw/v2/streetsurfacevis/s_1024/313930370330244.jpg,100232345559807,1621438742500,
314019420120419,Unpaved_road,unpaved,intermediate,True,1024,768,True,73191,01af4ad808776919d11270adf00968ffe19801028e6a51bc4af12f8ba10119df,data/raw/v2/streetsurfacevis/s_1024/314019420120419.jpg,103606985215406,1525168868342,
3141949836128136,Normal_asphalt,asphalt,excellent,True,1024,768,True,187185,136842c68888fd564e3db1889f7a0810de3d594dfc8e22d7fb291570b3a03fc9,data/raw/v2/streetsurfacevis/s_1024/3141949836128136.jpg,100232345559807,1644669252000,
314571826842492,Normal_asphalt,asphalt,excellent,True,1024,768,True,122356,6e5cd6f98393c2ddcbbb11459aca0677ab4ad817c19fc4b1ccd150f952d7800e,data/raw/v2/streetsurfacevis/s_1024/314571826842492.jpg,103670331876235,1563710126630,
314577030186053,Normal_asphalt,asphalt,excellent,True,1024,768,True,212063,ecd3d71f54e1893a21afe7fe1cdce882c81210a0fc16a4ae587450b4c462c30a,data/raw/v2/streetsurfacevis/s_1024/314577030186053.jpg,101809942064562,1532876625190,
314618040318497,Unpaved_road,unpaved,very_bad,True,1024,768,True,131677,ee52be3261439724ef61f68ce36270081f5ce06698abd447320de463fe362505,data/raw/v2/streetsurfacevis/s_1024/314618040318497.jpg,103901361851883,1621948009000,
314823426770955,Unpaved_road,unpaved,bad,True,1024,768,True,200967,1f1c7dfb1150cf0f95a5a7561dfba423a61180bef92228fdef37e7f91c1b1f87,data/raw/v2/streetsurfacevis/s_1024/314823426770955.jpg,107164461520710,1610182365042,
3148338475484320,Unpaved_road,unpaved,intermediate,True,1024,768,True,247465,79e90b61cbdd2a3e8bfb195dd66a57c74ad99986555d3e00b9edb6d3c80a532a,data/raw/v2/streetsurfacevis/s_1024/3148338475484320.jpg,101442708769899,1651932419000,
317036996442814,Normal_asphalt,asphalt,excellent,True,1024,576,True,83801,9fd77997bb6ad3a1e16296fa837905ddfd4b488089ca13449cfccef0d1bba144,data/raw/v2/streetsurfacevis/s_1024/317036996442814.jpg,107765738126751,1608387883000,
318188179696878,Unpaved_road,unpaved,intermediate,True,1024,768,True,207845,1711bca747c8206fe893d7c6f53a2b99631352cb576de0525b9e673dafe1af1c,data/raw/v2/streetsurfacevis/s_1024/318188179696878.jpg,108354611399818,1585237118000,
318946543303021,Unpaved_road,unpaved,bad,True,1024,768,True,211717,1f186d5be7c2d30e237ed231392b95514629a95c56e8d1ea23f2f231c7accc6b,data/raw/v2/streetsurfacevis/s_1024/318946543303021.jpg,100232345559807,1628696519000,
3193567950870114,Unpaved_road,unpaved,intermediate,True,1024,768,True,132451,e7596300539d60ae6951529137a8e371c681c4a8418bc91cf8b51f9a4e954bf3,data/raw/v2/streetsurfacevis/s_1024/3193567950870114.jpg,106976494872761,1610633128944,
319393266204305,Unpaved_road,unpaved,intermediate,True,1024,768,True,190319,993614e97bfa01577433215137d70edb5561a4c50482cb617d6bb101922e5bc4,data/raw/v2/streetsurfacevis/s_1024/319393266204305.jpg,109689944596904,1560082505000,
319703229602470,Normal_asphalt,asphalt,excellent,True,1024,759,True,66394,90f76841e6667f032e6c0f1e036846fc470d997ec787ff5d4cf39e504a44ece2,data/raw/v2/streetsurfacevis/s_1024/319703229602470.jpg,100149555563961,1523555403246,
3197783310438113,Unpaved_road,unpaved,bad,True,1024,768,True,148478,2e2b970ef75bc9ab665f20ec64f192e079e6d54e39a79b8af620cfda219550f3,data/raw/v2/streetsurfacevis/s_1024/3197783310438113.jpg,100191919180290,1655558238022,
320064329469543,Normal_asphalt,asphalt,excellent,True,1024,768,True,129202,c212a4560727733efccb55ceedd38635230a8a8f77c139134ff50337b4763787,data/raw/v2/streetsurfacevis/s_1024/320064329469543.jpg,105448835029055,1597936009000,
320633276131065,Unpaved_road,unpaved,bad,True,1024,768,True,124664,aba63c34355546f3bd059cc375ddda467620795bd238b406cd33b5de957fe0a8,data/raw/v2/streetsurfacevis/s_1024/320633276131065.jpg,103901361851883,1617714504000,
3212341732346224,Unpaved_road,unpaved,intermediate,True,1024,768,True,233980,b7f9a975dac56336f6d2217abd022ad2f32c16e5cfb17db54bff45f2f8cfaca7,data/raw/v2/streetsurfacevis/s_1024/3212341732346224.jpg,108354611399818,1651335950044,
321278840179293,Unpaved_road,unpaved,very_bad,True,1022,460,False,110619,f36f1e6d846e931c2a11268b112351c62d7e24820ccc773f868d276a4e173517,data/raw/v2/streetsurfacevis/s_1024/321278840179293.jpg,102468835332129,1653384617578,
321323156258889,Unpaved_road,unpaved,bad,True,1024,768,True,244075,3cd3d201d0649560fce52a45ea33cab0105ee6f51b665478724dd76aedb28460,data/raw/v2/streetsurfacevis/s_1024/321323156258889.jpg,100232345559807,1622481029000,
322408935905617,Normal_asphalt,asphalt,excellent,True,1024,768,True,124778,3ca79ac280581548930b054de2aa17cadf6992eb04347a37b5d68d31cb7636e2,data/raw/v2/streetsurfacevis/s_1024/322408935905617.jpg,100232345559807,1610982413500,
323186369159822,Normal_asphalt,asphalt,excellent,True,1024,768,True,141089,22743f088b98286a77ab75fcfc065bd1d70ee53a5b3c9f92d79e6d79dce67e7b,data/raw/v2/streetsurfacevis/s_1024/323186369159822.jpg,102609045317136,1621712340000,
323488683485266,Unpaved_road,unpaved,intermediate,True,1024,768,True,179529,defb2bc822fe9cd52ad293c38b05f0b19a25963f26ad25fb3b7e24a2be0b2e4d,data/raw/v2/streetsurfacevis/s_1024/323488683485266.jpg,100232345559807,1693830641500,
324092249791544,Unpaved_road,unpaved,intermediate,True,1024,768,True,126828,8f1d5b75133e057e821bd8b9dc7c24569ef4cf0968a2af998a10df730f78b87f,data/raw/v2/streetsurfacevis/s_1024/324092249791544.jpg,100191919180290,1650024891048,
324757288990516,Normal_asphalt,asphalt,excellent,True,1023,632,False,99623,c34b8e3c8367765c540ee098f6fd056648ede7bdf296e662ab7c7e0709c237e8,data/raw/v2/streetsurfacevis/s_1024/324757288990516.jpg,103897598518257,1467641887000,
325233985619121,Unpaved_road,unpaved,bad,True,1024,576,True,145769,9e9f8984a73f326bdc0364de5a3be95d7eec727a02e8e7177ae96806108e110b,data/raw/v2/streetsurfacevis/s_1024/325233985619121.jpg,110054007887402,1538924563886,
325264672537808,Normal_asphalt,asphalt,excellent,True,1024,768,True,151469,9a500fd1ddd9833611d7bfa289666172dce4b3da6aa1a8146a6ac3d6d660c885,data/raw/v2/streetsurfacevis/s_1024/325264672537808.jpg,108567644711838,1473851685337,
327462225415251,Unpaved_road,unpaved,bad,True,1024,768,True,212128,7b70c8cf558c75c0641deae3e7beb9fa6750455349ccf7811439cef1e7b5a547,data/raw/v2/streetsurfacevis/s_1024/327462225415251.jpg,102468835332129,1599903235121,
327774688709546,Unpaved_road,unpaved,intermediate,True,1024,768,True,154970,fd5a698224962dfbb4324eaf78429d4b5f0e919815aa420ec10efb04f1f87a5a,data/raw/v2/streetsurfacevis/s_1024/327774688709546.jpg,110552844504419,1498072702000,
328089486133724,Normal_asphalt,asphalt,excellent,True,1024,768,True,163173,89b962b1b178c076164d221c8b4fd0d06059b47183124ee9202fcb182d735e5f,data/raw/v2/streetsurfacevis/s_1024/328089486133724.jpg,104115958497622,1651669504795,
328430092006459,Normal_asphalt,asphalt,excellent,True,1024,768,True,169527,4f8095341d66d8a5932258f42328e224aaae25e62f972df1120a193805a43838,data/raw/v2/streetsurfacevis/s_1024/328430092006459.jpg,102609045317136,1562439477000,
328917571983441,Unpaved_road,unpaved,bad,True,1024,768,True,225536,f839dcb689201a69b8714f0b9c0253f82b2c7cc9e3ec78af291862cf8b18dc68,data/raw/v2/streetsurfacevis/s_1024/328917571983441.jpg,109215107975476,1427119323000,
3296300164001974,Normal_asphalt,asphalt,excellent,True,1024,768,True,133414,0cd81a86fcb02ecd578c8964c0418f61632e00600b7cb27039c0f9cbe288ffa8,data/raw/v2/streetsurfacevis/s_1024/3296300164001974.jpg,107965371439004,1690200025000,
330015955175896,Unpaved_road,unpaved,intermediate,True,1024,768,True,219788,a6504a7ef8c5446d6ad3387ab5e18979ea4d8e548a823ed992855b8c4d4bcf03,data/raw/v2/streetsurfacevis/s_1024/330015955175896.jpg,100232345559807,1619800182500,
3303463483199859,Normal_asphalt,asphalt,excellent,True,1024,768,True,130003,f81bc39b9aeef15217c6cb9a3fdc0ec72786d713cf87923828a28eba10713d0f,data/raw/v2/streetsurfacevis/s_1024/3303463483199859.jpg,100232345559807,1661442616000,
330589609627553,Normal_asphalt,asphalt,excellent,True,1024,576,True,79721,c429e71c4a9e949e65d7727816e9647247d8bdd8dc6467398e0906621c44e3ed,data/raw/v2/streetsurfacevis/s_1024/330589609627553.jpg,107043664866577,1696935225600,
3305961136297203,Normal_asphalt,asphalt,excellent,True,1024,576,True,64436,228f7bbc5e0ab7b11444c9754768d7d32b57fea314c4838324d5c71ee55087be,data/raw/v2/streetsurfacevis/s_1024/3305961136297203.jpg,100474358864037,1598546814126,
330694479051507,Normal_asphalt,asphalt,excellent,True,1024,576,True,50679,c7547eeed843736ab847a5b269bf30ee86d822c440e232aa9f53615df8dae782,data/raw/v2/streetsurfacevis/s_1024/330694479051507.jpg,104317355143070,1653827356178,
331026135859015,Unpaved_road,unpaved,bad,True,1022,460,False,92408,fd9aea099688bb287d0e1cfe17c0bd96a76cabd6a02a0845c5ced69c8c7e0056,data/raw/v2/streetsurfacevis/s_1024/331026135859015.jpg,102468835332129,1654518463077,
331130671845439,Normal_asphalt,asphalt,excellent,True,1024,768,True,120544,aecce705e14820c7e58a088b8b1a58dfdd39fe85ef2f19b5af49290ac9bd65ce,data/raw/v2/streetsurfacevis/s_1024/331130671845439.jpg,100232345559807,1625561618500,
331279442046668,Unpaved_road,unpaved,intermediate,True,1024,768,True,253020,e243765218c51bdf787c0672a3f86dcfba3a8994f3f3ee754b02b48252eded54,data/raw/v2/streetsurfacevis/s_1024/331279442046668.jpg,102124648700555,1621096008000,
331663091703521,Normal_asphalt,asphalt,excellent,True,1024,768,True,138856,b00717faa8bca4364e131b177e326c81e379fa3027b211b16cd819e1ec53d9cb,data/raw/v2/streetsurfacevis/s_1024/331663091703521.jpg,104810875092616,1556361515495,
3319003118320411,Unpaved_road,unpaved,bad,True,1024,576,True,213422,5bc9950af9d0faac58eeb8953e208af76745c981f972a7c20c7568fa3c531a29,data/raw/v2/streetsurfacevis/s_1024/3319003118320411.jpg,102468835332129,1688810522103,
332419048239466,Normal_asphalt,asphalt,excellent,True,1024,768,True,109910,f0c97522602c1f4c04e63535818e62c85088fc976fed2b804a4af11b820c2359,data/raw/v2/streetsurfacevis/s_1024/332419048239466.jpg,101020912145314,1619185618893,
332550431794264,Unpaved_road,unpaved,intermediate,True,1024,768,True,205118,d65c37420589cbc4374439113a674c308e07ba7dee308fd8afcbcfd6cd0d5a36,data/raw/v2/streetsurfacevis/s_1024/332550431794264.jpg,110552844504419,1503509101000,
333486031548961,Unpaved_road,unpaved,very_bad,True,1024,768,True,205342,f2772d7dc553de9bdbcccf201235a2a514e2c8d31955dbb38a9e63121bb4e68a,data/raw/v2/streetsurfacevis/s_1024/333486031548961.jpg,103901361851883,1621516302000,
334217261469217,Normal_asphalt,asphalt,excellent,True,1024,768,True,104599,1522f85d1d87ce13a2f787dbfb3fb43adf51ebd3db7a2a075d6977300346d9bd,data/raw/v2/streetsurfacevis/s_1024/334217261469217.jpg,110552844504419,1530376466000,
334540182574938,Normal_asphalt,asphalt,excellent,True,1024,768,True,151139,df481d625973a0663eeb68248d887a54168796a67e78bd88949823e42e44c498,data/raw/v2/streetsurfacevis/s_1024/334540182574938.jpg,102609045317136,1693728685000,
334570768194607,Unpaved_road,unpaved,bad,True,1024,768,True,149995,917ba129b0a454256c2ad28e64d8eb9d77425fb9a5d9e45c6e3aab877b91fca2,data/raw/v2/streetsurfacevis/s_1024/334570768194607.jpg,103901361851883,1593604330000,
3348167028730441,Normal_asphalt,asphalt,excellent,True,1024,768,True,137479,ec61dbac819e8fd6335d4df060735e8077715ca5e753c2206cbd9b1b17630c13,data/raw/v2/streetsurfacevis/s_1024/3348167028730441.jpg,100232345559807,1454225170500,
335568087902604,Unpaved_road,unpaved,very_bad,True,1024,576,True,143079,1af63a3013d073601b6e1e54ec5355dd18a0a90f1f1fb330414346c2b8b7a660,data/raw/v2/streetsurfacevis/s_1024/335568087902604.jpg,101020912145314,1593283393753,
336220424907857,Normal_asphalt,asphalt,excellent,True,1024,768,True,137368,e1f5902c870812e5a9a6de432e9cb1c4047a56b4341c6b6e750cbd9a455a27fa,data/raw/v2/streetsurfacevis/s_1024/336220424907857.jpg,101106178803146,1563107709776,
336465017813898,Unpaved_road,unpaved,intermediate,True,1024,768,True,222411,dde1f585c46b9a8c60452b13e55a1db835ae41bf2326826504e0746408db0939,data/raw/v2/streetsurfacevis/s_1024/336465017813898.jpg,110552844504419,1494077430000,
336494615103507,Unpaved_road,unpaved,intermediate,True,1023,575,False,147476,42694faec2051bc555c522ec2520c008414f0a556df01d5f0631362eb96257e9,data/raw/v2/streetsurfacevis/s_1024/336494615103507.jpg,109115837985025,1628066033859,
337962774349768,Normal_asphalt,asphalt,excellent,True,1024,768,True,138411,c0384b6ea559aad2fd1b2e1ed1ee9682e9472fd0671c4abbae7cb101b0a5162b,data/raw/v2/streetsurfacevis/s_1024/337962774349768.jpg,103792901858425,1536497278527,
338401257626965,Normal_asphalt,asphalt,excellent,True,1024,576,True,21846,944513aff535731030867c8334c1e12cba4a54ab1dcb82bfb7f6bde375ecdfc9,data/raw/v2/streetsurfacevis/s_1024/338401257626965.jpg,100474358864037,1598555232023,
340394988756876,Unpaved_road,unpaved,intermediate,True,1024,768,True,185781,d385bc02bfe9364142dade92c8220b64fb90a1af9241fdcdcf18b461e541af1e,data/raw/v2/streetsurfacevis/s_1024/340394988756876.jpg,110208441206053,1703860657641,
341069360868097,Unpaved_road,unpaved,bad,True,1024,768,True,234431,9bdb8eddcfcb8ad34a1c0215bae15981241e48c695dcb985f680941dd87be117,data/raw/v2/streetsurfacevis/s_1024/341069360868097.jpg,103901361851883,1622722069000,
341238477357950,Normal_asphalt,asphalt,excellent,True,1024,576,True,136088,0fc9df4a1f3932907bb3758a6e5dd7f3c90375bd9811ba2a07f38ac5155529ad,data/raw/v2/streetsurfacevis/s_1024/341238477357950.jpg,100562292188203,1619880758425,
3418706415126525,Unpaved_road,unpaved,bad,True,1024,576,True,208295,bcdad87fca43c1aeb50488cebf970e5761a5c0dbf582fe67357de7516c9519da,data/raw/v2/streetsurfacevis/s_1024/3418706415126525.jpg,102468835332129,1685272437277,
342097150639496,Unpaved_road,unpaved,intermediate,True,1024,768,True,203329,943588f8214b2f37ec255db9f3ac5216d9e164808705d536683aceb1e93e1a0c,data/raw/v2/streetsurfacevis/s_1024/342097150639496.jpg,100232345559807,1623660532500,
343314320579566,Unpaved_road,unpaved,bad,True,1024,768,True,146251,4b3f6c9632ea9a0acdd16a2d6e2b1c9c9a482efa58821bf908b18ec94134b7db,data/raw/v2/streetsurfacevis/s_1024/343314320579566.jpg,100232345559807,1626335942500,
343842900417019,Normal_asphalt,asphalt,excellent,True,1024,768,True,185374,3aebb3a327aa3136385b833bb18689a1dca70957bfc69789b8744156c18423d7,data/raw/v2/streetsurfacevis/s_1024/343842900417019.jpg,100232345559807,1618848001111,
3442420522646403,Unpaved_road,unpaved,bad,True,1024,896,True,230082,64b341f1375d03b81a0520f56b795d8b73feb4878213e4e069c1c42576881ae6,data/raw/v2/streetsurfacevis/s_1024/3442420522646403.jpg,100474358864037,1686683548650,
347849681097926,Normal_asphalt,asphalt,excellent,True,1023,575,False,115293,8b93b3c8e21480cd36c662b5e97a2a14e87dbcd375155853c158a65e99cccbd4,data/raw/v2/streetsurfacevis/s_1024/347849681097926.jpg,109115837985025,1699087435300,
348294383869882,Normal_asphalt,asphalt,excellent,True,1024,768,True,86889,82edebb49828515ee498818eb75c5746961377637153bb6ac372e3b96fe343b4,data/raw/v2/streetsurfacevis/s_1024/348294383869882.jpg,100981335478605,1645871978030,
3492722304335212,Normal_asphalt,asphalt,excellent,True,1024,576,True,64755,2e1f67234f84e55d86165a6d5a24e8b895e4babe584513e29dfbfb415912b9b4,data/raw/v2/streetsurfacevis/s_1024/3492722304335212.jpg,100474358864037,1684576798327,
3508498759421880,Unpaved_road,unpaved,intermediate,True,1024,768,True,232349,6777dcc03c1e1805a187c8528d33809433ee549af69980f008a7b073a0092ae9,data/raw/v2/streetsurfacevis/s_1024/3508498759421880.jpg,103550301888099,1685977643338,
352418246709695,Unpaved_road,unpaved,intermediate,True,1024,768,True,240662,66ffc3d4c278e93ed9b77846d73dfabbbf74f1695047b08cdd5c6be0c42b8f4d,data/raw/v2/streetsurfacevis/s_1024/352418246709695.jpg,100232345559807,1650196852500,
353697146813955,Unpaved_road,unpaved,bad,True,1024,768,True,283730,e0b6cceca0cb987972a8655d567ec0e320d59253498c565289402f2abd6006df,data/raw/v2/streetsurfacevis/s_1024/353697146813955.jpg,101834042469155,1650207423064,
355014816011795,Normal_asphalt,asphalt,excellent,True,1024,768,True,135087,92d2fb1e12ddefb3862920ad3e6e326c9542101fc32f42178100e53d2e6c6f5b,data/raw/v2/streetsurfacevis/s_1024/355014816011795.jpg,103165985261213,1592736497064,
3560270457409829,Unpaved_road,unpaved,bad,True,1024,768,True,277675,6c5d4f03fc67e2a65ca868c460702997b0d48bb4c120ad52d27def0ee0d05a06,data/raw/v2/streetsurfacevis/s_1024/3560270457409829.jpg,102468835332129,1598709260319,
356590106205100,Normal_asphalt,asphalt,excellent,True,1024,576,True,90521,78b27ef5d109acb512169483728ce3586864b14726bbcc07776e505b71fb3425,data/raw/v2/streetsurfacevis/s_1024/356590106205100.jpg,109842617910576,1632069630000,
3566061626828955,Normal_asphalt,asphalt,excellent,True,1024,576,True,59579,8641d500e0901c9c5010da31c6494fd3662623ac78d9ad0900ac1099e40f0dd7,data/raw/v2/streetsurfacevis/s_1024/3566061626828955.jpg,110434517855286,1567956457546,
357555085904190,Normal_asphalt,asphalt,excellent,True,1024,576,True,39525,ae3e500a1c9ced8a2808ce3edd7fcda8803091bbdd76870581e22009664080c8,data/raw/v2/streetsurfacevis/s_1024/357555085904190.jpg,109542971279440,1541603552955,
359650306452787,Normal_asphalt,asphalt,excellent,True,1023,575,False,89542,feb95ffba1dce91f7818bd16fe06dadf445ce5b16edfd3a3daf91230d0b91cfe,data/raw/v2/streetsurfacevis/s_1024/359650306452787.jpg,109115837985025,1699088473500,
360328642492051,Unpaved_road,unpaved,bad,True,1024,768,True,165538,6e0b43c81971efd05e0b0fe1c81ad6c52cd34a3c46115769f5e5b259f7b57745,data/raw/v2/streetsurfacevis/s_1024/360328642492051.jpg,102468835332129,1631523438177,
361261578657682,Unpaved_road,unpaved,intermediate,True,1024,768,True,205060,0b8106410f4c5ff238b600db7ac23ec51cb9b19de1649cf30153b6a17ee2b966,data/raw/v2/streetsurfacevis/s_1024/361261578657682.jpg,110296287863488,1413897795000,
3617479458358417,Unpaved_road,unpaved,intermediate,True,1024,768,True,221216,bad4e9ad4a28aaa271691e516129457a9de6d3ae16cc81b79dceeeac70845c81,data/raw/v2/streetsurfacevis/s_1024/3617479458358417.jpg,103314195244906,1550745549160,
362563355542478,Unpaved_road,unpaved,intermediate,True,1024,768,True,242669,080e039c6467659aa228583b1659b6637bcb7f22f568ebbedb68225f046a874d,data/raw/v2/streetsurfacevis/s_1024/362563355542478.jpg,100474358864037,1624810606270,
362595122758501,Normal_asphalt,asphalt,excellent,True,1024,768,True,148722,48e27d7440e242d69a6d565e0b1e21b95905b7f5b4f7db12f4d64d878e9bf78c,data/raw/v2/streetsurfacevis/s_1024/362595122758501.jpg,104779048429571,1695717610041,
364687708606147,Unpaved_road,unpaved,intermediate,True,1024,768,True,231216,e343a6fdd67d179b3d02cb46245afc3422a94d40f2a91a03432cc0fba90ea94e,data/raw/v2/streetsurfacevis/s_1024/364687708606147.jpg,100232345559807,1627208167500,
368215574543333,Unpaved_road,unpaved,bad,True,1024,768,True,262543,ac838e30573b549049ad2a61e64769a43d984d46232f573c477d2190a081d773,data/raw/v2/streetsurfacevis/s_1024/368215574543333.jpg,110552844504419,1461335783000,
368482281252013,Normal_asphalt,asphalt,excellent,True,1024,768,True,115997,ca899bf3f64a5d4b3de486365f42cc2c81b81a536ab9aa25c11b47fab3299909,data/raw/v2/streetsurfacevis/s_1024/368482281252013.jpg,100562292188203,1528702854649,
369283381177791,Normal_asphalt,asphalt,excellent,True,1024,768,True,102929,7f81672a07a5d8650df964bb86828bc08d566b57abdf8ef6955ed63dabecd340,data/raw/v2/streetsurfacevis/s_1024/369283381177791.jpg,108954524668583,1521046877000,
3696862880539552,Normal_asphalt,asphalt,excellent,True,1024,768,True,104497,143f0c8264c12f72fb4bd24a2ba971a05161c1a8d6bce5c30ea6d44e69fe0ff3,data/raw/v2/streetsurfacevis/s_1024/3696862880539552.jpg,107998954769035,1577789350529,
370239814407520,Unpaved_road,unpaved,intermediate,True,1024,576,True,131935,805e41bd7e0e9d96100163eacc2962b782e876a1afa14e08db1f1c7f6431817b,data/raw/v2/streetsurfacevis/s_1024/370239814407520.jpg,100869315495479,1559488903000,
371031741599335,Normal_asphalt,asphalt,excellent,True,1024,768,True,141828,4cb8030f23efbd5f38a33d90bc392c5fa9b23a38df0ea5669b77684beebcc27b,data/raw/v2/streetsurfacevis/s_1024/371031741599335.jpg,101545352092712,1613838136029,
371079307556507,Normal_asphalt,asphalt,excellent,True,1024,768,True,129056,dcab77bff0d223d79fa519eda3287e279562e8819e53b3d8e8f04dee1df2e400,data/raw/v2/streetsurfacevis/s_1024/371079307556507.jpg,105392615029240,1508857370000,
371500397615575,Unpaved_road,unpaved,bad,True,1024,768,True,236931,e75022f53b1f576c6d4df960e0114a666afc48c53f12725c803e3184dd693ce0,data/raw/v2/streetsurfacevis/s_1024/371500397615575.jpg,103390745232765,1559733754000,
372812111104887,Unpaved_road,unpaved,bad,True,1024,768,True,144293,f5245c0657cf86612a48870adb29af5e4035ff4a610c2a4d4973e402bca30c5a,data/raw/v2/streetsurfacevis/s_1024/372812111104887.jpg,100232345559807,1627048133597,
373318277455164,Unpaved_road,unpaved,bad,True,1024,768,True,305295,5129adcca2e981b56c6acdca5a006ee1b13188b76b4faecfb25eda686cba4a6b,data/raw/v2/streetsurfacevis/s_1024/373318277455164.jpg,110208441206053,1569660440276,
374042448386893,Unpaved_road,unpaved,intermediate,True,1024,768,True,176228,63fcb40343c7961e650eba2117150348c5d7041a49a74d150640f55ab1ed2198,data/raw/v2/streetsurfacevis/s_1024/374042448386893.jpg,105448835029055,1697896034370,
374072444016424,Unpaved_road,unpaved,intermediate,True,1024,1024,True,116498,c588edd832101ae5e5ecff317342aeb82781c465b04e06ed876ebb1534b9a215,data/raw/v2/streetsurfacevis/s_1024/374072444016424.jpg,104492055125986,1575541385290,
374158477689347,Normal_asphalt,asphalt,excellent,True,1024,768,True,130447,c375addf45afa7777b079852eb22898a0874a7506f1c8733d6f41724526cf4ee,data/raw/v2/streetsurfacevis/s_1024/374158477689347.jpg,100232345559807,1627465184500,
374609283921395,Unpaved_road,unpaved,intermediate,True,1024,768,True,233786,0a43ca627705a37cb572ca33c70250bd5d953928580c42d00fde6b247534b849,data/raw/v2/streetsurfacevis/s_1024/374609283921395.jpg,100232345559807,1612274656500,
3749103588533920,Unpaved_road,unpaved,intermediate,True,1024,768,True,155798,07620d8da37f7e2c06d22dd2af1fd4e7f23dfb4616a471a1cace06b5230a2564,data/raw/v2/streetsurfacevis/s_1024/3749103588533920.jpg,100232345559807,1607934256451,
376356100448933,Unpaved_road,unpaved,bad,True,1024,576,True,135978,e1d0451ca404d563493c67e6df8883a00603615e97dd269a82e83e5c7e24a694,data/raw/v2/streetsurfacevis/s_1024/376356100448933.jpg,100869315495479,1559488450000,
3763889367073367,Unpaved_road,unpaved,very_bad,True,1024,768,True,216625,e632f5c253fb4ddc45f2e03abe3f3bef2458a0aa2a8e3123d2bdb815bf8f0daa,data/raw/v2/streetsurfacevis/s_1024/3763889367073367.jpg,109115837985025,1536737298084,
376682303567995,Unpaved_road,unpaved,bad,True,1024,768,True,225233,fc02edef5ad6720e4f0f59d344c6f79da46a2aa1f1255880bf6c2e546e0155ed,data/raw/v2/streetsurfacevis/s_1024/376682303567995.jpg,109215107975476,1427119333000,
377935807525565,Unpaved_road,unpaved,intermediate,True,1024,768,True,113782,a9e393adc95c32b65fd4a0418e83c3bfd103699cede50373a630376462a29016,data/raw/v2/streetsurfacevis/s_1024/377935807525565.jpg,100232345559807,1648299928190,
378243810188212,Unpaved_road,unpaved,intermediate,True,1024,768,True,95604,3df38ddc334b9e9d68f431170817f05653ecfc79e57f1542f08cde7ab51e0548,data/raw/v2/streetsurfacevis/s_1024/378243810188212.jpg,101468878767508,1565866605593,
378337090152874,Normal_asphalt,asphalt,excellent,True,1024,576,True,74985,aeb5e307bddd5acdfc54c8a9bdbb583fd2a494592126c3beec1752b32702ae6d,data/raw/v2/streetsurfacevis/s_1024/378337090152874.jpg,102637281980350,1596188895522,
3788288421268604,Unpaved_road,unpaved,bad,True,1024,768,True,129151,bff7bde943257d9018840eb68981f6bb6415cc5e296c21bfb50d70599fa34af8,data/raw/v2/streetsurfacevis/s_1024/3788288421268604.jpg,110813861144220,1407314386000,
378957980103499,Normal_asphalt,asphalt,excellent,True,1024,768,True,136876,1f7663d8077a9c81e981bd527a7685ad61a55c3f019863223cc5662eaed7cb56,data/raw/v2/streetsurfacevis/s_1024/378957980103499.jpg,110282201203825,1593794081809,
379183430011705,Unpaved_road,unpaved,intermediate,True,1024,768,True,156548,09616c179084d4dba0a3556367cd3e3a25cf7b998c1fd73fcfada1558e6aa1d4,data/raw/v2/streetsurfacevis/s_1024/379183430011705.jpg,110396794526009,1524201831876,
379198763415428,Unpaved_road,unpaved,intermediate,True,1024,768,True,199225,b2113560678e0ebb5b7841e47d76af74fb797863dd5227f3abbd81cbac01956a,data/raw/v2/streetsurfacevis/s_1024/379198763415428.jpg,110282201203825,1617699471502,
379205610110770,Normal_asphalt,asphalt,excellent,True,1024,576,True,73850,02444d1888d797f632c0cd942224fbff273ce275aa7095ac0e4e8ded9f538df1,data/raw/v2/streetsurfacevis/s_1024/379205610110770.jpg,100562292188203,1618679124603,
379353960073764,Unpaved_road,unpaved,intermediate,True,1024,768,True,250906,efa06b50b728feb72fd6a5fa6d9eac4573649648c7a99c1f197db87674e77375,data/raw/v2/streetsurfacevis/s_1024/379353960073764.jpg,100268992218434,1600359323000,
380308839953189,Unpaved_road,unpaved,intermediate,True,1024,768,True,154764,f73d91aec2dac506b6aa11bb992a67c51955ce23f3804a0aa53dfce81c05e68b,data/raw/v2/streetsurfacevis/s_1024/380308839953189.jpg,100232345559807,1588241914996,
3803994793031740,Normal_asphalt,asphalt,excellent,True,1024,576,True,64791,9b1f050f405526ad07ec5b082fef5ee2c39d7ab88aa67769d8fdb1fe0f8d9358,data/raw/v2/streetsurfacevis/s_1024/3803994793031740.jpg,109319051297466,1464340716574,
380955109746116,Normal_asphalt,asphalt,excellent,True,1024,768,True,149784,729bcdda4900e4a3cfd7437ba3f3f238a400692cefe761bce596ae1e20cd24db,data/raw/v2/streetsurfacevis/s_1024/380955109746116.jpg,101020912145314,1534748605577,
3840740465994973,Unpaved_road,unpaved,intermediate,True,1024,768,True,214945,47143ee19496c004b8042b6f620fa636135c7758b022ebef12def2196f40336c,data/raw/v2/streetsurfacevis/s_1024/3840740465994973.jpg,109215107975476,1427119293000,
384540989438987,Normal_asphalt,asphalt,excellent,True,1024,768,True,212093,6896048c6a8759072cabb04fa8c1d0830040759f2567e21e43c8125b333ad0f0,data/raw/v2/streetsurfacevis/s_1024/384540989438987.jpg,104526851788293,1554039034000,
385068596798504,Unpaved_road,unpaved,intermediate,True,1024,768,True,160035,b65d3309f07622fb66c32181586b7d270e12f08da0413fd5b66e5bff24229256,data/raw/v2/streetsurfacevis/s_1024/385068596798504.jpg,105128028394163,1649329858658,
3857830057599420,Unpaved_road,unpaved,intermediate,True,1024,768,True,264239,c613506859a5385fb7b5177c5ee72305fd4d4da78fa0fe934aa803f1e74bd5a4,data/raw/v2/streetsurfacevis/s_1024/3857830057599420.jpg,100474358864037,1619366880649,
3859147457535240,Normal_asphalt,asphalt,excellent,True,1024,768,True,89034,779a6440c497f1fa49aabe78d27f1bd77fdc1f814814e1f31e17b3fdd1d8ebc6,data/raw/v2/streetsurfacevis/s_1024/3859147457535240.jpg,109733834594588,1598943068474,
3859298844185996,Unpaved_road,unpaved,bad,True,1024,768,True,170972,9f0b6625610c90360604af7662a85fc0eddc816cd325371dfb611f9660510e8b,data/raw/v2/streetsurfacevis/s_1024/3859298844185996.jpg,101410265434782,1439565988000,
386209555929504,Normal_asphalt,asphalt,excellent,True,1024,768,True,132491,26cfbb1c34779cd6e3e19f97f7993d4dcbb5324ace323b199df6abccb84f850d,data/raw/v2/streetsurfacevis/s_1024/386209555929504.jpg,102627028648372,1563301068000,
3863698657084818,Unpaved_road,unpaved,bad,True,1024,768,True,277143,f9ebcb1648bf218a4175782ab67c81574104cc1ea281c0ab65545f8ea4f41f8e,data/raw/v2/streetsurfacevis/s_1024/3863698657084818.jpg,110552844504419,1499968117000,
387053769645706,Normal_asphalt,asphalt,excellent,True,1024,768,True,170886,5f2d886bfe8e2aa1f161609945f6ec9e1dc136d554d7387aa270f09fe45eeac6,data/raw/v2/streetsurfacevis/s_1024/387053769645706.jpg,100562292188203,1483435201263,
387378582692355,Normal_asphalt,asphalt,excellent,True,1024,768,True,165072,3193196ba1c236a04de28ac85e783bf91db4a0cf3407dee3a41f1762a9022fc2,data/raw/v2/streetsurfacevis/s_1024/387378582692355.jpg,110282201203825,1622292638205,
3882273935161441,Unpaved_road,unpaved,bad,True,1024,768,True,170698,4e7e9770404766e7a98375052de17ebc9f5800b3acf36b9d2bb9520cd7bd3949,data/raw/v2/streetsurfacevis/s_1024/3882273935161441.jpg,103901361851883,1592503473000,
3883628231765437,Unpaved_road,unpaved,bad,True,1024,768,True,235791,6f9c8e159e7d4bccb771f0c232891a3b9c6dacd5adb05f8ec4e4100489add407,data/raw/v2/streetsurfacevis/s_1024/3883628231765437.jpg,100232345559807,1598949804000,
389114522343172,Normal_asphalt,asphalt,excellent,True,1024,768,True,166756,a2304a2bb0bab14e7a097361c2f537fdaa7ef70ed0402da28e60d2b7cd80769a,data/raw/v2/streetsurfacevis/s_1024/389114522343172.jpg,109115837985025,1535894335000,
389534259433963,Unpaved_road,unpaved,bad,True,1024,768,True,327207,3a511b5fa9b943a08be759140b89fc47f5f01e12964d8fe34215cc2511e4df40,data/raw/v2/streetsurfacevis/s_1024/389534259433963.jpg,103901361851883,1633270974837,
3923927137688541,Normal_asphalt,asphalt,excellent,True,1024,768,True,70017,b3caa4401e520b6a28fb748a400567b31c5a826cdf9ec0416ecf3b503a87100f,data/raw/v2/streetsurfacevis/s_1024/3923927137688541.jpg,109634897931831,1488039374374,
3933065413483100,Normal_asphalt,asphalt,excellent,True,1024,768,True,152611,87439654ec1389a0444a14321fcd6deb4cbb09bf0ea54af16662ad16ce785e47,data/raw/v2/streetsurfacevis/s_1024/3933065413483100.jpg,100232345559807,1626191505500,
393782649418820,Unpaved_road,unpaved,intermediate,True,1024,768,True,247240,d2bda518e4408db05ca159f74b826081f0773d558ea11955237a1f4b602c8aef,data/raw/v2/streetsurfacevis/s_1024/393782649418820.jpg,101834042469155,1650208534020,
3938530869557425,Normal_asphalt,asphalt,excellent,True,1024,576,True,71739,c17c1fb9733a390f04e5c4f23bbd08904a10db0204f8772631cdf0a69836a330,data/raw/v2/streetsurfacevis/s_1024/3938530869557425.jpg,100474358864037,1605351858523,
3942812475805203,Normal_asphalt,asphalt,excellent,True,1024,768,True,151804,abf40d0fd532859ed6c227085ca7ec3182ca5e93abb7772e96ef3f3c27c76a19,data/raw/v2/streetsurfacevis/s_1024/3942812475805203.jpg,107164461520710,1609406100000,
3944947688915369,Unpaved_road,unpaved,bad,True,1024,768,True,268517,7c1320021e7add43d1a4f91ea3c1634c2edeefb463fb1eed6635977b3b5a7d65,data/raw/v2/streetsurfacevis/s_1024/3944947688915369.jpg,110552844504419,1523538390000,
3947153768706963,Normal_asphalt,asphalt,excellent,True,1024,576,True,76173,6b54891be636d9364822bd234a142f8100083de3b8beefbe53db14c1af396d13,data/raw/v2/streetsurfacevis/s_1024/3947153768706963.jpg,102637281980350,1592042202525,
395469091748854,Normal_asphalt,asphalt,excellent,True,1024,768,True,193920,9cfb6b6acce3091f14c7163417b6f1de51f2f5d2629d8240a360b79166199aaa,data/raw/v2/streetsurfacevis/s_1024/395469091748854.jpg,110434517855286,1620479873000,
3958812647545335,Unpaved_road,unpaved,bad,True,1024,768,True,176081,0583149467f8fe7fa0100ad1a05eba74a88b56552338a2d47798bd9b2791b7cd,data/raw/v2/streetsurfacevis/s_1024/3958812647545335.jpg,102468835332129,1597839110751,
3959679637452376,Unpaved_road,unpaved,intermediate,True,1024,576,True,159706,8e3083e84e47ded77bb1a024e58703b92e9b975effc249be54a9f4671ae6bf2e,data/raw/v2/streetsurfacevis/s_1024/3959679637452376.jpg,101172448796395,1546163015385,
3973913569369459,Unpaved_road,unpaved,very_bad,True,1024,768,True,222439,087b4f473db6442aa5863941cd40e00e585fd74a2d3cd67eaf815c6dd128c84f,data/raw/v2/streetsurfacevis/s_1024/3973913569369459.jpg,102468835332129,1600780199408,
398535065407513,Unpaved_road,unpaved,bad,True,1024,768,True,152328,f53e217d43fe67b6e30269058a3e57a8e8143656d2c93d1cf26b7cd12e4b1712,data/raw/v2/streetsurfacevis/s_1024/398535065407513.jpg,100232345559807,1643466140087,
400591394237777,Unpaved_road,unpaved,very_bad,True,1023,578,False,54571,06fd99dde5fa2388fd8deb2b87c8b04ed2802a61ada73cc648ee22960187b171,data/raw/v2/streetsurfacevis/s_1024/400591394237777.jpg,101658985409308,1499601032663,
401175468702884,Normal_asphalt,asphalt,excellent,True,1024,642,True,59894,2d4bc067a62ea0233e36886e95be087a7a27cd7f6c4f7f2e3908b4b7e837463f,data/raw/v2/streetsurfacevis/s_1024/401175468702884.jpg,109294801304347,1655674798087,
4018505111551409,Unpaved_road,unpaved,intermediate,True,1024,768,True,135010,7cc33f1b9c8360fc55df6810a6b86a59d8bddbde94a48f148812162e30ede6e1,data/raw/v2/streetsurfacevis/s_1024/4018505111551409.jpg,106432638256792,1398241590000,
4022491164502097,Unpaved_road,unpaved,intermediate,True,1024,768,True,172378,52879a360392107963830ffd6fa63e735bce18aa13f905adba56f0cdf81349f6,data/raw/v2/streetsurfacevis/s_1024/4022491164502097.jpg,103314195244906,1550745485106,
402311471988862,Unpaved_road,unpaved,bad,True,1024,768,True,314258,3c1aab9fb9adc643a26b331ccfb0c8c251240c39bd136572c63d4580e9c33df4,data/raw/v2/streetsurfacevis/s_1024/402311471988862.jpg,103901361851883,1660750386333,
4024390084312489,Unpaved_road,unpaved,intermediate,True,1024,768,True,170513,abd1fac2a12de428acfdf8dbd63c7b5f0e481d46def713f542d67b78ce5b970b,data/raw/v2/streetsurfacevis/s_1024/4024390084312489.jpg,102627028648372,1564513985000,
402443308099480,Normal_asphalt,asphalt,excellent,True,1024,768,True,174386,d0d29059b46ab0128055240ab5589f2655f9a23aa25afc0b1dae931c7cfbbeb8,data/raw/v2/streetsurfacevis/s_1024/402443308099480.jpg,109673317932619,1624794231500,
4027480257290135,Unpaved_road,unpaved,bad,True,1024,768,True,277438,b30d985c1d887417cb149410b2541116ab57320c67755158ebaaea2d8a8e2eda,data/raw/v2/streetsurfacevis/s_1024/4027480257290135.jpg,102565168654602,1550583520915,
403693304407927,Unpaved_road,unpaved,intermediate,True,1024,768,True,142197,290cc708ba10623a7712ee54f9c09a82b324ecc635011f9d0930260f200725cb,data/raw/v2/streetsurfacevis/s_1024/403693304407927.jpg,109118207989605,1617289823000,
4037219582983944,Unpaved_road,unpaved,bad,True,1024,768,True,148486,a62c2f7a51c14c12b63a2f2aafaed1e855f875785affe0425c03f20b1a43eb5d,data/raw/v2/streetsurfacevis/s_1024/4037219582983944.jpg,100232345559807,1609414892837,
4048965455149121,Unpaved_road,unpaved,bad,True,1024,768,True,225922,bd4f21c95c776a3bd17777f29c428988b85cecac5f30f02a92830d3db951a165,data/raw/v2/streetsurfacevis/s_1024/4048965455149121.jpg,102468835332129,1622973573753,
4061408953918200,Unpaved_road,unpaved,very_bad,True,1024,576,True,180432,aac4f59dd8b7daedc4e9f1c37eb6386b47c1da743e885fd6a97b8498c0a564e7,data/raw/v2/streetsurfacevis/s_1024/4061408953918200.jpg,101020912145314,1558627078814,
407337124672586,Unpaved_road,unpaved,bad,True,1024,768,True,125258,739ecb1a349ae3ab5cc8f6ea699b87bdad05dd11ac3633a5bba8b818014592d2,data/raw/v2/streetsurfacevis/s_1024/407337124672586.jpg,100268992218434,1652373907000,
4083560831682598,Normal_asphalt,asphalt,excellent,True,1024,576,True,109698,4735c1662f48b64f2f1a27af08df8bf512f9d93937f5bc78d450c22cfcbc1e98,data/raw/v2/streetsurfacevis/s_1024/4083560831682598.jpg,104408981801642,1531416465848,
409167770877989,Normal_asphalt,asphalt,excellent,True,1024,768,True,157567,31435193805543f07a43be57791a8e68d3cac0d048455d4eaf228684701c576c,data/raw/v2/streetsurfacevis/s_1024/409167770877989.jpg,100232345559807,1635231071243,
4102632153131586,Normal_asphalt,asphalt,excellent,True,1024,768,True,124159,f1c96f2988e7af98b2e41c547a50d5f1e5469e0603621d2f825e7738febecf5f,data/raw/v2/streetsurfacevis/s_1024/4102632153131586.jpg,105392615029240,1526902263000,
4102650409824665,Unpaved_road,unpaved,intermediate,True,1024,768,True,138770,17c213eda911c66bb2753b14b3307cfb25ad048adfcc4c9438be07579e2344c4,data/raw/v2/streetsurfacevis/s_1024/4102650409824665.jpg,100232345559807,1567853955070,
4109839739038699,Normal_asphalt,asphalt,excellent,True,1024,768,True,57661,8b1f5f65bbce2c2441db66e1224bf063c7c99c706a2c7902cfbfaf73771c9b6c,data/raw/v2/streetsurfacevis/s_1024/4109839739038699.jpg,105558841679641,1442646288573,
4130993023695364,Normal_asphalt,asphalt,excellent,True,1024,768,True,153906,6a87a4bc505832ac12e0f13b724c585d79727aec0bd1a34d2c96cc2993a5721a,data/raw/v2/streetsurfacevis/s_1024/4130993023695364.jpg,100232345559807,1632575349000,
4131308626954205,Normal_asphalt,asphalt,excellent,True,1024,576,True,94143,bc2a78cb35a402cad9a5e92fd13ebd1976be9d375c7c5509d6066d38825d3a83,data/raw/v2/streetsurfacevis/s_1024/4131308626954205.jpg,102099175369556,1626028044124,
4132665080134695,Normal_asphalt,asphalt,excellent,True,1024,768,True,76657,141524d1830c61ab77ffb66c96e0353c1d0575de3ab21623538c4576b3d3faf0,data/raw/v2/streetsurfacevis/s_1024/4132665080134695.jpg,108954524668583,1615128051000,
4133450333358701,Normal_asphalt,asphalt,excellent,True,1024,768,True,227600,f1afdc6c8aea550658a47bbd310fc1749cdc94bc3cf5f6faec7d47115b412f62,data/raw/v2/streetsurfacevis/s_1024/4133450333358701.jpg,110282201203825,1601732353905,
414210707162117,Unpaved_road,unpaved,intermediate,True,1024,768,True,261124,ec443af5d7ae226fa4072affc8f8fb834d8d416e87eecde0f12caefc8c78075a,data/raw/v2/streetsurfacevis/s_1024/414210707162117.jpg,100232345559807,1642252179500,
4150428368337015,Unpaved_road,unpaved,intermediate,True,1024,768,True,190020,1717056942246a3a17450df90ec9c49080bffcef7ceae754b107d5fcfdd03a31,data/raw/v2/streetsurfacevis/s_1024/4150428368337015.jpg,108579321378212,1613834065717,
415728462834987,Unpaved_road,unpaved,intermediate,True,1024,768,True,166119,fd219052935ff1da3afc9ecc6e26d0305c7a0e17b67e109458e7510ed5986610,data/raw/v2/streetsurfacevis/s_1024/415728462834987.jpg,100313645547247,1407077811000,
416092733036929,Normal_asphalt,asphalt,excellent,True,1023,484,False,75426,93eaaf11af69592227fadbd6edb6aaea882e46717370061b68ac213166900bfa,data/raw/v2/streetsurfacevis/s_1024/416092733036929.jpg,103080845264750,1595596144000,
4191081234279145,Normal_asphalt,asphalt,excellent,True,1024,768,True,117974,b01959386c80aa14ee6e062e1ccb3b605acab289c9fe02d9fce6f1b4bac69d46,data/raw/v2/streetsurfacevis/s_1024/4191081234279145.jpg,100232345559807,1630071930216,
419432842622022,Unpaved_road,unpaved,intermediate,True,1024,768,True,206567,ad61ad9df582f1507098ad87c51e64faafac494ff473f917157bde2a7e955af2,data/raw/v2/streetsurfacevis/s_1024/419432842622022.jpg,100232345559807,1627055860000,
4233588100008054,Unpaved_road,unpaved,very_bad,True,1024,767,True,94712,51d3108a4d2a7a0aaed9e00bad333735d190e9ef2abfb80b9a362c33c722006b,data/raw/v2/streetsurfacevis/s_1024/4233588100008054.jpg,106692581568242,1494345524000,
4238293629549012,Unpaved_road,unpaved,bad,True,1024,768,True,182594,560b5a0e8d8ab7cb93e9be8694927aefdf6b37d095738eb54e82bba5d485a2a6,data/raw/v2/streetsurfacevis/s_1024/4238293629549012.jpg,102627028648372,1560080460000,
4239867446052866,Normal_asphalt,asphalt,excellent,True,1024,768,True,180897,816a6450139f870f72ffbe1af02476071b6c668d1ffac79c08d44e728b5db2bd,data/raw/v2/streetsurfacevis/s_1024/4239867446052866.jpg,109115837985025,1564836750000,
4255882304473196,Normal_asphalt,asphalt,excellent,True,1024,768,True,208973,b38e964f30d8ccb72039aaf7e6f84079f5b45a7477c5d3710920d0b0f8483548,data/raw/v2/streetsurfacevis/s_1024/4255882304473196.jpg,100232345559807,1619448151500,
4266076163452188,Normal_asphalt,asphalt,excellent,True,1024,768,True,206774,74654a76a9e9d7ff93b16672c9a11b8260e0b30dfd406a0e70a8303e5e52587d,data/raw/v2/streetsurfacevis/s_1024/4266076163452188.jpg,100232345559807,1620747705500,
427395992050755,Normal_asphalt,asphalt,excellent,True,1024,576,True,94239,122aa0be0e838e481a8294bb2dfbb73dbd0153047ab0c8637dc37d426064b94e,data/raw/v2/streetsurfacevis/s_1024/427395992050755.jpg,109842617910576,1632070388000,
4285304724821100,Normal_asphalt,asphalt,excellent,True,1024,768,True,188530,0b42169a7147dbd20d8fb972dde09b935442825373b3d5ab0322e5b4c877071a,data/raw/v2/streetsurfacevis/s_1024/4285304724821100.jpg,100232345559807,1605686574505,
429542875874103,Unpaved_road,unpaved,bad,True,1024,768,True,170396,b9990cbb5177390569f355d574305975fb02728576eedf4306e24bbb8c5068a4,data/raw/v2/streetsurfacevis/s_1024/429542875874103.jpg,103550301888099,1659464242530,
4298658883521198,Unpaved_road,unpaved,bad,True,1024,768,True,162573,6791b27bda6af6897365cbf048bcc24fb8e76ded6b24402e84f49585b479441a,data/raw/v2/streetsurfacevis/s_1024/4298658883521198.jpg,107674238136176,1614788149975,
4320233574693460,Unpaved_road,unpaved,bad,True,1024,768,True,231875,a3b9e4031124ebacd4ba1c47f034772121045b8eb45b9c82fc7a2b1f11da96c8,data/raw/v2/streetsurfacevis/s_1024/4320233574693460.jpg,103901361851883,1620133557000,
4325131910840890,Normal_asphalt,asphalt,excellent,True,1024,768,True,105464,4b3d2c92605c48b1618e884859debcf6f293a8f540026737fd8d403fefa85ed8,data/raw/v2/streetsurfacevis/s_1024/4325131910840890.jpg,102627028648372,1551022823000,
4350931771604849,Normal_asphalt,asphalt,excellent,True,1024,768,True,104173,2adfc3fec49e5f86717ed5b9d918e86265fb5d47fbef4836797e13368af43259,data/raw/v2/streetsurfacevis/s_1024/4350931771604849.jpg,104261288481574,1462355245000,
4356259384501960,Unpaved_road,unpaved,bad,True,1024,768,True,189284,3158bfa2a47696bcdc305d30eef11b049c90d065b3067d19fda6674f87e32593,data/raw/v2/streetsurfacevis/s_1024/4356259384501960.jpg,100232345559807,1638799677237,
4373263146039316,Normal_asphalt,asphalt,excellent,True,1024,576,True,92912,f1dd24124d77b41f9f410b3275a8d667f6ff4c571bf63ac2bd2337858106d86b,data/raw/v2/streetsurfacevis/s_1024/4373263146039316.jpg,101937128714170,1560689084630,
4382010995165875,Normal_asphalt,asphalt,excellent,True,1024,768,True,78440,bad1d379ee1c6a4f9ec6dcdb009fc13b5fe8fe72423e7b4c88addc57e85c32e8,data/raw/v2/streetsurfacevis/s_1024/4382010995165875.jpg,108954524668583,1591704024000,
442186417698926,Normal_asphalt,asphalt,excellent,True,1024,768,True,172191,91664771fc07197003912bcc1d45112f9dc85cce42c2d16b3fa788f30cf7b699,data/raw/v2/streetsurfacevis/s_1024/442186417698926.jpg,100232345559807,1646843561000,
4442552355772769,Unpaved_road,unpaved,intermediate,True,1024,768,True,143479,6e010cdb0ae8edbc1d428632132f6192c48159c27dbf228d617ebf0b1eac2f49,data/raw/v2/streetsurfacevis/s_1024/4442552355772769.jpg,101992328712989,1495194235893,
444474230426740,Unpaved_road,unpaved,intermediate,True,1024,768,True,154520,56c26af6946cd6b3dd8e0c3ad4dea84d18d9bbc8ba1753a7e01c2dab361c7236,data/raw/v2/streetsurfacevis/s_1024/444474230426740.jpg,104536648714052,1638115928392,
447846916314802,Unpaved_road,unpaved,intermediate,True,1024,768,True,260630,ee65035ffc16333c1ea241674a71d0dea212fe7bcc12ddeb7a14469c8e858d99,data/raw/v2/streetsurfacevis/s_1024/447846916314802.jpg,104245395149990,1532692384942,
4495882700441532,Unpaved_road,unpaved,very_bad,True,1024,768,True,207754,c721deec8377ff779e793bed1a74d6c3cfdc1d47b6c6757e9a615fd3592395e7,data/raw/v2/streetsurfacevis/s_1024/4495882700441532.jpg,104261288481574,1599052449000,
4503146703118678,Unpaved_road,unpaved,very_bad,True,1024,768,True,241781,ced51653174792fddec7e63d81085cdf9023e61a51f74a759abcbe370064785c,data/raw/v2/streetsurfacevis/s_1024/4503146703118678.jpg,102425838669747,1649600223573,
450855000019304,Normal_asphalt,asphalt,excellent,True,1024,768,True,117411,b12c4a3d64378ade160d22224b02cd2a9cde3ebcb901792564b53130a1108cb8,data/raw/v2/streetsurfacevis/s_1024/450855000019304.jpg,102609045317136,1640610956000,
4510904205626380,Unpaved_road,unpaved,bad,True,1024,768,True,149097,95623d20946b31a4543a3a28805120d090343593fae67891c679683f10674eba,data/raw/v2/streetsurfacevis/s_1024/4510904205626380.jpg,100232345559807,1629986036250,
4527322990658177,Unpaved_road,unpaved,intermediate,True,1024,768,True,131288,38a35da423a826edd5f11e458c75df180b7e8df026c3b1bdd34a91b9722c42c7,data/raw/v2/streetsurfacevis/s_1024/4527322990658177.jpg,107674238136176,1624039381515,
454307505677372,Normal_asphalt,asphalt,excellent,True,1024,576,True,66689,00abded3dd9b7bc8c4cd64b3f5aa7a1137394ba1b3b26f234e0793780ad56032,data/raw/v2/streetsurfacevis/s_1024/454307505677372.jpg,101410265434782,1491732073000,
455246629066782,Unpaved_road,unpaved,intermediate,True,1024,768,True,292967,2e34048914f69a87759bb694163500ce8bba62ec280d55d18d7f140bda219546,data/raw/v2/streetsurfacevis/s_1024/455246629066782.jpg,100474358864037,1491747931000,
456196545478759,Normal_asphalt,asphalt,excellent,True,1024,768,True,176400,184856281b85e32895837af34d5cc624ec26b2ed662a33eb45a578b0e76fabcf,data/raw/v2/streetsurfacevis/s_1024/456196545478759.jpg,110552844504419,1523725917000,
456822882778182,Unpaved_road,unpaved,very_bad,True,1024,1823,True,571678,82583bd6f72ca255878a5c7179902e45e6f5be25512b2de86b4ff9a977b0a85d,data/raw/v2/streetsurfacevis/s_1024/456822882778182.jpg,103079161935557,1640962456069,
4590706950946355,Unpaved_road,unpaved,bad,True,1023,764,False,218373,2dd8f56aa0c6b1c6ff3c95d944fde3debb69a6bdb5aa17c40f5074a9e17ddbe9,data/raw/v2/streetsurfacevis/s_1024/4590706950946355.jpg,103112258594449,1471796708912,
459530735134173,Normal_asphalt,asphalt,excellent,True,1024,768,True,85591,708015f10936fa814bc303945c39761bb62bb4116552d0b170ac0e4182799abe,data/raw/v2/streetsurfacevis/s_1024/459530735134173.jpg,104173955156909,1500808242113,
460104598397413,Unpaved_road,unpaved,bad,True,1024,768,True,208931,e310fe18211af120d8dbb9d3ccd570a87706de97218cb20cb12fc406cbea039a,data/raw/v2/streetsurfacevis/s_1024/460104598397413.jpg,110562521169809,1421159544000,
461539132217489,Normal_asphalt,asphalt,excellent,True,1024,576,True,87436,1436d54209ef108a3d76f1e4f2910b85e0f813e2e8dac60537378617c1d54e9b,data/raw/v2/streetsurfacevis/s_1024/461539132217489.jpg,100268998885100,1658070529000,
461713041726340,Normal_asphalt,asphalt,excellent,True,1024,768,True,91223,35349a79229ac30b27f9cb738207b61c501337876596da7388e0aca07d176401,data/raw/v2/streetsurfacevis/s_1024/461713041726340.jpg,100562292188203,1509530302695,
462324401656761,Normal_asphalt,asphalt,excellent,True,1024,768,True,91917,d025045f43a42894223ee6ca410c86155f161278f854336ff7688a8b036e79f4,data/raw/v2/streetsurfacevis/s_1024/462324401656761.jpg,109319051297466,1429776922734,
462418895048812,Unpaved_road,unpaved,very_bad,True,1024,768,True,112090,20e26d225ed2f210f941696b0f663900d74b183c2e27b8d951ac74de2e54b54f,data/raw/v2/streetsurfacevis/s_1024/462418895048812.jpg,103112258594449,1492717557000,
462431744856757,Unpaved_road,unpaved,intermediate,True,1024,576,True,173289,d9791082be53bbf347180c36aab8e0a0f5e9b1bc599a2fc195a2876e2a15b504,data/raw/v2/streetsurfacevis/s_1024/462431744856757.jpg,104810875092616,1600515047482,
463189788118609,Unpaved_road,unpaved,very_bad,True,1024,768,True,203611,8a2f175d63537228a045a01d01eca706f641b376e4e4deabbe6a4d1f801767f1,data/raw/v2/streetsurfacevis/s_1024/463189788118609.jpg,110552844504419,1496258614000,
464324047999211,Unpaved_road,unpaved,bad,True,1024,768,True,229237,09a93c72ed48864409a4e82a3b7ac4e5d2fbddbb6ca0e4e4073eefd8b7c47325,data/raw/v2/streetsurfacevis/s_1024/464324047999211.jpg,102468835332129,1598709258082,
465237048087150,Unpaved_road,unpaved,intermediate,True,1024,768,True,212207,cbeabe4cd0727d613b6ba21317c00e92765f865bda8d7dd4ed7a9a2162cc72f8,data/raw/v2/streetsurfacevis/s_1024/465237048087150.jpg,104261288481574,1471099459000,
465303208083509,Unpaved_road,unpaved,intermediate,True,1024,768,True,178853,93d1be15ac110094eb1b8aabdc0fe5585a13e972db63d6ef144dc1fd9a39f1cb,data/raw/v2/streetsurfacevis/s_1024/465303208083509.jpg,111330727758930,1400328559000,
465334934533623,Normal_asphalt,asphalt,excellent,True,1024,768,True,87142,22711bec6cd7a8cfa2f0b6b09eb0cbf5654baf650967caa471144984a246cf27,data/raw/v2/streetsurfacevis/s_1024/465334934533623.jpg,107998954769035,1585923049740,
465878557980455,Unpaved_road,unpaved,very_bad,True,1024,768,True,270850,6e955fe4db396cb0a251286d331b0a44c8789067e3af3948a0df6a45b7db80a7,data/raw/v2/streetsurfacevis/s_1024/465878557980455.jpg,110552844504419,1494177455000,
465954431358206,Normal_asphalt,asphalt,excellent,True,1024,768,True,77065,f455449b7576e0219d8542ea96c7aeab97f632aa1cb66528f1766599fe0dcd38,data/raw/v2/streetsurfacevis/s_1024/465954431358206.jpg,107998954769035,1566057752538,
466053831347325,Normal_asphalt,asphalt,excellent,True,1024,768,True,82400,75eb148f1ea2d7ea5a1c01d7a086c7d385b59a9f2579ec1a0db63d3b99f6308d,data/raw/v2/streetsurfacevis/s_1024/466053831347325.jpg,108954524668583,1551353825000,
466079967800986,Unpaved_road,unpaved,intermediate,True,1024,768,True,198966,cf5bf38b542de2aa826197c97eadee36a14a5d953be5cd57614842fff9820d01,data/raw/v2/streetsurfacevis/s_1024/466079967800986.jpg,100232345559807,1604592146500,
466138707795288,Unpaved_road,unpaved,intermediate,True,1024,768,True,263806,0ea4e7483123d68ddb52ada33a645876c8fc8ab5c7f620d0e5b6f3b7b8aeaef0,data/raw/v2/streetsurfacevis/s_1024/466138707795288.jpg,100232345559807,1583674813334,
466322624455907,Normal_asphalt,asphalt,excellent,True,1024,576,True,84465,41bf279608cbdf8ba4607ca5fb5693b5fb7958e31d4b229da75c4bb9c56269c3,data/raw/v2/streetsurfacevis/s_1024/466322624455907.jpg,101788265400377,1554304988476,
466361848670105,Unpaved_road,unpaved,bad,True,1024,768,True,171259,bec03f2969e2e888dca8b0e7bad0233e6576fdb88080e4337acb2a66411c7239,data/raw/v2/streetsurfacevis/s_1024/466361848670105.jpg,103901361851883,1658333067000,
466849501264719,Normal_asphalt,asphalt,excellent,True,1024,768,True,164132,8a2be8706ac4200621e60902113e96e5cc9a3dcf976c7e11b8f59edc2a361ab3,data/raw/v2/streetsurfacevis/s_1024/466849501264719.jpg,102124648700555,1564934450000,
467003874597283,Normal_asphalt,asphalt,excellent,True,1024,768,True,149853,852b42a537a33a19dc491d508d439550cbc59e157d6746735392dadc48925a77,data/raw/v2/streetsurfacevis/s_1024/467003874597283.jpg,105558841679641,1588612096000,
467445911018288,Unpaved_road,unpaved,very_bad,True,1024,768,True,231518,9bb6bf0d4664ca6f2327186cbbcf07b30526aa129784b1ffa35d5059b0b63ebd,data/raw/v2/streetsurfacevis/s_1024/467445911018288.jpg,103901361851883,1617973123000,
467576781209576,Normal_asphalt,asphalt,excellent,True,1024,768,True,109216,f3fcf3e70ee32ef29c84378ed86e427955bd95e88f6efdbc9a6135e1eb8ea99a,data/raw/v2/streetsurfacevis/s_1024/467576781209576.jpg,108954524668583,1567594678000,
467673481111243,Normal_asphalt,asphalt,excellent,True,1024,576,True,85473,3adc69740ea78f9f368b13d133a08910cce5484067b3e3bcaac0418f8553e5aa,data/raw/v2/streetsurfacevis/s_1024/467673481111243.jpg,108743158026606,1537116818472,
468840097534266,Normal_asphalt,asphalt,excellent,True,1024,768,True,113308,64f83316631034e9f16fff3e09a390e01a71f42983fdee93d5ae0472b44a987b,data/raw/v2/streetsurfacevis/s_1024/468840097534266.jpg,101085722134936,1503836362907,
470645487587975,Unpaved_road,unpaved,bad,True,1024,768,True,130028,35b3ca6ddd30cfb74be38af9d51cb4cb60fe256856cdffc792f82a3112dd96e4,data/raw/v2/streetsurfacevis/s_1024/470645487587975.jpg,100981335478605,1451307286314,
471032027464872,Unpaved_road,unpaved,bad,True,1024,768,True,193189,2b8de1b802cf9332405a61e441f5943eff918bea5232b29a7b029803231738c1,data/raw/v2/streetsurfacevis/s_1024/471032027464872.jpg,110552844504419,1472830935000,
471220560878059,Unpaved_road,unpaved,intermediate,True,1024,768,True,120143,be1c6fa9b805bb1a7ddf3806774687b15f60eecee93860206c122d5559c06587,data/raw/v2/streetsurfacevis/s_1024/471220560878059.jpg,109344581299907,1598970583000,
471323104160296,Unpaved_road,unpaved,very_bad,True,1024,768,True,248932,f08f179b11d0ca87e09e57997d24aee378e145261090cf06b170819584bd0cf3,data/raw/v2/streetsurfacevis/s_1024/471323104160296.jpg,103390745232765,1564387628000,
471700390728713,Normal_asphalt,asphalt,excellent,True,1024,576,True,102183,c79223c8cc441031287fbab5f69c430141af10976212a4ddc9a2496c47bc25f1,data/raw/v2/streetsurfacevis/s_1024/471700390728713.jpg,104810875092616,1588613344472,
471705277273102,Normal_asphalt,asphalt,excellent,True,1024,768,True,131197,3837bd0659d0ad4c270c84d2d69d405d29271c360fb59c3b4addba3b8a5eef55,data/raw/v2/streetsurfacevis/s_1024/471705277273102.jpg,101410265434782,1449400049123,
472089687378315,Normal_asphalt,asphalt,excellent,True,1024,768,True,77090,6c31feefd7302dfee7aec245112f056d8a3b7db6affb3f7b94bc0f3973835b17,data/raw/v2/streetsurfacevis/s_1024/472089687378315.jpg,108954524668583,1429462735552,
472321354056159,Unpaved_road,unpaved,bad,True,1024,768,True,193852,5b79908acfeed894ac016a2f9b86a4a196837ca40f0fffa0088b15fbe47b5b16,data/raw/v2/streetsurfacevis/s_1024/472321354056159.jpg,102124648700555,1567795735000,
472776690473185,Unpaved_road,unpaved,intermediate,True,1024,768,True,156779,3709918d618487cddfa27febf3e3a22b105d7d550f3f1614ee549cb418d4eeb9,data/raw/v2/streetsurfacevis/s_1024/472776690473185.jpg,100232345559807,1588776117430,
472803883806561,Unpaved_road,unpaved,very_bad,True,1024,768,True,302714,fec47c65a9423680e2198fe20fc333c58d9fc9bf26d53eae247b9e2854ccd44f,data/raw/v2/streetsurfacevis/s_1024/472803883806561.jpg,104245395149990,1519551839415,
473080587254357,Normal_asphalt,asphalt,excellent,True,1024,768,True,85455,bd9a8aa0dbf95821f8871b06fa4edc5800a0669a4c1616e6f88884d689c52083,data/raw/v2/streetsurfacevis/s_1024/473080587254357.jpg,107998954769035,1588933029778,
473103817282017,Unpaved_road,unpaved,bad,True,1024,768,True,192364,d0e536e2491a01f49829af0ce32880469e1a04058c92cbdce3bbb848054431e9,data/raw/v2/streetsurfacevis/s_1024/473103817282017.jpg,104647648438232,1615133164010,
473247300574041,Normal_asphalt,asphalt,excellent,True,1024,768,True,113428,180e837704cf87b84ec4f13779da55b71411ca94cc255dd66dee0e5792e37fd6,data/raw/v2/streetsurfacevis/s_1024/473247300574041.jpg,100562292188203,1528702848423,
473282883938221,Normal_asphalt,asphalt,excellent,True,1024,576,True,101516,e20e4b81be0be1e63739f0ff4691cbbce2407f75d46ab6bcce8a34493ff4699f,data/raw/v2/streetsurfacevis/s_1024/473282883938221.jpg,109673317932619,1562083470971,
473735350402007,Unpaved_road,unpaved,bad,True,1024,768,True,267963,76336f8cc7cef5bac42f032e9aa7dc5f65e289e5d78f1c8c4285b27e8c8278e3,data/raw/v2/streetsurfacevis/s_1024/473735350402007.jpg,110552844504419,1530713206000,
473982713867247,Normal_asphalt,asphalt,excellent,True,1024,768,True,159692,8240b70644303fc55cea2e251689f54a6e94068ae53f10b1b8509f8dd2d66db0,data/raw/v2/streetsurfacevis/s_1024/473982713867247.jpg,100474358864037,1556721301000,
474409150288695,Unpaved_road,unpaved,bad,True,1024,576,True,100109,2457201d70aa9839c1a77613cb9d398e6b6671e198df963fb7e2f92d3d1eb830,data/raw/v2/streetsurfacevis/s_1024/474409150288695.jpg,102488681996897,1578828348493,
474418277318025,Unpaved_road,unpaved,bad,True,1024,768,True,216663,67d81e74c3bd503350dfa7a3399bb63f2c90944739d781ecd5141c75fd57c616,data/raw/v2/streetsurfacevis/s_1024/474418277318025.jpg,101592672083027,1450621387591,
474658490257931,Normal_asphalt,asphalt,excellent,True,1023,577,False,43679,f711a7291993427efc15619f5a44c8ab928f056281acc90c512ef675d0c520f5,data/raw/v2/streetsurfacevis/s_1024/474658490257931.jpg,107998954769035,1588427866905,
475096433745088,Unpaved_road,unpaved,intermediate,True,1024,768,True,95483,af3e45316b07eae1f1c41e0e09128b9e26b4af873acbe3953e1b34beaac42650,data/raw/v2/streetsurfacevis/s_1024/475096433745088.jpg,101944425385548,1551366387101,
475162377093366,Unpaved_road,unpaved,intermediate,True,1024,768,True,261598,8cb76e7f5ca15c0b1ad2006a112e110a85fe0d1e407a9b7f5f6d7b1acc3e2e59,data/raw/v2/streetsurfacevis/s_1024/475162377093366.jpg,106001904971953,1569147185428,
475250690455746,Normal_asphalt,asphalt,excellent,True,1024,768,True,137415,13a9f9a8d24ee6f44722989220129ae915fb0589e441ecf2c0a647de56c9a0e9,data/raw/v2/streetsurfacevis/s_1024/475250690455746.jpg,105876368317571,1518266196160,
475282586886476,Normal_asphalt,asphalt,excellent,True,1024,768,True,85335,66100eedba343adff6f6a2dc17e62b5d1c77d610101e9fbf6450eec48b49e5d8,data/raw/v2/streetsurfacevis/s_1024/475282586886476.jpg,111920824373217,1570630864964,
475579983744473,Unpaved_road,unpaved,very_bad,True,1024,576,True,209115,e64cf217f0d9a7496562b431376c5f9318c4d8c1b694f5d4e8c298a364fde853,data/raw/v2/streetsurfacevis/s_1024/475579983744473.jpg,103863125190015,1621343963208,
475580236986444,Normal_asphalt,asphalt,excellent,True,1024,576,True,85241,2df594470907d3d325bd54a6f83fdee835a5354d8ac4eb3f2163d39c66ecb752,data/raw/v2/streetsurfacevis/s_1024/475580236986444.jpg,100612665521850,1594398822000,
476995676720491,Normal_asphalt,asphalt,excellent,True,1024,768,True,49419,6deaf9242b56c63c13f8874a081fd8b6e358eaf628c1a9b3a70d463a35939f6f,data/raw/v2/streetsurfacevis/s_1024/476995676720491.jpg,107998954769035,1588255881793,
477149550068532,Normal_asphalt,asphalt,excellent,True,1024,768,True,59046,5aaaf078b1fd117b82f747ce009c761e798289098edc71f393378c9a48b63c90,data/raw/v2/streetsurfacevis/s_1024/477149550068532.jpg,107998954769035,1581870451748,
477515223457749,Normal_asphalt,asphalt,excellent,True,1024,768,True,110663,6e4c74fe939c45fbe7e33806ed111df1d9c798b3205cec677074637415495d42,data/raw/v2/streetsurfacevis/s_1024/477515223457749.jpg,100127415570527,1566831213600,
477811723472435,Unpaved_road,unpaved,intermediate,True,1024,768,True,184612,8981ae38ada0ae08685625885ed2c99902203106b780bd5b1baaf15e1543c780,data/raw/v2/streetsurfacevis/s_1024/477811723472435.jpg,102627028648372,1592493410000,
478446630100138,Unpaved_road,unpaved,intermediate,True,1024,768,True,160229,0aa4946953623276a248bf2a0c9db44c05f192b431c73f35857b9070ddf612b8,data/raw/v2/streetsurfacevis/s_1024/478446630100138.jpg,109115837985025,1561915598000,
478611263583470,Normal_asphalt,asphalt,excellent,True,1024,768,True,69387,5cd1d20ca1d11694d9d9694be2915f420641a7e8280d9618fe1273d94dfb301e,data/raw/v2/streetsurfacevis/s_1024/478611263583470.jpg,109081187987664,1522319125153,
478669336575077,Unpaved_road,unpaved,intermediate,True,1024,768,True,149721,5a849cb47fa69d3c812f4391b6025bc715fe6daaa0d22e25ea5db1936a0e8c79,data/raw/v2/streetsurfacevis/s_1024/478669336575077.jpg,106378651601030,1586275144421,
479099663373684,Unpaved_road,unpaved,intermediate,True,1024,768,True,209947,b9e7d58a8cc31c1b534af1d47ae06fb8452989e00f1a531fca0657e3a15d890b,data/raw/v2/streetsurfacevis/s_1024/479099663373684.jpg,102532525320329,1535296324159,
479136550015176,Normal_asphalt,asphalt,excellent,True,1024,576,True,91662,873f8c4ef054495e80582f491f760553009f603c834f74e333c5cededb93f41f,data/raw/v2/streetsurfacevis/s_1024/479136550015176.jpg,104685021772982,1599302550096,
479313909981618,Unpaved_road,unpaved,bad,True,1024,768,True,291163,f96ca5be05f6ceeb2939f50d57aafa92167dd61d8cf3d250e809494fc116ad90,data/raw/v2/streetsurfacevis/s_1024/479313909981618.jpg,110208441206053,1539864244070,
479452896651060,Normal_asphalt,asphalt,excellent,True,1024,576,True,157440,51bcfbd16637198d8c789d719c75412a2c5159d0a84034765d006680a0301538,data/raw/v2/streetsurfacevis/s_1024/479452896651060.jpg,105534541681944,1566917469800,
480150736643630,Normal_asphalt,asphalt,excellent,True,1024,576,True,63054,aced9e832eca4fcd777b94fac7c227d2f6bf44c0419190818d8f94ea62daf902,data/raw/v2/streetsurfacevis/s_1024/480150736643630.jpg,105390378367361,1556114580221,
480260366751966,Unpaved_road,unpaved,bad,True,1024,768,True,117495,0b339a2a87d025d57f8df90eae19760cdea92828395f4fd8e891f0c0e9a065b3,data/raw/v2/streetsurfacevis/s_1024/480260366751966.jpg,101020912145314,1527956852033,
480481509731367,Normal_asphalt,asphalt,excellent,True,1024,768,True,68204,bae74ef3d3554c261cc1d1ea026b7a47ec8c310ac5f4adc9517cd4bfb92942a2,data/raw/v2/streetsurfacevis/s_1024/480481509731367.jpg,106302451607225,1525675291620,
480495463164294,Normal_asphalt,asphalt,excellent,True,1024,768,True,137318,0f54700a240a829762be499ffb24abc9ce92b710e1b69a2cf82f4930825e4167,data/raw/v2/streetsurfacevis/s_1024/480495463164294.jpg,106737178230266,1537345204777,
480956173147309,Unpaved_road,unpaved,very_bad,True,1024,768,True,190670,f8f0176f833f99ef41e736875a7819e2fc8a64155800359113b69a774b664ae0,data/raw/v2/streetsurfacevis/s_1024/480956173147309.jpg,101150702131940,1502786370920,
481073536503152,Normal_asphalt,asphalt,excellent,True,1024,768,True,117952,048924c46f1b8fc5ee2c45a69fa423045045c91acfc2a9f700648ca23de122fe,data/raw/v2/streetsurfacevis/s_1024/481073536503152.jpg,108954524668583,1600585826000,
481820403162199,Normal_asphalt,asphalt,excellent,True,1024,576,True,167769,777968df6c0b5094a3ce323a488f6a7f22ea056b5ea041d887224ebc488f4e61,data/raw/v2/streetsurfacevis/s_1024/481820403162199.jpg,109122484655498,1540029294029,
481947656191000,Normal_asphalt,asphalt,excellent,True,1024,768,True,91779,9e93d02809d4b51f37791fc8e8870910564ed25615910603c6d4b6dc68e692a4,data/raw/v2/streetsurfacevis/s_1024/481947656191000.jpg,109752671252812,1507900924225,
482006733705163,Normal_asphalt,asphalt,excellent,True,1024,768,True,120980,5a892165f68a86df4e5b5181f1378e9515b656bad46b93636303fbde02a96089,data/raw/v2/streetsurfacevis/s_1024/482006733705163.jpg,104058601953691,1649254290623,
482076086459030,Normal_asphalt,asphalt,excellent,True,1024,768,True,145457,a161314ec82bc9fb47fe07f49e4d367698587507b8ca3cbe446b67186b2848b8,data/raw/v2/streetsurfacevis/s_1024/482076086459030.jpg,100232345559807,1591944570500,
482087259904683,Unpaved_road,unpaved,very_bad,True,1024,768,True,277632,2535168d4afa802f1c03cdda2ebbb8746ee478ad6cf6ae5cf59bacba2f72046a,data/raw/v2/streetsurfacevis/s_1024/482087259904683.jpg,110552844504419,1504531371000,
482775576352170,Unpaved_road,unpaved,bad,True,1024,768,True,199277,7d3dee51512f22765079a979b975efd7975ad1ba4ea32826c71fb21ae310118c,data/raw/v2/streetsurfacevis/s_1024/482775576352170.jpg,103901361851883,1622385950000,
482912109793928,Unpaved_road,unpaved,bad,True,1024,768,True,240893,39b3842d8ba474b4e4a9b7ff32f01882e2e1d4ced0b4266e3d53333285ed8f0f,data/raw/v2/streetsurfacevis/s_1024/482912109793928.jpg,102565168654602,1550583513213,
483808679617068,Unpaved_road,unpaved,intermediate,True,1024,768,True,168718,5ccb1a977a43d2b31977218bfacf4844a909420460fe2b9a7a9982550c40be6e,data/raw/v2/streetsurfacevis/s_1024/483808679617068.jpg,109115837985025,1531585012000,
483946699520991,Unpaved_road,unpaved,bad,True,1024,768,True,157649,c9575d570b8d8159ca2c45f2ad421198d0b70d8f18ffbdfde7abd57ed99f5fb3,data/raw/v2/streetsurfacevis/s_1024/483946699520991.jpg,110552844504419,1472910797000,
484716146166917,Unpaved_road,unpaved,very_bad,True,1024,767,True,82076,b836a5b7153e9d78e915df432ebaa08242e270aa08ca5b4b8ec961d0f3a20c87,data/raw/v2/streetsurfacevis/s_1024/484716146166917.jpg,106692581568242,1494345563000,
485042319475830,Normal_asphalt,asphalt,excellent,True,1024,768,True,164409,1e2b460e8cf23cf2a37a511e88b602ab541f79d666dabc9a0d52e18823b20b51,data/raw/v2/streetsurfacevis/s_1024/485042319475830.jpg,110562521169809,1404331033000,
485363269348105,Normal_asphalt,asphalt,excellent,True,1024,768,True,99112,70aef34897fa20b4a2849de481e909d3c65322e9847707cab415a756610e83f7,data/raw/v2/streetsurfacevis/s_1024/485363269348105.jpg,110165297882903,1504620148438,
485623799421085,Unpaved_road,unpaved,bad,True,1024,576,True,151712,0905b5051268e975fcb198193f9b1dae8c23cd1b93ac415701697783a21ed72d,data/raw/v2/streetsurfacevis/s_1024/485623799421085.jpg,102488681996897,1578828230202,
486497775888870,Normal_asphalt,asphalt,excellent,True,1024,768,True,194205,23346f88e2256db76bbaacd48ad8dafd7224639c74d25aa8a1983d99f859040d,data/raw/v2/streetsurfacevis/s_1024/486497775888870.jpg,100232345559807,1596189527500,
487062376224035,Unpaved_road,unpaved,intermediate,True,1024,768,True,249212,a1ecf50dacfdaf142a5c989f9113c152b9fc1a09976c97a33c17066e1fdc3f31,data/raw/v2/streetsurfacevis/s_1024/487062376224035.jpg,100232345559807,1662481138000,
487444822582475,Normal_asphalt,asphalt,excellent,True,1024,768,True,97975,1a5f55cd9ffafb491e8d4cb0ce7b23d5ac4b634066001db7a1bbab8482799eb7,data/raw/v2/streetsurfacevis/s_1024/487444822582475.jpg,102187028688979,1599302052000,
487468945638400,Unpaved_road,unpaved,intermediate,True,1024,768,True,210252,834a8c33d2ca81dfeee69fab644d339c622e670812058bd2130faa1c5e770bf5,data/raw/v2/streetsurfacevis/s_1024/487468945638400.jpg,104261288481574,1530611333000,
487473595705025,Unpaved_road,unpaved,very_bad,True,1024,768,True,283765,df829e7e1f9d7ab8df311fa5e2dccdc069ef427c07a000a93ca401fdf4552a7f,data/raw/v2/streetsurfacevis/s_1024/487473595705025.jpg,102468835332129,1592129327767,
487679529043314,Normal_asphalt,asphalt,excellent,True,1023,578,False,83008,d7b302b9fc8585c16f8c5359b040ca5ebcf3466db0200a9aae3e28bd92554323,data/raw/v2/streetsurfacevis/s_1024/487679529043314.jpg,101658985409308,1495704791179,
488211752629702,Unpaved_road,unpaved,bad,True,1024,768,True,202065,255977c20d72ac2f9daa18fa510af942725a8033ce4b6e69543423a7c17e831c,data/raw/v2/streetsurfacevis/s_1024/488211752629702.jpg,109344581299907,1503242495000,
488700549032161,Unpaved_road,unpaved,bad,True,576,768,False,100118,84e4146fac9866b9d611357018c93b8823d6d8863959faf6acce2d8b580f6389,data/raw/v2/streetsurfacevis/s_1024/488700549032161.jpg,103345768575080,1496863405000,
489025739218207,Unpaved_road,unpaved,intermediate,True,1024,768,True,148000,00ea42a44d0e4f02d92379a8ae7cc12ddfbd0ed7e32653b34f56226f67a2fa59,data/raw/v2/streetsurfacevis/s_1024/489025739218207.jpg,106432638256792,1398273734000,
489100802408760,Unpaved_road,unpaved,bad,True,1024,768,True,210567,dc05115334d6c67a0ecaea09c010510ac2f5cfaadaa6c9610f05c3ad4a635e20,data/raw/v2/streetsurfacevis/s_1024/489100802408760.jpg,100474358864037,1613833884914,
489111646232764,Normal_asphalt,asphalt,excellent,True,1024,768,True,168271,3ec03dfdd8be293c52495b9da13f24cc614f5046db0f7215a872511a80a822ee,data/raw/v2/streetsurfacevis/s_1024/489111646232764.jpg,102124648700555,1651669875000,
489168545668412,Normal_asphalt,asphalt,excellent,True,1024,576,True,156725,cebeae9568c3e9e8c546ee1be758273ae5722f8d1b94ea6758fad903003f7be7,data/raw/v2/streetsurfacevis/s_1024/489168545668412.jpg,100562292188203,1620465681142,
489239522197538,Normal_asphalt,asphalt,excellent,True,1024,768,True,77040,d06f72d8ddbcda2abcc2f618e21dd1927f2bc539ba61e6808d176caf14f26b0c,data/raw/v2/streetsurfacevis/s_1024/489239522197538.jpg,100562292188203,1528702841773,
490641335314434,Normal_asphalt,asphalt,excellent,True,1024,768,True,131578,0c057fc026a3b5df76b1472e00d6f47d13c60bf3c1bd9deafe6571d94d93a085,data/raw/v2/streetsurfacevis/s_1024/490641335314434.jpg,100995282143677,1494752707244,
490654185550798,Normal_asphalt,asphalt,excellent,True,1024,768,True,119312,63e82edc369eb10e00acb7911e6311b6f606b5cfef87e52f9c0b9bbea29e84b5,data/raw/v2/streetsurfacevis/s_1024/490654185550798.jpg,102609045317136,1538845390000,
491470088720809,Normal_asphalt,asphalt,excellent,True,1023,581,False,72538,1cfbb9053e3e606d262c8af91b18551ebe73c2be8a1669cbb3e18b8a1c4b5f19,data/raw/v2/streetsurfacevis/s_1024/491470088720809.jpg,107703041466445,1591124250000,
491912381928256,Unpaved_road,unpaved,very_bad,True,1024,576,True,93062,fd65941114a9e38dd230427fdcc7dcbca3ac0fcd9f60353b6cc0a91dbd760ace,data/raw/v2/streetsurfacevis/s_1024/491912381928256.jpg,101020912145314,1593283549758,
492717578716409,Unpaved_road,unpaved,very_bad,True,1024,768,True,100669,d5276a4088015c1eb7bf4b3ae6af36642480bae7d3c59f3ea4bf689b6436f103,data/raw/v2/streetsurfacevis/s_1024/492717578716409.jpg,101468878767508,1565626225486,
493745475004497,Unpaved_road,unpaved,intermediate,True,1024,768,True,242869,26ad9c9f8f46b9c9bc28dda2337e038b24dc23b74b50bf676e0390c62ef6916a,data/raw/v2/streetsurfacevis/s_1024/493745475004497.jpg,100474358864037,1559479343000,
494143901828853,Unpaved_road,unpaved,bad,True,1024,768,True,191663,85e64cb06cd7b6c0c5c303a2a322f1454e6723818ea6a45711f3b4fe700da8da,data/raw/v2/streetsurfacevis/s_1024/494143901828853.jpg,100232345559807,1621438723000,
494654009116788,Normal_asphalt,asphalt,excellent,True,1023,575,False,126111,29951f9ad3d47b78768956e77e742173be0f702c44eaf0a08ea2358bf263c514,data/raw/v2/streetsurfacevis/s_1024/494654009116788.jpg,103078715264357,1654362150502,
494939965830653,Normal_asphalt,asphalt,excellent,True,1023,576,False,113876,aa0e4b45b9f0f7afd27e5c4c3de5a3e97e997198c075b5043c62263a6480b74a,data/raw/v2/streetsurfacevis/s_1024/494939965830653.jpg,104533345120682,1665219709420,
495347938173468,Normal_asphalt,asphalt,excellent,True,1024,576,True,82892,0f374acb0b50cae48079c202209601c8aba6f2d266296ddc72d8c24a1f861704,data/raw/v2/streetsurfacevis/s_1024/495347938173468.jpg,102408815337347,1549463687654,
495540371638099,Normal_asphalt,asphalt,excellent,True,1024,768,True,144822,2d8294b3f227eeb17ae1f83098df7df3f95de9a247c42d5e423e1c3d906d882a,data/raw/v2/streetsurfacevis/s_1024/495540371638099.jpg,102103825368055,1568900181000,
496382126034770,Normal_asphalt,asphalt,excellent,True,1024,768,True,115179,91ae73ac6e9dbd277864ced1d56f01f051228e260634ccf67d4d8f42d89f72b8,data/raw/v2/streetsurfacevis/s_1024/496382126034770.jpg,110839115097469,1667995302000,
496663868243150,Unpaved_road,unpaved,intermediate,True,1024,576,True,182624,303d4a27529748570b3bbee072d3411e138d045f0e46043d933bde31e09941e5,data/raw/v2/streetsurfacevis/s_1024/496663868243150.jpg,100774085505278,1566740944000,
498037495407416,Normal_asphalt,asphalt,excellent,True,1024,768,True,135983,62237059cc13d0c2dee1397b119786e3ef83bfc12f9efffdc56f2366a05e467f,data/raw/v2/streetsurfacevis/s_1024/498037495407416.jpg,105558841679641,1656266141000,
498047088300253,Normal_asphalt,asphalt,excellent,True,1024,768,True,121990,e229d563374cdeddbf2c1677c3f7e8101511d1ef70d51df743b88d5c5ab9b290,data/raw/v2/streetsurfacevis/s_1024/498047088300253.jpg,100232345559807,1606563928745,
498080664723410,Unpaved_road,unpaved,intermediate,True,1024,768,True,129948,8a50b8d8a1e606afc39006a1b71003bbeb9a175c888fe10450db00261d689aa0,data/raw/v2/streetsurfacevis/s_1024/498080664723410.jpg,101675185408053,1431779427524,
498101998279940,Unpaved_road,unpaved,bad,True,1024,576,True,122700,70190fd6e54806c612421580888d1834d4a758c07c26a12d17135db32d14e158,data/raw/v2/streetsurfacevis/s_1024/498101998279940.jpg,107321811505407,1556299145474,
498113728293549,Unpaved_road,unpaved,intermediate,True,1024,768,True,122672,0f816173f73889df2577357fd9a0289574800c72698396bef97d5edb5933184c,data/raw/v2/streetsurfacevis/s_1024/498113728293549.jpg,105112711724663,1434274406670,
498340641516936,Normal_asphalt,asphalt,excellent,True,1024,768,True,165275,042eb77c4053c84fb3cf19bdd7459eb9249601bf86fc4b31a89419302b3286c8,data/raw/v2/streetsurfacevis/s_1024/498340641516936.jpg,102627028648372,1569683317000,
498616557854533,Normal_asphalt,asphalt,excellent,True,1024,768,True,126720,0d3a87589564de23aa0319c1937fd6ad87d9a0c4503d6d51f53df417ba5648b3,data/raw/v2/streetsurfacevis/s_1024/498616557854533.jpg,108954524668583,1555143211000,
499905701052668,Unpaved_road,unpaved,bad,True,1024,768,True,164382,f04a1634727e8c2aead6cea7888c0acc5a5da81df35f3627501414ac1fc2037c,data/raw/v2/streetsurfacevis/s_1024/499905701052668.jpg,109115837985025,1531584910000,
500206981416880,Normal_asphalt,asphalt,excellent,True,1024,768,True,89384,deb94ca349c48f12c44593662f3d8eebc3d58f888e75e8bcfae5c97e3f41a0d7,data/raw/v2/streetsurfacevis/s_1024/500206981416880.jpg,109634897931831,1582357641615,
500751881791110,Unpaved_road,unpaved,bad,True,1024,768,True,279189,3963f723511201e21a2d02308e920591c75a30931f06621b06e1fbf69ec2699d,data/raw/v2/streetsurfacevis/s_1024/500751881791110.jpg,100232345559807,1667465778000,
501001391050874,Unpaved_road,unpaved,bad,True,1024,768,True,122463,8d98f843af513c7b99f35e23b5db67d5df88cb0bcc8b45575fb1a6660f8551dd,data/raw/v2/streetsurfacevis/s_1024/501001391050874.jpg,105390378367361,1532272157239,
502328520910534,Unpaved_road,unpaved,bad,True,1024,768,True,266493,7df9e2d21410baa748c793d40b01e065f9afe72f33be6edae503b72fab29298e,data/raw/v2/streetsurfacevis/s_1024/502328520910534.jpg,102468835332129,1597834695115,
5025082097547579,Normal_asphalt,asphalt,excellent,True,1024,768,True,94974,c95f677b2293c563a9caac85474e9219d91eae8406a4c8013d7a432456687a73,data/raw/v2/streetsurfacevis/s_1024/5025082097547579.jpg,107998954769035,1584257675339,
502562474215566,Normal_asphalt,asphalt,excellent,True,1024,768,True,191284,7c5646c706071bcbd5142f8cdad35e102eb6b5505da3d7cbf7d566afc22e4a6e,data/raw/v2/streetsurfacevis/s_1024/502562474215566.jpg,101944425385548,1551014869968,
503278267462967,Normal_asphalt,asphalt,excellent,True,1024,768,True,98450,6c995be38324d4507eb0dea7437384c9ef43434f1f1b39f446c44f63512b2dd6,data/raw/v2/streetsurfacevis/s_1024/503278267462967.jpg,103792901858425,1568376977348,
503390684124991,Unpaved_road,unpaved,intermediate,True,1024,768,True,182312,d097f539f574226d58c066a5925ae52744f39526a5484925335d994f1f753d9a,data/raw/v2/streetsurfacevis/s_1024/503390684124991.jpg,103165985261213,1566404172000,
504123397442785,Unpaved_road,unpaved,bad,True,1024,768,True,208884,a3646fec910f8df71550673766aceccb2f01c14f39a24c816df2a0bb837f87d3,data/raw/v2/streetsurfacevis/s_1024/504123397442785.jpg,110562521169809,1436551361000,
504360974032503,Unpaved_road,unpaved,bad,True,1024,768,True,177160,36161cd8ce71c5d246b42c034b33d5f6b66e01d3aa491f755f8e290c38c9ec9d,data/raw/v2/streetsurfacevis/s_1024/504360974032503.jpg,102468835332129,1597839108614,
504588744389737,Unpaved_road,unpaved,intermediate,True,1024,768,True,202599,40fc06b6e5eebc613cea180f322019bc0df2933a49b19abfccd8bd7221cf52eb,data/raw/v2/streetsurfacevis/s_1024/504588744389737.jpg,110396794526009,1648289681951,
505651937465907,Normal_asphalt,asphalt,excellent,True,1023,578,False,55206,f9b2862924d2f510e3a4e5509ec6d901b74a5b59e362057fcba6274ffc5362d2,data/raw/v2/streetsurfacevis/s_1024/505651937465907.jpg,101658985409308,1494589471430,
505752037504016,Unpaved_road,unpaved,intermediate,True,1024,768,True,233429,e9faf6aeac587cfc3bfc184c71bc69b67849fb1b690178318f2fc1748a664be6,data/raw/v2/streetsurfacevis/s_1024/505752037504016.jpg,104949251746160,1598445491000,
506128300512412,Unpaved_road,unpaved,very_bad,True,1024,768,True,200116,f4ee1dd733ae1f63fcb8b988d92a5bb304d9be5a752de7ff4ef66d775227cc84,data/raw/v2/streetsurfacevis/s_1024/506128300512412.jpg,110282201203825,1620484469626,
506406980737503,Unpaved_road,unpaved,bad,True,1024,768,True,274139,affe0f031db0f771acc66a33e5cf0119713d258941c134d81a2cef8cb354c9c8,data/raw/v2/streetsurfacevis/s_1024/506406980737503.jpg,101020912145314,1523113531777,
506481041586837,Normal_asphalt,asphalt,excellent,True,1024,768,True,83459,e7ce94b716d096aa0fc7383a2554b343f4c409dff2c819eb093673dec6cc955d,data/raw/v2/streetsurfacevis/s_1024/506481041586837.jpg,100981335478605,1684569469452,
5070110453071396,Normal_asphalt,asphalt,excellent,True,1024,578,True,107036,45b330d31512dbede95f8cc73316bd5a2f59b2dd1d211c511a39cdb64ae2817c,data/raw/v2/streetsurfacevis/s_1024/5070110453071396.jpg,108071434762744,1616255043047,
507554590592600,Unpaved_road,unpaved,bad,True,1024,768,True,137794,588a00f3ef81355e6741db836ee564a84f3f50f1ee98117ec523fe59d181c87c,data/raw/v2/streetsurfacevis/s_1024/507554590592600.jpg,100232345559807,1615559505000,
507713140361410,Unpaved_road,unpaved,intermediate,True,1024,768,True,147203,3480dfc213a5a88d25e4ede505ca7c298b54226aac60cf171183b002fe06e664,data/raw/v2/streetsurfacevis/s_1024/507713140361410.jpg,110552844504419,1503235411000,
507896780622180,Unpaved_road,unpaved,very_bad,True,1024,768,True,172610,ff063962c9ebe787ac8fb320e69f7ec6387ed430ce4cb370c8de80af38c9be7a,data/raw/v2/streetsurfacevis/s_1024/507896780622180.jpg,101020912145314,1504892207000,
508321237028095,Unpaved_road,unpaved,intermediate,True,1024,768,True,256596,c064212f6578264f003ae7a5db6bfb79b216df16a960401707806ae2c2710e11,data/raw/v2/streetsurfacevis/s_1024/508321237028095.jpg,103515285224718,1526209503000,
508533690407775,Normal_asphalt,asphalt,excellent,True,1024,768,True,195574,eea751f6a4fa6aec87630431315abecfdf82453aeff386ff8bf582113a36ecaf,data/raw/v2/streetsurfacevis/s_1024/508533690407775.jpg,100232345559807,1627736573000,
509773896873970,Normal_asphalt,asphalt,excellent,True,1024,576,True,107120,54a7526f8d2242dd6e72bc9d382c4ffdd692f191b012369a4175d379006f4744,data/raw/v2/streetsurfacevis/s_1024/509773896873970.jpg,101410265434782,1488973795000,
510181793361891,Normal_asphalt,asphalt,excellent,True,1024,768,True,130752,3ddc26af76f1a47417074c0bdb0669d68efd5f23c2ad88322330f6c91d9c6dbc,data/raw/v2/streetsurfacevis/s_1024/510181793361891.jpg,101646622082305,1619875125452,
510313800266620,Unpaved_road,unpaved,intermediate,True,1024,768,True,215441,f40943d4994c2ed6a962a427f21f591b2993072bc9b70b4f7b0eda5c194e3ad3,data/raw/v2/streetsurfacevis/s_1024/510313800266620.jpg,102609045317136,1628857341000,
510363057470438,Unpaved_road,unpaved,intermediate,True,1024,768,True,151385,b8fc1fdf0ceb2ab870b58d8167338b44417b342a0ca5857f5417d267f6a9c265,data/raw/v2/streetsurfacevis/s_1024/510363057470438.jpg,101834042469155,1649785705051,
510913250087205,Unpaved_road,unpaved,bad,True,1024,576,True,180255,76689b06744a9718f8cc3da70050e02c9febf74dbafc54077f922620994d8642,data/raw/v2/streetsurfacevis/s_1024/510913250087205.jpg,101020912145314,1558627049778,
511118723256567,Normal_asphalt,asphalt,excellent,True,1024,576,True,79052,fc498ce7dd38518bb473cb62e3d138284384f9528b89a69cc86a1afd45d02baa,data/raw/v2/streetsurfacevis/s_1024/511118723256567.jpg,102099175369556,1618759624321,
511731410011823,Unpaved_road,unpaved,bad,True,1024,768,True,133258,9ffa186ff5b4a32023108fe1c9620f2d6262cbbbdbd1fdd42e12b326408dba3b,data/raw/v2/streetsurfacevis/s_1024/511731410011823.jpg,100232345559807,1597645470042,
512272080049960,Unpaved_road,unpaved,very_bad,True,1024,768,True,158725,f97779c2acf1a659d6f482a0d3c849755052f787db46f1c8617b776d371865c7,data/raw/v2/streetsurfacevis/s_1024/512272080049960.jpg,103901361851883,1627908753000,
513679446668762,Unpaved_road,unpaved,bad,True,1024,768,True,169527,e5d5d5da35d212d0f3d63336ef9298f32b8ff6f53e025cccfdaed89432f6616e,data/raw/v2/streetsurfacevis/s_1024/513679446668762.jpg,101592672083027,1450530609120,
513942847597933,Normal_asphalt,asphalt,excellent,True,1024,768,True,176819,af65ca042151e5ec47ac09035a4127a9d8c7cf720db5f2ce456b32c90edae79f,data/raw/v2/streetsurfacevis/s_1024/513942847597933.jpg,106491461588840,1648308000124,
514117293043934,Unpaved_road,unpaved,very_bad,True,1024,768,True,236941,2f5ef5f474db46571532229c191b4b244cf1287f450c52c572b51fe3ce52d893,data/raw/v2/streetsurfacevis/s_1024/514117293043934.jpg,102468835332129,1622377433714,
514530739669555,Normal_asphalt,asphalt,excellent,True,1024,768,True,65622,d8789a4bdd8e7b9f27d63053a0c748897ea87dd676e06b3885ba6bc16d425008,data/raw/v2/streetsurfacevis/s_1024/514530739669555.jpg,106639358240162,1542699059543,
514602736322486,Normal_asphalt,asphalt,excellent,True,1024,768,True,73573,21f61f8711a562dfedbd8175541110e43f0a848609ec221210554a1d59d826ef,data/raw/v2/streetsurfacevis/s_1024/514602736322486.jpg,109752671252812,1626077922079,
5147522512031302,Unpaved_road,unpaved,very_bad,True,1024,768,True,162201,1637e929b37593ba358e5b770de40c4ffdfe35baa8388839c0d4ab0fcc2ea18c,data/raw/v2/streetsurfacevis/s_1024/5147522512031302.jpg,103901361851883,1655382232000,
515054712961147,Normal_asphalt,asphalt,excellent,True,1024,576,True,53555,831548b619894e761769fdc23ba1c4b7bae9f4e392259a172358f67119966e6a,data/raw/v2/streetsurfacevis/s_1024/515054712961147.jpg,108325871402519,1596889133690,
515304936158040,Normal_asphalt,asphalt,excellent,True,1024,768,True,164420,387bd1166ca09c4f8dc2ce1957a79c62afc002736ffd993825305c11973bc497,data/raw/v2/streetsurfacevis/s_1024/515304936158040.jpg,102609045317136,1605451965000,
515458329622066,Normal_asphalt,asphalt,excellent,True,1024,768,True,154234,7dd1c72ecd0a1d43b86b8f106e3067385cb9784d2c6765cd672758396b07128e,data/raw/v2/streetsurfacevis/s_1024/515458329622066.jpg,104526851788293,1554023702000,
515512146301876,Unpaved_road,unpaved,bad,True,1024,768,True,209769,113be79385eae1d2e881fab21597863e3d62cc9777a0b814398bcdcfdc26a0b7,data/raw/v2/streetsurfacevis/s_1024/515512146301876.jpg,102627028648372,1561887898000,
515741676380556,Unpaved_road,unpaved,very_bad,True,1024,768,True,157334,fb293285dd78ee0e8c5c22d3f450e6bdf1d0576e497d9e858188cd0e68907272,data/raw/v2/streetsurfacevis/s_1024/515741676380556.jpg,103901361851883,1628336827000,
515824996229527,Unpaved_road,unpaved,intermediate,True,1024,768,True,189072,b178b448a50c29459f53d2e5d5d5d5b21c12b18d8d77e9ad9c2b1b8c957d7f44,data/raw/v2/streetsurfacevis/s_1024/515824996229527.jpg,101442708769899,1620497375000,
515988403093351,Normal_asphalt,asphalt,excellent,True,1024,768,True,148857,0683efa32b735a29a6b0b35ca1ad686106c6d6597d183725e9477b3be512f991,data/raw/v2/streetsurfacevis/s_1024/515988403093351.jpg,100232345559807,1620200148052,
516243299787824,Normal_asphalt,asphalt,excellent,True,1024,576,True,90658,ad0e578a6478344e6e56d621111e1830e63a86d1e493ebfe15b7c95d868f758c,data/raw/v2/streetsurfacevis/s_1024/516243299787824.jpg,103198898589938,1631352335561,
516404927111352,Normal_asphalt,asphalt,excellent,True,1024,576,True,30369,35b341fe2eeff7961d08480c80d6c5aa580858a6bc3928dc215afb9d53b77ce5,data/raw/v2/streetsurfacevis/s_1024/516404927111352.jpg,100474358864037,1670060995928,
516605316188075,Normal_asphalt,asphalt,excellent,True,1024,768,True,212885,952e9fc19ed45b098511bd541f1584472b5aac71616601e41e2a7ce0eddc2f1d,data/raw/v2/streetsurfacevis/s_1024/516605316188075.jpg,109673317932619,1591964375500,
517395195973342,Normal_asphalt,asphalt,excellent,True,1024,576,True,141447,2cdeeae3f3817a9791d69c26e07fb647c9c0dd19f157362390fcd724f9fd7203,data/raw/v2/streetsurfacevis/s_1024/517395195973342.jpg,108655198076571,1621431121973,
517547483388752,Normal_asphalt,asphalt,excellent,True,1024,576,True,121380,e187e3ef73be4e2ab4996f7edf1197eee1c86b20d55044f731c8ec4547eda572,data/raw/v2/streetsurfacevis/s_1024/517547483388752.jpg,107765738126751,1656927904322,
517831493505933,Normal_asphalt,asphalt,excellent,True,1024,896,True,133301,89dacc9c56d173fec87f991c7d4f8e78909b3a0c9f99fdba3eecf759e2740a24,data/raw/v2/streetsurfacevis/s_1024/517831493505933.jpg,104115958497622,1664644630679,
5178479905584556,Unpaved_road,unpaved,intermediate,True,1024,768,True,217718,b482fdccfc5cf0295afd88ff0c2a0b8d77c2a6383aaa91729680f7c2e8b1fc90,data/raw/v2/streetsurfacevis/s_1024/5178479905584556.jpg,101442708769899,1655650019000,
517974602906654,Unpaved_road,unpaved,very_bad,True,1024,768,True,183796,63714566910d2c8723cfccb509c2e363340d6164567fee1de39bfa2545de9bc3,data/raw/v2/streetsurfacevis/s_1024/517974602906654.jpg,106401354931913,1605716211018,
518100516959235,Unpaved_road,unpaved,bad,True,1024,768,True,254533,2afcf47c495414292f2a59d6603ebba72b2e95caac2cb92a7302a314ebb3e173,data/raw/v2/streetsurfacevis/s_1024/518100516959235.jpg,101263385455016,1672398194562,
518421249519076,Unpaved_road,unpaved,bad,True,1024,768,True,230391,613057c901e30733209773af9c8e9ba3d11681aa81cdc88755a323df39ec96d8,data/raw/v2/streetsurfacevis/s_1024/518421249519076.jpg,103901361851883,1619699146000,
518467923205556,Normal_asphalt,asphalt,excellent,True,1024,768,True,117518,ce977fe0363c1cf496227567dc22f7abd1121ce3d9aaa6fd46e68e38e8c4a930,data/raw/v2/streetsurfacevis/s_1024/518467923205556.jpg,104058601953691,1651684522606,
518602896378244,Unpaved_road,unpaved,bad,True,1024,768,True,150332,f246390fe632f0b89c2191e5a80ca5c00a4b74894c6c66fba4b128d0354617b3,data/raw/v2/streetsurfacevis/s_1024/518602896378244.jpg,107674238136176,1650721559658,
518603569323350,Unpaved_road,unpaved,bad,True,1024,768,True,209875,d3803217dff28a97d493ca83374a2d6850ef4a8abb627bd06997df615328aa41,data/raw/v2/streetsurfacevis/s_1024/518603569323350.jpg,100232345559807,1598951138500,
519991612743091,Unpaved_road,unpaved,intermediate,True,1024,768,True,231726,16570d2b4ed2340f02b060c6191b61e148980e38d6f3ce99e11929f2753e7e67,data/raw/v2/streetsurfacevis/s_1024/519991612743091.jpg,100232345559807,1583665454590,
519999658999591,Normal_asphalt,asphalt,excellent,True,1024,768,True,150602,c42f7c464b053e0b5d1ee0540693164318c8afb422e48523308ccb732b0deb90,data/raw/v2/streetsurfacevis/s_1024/519999658999591.jpg,108032388098594,1501243258984,
520863578936825,Normal_asphalt,asphalt,excellent,True,1024,768,True,205447,94a1bcc91441438ad06b57ca7ee7c9f81a6e81f9bbdd399463cd32d6c7287363,data/raw/v2/streetsurfacevis/s_1024/520863578936825.jpg,101545352092712,1586028618071,
520937122233074,Normal_asphalt,asphalt,excellent,True,1024,768,True,124783,179c86641c24f34d76f872a0b70ca00b658271170e293d146e3209ccc00b60b7,data/raw/v2/streetsurfacevis/s_1024/520937122233074.jpg,105684068336969,1506429830197,
521827805614061,Unpaved_road,unpaved,intermediate,True,1024,768,True,161829,1afe0d836fbfa4bae93c15a5a06d1bbd84b27cfc3ccfb691f271ba6db5ffdfb3,data/raw/v2/streetsurfacevis/s_1024/521827805614061.jpg,104245081812096,1493647638327,
522018192141672,Unpaved_road,unpaved,bad,True,1024,768,True,165460,6da89e6515d7da9f6ac233951780db7a28831124db860906d46c0b0692bced78,data/raw/v2/streetsurfacevis/s_1024/522018192141672.jpg,100232345559807,1595492965919,
522924508742548,Normal_asphalt,asphalt,excellent,True,1024,576,True,66348,2b4368a106d8b89af5fde19404f2d87eec81c7bb9365644e221c976080306714,data/raw/v2/streetsurfacevis/s_1024/522924508742548.jpg,109569481271487,1475321629985,
522986102049558,Unpaved_road,unpaved,bad,True,1024,768,True,215666,09076b96a7bceef5da96459f524e4aea2a07376fa70d9716e26c607b04d15c9c,data/raw/v2/streetsurfacevis/s_1024/522986102049558.jpg,103079161935557,1514813387057,
523625835665474,Normal_asphalt,asphalt,excellent,True,1024,768,True,125161,e19154bd5ae87a487cc148207755309ac77a1a054c4ceec9b6af26e00134f0d1,data/raw/v2/streetsurfacevis/s_1024/523625835665474.jpg,100232345559807,1603277535000,
523731448626087,Unpaved_road,unpaved,intermediate,True,1024,768,True,184966,514381eadb6275ffc6a414a49b4a76275a105a68969bfad5ce6a4f3a97904cfa,data/raw/v2/streetsurfacevis/s_1024/523731448626087.jpg,105558841679641,1560877813000,
523944602346730,Unpaved_road,unpaved,bad,True,1024,576,True,134373,424941cf721a024093e4a1d314bfe130aa96303f5759abac1f7536b25fca104c,data/raw/v2/streetsurfacevis/s_1024/523944602346730.jpg,102008708711272,1568565466864,
524805188675918,Normal_asphalt,asphalt,excellent,True,1024,576,True,129692,c7c81b631fd623995ed0189aef5282a0a1895c663e368cbb39dc3dd72410987a,data/raw/v2/streetsurfacevis/s_1024/524805188675918.jpg,105149648392367,1580463228194,
524929081888333,Unpaved_road,unpaved,bad,True,1024,768,True,166415,cfbbb3fcc0f3e7d87c435a731e648efec1aa3732223516fe4b460902817fe906,data/raw/v2/streetsurfacevis/s_1024/524929081888333.jpg,100232345559807,1622732938947,
525037401842578,Normal_asphalt,asphalt,excellent,True,1024,576,True,66407,337421d35f649248e773bddb7037862959e0e7d554457362ec1394acacf75617,data/raw/v2/streetsurfacevis/s_1024/525037401842578.jpg,109673317932619,1531731127456,
525609715240386,Unpaved_road,unpaved,very_bad,True,1024,768,True,219853,52011febc14c25b3cf9598da5d008cac7f99515bf209441c40bd48f6cf4eb656,data/raw/v2/streetsurfacevis/s_1024/525609715240386.jpg,107164461520710,1615733815548,
526564922084202,Normal_asphalt,asphalt,excellent,True,1024,768,True,120854,de8279de1a462deb2ee25afc106477657abbac90d35ab8f82889a1cdf331c109,data/raw/v2/streetsurfacevis/s_1024/526564922084202.jpg,109752671252812,1519027401256,
526577296125889,Normal_asphalt,asphalt,excellent,True,1024,573,True,100407,a00ce0d4f57e51d2b0e5994e1fde955990554e6021d2252b632e8b5ce5b231ac,data/raw/v2/streetsurfacevis/s_1024/526577296125889.jpg,102002589410967,1675845340421,
526604292558981,Unpaved_road,unpaved,very_bad,True,1022,460,False,143347,580fc28efb54e75dbbc416caa90afc8a94c5471ba448d8b209d9980323330207,data/raw/v2/streetsurfacevis/s_1024/526604292558981.jpg,102468835332129,1662284504472,
526646488345186,Normal_asphalt,asphalt,excellent,True,1023,575,False,58023,baef972bd745211a58e69207fe30e8f1e3fd49e799b69e3d541fd411e949697e,data/raw/v2/streetsurfacevis/s_1024/526646488345186.jpg,100205445563570,1568636255095,
527144978292722,Normal_asphalt,asphalt,excellent,True,1024,768,True,66190,9af29d9935b1ab55956bfb5879a79f6f55b959fb991bfb24a0206df2fba1ba48,data/raw/v2/streetsurfacevis/s_1024/527144978292722.jpg,107998954769035,1579185463755,
527418398270127,Unpaved_road,unpaved,intermediate,True,1024,768,True,135990,b1c8edccdc86ea00a19b52461bc4199747f39b816f81abcbf638980341e4972e,data/raw/v2/streetsurfacevis/s_1024/527418398270127.jpg,103901361851883,1622032502000,
527538271870848,Normal_asphalt,asphalt,excellent,True,1024,768,True,182733,68c5e5ae225081952b8b1c2c55874ee6330d4d5e15365f4de3754642dbbf8b04,data/raw/v2/streetsurfacevis/s_1024/527538271870848.jpg,106087394964047,1629546683000,
527629208250433,Normal_asphalt,asphalt,excellent,True,1024,768,True,131203,d831ed19f720e94c2d5be2c6f63669149a8ac0fe230de76cd57a9b9298c5d753,data/raw/v2/streetsurfacevis/s_1024/527629208250433.jpg,108681281366070,1565787168000,
528016858578173,Normal_asphalt,asphalt,excellent,True,1024,768,True,166273,7c6c4ca6e1de89f8fdf8e3312a04f5937845e7e6533c779bb71f9b109b908ec0,data/raw/v2/streetsurfacevis/s_1024/528016858578173.jpg,110001704559711,1563613993791,
5282004495222297,Normal_asphalt,asphalt,excellent,True,1024,576,True,97650,91fe9baaa0fac2feef4deb9e0f8d912519000590e67497706ace9c75803e24f4,data/raw/v2/streetsurfacevis/s_1024/5282004495222297.jpg,102099175369556,1658667968002,
528735055203316,Unpaved_road,unpaved,bad,True,1024,768,True,228915,3c618e9f668262d450ccb47c2a1be41e282b614de669ba566b3b4ccbd4707ff0,data/raw/v2/streetsurfacevis/s_1024/528735055203316.jpg,100232345559807,1598951195000,
529414805462973,Normal_asphalt,asphalt,excellent,True,1024,768,True,91613,462b3e7cf2123547342585f3ff27020229b69c80a02ad0a642d3247289c04f14,data/raw/v2/streetsurfacevis/s_1024/529414805462973.jpg,108989461335930,1649679923202,
5297950250326667,Normal_asphalt,asphalt,excellent,True,1023,575,False,118897,1dc23e86cade84fc57768d01d7aec5a22306f04e4f6a07ddc833d56a8d273cbe,data/raw/v2/streetsurfacevis/s_1024/5297950250326667.jpg,109115837985025,1661855700425,
529857061588417,Unpaved_road,unpaved,bad,True,1024,768,True,118808,9e1c63099f834f2d316e15d9da11787635a1594a7665a210e8cc1ce03311caa6,data/raw/v2/streetsurfacevis/s_1024/529857061588417.jpg,100232345559807,1626245302200,
5301502999861989,Normal_asphalt,asphalt,excellent,True,1024,768,True,138016,854afec9118a3e8c6e5676972c3703f27b2399890625a7358e3f2d31b1e1e56d,data/raw/v2/streetsurfacevis/s_1024/5301502999861989.jpg,105558841679641,1647097671000,
532284884595089,Normal_asphalt,asphalt,excellent,True,1024,768,True,83181,088d7614740fc7ef91381f11711c6cbd78555e2751cf56d495c2d5af13a25bc0,data/raw/v2/streetsurfacevis/s_1024/532284884595089.jpg,107998954769035,1585228670801,
532919287886836,Unpaved_road,unpaved,bad,True,1024,768,True,171936,dfc8c002e94329f155fc5fadf76467d326b107f662b28bf942ab99538ee2997c,data/raw/v2/streetsurfacevis/s_1024/532919287886836.jpg,100232345559807,1617904191000,
533275781012857,Normal_asphalt,asphalt,excellent,True,1024,768,True,108209,e7cf2cd59880cc42ceb3378fe3acdcce81ea394d1c5655e4ef6bd76cf852199d,data/raw/v2/streetsurfacevis/s_1024/533275781012857.jpg,111920824373217,1566279776543,
533684995026879,Unpaved_road,unpaved,bad,True,1024,768,True,163770,a3d18150c50feecd5f629370d440d3b42ee5b39acaa3203101b1019b40d9f982,data/raw/v2/streetsurfacevis/s_1024/533684995026879.jpg,100232345559807,1648302978000,
534407791274091,Unpaved_road,unpaved,intermediate,True,1024,768,True,193506,f62d77dc0af5fa245a8f9bd0a5d37c0fd749b631ff77629167de5e76d8151360,data/raw/v2/streetsurfacevis/s_1024/534407791274091.jpg,100268992218434,1561139930000,
535236815147023,Unpaved_road,unpaved,intermediate,True,1024,576,True,159611,fa5d45912c7cf3e9ffbdd2fb4fa8d08550e1c2c299253b091df101f771b84b7f,data/raw/v2/streetsurfacevis/s_1024/535236815147023.jpg,106398728264275,1677416685657,
536558678170832,Unpaved_road,unpaved,very_bad,True,1024,576,True,141597,d60a6cabd5b4240209f4a7f8f11edbde4de4afc3af9112b24f25d83892afde97,data/raw/v2/streetsurfacevis/s_1024/536558678170832.jpg,109842617910576,1634481271000,
536823465220578,Unpaved_road,unpaved,bad,True,1024,768,True,223804,f9a45c628897138ed9b4118b97d32645a9a57860289810d0aaf86264dd13b86a,data/raw/v2/streetsurfacevis/s_1024/536823465220578.jpg,104115958497622,1676546431735,
536858300652135,Unpaved_road,unpaved,very_bad,True,1024,768,True,154454,fbddc318476dbfc058681a8be156e8673f32c107fe892ea562a74f7c60467ff6,data/raw/v2/streetsurfacevis/s_1024/536858300652135.jpg,107164461520710,1619850178454,
537504501862394,Unpaved_road,unpaved,very_bad,True,1024,768,True,329269,4b6b1497784117709ca05b4edfddf4a38dff48f93275a87975f08ef9fecb4f9f,data/raw/v2/streetsurfacevis/s_1024/537504501862394.jpg,101468878767508,1679577412040,
538157117568903,Normal_asphalt,asphalt,excellent,True,1024,768,True,199090,3ba81ec9d5f715707e3b2403dd4d8429476c90054ec4481dc5a9e9cf83c0bd81,data/raw/v2/streetsurfacevis/s_1024/538157117568903.jpg,108354611399818,1601397114003,
538763840774184,Unpaved_road,unpaved,intermediate,True,1024,768,True,261378,e9389d287f1932f827ce70c9ad64d4d2d0bec5f1c58f0bbaadbac759a04ec027,data/raw/v2/streetsurfacevis/s_1024/538763840774184.jpg,100232345559807,1626771717000,
539026700589823,Unpaved_road,unpaved,bad,True,1024,768,True,138832,13e266521265656dc9324a03a3ef4d20e4f739a6485c764048bc8de498f172f8,data/raw/v2/streetsurfacevis/s_1024/539026700589823.jpg,105390378367361,1531501061336,
539395713721138,Unpaved_road,unpaved,bad,True,1024,768,True,226090,80473fae2d7fcc5c74ebebb010076d188ad027741c404915b60d7e960020cb55,data/raw/v2/streetsurfacevis/s_1024/539395713721138.jpg,102468835332129,1601725407340,
539658400745156,Normal_asphalt,asphalt,excellent,True,1024,768,True,111686,8d7bf71f93f9894e4367ec853eba997508e9fda30e4d77f1b30bb2dbac79096d,data/raw/v2/streetsurfacevis/s_1024/539658400745156.jpg,102923368613804,1568454882869,
540592344031839,Unpaved_road,unpaved,intermediate,True,1024,768,True,121558,bfa37e8fa45b099570ca65ba15347e90aebb31798176503f89e703e39e687be4,data/raw/v2/streetsurfacevis/s_1024/540592344031839.jpg,100232345559807,1626875408000,
541015018125670,Normal_asphalt,asphalt,excellent,True,1024,576,True,150452,d9aea86c57752180a5019d5e319aa7dfb4bd6b7513853cbd21294fd71a2e30c1,data/raw/v2/streetsurfacevis/s_1024/541015018125670.jpg,101834042469155,1676204625020,
541436516859822,Normal_asphalt,asphalt,excellent,True,1024,576,True,41829,5d6294173400bb79a4102fe678065d13be5664de52f77eda041e9ca31db212a4,data/raw/v2/streetsurfacevis/s_1024/541436516859822.jpg,100474358864037,1597379942523,
541605023544739,Normal_asphalt,asphalt,excellent,True,1024,767,True,164489,772aed2433b8e60efda58dc36c7afca6e00fd3d15f847fe1ad64531b1b9e05b9,data/raw/v2/streetsurfacevis/s_1024/541605023544739.jpg,106692581568242,1502727346000,
542034024358233,Unpaved_road,unpaved,intermediate,True,1024,576,True,103725,2ccc1b76b1c0ba9fabbee54a807c4ade4f016ab4bb4a3d9ab759932d78057112,data/raw/v2/streetsurfacevis/s_1024/542034024358233.jpg,100926758817659,1660576374383,
543390883419043,Normal_asphalt,asphalt,excellent,True,1024,768,True,134741,4a6a5d932cb9d8dc3e6b3efa9bdaab614ad9958f36111ca78091deb5ed848d06,data/raw/v2/streetsurfacevis/s_1024/543390883419043.jpg,107674238136176,1621095083145,
543589736627167,Unpaved_road,unpaved,very_bad,True,1024,768,True,174240,e0360ebd68dcef2b480b8cf29d36a5d0bca6374bacc2991753be51f708e52360,data/raw/v2/streetsurfacevis/s_1024/543589736627167.jpg,101658985409308,1436894037495,
5436112353129233,Unpaved_road,unpaved,intermediate,True,1024,768,True,180386,38e9133962008b7808024d7d00f06846faf0402565ed584e60770c834f797232,data/raw/v2/streetsurfacevis/s_1024/5436112353129233.jpg,100268992218434,1594563293000,
5448866368466610,Normal_asphalt,asphalt,excellent,True,1024,768,True,229786,bc041d6bda0acbaed6796c41c0c492279dc680017a31b9a2ada2f3670088ff01,data/raw/v2/streetsurfacevis/s_1024/5448866368466610.jpg,104984298408021,1531480821000,
545741880121716,Unpaved_road,unpaved,bad,True,1024,768,True,214260,242e1fb15399d9c25aadd5a49ddb02eb365dc2aa8b5d4c8ca5713950d3742d2a,data/raw/v2/streetsurfacevis/s_1024/545741880121716.jpg,102627028648372,1570927032000,
5462830377092634,Unpaved_road,unpaved,very_bad,True,1024,768,True,258558,bc4870beabf9fc7fdf00692b81bf31f09e450517709eb35eee9c168cd5a27a19,data/raw/v2/streetsurfacevis/s_1024/5462830377092634.jpg,103079161935557,1514813340876,
546375903283728,Unpaved_road,unpaved,intermediate,True,1024,768,True,125333,183918d1b490357a5720fd0d6507d66114c61979e1c5d294a443d91d6782c402,data/raw/v2/streetsurfacevis/s_1024/546375903283728.jpg,103550301888099,1646230485530,
5471546489584414,Normal_asphalt,asphalt,excellent,True,1024,768,True,90158,2a0f91f57e894d6d50cc1e8d76261e8467a6e18a6e701916292b476a18cfa1c3,data/raw/v2/streetsurfacevis/s_1024/5471546489584414.jpg,114454464119978,1497950309000,
547196210948483,Unpaved_road,unpaved,bad,True,1024,771,True,205101,e47d510857b467f91e75f82708fb867b512b0ba8ad653797604f66099d787305,data/raw/v2/streetsurfacevis/s_1024/547196210948483.jpg,107926401439810,1684152344574,
5478645805541922,Unpaved_road,unpaved,bad,True,1024,768,True,168683,72fbc07d947218d22cd0f79b89d1c43f8c95e91985b1bd6f535eebdc615d77e8,data/raw/v2/streetsurfacevis/s_1024/5478645805541922.jpg,100232345559807,1587454862202,
548246509493110,Unpaved_road,unpaved,bad,True,1024,768,True,272832,92157868eb9f7ac5e74a286fb3d71f5ff7fc6184c015bc520da46664ed36b636,data/raw/v2/streetsurfacevis/s_1024/548246509493110.jpg,110208441206053,1539864441873,
548449836145373,Unpaved_road,unpaved,bad,True,1024,768,True,224542,1be2df9acc24dc88e0a93586cb788ddd7540376549c8039c7e90063c00c42b1a,data/raw/v2/streetsurfacevis/s_1024/548449836145373.jpg,102609045317136,1584528328000,
549118123534746,Normal_asphalt,asphalt,excellent,True,1024,768,True,121314,20a933a90e2493a41609a6b620c0815037a74438753fd928a4548e6bc86ba559,data/raw/v2/streetsurfacevis/s_1024/549118123534746.jpg,100191919180290,1656165287058,
549780149912843,Unpaved_road,unpaved,bad,True,1022,460,False,99464,6e3079e1fda29d9653b15e106819d06fcbab8b39c736549320eb0342a4f1b6cd,data/raw/v2/streetsurfacevis/s_1024/549780149912843.jpg,102468835332129,1670337398702,
5498360790237132,Normal_asphalt,asphalt,excellent,True,1024,576,True,70645,2420c69f77636b8de0fd8301d8c35bc9dde3dab437b754f4e68f5b9d23068ae3,data/raw/v2/streetsurfacevis/s_1024/5498360790237132.jpg,101652568748576,1592154260794,
550028933662251,Unpaved_road,unpaved,intermediate,True,1024,576,True,139709,9b8da79bcdc37dd154ac102b1bc9d4439d904ff303bbf6b28563b039622ac8fe,data/raw/v2/streetsurfacevis/s_1024/550028933662251.jpg,102473841997175,1679133240689,
550542793891988,Unpaved_road,unpaved,very_bad,True,1024,576,True,100734,4a2803cc126022808eff1f329e2ec9ca34676a79388efc327f541169c8f617c4,data/raw/v2/streetsurfacevis/s_1024/550542793891988.jpg,102468835332129,1683027809906,
551170466132275,Normal_asphalt,asphalt,excellent,True,1024,576,True,123864,e9051fbfdd3cafb5e4c9c1be28bef300e2d28afe0f7bfac891a33a5ec7419752,data/raw/v2/streetsurfacevis/s_1024/551170466132275.jpg,107765738126751,1631181145836,
552579169412517,Unpaved_road,unpaved,very_bad,True,1024,768,True,240401,f8a3f93c1ab53985f8943597c1ee8a1bdf50c401c409b03cb53305e22157d689,data/raw/v2/streetsurfacevis/s_1024/552579169412517.jpg,103901361851883,1631192024000,
5543720259003091,Unpaved_road,unpaved,intermediate,True,1024,768,True,255589,b0eb2708ab0b87720b1db9f1c11c01c1645aef5fa6f865db36871023eb894ad3,data/raw/v2/streetsurfacevis/s_1024/5543720259003091.jpg,105082775066440,1619689168697,
554372596573093,Normal_asphalt,asphalt,excellent,True,1023,575,False,88606,fa00c70064baf1aae7e5a071904b7b40f6329f0cb953bbf182de68aebc145587,data/raw/v2/streetsurfacevis/s_1024/554372596573093.jpg,104095258499190,1672484362199,
555325352672265,Unpaved_road,unpaved,intermediate,True,1024,576,True,66594,a8df3fb8fd288dacfe7384fa529ae4e4a22eecba47d898668801daa0ce7384f9,data/raw/v2/streetsurfacevis/s_1024/555325352672265.jpg,109842617910576,1634481476000,
555378468760663,Unpaved_road,unpaved,bad,True,1024,768,True,176736,31f79aa0c616af50a649dd1c85ab01554e64afcbec46975f73d4850c2bd4f00d,data/raw/v2/streetsurfacevis/s_1024/555378468760663.jpg,101410265434782,1441734326000,
555922022057536,Normal_asphalt,asphalt,excellent,True,1024,768,True,118444,9dd43aadee700c2c429e078e4090afa0f4c9cffc87484861242a342a49d543a3,data/raw/v2/streetsurfacevis/s_1024/555922022057536.jpg,102627028648372,1558094991000,
556300086025104,Normal_asphalt,asphalt,excellent,True,1024,576,True,51239,639cc4d417ad5800d28d1421880b8d0583fa1a4df164df8286b0697c2338a0f5,data/raw/v2/streetsurfacevis/s_1024/556300086025104.jpg,100474358864037,1654206897861,
5568134853225709,Unpaved_road,unpaved,very_bad,True,1024,768,True,321394,3f142676a99326e7455ecfb189a8aff4d1b0e79343156a69db72941317aef2c5,data/raw/v2/streetsurfacevis/s_1024/5568134853225709.jpg,103901361851883,1664881600534,
5571752206236551,Normal_asphalt,asphalt,excellent,True,1024,768,True,175469,80032df2eac04bee59e46b797e06092d513b4497ca0761e34d7d69e65d1c4cdb,data/raw/v2/streetsurfacevis/s_1024/5571752206236551.jpg,100232345559807,1665399289000,
558370455964957,Unpaved_road,unpaved,bad,True,1024,768,True,183449,b483b7ef79992d1d26531807472b7fda443bfb728c85020e62800ee6705a54ad,data/raw/v2/streetsurfacevis/s_1024/558370455964957.jpg,103901361851883,1659022298000,
559386385893535,Normal_asphalt,asphalt,excellent,True,1024,768,True,174076,a980e6ae73228e0f1dbf7b161850d142a9847dc5c7d70aec7f15cd1eacb419a8,data/raw/v2/streetsurfacevis/s_1024/559386385893535.jpg,100191919180290,1657989553012,
559458246379432,Unpaved_road,unpaved,intermediate,True,1024,768,True,199506,3bd3f4f17c5cd909e756763d248a6a396167e6321f167fe8eb260c29daa29607,data/raw/v2/streetsurfacevis/s_1024/559458246379432.jpg,102609045317136,1684676655000,
5603226599793791,Normal_asphalt,asphalt,excellent,True,1024,768,True,120043,5e636e97e18e585136a23aeb259d70ada1fb492a408a7ad0aceb2ff8c143e7d6,data/raw/v2/streetsurfacevis/s_1024/5603226599793791.jpg,100232345559807,1665923017500,
560350432955927,Unpaved_road,unpaved,intermediate,True,1024,768,True,211701,20e14cfb3f9babbd65d564d10f6247388680f758d1b12b7fb825e55e93e48c4f,data/raw/v2/streetsurfacevis/s_1024/560350432955927.jpg,100232345559807,1684332537000,
561160571529794,Unpaved_road,unpaved,bad,True,1024,768,True,256470,c7a28b8a2cf80d733ff2cfe2b518d1bfb16d313741b62892e447cb06f45e1ae9,data/raw/v2/streetsurfacevis/s_1024/561160571529794.jpg,101592672083027,1450619484921,
562474945480364,Unpaved_road,unpaved,intermediate,True,1024,768,True,215428,96bb79b3670318057c1e0d54e2311e2bd615847d41eba5022705fa01da0e5646,data/raw/v2/streetsurfacevis/s_1024/562474945480364.jpg,100191919180290,1655558263023,
562786198038894,Normal_asphalt,asphalt,excellent,True,1024,768,True,144921,fde404bbe90d5b4c3d2566cacf1a6ac616633c6f630380389e9f33698360b88b,data/raw/v2/streetsurfacevis/s_1024/562786198038894.jpg,110756067822823,1591102411472,
563145281366224,Unpaved_road,unpaved,intermediate,True,1024,768,True,160702,48f91282e8d547a08f0503a48ddb9773d20f3a97642a4e8ac183dccabfe87838,data/raw/v2/streetsurfacevis/s_1024/563145281366224.jpg,100232345559807,1622529749893,
563152015296375,Unpaved_road,unpaved,bad,True,1024,768,True,216965,90761ec10380aece3f6e3d9645a9f8d16d0fd26f69e0e71ba8d70b7a32a90f57,data/raw/v2/streetsurfacevis/s_1024/563152015296375.jpg,103901361851883,1659023220000,
5636449866426290,Unpaved_road,unpaved,bad,True,1024,768,True,180203,23f152748333f0b795e7a858443ed2f835eedc163fa89104a954f818824bedba,data/raw/v2/streetsurfacevis/s_1024/5636449866426290.jpg,102468835332129,1622975168211,
563911405413775,Unpaved_road,unpaved,bad,True,1024,768,True,184732,604aabff078d71b74d6dcb5f6f3c8892e240c10123f859af09ffda98058261f7,data/raw/v2/streetsurfacevis/s_1024/563911405413775.jpg,103901361851883,1658330406000,
566053311834383,Unpaved_road,unpaved,intermediate,True,1024,768,True,162489,5d0cc987241cc146d363331586250c46edb180a5aa44dca64a45453dbfc00d49,data/raw/v2/streetsurfacevis/s_1024/566053311834383.jpg,104115958497622,1674915932654,
566327654645367,Normal_asphalt,asphalt,excellent,True,1024,768,True,120035,a5eac5d9d229d281457c4e1de5ce3480a8b4755dffc3af8aaa903a4093c49c9a,data/raw/v2/streetsurfacevis/s_1024/566327654645367.jpg,103901361851883,1633184799000,
567894600891631,Normal_asphalt,asphalt,excellent,True,1024,768,True,160127,fb5e408e5173929cf953ca90cb8a119df4bb9c527e366c3405b73b47b9428cf7,data/raw/v2/streetsurfacevis/s_1024/567894600891631.jpg,100232345559807,1627901646000,
569368427800139,Normal_asphalt,asphalt,excellent,True,1024,768,True,109933,024bf8ca4996d2d6d63ccfcd52ad32832dd34154ccd1c9b77d8ba60dcb0b11a8,data/raw/v2/streetsurfacevis/s_1024/569368427800139.jpg,109344581299907,1503239106000,
5708968529177922,Unpaved_road,unpaved,very_bad,True,1024,768,True,219625,6eaf8a6d8568daa652bed71f3b523a26feedc597dc3a402e891025f262ebfdb9,data/raw/v2/streetsurfacevis/s_1024/5708968529177922.jpg,103901361851883,1622465491000,
571190073868495,Normal_asphalt,asphalt,excellent,True,1024,768,True,152335,312f90bfa3b08e974f98bca9ef5870dbd2ca17afc9aef3ee21ddef78e6c3e928,data/raw/v2/streetsurfacevis/s_1024/571190073868495.jpg,109115837985025,1591455377000,
5714423215235901,Normal_asphalt,asphalt,excellent,True,1024,768,True,167160,7cfe854981f02ad12e508dfe2ff3374b7517ea88cffd78ffa0e6b40958a99f9c,data/raw/v2/streetsurfacevis/s_1024/5714423215235901.jpg,103165985261213,1656159156014,
574019496908064,Unpaved_road,unpaved,intermediate,True,1024,768,True,276612,d58568676a22731185456795aed1dee36d4dea91f5e5b7d8320f3949e0bdc3a9,data/raw/v2/streetsurfacevis/s_1024/574019496908064.jpg,100474358864037,1617552868699,
574587930401896,Normal_asphalt,asphalt,excellent,True,1024,576,True,110578,dd463ac0ddeb87431c73f95f1cfdb33666d3aba43f8faefd29ac4d69b1b13d23,data/raw/v2/streetsurfacevis/s_1024/574587930401896.jpg,104058601953691,1631623729443,
574611193546310,Normal_asphalt,asphalt,excellent,True,1024,768,True,131513,6d90e6c918020cb9a0bc09a89752f7f4a59030199d71db2e23f6f312c410f28e,data/raw/v2/streetsurfacevis/s_1024/574611193546310.jpg,100232345559807,1629386753500,
574991840309040,Normal_asphalt,asphalt,excellent,True,1024,768,True,121251,8884d75ffed14ff71689c3496b2903c50c12df171b6a20f00ef9133e612a7fcd,data/raw/v2/streetsurfacevis/s_1024/574991840309040.jpg,108727694691996,1631960753249,
5763709106992911,Unpaved_road,unpaved,bad,True,1024,896,True,291262,01f97213037d65926fb8c6912f036df6388048dbd6b26cceed971358d333a3e2,data/raw/v2/streetsurfacevis/s_1024/5763709106992911.jpg,104115958497622,1666698293976,
576652070100447,Normal_asphalt,asphalt,excellent,True,1024,768,True,179147,beb16245c9a68861649a96c9ad5f0db940aac50cd327cfe7b708fb37b67d90d6,data/raw/v2/streetsurfacevis/s_1024/576652070100447.jpg,105558841679641,1650117947000,
576960147530371,Normal_asphalt,asphalt,excellent,True,1024,759,True,69865,9d1bd5e2a19be2a6b00ac3197c320547423fdc6f57fb357b5d85488ce5496ea1,data/raw/v2/streetsurfacevis/s_1024/576960147530371.jpg,104133191972461,1661522216300,
577051510076701,Normal_asphalt,asphalt,excellent,True,1024,768,True,129842,d721c1545ca7707805ab748fbdc9e1a2093f4efb23fffb8be18c4cfa27501fa3,data/raw/v2/streetsurfacevis/s_1024/577051510076701.jpg,105128028394163,1634204112640,
577060607874842,Normal_asphalt,asphalt,excellent,True,1024,768,True,101947,ed191181824bb2c92567b82c78e17641ab87b9d45e9f6316a3ebcea835c95a5c,data/raw/v2/streetsurfacevis/s_1024/577060607874842.jpg,104058601953691,1685369193150,
577831713354845,Normal_asphalt,asphalt,excellent,True,1024,768,True,214869,764c13e0b23ef96361c7dfb410a7c04fdd11388178fcf5700f13db581dd4d3f4,data/raw/v2/streetsurfacevis/s_1024/577831713354845.jpg,100232345559807,1631178083500,
584882903624933,Normal_asphalt,asphalt,excellent,True,1024,768,True,162862,e2bb52573f66ebb193d9a501905c588c12fc98c06a7ec609493612e475bd96ac,data/raw/v2/streetsurfacevis/s_1024/584882903624933.jpg,100232345559807,1455836596500,
586172102776047,Unpaved_road,unpaved,very_bad,True,1024,768,True,164922,16e4183206ade9d3f4fe614315e21d0af9a4724743957244c9dc1e8db77d7f4e,data/raw/v2/streetsurfacevis/s_1024/586172102776047.jpg,110282201203825,1604317821492,
587019418851959,Unpaved_road,unpaved,intermediate,True,1024,768,True,204799,283ec7fd910513cb31219d6b1d59625a2b7f4f7c0ec195bf5d319fd55b276a0e,data/raw/v2/streetsurfacevis/s_1024/587019418851959.jpg,102532525320329,1559491615000,
587296282945379,Unpaved_road,unpaved,bad,True,1024,768,True,217833,20d9f6e88971f21866707d393facf6c8b402948dcf5ff19fc3de735f6c72473e,data/raw/v2/streetsurfacevis/s_1024/587296282945379.jpg,100232345559807,1662024421000,
588271565485583,Normal_asphalt,asphalt,excellent,True,1024,768,True,77986,0ccc60c1bc92b2889b2c52d44499af0845c2910e52f767dc46ec1d5e3de89fa4,data/raw/v2/streetsurfacevis/s_1024/588271565485583.jpg,109563097940190,1523252152975,
588533558789333,Normal_asphalt,asphalt,excellent,True,1024,768,True,51066,968b58c1b2bb31a4b2476ed663d3b9934733692ef9f427215a9fd112e9894d00,data/raw/v2/streetsurfacevis/s_1024/588533558789333.jpg,108989461335930,1582703020200,
588610906352505,Normal_asphalt,asphalt,excellent,True,1024,768,True,145576,5e061a8381ddfe7ed98031b33076aa1d077e4758429e202c701bef84680cac70,data/raw/v2/streetsurfacevis/s_1024/588610906352505.jpg,105128028394163,1681465043467,
588812656497647,Unpaved_road,unpaved,bad,True,1024,768,True,257078,ad722820ffaecccc8896632fdb903a133cd54f79f29a2f4e7edfddc37da36877,data/raw/v2/streetsurfacevis/s_1024/588812656497647.jpg,100232345559807,1689176710000,
592309569667839,Normal_asphalt,asphalt,excellent,True,1024,771,True,173983,9a7a5d33e06bddca1253428d9027efbffe7124724055e342e44f3cf67554912f,data/raw/v2/streetsurfacevis/s_1024/592309569667839.jpg,103078715264357,1685889586812,
592675299455025,Normal_asphalt,asphalt,excellent,True,1023,575,False,122755,4c8e860b34d4177713cf0fd4975cbba435b9a2942e48a52952b78f231fb53741,data/raw/v2/streetsurfacevis/s_1024/592675299455025.jpg,109115837985025,1679996586784,
593051925696798,Unpaved_road,unpaved,bad,True,1024,768,True,212407,453b754544e9d999d543a591f26a25400c17c4fbfbe86eb6f9935201dd5d036a,data/raw/v2/streetsurfacevis/s_1024/593051925696798.jpg,103901361851883,1660216110975,
593467596168903,Unpaved_road,unpaved,bad,True,1024,768,True,127658,f4472339103775e3052fb64240e48f1885c5e725efe6544dd02d96773cfd8faa,data/raw/v2/streetsurfacevis/s_1024/593467596168903.jpg,104115958497622,1679495534619,
593616108960257,Unpaved_road,unpaved,bad,True,1024,768,True,198533,5fca6a64530447f3efd739a6e3ee3f8df42958ac0b87f80387ade7a1e81e6bf4,data/raw/v2/streetsurfacevis/s_1024/593616108960257.jpg,100232345559807,1659599291500,
594188759341272,Unpaved_road,unpaved,very_bad,True,1024,576,True,114008,93710265229f0910838127cc94f5b613a3c1ac8204f4ef8950790c1b307023db,data/raw/v2/streetsurfacevis/s_1024/594188759341272.jpg,102468835332129,1683027561801,
595421138087729,Normal_asphalt,asphalt,excellent,True,1024,768,True,100689,940ab10dce4d63d43edc3380cb691f08f6434289ca72690faca96d3d73171675,data/raw/v2/streetsurfacevis/s_1024/595421138087729.jpg,102609045317136,1558250467000,
597835557854124,Unpaved_road,unpaved,intermediate,True,1024,768,True,222621,1f9a8d765274b2e39b44d71fdd229b4613ec52066c7eb771ac23e34cdf7968c5,data/raw/v2/streetsurfacevis/s_1024/597835557854124.jpg,100232345559807,1592984607320,
602315901768326,Normal_asphalt,asphalt,excellent,True,1024,768,True,138761,388e651fefdfc2064b65f40b54e0db9e86690d6e76d802de25e6e4b0ac5f03dd,data/raw/v2/streetsurfacevis/s_1024/602315901768326.jpg,108725531582408,1679243322540,
603675374377123,Unpaved_road,unpaved,bad,True,1024,768,True,216942,7f19455bd8bad9fef673dc053fd027e857db6caf15bf32da90428e4ea9596a39,data/raw/v2/streetsurfacevis/s_1024/603675374377123.jpg,105869161792248,1632040159598,
6071685396270338,Unpaved_road,unpaved,intermediate,True,1024,771,True,161017,70b049f62593c28fd60bdb560fc533165cfde8be81cb36e13521224393ad7da8,data/raw/v2/streetsurfacevis/s_1024/6071685396270338.jpg,110506831175417,1692354467313,
608120323923398,Unpaved_road,unpaved,bad,True,1024,768,True,204129,18de21601f996c5a0feeab6556371504808e678763ee9ad12cac6bc1d9d64619,data/raw/v2/streetsurfacevis/s_1024/608120323923398.jpg,109115837985025,1530449135000,
608383676955302,Normal_asphalt,asphalt,excellent,True,1024,768,True,169351,6e74a2c670990a902eb5b074d5d44593eaa0bcd4647eee5fc7aa241320d93993,data/raw/v2/streetsurfacevis/s_1024/608383676955302.jpg,100232345559807,1635870463000,
609484121108313,Normal_asphalt,asphalt,excellent,True,1024,771,True,71433,f35c67eba869d6e6468bd479caf831ecc641f1d97cf90f60bad1505571830081,data/raw/v2/streetsurfacevis/s_1024/609484121108313.jpg,104133191972461,1683485785106,
6128759943898470,Unpaved_road,unpaved,intermediate,True,1024,768,True,131967,11d9d74702b4f297867945d5ab7723288c0d4dab77f0d05ff2b5bc963373d8a6,data/raw/v2/streetsurfacevis/s_1024/6128759943898470.jpg,110839115097469,1682532157000,
612939201029014,Normal_asphalt,asphalt,excellent,True,1024,768,True,68299,3aca97e1f8569db23c64aafb20281acfa01734ee2cf1c558f8d3bb5266054382,data/raw/v2/streetsurfacevis/s_1024/612939201029014.jpg,103198898589938,1694847123495,
614015303945279,Unpaved_road,unpaved,intermediate,True,1024,896,True,250508,385ca092943a099192b7aa5560b1f01d38f239fe189cf46b36f353efad0e25e2,data/raw/v2/streetsurfacevis/s_1024/614015303945279.jpg,100474358864037,1682864986825,
614095730069612,Normal_asphalt,asphalt,excellent,True,1024,576,True,141601,52d321ef74c4463803848f099dd577ea5bbb8b486de26c44e139b6a8f1cf8d28,data/raw/v2/streetsurfacevis/s_1024/614095730069612.jpg,100474358864037,1659866959655,
615387683423868,Unpaved_road,unpaved,intermediate,True,1024,896,True,159575,ab3157291b82d080eeb08a7e1fb20a76312d202831a287ab8f7aec56b0e20349,data/raw/v2/streetsurfacevis/s_1024/615387683423868.jpg,104115958497622,1664559332741,
615735033121877,Unpaved_road,unpaved,bad,True,1024,576,True,206058,68c201cd3919611227a8695222fd17b0d6b5a233d1db194a37266927204b4092,data/raw/v2/streetsurfacevis/s_1024/615735033121877.jpg,103863125190015,1631029755571,
617544953636636,Normal_asphalt,asphalt,excellent,True,1024,768,True,191279,596b65eb016bca6c7e92fb1a9f22556ba65d52c192fe8f35f8aecdcd21b8993d,data/raw/v2/streetsurfacevis/s_1024/617544953636636.jpg,100410142246791,1685788631215,
618392413064645,Unpaved_road,unpaved,bad,True,1024,768,True,136449,88378b19799608dc0aa39419b71250216198e12d844e4b9561c6b5a28947346d,data/raw/v2/streetsurfacevis/s_1024/618392413064645.jpg,100232345559807,1662481029500,
621218932788649,Normal_asphalt,asphalt,excellent,True,1024,768,True,156776,130009d7c42096c8cd612ed67396426d4f5cf58830e007d80392d5ccad265992,data/raw/v2/streetsurfacevis/s_1024/621218932788649.jpg,100232345559807,1681284069217,
621631939012760,Unpaved_road,unpaved,intermediate,True,1024,768,True,214023,af39a8ca996243cebcb225fc36eee691bd156455591dd8519f18a0d46ab8418f,data/raw/v2/streetsurfacevis/s_1024/621631939012760.jpg,100268992218434,1635091807000,
621818083198420,Unpaved_road,unpaved,bad,True,1024,768,True,134360,680522d336d418ddc62f6f53859e7d9e773c6eadcfefe818cebd761bc01893fe,data/raw/v2/streetsurfacevis/s_1024/621818083198420.jpg,100232345559807,1684153161500,
622139943084244,Normal_asphalt,asphalt,excellent,True,1024,768,True,228565,3a8b20c09ef78d08f914f429df94c13fabe9580309484f0f44824dc0e77f50ca,data/raw/v2/streetsurfacevis/s_1024/622139943084244.jpg,101834042469155,1690723539028,
622352640043014,Normal_asphalt,asphalt,excellent,True,1023,634,False,126656,29109c17711c5763f9fc13233d241ec4cdd5268dd2859b7fea3e15ee7293c3f5,data/raw/v2/streetsurfacevis/s_1024/622352640043014.jpg,109294801304347,1692793600000,
624988475969800,Normal_asphalt,asphalt,excellent,True,1024,768,True,158624,f8003ee21f2716484fb3526604eb3a5d19d5ad71213b0174d74f0e8113e8c978,data/raw/v2/streetsurfacevis/s_1024/624988475969800.jpg,100232345559807,1665066609000,
629112192595669,Unpaved_road,unpaved,intermediate,True,1024,768,True,163283,cc6dd86eecb574ff79dda931aeb0816ee49a2c9a0cd675d6d4c0aa9eeb1d3f06,data/raw/v2/streetsurfacevis/s_1024/629112192595669.jpg,100232345559807,1684682239000,
629361401369119,Unpaved_road,unpaved,intermediate,True,1024,768,True,149388,9d06e136520c813b6d6f8911658ba178e4868992a1cd8a3208913d8b8f0cf7fa,data/raw/v2/streetsurfacevis/s_1024/629361401369119.jpg,100232345559807,1568392535442,
6305257246166801,Normal_asphalt,asphalt,excellent,True,1024,768,True,102686,499997f06c2cbce3c4fcbe6fe155595279b151e198f0c4cfcc5b31107a993a6f,data/raw/v2/streetsurfacevis/s_1024/6305257246166801.jpg,104779048429571,1569073415597,
631338555782715,Normal_asphalt,asphalt,excellent,True,1024,576,True,132475,2bca5670611bc3781f0e11bc7257b516f8abf18aa187a4ca4a51d914306657f8,data/raw/v2/streetsurfacevis/s_1024/631338555782715.jpg,103078715264357,1695472137585,
6321034651344484,Unpaved_road,unpaved,bad,True,1024,768,True,239846,8a11cc550dafbcb74db620a396e57f32cd31aa02449093671890eab24a030a4e,data/raw/v2/streetsurfacevis/s_1024/6321034651344484.jpg,100232345559807,1686840936500,
638188590387957,Normal_asphalt,asphalt,excellent,True,1024,768,True,150179,be1bd855e075d28061011ff158e93531ce1b8ef41f66b0caa38f3f645416de7f,data/raw/v2/streetsurfacevis/s_1024/638188590387957.jpg,103269255245284,1397978052000,
6387681008014431,Normal_asphalt,asphalt,excellent,True,1024,768,True,173281,38dc7b5348594e51a723f2c8f3abe6b438413c7131150c7a0657a6fa4e93d96b,data/raw/v2/streetsurfacevis/s_1024/6387681008014431.jpg,100232345559807,1685874855000,
6414820121948480,Unpaved_road,unpaved,bad,True,1024,768,True,226331,7d147b43c5464887f9a8ab010df98f04531d24d3cc92661a3ea20180243edf7c,data/raw/v2/streetsurfacevis/s_1024/6414820121948480.jpg,109673317932619,1695818566000,
644858227600769,Normal_asphalt,asphalt,excellent,True,1024,768,True,122502,4877726cb799a3a9690067a6d9077552aaadf36cad4f42624cf35740a694cfb5,data/raw/v2/streetsurfacevis/s_1024/644858227600769.jpg,102609045317136,1690101601000,
645107329912445,Normal_asphalt,asphalt,excellent,True,1024,768,True,139993,5598eb5f40861cc99d601a450bb5924a64525bdde9f180a7fefef16c40630b1c,data/raw/v2/streetsurfacevis/s_1024/645107329912445.jpg,100232345559807,1648303275000,
646376926482072,Unpaved_road,unpaved,intermediate,True,1024,768,True,153249,0046bf8503fc96cff9757db5c8438a6c6c1cb4e40072becbf2dd10b524259943,data/raw/v2/streetsurfacevis/s_1024/646376926482072.jpg,104536648714052,1642517672116,
648586462970602,Normal_asphalt,asphalt,excellent,True,1024,768,True,99553,3a9c4e0ef604c8f3e47aacbd20e752acf473c8f52a53a7382f03fa5c8aa9548f,data/raw/v2/streetsurfacevis/s_1024/648586462970602.jpg,100410142246791,1638002868464,
650249076945265,Unpaved_road,unpaved,bad,True,1024,768,True,232103,83d05f156cc6043b00a3731a4ecb519fc05644104139d0d56163e5361fc04f72,data/raw/v2/streetsurfacevis/s_1024/650249076945265.jpg,103550301888099,1685977632338,
650290599560735,Unpaved_road,unpaved,bad,True,1024,768,True,190038,43876ea0b32f9cb4391201ee91e736c6e82f771a5afa8476bc6d908a07e0b295,data/raw/v2/streetsurfacevis/s_1024/650290599560735.jpg,104647648438232,1647795756086,
654749592449570,Normal_asphalt,asphalt,excellent,True,1024,768,True,101561,f1c8a99eb296700f3de8085ce951f337725a1e3dc6a9261c799b7d2dd34c0d50,data/raw/v2/streetsurfacevis/s_1024/654749592449570.jpg,111362777761875,1647078268062,
655569498615666,Normal_asphalt,asphalt,excellent,True,1024,768,True,181261,5aa0531f8f9e5b3f19b00ec418811914a2a87be4fb7ef5f02e19d1167d953046,data/raw/v2/streetsurfacevis/s_1024/655569498615666.jpg,100474358864037,1537003976158,
657850198623869,Normal_asphalt,asphalt,excellent,True,1024,573,True,87137,c7b8147e03e5a4c51e46095e6fdd78a947892ddb44f5c971b027f12036279921,data/raw/v2/streetsurfacevis/s_1024/657850198623869.jpg,103080845264750,1650214172560,
659225972879201,Normal_asphalt,asphalt,excellent,True,1024,768,True,146582,b65563448a38ed84ddd641593560fa7473b46258a9800ce564c61a96f6ae5f3c,data/raw/v2/streetsurfacevis/s_1024/659225972879201.jpg,104115958497622,1680018678754,
660659185947673,Normal_asphalt,asphalt,excellent,True,1024,768,True,188036,53dcf2d0e61fb597d7e5477975d6150299f2e16561246267955c32815e86a7a6,data/raw/v2/streetsurfacevis/s_1024/660659185947673.jpg,110208441206053,1687708766521,
663905815857952,Normal_asphalt,asphalt,excellent,True,1024,768,True,63052,7598c5c920ebf083740921dacd1833b1729ca85e94efa252876375452b532cfe,data/raw/v2/streetsurfacevis/s_1024/663905815857952.jpg,110979008339761,1699784160053,
664383127893615,Normal_asphalt,asphalt,excellent,True,1023,575,False,141911,081dd5922312ba491a086501de2a51d0c08c1117efda1caba47bf63dc9cb5450,data/raw/v2/streetsurfacevis/s_1024/664383127893615.jpg,109115837985025,1661861123580,
6646746892011218,Unpaved_road,unpaved,very_bad,True,1024,768,True,102305,9865de2c2fc6cd6fa746cbe225228f1855e27f3f04e8159f1f5a8e5c8561cfd6,data/raw/v2/streetsurfacevis/s_1024/6646746892011218.jpg,101834042469155,1686165727027,
664801161585798,Unpaved_road,unpaved,intermediate,True,1024,768,True,130620,ef410f79b43f91f0dbe1e892ba806dcecc7d7aa6d7844f555528534310ddbf46,data/raw/v2/streetsurfacevis/s_1024/664801161585798.jpg,109115837985025,1567861026000,
665931774469187,Unpaved_road,unpaved,intermediate,True,1024,768,True,267693,1d6ff153283a6b215d15a0994b75291f3767962ca98c57eba1ee2d0f78fd3f84,data/raw/v2/streetsurfacevis/s_1024/665931774469187.jpg,107674238136176,1648293292992,
666617347736625,Normal_asphalt,asphalt,excellent,True,1024,768,True,133274,1073115c4e49406961ec54adce8337084f2be12d826b396d0bbcc121d884e89a,data/raw/v2/streetsurfacevis/s_1024/666617347736625.jpg,100232345559807,1588933262274,
667133281598056,Unpaved_road,unpaved,bad,True,1024,768,True,256281,1585fecf809591858e46766f8a4dcb14fe630d48796e0dba51c9def77e29238d,data/raw/v2/streetsurfacevis/s_1024/667133281598056.jpg,100232345559807,1690643084500,
668037294047912,Normal_asphalt,asphalt,excellent,True,1024,768,True,185056,8f0a73bd5592e211a4b663f25cf48ea04e557e3ec91b1688e8c96dca762901ae,data/raw/v2/streetsurfacevis/s_1024/668037294047912.jpg,100232345559807,1623426462500,
674291418064900,Normal_asphalt,asphalt,excellent,True,1024,768,True,142918,6462da7a1499c02b2a3c69931b5b7b461909df71babaf4ba98b53689ab610956,data/raw/v2/streetsurfacevis/s_1024/674291418064900.jpg,100232345559807,1689748454500,
675156250450656,Unpaved_road,unpaved,very_bad,True,1022,460,False,143725,76677113d1a734f68dbec224dd16f5e4dd83b7125c588dca9b394e6197caab34,data/raw/v2/streetsurfacevis/s_1024/675156250450656.jpg,102468835332129,1652001364251,
676711591008084,Normal_asphalt,asphalt,excellent,True,1024,771,True,124691,0ceae8bb2f347a46ffe6175cd5f8c2b3821badbf3845d9039834883985625530,data/raw/v2/streetsurfacevis/s_1024/676711591008084.jpg,119603964407119,1692456775883,
678746166580533,Normal_asphalt,asphalt,excellent,True,1024,768,True,112504,8db0c2e809fa713d322a7622f2596b4c553283bbef4c1dac0d9ee552b8133240,data/raw/v2/streetsurfacevis/s_1024/678746166580533.jpg,104536648714052,1648050641854,
683634355978781,Unpaved_road,unpaved,bad,True,1024,1365,True,537204,d861ae3c3e8b27b86512b3775536c0aab234879ca85a87b0cc7af71ff40fd64f,data/raw/v2/streetsurfacevis/s_1024/683634355978781.jpg,104984298408021,1644758243663,
687329576783136,Normal_asphalt,asphalt,excellent,True,1024,576,True,54279,b2642963fef77c414eeeeeeaa84d8ff78a9db84e2f8010ad0fb911ebedab0585,data/raw/v2/streetsurfacevis/s_1024/687329576783136.jpg,105905988315287,1691519442500,
687746983155618,Normal_asphalt,asphalt,excellent,True,1024,768,True,111922,0921846641d7cbed189cae2522073efa3b3b059d858c2cdf2cd6a9dc93d48bde,data/raw/v2/streetsurfacevis/s_1024/687746983155618.jpg,100232345559807,1683706197500,
6907600329303284,Normal_asphalt,asphalt,excellent,True,1024,576,True,46312,3a0aef96b72f1390cc52f34f6a3975b94c9249522872704acc8cfaed80350eee,data/raw/v2/streetsurfacevis/s_1024/6907600329303284.jpg,100474358864037,1690312228023,
692138345737559,Unpaved_road,unpaved,bad,True,1024,768,True,266057,dcd54213bf372733d257ee97428fe9bf2e1046e07af9ce2c99cec3f846f32211,data/raw/v2/streetsurfacevis/s_1024/692138345737559.jpg,103550301888099,1673960083231,
692209542023263,Unpaved_road,unpaved,bad,True,1024,768,True,151626,70e5957ec47889a65a6f9b7caac77563ad69d3423b5a09eba3106fd00bd23fd4,data/raw/v2/streetsurfacevis/s_1024/692209542023263.jpg,101834042469155,1651172698096,
693355545935958,Normal_asphalt,asphalt,excellent,True,1024,768,True,121145,e4fd59bd039802b94ea03d990468217050681ac5c9899053bda600c11b0a8ec9,data/raw/v2/streetsurfacevis/s_1024/693355545935958.jpg,100232345559807,1688022142000,
694035995033857,Unpaved_road,unpaved,intermediate,True,1024,768,True,223720,5f2e22851f19cbbd8f694178d3b799841f57c8c34f879cf8e19a19b7c7245e8b,data/raw/v2/streetsurfacevis/s_1024/694035995033857.jpg,102518778654933,1652275014000,
694935481619412,Unpaved_road,unpaved,intermediate,True,1024,768,True,246383,73d6ab0f54f28d844e160b019bbc8fe06a06033dbebf19129a373d0bd26e83b6,data/raw/v2/streetsurfacevis/s_1024/694935481619412.jpg,105128028394163,1652945013683,
696715948634146,Unpaved_road,unpaved,bad,True,1024,896,True,285475,0b9e5c3ef137f92a17d3d81979176196ffa0970630fee8bb58233e65b3823d74,data/raw/v2/streetsurfacevis/s_1024/696715948634146.jpg,100474358864037,1695562115000,
703759167329399,Normal_asphalt,asphalt,excellent,True,1024,768,True,123937,6c3411989ccbc4d10096395633d0ea774e9583629f88ea0d8d413881fef8f372,data/raw/v2/streetsurfacevis/s_1024/703759167329399.jpg,105558841679641,1649867598000,
708194634382914,Unpaved_road,unpaved,intermediate,True,1024,768,True,141724,a609e8232daeb76fb94160c8a78b19c1ddfbdf8f26e8fd334cfb17b60420eedb,data/raw/v2/streetsurfacevis/s_1024/708194634382914.jpg,101442708769899,1676216119000,
712651393172123,Unpaved_road,unpaved,bad,True,1024,576,True,174614,69781a59737c0d821ef67e6a15c7839c2d5c2d1fabc493318f55302615c2df0e,data/raw/v2/streetsurfacevis/s_1024/712651393172123.jpg,103863125190015,1657538524519,
712993546579157,Normal_asphalt,asphalt,excellent,True,1024,768,True,132555,0c8b938ea04f8528f45e5c25c31d6867e9d533146d12ed6df35fa656c6efa2da,data/raw/v2/streetsurfacevis/s_1024/712993546579157.jpg,100191919180290,1653829393079,
715434519489421,Unpaved_road,unpaved,intermediate,True,1022,460,False,125028,a2acffd465a7e4fd48ad7b250352e1f293965dd5cac61291638f1c21a05ffa43,data/raw/v2/streetsurfacevis/s_1024/715434519489421.jpg,102468835332129,1650025185446,
718003035987170,Normal_asphalt,asphalt,excellent,True,1024,576,True,113427,e84d35f8f02cd04ff8c3d8de1ad887727f1051c8cfe02e778bd6e23981dd1636,data/raw/v2/streetsurfacevis/s_1024/718003035987170.jpg,103606985215406,1654344582509,
719992162709612,Normal_asphalt,asphalt,excellent,True,1023,575,False,107005,6f185274761363a591a033a4b98b1e7e46d6dc927009ba08b2a90ceb5259c6a0,data/raw/v2/streetsurfacevis/s_1024/719992162709612.jpg,109115837985025,1648906149009,
720039372392472,Normal_asphalt,asphalt,excellent,True,1024,576,True,45728,afaab899eee03eedd2bd6566ad102a1076f8498bf6edc408d6eaed5045e97644,data/raw/v2/streetsurfacevis/s_1024/720039372392472.jpg,110611624810121,1656646227039,
720249445864572,Unpaved_road,unpaved,bad,True,1024,768,True,297148,c451451934d0aa9fc514301e8949794b7e07676a959bcd14e817a697dd57412e,data/raw/v2/streetsurfacevis/s_1024/720249445864572.jpg,103901361851883,1656585776528,
720316955661943,Unpaved_road,unpaved,very_bad,True,1024,768,True,258811,fbf91d43dea9e9aa43135a371e9291f7942aa88f1c0922c77cd59a41c74299c1,data/raw/v2/streetsurfacevis/s_1024/720316955661943.jpg,101834042469155,1650207802042,
721829618917190,Unpaved_road,unpaved,bad,True,1024,768,True,166835,a91461888ee49c5c20e0ef75fb8b7d596c9206ed661e4d8617731aec945eaf9d,data/raw/v2/streetsurfacevis/s_1024/721829618917190.jpg,100232345559807,1658904088199,
725395879017139,Unpaved_road,unpaved,bad,True,1024,768,True,285113,efe8ee759fbfb7b60cba1a5690aa8020139c0cb884ec9823929437a454278b8e,data/raw/v2/streetsurfacevis/s_1024/725395879017139.jpg,109673317932619,1696067967000,
726159688466990,Normal_asphalt,asphalt,excellent,True,1024,768,True,109859,6edfa507a4cb9a0576d81acc50cccd9b75f723144888fe03d5e23df5f353daba,data/raw/v2/streetsurfacevis/s_1024/726159688466990.jpg,104949251746160,1658566919000,
728268958365362,Unpaved_road,unpaved,very_bad,True,1024,576,True,117136,0927d8ccfe0fa8a9df22f764042060cbfb532afa7d38e717092f7865e42886e8,data/raw/v2/streetsurfacevis/s_1024/728268958365362.jpg,109842617910576,1634479139000,
728776141757085,Unpaved_road,unpaved,intermediate,True,1024,768,True,190521,ab697eea2cba4a25ddbabd44e8aba7504646391d7e0fe194a7dff2c221f1ec10,data/raw/v2/streetsurfacevis/s_1024/728776141757085.jpg,100232345559807,1657636662500,
732565868134371,Unpaved_road,unpaved,intermediate,True,1024,768,True,176351,93839720eac0e7d2fdfbe9cf985a57b099a278bd71b3ac8dd054cb36d1bae677,data/raw/v2/streetsurfacevis/s_1024/732565868134371.jpg,102609045317136,1640687950000,
732618837410687,Unpaved_road,unpaved,very_bad,True,1024,768,True,242459,9db0747cfdabb8735f76c07a3bb24b977b5a3f7c2572454a9540cf36d142223f,data/raw/v2/streetsurfacevis/s_1024/732618837410687.jpg,102568745320989,1567415331250,
735855817083684,Normal_asphalt,asphalt,excellent,True,1023,577,False,45238,45f56efb3bdb1a1ffb62f02e8594e9b88d6cea49ad8872669ab982c1267d2b72,data/raw/v2/streetsurfacevis/s_1024/735855817083684.jpg,107998954769035,1588429675891,
737581974277337,Normal_asphalt,asphalt,excellent,True,1024,768,True,64433,32a76fbb13f40a15ed5918775f8f6d429c2c279447366d2dcfb1df1dd0c32467,data/raw/v2/streetsurfacevis/s_1024/737581974277337.jpg,100191919180290,1650725476041,
741565824316984,Unpaved_road,unpaved,intermediate,True,1024,896,True,274887,98620975206e4388341283fe5ecd13c2594a6f68f54be1d778c3da4db29d48a8,data/raw/v2/streetsurfacevis/s_1024/741565824316984.jpg,100474358864037,1682865861699,
741602523199248,Unpaved_road,unpaved,bad,True,1024,768,True,266129,d2d6b654802595f07d3bfd3bf38a0f8e15c88eca67359d7b0342881dbc69ce6b,data/raw/v2/streetsurfacevis/s_1024/741602523199248.jpg,100474358864037,1428843000627,
742872509734606,Normal_asphalt,asphalt,excellent,True,1023,578,False,72333,886f027ac9be3c8cc8a43ebb4cf393985e5dfe95c0aacce011183d223d6a02c9,data/raw/v2/streetsurfacevis/s_1024/742872509734606.jpg,101658985409308,1529231479624,
744028566266273,Normal_asphalt,asphalt,excellent,True,1024,768,True,102188,8759fdf2a230b55143dd03180440ef343e4d490b72407586e9dc0c4001b535c5,data/raw/v2/streetsurfacevis/s_1024/744028566266273.jpg,107376534827624,1406033546000,
744029259612041,Normal_asphalt,asphalt,excellent,True,1024,576,True,79956,c5141f4ef53e0a46cbe82fa3752aad46e46ab5586f86dcf4b706949e661536e8,data/raw/v2/streetsurfacevis/s_1024/744029259612041.jpg,101937128714170,1541238252039,
744116216260642,Normal_asphalt,asphalt,excellent,True,1024,576,True,74408,1cd7f83533e479102d7aa056b411390ea789cc34eade98f013b47497d8ae5231,data/raw/v2/streetsurfacevis/s_1024/744116216260642.jpg,100562292188203,1594491115411,
744757802796089,Normal_asphalt,asphalt,excellent,True,1024,768,True,173027,2a39156c8f396758492321debd835ad2495f6fe4e5ab96c1541e520b5fa1b4c4,data/raw/v2/streetsurfacevis/s_1024/744757802796089.jpg,110552844504419,1488633889000,
745570519883472,Unpaved_road,unpaved,bad,True,1024,768,True,153843,06aa86e297377c672c58f0c03f352e5157609c41a033c5611563eb88ab19f6c0,data/raw/v2/streetsurfacevis/s_1024/745570519883472.jpg,100232345559807,1660568415249,
747889975879252,Unpaved_road,unpaved,bad,True,1024,1834,True,520419,06ae62fe90b22bc70afad9337c88844a0830e7cdcce2ab3f6f323f153bade1f9,data/raw/v2/streetsurfacevis/s_1024/747889975879252.jpg,103079161935557,1586877269899,
747947762539432,Unpaved_road,unpaved,bad,True,1024,768,True,106982,59a80612e5e68006264f8c62ae2167bf90974270ea7dc9fd6e419870b8f8fc7c,data/raw/v2/streetsurfacevis/s_1024/747947762539432.jpg,104006555174486,1561447633678,
749388340535145,Unpaved_road,unpaved,bad,True,1024,768,True,176130,0ce815abeeaafd9498803075afb098508275cd5bd57b400641116cb26157c121,data/raw/v2/streetsurfacevis/s_1024/749388340535145.jpg,103550301888099,1694435406000,
749461882412751,Unpaved_road,unpaved,bad,True,1024,576,True,152687,175bbea7d747081e10d324a155f54bcce5727a87086dbe8ba5d9600ba9908833,data/raw/v2/streetsurfacevis/s_1024/749461882412751.jpg,108954524668583,1523102187000,
749524955728744,Unpaved_road,unpaved,bad,True,1024,576,True,130622,64583b3ff8367844f3fa5fccaa0c0ee248a6346e8f37c41784f7156a03d04979,data/raw/v2/streetsurfacevis/s_1024/749524955728744.jpg,100869315495479,1561295403000,
750876553479452,Normal_asphalt,asphalt,excellent,True,1024,768,True,202213,97b5dc92cadb372e3a3f24d5f10f61541878925967cbac2fce3f9d289bceb756,data/raw/v2/streetsurfacevis/s_1024/750876553479452.jpg,102920582590117,1690903926559,
752276188665733,Normal_asphalt,asphalt,excellent,True,1023,682,False,102588,2e85bf6f17725198401ead8fb0df537d6cb0f9d556f88612312e8235978135f0,data/raw/v2/streetsurfacevis/s_1024/752276188665733.jpg,103076698602835,1553958571000,
752516275441729,Normal_asphalt,asphalt,excellent,True,1024,768,True,134726,726f27407a2f1a1227880f040484e07f0d15bcb93e05982a99082ad7e1cca6b5,data/raw/v2/streetsurfacevis/s_1024/752516275441729.jpg,111287257769674,1587803392187,
752647458638871,Unpaved_road,unpaved,bad,True,1024,768,True,219768,34607a503f1047371f2400e7950ab114e27aebba785786d08ee061a4ceec4e33,data/raw/v2/streetsurfacevis/s_1024/752647458638871.jpg,110552844504419,1494077410000,
753276885302923,Unpaved_road,unpaved,very_bad,True,1024,768,True,201006,39305ad646e8911e31a1f495245ef45354939de273ab117908692722ea8673d9,data/raw/v2/streetsurfacevis/s_1024/753276885302923.jpg,105697098336814,1563731100161,
753351775358026,Unpaved_road,unpaved,intermediate,True,1024,576,True,109572,f2ea88f606199cd3904c7fe8f366d08e8f6e1c5fbb27391fadbfcc91d13325fb,data/raw/v2/streetsurfacevis/s_1024/753351775358026.jpg,109842617910576,1527426518000,
753634095211030,Normal_asphalt,asphalt,excellent,True,1024,768,True,114841,719ff451c09fb1431f54ed40269c0dea324a09b1210de89a3b793006075e8ef4,data/raw/v2/streetsurfacevis/s_1024/753634095211030.jpg,105392615029240,1510663359000,
753640608659247,Normal_asphalt,asphalt,excellent,True,1024,768,True,210100,4393b953e1a4d3771fc3c999ea7727215cd9367340e68344d52e809078b0f752,data/raw/v2/streetsurfacevis/s_1024/753640608659247.jpg,100232345559807,1600534906500,
753815692000393,Normal_asphalt,asphalt,excellent,True,1024,768,True,155986,5c16a71f6fa281ce5223d8b3bd6f999dc284bd67652865ebfe9fdbe1d4f28edd,data/raw/v2/streetsurfacevis/s_1024/753815692000393.jpg,100474358864037,1491240757348,
753842191974205,Normal_asphalt,asphalt,excellent,True,1023,577,False,95169,db56b5d1e9826ebb1eb5e925ad2868a1124856b4c16999364af51f6687032ecb,data/raw/v2/streetsurfacevis/s_1024/753842191974205.jpg,111461687745521,1588140280326,
754031771899616,Unpaved_road,unpaved,intermediate,True,1024,579,True,122899,30be82989b92501d86c0acfefdc5332d61d159bfaf7c7a7799c50bc64a74ed81,data/raw/v2/streetsurfacevis/s_1024/754031771899616.jpg,103109351932233,1500369041721,
757069799509841,Unpaved_road,unpaved,bad,True,1024,768,True,216294,4b30c3534cac54256967ea9207abffd086fef3d20a19db1239cc94525b082bf8,data/raw/v2/streetsurfacevis/s_1024/757069799509841.jpg,104115958497622,1695742292230,
757184261825380,Normal_asphalt,asphalt,excellent,True,1024,768,True,170063,c94767ec91dc707987284cf539c99aac0402c8e185a41bbc9be7fb23b97dca49,data/raw/v2/streetsurfacevis/s_1024/757184261825380.jpg,107548144814523,1468401236314,
758967978145540,Unpaved_road,unpaved,bad,True,1024,768,True,117351,2be063cb6d8c93ea1472483f2866039660a308dd9ab4e7eb7c36f67bd7b58ca8,data/raw/v2/streetsurfacevis/s_1024/758967978145540.jpg,103165985261213,1566411056000,
759485928272548,Unpaved_road,unpaved,bad,True,1024,768,True,315879,95e82f80bd0dcc057a30c61e0e444964ce8e2cebacb307d392b7a9964a58fcf2,data/raw/v2/streetsurfacevis/s_1024/759485928272548.jpg,104984298408021,1533475446000,
760286071349411,Normal_asphalt,asphalt,excellent,True,1024,768,True,113517,8758208c71695a44f42879fb014bd68e12dcf5869223a04c829b935be6f6eb02,data/raw/v2/streetsurfacevis/s_1024/760286071349411.jpg,109524621275400,1435756093076,
760417385654352,Unpaved_road,unpaved,bad,True,1024,768,True,156584,2e157e0221417bf159625e720218f829c8202d4398e4aaf713c02774abaf44cf,data/raw/v2/streetsurfacevis/s_1024/760417385654352.jpg,104115958497622,1679494881734,
760458258167507,Normal_asphalt,asphalt,excellent,True,1024,768,True,104833,baaa759c6e6dc19e91cc60d37cbec679f0643a0ba4d33726ea8ae9fd63361064,data/raw/v2/streetsurfacevis/s_1024/760458258167507.jpg,102099175369556,1614181247491,
760586191485563,Unpaved_road,unpaved,intermediate,True,1024,576,True,169662,5741e7b04bff88f9cde030e3b9779fa89fe4906b0b58fdec2c57927cc21860b7,data/raw/v2/streetsurfacevis/s_1024/760586191485563.jpg,107018898201473,1494082263000,
761109625199460,Unpaved_road,unpaved,intermediate,True,1022,460,False,132036,8b9d9f7a4af0cd635460b58211d82eb61bf3393fac98c0c197dd4865f94ca1e3,data/raw/v2/streetsurfacevis/s_1024/761109625199460.jpg,102468835332129,1660730934055,
761646254524863,Normal_asphalt,asphalt,excellent,True,1024,768,True,117174,ebe35a49a377b606dcddee92e16a0f88a60958884ed3e185a1a994e1ec18930d,data/raw/v2/streetsurfacevis/s_1024/761646254524863.jpg,102178568694825,1566049925968,
762187268644662,Unpaved_road,unpaved,bad,True,1024,576,True,92560,c1b7bfc5274aac59138ea025cd94326e511642a55c2b8ce0ab3319a5b22244ec,data/raw/v2/streetsurfacevis/s_1024/762187268644662.jpg,109842617910576,1672062586000,
762383377800846,Unpaved_road,unpaved,intermediate,True,1024,768,True,152450,0eec229714e0822f3d75f012caa8d0e6147f7e07f3369b13385d47d58a672cfa,data/raw/v2/streetsurfacevis/s_1024/762383377800846.jpg,102532525320329,1559234462000,
764975587474354,Normal_asphalt,asphalt,excellent,True,1024,576,True,107530,90d47b2f041e74fba7221496996d9f5c90abb8a87693008d8a61d85e03a2cd27,data/raw/v2/streetsurfacevis/s_1024/764975587474354.jpg,108567644711838,1370449877705,
765100174607174,Normal_asphalt,asphalt,excellent,True,1024,768,True,158335,151a3a4f11a24b1b25cfc741d1b898fd44108adea68dca3a55a4ec4d3916538e,data/raw/v2/streetsurfacevis/s_1024/765100174607174.jpg,100232345559807,1662048561000,
765557355139029,Unpaved_road,unpaved,intermediate,True,1024,768,True,228085,6a82001bac8556ee13f294b4fea5257763130cda57cd9827e90b63a1f9f07ae0,data/raw/v2/streetsurfacevis/s_1024/765557355139029.jpg,109673317932619,1681904097000,
768834710318286,Normal_asphalt,asphalt,excellent,True,1024,768,True,162743,9285864ec4500683ee058e58f23cb9cef76812700f0e9deaef9b8d0d032c52bf,data/raw/v2/streetsurfacevis/s_1024/768834710318286.jpg,103606985215406,1554460619030,
769332020691785,Normal_asphalt,asphalt,excellent,True,1024,768,True,92046,b8168918924044ae1bf5cb56b45672348511e7570089cde3782b97ccc6e5e35e,data/raw/v2/streetsurfacevis/s_1024/769332020691785.jpg,108725531582408,1634481823490,
769771880402662,Normal_asphalt,asphalt,excellent,True,1024,768,True,113229,109a83b0cb6f905d8a8319bdb2ff6e4ab0d3f63a5a60d3f6c849acc54f00844b,data/raw/v2/streetsurfacevis/s_1024/769771880402662.jpg,106257108279070,1535028787078,
770724246965316,Normal_asphalt,asphalt,excellent,True,1024,768,True,135041,bd81b733c72a7d3212362d9278346325d2c5d88662088c4c403ea6a315abfd51,data/raw/v2/streetsurfacevis/s_1024/770724246965316.jpg,104685021772982,1595078986056,
773108900070638,Unpaved_road,unpaved,intermediate,True,1024,768,True,233113,1143e8f62016e811fae08a1659dbb21eb16e3b056bf1c717ad5d605bc24f3fb8,data/raw/v2/streetsurfacevis/s_1024/773108900070638.jpg,109673317932619,1590071334000,
773385706669172,Normal_asphalt,asphalt,excellent,True,1024,768,True,58588,974d0d3d08f67adf10f2a978e951b6cda39ca2363766ff6ecfac77100eccb2bc,data/raw/v2/streetsurfacevis/s_1024/773385706669172.jpg,108954524668583,1596388223000,
773572806884841,Normal_asphalt,asphalt,excellent,True,1024,576,True,56969,170d807641360027cbf24cfd078a943daeae1c7c916b25ab90fc203ca19b0cc3,data/raw/v2/streetsurfacevis/s_1024/773572806884841.jpg,108954524668583,1496946905000,
773626230723291,Unpaved_road,unpaved,very_bad,True,1024,768,True,122945,f5d207fcd0eb3b72c8aba453e4865e21d5f2e9cff5fb4f8f74d5940c7b146d9b,data/raw/v2/streetsurfacevis/s_1024/773626230723291.jpg,103901361851883,1658327402000,
773797780764900,Unpaved_road,unpaved,intermediate,True,1024,768,True,105586,b3b36eedae38c39de537a7b3d65d73246964abfbd116ddf24b16dea876c6224c,data/raw/v2/streetsurfacevis/s_1024/773797780764900.jpg,105392615029240,1683080045000,
773940336569091,Unpaved_road,unpaved,intermediate,True,1024,768,True,256875,6d0961800305400de163ea457fa07c85e9515fcf26b6946b223a699600bd37ac,data/raw/v2/streetsurfacevis/s_1024/773940336569091.jpg,100232345559807,1618391638500,
774153823289803,Unpaved_road,unpaved,bad,True,1024,576,True,92011,16c8d7c9a0a94c5f488899910eb57fb1d90b5e91c2dd3757a065efd0374c84d5,data/raw/v2/streetsurfacevis/s_1024/774153823289803.jpg,108954524668583,1492348670000,
775774536469739,Unpaved_road,unpaved,intermediate,True,1024,768,True,186616,02616183db84d647e99da088cacef1c15a3f6ee8fe863fc95369880ef024ae5f,data/raw/v2/streetsurfacevis/s_1024/775774536469739.jpg,100232345559807,1597046662292,
775828099971984,Unpaved_road,unpaved,bad,True,1024,768,True,145901,d6d5b5abee73f792d32b0056b3c03c1778869865bd08b0bddb89e681ba260c8d,data/raw/v2/streetsurfacevis/s_1024/775828099971984.jpg,101796718733642,1560704968000,
776129349711709,Unpaved_road,unpaved,intermediate,True,1024,768,True,196412,3b80a4180f63143b788eb625c52571eaec1e3ed43f86aed2e15e791dfd959394,data/raw/v2/streetsurfacevis/s_1024/776129349711709.jpg,103345768575080,1497528931000,
776701752991331,Normal_asphalt,asphalt,excellent,True,1023,545,False,54546,f3210ca02df776ba745394ac95aada5a4dd02cfb48196a2315319eaa6feb65ca,data/raw/v2/streetsurfacevis/s_1024/776701752991331.jpg,103080845264750,1493452996000,
777860316934426,Normal_asphalt,asphalt,excellent,True,1024,768,True,208657,5e07e949dc08523da5544bd82eafafc98c1c4e8f70bfb532379b041a77f8d443,data/raw/v2/streetsurfacevis/s_1024/777860316934426.jpg,105128028394163,1649844787632,
778642846355306,Normal_asphalt,asphalt,excellent,True,1024,576,True,76815,e6fb0814e50e8e3d95fb452501197fd544169aac1f12d39848a1d8d4fdabf87d,data/raw/v2/streetsurfacevis/s_1024/778642846355306.jpg,103170868592667,1617978840655,
778997123007503,Unpaved_road,unpaved,bad,True,1024,576,True,127080,d380e183130b2fd5b2ef9619a6bca2f4e8a9832b3dfd08d9442a2e8a7f6c1a68,data/raw/v2/streetsurfacevis/s_1024/778997123007503.jpg,101020912145314,1558193158729,
779025163298804,Unpaved_road,unpaved,intermediate,True,1024,768,True,220765,7d37999b5f1616c89a58283c9907943061232fc627b938763dfab2c97e404132,data/raw/v2/streetsurfacevis/s_1024/779025163298804.jpg,100232345559807,1660719612000,
779085773494527,Unpaved_road,unpaved,bad,True,1024,768,True,125615,bbb410aa3ab709b4bb0352ae6c8d8eac612197f18f010b0baee71171835b1fd9,data/raw/v2/streetsurfacevis/s_1024/779085773494527.jpg,100232345559807,1643466793000,
779921662509673,Unpaved_road,unpaved,very_bad,True,1024,768,True,87473,9bc7a1e323e8d6528cc542967747bb780d195c514e30fd283b652d7124a9f94f,data/raw/v2/streetsurfacevis/s_1024/779921662509673.jpg,103901361851883,1617714316000,
780224600091407,Unpaved_road,unpaved,intermediate,True,1024,768,True,222855,c9460e9e0f39deffa5be75641be7d3b861b278e0edd6b6d833023ee5750887c8,data/raw/v2/streetsurfacevis/s_1024/780224600091407.jpg,100232345559807,1683070926929,
780861519297656,Normal_asphalt,asphalt,excellent,True,1023,577,False,94433,fb30d2badf822b591316f964fffbcdd95f8e58913b68a34fd2c3cda11ef8eadc,data/raw/v2/streetsurfacevis/s_1024/780861519297656.jpg,111461687745521,1594274535509,
780904186127637,Unpaved_road,unpaved,bad,True,1024,768,True,165158,626e497887d5484acfd9fdf969c8bc7740cf863f36d11bd709db374fbf692ec7,data/raw/v2/streetsurfacevis/s_1024/780904186127637.jpg,100232345559807,1587996696399,
781442310194543,Normal_asphalt,asphalt,excellent,True,1024,768,True,168224,c6f6309b95c70d6549b62a387eb7b4e8b60c9646d32ef752302960a0d36500e9,data/raw/v2/streetsurfacevis/s_1024/781442310194543.jpg,100232345559807,1685713107500,
781688346213582,Unpaved_road,unpaved,bad,True,1022,460,False,135191,0090f34a6b37fcf1489230910c0fc11d55d269ffc1fd3d6e46d2fddafb8887cf,data/raw/v2/streetsurfacevis/s_1024/781688346213582.jpg,102468835332129,1660734145330,
781981713112552,Normal_asphalt,asphalt,excellent,True,1024,768,True,99212,e163cabfc1069660026de54a06126228f55cddaf440cfa3d4179b534e9f37556,data/raw/v2/streetsurfacevis/s_1024/781981713112552.jpg,102920582590117,1664018664523,
784473465795506,Normal_asphalt,asphalt,excellent,True,1024,768,True,107163,abc2e033bc7d4fef12274600b66f0829c20b47b107bd32efb63b5a2d8bc44009,data/raw/v2/streetsurfacevis/s_1024/784473465795506.jpg,111920824373217,1571481286796,
785362892373628,Normal_asphalt,asphalt,excellent,True,1024,576,True,52642,e59f167f3b4b175b536fa5dc58482f16d1cc4a6da1e72c50f8c1633e0e947c9e,data/raw/v2/streetsurfacevis/s_1024/785362892373628.jpg,100474358864037,1595948092022,
787188152186976,Normal_asphalt,asphalt,excellent,True,1024,768,True,63994,8d815fcf94c7c69b18667593810378b13c71e20fad34c644ce65470bc898c547,data/raw/v2/streetsurfacevis/s_1024/787188152186976.jpg,107998954769035,1579963731764,
788556331649460,Normal_asphalt,asphalt,excellent,True,1024,768,True,152112,0411c42089983f87722533b2aab4f38d823be45cb3f203011d3cebc01e39c3ca,data/raw/v2/streetsurfacevis/s_1024/788556331649460.jpg,100232345559807,1618990781523,
789887441672583,Normal_asphalt,asphalt,excellent,True,1024,768,True,109340,026913e53e8ef553c4d1b20846cd1313bf82a24933254e5951aa1c6ed277a976,data/raw/v2/streetsurfacevis/s_1024/789887441672583.jpg,105623861678194,1421813120000,
790071305723098,Unpaved_road,unpaved,bad,True,1024,768,True,123287,7b83e95deb9756759a8f39657c48f7e9079802c212c0a1415a6f6f48a16f7889,data/raw/v2/streetsurfacevis/s_1024/790071305723098.jpg,100232345559807,1683013429857,
790797229445637,Normal_asphalt,asphalt,excellent,True,1024,768,True,123727,4c9861f9215ee74038d49e53b352d89753cdc9a72bf19d5324a109220917154b,data/raw/v2/streetsurfacevis/s_1024/790797229445637.jpg,102609045317136,1690359104000,
793180855795498,Normal_asphalt,asphalt,excellent,True,1024,771,True,126902,072059e066d80131e96d309c21594ad0b71d3ec2f04a3ab9001dd57887ada084,data/raw/v2/streetsurfacevis/s_1024/793180855795498.jpg,119603964407119,1686753633391,
794432058178006,Normal_asphalt,asphalt,excellent,True,1024,576,True,68052,b2f3e4ea801e03a1574f3d1e520d0aa09141e099de208b529275479287dd34eb,data/raw/v2/streetsurfacevis/s_1024/794432058178006.jpg,100474358864037,1589623993023,
794469802269622,Normal_asphalt,asphalt,excellent,True,1024,768,True,191169,0da3988e28c3e76a2352556c8999d7cd5bee3acf1213b89c7150f241d2c71d73,data/raw/v2/streetsurfacevis/s_1024/794469802269622.jpg,100232345559807,1686639417500,
796231167671938,Unpaved_road,unpaved,bad,True,1024,768,True,186558,eb6d0bb7e76eb07fb040cbcac5631a27cad534e1e59b97fa9214d442b20b2923,data/raw/v2/streetsurfacevis/s_1024/796231167671938.jpg,100232345559807,1614960709500,
796548870996341,Unpaved_road,unpaved,bad,True,1024,768,True,109706,41cfeda95a83c2f3d1eca076bfbdcc7ca93aeb8cceaeaacf72ddd3c6ef0119fa,data/raw/v2/streetsurfacevis/s_1024/796548870996341.jpg,110552844504419,1530806400000,
797035447904443,Normal_asphalt,asphalt,excellent,True,1024,576,True,64049,6fd4391c8d51c41503e49a6b0847663e84107f849656bb826c53edd01b1ff44a,data/raw/v2/streetsurfacevis/s_1024/797035447904443.jpg,103023348603763,1468065698712,
797997021091595,Normal_asphalt,asphalt,excellent,True,1024,576,True,51928,e81afd58a43237c4f5ec359c9d526239fe0d2f9549ccb615bafadbe32fc7fb15,data/raw/v2/streetsurfacevis/s_1024/797997021091595.jpg,107998954769035,1607692961613,
799473020675410,Normal_asphalt,asphalt,excellent,True,1023,577,False,48278,14c7aca6bada160f9629eada31b3110d0e86cccb56a3577cfc5493a8a2027989,data/raw/v2/streetsurfacevis/s_1024/799473020675410.jpg,103574181886441,1575201232727,
801929961942625,Normal_asphalt,asphalt,excellent,True,1024,768,True,167325,b5fc4082ba7813bb68d1da4c57f6778c696c757a16c60dab18786039691e0970,data/raw/v2/streetsurfacevis/s_1024/801929961942625.jpg,102609045317136,1694946810000,
802322163710717,Normal_asphalt,asphalt,excellent,True,1024,768,True,104498,95da4af90ad54e99703b02fba0dccf4f154b8c20c4c35533e6fed0777ec5a1a8,data/raw/v2/streetsurfacevis/s_1024/802322163710717.jpg,101152495465210,1498397630000,
802720270362626,Unpaved_road,unpaved,very_bad,True,1024,768,True,100039,62991961c55fc9a5b4d0a59dc5592f5a758469ee83f508423813a8002d00a0da,data/raw/v2/streetsurfacevis/s_1024/802720270362626.jpg,100232345559807,1588092803550,
803180213963825,Normal_asphalt,asphalt,excellent,True,1024,768,True,94592,1a353fc1967df06915616554da9972dd921376c20fd008264783a6c456049e34,data/raw/v2/streetsurfacevis/s_1024/803180213963825.jpg,106458938255133,1424703137000,
803352010286348,Normal_asphalt,asphalt,excellent,True,1024,576,True,73557,6310a32000973a2d2a3cbe5eabeb3751207cd14c7cbcd562e2a7afec03b6dbe8,data/raw/v2/streetsurfacevis/s_1024/803352010286348.jpg,104779048429571,1524332768996,
803521833639155,Normal_asphalt,asphalt,excellent,True,1024,768,True,81724,e162fef3f1ef1a0621f57edfccee6967726116716fa89b2644fb95d4a5e05136,data/raw/v2/streetsurfacevis/s_1024/803521833639155.jpg,108727694691996,1629537977257,
803638674575596,Normal_asphalt,asphalt,excellent,True,1024,768,True,138768,4af75b50b4eb17556e38a4f423f4e877921b79d0103148230a6721f4580fd600,data/raw/v2/streetsurfacevis/s_1024/803638674575596.jpg,100232345559807,1691736417500,
804032224180190,Unpaved_road,unpaved,bad,True,1024,768,True,229014,c3c632ceba8a63730cedfece8ba59d495dcb82664e5ff91231c83c03d59324f1,data/raw/v2/streetsurfacevis/s_1024/804032224180190.jpg,100232345559807,1666168001500,
804033884414505,Normal_asphalt,asphalt,excellent,True,1024,768,True,135098,ffe2aa258f0f200c20cf7217eb49b0836f12c89d3aec72c0905617e0c135ddc8,data/raw/v2/streetsurfacevis/s_1024/804033884414505.jpg,103606985215406,1686554848071,
805053577101489,Unpaved_road,unpaved,very_bad,True,1024,768,True,243498,51769aada328a7643d7887cceb824b91b001256fbbe53077e70e4181afe852c6,data/raw/v2/streetsurfacevis/s_1024/805053577101489.jpg,103165985261213,1618157054015,
805185880097598,Normal_asphalt,asphalt,excellent,True,1024,576,True,110366,7c54aee30d40ade7a27121c60517763c3959453321956a103ed9bac4988a147b,data/raw/v2/streetsurfacevis/s_1024/805185880097598.jpg,106322484938532,1553965223162,
805892873925087,Normal_asphalt,asphalt,excellent,True,1024,768,True,133037,6182ce41b0e464c53f3967b3383cb13e6b45b29d7f67b026c761bcc0889f8b4f,data/raw/v2/streetsurfacevis/s_1024/805892873925087.jpg,102609045317136,1660308345000,
806029393452299,Normal_asphalt,asphalt,excellent,True,1024,768,True,89741,f2d46868cfeba8673f5cfc0a3e8339c8ef8cbe691ad14a5c07b1646914d88f9c,data/raw/v2/streetsurfacevis/s_1024/806029393452299.jpg,100562292188203,1458663306477,
807081436877102,Unpaved_road,unpaved,bad,True,1024,576,True,215780,bf937bc914699a5316d50b3da2a1dd5006f15ba5ef475582b020eaefa0116559,data/raw/v2/streetsurfacevis/s_1024/807081436877102.jpg,102488681996897,1567588577861,
808300823551058,Normal_asphalt,asphalt,excellent,True,1024,768,True,104376,f19192e74cf4d48e8889e61706f1db2013c3e1688f13de573a35ef9b93c21772,data/raw/v2/streetsurfacevis/s_1024/808300823551058.jpg,100232345559807,1665921494715,
809972653230761,Unpaved_road,unpaved,bad,True,1024,768,True,113167,b43a542bd90a3f4d8650091ce964476067fe9d953b249c466b579c834dff51d3,data/raw/v2/streetsurfacevis/s_1024/809972653230761.jpg,101658985409308,1619371119000,
810999677419251,Normal_asphalt,asphalt,excellent,True,1024,768,True,93832,83a0ffe294dd299ecba51142132e9e83dd631795cc1bdb2934bff33557350d03,data/raw/v2/streetsurfacevis/s_1024/810999677419251.jpg,109752671252812,1453591377028,
811366660184987,Unpaved_road,unpaved,intermediate,True,1024,768,True,223203,0ddf156b2f3d800f18f23dda63c0d5e8dbef5ceefd7c866b437b5dc1ad9fa062,data/raw/v2/streetsurfacevis/s_1024/811366660184987.jpg,100232345559807,1664279314500,
813380769601589,Unpaved_road,unpaved,intermediate,True,1024,768,True,139400,cf0707aa7d591c483703d375d0c24a36ac7de4b3bde22e1fdcabbd0fac77d09f,data/raw/v2/streetsurfacevis/s_1024/813380769601589.jpg,101992328712989,1495451584677,
814836792718636,Normal_asphalt,asphalt,excellent,True,1024,768,True,98049,c28edd7abb33e77b75c9abe18aaa91f771b05ace3c800893aafaaaa608f6100e,data/raw/v2/streetsurfacevis/s_1024/814836792718636.jpg,101106178803146,1570961429815,
814950900279217,Unpaved_road,unpaved,bad,True,1024,768,True,198176,5757f34c22fc33ec92f96a7f03d6a1c3cb64688c097c9cdad8f5120c31fbabfa,data/raw/v2/streetsurfacevis/s_1024/814950900279217.jpg,100232345559807,1683455543229,
816457698975935,Unpaved_road,unpaved,bad,True,1024,768,True,233814,a7d3e3617f5ce5b2ffc844711d32de04047419796cebe12e68b97c68cebdc42e,data/raw/v2/streetsurfacevis/s_1024/816457698975935.jpg,100232345559807,1592389368500,
816801682592210,Unpaved_road,unpaved,intermediate,True,1024,768,True,200497,efdd4813029cbafb78ed64cb8559ad75501302c41af89f35e049f5e8906b33b0,data/raw/v2/streetsurfacevis/s_1024/816801682592210.jpg,103165985261213,1618157170032,
817145459215398,Unpaved_road,unpaved,intermediate,True,1024,768,True,207744,ad09b08e4b61e69d98a60c494dd2740480fab9e995ac979720939fa141951f6c,data/raw/v2/streetsurfacevis/s_1024/817145459215398.jpg,102629281981558,1494593570360,
817883602721287,Unpaved_road,unpaved,intermediate,True,1024,768,True,261794,4c2c3133cbef36a4b7338351da305f0ec34ef1624d2993a6cd4e484a46cfcc10,data/raw/v2/streetsurfacevis/s_1024/817883602721287.jpg,106491461588840,1686487072983,
817911575510311,Unpaved_road,unpaved,very_bad,True,1024,768,True,187241,20bd6ee665ee74b9708af1900bfe014ca4f9d0f88292790d4d70a456867a217e,data/raw/v2/streetsurfacevis/s_1024/817911575510311.jpg,101150702131940,1502786365150,
818194015795115,Unpaved_road,unpaved,bad,True,1024,768,True,202259,cf48b7949436b7c3c996a4ea4b01a46524d81fcfccafa2e6b9b19803b9602d1f,data/raw/v2/streetsurfacevis/s_1024/818194015795115.jpg,102627028648372,1558096896000,
818614312100096,Normal_asphalt,asphalt,excellent,True,1024,768,True,138551,7b8515adbd3a636ba41d7b8c94ee153686a294389e20abbe42e8ef25a6781506,data/raw/v2/streetsurfacevis/s_1024/818614312100096.jpg,109930501241347,1451611190500,
820378338908148,Unpaved_road,unpaved,intermediate,True,1024,576,True,206046,14edfd22ef141ab42068b4e11aca121216a79ebd7d763ed08848d5a01f5fa17a,data/raw/v2/streetsurfacevis/s_1024/820378338908148.jpg,109215107975476,1524227162000,
822020448408810,Unpaved_road,unpaved,bad,True,1024,576,True,120007,c7f33e157473378c32c8071f9e855847994f6dab477f52854629d9754fe2065c,data/raw/v2/streetsurfacevis/s_1024/822020448408810.jpg,103606985215406,1607594446967,
822924038637287,Normal_asphalt,asphalt,excellent,True,1024,768,True,132532,bb4f334c66487f076a9a92fee16d8e75af54e89f3ebe508a66b9db3b5f0e2e72,data/raw/v2/streetsurfacevis/s_1024/822924038637287.jpg,109868207909143,1502890591000,
824475911987706,Unpaved_road,unpaved,bad,True,1024,576,True,204704,a3669db1b76273393d49835325ca9c728d924d06d68c6b9b814aaeedc2e3a937,data/raw/v2/streetsurfacevis/s_1024/824475911987706.jpg,102468835332129,1686133221663,
825132578388657,Unpaved_road,unpaved,intermediate,True,1024,768,True,169749,fc9faac3e307ecbd863ed6cfdef618f122b4571ffad43d2876a8ae44929ce1df,data/raw/v2/streetsurfacevis/s_1024/825132578388657.jpg,110813861144220,1402664043000,
826107518284061,Normal_asphalt,asphalt,excellent,True,1024,576,True,192223,8a4cee84c8e9b872136471a5c52778c18c90384bb55e701966227e2902ffc540,data/raw/v2/streetsurfacevis/s_1024/826107518284061.jpg,108954524668583,1558775988000,
826533164885559,Normal_asphalt,asphalt,excellent,True,1024,768,True,129851,9ce6ce1454d4d29988e051f6dbe76725ddbe529b95e8506c2b73c8af8d605747,data/raw/v2/streetsurfacevis/s_1024/826533164885559.jpg,107376534827624,1402499857000,
830577717555915,Unpaved_road,unpaved,very_bad,True,1024,768,True,264898,30cb5a4d92266f47a8d4cbcc72eb4a5661408caf8b76bce26adb0f98ff07200e,data/raw/v2/streetsurfacevis/s_1024/830577717555915.jpg,100124742233267,1463838072124,
831908031585762,Unpaved_road,unpaved,intermediate,True,1024,768,True,267263,c17406d1ea21c8603e684ca9027272500517eb73931ca56a074052f5789d977c,data/raw/v2/streetsurfacevis/s_1024/831908031585762.jpg,100232345559807,1664696981520,
831926621060679,Normal_asphalt,asphalt,excellent,True,1024,768,True,92368,eaf332db691f2ce7e551c88fd1ec9394289add056ddf625a85fb62c42bc02ab3,data/raw/v2/streetsurfacevis/s_1024/831926621060679.jpg,109679771261283,1458662954783,
832835560968582,Normal_asphalt,asphalt,excellent,True,1024,768,True,112830,33a138aecd8cf70104c8382cfa9ca1809699cd0dc794ce96202bd8946d333905,data/raw/v2/streetsurfacevis/s_1024/832835560968582.jpg,107998954769035,1567237737274,
833016487423820,Normal_asphalt,asphalt,excellent,True,1024,768,True,165262,c0339b8f6190f0d0a4b3d442a8620e0991401a26f08fe76366be210b96c0866f,data/raw/v2/streetsurfacevis/s_1024/833016487423820.jpg,100773122170901,1497788367000,
833267997315412,Unpaved_road,unpaved,very_bad,True,1024,768,True,272516,502517ee176863677e66830185b26c5cd0b8a5f82413855d9829aebae80a0fd1,data/raw/v2/streetsurfacevis/s_1024/833267997315412.jpg,102468835332129,1622378625070,
8336520079756359,Unpaved_road,unpaved,intermediate,True,1024,768,True,100680,e570d1c0fade270be43e191368af78186c54ee0885dae69b1f6ac156e5b6e20f,data/raw/v2/streetsurfacevis/s_1024/8336520079756359.jpg,100232345559807,1668864744500,
833670050567632,Unpaved_road,unpaved,intermediate,True,1024,768,True,184131,348fa12f3a7f655b1c1cf023aa0e1b60be0dcd4f8aa90de3d68073266cd16d91,data/raw/v2/streetsurfacevis/s_1024/833670050567632.jpg,100232345559807,1605789497207,
833690504837266,Normal_asphalt,asphalt,excellent,True,1024,768,True,209288,1068001f06701ec1bb7a5b611fc72b1379ec25898905995197aa2c3edae0ce94,data/raw/v2/streetsurfacevis/s_1024/833690504837266.jpg,103606985215406,1686576120516,
834753177404735,Normal_asphalt,asphalt,excellent,True,1024,576,True,44284,ba9cf1b6c99cfc2e6e08bba3f0faa61ece1c91bb585b8f7d8f8ec217ac73507c,data/raw/v2/streetsurfacevis/s_1024/834753177404735.jpg,102099175369556,1630691410302,
837970896819599,Unpaved_road,unpaved,very_bad,True,1024,1834,True,645267,8db20ddf50204414af093dd794d088f7b33297c3ba0978a8eaf710679af05ce7,data/raw/v2/streetsurfacevis/s_1024/837970896819599.jpg,103079161935557,1586877044245,
838369236767806,Normal_asphalt,asphalt,excellent,True,1024,768,True,67817,a56dc7d5353d90d0657b94b798ff61bc9697f578d3997e22d7a6e30325a6fbf5,data/raw/v2/streetsurfacevis/s_1024/838369236767806.jpg,102221222019238,1470837896981,
838980833374539,Normal_asphalt,asphalt,excellent,True,1024,576,True,73447,9776e666cbc246513e36dda1494ac32006e8a8c4ea7c7f1f85d196ea349a8002,data/raw/v2/streetsurfacevis/s_1024/838980833374539.jpg,104779048429571,1580727515078,
839757807435227,Unpaved_road,unpaved,intermediate,True,1024,768,True,195376,828fcbc5fcad0c37c4a22e02fd5ddf1574818e957b32ab7606eafb3d58243a97,data/raw/v2/streetsurfacevis/s_1024/839757807435227.jpg,100232345559807,1664279315500,
839858386950437,Normal_asphalt,asphalt,excellent,True,1024,768,True,69182,d85eb1f48c9ebab3a801cd842360f939606711b6e20daee8f4d006ea3fe9a861,data/raw/v2/streetsurfacevis/s_1024/839858386950437.jpg,108954524668583,1463757575000,
840502303479633,Normal_asphalt,asphalt,excellent,True,1023,578,False,77969,861a6b09c285ffbc8df9aa262dc8f8ffa916ec8439f22a0aa3f96f247ff7a028,data/raw/v2/streetsurfacevis/s_1024/840502303479633.jpg,101658985409308,1495362212348,
841081709812844,Normal_asphalt,asphalt,excellent,True,1024,768,True,136585,65ff0d019eec2249956059c961f77066e3c901653bdbe567fe2c9cdd5fd8dd5f,data/raw/v2/streetsurfacevis/s_1024/841081709812844.jpg,105112711724663,1433267830348,
843021024064570,Normal_asphalt,asphalt,excellent,True,1024,440,True,35577,04571f26afa7d36ea624da2b2855873fd814e3c7fe503be08493489f7e1c4bf6,data/raw/v2/streetsurfacevis/s_1024/843021024064570.jpg,103080845264750,1691948365000,
843633053883540,Unpaved_road,unpaved,bad,True,1024,768,True,250176,47a2df8c7d44f6aa3ff25eb13400401f90f0f33f29d231c57045b764c3dd2d69,data/raw/v2/streetsurfacevis/s_1024/843633053883540.jpg,109673317932619,1696067968000,
845723519645117,Unpaved_road,unpaved,bad,True,1024,768,True,130475,07f0367436840feae4887453fa0e013997b17cefd69c4f00deecfaa2cb16ac1c,data/raw/v2/streetsurfacevis/s_1024/845723519645117.jpg,103901361851883,1630849566000,
846868422704526,Normal_asphalt,asphalt,excellent,True,1024,768,True,91870,729591fb9e54610fd54c92f3df8a564465ac1c58b9320ff0c2468df5a37fe39a,data/raw/v2/streetsurfacevis/s_1024/846868422704526.jpg,102577931986833,1531203985079,
847244590421301,Unpaved_road,unpaved,bad,True,1024,768,True,205330,4e9b4e78a376aa644961bf4f6e6e7cb1b60ff5bbd0e974aad6c37c3fa6e9e30d,data/raw/v2/streetsurfacevis/s_1024/847244590421301.jpg,104115958497622,1700402406997,
847315406140879,Normal_asphalt,asphalt,excellent,True,1024,768,True,84140,5b092f4cd716665b9a2cb0d0c0dd04ef80272f33438422e45376923b966aadda,data/raw/v2/streetsurfacevis/s_1024/847315406140879.jpg,102609045317136,1556128389000,
848524202410406,Normal_asphalt,asphalt,excellent,True,1024,768,True,103052,3fc380e4a2cd9d8d6cc556d997a6057e7fe25bb774562d20d751731a3d321d07,data/raw/v2/streetsurfacevis/s_1024/848524202410406.jpg,108567644711838,1476875364278,
848784782650515,Unpaved_road,unpaved,bad,True,1024,768,True,256777,15104daa57e54a06acc5ba206ab142d06a3bf28a88c2183569b11957b4f9acba,data/raw/v2/streetsurfacevis/s_1024/848784782650515.jpg,100232345559807,1593164899500,
849248425663718,Unpaved_road,unpaved,very_bad,True,1024,768,True,177776,1ebfc98f9927499d989c1878137dff51ba773af29fa9dbd7e02feb8c006dc3c9,data/raw/v2/streetsurfacevis/s_1024/849248425663718.jpg,103079161935557,1514813225649,
849810395610370,Normal_asphalt,asphalt,excellent,True,1024,768,True,74258,1f09ba2dc4a40269533490239a123963b12d58f4e9002f403968de3f5e990109,data/raw/v2/streetsurfacevis/s_1024/849810395610370.jpg,105105781728907,1508054616571,
850969335602299,Unpaved_road,unpaved,very_bad,True,1024,768,True,139392,f21f8428e8d7f14d31d987e71853e5264cb0c12365440cfa131bd1a101213d82,data/raw/v2/streetsurfacevis/s_1024/850969335602299.jpg,107674238136176,1618153593959,
855397588694782,Unpaved_road,unpaved,intermediate,True,1024,576,True,109163,fb6666c86d793359f1fe1d34ca82b161b3f7cb9eaf5b538abc15bd7eaa70fa11,data/raw/v2/streetsurfacevis/s_1024/855397588694782.jpg,103606985215406,1627671751931,
856744662867982,Unpaved_road,unpaved,very_bad,True,1024,768,True,173906,0c8d482710e79bb789c763c296dd12e8c30e62917c7255521e2d3c5766f249ab,data/raw/v2/streetsurfacevis/s_1024/856744662867982.jpg,100232345559807,1703589360500,
857090418550247,Unpaved_road,unpaved,intermediate,True,1023,682,False,185302,eb004c2dc578b003c93641138b862396a110b3af6108b01cabe1bf45f5160f6a,data/raw/v2/streetsurfacevis/s_1024/857090418550247.jpg,103883191849318,1410967677000,
860594861221304,Normal_asphalt,asphalt,excellent,True,1024,768,True,83171,51ad385a427b80df0978e2d72e97eb9d7d3ef32d334de1db63183faae0028d1a,data/raw/v2/streetsurfacevis/s_1024/860594861221304.jpg,107998954769035,1581950044568,
861220877806089,Unpaved_road,unpaved,bad,True,1024,1834,True,647844,0f4a668312d8e6a39b8563503a2d76541e232032ab295318efc2583e4274304a,data/raw/v2/streetsurfacevis/s_1024/861220877806089.jpg,103079161935557,1586877033783,
867288820575976,Normal_asphalt,asphalt,excellent,True,1024,768,True,124070,8827540bed0037fbdd7179a935227ab7d2ba174b6c9a37c5bfd8deee9ae7f129,data/raw/v2/streetsurfacevis/s_1024/867288820575976.jpg,100232345559807,1630416824270,
868023864056071,Unpaved_road,unpaved,bad,True,1024,768,True,192360,68a881f3ebd5efe13a031dc3df1fe439cbfa127857d1fbbfe62ef56d22e17c7a,data/raw/v2/streetsurfacevis/s_1024/868023864056071.jpg,105349241700755,1535890418000,
868313187054798,Normal_asphalt,asphalt,excellent,True,1024,576,True,115089,d2ae63e2e853512ef15866a8d2e343585426e6ec8e7ccab7bc565c95dfe47828,data/raw/v2/streetsurfacevis/s_1024/868313187054798.jpg,103658281877634,1606483497252,
870404381425029,Unpaved_road,unpaved,intermediate,True,1024,768,True,160321,932c37bc9544a892fe6613e13494fbd93eef2dc25ec739854c72967947bb27c7,data/raw/v2/streetsurfacevis/s_1024/870404381425029.jpg,102187028688979,1687024666000,
870574493497095,Normal_asphalt,asphalt,excellent,True,1024,768,True,43788,b177a59d7b14664aef62af31a6b31dfb564fa13be087ab29a9f33c172569adbe,data/raw/v2/streetsurfacevis/s_1024/870574493497095.jpg,108954524668583,1443712927000,
873142624027995,Unpaved_road,unpaved,very_bad,True,1022,460,False,111663,38ee40cc923a8682f44734aa994131ac0cc59f4c770af773684f31e7001bb887,data/raw/v2/streetsurfacevis/s_1024/873142624027995.jpg,102468835332129,1673184674995,
873211231021841,Normal_asphalt,asphalt,excellent,True,1024,576,True,97559,35f359492ca9fb2160e7074dca5bfcc9b59c12b5929d093aafd95e3ca907a229,data/raw/v2/streetsurfacevis/s_1024/873211231021841.jpg,105905988315287,1696080340000,
875824797090756,Unpaved_road,unpaved,very_bad,True,1022,460,False,95423,deb1fc4ea6b0e99e0c6226e1bf61cac368f78082c2d339ecc16377d91602d047,data/raw/v2/streetsurfacevis/s_1024/875824797090756.jpg,102468835332129,1673184678232,
876062193006372,Unpaved_road,unpaved,intermediate,True,1024,768,True,115760,4a0b03dc063116acc1629f809aa59d6441a1ff4e03ceb13b15dc7a71155db17b,data/raw/v2/streetsurfacevis/s_1024/876062193006372.jpg,107164461520710,1609596095000,
876487776284159,Normal_asphalt,asphalt,excellent,True,1024,768,True,121627,ddc0cef90f1f2bc16fcc316a881cc919a352ee088f3312563b0186fa4d9aac30,data/raw/v2/streetsurfacevis/s_1024/876487776284159.jpg,105490881690337,1584175730000,
877277919920225,Unpaved_road,unpaved,bad,True,1024,576,True,179916,0637f1927f0300777fc0b6a212e81ddbcd17c3533725cb8ca135b0355bcde605,data/raw/v2/streetsurfacevis/s_1024/877277919920225.jpg,102644905984700,1666781516865,
878492950153384,Unpaved_road,unpaved,intermediate,True,1024,768,True,90592,e5e69fb81933bcb7ffe99c99a4be1b08b9fae8fe1502ef61f33e7b3adc5b4da1,data/raw/v2/streetsurfacevis/s_1024/878492950153384.jpg,101442708769899,1676216101000,
878791416001573,Normal_asphalt,asphalt,excellent,True,1023,578,False,65203,1c1228b2a517fce0f278491b515a8cc915b7bb0e7ad2409c7699dc44116baa7a,data/raw/v2/streetsurfacevis/s_1024/878791416001573.jpg,101658985409308,1488627297022,
879316892935799,Normal_asphalt,asphalt,excellent,True,1024,576,True,156020,fb12508c1de282cd01768aff3b733de3b5ad6e37b161c9ff1c2f645db28d13bb,data/raw/v2/streetsurfacevis/s_1024/879316892935799.jpg,109726008003869,1623412512579,
879368329460913,Normal_asphalt,asphalt,excellent,True,1024,576,True,73396,1c19b145687b1c126c9f9d77f269d9fbd29a5c112c02aec27f62302469586f10,data/raw/v2/streetsurfacevis/s_1024/879368329460913.jpg,100474358864037,1603895152523,
879992212914533,Normal_asphalt,asphalt,excellent,True,1024,768,True,75705,20eb778bdb76f591a4dafd29b321fd7f828529c457bd52c3ed3e13da4865f92c,data/raw/v2/streetsurfacevis/s_1024/879992212914533.jpg,111920824373217,1567690512234,
880036229307105,Unpaved_road,unpaved,very_bad,True,1024,768,True,187556,2083c725eb843f54408551454f18aac83484bec4d8aa7bbeb72e519a8a856f68,data/raw/v2/streetsurfacevis/s_1024/880036229307105.jpg,103901361851883,1633186603000,
881178372817671,Unpaved_road,unpaved,bad,True,1024,768,True,191641,3de0768a1a8d141693b2385ba2325068a7dc25f448161335561a471202fb89b0,data/raw/v2/streetsurfacevis/s_1024/881178372817671.jpg,103901361851883,1630851610000,
881426276946167,Normal_asphalt,asphalt,excellent,True,1024,576,True,106163,2676e9fb21c04cfe64be53cf06c1d1465530c4af9ffe74b1bb3760587e5f8147,data/raw/v2/streetsurfacevis/s_1024/881426276946167.jpg,105905988315287,1701083186000,
881525869781998,Normal_asphalt,asphalt,excellent,True,1024,576,True,133363,a0964c35ce1268e253cb06ced625f47f57c4b7c9616a940bbd91bb7bed4f77ad,data/raw/v2/streetsurfacevis/s_1024/881525869781998.jpg,109673317932619,1677580510803,
881872296528211,Normal_asphalt,asphalt,excellent,True,1024,576,True,45999,29dc8927a27cf7912d2e32cc85661b4cbe0a996ae6f7be6a553d11916cf94129,data/raw/v2/streetsurfacevis/s_1024/881872296528211.jpg,103606985215406,1668587602959,
882899239917989,Normal_asphalt,asphalt,excellent,True,1024,768,True,142555,4b254bcf1c7a07f35967f848c320c08ca07dc6353fe66629541209f80fa71b6b,data/raw/v2/streetsurfacevis/s_1024/882899239917989.jpg,104536648714052,1700397545000,
882954962284466,Unpaved_road,unpaved,very_bad,True,1024,768,True,241014,e72c78c0d8720bfcc6486a8238aee080ac91af4f52f009c47b115c832c8c2a68,data/raw/v2/streetsurfacevis/s_1024/882954962284466.jpg,108954524668583,1450860431547,
884477459062027,Unpaved_road,unpaved,very_bad,True,1024,768,True,163585,38d6785a8336a03d0e0b5361a1297d84eb5eb71367df1c2de7bbc4ddc7dc8c10,data/raw/v2/streetsurfacevis/s_1024/884477459062027.jpg,110562521169809,1430067157000,
887979942294843,Unpaved_road,unpaved,bad,True,1024,768,True,193633,794813fbc1c1abad704e6ee8430041cfe17734a81d2ea05b62cc04ad23bdfca6,data/raw/v2/streetsurfacevis/s_1024/887979942294843.jpg,106491461588840,1682876388000,
895053284379158,Normal_asphalt,asphalt,excellent,True,1024,768,True,196415,7dfba9b3934305ffc67ada8407cd515df8207cecff701474262e29943636d57a,data/raw/v2/streetsurfacevis/s_1024/895053284379158.jpg,100268992218434,1594577030000,
895147071332229,Normal_asphalt,asphalt,excellent,True,1024,768,True,77078,866dba848ea9f48c49c2fd9e1d6999c4b37b682a361fcd63abb24055478522e4,data/raw/v2/streetsurfacevis/s_1024/895147071332229.jpg,110552844504419,1515063399000,
897430264171561,Unpaved_road,unpaved,bad,True,1024,768,True,99988,4cda827f8476919d83e8ed251257f12305ef89262bf133a7abcb8206b5ffea84,data/raw/v2/streetsurfacevis/s_1024/897430264171561.jpg,105600511678443,1567091997310,
898137797634161,Unpaved_road,unpaved,bad,True,1024,768,True,201671,cde096cb9b5beac77981c8dcca88bbcf59c8668fed4511a55e78b938d0bfa8b4,data/raw/v2/streetsurfacevis/s_1024/898137797634161.jpg,101658985409308,1435686579104,
898943927342388,Normal_asphalt,asphalt,excellent,True,1024,768,True,59191,0f141999783a333645f2db77437b2babdbdcca1b3ec76a379e13f90e7ffd0939,data/raw/v2/streetsurfacevis/s_1024/898943927342388.jpg,108954524668583,1462943611000,
903648987545670,Unpaved_road,unpaved,bad,True,1024,768,True,198791,dc987268d86cc7d18bec9db2b190a8e3e634fb22263d70ea424dc3748cd65ff4,data/raw/v2/streetsurfacevis/s_1024/903648987545670.jpg,101266318782958,1673445290000,
908189446887265,Unpaved_road,unpaved,intermediate,True,1024,768,True,223312,ae36e165af0aaba7147eac3ce36c9f24ae1de9909a13a1edefc5ce9bb6e53cf4,data/raw/v2/streetsurfacevis/s_1024/908189446887265.jpg,104115958497622,1675339860412,
908359293726638,Unpaved_road,unpaved,very_bad,True,1024,576,True,152708,2a70a4cbe1ce5a4ef4535d62d8554eb8182c9e4f3bbf7ce9318462a35c668a51,data/raw/v2/streetsurfacevis/s_1024/908359293726638.jpg,102468835332129,1683027546147,
909211889644908,Normal_asphalt,asphalt,excellent,True,1024,576,True,94230,52302c1607f25e0b2e2fa6aa86a6004c7d52e06d28b422b3927eda94e9ac8d60,data/raw/v2/streetsurfacevis/s_1024/909211889644908.jpg,104408981801642,1536416319473,
911250652992836,Normal_asphalt,asphalt,excellent,True,1024,768,True,124786,fe0440d7e65bc7d99dc165c7b8712fc523d2191d2487d63f155dc99c79e8bf0b,data/raw/v2/streetsurfacevis/s_1024/911250652992836.jpg,109215107975476,1427215878000,
911891082711090,Unpaved_road,unpaved,intermediate,True,1024,576,True,197693,ed833ca0e72097c28b424ec8acd0e0bb321552b8eed1347b4e91bbbf968a547a,data/raw/v2/streetsurfacevis/s_1024/911891082711090.jpg,107580271478818,1529489743761,
912546252653011,Unpaved_road,unpaved,bad,True,1024,768,True,181511,89d2f7c26e8f4ed114b1baa5325cfca2da914be40b0aa4858c71d7f3b8fe7f4e,data/raw/v2/streetsurfacevis/s_1024/912546252653011.jpg,102627028648372,1560080440000,
918605332044937,Unpaved_road,unpaved,bad,True,1024,768,True,156260,edf03e0e72757cb6f42ca98b214ebeee3475a3ccaf50f35e805611377c95a0f8,data/raw/v2/streetsurfacevis/s_1024/918605332044937.jpg,102468835332129,1640000848488,
918634292544322,Unpaved_road,unpaved,intermediate,True,1024,768,True,248783,b4bfd50c551b06ae22d8488e18703ea2d5cb0af1e3d5682ada51713d6539629b,data/raw/v2/streetsurfacevis/s_1024/918634292544322.jpg,103550301888099,1685977638338,
918908606618366,Normal_asphalt,asphalt,excellent,True,1024,768,True,140975,7bca59cbbc4a049d83a76e8bc0d2a1257c2057cc7241915cd36562e99b49b82d,data/raw/v2/streetsurfacevis/s_1024/918908606618366.jpg,101269772643495,1698679267000,
922091025300265,Unpaved_road,unpaved,bad,True,1024,768,True,190266,fb23f661e67265acb02b68330a4994fc4961b81e5a4480ba2bcde4260c2d51d4,data/raw/v2/streetsurfacevis/s_1024/922091025300265.jpg,104949251746160,1598365616000,
923339835172387,Normal_asphalt,asphalt,excellent,True,1023,614,False,113924,4f528c76c377869bc0c1326ec9e4edc90bce41288ab5ad3a9ef65674fb53c574,data/raw/v2/streetsurfacevis/s_1024/923339835172387.jpg,101587278753997,1495628479591,
924119214849264,Normal_asphalt,asphalt,excellent,True,1024,576,True,59644,a0a7df38233cd0067d6abf0aa18dc4367b1804c7784522a55e61d99d4b5003fa,data/raw/v2/streetsurfacevis/s_1024/924119214849264.jpg,103198898589938,1631352482515,
924995484956409,Unpaved_road,unpaved,bad,True,1024,768,True,208301,c5f8a06521fd4a111dab33537e9a3ad634f0bc480e5c795d2220e41bb665a482,data/raw/v2/streetsurfacevis/s_1024/924995484956409.jpg,107164461520710,1610182399540,
925051584961099,Normal_asphalt,asphalt,excellent,True,1024,576,True,75436,c2d9fc5bd8709d0001a6af0bd6497f8bf8c1333b2bc8a1a69a6d082ca84f5350,data/raw/v2/streetsurfacevis/s_1024/925051584961099.jpg,109673317932619,1564824041024,
925434321363406,Normal_asphalt,asphalt,excellent,True,1024,768,True,139803,f431ad7e35dbe74c90399356675be7d7796ce1f1e9866ee42b4bdba8d6dce793,data/raw/v2/streetsurfacevis/s_1024/925434321363406.jpg,102609045317136,1559202528000,
925548561618180,Normal_asphalt,asphalt,excellent,True,1024,768,True,137823,9f7ad4362fe4905eb08315626c02ce479cea867c7924defeedda6a6ac87c9bec,data/raw/v2/streetsurfacevis/s_1024/925548561618180.jpg,100232345559807,1610982422000,
926010428234008,Unpaved_road,unpaved,bad,True,1024,768,True,219820,b6ec825404636426394f73cc0a2753f41379b20d1609fb7c82d6b630e8d1fcd2,data/raw/v2/streetsurfacevis/s_1024/926010428234008.jpg,109215107975476,1427119273000,
926392651480944,Unpaved_road,unpaved,bad,True,1024,768,True,216936,eee9a6150f2ac032810c77862a85cea4eb746014102980f93cfb4aab4faa008d,data/raw/v2/streetsurfacevis/s_1024/926392651480944.jpg,110552844504419,1533749215000,
928038144627382,Normal_asphalt,asphalt,excellent,True,1024,576,True,70062,fd098ddfaa820db94a3ce6458379a0fed202235833f8bc6f6c522e8eb760b757,data/raw/v2/streetsurfacevis/s_1024/928038144627382.jpg,100474358864037,1589624438523,
928336421077098,Normal_asphalt,asphalt,excellent,True,1024,576,True,176944,621f1c93cbc04189eba1d269f53d0ebf53959f841a7d3a8406f21706c2ae63ee,data/raw/v2/streetsurfacevis/s_1024/928336421077098.jpg,100562292188203,1619864980581,
928825127898566,Unpaved_road,unpaved,bad,True,1024,768,True,203708,12fb5f9feeaa2afd74d0afd15d141e46bfbaa790b88f833445456cc130296a45,data/raw/v2/streetsurfacevis/s_1024/928825127898566.jpg,110552844504419,1472830890000,
928927871220927,Normal_asphalt,asphalt,excellent,True,1024,576,True,147180,e7530a05649262f01d29ddfff7308b529abf311b5c69243f5b215a2002381f94,data/raw/v2/streetsurfacevis/s_1024/928927871220927.jpg,109122484655498,1531925286868,
929061821228297,Unpaved_road,unpaved,intermediate,True,1024,768,True,165407,a3abaa2ccad5d4dddad2ababc7367ce7b03de23353946f36ee145cd17d00c569,data/raw/v2/streetsurfacevis/s_1024/929061821228297.jpg,100313645547247,1407077823000,
929110097931561,Unpaved_road,unpaved,bad,True,1024,768,True,166196,f8f77ae30a8b1c754451d6c391b81851cad376969557f477baea9265127fec36,data/raw/v2/streetsurfacevis/s_1024/929110097931561.jpg,103901361851883,1620047329000,
929277760975453,Unpaved_road,unpaved,very_bad,True,1024,768,True,142891,7314e612305d26f21915260b757c8b848d24753948f18296f0600018ecd715d3,data/raw/v2/streetsurfacevis/s_1024/929277760975453.jpg,106008994971903,1618074016000,
930583801051035,Unpaved_road,unpaved,intermediate,True,1024,768,True,109100,76f575e497973b4ed25ea9d14e9888e7c1edc64c4eff992b5d0049cf369ee4e2,data/raw/v2/streetsurfacevis/s_1024/930583801051035.jpg,108723421358645,1456152280032,
931246047418049,Normal_asphalt,asphalt,excellent,True,1024,768,True,158819,257e777640c00ca4fb6377efae53b80b75b43502035a60a7dd1bc6072de9270b,data/raw/v2/streetsurfacevis/s_1024/931246047418049.jpg,105558841679641,1588091565000,
932403877558472,Normal_asphalt,asphalt,excellent,True,1024,768,True,190195,69eead5081fa51215991e97a97caf7acbac490a301c119510051c5399d9232f4,data/raw/v2/streetsurfacevis/s_1024/932403877558472.jpg,100232345559807,1620026705574,
932625327828309,Normal_asphalt,asphalt,excellent,True,1024,576,True,41171,52520e342e09db23ac1f76f4e41cbc7ebbdb75f4f1bfba1d9d70b305a81f7d58,data/raw/v2/streetsurfacevis/s_1024/932625327828309.jpg,100474358864037,1690312213697,
932858760899387,Normal_asphalt,asphalt,excellent,True,1024,768,True,84838,90987891fe9a6acba15f87163c27158894d9a2275a3928ea842d2000f2b09cbd,data/raw/v2/streetsurfacevis/s_1024/932858760899387.jpg,103606985215406,1551524500033,
933207117222847,Unpaved_road,unpaved,bad,True,1024,576,True,155181,d58aa97f3d7d6ed23fce7673714ba342746b0f7a89987ce9cbfb4343883d9ffa,data/raw/v2/streetsurfacevis/s_1024/933207117222847.jpg,103606985215406,1605187007922,
933939060778844,Unpaved_road,unpaved,very_bad,True,1024,576,True,201872,6aac31f3a7f0df304c98425388b865b735c75c0473d2b91a656ab50b534deded,data/raw/v2/streetsurfacevis/s_1024/933939060778844.jpg,103079161935557,1571236638576,
934058277347683,Normal_asphalt,asphalt,excellent,True,1024,768,True,142624,bbf63dad13eaa3eb377779280be5185f8a8f15af4a9f0218f6ffd1b1e00ad908,data/raw/v2/streetsurfacevis/s_1024/934058277347683.jpg,100562292188203,1458487666945,
935923607490652,Normal_asphalt,asphalt,excellent,True,1024,768,True,121001,7ddefd4ca568e8d6e174b393b905057575b5007a261d1095df717a4141d13319,data/raw/v2/streetsurfacevis/s_1024/935923607490652.jpg,102609045317136,1687801943000,
937042877116965,Normal_asphalt,asphalt,excellent,True,1024,768,True,89783,8edcf4b8be79aadc364503a177230c54676a043641818cb06722de49289e93fa,data/raw/v2/streetsurfacevis/s_1024/937042877116965.jpg,105558841679641,1498925958916,
938725840249199,Unpaved_road,unpaved,intermediate,True,1024,768,True,236956,a416e542d5881706a2edcddde747104e46e65ec5c6fa4933da148f9e5b35c9c1,data/raw/v2/streetsurfacevis/s_1024/938725840249199.jpg,102609045317136,1586613624000,
942736476473564,Unpaved_road,unpaved,intermediate,True,1024,768,True,166706,3bf3afb08a3f48469ddb1118c2efb23a813d60ae67a6efc7a8e035a5743bb27b,data/raw/v2/streetsurfacevis/s_1024/942736476473564.jpg,102627028648372,1570397974000,
943393816448164,Unpaved_road,unpaved,bad,True,1024,768,True,212448,3e3692009ae3149266454334446dd8efb807b7d4d7c7b16c8ab2bd1f6efe1d03,data/raw/v2/streetsurfacevis/s_1024/943393816448164.jpg,100232345559807,1618478233500,
944597819647252,Normal_asphalt,asphalt,excellent,True,1024,576,True,137303,92cd8ace98fabc0ac601291dbdf0b975dbe4b91c74cc30107308a489513e8741,data/raw/v2/streetsurfacevis/s_1024/944597819647252.jpg,101020912145314,1555775657946,
945157439427925,Normal_asphalt,asphalt,excellent,True,1024,576,True,126038,088811db8e011e1ad7b086a6dd8ffca70cb7d85d7fcc7522b687e326073b0351,data/raw/v2/streetsurfacevis/s_1024/945157439427925.jpg,103606985215406,1638349140557,
947022479388968,Normal_asphalt,asphalt,excellent,True,1024,576,True,82754,d617a7259b3817759828689f9946301a3113d29f5b926a67d921a7efb93b6654,data/raw/v2/streetsurfacevis/s_1024/947022479388968.jpg,101658985409308,1457265447481,
947676872719788,Normal_asphalt,asphalt,excellent,True,1024,576,True,152276,d92d977892635ba8923c16e833aad428ec370e4b3c7c07d1ccca399d0c2e8d8d,data/raw/v2/streetsurfacevis/s_1024/947676872719788.jpg,100562292188203,1619880732258,
948019749073383,Unpaved_road,unpaved,very_bad,True,1024,1365,True,398031,6b477aa3518aa14c643066f984eee1198a629c3be7d157b8b181a37339dd2296,data/raw/v2/streetsurfacevis/s_1024/948019749073383.jpg,104984298408021,1501343878000,
948602349324120,Normal_asphalt,asphalt,excellent,True,1024,576,True,65902,2892c77e63df8198ab99e0aab833a76b7bdf9b40ac415d5d4ef995fbe28e8eb2,data/raw/v2/streetsurfacevis/s_1024/948602349324120.jpg,101658985409308,1476792527264,
949102322592252,Normal_asphalt,asphalt,excellent,True,1024,576,True,114639,5272097931ad998a87e2d576d224f41ca612111e3c26b0b07f134ccbd6f9af77,data/raw/v2/streetsurfacevis/s_1024/949102322592252.jpg,109122484655498,1619346766246,
949628032537945,Unpaved_road,unpaved,very_bad,True,1024,768,True,246143,849bd4bbf6d3ca1709ced7eeab6acf9e6530d049f867fefa856bdb22d39e9bf4,data/raw/v2/streetsurfacevis/s_1024/949628032537945.jpg,102468835332129,1622378608003,
950024289091801,Normal_asphalt,asphalt,excellent,True,1024,768,True,110831,dd8260cfd236fb4738a30fdf773807b1e8a72142ae6a3946d26cb02a8e7d950b,data/raw/v2/streetsurfacevis/s_1024/950024289091801.jpg,100232345559807,1598947214474,
950620909539756,Normal_asphalt,asphalt,excellent,True,1024,768,True,148010,bc9cd4a6719a4a56920929eaf082b108c6791bf88933526187d2dc012c20406a,data/raw/v2/streetsurfacevis/s_1024/950620909539756.jpg,100232345559807,1689851399000,
951551752943194,Unpaved_road,unpaved,bad,True,1024,576,True,189299,8b3c364ade1a2599e8c646ce8b1c788c0b977483b0a732de537340bf977837be,data/raw/v2/streetsurfacevis/s_1024/951551752943194.jpg,102468835332129,1683118089537,
952838519326149,Unpaved_road,unpaved,intermediate,True,1024,768,True,259701,697d30067498a41a98baed736636b9f5d9caf509e8c1f8bebffac5a282032d4b,data/raw/v2/streetsurfacevis/s_1024/952838519326149.jpg,100232345559807,1690442593500,
954392135980106,Unpaved_road,unpaved,intermediate,True,1024,896,True,312172,a6f13984c3d873cca2dac0f5ef95e6a2fe11ad5a79f628e816c5473831f57ac7,data/raw/v2/streetsurfacevis/s_1024/954392135980106.jpg,100474358864037,1682945577817,
954649388656031,Normal_asphalt,asphalt,excellent,True,1023,578,False,63629,98e020007fcbe6c6b09c130c0660b98f11dc2dd82127c8337dce773d0b3cd4fc,data/raw/v2/streetsurfacevis/s_1024/954649388656031.jpg,101658985409308,1506762113494,
955200768353483,Normal_asphalt,asphalt,excellent,True,1024,768,True,122833,582aba1df0d81f95d96b1e0d7a1e4d7d69e4428c1e4d660a201c621577d8430e,data/raw/v2/streetsurfacevis/s_1024/955200768353483.jpg,102627028648372,1587214175000,
956362611886219,Normal_asphalt,asphalt,excellent,True,1024,768,True,219201,8b96479f39ea89802122e3535c988cc0fda38316edbdfae553e5b645a555221b,data/raw/v2/streetsurfacevis/s_1024/956362611886219.jpg,100474358864037,1628425938404,
957774845045377,Unpaved_road,unpaved,bad,True,1024,768,True,236086,3b4b37a591ece98e42ff05d5a52674d7226ca2dcef8b2d5cff44e119a23aefa6,data/raw/v2/streetsurfacevis/s_1024/957774845045377.jpg,102468835332129,1626602223943,
958064384954616,Normal_asphalt,asphalt,excellent,True,1024,768,True,76879,76a0c83b11bd2baf90caaaef96baeefab3e87806ca0b22e72f2566cecaa32ab1,data/raw/v2/streetsurfacevis/s_1024/958064384954616.jpg,102568745320989,1496254155330,
958766248268946,Unpaved_road,unpaved,bad,True,1024,768,True,196322,8ce0012bb8eb210636f442775794fa2dbda38ecedc3f6ae1bdad0ac347c2541d,data/raw/v2/streetsurfacevis/s_1024/958766248268946.jpg,100232345559807,1608110382000,
958780928047214,Unpaved_road,unpaved,bad,True,1024,768,True,207331,2664dee935362da2ea77906292b74dc3663be603cf6491d98c088ad292f510e5,data/raw/v2/streetsurfacevis/s_1024/958780928047214.jpg,103901361851883,1631191670000,
958816501528783,Unpaved_road,unpaved,very_bad,True,1024,768,True,289103,d88864ac8409b4baa0cdb167b774b3834cff8510333713dfb514569215e9f6b6,data/raw/v2/streetsurfacevis/s_1024/958816501528783.jpg,101658985409308,1451221642000,
958962974849734,Unpaved_road,unpaved,bad,True,1024,768,True,303510,64ad8dc2b67b730140ec943bf961d1b68311e41e54c41f5841b247148b39fe28,data/raw/v2/streetsurfacevis/s_1024/958962974849734.jpg,110624157836841,1583588309811,
959327628152817,Unpaved_road,unpaved,very_bad,True,1024,768,True,234728,598f6b2e80dc62902afd681e8b784d1909d432f108b5a3d6b14f98c1c534a493,data/raw/v2/streetsurfacevis/s_1024/959327628152817.jpg,102468835332129,1599915018497,
963043011098315,Unpaved_road,unpaved,intermediate,True,1024,768,True,243995,d756aca2c18ea6009d60d405a80ec4909650d6be7e7cd6ffc7b551b73e6bc652,data/raw/v2/streetsurfacevis/s_1024/963043011098315.jpg,110552844504419,1503511386000,
963743551096994,Unpaved_road,unpaved,intermediate,True,1024,576,True,178084,c351ad9299877d5dd9053694bad227c258dbd6a3d918c1bd1db33609499b9c85,data/raw/v2/streetsurfacevis/s_1024/963743551096994.jpg,103801905195060,1492523546000,
964429178290201,Unpaved_road,unpaved,bad,True,1024,768,True,267317,f0e512a2cc8aa4380abd5bb202a4d3a67a8f4636e9057c8f29b5f75fe139870a,data/raw/v2/streetsurfacevis/s_1024/964429178290201.jpg,103901361851883,1660750390462,
965212734225975,Unpaved_road,unpaved,bad,True,1024,768,True,161796,af08e223058ff96aadeab5ab9759924bc2f2ca2dcf1f8dffaa6534e892b9dd9b,data/raw/v2/streetsurfacevis/s_1024/965212734225975.jpg,100232345559807,1592202399747,
965759250669288,Normal_asphalt,asphalt,excellent,True,1024,768,True,139874,c45a22635679c1bdc9c5c23235c03896a975f38305857e3153637ca6fa1b3821,data/raw/v2/streetsurfacevis/s_1024/965759250669288.jpg,100232345559807,1632149586259,
968980484100475,Unpaved_road,unpaved,intermediate,True,1024,768,True,216643,8a687ad953d413af39a3c766d09d369ce42595399fa9388528ccfc0054f4f860,data/raw/v2/streetsurfacevis/s_1024/968980484100475.jpg,106491461588840,1683660275223,
971326080280494,Normal_asphalt,asphalt,excellent,True,1024,576,True,102916,e0e1d58b1bfc5334caa8dc802b01630db4679b3ec961aa117ee112b994c90a49,data/raw/v2/streetsurfacevis/s_1024/971326080280494.jpg,109842617910576,1509377313000,
971491770393969,Normal_asphalt,asphalt,excellent,True,1023,472,False,51763,aba3e1ccaf3ae16d5c6b659680d1c2741281898739563db5178d1ba79fbf6758,data/raw/v2/streetsurfacevis/s_1024/971491770393969.jpg,103182758979410,1646982457363,
973205280089594,Unpaved_road,unpaved,intermediate,True,1024,768,True,262872,67091c3928cd344de78034ea34b9aa3b7edc5eb4dfcd846ae37977ed4d387f3b,data/raw/v2/streetsurfacevis/s_1024/973205280089594.jpg,102468835332129,1597843901517,
973767460321241,Unpaved_road,unpaved,bad,True,1024,768,True,118302,7550f2f751f09bba7cc2b45901bd28a3d9dd8b8ee1934cd7e9d5df7d6b7ef0a0,data/raw/v2/streetsurfacevis/s_1024/973767460321241.jpg,101834042469155,1686165737026,
975617313315324,Normal_asphalt,asphalt,excellent,True,1023,575,False,98966,d5c689a650300429579647ac68fa73d984a6e78c242bc3ca9d29f47ff95e6a8d,data/raw/v2/streetsurfacevis/s_1024/975617313315324.jpg,103078715264357,1650202285612,
976418229828264,Unpaved_road,unpaved,intermediate,True,1024,768,True,237908,e7497c04e99df71fbdea615f2aaf04e86b3adc85fe7aabc730b7e1028cfa7f30,data/raw/v2/streetsurfacevis/s_1024/976418229828264.jpg,100474358864037,1603555617150,
978326429596435,Unpaved_road,unpaved,bad,True,1024,768,True,210428,3516948194a69fdaec2350a606f6bba56c96810590237ac47eeb45264705b646,data/raw/v2/streetsurfacevis/s_1024/978326429596435.jpg,106491461588840,1451622628000,
978445736233602,Normal_asphalt,asphalt,excellent,True,1024,576,True,90740,2baa5ac45d184b115330a0bc8d202cf954038cf481fb8b72a1cc57ac063a47c1,data/raw/v2/streetsurfacevis/s_1024/978445736233602.jpg,110343414532252,1592058282409,
978717603032803,Normal_asphalt,asphalt,excellent,True,1024,768,True,73239,2631c8acc05800a50b854c09cb96924eaeb3ac30131b34f3bb5d1522d741085e,data/raw/v2/streetsurfacevis/s_1024/978717603032803.jpg,100410142246791,1647683218979,
980211782718113,Unpaved_road,unpaved,intermediate,True,1024,768,True,195176,863ff0fdab39fb5c908f699a9be8fcbff6fe189d1602e737d1d1f5ecd216b186,data/raw/v2/streetsurfacevis/s_1024/980211782718113.jpg,110491117849516,1554829605717,
982088115958042,Normal_asphalt,asphalt,excellent,True,1024,576,True,93501,2929967e4ac6cd569aa85be9e1411d4a202e0d78dcb8394bfd78212867b355a7,data/raw/v2/streetsurfacevis/s_1024/982088115958042.jpg,103078715264357,1583081308484,
982353469238093,Unpaved_road,unpaved,bad,True,1024,768,True,154458,585c857e69b120842841e54e585345142d973c61b26e05542205dfbf2554e749,data/raw/v2/streetsurfacevis/s_1024/982353469238093.jpg,110562521169809,1430067188000,
983380299076038,Normal_asphalt,asphalt,excellent,True,1024,768,True,199592,d509b730d12fecf0fe4e9258d07a23315ccf8b622f56bc5e9a477cd49c5502d6,data/raw/v2/streetsurfacevis/s_1024/983380299076038.jpg,103023348603763,1494490789000,
993107898353925,Unpaved_road,unpaved,bad,True,1024,768,True,143130,ce55359cd4197407b1cd72467866744c5eb59b128a9fb3f72a48293a58136494,data/raw/v2/streetsurfacevis/s_1024/993107898353925.jpg,100232345559807,1686840849220,
993568121645717,Normal_asphalt,asphalt,excellent,True,1024,768,True,63198,d37d7f1aca27ff2d3521f9a65c20a8819bf1aff888356fa3ef3d676f835de788,data/raw/v2/streetsurfacevis/s_1024/993568121645717.jpg,100393438876727,1686740484453,
994744601331046,Unpaved_road,unpaved,bad,True,1024,768,True,179925,adb776a37e20d4c36266ad221231926bc0905da15f233ba73d609de7a0248cc4,data/raw/v2/streetsurfacevis/s_1024/994744601331046.jpg,102627028648372,1560080388000,
995290027962579,Unpaved_road,unpaved,intermediate,True,1024,768,True,154833,c67bd779118031c022becf51882ef22e3a649f19b82819ecd4e6d6262fd6ba70,data/raw/v2/streetsurfacevis/s_1024/995290027962579.jpg,100232345559807,1628869636500,
997256148134538,Normal_asphalt,asphalt,excellent,True,1024,771,True,119549,58568eccb77b5e9c4f45036aceca864e5881d254b5826b7423e6f981b7003ad2,data/raw/v2/streetsurfacevis/s_1024/997256148134538.jpg,103078715264357,1687696371095,
998443217521030,Unpaved_road,unpaved,bad,True,1024,768,True,308777,2a5f1b6c9ace51e82c05cf7828376a1accb2c8a8485fb86b826b6aa4e2c49443,data/raw/v2/streetsurfacevis/s_1024/998443217521030.jpg,103901361851883,1656414451730,
541102760213348,Unpaved_road,unpaved,bad,True,1024,768,True,148982,5578300ed2f304b747948eadbc879dfdb5e475b4629f6b441bcf818eb2eaf336,data/raw/v2/streetsurfacevis/s_1024/541102760213348.jpg,110552844504419,1522685141000,
1533179297013284,Unpaved_road,unpaved,very_bad,True,1024,768,True,191133,f89d22aba17e3ed3e91fcdfd60ef6d1d91906b6f21444a3ebab98274c24a6276,data/raw/v2/streetsurfacevis/s_1024/1533179297013284.jpg,103901361851883,1621255192000,
497138671397484,Unpaved_road,unpaved,very_bad,True,1024,768,True,142693,de5f64e9a4a464a427bbdfebb70d5bd81ac543eb648cd0f5d519b382f5f9ecfc,data/raw/v2/streetsurfacevis/s_1024/497138671397484.jpg,110552844504419,1567767930000,
307049137628945,Unpaved_road,unpaved,very_bad,True,1024,768,True,244962,0e1446731330246a7178b3e741178cbd722e3b251573d732a65931267b006af2,data/raw/v2/streetsurfacevis/s_1024/307049137628945.jpg,101202915459964,1587662070000,
959791608610089,Unpaved_road,unpaved,very_bad,True,1024,576,True,182416,1f8436dbcbc52ec2cf3376a9f5b235fd3f755cad57e59e6eadfbb0542c2f9b26,data/raw/v2/streetsurfacevis/s_1024/959791608610089.jpg,102468835332129,1687699195428,
346939093606221,Unpaved_road,unpaved,very_bad,True,1024,768,True,252268,cf081135dcc4e95690442ed5231a270f35fc5c168aab154c90ec886624dc1760,data/raw/v2/streetsurfacevis/s_1024/346939093606221.jpg,103901361851883,1622905410000,
1230672237821861,Unpaved_road,unpaved,very_bad,True,1024,768,True,200542,919c603f70c7d607061490610897f901bef18fa7fe471f87102e0beaf6e03bf0,data/raw/v2/streetsurfacevis/s_1024/1230672237821861.jpg,106491461588840,1630842253000,
382022913071116,Unpaved_road,unpaved,very_bad,True,1024,768,True,105441,18c9210fdf6610d1d06482e268c637658aa7d7fa93c70669cd8b3e02eb2b0015,data/raw/v2/streetsurfacevis/s_1024/382022913071116.jpg,103165985261213,1451658434029,
347529823555153,Unpaved_road,unpaved,very_bad,True,1024,768,True,130591,5c909b620b7e1d5b8bb3cb91021cf073549c385d26bd30a25cbe1c12fcfbd7a0,data/raw/v2/streetsurfacevis/s_1024/347529823555153.jpg,107164461520710,1619852853468,
172678668084341,Unpaved_road,unpaved,very_bad,True,1024,768,True,223915,56b9cae4e25a34c895efb515b5aa10bafac9304ee74e66e714ff9c5aa303afd4,data/raw/v2/streetsurfacevis/s_1024/172678668084341.jpg,100474358864037,1558113447000,
328052538916504,Unpaved_road,unpaved,very_bad,True,1024,768,True,231365,5f0154c27189067845f9a3baad7d1729c13bca7908473f4f3252d5669275039d,data/raw/v2/streetsurfacevis/s_1024/328052538916504.jpg,100232345559807,1588325494621,
372487850807645,Unpaved_road,unpaved,very_bad,True,1022,577,False,117180,7440f76c26e7ddadab91d14565bf348c40da2ac0b49d724045e1a5494034b3bb,data/raw/v2/streetsurfacevis/s_1024/372487850807645.jpg,108681281366070,1532861052000,
181581597670889,Unpaved_road,unpaved,very_bad,True,1024,768,True,99911,e9cd45b452b64e069e16add60f3cdd8fd67dd70e255ee396c2d13e5028494278,data/raw/v2/streetsurfacevis/s_1024/181581597670889.jpg,108983428564928,1658930238435,
486433179297653,Unpaved_road,unpaved,very_bad,True,1024,768,True,190927,f2fab7db7e9ba8084cb0b9f81563633b7c005621bf64ac7bd2a441f424b69276,data/raw/v2/streetsurfacevis/s_1024/486433179297653.jpg,104949251746160,1615738371000,
252840649919316,Unpaved_road,unpaved,very_bad,True,1024,768,True,245464,706e4ebc1d2446f149c8be76f2ff1ea6c0e9e37d06c1cf61ff82aac4188aa869,data/raw/v2/streetsurfacevis/s_1024/252840649919316.jpg,104007915169614,1333880778000,
172526911501097,Unpaved_road,unpaved,very_bad,True,1024,768,True,97308,bf6a0abc83ecf5bfa0c2acac13f258fb9b2054b8219d00b8cd0bf814f033213a,data/raw/v2/streetsurfacevis/s_1024/172526911501097.jpg,107164461520710,1619852848467,
227856055545967,Unpaved_road,unpaved,very_bad,True,1024,768,True,201349,4a44017afedfccc39d381cbc253b4caa43f41347ea4719e5ff012234281bba6f,data/raw/v2/streetsurfacevis/s_1024/227856055545967.jpg,103901361851883,1622381407000,
526302785214947,Unpaved_road,unpaved,very_bad,True,1024,576,True,127585,e57608dd2fda55790b9e4c562cafd671618bd5a30f1db16ddd975959b5799f2d,data/raw/v2/streetsurfacevis/s_1024/526302785214947.jpg,103863125190015,1618221879834,
124756343175824,Unpaved_road,unpaved,very_bad,True,1024,768,True,238291,d92f1604a51259e144b0bcc70f197862366b2ce9903c6f9f0694f4372af57e62,data/raw/v2/streetsurfacevis/s_1024/124756343175824.jpg,102468835332129,1626610882435,
153849346941405,Unpaved_road,unpaved,very_bad,True,1024,768,True,88319,b87cbb5e147991b6dd097d7aee73c6689949f4025456aebd22aa31d57f1d8f43,data/raw/v2/streetsurfacevis/s_1024/153849346941405.jpg,103901361851883,1632584788000,
312989360530904,Unpaved_road,unpaved,very_bad,True,1024,768,True,165127,57199f3b83b2355f4c2753baa1e7af266453a40e863c2b29d7e07281d4f398cb,data/raw/v2/streetsurfacevis/s_1024/312989360530904.jpg,103901361851883,1622381387000,
191843722860068,Unpaved_road,unpaved,very_bad,True,1024,768,True,177350,550d554739f1857777f4f06f3726e1aa97cc4c7be1f2e7c8d8c7a3738fcb18dc,data/raw/v2/streetsurfacevis/s_1024/191843722860068.jpg,103901361851883,1628773997000,
591985205672180,Unpaved_road,unpaved,very_bad,True,1024,768,True,168537,21d3287b088d8576bea6acf86667eb4e8391c20f9728f9462413dbebfe30cea5,data/raw/v2/streetsurfacevis/s_1024/591985205672180.jpg,103901361851883,1658329182000,
173177648043967,Unpaved_road,unpaved,very_bad,True,1024,768,True,99663,689fb0b214bc7d524e9543f2cfffda661d4319c10f3d08ed9a152d0d474ff3ed,data/raw/v2/streetsurfacevis/s_1024/173177648043967.jpg,103901361851883,1619787115000,
299356859344004,Unpaved_road,unpaved,very_bad,True,1024,896,True,243532,5fe3c8bf37a9007a7ecc5cf95feb1ecdff11297e8e4f1c2d230f7b9b458daad6,data/raw/v2/streetsurfacevis/s_1024/299356859344004.jpg,104115958497622,1692006608000,
171086931604075,Unpaved_road,unpaved,very_bad,True,1024,768,True,204247,d60a3ba637952ff2253f32fa7ee9230cabfb0342a0ccb0d5742490752c94d341,data/raw/v2/streetsurfacevis/s_1024/171086931604075.jpg,102468835332129,1601806180448,
203388901621914,Unpaved_road,unpaved,very_bad,True,1022,577,False,145594,66d23d53314306f5194d589e17a6bffc4d892e912362e859aed08af12fe9bc19,data/raw/v2/streetsurfacevis/s_1024/203388901621914.jpg,108681281366070,1532861031000,
825440655709649,Unpaved_road,unpaved,very_bad,True,1024,768,True,178918,103dc46281c4193569210c1415e2b7f616053104991888e5004e72a34c270345,data/raw/v2/streetsurfacevis/s_1024/825440655709649.jpg,103550301888099,1694343952000,
923138374903257,Unpaved_road,unpaved,very_bad,True,1024,768,True,180755,a9f9024f1d64562542f692655b65ab3b12284977abd0ad917e8b434b1e720799,data/raw/v2/streetsurfacevis/s_1024/923138374903257.jpg,101658985409308,1451652103000,
137610751733861,Unpaved_road,unpaved,very_bad,True,1024,768,True,190174,88929ae8007fe28b31699d9306f48a88da4ad950302150fed0775a070caded3b,data/raw/v2/streetsurfacevis/s_1024/137610751733861.jpg,101468878767508,1565965761553,
4329263003785571,Unpaved_road,unpaved,very_bad,True,1024,768,True,150196,e02b8ad83c987b7ae4ed11b3fc98f2603439413cf7f3352bbb79f123b68166e8,data/raw/v2/streetsurfacevis/s_1024/4329263003785571.jpg,100232345559807,1592202484755,
152667423581362,Unpaved_road,unpaved,very_bad,True,1024,768,True,157270,71109cee4eb5019debfd658cff7a5ee533bbc85b23797e726cd37c21af163be2,data/raw/v2/streetsurfacevis/s_1024/152667423581362.jpg,100232345559807,1620583299500,
957174672610848,Unpaved_road,unpaved,very_bad,True,1024,768,True,216244,693b7f9c0e65c0d57bea84be2c5a6d64e04ba8fd5140db4d2884fceaf7ecbd8c,data/raw/v2/streetsurfacevis/s_1024/957174672610848.jpg,107164461520710,1712989813686,
1695837014180765,Unpaved_road,unpaved,very_bad,True,1024,576,True,181007,01240eb3357e6f169192f122653b5b000fc99ba42cfe8af22d6714d621a39d80,data/raw/v2/streetsurfacevis/s_1024/1695837014180765.jpg,102468835332129,1686133940864,
530367417984410,Unpaved_road,unpaved,very_bad,True,1024,768,True,239099,26bcb76057ed29be20ec87bac97084b1a0803fb9cec61842674c1351284d222b,data/raw/v2/streetsurfacevis/s_1024/530367417984410.jpg,102468835332129,1622978759504,
922503038537685,Unpaved_road,unpaved,very_bad,True,1024,768,True,165917,27556434f74012e0a7f21f98ebeca31164c3b3adb0ce5fa8df8236e95e428511,data/raw/v2/streetsurfacevis/s_1024/922503038537685.jpg,100232345559807,1596967338500,
949341689541869,Unpaved_road,unpaved,very_bad,True,1024,768,True,325419,0b6dd9f871d35f829692f407c16c503bf9b8eb2fe9d41a00cbbf569cbb0adc98,data/raw/v2/streetsurfacevis/s_1024/949341689541869.jpg,101468878767508,1679576896707,
1504374343287585,Unpaved_road,unpaved,very_bad,True,1024,576,True,76548,fed450fcb579254890f647af8ac7b99173ebd721aa3b484ec82184726bec6df8,data/raw/v2/streetsurfacevis/s_1024/1504374343287585.jpg,104810875092616,1600261304218,
4776232855775340,Unpaved_road,unpaved,very_bad,True,1024,768,True,184828,b4db7219c668f8fad349535fde208bbecf4cc4d35dfc2670dbf872e94c5007df,data/raw/v2/streetsurfacevis/s_1024/4776232855775340.jpg,103901361851883,1630853279000,
398936034442745,Unpaved_road,unpaved,very_bad,True,1024,768,True,150042,19a66b237a978b038581b423027740c8aa7c17d74c58901900818c012433e806,data/raw/v2/streetsurfacevis/s_1024/398936034442745.jpg,110282201203825,1599910681815,
2627028837427957,Unpaved_road,unpaved,very_bad,True,1022,460,False,179411,cc7e8b7039889626562ebf27c56efced5ecd333114c432236f0f86a76b302c35,data/raw/v2/streetsurfacevis/s_1024/2627028837427957.jpg,102468835332129,1652608206382,
183630987152863,Unpaved_road,unpaved,very_bad,True,1024,768,True,194157,9a43c5b2b0d819a33f76a30ce3ed5d2f4fd1a9108c55e067a3dd56ae976f272e,data/raw/v2/streetsurfacevis/s_1024/183630987152863.jpg,103901361851883,1627908395000,
1323317684813919,Unpaved_road,unpaved,very_bad,True,1024,768,True,146253,55930055aa61c375dd86f16b6c8ac51ef15e819e7086dbab4d226677f06aa7eb,data/raw/v2/streetsurfacevis/s_1024/1323317684813919.jpg,104949251746160,1648275337000,
1118716775315024,Unpaved_road,unpaved,very_bad,True,1024,768,True,195382,282f6babbf3279d059956640a6899508a6eb06ad5a58551c1aa9c39d32eb40bf,data/raw/v2/streetsurfacevis/s_1024/1118716775315024.jpg,103901361851883,1619786467000,
769116473607579,Unpaved_road,unpaved,very_bad,True,1024,768,True,99233,3f69a4a745c0cf11a5f95979dd36c993c47a7c952882b9694012d8d1e1b4fbd6,data/raw/v2/streetsurfacevis/s_1024/769116473607579.jpg,101658985409308,1435599343015,
125682153503786,Unpaved_road,unpaved,very_bad,True,1024,768,True,198725,82c1688dc663c5db6b152e82dab33151b379a0aad09766b97ef371a7eed333fb,data/raw/v2/streetsurfacevis/s_1024/125682153503786.jpg,110487161625656,1657905247000,
2644533889013716,Unpaved_road,unpaved,very_bad,True,1024,576,True,213947,af9bf8bb8380eedec877bf57ceac8f089b25aea039e9da39da07e021d0f0a08d,data/raw/v2/streetsurfacevis/s_1024/2644533889013716.jpg,103606985215406,1656317992605,
302966759339236,Unpaved_road,unpaved,very_bad,True,1024,768,True,192830,2b5f5417f54448bafbe07d7732a263fcf839dae9070121e91591850281d32d73,data/raw/v2/streetsurfacevis/s_1024/302966759339236.jpg,102187028688979,1712855148000,
1013266809497326,Unpaved_road,unpaved,very_bad,True,1024,768,True,140700,9a54cf5ba2023574cb67f7c10c1eb27e514058b9249d6e2b196779363d9b1d53,data/raw/v2/streetsurfacevis/s_1024/1013266809497326.jpg,108681281366070,1531384034000,
494082591744743,Unpaved_road,unpaved,very_bad,True,1024,768,True,228339,ca832cefb08c47a83cf9f6200733807b55b30c3715f1815c9146acde66048bde,data/raw/v2/streetsurfacevis/s_1024/494082591744743.jpg,103112258594449,1492355279000,
316985866666970,Unpaved_road,unpaved,very_bad,True,1024,768,True,172622,db2bab54af5b6338fa5e16438901790754002359b5723d05021670a31e22430c,data/raw/v2/streetsurfacevis/s_1024/316985866666970.jpg,103901361851883,1619878800000,
537677998099156,Unpaved_road,unpaved,very_bad,True,1022,460,False,174993,e21f9ea83ff505878f3350757aa2a3904dedb184d6eb8510be4536c01fbd5bc7,data/raw/v2/streetsurfacevis/s_1024/537677998099156.jpg,102468835332129,1655028528922,
858549664742615,Unpaved_road,unpaved,very_bad,True,1024,768,True,174883,b077de8657d8e5eb44bbb80b30ff6e82531889fc0fdeeafceafd6877f72ed278,data/raw/v2/streetsurfacevis/s_1024/858549664742615.jpg,110208441206053,1567249993737,
578833920212448,Unpaved_road,unpaved,very_bad,True,1024,768,True,112653,2357f7e3ee1dc7ec55102950ef2005a6fde568cc2dcfa287eed15b5bb4155ad9,data/raw/v2/streetsurfacevis/s_1024/578833920212448.jpg,103901361851883,1632587824000,
842247963372563,Unpaved_road,unpaved,very_bad,True,1024,768,True,228809,01a5ef4a99daf38a3a4997aa797bf09d63cf4f320d39bd342e3926e19a3f713f,data/raw/v2/streetsurfacevis/s_1024/842247963372563.jpg,102468835332129,1625393260759,
488422922471042,Unpaved_road,unpaved,very_bad,True,1024,768,True,91817,509d65422100fcc5c87b8f176611ce9e28b4ae63d2922a510b40522ae417eeb9,data/raw/v2/streetsurfacevis/s_1024/488422922471042.jpg,103901361851883,1594386619000,
146541577425658,Unpaved_road,unpaved,very_bad,True,1024,1365,True,440774,02ee22d8825df641a366beb5a8af08fce197a9faa9dee7a1cbe287e3193a0c61,data/raw/v2/streetsurfacevis/s_1024/146541577425658.jpg,104984298408021,1495973290000,
815315502694805,Unpaved_road,unpaved,very_bad,True,1024,768,True,237698,1a84902e3d94b9dd78dbbb87d5c661f9dd29e503624399b6aacb93ef90ff3417,data/raw/v2/streetsurfacevis/s_1024/815315502694805.jpg,103901361851883,1622384427000,
462630941498685,Unpaved_road,unpaved,very_bad,True,1024,768,True,167190,67397f0f8d1d3619aa9bd0efdd5572d9dc7252f5efe4d9c73b41a7b0edc58f7a,data/raw/v2/streetsurfacevis/s_1024/462630941498685.jpg,110552844504419,1530107033000,
514631726227995,Unpaved_road,unpaved,very_bad,True,1024,768,True,258487,838b1714dcf8048e733bc62e148085ee0d0f0bacfc9baaa53be896482a625c4e,data/raw/v2/streetsurfacevis/s_1024/514631726227995.jpg,105448835029055,1616167786013,
525021055594235,Unpaved_road,unpaved,very_bad,True,1024,576,True,236788,699d7a56158e24531e7d2a421e83b45d84a66a86472940ee19fa76f32822aff3,data/raw/v2/streetsurfacevis/s_1024/525021055594235.jpg,103079161935557,1609416755018,
794089751537357,Unpaved_road,unpaved,very_bad,True,1024,768,True,257725,5ee7ed46f8b51a505dcef25fa6983f3d793bd6f4d4494ce0123a7c9a1ed8c088,data/raw/v2/streetsurfacevis/s_1024/794089751537357.jpg,106491461588840,1558116368000,
524788185524339,Unpaved_road,unpaved,very_bad,True,1024,768,True,158619,11c4556981289b687687b8887de12301efbf5f2d025bb4a766990252031eb1d3,data/raw/v2/streetsurfacevis/s_1024/524788185524339.jpg,102468835332129,1626610840415,
789637639556554,Unpaved_road,unpaved,very_bad,True,1024,576,True,157050,9c0c6e04179c92aeaa40a21df9eeab01d6d92b41f54c57f8e9b3c533da9c19fc,data/raw/v2/streetsurfacevis/s_1024/789637639556554.jpg,102468835332129,1687699202137,
510993717811070,Unpaved_road,unpaved,very_bad,True,1022,460,False,123690,da8a719060e41f157b4215d8572129c57a9c4637e46ae738eab94f2c331190de,data/raw/v2/streetsurfacevis/s_1024/510993717811070.jpg,102468835332129,1674990425140,
227908288701089,Unpaved_road,unpaved,very_bad,True,1024,768,True,220577,270e6ccd655aeefb1cb03fde6f7a0d68615215e72a3f4b01b4334bc8af634b23,data/raw/v2/streetsurfacevis/s_1024/227908288701089.jpg,103390745232765,1571835578000,
1151859418693128,Unpaved_road,unpaved,very_bad,True,1024,768,True,150496,6944cafdfcf1b073059c9a603712ca1b791333e97d26a733cf5656e1e438e4b4,data/raw/v2/streetsurfacevis/s_1024/1151859418693128.jpg,100232345559807,1656151996000,
2908740656060453,Unpaved_road,unpaved,very_bad,True,1024,768,True,136821,f6afc90765c824ae2065b5578195022210c9cc59cc8223589de5022da35278f7,data/raw/v2/streetsurfacevis/s_1024/2908740656060453.jpg,100232345559807,1620575718417,
747467936284575,Unpaved_road,unpaved,very_bad,True,1024,768,True,212453,5f719c327163b2ba75c18b3460a5c7a24c91427c025b84b3d600844ec6a818b2,data/raw/v2/streetsurfacevis/s_1024/747467936284575.jpg,103901361851883,1655381754000,
291500869259244,Unpaved_road,unpaved,very_bad,True,1024,768,True,169768,7050b6796bb31851022337fc0a024de2aaf52bbacb0a1746f55030b79b68df09,data/raw/v2/streetsurfacevis/s_1024/291500869259244.jpg,100232345559807,1588092887545,
106906402391649,Unpaved_road,unpaved,very_bad,True,1024,896,True,151933,530db7365a250804ecaad294bf29a7284929a880c5745c9c48c3c145591f2302,data/raw/v2/streetsurfacevis/s_1024/106906402391649.jpg,104115958497622,1682787635277,
129570402714030,Unpaved_road,unpaved,very_bad,True,1024,768,True,153371,b2f2c12cda53b626de1100e4ebcf14c0ca75f946d443ebc774c767e0fd4c1a3d,data/raw/v2/streetsurfacevis/s_1024/129570402714030.jpg,103901361851883,1628335757000,
1188218544964143,Unpaved_road,unpaved,very_bad,True,1024,768,True,138293,df70ff9fce606078fad0c4c2d36cc9df1f8c148e8560a29c3c30c16ef60f9275,data/raw/v2/streetsurfacevis/s_1024/1188218544964143.jpg,106639358240162,1528989401494,
941182953300562,Unpaved_road,unpaved,very_bad,True,1024,768,True,263494,486dbf129ea568a91b50b80f443fb7a1d775436f5619099103e311066ee70457,data/raw/v2/streetsurfacevis/s_1024/941182953300562.jpg,106491461588840,1558116356000,
806520816917501,Unpaved_road,unpaved,very_bad,True,1024,768,True,269196,7eeab2168db4fb942f4074c6740a630ac394bfa49de3ef7ba79657ae1b605bc7,data/raw/v2/streetsurfacevis/s_1024/806520816917501.jpg,102468835332129,1598004837380,
351246040517862,Unpaved_road,unpaved,very_bad,True,1024,768,True,184687,7c99c09d47cd2672778663af47cd52cc44f838289bb0c02060810280692c641b,data/raw/v2/streetsurfacevis/s_1024/351246040517862.jpg,110487161625656,1657905592000,
4758231764227294,Unpaved_road,unpaved,very_bad,True,1024,771,True,214839,51e88c0e7274618574b98cbcd3ae3ababbea352649013a80e029f5beb584c657,data/raw/v2/streetsurfacevis/s_1024/4758231764227294.jpg,110506831175417,1637421893572,
512299963128275,Unpaved_road,unpaved,very_bad,True,1024,768,True,108861,6e5f89d206f6618f9e1168b1afe1148b12294cf6bdac698538993a8293ab0b14,data/raw/v2/streetsurfacevis/s_1024/512299963128275.jpg,101658985409308,1436889661239,
171733332395309,Unpaved_road,unpaved,very_bad,True,1024,768,True,339094,87ad4926bf2668f26068c64b1f0f15e1a0ac8cc1c20a097f3ce67b540538ff46,data/raw/v2/streetsurfacevis/s_1024/171733332395309.jpg,101468878767508,1679577041471,
120327113867366,Unpaved_road,unpaved,very_bad,True,1024,576,True,221881,f1726ff0dd79546372fa1c4218944286bb9b3f9209ad9c3a35bcb7bcaae82d31,data/raw/v2/streetsurfacevis/s_1024/120327113867366.jpg,103606985215406,1656317995622,
289693732816324,Unpaved_road,unpaved,very_bad,True,1024,768,True,134830,0839f0ca2b97ce9ce62106c33e0d242e6374f6f596917842511a133642764fe5,data/raw/v2/streetsurfacevis/s_1024/289693732816324.jpg,104984298408021,1609087602128,
437980108148172,Unpaved_road,unpaved,very_bad,True,1024,768,True,307862,3ff59243a2f92549c796c92fcac431d813086f9d98d66e4449d1916e91b38503,data/raw/v2/streetsurfacevis/s_1024/437980108148172.jpg,103901361851883,1655306564644,
845049669381774,Unpaved_road,unpaved,very_bad,True,1024,768,True,232697,bca22d54e90c0cb6eab7b4829fe2d06cde19726cee52635366da84d93238baf5,data/raw/v2/streetsurfacevis/s_1024/845049669381774.jpg,104007915169614,1333880773000,
473441563761168,Unpaved_road,unpaved,very_bad,True,1024,768,True,243997,3aa131b2cacee87fa35b4b5dddbc72c63d4dca038fe8c4ee45957331072922d5,data/raw/v2/streetsurfacevis/s_1024/473441563761168.jpg,110208441206053,1567246823815,
293963069092558,Unpaved_road,unpaved,very_bad,True,1024,768,True,182579,12fcfac1439a71d09b26907db4471469b66303bd2671a0618979b509343e8aa1,data/raw/v2/streetsurfacevis/s_1024/293963069092558.jpg,103901361851883,1622905545000,
335966211215623,Unpaved_road,unpaved,very_bad,True,1024,576,True,88748,34358b88a876b3a0a2a9ef509f1a6330a747c2bee2e686b2786c3f6a4f4879ae,data/raw/v2/streetsurfacevis/s_1024/335966211215623.jpg,104810875092616,1600261309038,
1254977172072907,Unpaved_road,unpaved,very_bad,True,1024,576,True,155103,75d135b0d0e2f9814e1fffb8267d8833bba1f8149bd628b7e18a42e7181e3fd4,data/raw/v2/streetsurfacevis/s_1024/1254977172072907.jpg,102468835332129,1685269219042,
1119760091861882,Unpaved_road,unpaved,very_bad,True,1024,768,True,157728,2812ff3a69dfd001ed58cb8ce32eb95228bb0e0f9ed841e97400b74970b3d548,data/raw/v2/streetsurfacevis/s_1024/1119760091861882.jpg,103390745232765,1526308026000,
1609884925883729,Unpaved_road,unpaved,very_bad,True,1024,768,True,254856,82b639e8d41ffc3dce6a39e8ea68288cae2ef1c27eaa88c5ea44b8629a553035,data/raw/v2/streetsurfacevis/s_1024/1609884925883729.jpg,101202915459964,1587662068000,
813692105918390,Unpaved_road,unpaved,very_bad,True,1024,768,True,218229,fb2fc8a57066ae92df15bcb4343770ec79cdb8df9fa1769c7bd3e45928e68815,data/raw/v2/streetsurfacevis/s_1024/813692105918390.jpg,108954524668583,1430647773112,
845605803612825,Unpaved_road,unpaved,very_bad,True,1024,768,True,203364,81f710e5cdc5f97fc0e0d099ac97311d990487d80ead5d69bb4ed72b79d75eb0,data/raw/v2/streetsurfacevis/s_1024/845605803612825.jpg,110208441206053,1693641761558,
4873013389487604,Unpaved_road,unpaved,very_bad,True,1024,768,True,145986,5bf662ef916b5860dcd799596b9c2e45fa8a109a6aab43b2d8f557cf3aa8b3b1,data/raw/v2/streetsurfacevis/s_1024/4873013389487604.jpg,104949251746160,1648275367000,
571844017783105,Unpaved_road,unpaved,very_bad,True,1024,768,True,286032,1bc3b573ab1af0bff03506730c4483b399c42849c8de925a66aa972f45f6fbd2,data/raw/v2/streetsurfacevis/s_1024/571844017783105.jpg,103901361851883,1656344665645,
862632181002887,Unpaved_road,unpaved,very_bad,True,1024,768,True,198905,d35831187d916b8c812dc8ab8329a78d4777cd3cb34d2f4b97fb9eb03454d61c,data/raw/v2/streetsurfacevis/s_1024/862632181002887.jpg,103901361851883,1621948873000,
299958985146440,Unpaved_road,unpaved,very_bad,True,1024,768,True,169270,648260723a85bd7ee21ad3c81121f38b66614d68743aa7e8c09a2827027d317a,data/raw/v2/streetsurfacevis/s_1024/299958985146440.jpg,103901361851883,1622811701000,
768267620534431,Unpaved_road,unpaved,very_bad,True,1024,768,True,230316,9a59a28d7edc26588712fd55f09fc61dd05fcc98f7cbc81fda74fed5418a06d7,data/raw/v2/streetsurfacevis/s_1024/768267620534431.jpg,103901361851883,1622384429000,
317840269745228,Unpaved_road,unpaved,very_bad,True,1024,768,True,188409,d1301c5d274cd3d5f8bb827341ca704b40645ecc471182650d90e69c8e5eea92,data/raw/v2/streetsurfacevis/s_1024/317840269745228.jpg,103390745232765,1571835566000,
143217134440971,Unpaved_road,unpaved,very_bad,True,1024,768,True,82540,d1be3b8dff2f1e6b7949daf4cc2cb6aa94407965ee822034c5d1e957a32a8878,data/raw/v2/streetsurfacevis/s_1024/143217134440971.jpg,106890518211313,1432211431735,
492586532160761,Unpaved_road,unpaved,very_bad,True,1024,576,True,222298,02565037bb7484e0f0be7296a5af71d5f52ffc0817d8d479785a2d1da857a492,data/raw/v2/streetsurfacevis/s_1024/492586532160761.jpg,104245395149990,1534355783732,
300153578309835,Unpaved_road,unpaved,very_bad,True,1024,768,True,179264,e2ad905f39db5f5c46f143d6d8aad0df1230bf4253dc667217914837011a5549,data/raw/v2/streetsurfacevis/s_1024/300153578309835.jpg,106491461588840,1588791889000,
1483512072004241,Unpaved_road,unpaved,very_bad,True,1024,768,True,120504,a8535ad5150418bf9a8a2355e5ac7a14558929d27109893937c71b7c1162d710,data/raw/v2/streetsurfacevis/s_1024/1483512072004241.jpg,103901361851883,1632588246000,
159422286109706,Unpaved_road,unpaved,very_bad,True,1024,768,True,206335,59970e7ff5c6c34628b04009bfb5af8747f2c5608afc3528ed518c649c45abbc,data/raw/v2/streetsurfacevis/s_1024/159422286109706.jpg,103901361851883,1622387016000,
1213198315798553,Unpaved_road,unpaved,very_bad,True,1024,768,True,125194,dbf3a1f93648154ab554d8bcb5bc3300da529649a7fc492acdafeaaa5abbb972,data/raw/v2/streetsurfacevis/s_1024/1213198315798553.jpg,103901361851883,1628101292000,
147084620933710,Unpaved_road,unpaved,very_bad,True,1024,768,True,213346,b159531d86532cd6c52ab3c455b078091bff6e0ec7b837dae893ef419ad50cba,data/raw/v2/streetsurfacevis/s_1024/147084620933710.jpg,103901361851883,1630672469000,
1133015340628557,Unpaved_road,unpaved,very_bad,True,1024,768,True,142705,6fb2dc52714f2cab08897c167cafbf0220ca8df8e7dffb3843124e19badd0c65,data/raw/v2/streetsurfacevis/s_1024/1133015340628557.jpg,108983428564928,1658930250501,
149771423868933,Unpaved_road,unpaved,very_bad,True,1024,768,True,189988,12dd8892e0d434cce9898c935d230d59c4b520363095a21fd0e310c3f39e98e3,data/raw/v2/streetsurfacevis/s_1024/149771423868933.jpg,103901361851883,1622465037000,
492487828767938,Unpaved_road,unpaved,very_bad,True,1024,768,True,201853,1385baf25b6d9ad9e48973f903ce0f88762358ea808c691749c3719aca1525c2,data/raw/v2/streetsurfacevis/s_1024/492487828767938.jpg,101658985409308,1451652062000,
459512345115509,Unpaved_road,unpaved,very_bad,True,1024,768,True,194401,90b8a9b386072e0c82a0c1ff7630ead13d3fa171d9a5fdfc6a7c1b8afa92e0d5,data/raw/v2/streetsurfacevis/s_1024/459512345115509.jpg,106491461588840,1558116285000,
556317408732829,Unpaved_road,unpaved,very_bad,True,1024,768,True,182713,b32adafa09163c5d8b3f3de2a25f1655e4c2da105b7933500103abd0fdf5f54a,data/raw/v2/streetsurfacevis/s_1024/556317408732829.jpg,103901361851883,1628335743000,
779105940280833,Unpaved_road,unpaved,very_bad,True,1024,768,True,285742,aea98aa67c16ad9347ed5c9ff53d3dcb299313a6ee54419e3f83014f6dd2fc96,data/raw/v2/streetsurfacevis/s_1024/779105940280833.jpg,106491461588840,1684590192500,
1178978032768569,Unpaved_road,unpaved,very_bad,True,1024,768,True,236890,4f3218abd69b91bf8a70fec2d9c75daf42f73231ac8f4756948f676a665fd4c1,data/raw/v2/streetsurfacevis/s_1024/1178978032768569.jpg,106491461588840,1635436802000,
507752177249588,Unpaved_road,unpaved,very_bad,True,1024,768,True,185729,a6d9e28107dd7d666319a6331d64fce5330c8cfa110738598236368741499e64,data/raw/v2/streetsurfacevis/s_1024/507752177249588.jpg,103901361851883,1596048476000,
2226268447549464,Unpaved_road,unpaved,very_bad,True,1022,460,False,134848,9a85edfda4109b701bcfbfe7a5e6c94a9dc50adad327bfa516f2186b14ba07aa,data/raw/v2/streetsurfacevis/s_1024/2226268447549464.jpg,102468835332129,1653386094030,
467852497763223,Unpaved_road,unpaved,very_bad,True,1024,768,True,102781,19fc0cfc8b737a39f9e5f5bee25376d1cf5f93a74af875ae229d276f39702fce,data/raw/v2/streetsurfacevis/s_1024/467852497763223.jpg,101658985409308,1436889642600,
217103583219029,Unpaved_road,unpaved,very_bad,True,1024,768,True,296093,b3a18bb8e2cb090a0ec100df880f058577714c29e169b895e13b0fadb7da5526,data/raw/v2/streetsurfacevis/s_1024/217103583219029.jpg,110054007887402,1519469161488,
254846469903707,Unpaved_road,unpaved,very_bad,True,1024,576,True,199360,59f8b8c10476a300cb3915f4ec1ddd0ee63e9d6d0ab52dc808c644f39289d5e1,data/raw/v2/streetsurfacevis/s_1024/254846469903707.jpg,103606985215406,1633962568029,
329736441909411,Unpaved_road,unpaved,very_bad,True,1024,768,True,129289,c3c7fe8fe277404977f8a4e12b91637cce482217af08352890ed7311ddc92369,data/raw/v2/streetsurfacevis/s_1024/329736441909411.jpg,101202915459964,1595167192000,
4235347179906050,Unpaved_road,unpaved,very_bad,True,1024,768,True,205559,a7b4ae7df965ddea6149e9bde508d19871c808d2dda05ca97dc7b03df1bc1403,data/raw/v2/streetsurfacevis/s_1024/4235347179906050.jpg,103901361851883,1630934407000,
782616502396651,Unpaved_road,unpaved,very_bad,True,1024,768,True,158879,1feebd3c2fcf9796206f79d328b613ba7cea1f313c282d8a754672f6103e1ab3,data/raw/v2/streetsurfacevis/s_1024/782616502396651.jpg,110552844504419,1530107474000,
324079215741049,Unpaved_road,unpaved,very_bad,True,1024,768,True,131139,eac1665394bc021858ebb2f6959c697d1c6bcf2a94bdfe7557aa67a070c2d99c,data/raw/v2/streetsurfacevis/s_1024/324079215741049.jpg,110282201203825,1602494783014,
790758701813186,Unpaved_road,unpaved,very_bad,True,1024,768,True,181813,114f18e90f99a37351b41249731658c9508f74c97665d20841ecd96daeb66b10,data/raw/v2/streetsurfacevis/s_1024/790758701813186.jpg,110506831175417,1622733969000,
661893496005701,Unpaved_road,unpaved,very_bad,True,1024,768,True,149135,8e1f012b60bd011ec71c8de98b0ffc98305acfa194d430eed2118393a364587b,data/raw/v2/streetsurfacevis/s_1024/661893496005701.jpg,103550301888099,1694344139000,
915584787009824,Unpaved_road,unpaved,very_bad,True,1024,576,True,97430,a71032acddf06954743f47439064c37cbe3fa7d2630694112801329331bb2d15,data/raw/v2/streetsurfacevis/s_1024/915584787009824.jpg,109842617910576,1687694990000,
157222906417520,Unpaved_road,unpaved,very_bad,True,1024,768,True,110654,6400ed9fed26fbb7b56182494c0a83e1a3fc687272ac3e38e1ddfbe8b2aed47e,data/raw/v2/streetsurfacevis/s_1024/157222906417520.jpg,100232345559807,1592203545103,
193575423021827,Unpaved_road,unpaved,very_bad,True,1024,768,True,192532,24e6133df1ed7ecb975e7ca77b0322d71c1f0c7cbb8f656481f7c4d30468a9ca,data/raw/v2/streetsurfacevis/s_1024/193575423021827.jpg,110487161625656,1657905586000,
3016002665346208,Unpaved_road,unpaved,very_bad,True,1024,768,True,94796,73bd52f28a5840437a4437d0529e160c1ed91790eaae4af24f7c35f02531889b,data/raw/v2/streetsurfacevis/s_1024/3016002665346208.jpg,103901361851883,1632584666000,
2702549763213724,Unpaved_road,unpaved,very_bad,True,1024,768,True,161664,602d12c3aafa980970300cb4d6fd10e659c618879d3fe47a330f9ad684ea2d64,data/raw/v2/streetsurfacevis/s_1024/2702549763213724.jpg,103901361851883,1657104968000,
376665034564749,Unpaved_road,unpaved,very_bad,True,1024,576,True,215721,4c8a0d403ef99c705223383498df61f4fc4eb35d195fc98dbf6513b8a5384d2b,data/raw/v2/streetsurfacevis/s_1024/376665034564749.jpg,103606985215406,1656317991595,
3025136087715347,Unpaved_road,unpaved,very_bad,True,1024,768,True,191136,0ad29a69c8d6f402dec9739c3187cceea7e04ff717846dbe5027290c07fbc259,data/raw/v2/streetsurfacevis/s_1024/3025136087715347.jpg,104261288481574,1506516930000,
345950303544485,Unpaved_road,unpaved,very_bad,True,1024,768,True,178426,126596b3e30747b7a9330aa8ef182810ffc0053ab85941d644870c851a8c9dbb,data/raw/v2/streetsurfacevis/s_1024/345950303544485.jpg,110282201203825,1599910684813,
4741681245863525,Unpaved_road,unpaved,very_bad,True,1024,768,True,218807,6fabf1ddd40cc0619f040078ecbcf615e0962e06d5d469da555e0f2c4542d1d1,data/raw/v2/streetsurfacevis/s_1024/4741681245863525.jpg,105128028394163,1636540107733,
514798999558623,Normal_asphalt,asphalt,excellent,True,1024,768,True,163336,48ac4dc1e581c6b1a3efbbb993c6916dc26bf8c4d68aac54dfdb5973e61e15a8,data/raw/v2/streetsurfacevis/s_1024/514798999558623.jpg,100232345559807,1595691860220,
1429864340679307,Normal_asphalt,asphalt,excellent,True,1024,768,True,123578,9a731a812f09ec0ee4b0308a4a37ead004bbf17041da1205b8ba7d7836716e3c,data/raw/v2/streetsurfacevis/s_1024/1429864340679307.jpg,103901361851883,1593778437000,
326763678826318,Normal_asphalt,asphalt,excellent,True,1024,768,True,90035,ab0751a9bad28f2775605ebe76223aeaa9a9e559766f59e7e8b95a3a80c7c879,data/raw/v2/streetsurfacevis/s_1024/326763678826318.jpg,110434517855286,1618754933000,
1458486727836381,Normal_asphalt,asphalt,excellent,True,1024,768,True,75694,8e7dd8f2ddecede74d57e02a8548ed505bb1049e4d4e7aeaefd45ab747b07d24,data/raw/v2/streetsurfacevis/s_1024/1458486727836381.jpg,106302451607225,1530806983980,
106772262060104,Normal_asphalt,asphalt,excellent,True,1024,768,True,111431,19a21f04cb937f3d925071b09e4aec5ae2c7d398e00df85f7ba76a55a33f5519,data/raw/v2/streetsurfacevis/s_1024/106772262060104.jpg,109752671252812,1467070859064,
1162687380862175,Normal_asphalt,asphalt,excellent,True,1024,768,True,138019,a82e5ee7560d4d8d679b1eb68e31711568fed642751be727d1dc097d41fb98b0,data/raw/v2/streetsurfacevis/s_1024/1162687380862175.jpg,100306138885651,1497524603000,
161553012508163,Normal_asphalt,asphalt,excellent,True,1024,576,True,88558,75c219169c87f6cfd70a9e94243a7281785c8290700a90261f3346e262e5bab4,data/raw/v2/streetsurfacevis/s_1024/161553012508163.jpg,103717708537985,1564846932931,
592905099311589,Normal_asphalt,asphalt,excellent,True,1024,768,True,84084,bc6ec7f4dab85ce9e6d3f7231d6d128e284c5c70f377672d3f4f7e0cb3a98652,data/raw/v2/streetsurfacevis/s_1024/592905099311589.jpg,102976398952710,1685023818603,
778691229687415,Unpaved_road,unpaved,intermediate,True,1024,768,True,270036,9f716a5f5eeba0ffdd9bc5a93c37e7204b5146c84b7dd2fb5a297948da5b56ce,data/raw/v2/streetsurfacevis/s_1024/778691229687415.jpg,102050605369458,1585322964000,
474067974084533,Unpaved_road,unpaved,bad,True,1024,563,True,54286,056021a33f935d716889c4332f91b2af9cd8aa0a327677246e094188586275c2,data/raw/v2/streetsurfacevis/s_1024/474067974084533.jpg,109689944596904,1641816952087,
526050228543043,Unpaved_road,unpaved,intermediate,True,1024,768,True,153858,d3ff18e6e64df2b7ada308e824526fdf39366a00c69a8a6664c24bf65b8d64fa,data/raw/v2/streetsurfacevis/s_1024/526050228543043.jpg,106491461588840,1562410932000,
911889329662091,Unpaved_road,unpaved,bad,True,1024,768,True,190853,f37ba0ac89d735bc45067396c757b3ad1f4a6baf2cf5091e624913e8a6dfc006,data/raw/v2/streetsurfacevis/s_1024/911889329662091.jpg,104821688420950,1435438026000,
388685622320862,Unpaved_road,unpaved,bad,True,1024,576,True,37534,f57bd37d188c4353db5cd9ddd850794b00ba6f4a6512432784b5926925fbf340,data/raw/v2/streetsurfacevis/s_1024/388685622320862.jpg,108444958057023,1568479945000,
4882907708411346,Normal_asphalt,asphalt,excellent,False,1024,768,True,200646,1a9dfb4e0ed9c75561dca35dca91f5297be025f18137c34188743676fa61114c,data/raw/v2/streetsurfacevis/s_1024/4882907708411346.jpg,107965364772338,1644669694220,
1294558567744497,Normal_asphalt,asphalt,excellent,False,1024,576,True,129971,f31c1e14da5e4042f2647ce736f23532a74d99fe44fb8b8adbd16c9fd17ea41b,data/raw/v2/streetsurfacevis/s_1024/1294558567744497.jpg,101079092139823,1660149922103,
129179193049717,Normal_asphalt,asphalt,excellent,False,1024,576,True,76729,1f7dfc8c68f6442f03d771940cb7b24d93cfc6e6de3f3574d2126c09137eb319,data/raw/v2/streetsurfacevis/s_1024/129179193049717.jpg,103658281877634,1651648840033,
570589925020069,Normal_asphalt,asphalt,excellent,False,1024,576,True,82886,317f218b36eedf4c8f652026c8a446005a02ec1beecc04a743e2818b403d5f4e,data/raw/v2/streetsurfacevis/s_1024/570589925020069.jpg,104142105161773,1678525528853,
2892513444383654,Normal_asphalt,asphalt,excellent,False,1023,639,False,97636,045341df0dcb564953d041d56c9a47372689e532d8970a8f7e389892ba879ab0,data/raw/v2/streetsurfacevis/s_1024/2892513444383654.jpg,109294801304347,1655487318017,
1005619040188548,Normal_asphalt,asphalt,excellent,False,1024,768,True,113882,6fad0a902a3387380ed02e11357ac8a0a64c7f5f325e40b23d84215ed7e3c172,data/raw/v2/streetsurfacevis/s_1024/1005619040188548.jpg,110282201203825,1629616419360,
352761099639296,Normal_asphalt,asphalt,excellent,False,1024,768,True,233876,9c69a134b0430f13a359524598a1baaf0cc3e03b37f5bca152f2ed60b186fcd2,data/raw/v2/streetsurfacevis/s_1024/352761099639296.jpg,107965364772338,1641990905863,
336686291131343,Unpaved_road,unpaved,intermediate,False,1024,576,True,151540,542c7cf7f37b7a8df8fb2a9a58a797891b9e722becf83d4a50095569c033697a,data/raw/v2/streetsurfacevis/s_1024/336686291131343.jpg,109592621274935,1616942988439,
3030426157281967,Unpaved_road,unpaved,very_bad,False,1024,576,True,142060,f87b1ab40caa46a7fb175c4ae7cf0665f4dda78a75af7d5d01b46a54fa7f0a65,data/raw/v2/streetsurfacevis/s_1024/3030426157281967.jpg,109592621274935,1616942709535,
110744318293382,Normal_asphalt,asphalt,excellent,False,1024,768,True,174297,e1f940e756e69a15e6a2e9dbe8ff17a0382f72efaf660ba911694a525b14d536,data/raw/v2/streetsurfacevis/s_1024/110744318293382.jpg,103078715264357,1657990258108,
3153712934887483,Normal_asphalt,asphalt,excellent,False,1024,768,True,104499,794cb7f29643d95d1d55c5586e35afda09a7c0e8ee1cfb169633a55c76118665,data/raw/v2/streetsurfacevis/s_1024/3153712934887483.jpg,103078715264357,1657823085172,
235958932409914,Normal_asphalt,asphalt,excellent,False,1023,562,False,103903,f1092a6a731a860e83016cb12b114255c441000cf7f783a6f8b65b1533b9b11b,data/raw/v2/streetsurfacevis/s_1024/235958932409914.jpg,109294801304347,1684957496050,
122737543627181,Normal_asphalt,asphalt,excellent,False,1023,575,False,121116,1799c9e6b3c2942b2cfee8da92e5c9867eb743eebf94004a09c8640cbb5cea3f,data/raw/v2/streetsurfacevis/s_1024/122737543627181.jpg,103078715264357,1657898469113,
881766366626100,Normal_asphalt,asphalt,excellent,False,1024,768,True,202965,ae03eac26ae2f907a6d1b0a0b40acbbd0fa81422d52b20002685e284128ca96e,data/raw/v2/streetsurfacevis/s_1024/881766366626100.jpg,103658281877634,1697629760534,
1022572435530840,Normal_asphalt,asphalt,excellent,False,1024,768,True,134149,17ceec3a18f011843e03f1f1a74681496f252baed483881890815d3839d31ce7,data/raw/v2/streetsurfacevis/s_1024/1022572435530840.jpg,103658281877634,1697629652081,
2439842682816199,Unpaved_road,unpaved,intermediate,False,1024,768,True,234548,38bd64c81aae65951b2de9d1d69a3c486406460ba92a25e86be2cbaf14169a07,data/raw/v2/streetsurfacevis/s_1024/2439842682816199.jpg,107965364772338,1637235037444,
1626438101206103,Normal_asphalt,asphalt,excellent,False,1024,576,True,94448,07e754361311e55b1493c764b04dfd6c45d7bd6883466400a4c999269f859973,data/raw/v2/streetsurfacevis/s_1024/1626438101206103.jpg,115669358140741,1680623473289,
639622180327204,Normal_asphalt,asphalt,excellent,False,1024,768,True,77024,4736507a625220af55eae9e19478b96d240f1d26d7780d8490bc06627a87439c,data/raw/v2/streetsurfacevis/s_1024/639622180327204.jpg,103078715264357,1657912399109,
6537893456277578,Normal_asphalt,asphalt,excellent,False,1023,601,False,74971,091573e0dfa5faa87f2e0643a568559d255c293f55cd3db69f86bda34884c053,data/raw/v2/streetsurfacevis/s_1024/6537893456277578.jpg,104142105161773,1693489596000,
1066110024297768,Normal_asphalt,asphalt,excellent,False,1024,768,True,151188,3be394ac4847b7a70e6c2fcf3471db53666ecf7e22fb122bb459f470489e94c5,data/raw/v2/streetsurfacevis/s_1024/1066110024297768.jpg,103078715264357,1657823401191,
4688258871212870,Normal_asphalt,asphalt,excellent,False,1024,576,True,115140,98b1f86e7659740fa59d12642ae1901f6d9905f56664ad3b8c1fb96eb156ae90,data/raw/v2/streetsurfacevis/s_1024/4688258871212870.jpg,103606985215406,1636816715057,
220557500107527,Normal_asphalt,asphalt,excellent,False,1024,768,True,106186,29f39bfc4351d5e679648ec9c12065b2c0cd523798851559da813713c44f7d3b,data/raw/v2/streetsurfacevis/s_1024/220557500107527.jpg,102877255290960,1632312776469,
1498702974218018,Normal_asphalt,asphalt,excellent,False,1024,768,True,136856,ade21fedf7edab646a6e879c39595031bbf9e2681654c4d607d2dc16d6c28aab,data/raw/v2/streetsurfacevis/s_1024/1498702974218018.jpg,100524115868818,1693232462000,
1100046110916139,Normal_asphalt,asphalt,excellent,False,1024,576,True,98980,908e0029ac88470fca7b95839591575c3ff06305c309ef50e73adb975bc5cb94,data/raw/v2/streetsurfacevis/s_1024/1100046110916139.jpg,103658281877634,1659443604325,
185486107209803,Normal_asphalt,asphalt,excellent,False,1024,768,True,129277,14f9932a07a45fdb7ec02f36a7b68489d69cf14f89c372490b1d875d83d2398d,data/raw/v2/streetsurfacevis/s_1024/185486107209803.jpg,103078715264357,1657818555212,
183328244135820,Normal_asphalt,asphalt,excellent,False,1023,575,False,113698,b4bcedf414284348d3a8b59d05b87eee2a8edfe2a6161777bc4ef96d149ad445,data/raw/v2/streetsurfacevis/s_1024/183328244135820.jpg,103078715264357,1658055625071,
5534538749981874,Normal_asphalt,asphalt,excellent,False,1024,768,True,114709,816b42f061501b49e7bff79be41d6717b5a013f17e1d7aee6f8e4a08ce8fc151,data/raw/v2/streetsurfacevis/s_1024/5534538749981874.jpg,103658281877634,1686129326598,
1026710148352087,Normal_asphalt,asphalt,excellent,False,1024,768,True,177327,a24aacdff22e4a1d59db6de2418dfb31d1338f79ea00de0ec4c76729d30d05d5,data/raw/v2/streetsurfacevis/s_1024/1026710148352087.jpg,103606985215406,1696249682899,
6575917889122556,Normal_asphalt,asphalt,excellent,False,1024,768,True,127630,f6c8f42e757d3b24f4ebf82418105978148a6e1e979e7b21a550bab576910df5,data/raw/v2/streetsurfacevis/s_1024/6575917889122556.jpg,100524115868818,1693232328000,
911198153453013,Normal_asphalt,asphalt,excellent,False,1024,576,True,72466,c71a486cad0dd2c79f12637f13fa9803810ca8f568ef5c02818557054594fdaf,data/raw/v2/streetsurfacevis/s_1024/911198153453013.jpg,104142105161773,1679843083436,
474006511397686,Normal_asphalt,asphalt,excellent,False,1024,768,True,177188,7c05f4b1a3f2760b65fb069586076bcf4450dd6633b223cfecfa46e69157b3cf,data/raw/v2/streetsurfacevis/s_1024/474006511397686.jpg,103658281877634,1658744045497,
377056630649720,Normal_asphalt,asphalt,excellent,False,1024,768,True,87435,7b7acfc7778c2393270570e034566051808f4da7d9e8ece69304640e75c48613,data/raw/v2/streetsurfacevis/s_1024/377056630649720.jpg,110282201203825,1629615957355,
317108217140806,Unpaved_road,unpaved,bad,False,1024,768,True,242386,7c4e97de082b20db5d38c5f8c8de874d33e23827bc956a0a312f25ea40d1150f,data/raw/v2/streetsurfacevis/s_1024/317108217140806.jpg,107965364772338,1644670105617,
170873562202092,Normal_asphalt,asphalt,excellent,False,1024,576,True,134028,be022581d958f416c734f7a2943d6a0034e3e3ea0bbbb66bd007d400ba134b28,data/raw/v2/streetsurfacevis/s_1024/170873562202092.jpg,103658281877634,1665407484541,
1017722956018032,Normal_asphalt,asphalt,excellent,False,1024,768,True,158021,bc859f419eb60cc5952a13cac423d3fc5656516562f3ccc96d73b92db0ff0d72,data/raw/v2/streetsurfacevis/s_1024/1017722956018032.jpg,107816608117158,1697203678000,
179542377864361,Unpaved_road,unpaved,bad,False,1024,576,True,162548,d0a64e9ace7ece5da156a1d3502e9b2b1b7e1e0cb650d191935bbe791974dd7e,data/raw/v2/streetsurfacevis/s_1024/179542377864361.jpg,109592621274935,1616942603371,
1072610883454227,Normal_asphalt,asphalt,excellent,False,1024,576,True,108776,85b8748892811177e711c8da70ab067b9dbf6dbe0f1a25355064149c1b6ac202,data/raw/v2/streetsurfacevis/s_1024/1072610883454227.jpg,103658281877634,1665407418660,
789813066130520,Normal_asphalt,asphalt,excellent,False,1024,768,True,98703,03af12a0e45181e3c0523242292102430808e95cd8c89da74a0e52dd8e4b63d5,data/raw/v2/streetsurfacevis/s_1024/789813066130520.jpg,103658281877634,1686129112643,
1326816251509613,Normal_asphalt,asphalt,excellent,False,1024,576,True,88247,8c219342e1bf0dbf5f2e687ce80214fc6b34ac91f2cba6b7de7d0f00f2bb1cd3,data/raw/v2/streetsurfacevis/s_1024/1326816251509613.jpg,115669358140741,1680196763293,
183880200896272,Normal_asphalt,asphalt,excellent,False,1024,576,True,153454,4cefc1c0fd793bb3e6c33fbd0274bb961ba52e653a9e62ed80e0fb2952ef8a31,data/raw/v2/streetsurfacevis/s_1024/183880200896272.jpg,103658281877634,1670927950803,
159375323477648,Normal_asphalt,asphalt,excellent,False,1024,576,True,145946,41f2604df141e8b7b4b28a579685f7c022fd89c2ae66b1875360e9542ec80318,data/raw/v2/streetsurfacevis/s_1024/159375323477648.jpg,103658281877634,1670920699922,
294901082957460,Normal_asphalt,asphalt,excellent,False,1024,768,True,126082,3f1dd277effe66446968984cd1e3574255d52690762e2add36f7792077730b29,data/raw/v2/streetsurfacevis/s_1024/294901082957460.jpg,105876368317571,1689161336094,
1319630761866460,Normal_asphalt,asphalt,excellent,False,1024,768,True,153773,e02005091e0ab230b801903bbeb5360d42f6f2e58beec206cdd8ef7e1f3d49ae,data/raw/v2/streetsurfacevis/s_1024/1319630761866460.jpg,107674238136176,1647091580338,
151914586912713,Normal_asphalt,asphalt,excellent,False,1024,768,True,177221,7975cdf7f35bd397741ac6e1dd43a85b9dc90362d5da35fde378073df36b7c0d,data/raw/v2/streetsurfacevis/s_1024/151914586912713.jpg,104590255114863,1619449804619,
1317829858829886,Normal_asphalt,asphalt,excellent,False,1024,1024,True,226968,b73e7be9d491bdf4fbfadf9df4932c1610cba2cb075add0ea02ebf45c1f9268e,data/raw/v2/streetsurfacevis/s_1024/1317829858829886.jpg,104476681984604,1684416558302,
533367414547155,Normal_asphalt,asphalt,excellent,False,1024,576,True,111424,b2546ba290c4079fb5403de7348c69bc99af65e917c374ce213c3fbaf9a09ca0,data/raw/v2/streetsurfacevis/s_1024/533367414547155.jpg,104804135093765,1623045396833,
273206638179323,Normal_asphalt,asphalt,excellent,False,1024,768,True,120344,7b4cc6b1f285d9b55b8f5d030145b02b7a74d8641b08d23b055909167f1e77bc,data/raw/v2/streetsurfacevis/s_1024/273206638179323.jpg,107674238136176,1647096643219,
317719173249988,Normal_asphalt,asphalt,excellent,False,1024,768,True,112132,6d4770279adb4dc597a29d719c0ac00e0df471ecbccde221c35123d0c9522d12,data/raw/v2/streetsurfacevis/s_1024/317719173249988.jpg,105427021697759,1614702270739,
809411093047657,Unpaved_road,unpaved,bad,False,1024,576,True,151849,798f16db98323de2767504cae4d71f7b57b5743476e33ba3f5f5615315efff64,data/raw/v2/streetsurfacevis/s_1024/809411093047657.jpg,104804135093765,1620475947039,
1467370953736126,Normal_asphalt,asphalt,excellent,False,1024,768,True,162379,773687f8d12ba4be9f35d7298e693460b3c86ea6ee91e6f15bbf426aeb2022f9,data/raw/v2/streetsurfacevis/s_1024/1467370953736126.jpg,107674238136176,1647092171639,
3964970753592839,Normal_asphalt,asphalt,excellent,False,1024,768,True,219256,e6932cc0baca5c5d96300dfdcfc780e88d6e4fa1f21d5e7ce89a12d2b670f7d8,data/raw/v2/streetsurfacevis/s_1024/3964970753592839.jpg,105427021697759,1613830831764,
500936634558264,Normal_asphalt,asphalt,excellent,False,1024,768,True,175052,a1f25c59620bbfb084c9101e33fed7ad7a37086eeb230bb989674a2168961056,data/raw/v2/streetsurfacevis/s_1024/500936634558264.jpg,105427021697759,1610199624722,
4546326915387569,Normal_asphalt,asphalt,excellent,False,1024,768,True,132884,4e72033d367a1fb1dbdf166ed1adc16d19a378a6595fc6ae5de187c36453ef63,data/raw/v2/streetsurfacevis/s_1024/4546326915387569.jpg,107674238136176,1616596852225,
2930404443851173,Normal_asphalt,asphalt,excellent,False,1024,576,True,125050,23534c3b0698539c403ffc4fd7e11375592d1f503ff52fc4bc002b2e195d443d,data/raw/v2/streetsurfacevis/s_1024/2930404443851173.jpg,104476681984604,1650124005264,
865157870764420,Normal_asphalt,asphalt,excellent,False,1024,768,True,144098,2548509940080b6e0da43d822b4a0c19ddd1f9a49daf57881326f050bee4241c,data/raw/v2/streetsurfacevis/s_1024/865157870764420.jpg,105427021697759,1618132495782,
665717148069912,Normal_asphalt,asphalt,excellent,False,1024,768,True,106096,e4960ce1410de4a79fffd7fc124ed0722da597bf7bbe5d9e2eb876b7e2412578,data/raw/v2/streetsurfacevis/s_1024/665717148069912.jpg,107674238136176,1647096697717,
6396543243770848,Normal_asphalt,asphalt,excellent,False,1024,768,True,152913,d43e9c55800503e02b43707898362f847ceed048d859722d8da230f21eb0452e,data/raw/v2/streetsurfacevis/s_1024/6396543243770848.jpg,104476681984604,1691764695316,
308660970809266,Normal_asphalt,asphalt,excellent,False,1024,576,True,126444,00090194acdc40800b33837dd995d28406ef6cbb9a631afe53fcd8427772648a,data/raw/v2/streetsurfacevis/s_1024/308660970809266.jpg,104804135093765,1621870157401,
1969869240070091,Normal_asphalt,asphalt,excellent,False,1024,768,True,148114,1692060ff5a137b69e6a1d5976bf07e0f1faa7b2e49841eb4c501510111dfac1,data/raw/v2/streetsurfacevis/s_1024/1969869240070091.jpg,106865531551355,1656852899073,
1666869030184127,Normal_asphalt,asphalt,excellent,False,1024,768,True,90924,26f82fa3bbf2d8395bc9ea009596ddca9aacbaa62ad0319fcf2e1f00a8f80781,data/raw/v2/streetsurfacevis/s_1024/1666869030184127.jpg,107674238136176,1621866010527,
332884401994296,Normal_asphalt,asphalt,excellent,False,1024,768,True,130607,dd018c115b1b4d63ac45464b6af545e3bc87f12bc16a4a7522c82addd5a51f54,data/raw/v2/streetsurfacevis/s_1024/332884401994296.jpg,107674238136176,1647175676600,
152961963896540,Normal_asphalt,asphalt,excellent,False,1024,768,True,92559,fb4ac08403c9964e1df9e3eb1a635e85d1f47796d01f2adbd1e8a2f0bebe4ff5,data/raw/v2/streetsurfacevis/s_1024/152961963896540.jpg,107674238136176,1650724275584,
860325258853225,Normal_asphalt,asphalt,excellent,False,1023,577,False,135113,46295ee68f367443c46f698bcebf2a7ef3c015c5a09e360cf1f86780a403d0bf,data/raw/v2/streetsurfacevis/s_1024/860325258853225.jpg,104476681984604,1699706613077,
178349164972629,Normal_asphalt,asphalt,excellent,False,1024,768,True,215051,8b86fc604cc366aa64300b8fe11ed69810bd1d49c018c7c92167f8fc562e47ec,data/raw/v2/streetsurfacevis/s_1024/178349164972629.jpg,107965364772338,1679058411419,
685150449925357,Unpaved_road,unpaved,intermediate,False,1024,576,True,117846,e09d04ec02b1aec645dc07be8b73aa04625226112379651477e40d5b172f9624,data/raw/v2/streetsurfacevis/s_1024/685150449925357.jpg,104476681984604,1672056370258,
263398282200820,Unpaved_road,unpaved,intermediate,False,1024,576,True,201420,99a6f5a99e5733daf71f102a454ab11ffe16efad81b19784403c37ce64663010,data/raw/v2/streetsurfacevis/s_1024/263398282200820.jpg,104804135093765,1620476246231,
321247933899180,Normal_asphalt,asphalt,excellent,False,1024,576,True,137641,2b160fe55682c53412db22116c28d0467cdc568a3f32bfd7c800ee922b940271,data/raw/v2/streetsurfacevis/s_1024/321247933899180.jpg,100551649705282,1694868489698,
951913552314549,Normal_asphalt,asphalt,excellent,False,1024,768,True,154341,966eee93ae417937b696867b66239c14864fe59fcb5801a51ae9836f0df976cd,data/raw/v2/streetsurfacevis/s_1024/951913552314549.jpg,105427021697759,1618138803579,
5050692261666036,Normal_asphalt,asphalt,excellent,False,1024,768,True,139177,40dc37e630cfafc4aab22900a2cdb5ef7dd144b474f6b68a2c35e813edcbd08e,data/raw/v2/streetsurfacevis/s_1024/5050692261666036.jpg,102609045317136,1656594228000,
954906462001590,Normal_asphalt,asphalt,excellent,False,1024,768,True,193714,25996dadefa9b3fdf0eabefc7d15b60aba3f7da59a086b1788ceae98457b8ee3,data/raw/v2/streetsurfacevis/s_1024/954906462001590.jpg,105427021697759,1618134172798,
909794059865154,Normal_asphalt,asphalt,excellent,False,1024,768,True,161713,2e9eff5f99d7fcc53cb55f7e784575f3cc4d6d2bc60b1bbb76fc874515728730,data/raw/v2/streetsurfacevis/s_1024/909794059865154.jpg,105427021697759,1614350300703,
721701555459200,Normal_asphalt,asphalt,excellent,False,1024,576,True,139530,6c4afc8f1ad9731c23153c82b14c1e25698e03ab4c41d94b81a3dc3da16b41d9,data/raw/v2/streetsurfacevis/s_1024/721701555459200.jpg,104476681984604,1644824234982,
911866512990462,Normal_asphalt,asphalt,excellent,False,1024,768,True,149093,d02a6a5efc6c0729d4c65b578a9c934f3ed571552659ddb79d9421f08b16d8f6,data/raw/v2/streetsurfacevis/s_1024/911866512990462.jpg,105427021697759,1620574449747,
227410018845973,Normal_asphalt,asphalt,excellent,False,1024,576,True,160089,b9ca1bf3bd4a9e284201596936c29eb7beee8b3b92c23dec3e54ecde0dbbec7b,data/raw/v2/streetsurfacevis/s_1024/227410018845973.jpg,104804135093765,1616330875424,
1636300796731998,Normal_asphalt,asphalt,excellent,False,1024,768,True,115760,cb086a11366f1b89086514b6c7b926f2325761deaaf14eb98f3cb7721b7a0dc6,data/raw/v2/streetsurfacevis/s_1024/1636300796731998.jpg,107674238136176,1647097216704,
958053845377151,Normal_asphalt,asphalt,excellent,False,1024,768,True,137765,0c8ca1140851556a518eb2f6c0643613841e5852f3edc626d24d788e4767dcf1,data/raw/v2/streetsurfacevis/s_1024/958053845377151.jpg,104476681984604,1682007451346,
223986056201544,Normal_asphalt,asphalt,excellent,False,1024,768,True,142347,658f1ec149ebd4695c1e9431cb01c919b1135adf2940cbee6a78be8519efc0b6,data/raw/v2/streetsurfacevis/s_1024/223986056201544.jpg,105427021697759,1617982882704,
512133080011961,Unpaved_road,unpaved,intermediate,False,1024,576,True,154600,e2df9d384c3500b14576c0db2a5e30e08c7ecfdc3bc782b1814e149a517dcafe,data/raw/v2/streetsurfacevis/s_1024/512133080011961.jpg,104656005188418,1627574551918,
357698710074829,Normal_asphalt,asphalt,excellent,False,1024,768,True,124864,aeaecce00cda6d7ab4f5f58ea61cf68ef547e8f2fb58d5bb61905ee52bf3e91e,data/raw/v2/streetsurfacevis/s_1024/357698710074829.jpg,101269772643495,1697193746000,
177867768249204,Normal_asphalt,asphalt,excellent,False,1024,768,True,158159,26a80f7655cd2b2da739b0628dd8ba980c3ee9e2692d04e6aae809058a6c6112,data/raw/v2/streetsurfacevis/s_1024/177867768249204.jpg,107965364772338,1669108387573,
1057516162092601,Normal_asphalt,asphalt,excellent,False,1023,577,False,144522,d2977288ceeb3b33ef350f09a9d9f3d5a334604cc81fe0aec6516e6a4532a714,data/raw/v2/streetsurfacevis/s_1024/1057516162092601.jpg,104476681984604,1699705175323,
507169160481834,Normal_asphalt,asphalt,excellent,False,1024,768,True,167955,852ea17e32fe98f917ba581364f2542eb096ac8c67762ff23a0454349a705943,data/raw/v2/streetsurfacevis/s_1024/507169160481834.jpg,105427021697759,1610199704723,
1385102665236869,Normal_asphalt,asphalt,excellent,False,1024,576,True,163408,381846d865c6457acced60924aeaa071c957845c6915a1c69634d6a55acd8ed4,data/raw/v2/streetsurfacevis/s_1024/1385102665236869.jpg,104476681984604,1652533492280,
3201349113464284,Normal_asphalt,asphalt,excellent,False,1024,768,True,72702,7c156c58f895a642b6284452ff8bd89cb671d65bca5fe751092d61041fd7432f,data/raw/v2/streetsurfacevis/s_1024/3201349113464284.jpg,107965364772338,1666366108784,
1374109196520355,Normal_asphalt,asphalt,excellent,False,1023,577,False,122400,b5448593a8fa451a6d79faf9504e0555743379afa2c56c26ec62d0f19443bcbf,data/raw/v2/streetsurfacevis/s_1024/1374109196520355.jpg,104476681984604,1699706565078,
548905219537442,Normal_asphalt,asphalt,excellent,False,1024,768,True,157923,d985b95fdb61f9061cd9b18c4f90a34b400f8623b212d7c44d771b725434017e,data/raw/v2/streetsurfacevis/s_1024/548905219537442.jpg,107674238136176,1619198927066,
123476876926275,Normal_asphalt,asphalt,excellent,False,1024,768,True,200687,aba9a82c5ac99b9d2283fa449c7666a6e4166a18dda09bc62f2418f6407d998d,data/raw/v2/streetsurfacevis/s_1024/123476876926275.jpg,107674238136176,1647097340200,
602287834238553,Normal_asphalt,asphalt,excellent,False,1024,768,True,157258,fee96c3776a880753ad103ad5b40bf5e589d4026f8219a406035bb314c6a3ac8,data/raw/v2/streetsurfacevis/s_1024/602287834238553.jpg,107674238136176,1619006541065,
614547702878067,Normal_asphalt,asphalt,excellent,False,1024,768,True,151857,48f90c6d320d95cd584f0d9ca362fbf4e3685b53980f5db9fd83dbc30a192749,data/raw/v2/streetsurfacevis/s_1024/614547702878067.jpg,107674238136176,1620664768848,
465412527858294,Normal_asphalt,asphalt,excellent,False,1024,768,True,166550,b6f1cfb9a7f0a715a0d3715e6952ad22d60ed89789c64c87ea0ade12e41a5512,data/raw/v2/streetsurfacevis/s_1024/465412527858294.jpg,105427021697759,1618138930762,
320345719737512,Normal_asphalt,asphalt,excellent,False,1024,768,True,171812,06f4f8eb01905d92c05c2b3e8b4dbdd2df6c0f38af958139d3dd1bd7d5d93503,data/raw/v2/streetsurfacevis/s_1024/320345719737512.jpg,105427021697759,1613813058704,
387778502530938,Normal_asphalt,asphalt,excellent,False,1024,768,True,106907,6ec4577c4fb3bf18ddad55d1240595ab080f10f35baa0be10de1ca45da532f36,data/raw/v2/streetsurfacevis/s_1024/387778502530938.jpg,105427021697759,1614699613782,
923029915152634,Normal_asphalt,asphalt,excellent,False,1024,768,True,131767,67aff9fbbfb75f20e1342f8cd3a38f9b85da5c83c32cb36b015ad6454baeddec,data/raw/v2/streetsurfacevis/s_1024/923029915152634.jpg,105427021697759,1613814012612,
2028590297320207,Normal_asphalt,asphalt,excellent,False,1024,768,True,101951,53a02a419a2cd27a3211aefc791188aca98567c50f38c2bb909c7777695608eb,data/raw/v2/streetsurfacevis/s_1024/2028590297320207.jpg,106865531551355,1656852983073,
1052571272054284,Normal_asphalt,asphalt,excellent,False,1024,768,True,121976,342d4411b28c97ad1cbf579037393df1007c0f8bbbbb9d6642a7ae6c42ac355c,data/raw/v2/streetsurfacevis/s_1024/1052571272054284.jpg,106865531551355,1656852959074,
651579213258425,Unpaved_road,unpaved,intermediate,False,1024,768,True,309679,b8dca73901f7a2cfc3bfe600bc5540932d9db53bb86eb92f7e7de6d6e032ee9e,data/raw/v2/streetsurfacevis/s_1024/651579213258425.jpg,109364767964477,1666518440119,
3044025329180383,Normal_asphalt,asphalt,excellent,False,1024,576,True,109091,82c8e9243b7499a35ce248d51c15f88748a235f031ad8605e78bc93f01de300c,data/raw/v2/streetsurfacevis/s_1024/3044025329180383.jpg,104476681984604,1644824656853,
198089282453958,Normal_asphalt,asphalt,excellent,False,1024,768,True,171923,bab751c3a851cff0595f269b2e1f3399890c90945ec3070db1dd59fc606607b2,data/raw/v2/streetsurfacevis/s_1024/198089282453958.jpg,107674238136176,1623581211273,
2305776062886149,Normal_asphalt,asphalt,excellent,False,1024,768,True,164296,e12881843384c1f1b970c9ad0ff26f3cea7be46c7cf3abac48867a5cdbd47cc1,data/raw/v2/streetsurfacevis/s_1024/2305776062886149.jpg,107674238136176,1623861579923,
565102001199831,Normal_asphalt,asphalt,excellent,False,1024,768,True,164262,bab99fc82a3a6023f68daa5f8e4f46b9397e556d0f4e95b1df833c72ec3c6cba,data/raw/v2/streetsurfacevis/s_1024/565102001199831.jpg,108727694691996,1630752186252,
544623804464350,Unpaved_road,unpaved,intermediate,False,1024,768,True,122446,bc5513796155b52c1489c81b9c02a304a512ffcdeaf69c4b5a85a825f7c803f3,data/raw/v2/streetsurfacevis/s_1024/544623804464350.jpg,104723918435539,1693735230000,
673452617519854,Normal_asphalt,asphalt,excellent,False,1024,576,True,110540,136559820725b42bf487fee3cb610138b2f9a4926fdb1e4f62414320f764fffe,data/raw/v2/streetsurfacevis/s_1024/673452617519854.jpg,107578659060721,1690724948178,
717437120209371,Normal_asphalt,asphalt,excellent,False,1024,576,True,105824,e7fd161682740b10cff1b29fff512e76ae99ac65307ceafcb8234147a75c3ce8,data/raw/v2/streetsurfacevis/s_1024/717437120209371.jpg,107578659060721,1692340591445,
748171786783794,Normal_asphalt,asphalt,excellent,False,1024,768,True,88034,b6a3c8e3f3d6eec797d7031300afa75594ead75b3f31ef301ce1d6d4a29209fe,data/raw/v2/streetsurfacevis/s_1024/748171786783794.jpg,100410142246791,1684249187097,
1448910922607855,Normal_asphalt,asphalt,excellent,False,1024,768,True,115010,b5af850a3854ff1bd55f09f467eca26bcd0a8a76b0f08a2e52690468a5675e3b,data/raw/v2/streetsurfacevis/s_1024/1448910922607855.jpg,102609045317136,1688038144000,
571446241639737,Normal_asphalt,asphalt,excellent,False,1024,768,True,153326,d5b535eb1ce2ccd7a5e70ced1ca7666e8ef1ce1228705ad5d9ff06a50ce7baf9,data/raw/v2/streetsurfacevis/s_1024/571446241639737.jpg,100410142246791,1684248773140,
965668521182059,Normal_asphalt,asphalt,excellent,False,1024,576,True,55396,d263f700d14f6e776b58856e489ba6b23ab2d72dc4b775ac9e5271018674a457,data/raw/v2/streetsurfacevis/s_1024/965668521182059.jpg,107578659060721,1692116448635,
2217405008600919,Normal_asphalt,asphalt,excellent,False,1024,576,True,50438,e788e34c6ea2b5e7914b9e04fe942542d1300ec51460f04c39258609770f44e6,data/raw/v2/streetsurfacevis/s_1024/2217405008600919.jpg,107578659060721,1692772810840,
1375057743432881,Normal_asphalt,asphalt,excellent,False,1024,576,True,49815,b66dfd9c437e637c11e2ff2cdef4103fbfd08ae7eb9233a490d51785dfb07972,data/raw/v2/streetsurfacevis/s_1024/1375057743432881.jpg,107578659060721,1692116842756,
924405761485576,Normal_asphalt,asphalt,excellent,False,1024,768,True,108111,2ef45723f5d7766da9e13c40c6bbe69ae51b7f5d86bcbd22354c64ad9a6e102b,data/raw/v2/streetsurfacevis/s_1024/924405761485576.jpg,108727694691996,1632645772243,
3492048487736168,Normal_asphalt,asphalt,excellent,False,1024,576,True,62980,badcfe999c4b3658adedf5e660a0280aa28c44d7137fc9c8650fa54d4cb2a62d,data/raw/v2/streetsurfacevis/s_1024/3492048487736168.jpg,107578659060721,1692116436415,
1014974306298561,Normal_asphalt,asphalt,excellent,False,1024,576,True,68001,7118382b16b262262360f92eb8bc1847b1de397d279bb0cba27c7185824c5280,data/raw/v2/streetsurfacevis/s_1024/1014974306298561.jpg,107578659060721,1692634386194,
580356673004963,Normal_asphalt,asphalt,excellent,False,1024,768,True,127152,9109ac826065099cbb634a1b73443a9ab83c7f8b44cb3d470a66cc0e745da5f0,data/raw/v2/streetsurfacevis/s_1024/580356673004963.jpg,108727694691996,1632645351256,
796197035320457,Normal_asphalt,asphalt,excellent,False,1024,576,True,111800,e7a191b19a81c0d516031e5de1fe234b8fd585c98cf848b2544e4cd899236a54,data/raw/v2/streetsurfacevis/s_1024/796197035320457.jpg,107578659060721,1689264417571,
1001609044211988,Unpaved_road,unpaved,intermediate,False,1024,768,True,172291,6d1976466c9621298515de62d108f1d0928cf2d0add85763791a65f46c00cecd,data/raw/v2/streetsurfacevis/s_1024/1001609044211988.jpg,107578659060721,1690104618000,
1618553438553793,Normal_asphalt,asphalt,excellent,False,1024,576,True,113577,88fd85ed2c14078e90677ea4ce4aba00440ea832ffd7217dd347d799b5aeffc1,data/raw/v2/streetsurfacevis/s_1024/1618553438553793.jpg,107578659060721,1692634298398,
1014466349547735,Normal_asphalt,asphalt,excellent,False,1024,576,True,76384,c7d7893ad23d846cf37ed4ef9ae02fa8b98889c81f955e9e9455e662221f53ca,data/raw/v2/streetsurfacevis/s_1024/1014466349547735.jpg,107578659060721,1689317250263,
153208906867151,Normal_asphalt,asphalt,excellent,False,1024,768,True,116606,3038905247c650f5c2ce0301d62bcba4fd1d061ee6333b98394fffa5a5b791c6,data/raw/v2/streetsurfacevis/s_1024/153208906867151.jpg,109752671252812,1620666357041,
1802668690104992,Normal_asphalt,asphalt,excellent,False,1024,768,True,71882,1359a7d30be10f3600322484635cb43a4d991a19f9336d6beb246fcfbb6af3ed,data/raw/v2/streetsurfacevis/s_1024/1802668690104992.jpg,100410142246791,1678633321410,
598926625111735,Normal_asphalt,asphalt,excellent,False,1024,768,True,116659,875392a2b1eda76036e4faf1a874681ceb2d10d0761aac1876015262c0208b52,data/raw/v2/streetsurfacevis/s_1024/598926625111735.jpg,102609045317136,1661256494000,
205043352383357,Unpaved_road,unpaved,intermediate,False,1024,768,True,147554,0855bc7836f543adcedc0d6cb3a62e17778dc2130ec1bfe0f0d142f0624eb4b6,data/raw/v2/streetsurfacevis/s_1024/205043352383357.jpg,104723918435539,1693735339000,
1057856498475497,Normal_asphalt,asphalt,excellent,False,1024,768,True,175990,e496fb8fd77d5f8e050b823bf619a10f91be34e596ff0d7719b8918d18e6789d,data/raw/v2/streetsurfacevis/s_1024/1057856498475497.jpg,108725531582408,1653750396662,
183818981385303,Normal_asphalt,asphalt,excellent,False,1024,576,True,90028,97c93fc11a0c669ddc451f4c6b84c56fdedb155de65dd521b1e2e46a0ca7203d,data/raw/v2/streetsurfacevis/s_1024/183818981385303.jpg,107578659060721,1692255130560,
245660764720443,Normal_asphalt,asphalt,excellent,False,1024,768,True,87421,fb52244d7c8b13e7b839bd436c465e55596584be2766a99026249d973244fc5e,data/raw/v2/streetsurfacevis/s_1024/245660764720443.jpg,100410142246791,1684249188130,
6164387887021727,Normal_asphalt,asphalt,excellent,False,1024,576,True,67919,336bb8e004e288b05ed942458c9a66c64828304a9daf67bfe4d5c1927409f1fa,data/raw/v2/streetsurfacevis/s_1024/6164387887021727.jpg,107578659060721,1690726071898,
1473558506744502,Normal_asphalt,asphalt,excellent,False,1024,576,True,94030,857f20c9b9aecdd41b29187c7994772cf4c3172ce32ab1ec57bd8826bb2b8104,data/raw/v2/streetsurfacevis/s_1024/1473558506744502.jpg,107578659060721,1692116620699,
963300214385767,Normal_asphalt,asphalt,excellent,False,1024,768,True,103771,1e7c028420ab51d3bff3b1d1d13f7907b166d8dec8dc468472980ca4bf9ed0a9,data/raw/v2/streetsurfacevis/s_1024/963300214385767.jpg,100410142246791,1651059797417,
1356969321919952,Normal_asphalt,asphalt,excellent,False,1024,576,True,85538,5a3a9cdab570824ba1543c539585ca9a305409e172608044d4166e92bff95c4d,data/raw/v2/streetsurfacevis/s_1024/1356969321919952.jpg,107578659060721,1690726048833,
841797367495650,Normal_asphalt,asphalt,excellent,False,1024,576,True,91222,7f23b7cf082feaf48b445ef283efdcae3e94ef7020d1c2174d13f1dc29856280,data/raw/v2/streetsurfacevis/s_1024/841797367495650.jpg,107578659060721,1692340660806,
417162543366269,Normal_asphalt,asphalt,excellent,False,1024,768,True,133572,2af20cfc6a83b5b683efc0b30962422aa0bcf607b73927a5f7bab362ddd7a2a3,data/raw/v2/streetsurfacevis/s_1024/417162543366269.jpg,108727694691996,1630844085273,
3209780945832615,Normal_asphalt,asphalt,excellent,False,1024,576,True,122552,948fbeef932047f4efd2935e643943b699fe0423151e3cb49fb3f19f766ae9fc,data/raw/v2/streetsurfacevis/s_1024/3209780945832615.jpg,107578659060721,1692340546651,
833662884813803,Normal_asphalt,asphalt,excellent,False,1024,576,True,56431,91155d1f7c3e486a16bd0e03c6e0a92b72712d839d227e3e64e13870c1263762,data/raw/v2/streetsurfacevis/s_1024/833662884813803.jpg,107578659060721,1692116456685,
666375202119834,Unpaved_road,unpaved,intermediate,False,1024,768,True,240846,5c35975406e54f51a80806194d1b7b5f8b3a368ed6f7dd923aeba10ba2986a7f,data/raw/v2/streetsurfacevis/s_1024/666375202119834.jpg,104723918435539,1693735448500,
1050854239662407,Normal_asphalt,asphalt,excellent,False,1024,576,True,120760,f9e61cffc24d32da8750f19ce390155080b8ac3507c61e06fdb8be1e96a413ca,data/raw/v2/streetsurfacevis/s_1024/1050854239662407.jpg,107578659060721,1692116637591,
478002393797713,Normal_asphalt,asphalt,excellent,False,1024,768,True,103066,80a6e198ff4fba05b33a4d7b78b2e90478d0880d75068089a271911a8d3d3514,data/raw/v2/streetsurfacevis/s_1024/478002393797713.jpg,108727694691996,1660994598288,
1336186836988437,Normal_asphalt,asphalt,excellent,False,1024,576,True,59525,528fd8d15f402a976bfbd38b3608ac9bf39891365cc76e96f18af10af88ac11e,data/raw/v2/streetsurfacevis/s_1024/1336186836988437.jpg,107578659060721,1692116398585,
169116812877581,Unpaved_road,unpaved,intermediate,False,1024,768,True,258557,88cfe85b5c7f75207b5a94e67ebb4e8bc974237d0f3a10c4a6a12c8cfe83bf55,data/raw/v2/streetsurfacevis/s_1024/169116812877581.jpg,104723918435539,1693735196500,
2065877063745825,Normal_asphalt,asphalt,excellent,False,1024,576,True,89260,ba637f14245acdb97a289ab14d7be84c5a8c9b1f8ccb40e289dcf29d022fe64e,data/raw/v2/streetsurfacevis/s_1024/2065877063745825.jpg,107578659060721,1692634308658,
1987316108282829,Normal_asphalt,asphalt,excellent,False,1024,768,True,160476,7aae5a0a68efd184fd60fee79935178da9aa4c0ad60edaafb50bd8972f00a507,data/raw/v2/streetsurfacevis/s_1024/1987316108282829.jpg,101008176332575,1684934352970,
615685297377530,Unpaved_road,unpaved,very_bad,False,1024,768,True,271195,ee006e0ae6ebe74f3953f13b22162d88536bad18778f07614830a838c5e34751,data/raw/v2/streetsurfacevis/s_1024/615685297377530.jpg,111802098578875,1692616681786,
2853576118291476,Normal_asphalt,asphalt,excellent,False,1023,575,False,68732,5d5b5d1ca0da8f1bd87ccb301bf64188e9bb0f375b81983cde443aeb6727b16f,data/raw/v2/streetsurfacevis/s_1024/2853576118291476.jpg,103078715264357,1615047745547,
428736175921206,Unpaved_road,unpaved,bad,False,1024,768,True,281392,c9561d5fd7fb0597f7a0469b33dec8bfb07b8e08c7dfe189e01ba8eeef0842e5,data/raw/v2/streetsurfacevis/s_1024/428736175921206.jpg,105462928840299,1653546268128,
805381081232940,Normal_asphalt,asphalt,excellent,False,1024,768,True,145127,b0440c6a016840bf83f8edf34ebd400dfcd3c07a28b8a0832f732d60ea0e3fee,data/raw/v2/streetsurfacevis/s_1024/805381081232940.jpg,100866809689751,1689244063524,
732118655380915,Unpaved_road,unpaved,bad,False,1024,768,True,276917,723376eaa0b326f2109dba33d594d8c605faba966545d130fb8785c8c47455d0,data/raw/v2/streetsurfacevis/s_1024/732118655380915.jpg,100866809689751,1689080855586,
162274893123420,Unpaved_road,unpaved,bad,False,1024,768,True,265281,6c936044f3feeca8bd0d426e7c297dbc67d984af7e4260ab9b829152be29f5e9,data/raw/v2/streetsurfacevis/s_1024/162274893123420.jpg,103078715264357,1663932083272,
250544204125105,Unpaved_road,unpaved,bad,False,1024,768,True,281588,66619ae8fb9dac28daf7b7fda3932a8fa010962c3ad3a47ad11ea6819fa5ac4e,data/raw/v2/streetsurfacevis/s_1024/250544204125105.jpg,103078715264357,1682611389504,
812948020620352,Unpaved_road,unpaved,very_bad,False,1024,768,True,182482,7544987e5a8c5f7c59ec7235819c7d7d439325943be77c5c9f537c7c97465ced,data/raw/v2/streetsurfacevis/s_1024/812948020620352.jpg,111802098578875,1692613822191,
2284300251761969,Unpaved_road,unpaved,very_bad,False,1024,768,True,204151,e425d496fdd9529efacc3d2c999fc5fe7bc84e7b4c93f7c5f3c91d920806ad79,data/raw/v2/streetsurfacevis/s_1024/2284300251761969.jpg,103078715264357,1697039306011,
577619320384619,Unpaved_road,unpaved,bad,False,1024,768,True,222513,042e9a0233d34f2584ebbbcb6965f36663a912bc435049ab56a733e3f8596700,data/raw/v2/streetsurfacevis/s_1024/577619320384619.jpg,105462928840299,1653545939934,
1657784031367992,Unpaved_road,unpaved,intermediate,False,1024,768,True,200996,32655d7ad4309e098eb176cd0f06387fb22011c1e22782460dc6484249c7256d,data/raw/v2/streetsurfacevis/s_1024/1657784031367992.jpg,103078715264357,1689426133781,
1209390149757860,Unpaved_road,unpaved,intermediate,False,1024,768,True,263078,043e0f2e96c5a95380f866b074669d45b9aa15ac9462688e4a06ffdd996c62be,data/raw/v2/streetsurfacevis/s_1024/1209390149757860.jpg,100866809689751,1689246088600,
154398740535017,Unpaved_road,unpaved,bad,False,1023,575,False,98930,2abcd4055023b98e38e1db2a5405dada69077e35a7b141cf2aed10691cf9dabc,data/raw/v2/streetsurfacevis/s_1024/154398740535017.jpg,103078715264357,1661343757754,
377742900741934,Normal_asphalt,asphalt,excellent,False,1023,575,False,84884,173201884c35660dee42a4ebebb13c6dd385cc5da8d74a1c833ea3c06c6a5e14,data/raw/v2/streetsurfacevis/s_1024/377742900741934.jpg,103078715264357,1633773547780,
501546028316307,Normal_asphalt,asphalt,excellent,False,1024,768,True,270206,a1a39b136f6738b4131c6b7cc42d4969913d91942d8d25b58ddf99a98d6e9caf,data/raw/v2/streetsurfacevis/s_1024/501546028316307.jpg,103078715264357,1651768439113,
175538848474001,Unpaved_road,unpaved,bad,False,1024,768,True,258208,abfc54fa361e21e4a84ff245ea02a67e2419a31dc5a6e5db2ca2862bd5bdd681,data/raw/v2/streetsurfacevis/s_1024/175538848474001.jpg,106761962414073,1684341710897,
1158688561631041,Normal_asphalt,asphalt,excellent,False,1024,768,True,68375,7c686feec2ca3396058116cad9141566d9bcf7ed131519484eef4b6a73a0dc74,data/raw/v2/streetsurfacevis/s_1024/1158688561631041.jpg,103078715264357,1645426515856,
637983401777844,Unpaved_road,unpaved,bad,False,1024,768,True,271095,08e864e6e749724e935c6f4aaa8ce857be3a0fc3e2ede75830757cdacde2654d,data/raw/v2/streetsurfacevis/s_1024/637983401777844.jpg,111780478580571,1693061962094,
960235968377709,Unpaved_road,unpaved,bad,False,1024,768,True,273849,3146c6465c530fc4762e342a757b923bb5a176fadce282bd48f7979d318ef164,data/raw/v2/streetsurfacevis/s_1024/960235968377709.jpg,109860778604675,1695038924141,
1994846214189080,Unpaved_road,unpaved,intermediate,False,1024,771,True,145438,f95cf341c60b134224635234c88f625c04f3153199816966d3b303ade59e06ce,data/raw/v2/streetsurfacevis/s_1024/1994846214189080.jpg,103078715264357,1686565982672,
982302042537759,Normal_asphalt,asphalt,excellent,False,1024,768,True,48660,58c345ec98be40d7670c8229ed23476edd152f055f0fc918e695c99646da6851,data/raw/v2/streetsurfacevis/s_1024/982302042537759.jpg,103078715264357,1624392902867,
996814348160221,Unpaved_road,unpaved,intermediate,False,1024,771,True,120646,a0b211c31bf8f59fdee482bb03a4e26fa6b2b781c62aee22b6511db232f8cc96,data/raw/v2/streetsurfacevis/s_1024/996814348160221.jpg,103078715264357,1686564978057,
190339823482278,Unpaved_road,unpaved,bad,False,1024,768,True,317976,1339c9023325fb7b98a2f716eb0c6e001ea421ca41a3b8bf9854a7a8b2216239,data/raw/v2/streetsurfacevis/s_1024/190339823482278.jpg,103078715264357,1667304295458,
1303718360258569,Normal_asphalt,asphalt,excellent,False,1024,768,True,162514,5fcbc1cdee35a41f5f253c78a278f149e9ca4bef32adf82e9fe5f51ea6041f16,data/raw/v2/streetsurfacevis/s_1024/1303718360258569.jpg,100866809689751,1689247626514,
649460703806215,Unpaved_road,unpaved,bad,False,1024,768,True,288451,9b1de2c02cac32367495bc6a0b72238abb54a759e07f041a91a6dd1b0f5afd61,data/raw/v2/streetsurfacevis/s_1024/649460703806215.jpg,111780478580571,1689772431959,
983660748985366,Unpaved_road,unpaved,bad,False,576,768,False,95426,6628b69a18466ab9aef9b3a37689d24931389feb8ddc4548cfc4658ceeafed2d,data/raw/v2/streetsurfacevis/s_1024/983660748985366.jpg,100341006015910,1626711748102,
3557661544484568,Normal_asphalt,asphalt,excellent,False,1024,768,True,199146,0f61f177a14214f09dcf2bba12cd163d1da8287732433b8b195d80c50aa733b9,data/raw/v2/streetsurfacevis/s_1024/3557661544484568.jpg,103078715264357,1697295942868,
1113507362900784,Unpaved_road,unpaved,very_bad,False,1024,768,True,230165,341097203645528a395e369efb9229afb5d5756b637dddf49e559dc598787de7,data/raw/v2/streetsurfacevis/s_1024/1113507362900784.jpg,105230092295528,1659953447130,
226040447029687,Normal_asphalt,asphalt,excellent,False,1024,771,True,123750,5d7195bab2d18d406431d9bf5875614fdf6a5d0f92f2c628fe65323d0c6646af,data/raw/v2/streetsurfacevis/s_1024/226040447029687.jpg,103078715264357,1687705472452,
310149273939188,Normal_asphalt,asphalt,excellent,False,1024,576,True,126400,cbe0d9e08e196ada85e2891a11cc44f48cfcc5aa63a54c5d50690624f9f080ca,data/raw/v2/streetsurfacevis/s_1024/310149273939188.jpg,109122484655498,1615110252831,
203571585523652,Unpaved_road,unpaved,bad,False,1024,768,True,188528,ad29e094b4c262130058807720d18b1085a27f97465f6f5b1e9f5e0fd8223f07,data/raw/v2/streetsurfacevis/s_1024/203571585523652.jpg,103078715264357,1675871350678,
702987837891464,Normal_asphalt,asphalt,excellent,False,1024,768,True,137148,27a2aef6be54da2af7101e4650fcede0b3a55353128640952d7daaf6bc55fa8a,data/raw/v2/streetsurfacevis/s_1024/702987837891464.jpg,103078715264357,1670763288095,
1360783231420888,Unpaved_road,unpaved,bad,False,1024,768,True,225129,e2be34e211bee78921791b3404de079599f807b416aa7a4912f12923069b8eb0,data/raw/v2/streetsurfacevis/s_1024/1360783231420888.jpg,103078715264357,1676385171924,
657571159775894,Unpaved_road,unpaved,very_bad,False,1024,768,True,261744,0aeb439f7e03f9f39ee50aae86cdd9a1968c2313c6dbe251d59296a504a1a226,data/raw/v2/streetsurfacevis/s_1024/657571159775894.jpg,111802098578875,1692613021413,
263922959524544,Normal_asphalt,asphalt,excellent,False,1024,768,True,162542,2369c3cf17cec5965418bd58ffc61fe313c797452749527c8006ce51c309f5d9,data/raw/v2/streetsurfacevis/s_1024/263922959524544.jpg,101008176332575,1684934382897,
732534074536317,Unpaved_road,unpaved,bad,False,1024,768,True,271435,c2bcc42d0360e1b97e3d1ec71849921b6ac228b93603de09281418796761c3d0,data/raw/v2/streetsurfacevis/s_1024/732534074536317.jpg,102510969130863,1655291837588,
1208992276468513,Unpaved_road,unpaved,bad,False,1024,576,True,173519,5ef71cb973d410fa17b96bc990f21b54dea2fb0397c266d2154454c3dbee3a31,data/raw/v2/streetsurfacevis/s_1024/1208992276468513.jpg,103078715264357,1681483166693,
814503646838197,Normal_asphalt,asphalt,excellent,False,1024,768,True,123786,bc3e88b9f101637c15d59d10d925ed58f32b4a096bd6368bf352f94da86eb5ef,data/raw/v2/streetsurfacevis/s_1024/814503646838197.jpg,111780478580571,1693333230817,
979077926660808,Unpaved_road,unpaved,bad,False,1024,768,True,286122,da8525643fbae137a948b923d9dc7fe9c1d748c51744f1f0c7b421eb36dd734a,data/raw/v2/streetsurfacevis/s_1024/979077926660808.jpg,111780478580571,1692530128050,
600492522140676,Unpaved_road,unpaved,bad,False,1024,768,True,275391,456fb5372909db18c33016509b53ce46ebdd2cef20bc852d436747357bba7f34,data/raw/v2/streetsurfacevis/s_1024/600492522140676.jpg,100866809689751,1689081366499,
833685078118461,Unpaved_road,unpaved,bad,False,1024,768,True,211572,dab64958eb330b7b2d52345f18cc0e752de6542fcd9f42af0bb8144ed3103d53,data/raw/v2/streetsurfacevis/s_1024/833685078118461.jpg,111802098578875,1692615025833,
522565139660825,Unpaved_road,unpaved,intermediate,False,1024,768,True,246512,f004f8143d3758c71cc5140cc0763a784b05eccdb4decf2ed2def6b089987c92,data/raw/v2/streetsurfacevis/s_1024/522565139660825.jpg,113294298038447,1655291207346,
201850138857257,Unpaved_road,unpaved,bad,False,1024,768,True,217041,16e440df6402596f7d744bc85277a7873054c10473088df925ed32d3d8cacd5f,data/raw/v2/streetsurfacevis/s_1024/201850138857257.jpg,103078715264357,1665325930612,
1327560291197288,Normal_asphalt,asphalt,excellent,False,1024,768,True,178200,3824636505be0a52f5237f876ea5cff8f6fd7797b1932ba2da9aa056a0646755,data/raw/v2/streetsurfacevis/s_1024/1327560291197288.jpg,100866809689751,1689244034491,
323683576887190,Unpaved_road,unpaved,intermediate,False,1024,768,True,211237,dd87956c6331ae7847596c7b596e392fc3c20db98862a7e94d12232ae31b10c0,data/raw/v2/streetsurfacevis/s_1024/323683576887190.jpg,109860778604675,1694333112056,
3576451269310496,Unpaved_road,unpaved,bad,False,1024,768,True,217112,045560da6bd6edef0901c8fcb808f5c1b2fd5e2f97181ec45c38c6de62f24e5c,data/raw/v2/streetsurfacevis/s_1024/3576451269310496.jpg,106761962414073,1686742037101,
810743504055794,Unpaved_road,unpaved,bad,False,1024,768,True,259252,b4f3509fea834deeb79c17960cdf71b85cd9ca2c02d175135a612429ab5d850f,data/raw/v2/streetsurfacevis/s_1024/810743504055794.jpg,111802098578875,1692611197632,
1011327263207492,Unpaved_road,unpaved,bad,False,1024,768,True,265245,ffc8eb5371f65f5b5dd20d33da37f6ce81837e3c45f923cdd3e15658918692c5,data/raw/v2/streetsurfacevis/s_1024/1011327263207492.jpg,100866809689751,1689079694516,
239442218977506,Unpaved_road,unpaved,bad,False,1024,768,True,311515,600a55f7afa5eaab25d5e9f1586125898ae253666b3654840b09125280fa482d,data/raw/v2/streetsurfacevis/s_1024/239442218977506.jpg,100866809689751,1689080971806,
564487865814153,Unpaved_road,unpaved,bad,False,1024,768,True,348570,69eadbc71e328cd2ba6a8c303ad61b4ada452e189fa58ae5c59442201a4d25b2,data/raw/v2/streetsurfacevis/s_1024/564487865814153.jpg,103078715264357,1683117025234,
805097371215927,Unpaved_road,unpaved,bad,False,1024,768,True,219381,213541c1327ea283c2b9b6e72d40a1db37647b94cd129ea40c9299633b297259,data/raw/v2/streetsurfacevis/s_1024/805097371215927.jpg,100866809689751,1689159120568,
1758622711238286,Unpaved_road,unpaved,very_bad,False,1024,768,True,276305,efa51a1421a3d87d9cb72db14879ba504a607c40b22c6de897ac46fdd02c2d86,data/raw/v2/streetsurfacevis/s_1024/1758622711238286.jpg,111780478580571,1693061958703,
801074614205411,Unpaved_road,unpaved,bad,False,1024,576,True,110257,5a4f57a06238b04763a015aa7dda3c2185633641fa8e067581abc94d38d5117a,data/raw/v2/streetsurfacevis/s_1024/801074614205411.jpg,103315179048027,1653747380713,
117276477957492,Unpaved_road,unpaved,bad,False,1024,768,True,202465,81f3ff6839083042c1538bcb890e9b5ea48c137f78e0000909be8ca809a6d20d,data/raw/v2/streetsurfacevis/s_1024/117276477957492.jpg,103078715264357,1677342234089,
253196250915728,Unpaved_road,unpaved,very_bad,False,1024,768,True,235785,ed0677346c50ebac2ba93da8b11247646418a66ff0c2b12e0b646efcfe39fe8b,data/raw/v2/streetsurfacevis/s_1024/253196250915728.jpg,109860778604675,1691675511035,
217561590791073,Unpaved_road,unpaved,very_bad,False,1024,768,True,217158,88942d585da84016a3366454469a8359c1c4bc5f6251c06f3c48b705c8a5bc78,data/raw/v2/streetsurfacevis/s_1024/217561590791073.jpg,111780478580571,1689773299541,
208517061951544,Unpaved_road,unpaved,very_bad,False,1024,768,True,210847,7ee8cf1a0067778f43c792c064fd2d6381487365ba10872bb32939edf1159252,data/raw/v2/streetsurfacevis/s_1024/208517061951544.jpg,111780478580571,1693061406996,
3292142807673085,Unpaved_road,unpaved,very_bad,False,1024,768,True,233563,3b580d95167606a883f58f8fbd2b03626cc2d386126036bb2bb1f136c9f78996,data/raw/v2/streetsurfacevis/s_1024/3292142807673085.jpg,103078715264357,1677342740940,
3419655571694749,Unpaved_road,unpaved,bad,False,1024,1365,True,442147,d3041c83cf11b56a4ff5119ea28f8a2d47656bbc0ffe9b5fb2cf54dd9a158c9b,data/raw/v2/streetsurfacevis/s_1024/3419655571694749.jpg,106219239061514,1675959439700,
156064647530060,Unpaved_road,unpaved,very_bad,False,1024,768,True,212901,8d24c9c8f087eb12ec02bbc1e9c0bd872ccff4e95e199371f7cc267be227acaf,data/raw/v2/streetsurfacevis/s_1024/156064647530060.jpg,111802098578875,1692611359109,
1662098997641730,Normal_asphalt,asphalt,excellent,False,1024,771,True,128602,35b3cc83c9786f1a269144cdd6bf8d755614889535c0cd1397190fbaa3a2be80,data/raw/v2/streetsurfacevis/s_1024/1662098997641730.jpg,103078715264357,1686583054281,
6493232030765555,Unpaved_road,unpaved,bad,False,1024,768,True,239058,ea8c3235a699d18785ee7233401c935fed9518ee7f0fbeccd3158cb0ddf9501c,data/raw/v2/streetsurfacevis/s_1024/6493232030765555.jpg,111780478580571,1693061600936,
559034329071386,Unpaved_road,unpaved,bad,False,1024,576,True,150286,3f15f7a421a3ffceacf626845cd0ce0c91b5da367100645d958d3c13bd1ff12c,data/raw/v2/streetsurfacevis/s_1024/559034329071386.jpg,103315179048027,1651914732907,
555531779414386,Unpaved_road,unpaved,bad,False,1024,768,True,165758,9e93d89180bb63d3d6f4224d223d14b303c6554c1d7103133aba3f5773a63890,data/raw/v2/streetsurfacevis/s_1024/555531779414386.jpg,100341006015910,1631980482000,
3415316738778379,Unpaved_road,unpaved,very_bad,False,1024,768,True,181472,f4ac304949407fb031d874d43d73f45cb78a2f948c6a9eb13fa2ea5fd767462e,data/raw/v2/streetsurfacevis/s_1024/3415316738778379.jpg,103078715264357,1689765999635,
249209797889361,Unpaved_road,unpaved,very_bad,False,1024,768,True,89248,c2d7653390e60d8460e27476b473cebedc8d92d92831272431e2f733df20dba4,data/raw/v2/streetsurfacevis/s_1024/249209797889361.jpg,103078715264357,1689688762668,
5621754897875156,Unpaved_road,unpaved,bad,False,1024,768,True,292547,a633dc991eec04a7867c5c7768908bffb341daa25a6d366d4135af070d894906,data/raw/v2/streetsurfacevis/s_1024/5621754897875156.jpg,102510969130863,1655290276579,
264642932716701,Normal_asphalt,asphalt,excellent,False,1024,768,True,182553,43821edd725ccb84070aa5347dc7c3ab395c15a22362c33547026fef58d33a12,data/raw/v2/streetsurfacevis/s_1024/264642932716701.jpg,103078715264357,1685456254521,
393410512843569,Unpaved_road,unpaved,bad,False,576,768,False,93657,1661c1d2ceb894e07ed7fafff2c21d33c7a54dc6c825c7eb4b00b88261b23ab0,data/raw/v2/streetsurfacevis/s_1024/393410512843569.jpg,100341006015910,1629972338799,
851276249238346,Unpaved_road,unpaved,bad,False,1024,768,True,278358,2dff7fae9bcad1754a64d67e48adba98855f79af392f550c50016e2ba0582d54,data/raw/v2/streetsurfacevis/s_1024/851276249238346.jpg,103078715264357,1666264148030,
769731484592820,Unpaved_road,unpaved,bad,False,1024,768,True,236507,3196ecad2db02947a32c69b9f3bfeeebf9eeb0e59e37b3d2a24d40a0fa9cfb4b,data/raw/v2/streetsurfacevis/s_1024/769731484592820.jpg,103078715264357,1683978809565,
996532608211964,Unpaved_road,unpaved,intermediate,False,1024,768,True,266584,0e7f669ecd19b1d3170e201af3a579f8fb5ae2c42886955773840cb0b3fea199,data/raw/v2/streetsurfacevis/s_1024/996532608211964.jpg,100866809689751,1689162312599,
854364789596922,Normal_asphalt,asphalt,excellent,False,1024,768,True,156834,472b09d4b0c518df04d77f8db316ca84311ee1b9884e33224b95d89dcdce7a94,data/raw/v2/streetsurfacevis/s_1024/854364789596922.jpg,100866809689751,1689248263580,
953155329133555,Unpaved_road,unpaved,bad,False,1024,768,True,267537,cd341542bdb747939597dad12d92a97e0c7138cdf5a4e61233bf8aa9c56baf63,data/raw/v2/streetsurfacevis/s_1024/953155329133555.jpg,100866809689751,1689081910584,
2027461650923307,Unpaved_road,unpaved,bad,False,1024,768,True,126476,16ea710c9032a10d4d2e2dccf8a43f4f67b3c7ac2936a9875079e8202fe7eb5d,data/raw/v2/streetsurfacevis/s_1024/2027461650923307.jpg,103078715264357,1689442459676,
1064557604133829,Unpaved_road,unpaved,bad,False,1024,768,True,260632,45c91f711baf5e598bda3a3ddccb8e20f173968a331fd9a384adad5f70b7fae2,data/raw/v2/streetsurfacevis/s_1024/1064557604133829.jpg,102051489179941,1652251234480,
221325296150967,Unpaved_road,unpaved,intermediate,False,1024,576,True,120756,bc8b94d1858e3acab98fcc3ba69a5dd87e6cda47845110a0d7a75a666039e94e,data/raw/v2/streetsurfacevis/s_1024/221325296150967.jpg,100562292188203,1617990333270,
290535972740140,Unpaved_road,unpaved,bad,False,1024,576,True,137811,bf4f57e48fe681e32bb7a8854264b2d5afcf7fa7a02e593ad538e4fd3e487ed6,data/raw/v2/streetsurfacevis/s_1024/290535972740140.jpg,100562292188203,1613734037861,
1129573420865468,Unpaved_road,unpaved,very_bad,False,1024,576,True,94075,17962b48f29ac858b022c1fe41a25b7a71d2cdc13df53e288bb93644c2f249da,data/raw/v2/streetsurfacevis/s_1024/1129573420865468.jpg,100562292188203,1621094972330,
1361499484354083,Normal_asphalt,asphalt,excellent,False,1024,573,True,77186,7532c8c2e13afa5ad6cc345cb753a14cdd1cc2292a48a82203de51c44c441fc9,data/raw/v2/streetsurfacevis/s_1024/1361499484354083.jpg,103080845264750,1653154109941,
232016061775807,Unpaved_road,unpaved,bad,False,1024,576,True,111452,6f2b71c5aed7798b534c30526f90abb1b33e7a5f39f00529628d88181defed31,data/raw/v2/streetsurfacevis/s_1024/232016061775807.jpg,100562292188203,1621087990318,
755247996128225,Normal_asphalt,asphalt,excellent,False,1024,576,True,110828,d4ecfc8332f798161a3bff38604b88e3d650474bf7739eaf0263255b1155bdb5,data/raw/v2/streetsurfacevis/s_1024/755247996128225.jpg,103714689364814,1681225478608,
705156168133270,Unpaved_road,unpaved,intermediate,False,1024,576,True,104538,b9f04670a59b739dd00610fe0c245069c3dc97933cd59d126b00f5dcc5f5e08a,data/raw/v2/streetsurfacevis/s_1024/705156168133270.jpg,100562292188203,1693414829765,
467503541471449,Normal_asphalt,asphalt,excellent,False,1024,573,True,101982,6240fa764d89ac45da62c6236b8da06e6562bfcee3150dcbe26c7bcfc6b309c4,data/raw/v2/streetsurfacevis/s_1024/467503541471449.jpg,103080845264750,1659260057668,
1161320437778142,Normal_asphalt,asphalt,excellent,False,1024,576,True,121358,156934820fbd55c40bd849d17d933da9d8cb762c0527bef064b3855643afe18c,data/raw/v2/streetsurfacevis/s_1024/1161320437778142.jpg,103080845264750,1656766373000,
215543014319355,Normal_asphalt,asphalt,excellent,False,1022,475,False,35806,72aafad5073dd5acf9d73f3754840443c20889d6a4a95c7cf5fb9b1e57bcc7fb,data/raw/v2/streetsurfacevis/s_1024/215543014319355.jpg,103080845264750,1677142946000,
102868352384257,Normal_asphalt,asphalt,excellent,False,1024,576,True,71693,de203ac00957540e82e705ba0d4907a39ef9f132d9bb3028874200e96b854f43,data/raw/v2/streetsurfacevis/s_1024/102868352384257.jpg,103080845264750,1650457364048,
3329215007360819,Normal_asphalt,asphalt,excellent,False,1024,576,True,112237,dad013395e30b8f67d0a628ed3dbb90c431d700179904089aa0956e3c71f65c8,data/raw/v2/streetsurfacevis/s_1024/3329215007360819.jpg,103080845264750,1667045828000,
1219160408574096,Normal_asphalt,asphalt,excellent,False,1024,576,True,119398,1ea40947b573bafcc7491615e99c39cc039ba3ae927ebce0d3cfa076c5638b93,data/raw/v2/streetsurfacevis/s_1024/1219160408574096.jpg,100562292188203,1634487850350,
669082354977609,Unpaved_road,unpaved,bad,False,1024,768,True,208143,e11b7d297206e170d115535562b1b7a0a9a8f825a77f146cd7b58f3a61b8ea83,data/raw/v2/streetsurfacevis/s_1024/669082354977609.jpg,103714689364814,1664822120378,
407775781129466,Normal_asphalt,asphalt,excellent,False,1024,768,True,212773,1d5a7b752b9d263f8c5ceefe24bd828e2cb007c1cf2afddc46d6f288ae0b8574,data/raw/v2/streetsurfacevis/s_1024/407775781129466.jpg,107049235329376,1651586190538,
1976637612681896,Normal_asphalt,asphalt,excellent,False,1024,576,True,98860,954f584d2e8a45dc9d24e2e1e41b0d8f220c534197536040124826c969fe1738,data/raw/v2/streetsurfacevis/s_1024/1976637612681896.jpg,103714689364814,1687941758179,
617432029699854,Normal_asphalt,asphalt,excellent,False,1024,573,True,65808,d7bffe2c7e3b366787e2fe5d2f71b96140e35f6d9ecf007f24a1d6905ace4ff8,data/raw/v2/streetsurfacevis/s_1024/617432029699854.jpg,103080845264750,1659259860726,
2899758883645901,Normal_asphalt,asphalt,excellent,False,1024,576,True,111553,416271fcf995061b9ed38a9dc2f6dec348d6e20ec96eaa33e194bb12bd919bd7,data/raw/v2/streetsurfacevis/s_1024/2899758883645901.jpg,100562292188203,1616584513691,
424976669550281,Normal_asphalt,asphalt,excellent,False,1024,576,True,84516,804ec2c3640b459a0918738db0f3287498f6c9fc66676a26220949f9f976d7e3,data/raw/v2/streetsurfacevis/s_1024/424976669550281.jpg,103080845264750,1656769484000,
235335335254509,Normal_asphalt,asphalt,excellent,False,1024,576,True,117613,37ad656701129c3a98eda7997c7cf77fa34aa472999941c671f1418e76d3c5ab,data/raw/v2/streetsurfacevis/s_1024/235335335254509.jpg,100562292188203,1634487864750,
783345562325030,Normal_asphalt,asphalt,excellent,False,1024,576,True,76654,14bcb6b6aa91928a75df66a543eeba5012f19fc627ee50a6f2d9d273d8351ea6,data/raw/v2/streetsurfacevis/s_1024/783345562325030.jpg,100562292188203,1611496175232,
424260226085364,Normal_asphalt,asphalt,excellent,False,1024,576,True,116701,53f2eb028ecc179590bf679d24c17d737c23b0ad33e8897fa86d01bfdbec0553,data/raw/v2/streetsurfacevis/s_1024/424260226085364.jpg,103080845264750,1636798522509,
364248478398834,Normal_asphalt,asphalt,excellent,False,1024,576,True,117346,f62b7dfbfcf1609af1d49262c96badde137a079fccb897472da6a6e23b711139,data/raw/v2/streetsurfacevis/s_1024/364248478398834.jpg,100562292188203,1620060203980,
2013393492157346,Unpaved_road,unpaved,intermediate,False,1024,576,True,131412,80cb1e07b807e49ce3d2aa0d285dc312bdacc996aaab98f3a74f4b3e8b179675,data/raw/v2/streetsurfacevis/s_1024/2013393492157346.jpg,100562292188203,1626356253782,
373517124516992,Normal_asphalt,asphalt,excellent,False,1024,576,True,117384,da5f6a9aaa8e61b69f8f0693382f10f9b365782a1646c69882dd3b34715c7e56,data/raw/v2/streetsurfacevis/s_1024/373517124516992.jpg,100562292188203,1634491469510,
861722868116853,Normal_asphalt,asphalt,excellent,False,1024,768,True,102613,1ae4b5acbf1b0a0ea80e2543ef3516694273a1cfd809facab92a495b57d4708e,data/raw/v2/streetsurfacevis/s_1024/861722868116853.jpg,102609045317136,1653823508000,
2625669101073125,Normal_asphalt,asphalt,excellent,False,1022,453,False,57943,60157cfe4c9aa82d2e2cbc9f09404e1f05ea09319241683c2ce58e7895176502,data/raw/v2/streetsurfacevis/s_1024/2625669101073125.jpg,103080845264750,1696244728000,
999850994018258,Normal_asphalt,asphalt,excellent,False,1024,576,True,69107,a4bc52bd81da8cfb535234cb31e6ac69bf4413bc937248bbe2a6d4c3933da3e8,data/raw/v2/streetsurfacevis/s_1024/999850994018258.jpg,100562292188203,1654802058357,
585297852872809,Normal_asphalt,asphalt,excellent,False,1024,576,True,93010,44ff2c0bc5d6505c7bd6fd1ed1bee952757b6af690ecd7946314356e06d88a7a,data/raw/v2/streetsurfacevis/s_1024/585297852872809.jpg,100562292188203,1612525658560,
4819451448162216,Normal_asphalt,asphalt,excellent,False,1024,573,True,137241,914d20740359aeea5a5f587cbbe4e562991839cb192a8d220c6ec660166f1693,data/raw/v2/streetsurfacevis/s_1024/4819451448162216.jpg,103080845264750,1645877467285,
523550999027739,Normal_asphalt,asphalt,excellent,False,1024,576,True,108358,2a534f1b455b93d47538e0d87aa5d260d97b742aa30ad6dae68f7cd493e9a89a,data/raw/v2/streetsurfacevis/s_1024/523550999027739.jpg,100562292188203,1617988896992,
685693823487159,Normal_asphalt,asphalt,excellent,False,1024,576,True,103413,6b1e86f99941baded1ba6caaeb26352df7045e6bc4160933c03ead916173f349,data/raw/v2/streetsurfacevis/s_1024/685693823487159.jpg,100562292188203,1696502076567,
309538671686020,Normal_asphalt,asphalt,excellent,False,1022,453,False,67810,fbcc52d54ac5ecd6981e620187c5238242188732cb3c70a642c8d63cedad40d7,data/raw/v2/streetsurfacevis/s_1024/309538671686020.jpg,103080845264750,1696248272000,
531443791296055,Normal_asphalt,asphalt,excellent,False,1024,576,True,135090,5f65749462c081bf6c5c5db60fdaa6c328ec6fc641603fa11cfe3718fbf266df,data/raw/v2/streetsurfacevis/s_1024/531443791296055.jpg,100562292188203,1625071745387,
172453691361209,Normal_asphalt,asphalt,excellent,False,1024,576,True,111198,53087af0217da9012e1107497fc660f10d797f67ae6c92548384d8d468475f6f,data/raw/v2/streetsurfacevis/s_1024/172453691361209.jpg,100562292188203,1617793901956,
302053661701836,Unpaved_road,unpaved,very_bad,False,1024,576,True,117925,6bd61fb10ddedbaa8aba57b5168bc454776d1c76c1ddada7499927fde2ff2654,data/raw/v2/streetsurfacevis/s_1024/302053661701836.jpg,100562292188203,1621095130340,
768278854958679,Unpaved_road,unpaved,bad,False,1024,768,True,149440,357274b07ab1d4c2c0db16af5745348398185ce842108a75f8121c623bf314e3,data/raw/v2/streetsurfacevis/s_1024/768278854958679.jpg,103714689364814,1682868006160,
298772228627451,Normal_asphalt,asphalt,excellent,False,1024,768,True,169522,7ab86cf970e7199995b041fbba97ab9fc10e11a32704eed1dc33aa58e8f32343,data/raw/v2/streetsurfacevis/s_1024/298772228627451.jpg,102187028688979,1635700239000,
611719347648251,Unpaved_road,unpaved,bad,False,1024,768,True,203829,1beb1cb75954432932757d68d2f61de3c6b2d3db7c69129056bca5b7c49f91b2,data/raw/v2/streetsurfacevis/s_1024/611719347648251.jpg,103714689364814,1682865474280,
1711908372353625,Normal_asphalt,asphalt,excellent,False,1024,576,True,73692,76c0c413075b7295cca48231c573567e1cfa99809a0ab4b12fbb2a050a0a1cb2,data/raw/v2/streetsurfacevis/s_1024/1711908372353625.jpg,103080845264750,1635423224000,
358195699821922,Normal_asphalt,asphalt,excellent,False,1024,576,True,98102,c6fb6f02b8a8abbd2d236b191c0fe088d37a74e29c9819a23fdc4081bf22185f,data/raw/v2/streetsurfacevis/s_1024/358195699821922.jpg,103080845264750,1658049894000,
809354793804620,Normal_asphalt,asphalt,excellent,False,1024,576,True,79839,4f5875dc333c3dfacd2e4f5eb23a3cbe10e164adb84098f704b6968eed4cff89,data/raw/v2/streetsurfacevis/s_1024/809354793804620.jpg,103714689364814,1687174975842,
860876985070190,Normal_asphalt,asphalt,excellent,False,1024,576,True,166609,d2cff5214ba7ed25e42e5856e132e2d99b57cdda107b71358da88107fc7bbc87,data/raw/v2/streetsurfacevis/s_1024/860876985070190.jpg,100562292188203,1663254405590,
300482938410683,Normal_asphalt,asphalt,excellent,False,1024,576,True,99565,9581d2e3bb671223e53e87934dbc7f3552bad1aeadc5875ea493a11cce43f70f,data/raw/v2/streetsurfacevis/s_1024/300482938410683.jpg,100562292188203,1616584727162,
152730640600025,Normal_asphalt,asphalt,excellent,False,1022,475,False,53758,864abd1834a36b9d54d30fe4080e2f630731170234784146accbe7f79a89e0d1,data/raw/v2/streetsurfacevis/s_1024/152730640600025.jpg,103080845264750,1677164572000,
310745784134112,Normal_asphalt,asphalt,excellent,False,1024,576,True,120766,66046d2220a999c4c7d0e57017c8355dc8959a48c7946be2e65195800afb00dd,data/raw/v2/streetsurfacevis/s_1024/310745784134112.jpg,100562292188203,1621107848238,
152523294419317,Normal_asphalt,asphalt,excellent,False,1024,576,True,140735,987ef47af8a0732f61b4dd789639fc04eef8732f0db8b9ad986f54b72b58d8b6,data/raw/v2/streetsurfacevis/s_1024/152523294419317.jpg,103080845264750,1681130193000,
303366287999275,Unpaved_road,unpaved,bad,False,1024,576,True,143822,f92743f0176390b04167711a17d3992e654d87ce85f79cd6e92d0101cb24d05e,data/raw/v2/streetsurfacevis/s_1024/303366287999275.jpg,100562292188203,1612977717350,
563555448482947,Normal_asphalt,asphalt,excellent,False,1024,576,True,83805,925ac69a777d0833a0bbfd90c0dd943a76756a66cd6d0ed51ffd1930f3577472,data/raw/v2/streetsurfacevis/s_1024/563555448482947.jpg,100562292188203,1654801255232,
1068388274103113,Normal_asphalt,asphalt,excellent,False,1024,576,True,146416,4c1a5fd0e4b38c10fda2f5b4495dede1ef03eb48ba8cf95b93ebf8f3d949c967,data/raw/v2/streetsurfacevis/s_1024/1068388274103113.jpg,103080845264750,1656260065000,
